WindDirection,WindSpeed,AirDensity,WindShear,B1Er1,B1Er2,B1Er3,B1Er4,B1Er5,B1Er6,B2Er1,B2Er2,B2Er3,B2Er4,B2Er5,B2Er6,B3Er1,B3Er2,B3Er3,B3Er4,B3Er5,B3Er6,Alpha,Style
9.93,16.09,1.2968,0.2,0,0,0,0,0,0,0,0,0,0,0,0,0,0,0,0,0,0,0,1
12.15,15.166,1.19696,0.2,0,0,0,0,0,0,0,0,0,0,0,0,0,0,0,0,0,0,0,1
-11.25,22.866,1.41904,0.2,0,0,0,0,0,0,0,0,0,0,0,0,0,0,0,0,0,0,0,1
12.45,9.358,1.16048,0.2,0,0,0,0,0,0,0,0,0,0,0,0,0,0,0,0,0,0,0,1
4.29,10.502,1.30064,0.2,0,0,0,0,0,0,0,0,0,0,0,0,0,0,0,0,0,0,0,1
-12.27,6.014,1.28592,0.2,0,0,0,0,0,0,0,0,0,0,0,0,0,0,0,0,0,0,0,1
-6.39,24.098,1.20848,0.2,0,0,0,0,0,0,0,0,0,0,0,0,0,0,0,0,0,0,0,1
1.41,17.366,1.14256,0.2,0,0,0,0,0,0,0,0,0,0,0,0,0,0,0,0,0,0,0,1
13.35,13.67,1.10672,0.2,0,0,0,0,0,0,0,0,0,0,0,0,0,0,0,0,0,0,0,1
14.19,17.19,1.22384,0.2,0,0,0,0,0,0,0,0,0,0,0,0,0,0,0,0,0,0,0,1
-10.77,15.298,1.15216,0.2,0,0,0,0,0,0,0,0,0,0,0,0,0,0,0,0,0,0,0,1
14.55,17.454,1.33008,0.2,0,0,0,0,0,0,0,0,0,0,0,0,0,0,0,0,0,0,0,1
13.53,15.21,1.20336,0.2,0,0,0,0,0,0,0,0,0,0,0,0,0,0,0,0,0,0,0,1
-0.0299999999999994,19.17,1.36912,0.2,0,0,0,0,0,0,0,0,0,0,0,0,0,0,0,0,0,0,0,1
9.69,14.55,1.33456,0.2,0,0,0,0,0,0,0,0,0,0,0,0,0,0,0,0,0,0,0,1
-11.13,24.89,1.27248,0.2,0,0,0,0,0,0,0,0,0,0,0,0,0,0,0,0,0,0,0,1
-2.85,8.698,1.14832,0.2,0,0,0,0,0,0,0,0,0,0,0,0,0,0,0,0,0,0,0,1
12.93,5.53,1.40624,0.2,0,0,0,0,0,0,0,0,0,0,0,0,0,0,0,0,0,0,0,1
8.79,5.618,1.17008,0.2,0,0,0,0,0,0,0,0,0,0,0,0,0,0,0,0,0,0,0,1
14.49,4.386,1.39408,0.2,0,0,0,0,0,0,0,0,0,0,0,0,0,0,0,0,0,0,0,1
4.95,12.218,1.15984,0.2,0,0,0,0,0,0,0,0,0,0,0,0,0,0,0,0,0,0,0,1
-14.37,13.274,1.20464,0.2,0,0,0,0,0,0,0,0,0,0,0,0,0,0,0,0,0,0,0,1
10.65,11.382,1.12528,0.2,0,0,0,0,0,0,0,0,0,0,0,0,0,0,0,0,0,0,0,1
13.11,20.534,1.29744,0.2,0,0,0,0,0,0,0,0,0,0,0,0,0,0,0,0,0,0,0,1
5.79,16.882,1.15024,0.2,0,0,0,0,0,0,0,0,0,0,0,0,0,0,0,0,0,0,0,1
8.01,20.842,1.11248,0.2,0,0,0,0,0,0,0,0,0,0,0,0,0,0,0,0,0,0,0,1
8.07,23.878,1.32944,0.2,0,0,0,0,0,0,0,0,0,0,0,0,0,0,0,0,0,0,0,1
-3.33,24.45,1.19312,0.2,0,0,0,0,0,0,0,0,0,0,0,0,0,0,0,0,0,0,0,1
5.31,7.906,1.30384,0.2,0,0,0,0,0,0,0,0,0,0,0,0,0,0,0,0,0,0,0,1
-10.17,6.63,1.2072,0.2,0,0,0,0,0,0,0,0,0,0,0,0,0,0,0,0,0,0,0,1
7.23,18.73,1.29488,0.2,0,0,0,0,0,0,0,0,0,0,0,0,0,0,0,0,0,0,0,1
-14.61,5.002,1.10608,0.2,0,0,0,0,0,0,0,0,0,0,0,0,0,0,0,0,0,0,0,1
-5.91,14.682,1.39024,0.2,0,0,0,0,0,0,0,0,0,0,0,0,0,0,0,0,0,0,0,1
-13.59,14.77,1.3512,0.2,0,0,0,0,0,0,0,0,0,0,0,0,0,0,0,0,0,0,0,1
-12.09,22.558,1.33712,0.2,0,0,0,0,0,0,0,0,0,0,0,0,0,0,0,0,0,0,0,1
10.59,13.846,1.35632,0.2,0,0,0,0,0,0,0,0,0,0,0,0,0,0,0,0,0,0,0,1
6.27,11.778,1.20656,0.2,0,0,0,0,0,0,0,0,0,0,0,0,0,0,0,0,0,0,0,1
-5.25,18.07,1.28912,0.2,0,0,0,0,0,0,0,0,0,0,0,0,0,0,0,0,0,0,0,1
13.65,19.83,1.2744,0.2,0,0,0,0,0,0,0,0,0,0,0,0,0,0,0,0,0,0,0,1
-14.25,14.462,1.25712,0.2,0,0,0,0,0,0,0,0,0,0,0,0,0,0,0,0,0,0,0,1
-1.89,11.074,1.17328,0.2,0,0,0,0,0,0,0,0,0,0,0,0,0,0,0,0,0,0,0,1
-3.87,6.85,1.16816,0.2,0,0,0,0,0,0,0,0,0,0,0,0,0,0,0,0,0,0,0,1
8.37,16.266,1.23472,0.2,0,0,0,0,0,0,0,0,0,0,0,0,0,0,0,0,0,0,0,1
8.91,9.27,1.16176,0.2,0,0,0,0,0,0,0,0,0,0,0,0,0,0,0,0,0,0,0,1
-9.03,3.638,1.35312,0.2,0,0,0,0,0,0,0,0,0,0,0,0,0,0,0,0,0,0,0,1
0.57,20.27,1.41456,0.2,0,0,0,0,0,0,0,0,0,0,0,0,0,0,0,0,0,0,0,1
-1.83,9.006,1.108,0.2,0,0,0,0,0,0,0,0,0,0,0,0,0,0,0,0,0,0,0,1
4.65,13.098,1.25968,0.2,0,0,0,0,0,0,0,0,0,0,0,0,0,0,0,0,0,0,0,1
6.69,18.554,1.12464,0.2,0,0,0,0,0,0,0,0,0,0,0,0,0,0,0,0,0,0,0,1
8.49,11.206,1.35248,0.2,0,0,0,0,0,0,0,0,0,0,0,0,0,0,0,0,0,0,0,1
-5.85,19.654,1.41712,0.2,0,0,0,0,0,0,0,0,0,0,0,0,0,0,0,0,0,0,0,1
5.85,11.822,1.11888,0.2,0,0,0,0,0,0,0,0,0,0,0,0,0,0,0,0,0,0,0,1
5.67,18.334,1.40048,0.2,0,0,0,0,0,0,0,0,0,0,0,0,0,0,0,0,0,0,0,1
-10.71,18.95,1.10288,0.2,0,0,0,0,0,0,0,0,0,0,0,0,0,0,0,0,0,0,0,1
-11.67,13.054,1.31536,0.2,0,0,0,0,0,0,0,0,0,0,0,0,0,0,0,0,0,0,0,1
0.690000000000001,3.242,1.34672,0.2,0,0,0,0,0,0,0,0,0,0,0,0,0,0,0,0,0,0,0,1
14.13,10.766,1.25904,0.2,0,0,0,0,0,0,0,0,0,0,0,0,0,0,0,0,0,0,0,1
-4.47,12.614,1.38064,0.2,0,0,0,0,0,0,0,0,0,0,0,0,0,0,0,0,0,0,0,1
3.15,9.446,1.38704,0.2,0,0,0,0,0,0,0,0,0,0,0,0,0,0,0,0,0,0,0,1
-8.49,8.082,1.29424,0.2,0,0,0,0,0,0,0,0,0,0,0,0,0,0,0,0,0,0,0,1
7.65,21.854,1.14064,0.2,0,0,0,0,0,0,0,0,0,0,0,0,0,0,0,0,0,0,0,1
-7.53,12.746,1.15856,0.2,0,0,0,0,0,0,0,0,0,0,0,0,0,0,0,0,0,0,0,1
0.27,23.042,1.15152,0.2,0,0,0,0,0,0,0,0,0,0,0,0,0,0,0,0,0,0,0,1
6.39,11.734,1.10928,0.2,0,0,0,0,0,0,0,0,0,0,0,0,0,0,0,0,0,0,0,1
11.43,20.798,1.1304,0.2,0,0,0,0,0,0,0,0,0,0,0,0,0,0,0,0,0,0,0,1
14.07,11.954,1.28848,0.2,0,0,0,0,0,0,0,0,0,0,0,0,0,0,0,0,0,0,0,1
2.25,21.678,1.40176,0.2,0,0,0,0,0,0,0,0,0,0,0,0,0,0,0,0,0,0,0,1
-11.31,20.226,1.19568,0.2,0,0,0,0,0,0,0,0,0,0,0,0,0,0,0,0,0,0,0,1
-11.07,11.558,1.22064,0.2,0,0,0,0,0,0,0,0,0,0,0,0,0,0,0,0,0,0,0,1
-6.63,8.654,1.41328,0.2,0,0,0,0,0,0,0,0,0,0,0,0,0,0,0,0,0,0,0,1
11.25,21.414,1.40432,0.2,0,0,0,0,0,0,0,0,0,0,0,0,0,0,0,0,0,0,0,1
-7.29,24.23,1.31344,0.2,0,0,0,0,0,0,0,0,0,0,0,0,0,0,0,0,0,0,0,1
10.17,10.678,1.41648,0.2,0,0,0,0,0,0,0,0,0,0,0,0,0,0,0,0,0,0,0,1
-7.41,18.026,1.34288,0.2,0,0,0,0,0,0,0,0,0,0,0,0,0,0,0,0,0,0,0,1
12.87,12.922,1.18864,0.2,0,0,0,0,0,0,0,0,0,0,0,0,0,0,0,0,0,0,0,1
-4.35,22.118,1.30512,0.2,0,0,0,0,0,0,0,0,0,0,0,0,0,0,0,0,0,0,0,1
-9.21,20.622,1.16624,0.2,0,0,0,0,0,0,0,0,0,0,0,0,0,0,0,0,0,0,0,1
-7.77,7.246,1.1784,0.2,0,0,0,0,0,0,0,0,0,0,0,0,0,0,0,0,0,0,0,1
3.87,22.602,1.31472,0.2,0,0,0,0,0,0,0,0,0,0,0,0,0,0,0,0,0,0,0,1
-0.33,24.846,1.25648,0.2,0,0,0,0,0,0,0,0,0,0,0,0,0,0,0,0,0,0,0,1
-4.23,14.374,1.22128,0.2,0,0,0,0,0,0,0,0,0,0,0,0,0,0,0,0,0,0,0,1
10.71,22.998,1.28528,0.2,0,0,0,0,0,0,0,0,0,0,0,0,0,0,0,0,0,0,0,1
2.91,16.31,1.33904,0.2,0,0,0,0,0,0,0,0,0,0,0,0,0,0,0,0,0,0,0,1
2.07,7.026,1.27696,0.2,0,0,0,0,0,0,0,0,0,0,0,0,0,0,0,0,0,0,0,1
12.81,8.126,1.26416,0.2,0,0,0,0,0,0,0,0,0,0,0,0,0,0,0,0,0,0,0,1
-6.03,12.35,1.2776,0.2,0,0,0,0,0,0,0,0,0,0,0,0,0,0,0,0,0,0,0,1
8.31,20.094,1.25136,0.2,0,0,0,0,0,0,0,0,0,0,0,0,0,0,0,0,0,0,0,1
7.71,21.986,1.12208,0.2,0,0,0,0,0,0,0,0,0,0,0,0,0,0,0,0,0,0,0,1
-3.39,21.326,1.3256,0.2,0,0,0,0,0,0,0,0,0,0,0,0,0,0,0,0,0,0,0,1
2.61,10.546,1.41776,0.2,0,0,0,0,0,0,0,0,0,0,0,0,0,0,0,0,0,0,0,1
-13.47,14.99,1.19632,0.2,0,0,0,0,0,0,0,0,0,0,0,0,0,0,0,0,0,0,0,1
-13.23,4.914,1.40816,0.2,0,0,0,0,0,0,0,0,0,0,0,0,0,0,0,0,0,0,0,1
1.05,5.794,1.19184,0.2,0,0,0,0,0,0,0,0,0,0,0,0,0,0,0,0,0,0,0,1
9.15,6.586,1.38192,0.2,0,0,0,0,0,0,0,0,0,0,0,0,0,0,0,0,0,0,0,1
12.99,18.158,1.23728,0.2,0,0,0,0,0,0,0,0,0,0,0,0,0,0,0,0,0,0,0,1
-11.49,14.11,1.22256,0.2,0,0,0,0,0,0,0,0,0,0,0,0,0,0,0,0,0,0,0,1
2.01,7.862,1.15792,0.2,0,0,0,0,0,0,0,0,0,0,0,0,0,0,0,0,0,0,0,1
-1.11,14.066,1.13744,0.2,0,0,0,0,0,0,0,0,0,0,0,0,0,0,0,0,0,0,0,1
-14.79,6.806,1.18224,0.2,0,0,0,0,0,0,0,0,0,0,0,0,0,0,0,0,0,0,0,1
-4.83,4.034,1.33072,0.2,0,0,0,0,0,0,0,0,0,0,0,0,0,0,0,0,0,0,0,1
-10.41,22.294,1.34736,0.2,0.0160778451103475,0.0488156911315063,0.0955470492787214,0.147936781965989,0.188796370551946,0.221670790578477,0.0160778451103475,0.0488156911315063,0.0955470492787214,0.147936781965989,0.188796370551946,0.221670790578477,0.0160778451103475,0.0488156911315063,0.0955470492787214,0.147936781965989,0.188796370551946,0.221670790578477,0.25,1
9.33,15.738,1.31728,0.2,0.0160027613867539,0.0550789692325542,0.0925109283305197,0.132289392186712,0.189319057718608,0.251636038781505,0.0160027613867539,0.0550789692325542,0.0925109283305197,0.132289392186712,0.189319057718608,0.251636038781505,0.0160027613867539,0.0550789692325542,0.0925109283305197,0.132289392186712,0.189319057718608,0.251636038781505,0.25,1
-5.73,23.702,1.10096,0.2,0.0217090446970591,0.0622030014198247,0.097646083659129,0.140862586278238,0.175184903775955,0.230749717544984,0.0217090446970591,0.0622030014198247,0.097646083659129,0.140862586278238,0.175184903775955,0.230749717544984,0.0217090446970591,0.0622030014198247,0.097646083659129,0.140862586278238,0.175184903775955,0.230749717544984,0.25,1
1.47,18.818,1.36976,0.2,0.0186655945720386,0.0668044067018629,0.111964523575352,0.151761529978974,0.189941171868073,0.23622789152565,0.0186655945720386,0.0668044067018629,0.111964523575352,0.151761529978974,0.189941171868073,0.23622789152565,0.0186655945720386,0.0668044067018629,0.111964523575352,0.151761529978974,0.189941171868073,0.23622789152565,0.25,1
-9.99,16.134,1.3928,0.2,0.0170828979102841,0.0534948294865578,0.0975878287488057,0.150118095356684,0.182307588721146,0.225024276319847,0.0170828979102841,0.0534948294865578,0.0975878287488057,0.150118095356684,0.182307588721146,0.225024276319847,0.0170828979102841,0.0534948294865578,0.0975878287488057,0.150118095356684,0.182307588721146,0.225024276319847,0.25,1
3.39,21.766,1.34416,0.2,0.015807975728042,0.0512706874063222,0.0937346815829822,0.143272783556953,0.181396369978527,0.222911128947879,0.015807975728042,0.0512706874063222,0.0937346815829822,0.143272783556953,0.181396369978527,0.222911128947879,0.015807975728042,0.0512706874063222,0.0937346815829822,0.143272783556953,0.181396369978527,0.222911128947879,0.25,1
-7.11,22.91,1.11056,0.2,0.0195740824265134,0.0536687656240614,0.117075758519268,0.155642527370636,0.201080203872201,0.248508692137366,0.0195740824265134,0.0536687656240614,0.117075758519268,0.155642527370636,0.201080203872201,0.248508692137366,0.0195740824265134,0.0536687656240614,0.117075758519268,0.155642527370636,0.201080203872201,0.248508692137366,0.25,1
4.71,24.758,1.20592,0.2,0.0182320902515501,0.045031895224853,0.0839810836079946,0.124328529075677,0.150081151861696,0.188898810520672,0.0182320902515501,0.045031895224853,0.0839810836079946,0.124328529075677,0.150081151861696,0.188898810520672,0.0182320902515501,0.045031895224853,0.0839810836079946,0.124328529075677,0.150081151861696,0.188898810520672,0.25,1
6.63,3.066,1.32048,0.2,0.0136377961882324,0.0534973002632573,0.0949460010806548,0.15056918408519,0.191468858576643,0.233165640786772,0.0136377961882324,0.0534973002632573,0.0949460010806548,0.15056918408519,0.191468858576643,0.233165640786772,0.0136377961882324,0.0534973002632573,0.0949460010806548,0.15056918408519,0.191468858576643,0.233165640786772,0.25,1
8.19,22.69,1.332,0.2,0.0160365854868621,0.0423334926338778,0.0806663610978761,0.117838417452371,0.149284644356446,0.178897347865133,0.0160365854868621,0.0423334926338778,0.0806663610978761,0.117838417452371,0.149284644356446,0.178897347865133,0.0160365854868621,0.0423334926338778,0.0806663610978761,0.117838417452371,0.149284644356446,0.178897347865133,0.25,1
-1.47,16.618,1.16112,0.2,0.0228648470025416,0.0579419809736407,0.100589798363023,0.146762343357367,0.193499059089997,0.234886722655368,0.0228648470025416,0.0579419809736407,0.100589798363023,0.146762343357367,0.193499059089997,0.234886722655368,0.0228648470025416,0.0579419809736407,0.100589798363023,0.146762343357367,0.193499059089997,0.234886722655368,0.25,1
-13.11,24.802,1.17136,0.2,0.0176082440791167,0.053039941663391,0.0875165779675687,0.117727490752001,0.134621151127495,0.174499857911054,0.0176082440791167,0.053039941663391,0.0875165779675687,0.117727490752001,0.134621151127495,0.174499857911054,0.0176082440791167,0.053039941663391,0.0875165779675687,0.117727490752001,0.134621151127495,0.174499857911054,0.25,1
-8.25,14.726,1.31088,0.2,0.0141040020684351,0.055612529372209,0.102074077019834,0.133331288001107,0.149650575260632,0.206419879420851,0.0141040020684351,0.055612529372209,0.102074077019834,0.133331288001107,0.149650575260632,0.206419879420851,0.0141040020684351,0.055612529372209,0.102074077019834,0.133331288001107,0.149650575260632,0.206419879420851,0.25,1
12.57,13.714,1.24112,0.2,0.0160635058406625,0.0386328237815909,0.0917672131091891,0.139720813603996,0.197125667997004,0.268584783516895,0.0160635058406625,0.0386328237815909,0.0917672131091891,0.139720813603996,0.197125667997004,0.268584783516895,0.0160635058406625,0.0386328237815909,0.0917672131091891,0.139720813603996,0.197125667997004,0.268584783516895,0.25,1
-10.65,21.59,1.29296,0.2,0.0168887414817689,0.058574208443777,0.0976255423030008,0.141972393565566,0.178503045297193,0.24228659353961,0.0168887414817689,0.058574208443777,0.0976255423030008,0.141972393565566,0.178503045297193,0.24228659353961,0.0168887414817689,0.058574208443777,0.0976255423030008,0.141972393565566,0.178503045297193,0.24228659353961,0.25,1
10.29,8.742,1.16432,0.2,0.0188534581388796,0.0529253478365803,0.0908080344121376,0.13941499971488,0.156446608829469,0.220448897181018,0.0188534581388796,0.0529253478365803,0.0908080344121376,0.13941499971488,0.156446608829469,0.220448897181018,0.0188534581388796,0.0529253478365803,0.0908080344121376,0.13941499971488,0.156446608829469,0.220448897181018,0.25,1
1.11,14.154,1.14896,0.2,0.0173420703544594,0.0475018223886799,0.0818781018902986,0.114856556215636,0.13539632338848,0.195657150125388,0.0173420703544594,0.0475018223886799,0.0818781018902986,0.114856556215636,0.13539632338848,0.195657150125388,0.0173420703544594,0.0475018223886799,0.0818781018902986,0.114856556215636,0.13539632338848,0.195657150125388,0.25,1
14.97,23.438,1.3608,0.2,0.0178080561949763,0.054609499107655,0.0894153331253158,0.137548557354043,0.175367683794632,0.232872244967103,0.0178080561949763,0.054609499107655,0.0894153331253158,0.137548557354043,0.175367683794632,0.232872244967103,0.0178080561949763,0.054609499107655,0.0894153331253158,0.137548557354043,0.175367683794632,0.232872244967103,0.25,1
-12.81,15.914,1.34352,0.2,0.0175975042085714,0.0556724682831616,0.0810171595482698,0.121018888404309,0.163372714541459,0.224909351786505,0.0175975042085714,0.0556724682831616,0.0810171595482698,0.121018888404309,0.163372714541459,0.224909351786505,0.0175975042085714,0.0556724682831616,0.0810171595482698,0.121018888404309,0.163372714541459,0.224909351786505,0.25,1
-1.23,22.25,1.39792,0.2,0.0159360274977929,0.0507137830113737,0.0890227318657784,0.127383960691126,0.169950000950016,0.209731730953633,0.0159360274977929,0.0507137830113737,0.0890227318657784,0.127383960691126,0.169950000950016,0.209731730953633,0.0159360274977929,0.0507137830113737,0.0890227318657784,0.127383960691126,0.169950000950016,0.209731730953633,0.25,1
-12.45,19.61,1.13104,0.2,0.0196965243985425,0.0487682890807368,0.0804660369651171,0.135363688874573,0.186694482869029,0.249447732020679,0.0196965243985425,0.0487682890807368,0.0804660369651171,0.135363688874573,0.186694482869029,0.249447732020679,0.0196965243985425,0.0487682890807368,0.0804660369651171,0.135363688874573,0.186694482869029,0.249447732020679,0.25,1
13.89,16.178,1.15088,0.2,0.0169850481331445,0.0601622888645729,0.108145859429962,0.159879433274626,0.20133828582676,0.231915820478852,0.0169850481331445,0.0601622888645729,0.108145859429962,0.159879433274626,0.20133828582676,0.231915820478852,0.0169850481331445,0.0601622888645729,0.108145859429962,0.159879433274626,0.20133828582676,0.231915820478852,0.25,1
-14.97,9.094,1.12848,0.2,0.016812040850134,0.0547568442775853,0.0944754804835345,0.111521076840045,0.148722141472477,0.207838498118351,0.016812040850134,0.0547568442775853,0.0944754804835345,0.111521076840045,0.148722141472477,0.207838498118351,0.016812040850134,0.0547568442775853,0.0944754804835345,0.111521076840045,0.148722141472477,0.207838498118351,0.25,1
8.61,17.894,1.24368,0.2,0.0179727337271468,0.0511333339059413,0.0900924787206451,0.132191773828141,0.182577262823543,0.220865801239488,0.0179727337271468,0.0511333339059413,0.0900924787206451,0.132191773828141,0.182577262823543,0.220865801239488,0.0179727337271468,0.0511333339059413,0.0900924787206451,0.132191773828141,0.182577262823543,0.220865801239488,0.25,1
9.63,4.606,1.15408,0.2,0.017510966965189,0.0607017348581959,0.109719882735839,0.139622451487975,0.19966928321367,0.234634491266426,0.017510966965189,0.0607017348581959,0.109719882735839,0.139622451487975,0.19966928321367,0.234634491266426,0.017510966965189,0.0607017348581959,0.109719882735839,0.139622451487975,0.19966928321367,0.234634491266426,0.25,1
11.67,16.926,1.38448,0.2,0.0167095820737956,0.0555445573212333,0.0804140361387138,0.115970468696273,0.155188369514591,0.1995362473782,0.0167095820737956,0.0555445573212333,0.0804140361387138,0.115970468696273,0.155188369514591,0.1995362473782,0.0167095820737956,0.0555445573212333,0.0804140361387138,0.115970468696273,0.155188369514591,0.1995362473782,0.25,1
-13.17,17.762,1.12784,0.2,0.0178530508686104,0.0481082385661375,0.0892815355815274,0.122188099944931,0.158347208979567,0.18993211535914,0.0178530508686104,0.0481082385661375,0.0892815355815274,0.122188099944931,0.158347208979567,0.18993211535914,0.0178530508686104,0.0481082385661375,0.0892815355815274,0.122188099944931,0.158347208979567,0.18993211535914,0.25,1
-3.45,19.346,1.1112,0.2,0.021354024359421,0.0611714889665815,0.0909873024518337,0.144257147997495,0.1941773383989,0.243860585324467,0.021354024359421,0.0611714889665815,0.0909873024518337,0.144257147997495,0.1941773383989,0.243860585324467,0.021354024359421,0.0611714889665815,0.0909873024518337,0.144257147997495,0.1941773383989,0.243860585324467,0.25,1
-6.93,23.174,1.26736,0.2,0.018583210600291,0.0460412713956158,0.0797451684367605,0.13062895767962,0.164662430596449,0.231193899553858,0.018583210600291,0.0460412713956158,0.0797451684367605,0.13062895767962,0.164662430596449,0.231193899553858,0.018583210600291,0.0460412713956158,0.0797451684367605,0.13062895767962,0.164662430596449,0.231193899553858,0.25,1
9.57,24.538,1.3448,0.2,0.016474137898626,0.0479192737977747,0.0886674349481229,0.132961275464382,0.155644660940484,0.20167698109658,0.016474137898626,0.0479192737977747,0.0886674349481229,0.132961275464382,0.155644660940484,0.20167698109658,0.016474137898626,0.0479192737977747,0.0886674349481229,0.132961275464382,0.155644660940484,0.20167698109658,0.25,1
-2.19,20.754,1.18288,0.2,0.016096095815683,0.0538548200138713,0.0993128475551431,0.144578325301602,0.181759435653798,0.237776093047027,0.016096095815683,0.0538548200138713,0.0993128475551431,0.144578325301602,0.181759435653798,0.237776093047027,0.016096095815683,0.0538548200138713,0.0993128475551431,0.144578325301602,0.181759435653798,0.237776093047027,0.25,1
12.09,16.046,1.1496,0.2,0.017207834087305,0.0562358328160055,0.088253299414792,0.130954117922481,0.1723326890844,0.224645144356675,0.017207834087305,0.0562358328160055,0.088253299414792,0.130954117922481,0.1723326890844,0.224645144356675,0.017207834087305,0.0562358328160055,0.088253299414792,0.130954117922481,0.1723326890844,0.224645144356675,0.25,1
-9.87,23.746,1.18928,0.2,0.0148506808890774,0.0522785414284788,0.0952904461768507,0.140536391607678,0.180775128997575,0.247592252476522,0.0148506808890774,0.0522785414284788,0.0952904461768507,0.140536391607678,0.180775128997575,0.247592252476522,0.0148506808890774,0.0522785414284788,0.0952904461768507,0.140536391607678,0.180775128997575,0.247592252476522,0.25,1
-6.81,15.958,1.15728,0.2,0.0208476013088809,0.0474262224987893,0.0970376291252928,0.138319021792824,0.164572275219505,0.211369269437176,0.0208476013088809,0.0474262224987893,0.0970376291252928,0.138319021792824,0.164572275219505,0.211369269437176,0.0208476013088809,0.0474262224987893,0.0970376291252928,0.138319021792824,0.164572275219505,0.211369269437176,0.25,1
-11.01,3.198,1.25072,0.2,0.0179890897369267,0.0590782677281078,0.0907996920629864,0.127193873668749,0.158893233844469,0.212697352843637,0.0179890897369267,0.0590782677281078,0.0907996920629864,0.127193873668749,0.158893233844469,0.212697352843637,0.0179890897369267,0.0590782677281078,0.0907996920629864,0.127193873668749,0.158893233844469,0.212697352843637,0.25,1
-10.83,6.058,1.38896,0.2,0.0155780379522547,0.0591450401862026,0.0900145514559943,0.133023772092485,0.163997439733221,0.248920470519552,0.0155780379522547,0.0591450401862026,0.0900145514559943,0.133023772092485,0.163997439733221,0.248920470519552,0.0155780379522547,0.0591450401862026,0.0900145514559943,0.133023772092485,0.163997439733221,0.248920470519552,0.25,1
11.49,22.646,1.29552,0.2,0.0178416097576817,0.0607535576483246,0.0989120379452093,0.133935966380135,0.18233683271379,0.248179653157312,0.0178416097576817,0.0607535576483246,0.0989120379452093,0.133935966380135,0.18233683271379,0.248179653157312,0.0178416097576817,0.0607535576483246,0.0989120379452093,0.133935966380135,0.18233683271379,0.248179653157312,0.25,1
2.19,13.758,1.12976,0.2,0.0150842102207986,0.0491642188580648,0.0928200805970037,0.128032349830872,0.165284714395107,0.201804565067996,0.0150842102207986,0.0491642188580648,0.0928200805970037,0.128032349830872,0.165284714395107,0.201804565067996,0.0150842102207986,0.0491642188580648,0.0928200805970037,0.128032349830872,0.165284714395107,0.201804565067996,0.25,1
1.89,22.206,1.21232,0.2,0.0186556039465602,0.0533934359863409,0.0918143769988617,0.127754517305595,0.173434870928321,0.239639558704084,0.0186556039465602,0.0533934359863409,0.0918143769988617,0.127754517305595,0.173434870928321,0.239639558704084,0.0186556039465602,0.0533934359863409,0.0918143769988617,0.127754517305595,0.173434870928321,0.239639558704084,0.25,1
-11.37,8.434,1.11504,0.2,0.0173090816336482,0.048903630891178,0.0812970807629196,0.119356341034887,0.165202895098262,0.203020705085072,0.0173090816336482,0.048903630891178,0.0812970807629196,0.119356341034887,0.165202895098262,0.203020705085072,0.0173090816336482,0.048903630891178,0.0812970807629196,0.119356341034887,0.165202895098262,0.203020705085072,0.25,1
11.07,15.474,1.24688,0.2,0.0177030458556653,0.0558579485930902,0.0951548656742192,0.133585631608872,0.169756988971784,0.219274947036463,0.0177030458556653,0.0558579485930902,0.0951548656742192,0.133585631608872,0.169756988971784,0.219274947036463,0.0177030458556653,0.0558579485930902,0.0951548656742192,0.133585631608872,0.169756988971784,0.219274947036463,0.25,1
3.75,16.97,1.22704,0.2,0.0182668775582726,0.0563908274098808,0.0963296753296603,0.158720823837693,0.175465189492359,0.227516317452352,0.0182668775582726,0.0563908274098808,0.0963296753296603,0.158720823837693,0.175465189492359,0.227516317452352,0.0182668775582726,0.0563908274098808,0.0963296753296603,0.158720823837693,0.175465189492359,0.227516317452352,0.25,1
-3.81,3.462,1.41968,0.2,0.0191339992532517,0.0518745099974429,0.0868770132365625,0.1138384905065,0.15647150467444,0.219772038233288,0.0191339992532517,0.0518745099974429,0.0868770132365625,0.1138384905065,0.15647150467444,0.219772038233288,0.0191339992532517,0.0518745099974429,0.0868770132365625,0.1138384905065,0.15647150467444,0.219772038233288,0.25,1
0.99,16.706,1.35568,0.2,0.0162014408394469,0.0579444409005454,0.087813188245644,0.115857131232646,0.162000089135174,0.206885929812127,0.0162014408394469,0.0579444409005454,0.087813188245644,0.115857131232646,0.162000089135174,0.206885929812127,0.0162014408394469,0.0579444409005454,0.087813188245644,0.115857131232646,0.162000089135174,0.206885929812127,0.25,1
-3.03,11.338,1.2424,0.2,0.0150427251697042,0.0565195640473083,0.0984785012199211,0.139223673819385,0.169110002687349,0.225666522204687,0.0150427251697042,0.0565195640473083,0.0984785012199211,0.139223673819385,0.169110002687349,0.225666522204687,0.0150427251697042,0.0565195640473083,0.0984785012199211,0.139223673819385,0.169110002687349,0.225666522204687,0.25,1
-12.75,3.77,1.38384,0.2,0.0174458283263253,0.057734496053685,0.0962414534709351,0.133979390314864,0.171948103197078,0.246697444947336,0.0174458283263253,0.057734496053685,0.0962414534709351,0.133979390314864,0.171948103197078,0.246697444947336,0.0174458283263253,0.057734496053685,0.0962414534709351,0.133979390314864,0.171948103197078,0.246697444947336,0.25,1
-8.37,13.934,1.13936,0.2,0.0161782739289687,0.0492269697741993,0.0851868663616395,0.117154019677563,0.151225736517814,0.174447366927483,0.0161782739289687,0.0492269697741993,0.0851868663616395,0.117154019677563,0.151225736517814,0.174447366927483,0.0161782739289687,0.0492269697741993,0.0851868663616395,0.117154019677563,0.151225736517814,0.174447366927483,0.25,1
-11.79,7.95,1.2104,0.2,0.0183781860461618,0.0482262824178416,0.0819724432235176,0.123996015958542,0.182089895720045,0.21789372948909,0.0183781860461618,0.0482262824178416,0.0819724432235176,0.123996015958542,0.182089895720045,0.21789372948909,0.0183781860461618,0.0482262824178416,0.0819724432235176,0.123996015958542,0.182089895720045,0.21789372948909,0.25,1
-9.09,6.102,1.39472,0.2,0.0143593662224358,0.0548465976264707,0.0897293846312306,0.13544938097338,0.173877591737736,0.240793089780548,0.0143593662224358,0.0548465976264707,0.0897293846312306,0.13544938097338,0.173877591737736,0.240793089780548,0.0143593662224358,0.0548465976264707,0.0897293846312306,0.13544938097338,0.173877591737736,0.240793089780548,0.25,1
-7.47,8.214,1.39216,0.2,0.0191425677632393,0.0634148130013894,0.0948110865611509,0.121548041075582,0.161532089013074,0.206959323097207,0.0191425677632393,0.0634148130013894,0.0948110865611509,0.121548041075582,0.161532089013074,0.206959323097207,0.0191425677632393,0.0634148130013894,0.0948110865611509,0.121548041075582,0.161532089013074,0.206959323097207,0.25,1
-2.61,6.762,1.3224,0.2,0.0181691278311261,0.0482838476747185,0.0789059035049521,0.113936701893396,0.141649903189688,0.192007316985959,0.0181691278311261,0.0482838476747185,0.0789059035049521,0.113936701893396,0.141649903189688,0.192007316985959,0.0181691278311261,0.0482838476747185,0.0789059035049521,0.113936701893396,0.141649903189688,0.192007316985959,0.25,1
-13.77,7.818,1.2904,0.2,0.0156694161130541,0.0411936663310094,0.0899525145004816,0.117251575719431,0.148168833868967,0.211987092881159,0.0156694161130541,0.0411936663310094,0.0899525145004816,0.117251575719431,0.148168833868967,0.211987092881159,0.0156694161130541,0.0411936663310094,0.0899525145004816,0.117251575719431,0.148168833868967,0.211987092881159,0.25,1
11.85,3.594,1.19056,0.2,0.0170697236148073,0.0614346913399131,0.0978723236667163,0.136616846613215,0.159555690358306,0.240095357697172,0.0170697236148073,0.0614346913399131,0.0978723236667163,0.136616846613215,0.159555690358306,0.240095357697172,0.0170697236148073,0.0614346913399131,0.0978723236667163,0.136616846613215,0.159555690358306,0.240095357697172,0.25,1
13.95,17.146,1.39856,0.2,0.0191060538388774,0.0555380329318743,0.0805643488714849,0.120443224255903,0.167453532376473,0.199653726740173,0.0191060538388774,0.0555380329318743,0.0805643488714849,0.120443224255903,0.167453532376473,0.199653726740173,0.0191060538388774,0.0555380329318743,0.0805643488714849,0.120443224255903,0.167453532376473,0.199653726740173,0.25,1
-0.15,9.578,1.1368,0.2,0.0219065993760702,0.064577867416009,0.0986158497639506,0.142641314073574,0.187127451696653,0.222875510563613,0.0219065993760702,0.064577867416009,0.0986158497639506,0.142641314073574,0.187127451696653,0.222875510563613,0.0219065993760702,0.064577867416009,0.0986158497639506,0.142641314073574,0.187127451696653,0.222875510563613,0.25,1
0.0899999999999999,15.078,1.33264,0.2,0.0170100517509353,0.0590372456068515,0.105552365322389,0.133352151633121,0.161713177476709,0.209091262386784,0.0170100517509353,0.0590372456068515,0.105552365322389,0.133352151633121,0.161713177476709,0.209091262386784,0.0170100517509353,0.0590372456068515,0.105552365322389,0.133352151633121,0.161713177476709,0.209091262386784,0.25,1
-4.95,18.686,1.29872,0.2,0.0200652455777142,0.0504142215663075,0.0846652512657683,0.126178506525991,0.197130947339219,0.248501155663881,0.0200652455777142,0.0504142215663075,0.0846652512657683,0.126178506525991,0.197130947339219,0.248501155663881,0.0200652455777142,0.0504142215663075,0.0846652512657683,0.126178506525991,0.197130947339219,0.248501155663881,0.25,1
12.33,14.242,1.36272,0.2,0.0161117384827956,0.0508368069267529,0.103189073952555,0.140629411876785,0.188980428694553,0.239745907170544,0.0161117384827956,0.0508368069267529,0.103189073952555,0.140629411876785,0.188980428694553,0.239745907170544,0.0161117384827956,0.0508368069267529,0.103189073952555,0.140629411876785,0.188980428694553,0.239745907170544,0.25,1
-4.11,15.034,1.21488,0.2,0.0179937138111568,0.0504871296758348,0.0830563492143929,0.135056849463213,0.178859640987311,0.224743096948986,0.0179937138111568,0.0504871296758348,0.0830563492143929,0.135056849463213,0.178859640987311,0.224743096948986,0.0179937138111568,0.0504871296758348,0.0830563492143929,0.135056849463213,0.178859640987311,0.224743096948986,0.25,1
-11.73,13.23,1.3384,0.2,0.0172631902585983,0.0550834415407236,0.0877745977609202,0.129120796504741,0.189020561473395,0.257205641480668,0.0172631902585983,0.0550834415407236,0.0877745977609202,0.129120796504741,0.189020561473395,0.257205641480668,0.0172631902585983,0.0550834415407236,0.0877745977609202,0.129120796504741,0.189020561473395,0.257205641480668,0.25,1
9.21,6.19,1.36528,0.2,0.0182288255472422,0.0611072583901125,0.091377897640237,0.124193072433535,0.135156970071587,0.17106512383584,0.0182288255472422,0.0611072583901125,0.091377897640237,0.124193072433535,0.135156970071587,0.17106512383584,0.0182288255472422,0.0611072583901125,0.091377897640237,0.124193072433535,0.135156970071587,0.17106512383584,0.25,1
-3.51,14.022,1.18352,0.2,0.016750865620331,0.0539653666285235,0.101454906333384,0.137814525913748,0.17489834877018,0.226816758912351,0.016750865620331,0.0539653666285235,0.101454906333384,0.137814525913748,0.17489834877018,0.226816758912351,0.016750865620331,0.0539653666285235,0.101454906333384,0.137814525913748,0.17489834877018,0.226816758912351,0.25,1
-7.71,22.382,1.2648,0.2,0.0151232120769142,0.0412492392230337,0.0758791317318538,0.110341542274829,0.149864095556045,0.215878145285536,0.0151232120769142,0.0412492392230337,0.0758791317318538,0.110341542274829,0.149864095556045,0.215878145285536,0.0151232120769142,0.0412492392230337,0.0758791317318538,0.110341542274829,0.149864095556045,0.215878145285536,0.25,1
-2.67,22.954,1.412,0.2,0.0171516394670715,0.0604668837034112,0.101986871424959,0.153706476098942,0.193947164191054,0.247652632206348,0.0171516394670715,0.0604668837034112,0.101986871424959,0.153706476098942,0.193947164191054,0.247652632206348,0.0171516394670715,0.0604668837034112,0.101986871424959,0.153706476098942,0.193947164191054,0.247652632206348,0.25,1
-12.63,9.49,1.26352,0.2,0.0184040683856577,0.055221449310687,0.0809379570870432,0.114443517240718,0.141817329209125,0.183416395979351,0.0184040683856577,0.055221449310687,0.0809379570870432,0.114443517240718,0.141817329209125,0.183416395979351,0.0184040683856577,0.055221449310687,0.0809379570870432,0.114443517240718,0.141817329209125,0.183416395979351,0.25,1
-11.55,8.302,1.18672,0.2,0.0167367066757211,0.0512726465994047,0.0855114842984783,0.108955997002605,0.153491508464551,0.206341486200737,0.0167367066757211,0.0512726465994047,0.0855114842984783,0.108955997002605,0.153491508464551,0.206341486200737,0.0167367066757211,0.0512726465994047,0.0855114842984783,0.108955997002605,0.153491508464551,0.206341486200737,0.25,1
13.29,15.826,1.29104,0.2,0.0173039996098197,0.0432554349420699,0.0871572335271101,0.124578635497875,0.139296318172928,0.184622472314295,0.0173039996098197,0.0432554349420699,0.0871572335271101,0.124578635497875,0.139296318172928,0.184622472314295,0.0173039996098197,0.0432554349420699,0.0871572335271101,0.124578635497875,0.139296318172928,0.184622472314295,0.25,1
13.47,17.234,1.19952,0.2,0.0183376703935054,0.0570895584988114,0.0855773901353115,0.13469252165372,0.174720923830779,0.216025792937254,0.0183376703935054,0.0570895584988114,0.0855773901353115,0.13469252165372,0.174720923830779,0.216025792937254,0.0183376703935054,0.0570895584988114,0.0855773901353115,0.13469252165372,0.174720923830779,0.216025792937254,0.25,1
2.55,12.482,1.33968,0.2,0.0185795916251553,0.0566447471797879,0.0953441182240708,0.139918875699594,0.183120910409935,0.251909705437373,0.0185795916251553,0.0566447471797879,0.0953441182240708,0.139918875699594,0.183120910409935,0.251909705437373,0.0185795916251553,0.0566447471797879,0.0953441182240708,0.139918875699594,0.183120910409935,0.251909705437373,0.25,1
-13.71,8.258,1.22192,0.2,0.0163357363464943,0.0550492364110991,0.0978135199252327,0.137843805854988,0.175661528971788,0.221990790405176,0.0163357363464943,0.0550492364110991,0.0978135199252327,0.137843805854988,0.175661528971788,0.221990790405176,0.0163357363464943,0.0550492364110991,0.0978135199252327,0.137843805854988,0.175661528971788,0.221990790405176,0.25,1
-8.19,24.186,1.24496,0.2,0.0171558742392416,0.0484463953214249,0.10079397930716,0.156736781299965,0.199484425656185,0.239901375595531,0.0171558742392416,0.0484463953214249,0.10079397930716,0.156736781299965,0.199484425656185,0.239901375595531,0.0171558742392416,0.0484463953214249,0.10079397930716,0.156736781299965,0.199484425656185,0.239901375595531,0.25,1
-3.99,4.65,1.31792,0.2,0.0191637636916347,0.0521168695737851,0.0954467404606577,0.128441918676048,0.158341495365929,0.196926556337582,0.0191637636916347,0.0521168695737851,0.0954467404606577,0.128441918676048,0.158341495365929,0.196926556337582,0.0191637636916347,0.0521168695737851,0.0954467404606577,0.128441918676048,0.158341495365929,0.196926556337582,0.25,1
10.77,5.442,1.40944,0.2,0.0182120841511642,0.050266620271507,0.0960811827785327,0.137313979029956,0.181951252928556,0.23331633225356,0.0182120841511642,0.050266620271507,0.0960811827785327,0.137313979029956,0.181951252928556,0.23331633225356,0.0182120841511642,0.050266620271507,0.0960811827785327,0.137313979029956,0.181951252928556,0.23331633225356,0.25,1
-14.73,6.718,1.18608,0.2,0.0152527815818032,0.0615763810444057,0.0972960233762865,0.127002560413987,0.160682101662899,0.188409098517397,0.0152527815818032,0.0615763810444057,0.0972960233762865,0.127002560413987,0.160682101662899,0.188409098517397,0.0152527815818032,0.0615763810444057,0.0972960233762865,0.127002560413987,0.160682101662899,0.188409098517397,0.25,1
-13.65,7.29,1.3672,0.2,0.0203577280041169,0.0527551104253374,0.0865962919329336,0.117588096410677,0.137891387654987,0.164209471036133,0.0203577280041169,0.0527551104253374,0.0865962919329336,0.117588096410677,0.137891387654987,0.164209471036133,0.0203577280041169,0.0527551104253374,0.0865962919329336,0.117588096410677,0.137891387654987,0.164209471036133,0.25,1
-9.93,16.794,1.33648,0.2,0.016541918757828,0.0524581144388458,0.0915080101929237,0.126888018343428,0.162040275582145,0.214698091668125,0.016541918757828,0.0524581144388458,0.0915080101929237,0.126888018343428,0.162040275582145,0.214698091668125,0.016541918757828,0.0524581144388458,0.0915080101929237,0.126888018343428,0.162040275582145,0.214698091668125,0.25,1
5.25,15.87,1.4056,0.2,0.0163974770347894,0.0487198280052153,0.0806043052708276,0.125713987688786,0.158269793742276,0.190282202264233,0.0163974770347894,0.0487198280052153,0.0806043052708276,0.125713987688786,0.158269793742276,0.190282202264233,0.0163974770347894,0.0487198280052153,0.0806043052708276,0.125713987688786,0.158269793742276,0.190282202264233,0.25,1
7.41,3.814,1.10864,0.2,0.0151193329626169,0.0568951562508865,0.10410972701334,0.162035513980624,0.188956298769944,0.230862745148577,0.0151193329626169,0.0568951562508865,0.10410972701334,0.162035513980624,0.188956298769944,0.230862745148577,0.0151193329626169,0.0568951562508865,0.10410972701334,0.162035513980624,0.188956298769944,0.230862745148577,0.25,1
4.59,23.79,1.1976,0.2,0.0174357161222035,0.054245748838386,0.0986892129523717,0.14478402941726,0.188727664631172,0.248969185890265,0.0174357161222035,0.054245748838386,0.0986892129523717,0.14478402941726,0.188727664631172,0.248969185890265,0.0174357161222035,0.054245748838386,0.0986892129523717,0.14478402941726,0.188727664631172,0.248969185890265,0.25,1
-1.17,19.302,1.30576,0.2,0.0174479158248494,0.0546992912154941,0.100561128011653,0.128822287178089,0.167209675804481,0.229814124400924,0.0174479158248494,0.0546992912154941,0.100561128011653,0.128822287178089,0.167209675804481,0.229814124400924,0.0174479158248494,0.0546992912154941,0.100561128011653,0.128822287178089,0.167209675804481,0.229814124400924,0.25,1
1.77,19.566,1.17456,0.2,0.0170600701888005,0.058844029345798,0.106899974637946,0.143101045523526,0.177901571959412,0.248402969455957,0.0170600701888005,0.058844029345798,0.106899974637946,0.143101045523526,0.177901571959412,0.248402969455957,0.0170600701888005,0.058844029345798,0.106899974637946,0.143101045523526,0.177901571959412,0.248402969455957,0.25,1
-6.09,4.254,1.16304,0.2,0.0161488793651784,0.0566258277230219,0.0943163202857869,0.127391046755364,0.159565006076044,0.19454279792026,0.0161488793651784,0.0566258277230219,0.0943163202857869,0.127391046755364,0.159565006076044,0.19454279792026,0.0161488793651784,0.0566258277230219,0.0943163202857869,0.127391046755364,0.159565006076044,0.19454279792026,0.25,1
8.13,22.514,1.32176,0.2,0.0147016036802758,0.0558591658028809,0.0900915737067838,0.125765650634197,0.182818237563778,0.24567892551595,0.0147016036802758,0.0558591658028809,0.0900915737067838,0.125765650634197,0.182818237563778,0.24567892551595,0.0147016036802758,0.0558591658028809,0.0900915737067838,0.125765650634197,0.182818237563778,0.24567892551595,0.25,1
-9.15,23.966,1.2936,0.2,0.0229396954899476,0.0483283809658305,0.0905724468998889,0.140545639685433,0.192488563304234,0.247223414356622,0.0229396954899476,0.0483283809658305,0.0905724468998889,0.140545639685433,0.192488563304234,0.247223414356622,0.0229396954899476,0.0483283809658305,0.0905724468998889,0.140545639685433,0.192488563304234,0.247223414356622,0.25,1
6.51,24.582,1.2808,0.2,0.020274816547778,0.0580856706863231,0.105059400716135,0.14674426585804,0.182434125150783,0.248741764939426,0.020274816547778,0.0580856706863231,0.105059400716135,0.14674426585804,0.182434125150783,0.248741764939426,0.020274816547778,0.0580856706863231,0.105059400716135,0.14674426585804,0.182434125150783,0.248741764939426,0.25,1
-9.45,22.47,1.3032,0.2,0.0169961210018261,0.0589243832083535,0.10389285742925,0.151479247653018,0.19038437145157,0.241841590061184,0.0169961210018261,0.0589243832083535,0.10389285742925,0.151479247653018,0.19038437145157,0.241841590061184,0.0169961210018261,0.0589243832083535,0.10389285742925,0.151479247653018,0.19038437145157,0.241841590061184,0.25,1
-4.59,21.194,1.11376,0.2,0.017426466247775,0.056120125440449,0.101809525729297,0.145901019505829,0.200723148225968,0.261586660160722,0.017426466247775,0.056120125440449,0.101809525729297,0.145901019505829,0.200723148225968,0.261586660160722,0.017426466247775,0.056120125440449,0.101809525729297,0.145901019505829,0.200723148225968,0.261586660160722,0.25,1
3.93,14.33,1.1944,0.2,0.0182616932261096,0.0597629865588653,0.109573487632345,0.140066607160195,0.197226532865848,0.262469969351983,0.0182616932261096,0.0597629865588653,0.109573487632345,0.140066607160195,0.197226532865848,0.262469969351983,0.0182616932261096,0.0597629865588653,0.109573487632345,0.140066607160195,0.197226532865848,0.262469969351983,0.25,1
8.73,7.51,1.23344,0.2,0.0176075899404563,0.0654944320174743,0.105882695844691,0.152362581493038,0.202075963336267,0.24440894835599,0.0176075899404563,0.0654944320174743,0.105882695844691,0.152362581493038,0.202075963336267,0.24440894835599,0.0176075899404563,0.0654944320174743,0.105882695844691,0.152362581493038,0.202075963336267,0.24440894835599,0.25,1
-13.41,12.042,1.1656,0.2,0.0166235003931943,0.0600461576258062,0.107665964553722,0.13289028457318,0.166626086215588,0.208514909205429,0.0166235003931943,0.0600461576258062,0.107665964553722,0.13289028457318,0.166626086215588,0.208514909205429,0.0166235003931943,0.0600461576258062,0.107665964553722,0.13289028457318,0.166626086215588,0.208514909205429,0.25,1
13.17,6.454,1.32368,0.2,0.0192755955352682,0.0501777228084304,0.0885443519566385,0.134887911472257,0.167415747551251,0.198058350220267,0.0192755955352682,0.0501777228084304,0.0885443519566385,0.134887911472257,0.167415747551251,0.198058350220267,0.0192755955352682,0.0501777228084304,0.0885443519566385,0.134887911472257,0.167415747551251,0.198058350220267,0.25,1
8.85,3.418,1.37104,0.2,0.0156222496864546,0.0483130460075301,0.0931988728839756,0.137918281193984,0.185109385860493,0.233764416854148,0.0156222496864546,0.0483130460075301,0.0931988728839756,0.137918281193984,0.185109385860493,0.233764416854148,0.0156222496864546,0.0483130460075301,0.0931988728839756,0.137918281193984,0.185109385860493,0.233764416854148,0.25,1
-0.27,24.01,1.1752,0.2,0.021079399509441,0.0570557159811945,0.0843682362379245,0.132974242355505,0.162269433560553,0.217103638873865,0.021079399509441,0.0570557159811945,0.0843682362379245,0.132974242355505,0.162269433560553,0.217103638873865,0.021079399509441,0.0570557159811945,0.0843682362379245,0.132974242355505,0.162269433560553,0.217103638873865,0.25,1
-1.53,10.15,1.33328,0.2,0.014520591949147,0.0482659130336595,0.0990255422261569,0.124571374603254,0.151038860992219,0.1897968483782,0.014520591949147,0.0482659130336595,0.0990255422261569,0.124571374603254,0.151038860992219,0.1897968483782,0.014520591949147,0.0482659130336595,0.0990255422261569,0.124571374603254,0.151038860992219,0.1897968483782,0.25,1
-1.59,9.886,1.14,0.2,0.017058981201347,0.0535497457394588,0.0784577612634468,0.115067081252499,0.150255074360591,0.202241706188355,0.017058981201347,0.0535497457394588,0.0784577612634468,0.115067081252499,0.150255074360591,0.202241706188355,0.017058981201347,0.0535497457394588,0.0784577612634468,0.115067081252499,0.150255074360591,0.202241706188355,0.25,1
-5.31,10.898,1.36656,0.2,0.0191672784972309,0.0622988697320911,0.101966994902496,0.139944592943565,0.188180602652753,0.231983419584528,0.0191672784972309,0.0622988697320911,0.101966994902496,0.139944592943565,0.188180602652753,0.231983419584528,0.0191672784972309,0.0622988697320911,0.101966994902496,0.139944592943565,0.188180602652753,0.231983419584528,0.25,1
0.33,13.582,1.14128,0.2,0.0178368597541435,0.051919588605132,0.087784991555491,0.127389516777956,0.167975020159924,0.212002771980376,0.0178368597541435,0.051919588605132,0.087784991555491,0.127389516777956,0.167975020159924,0.212002771980376,0.0178368597541435,0.051919588605132,0.087784991555491,0.127389516777956,0.167975020159924,0.212002771980376,0.25,1
0.81,17.498,1.27952,0.2,0.0149792535428381,0.0505442290776641,0.0804508066712169,0.127649208078125,0.169746722935309,0.231689690668071,0.0149792535428381,0.0505442290776641,0.0804508066712169,0.127649208078125,0.169746722935309,0.231689690668071,0.0149792535428381,0.0505442290776641,0.0804508066712169,0.127649208078125,0.169746722935309,0.231689690668071,0.25,1
9.87,3.374,1.20144,0.2,0.0192540889650813,0.0548128321161621,0.0957067474455303,0.140754098597555,0.191605563041543,0.252902605706885,0.0192540889650813,0.0548128321161621,0.0957067474455303,0.140754098597555,0.191605563041543,0.252902605706885,0.0192540889650813,0.0548128321161621,0.0957067474455303,0.140754098597555,0.191605563041543,0.252902605706885,0.25,1
9.45,22.162,1.35376,0.2,0.0179167711097881,0.0582616804373503,0.0991329094825546,0.1435020343456,0.184211215541508,0.249608754061418,0.0179167711097881,0.0582616804373503,0.0991329094825546,0.1435020343456,0.184211215541508,0.249608754061418,0.0179167711097881,0.0582616804373503,0.0991329094825546,0.1435020343456,0.184211215541508,0.249608754061418,0.25,1
4.47,15.694,1.24752,0.2,0.0314326248339866,0.0927736951454561,0.177831535043109,0.272046036858293,0.367619965680785,0.472783820104619,0.0314326248339866,0.0927736951454561,0.177831535043109,0.272046036858293,0.367619965680785,0.472783820104619,0.0314326248339866,0.0927736951454561,0.177831535043109,0.272046036858293,0.367619965680785,0.472783820104619,0.5,1
-3.69,22.426,1.24304,0.2,0.0347780341800996,0.0917451264012437,0.137137129409467,0.208855905743656,0.259353883459488,0.357576705633503,0.0347780341800996,0.0917451264012437,0.137137129409467,0.208855905743656,0.259353883459488,0.357576705633503,0.0347780341800996,0.0917451264012437,0.137137129409467,0.208855905743656,0.259353883459488,0.357576705633503,0.5,1
9.99,11.118,1.37616,0.2,0.0375676944263904,0.130248324562796,0.203641011864341,0.269748909867676,0.377841980233859,0.482483245949145,0.0375676944263904,0.130248324562796,0.203641011864341,0.269748909867676,0.377841980233859,0.482483245949145,0.0375676944263904,0.130248324562796,0.203641011864341,0.269748909867676,0.377841980233859,0.482483245949145,0.5,1
1.23,13.186,1.19504,0.2,0.0306974921602788,0.0962347987100878,0.174233130619152,0.235375896708379,0.264491088831504,0.365773223248295,0.0306974921602788,0.0962347987100878,0.174233130619152,0.235375896708379,0.264491088831504,0.365773223248295,0.0306974921602788,0.0962347987100878,0.174233130619152,0.235375896708379,0.264491088831504,0.365773223248295,0.5,1
-4.53,3.946,1.2328,0.2,0.0420512685208582,0.125591535142316,0.188216291639931,0.287659824603172,0.371129793168038,0.488430491577605,0.0420512685208582,0.125591535142316,0.188216291639931,0.287659824603172,0.371129793168038,0.488430491577605,0.0420512685208582,0.125591535142316,0.188216291639931,0.287659824603172,0.371129793168038,0.488430491577605,0.5,1
13.59,7.554,1.40688,0.2,0.036080372133554,0.115289554548671,0.191594221434125,0.275297851792697,0.361092670576933,0.44164096562801,0.036080372133554,0.115289554548671,0.191594221434125,0.275297851792697,0.361092670576933,0.44164096562801,0.036080372133554,0.115289554548671,0.191594221434125,0.275297851792697,0.361092670576933,0.44164096562801,0.5,1
11.01,17.806,1.10992,0.2,0.0333363353647578,0.0913240618377153,0.15970786826915,0.235787048468981,0.296551368754154,0.394935030752102,0.0333363353647578,0.0913240618377153,0.15970786826915,0.235787048468981,0.296551368754154,0.394935030752102,0.0333363353647578,0.0913240618377153,0.15970786826915,0.235787048468981,0.296551368754154,0.394935030752102,0.5,1
2.49,10.722,1.41008,0.2,0.0388994613225798,0.133383519351124,0.222600719593918,0.305468942049446,0.358326736637052,0.459725378283925,0.0388994613225798,0.133383519351124,0.222600719593918,0.305468942049446,0.358326736637052,0.459725378283925,0.0388994613225798,0.133383519351124,0.222600719593918,0.305468942049446,0.358326736637052,0.459725378283925,0.5,1
3.57,23.35,1.1528,0.2,0.0365876808079394,0.115952130862832,0.183778695883144,0.279401825611511,0.369875960639651,0.458143288475265,0.0365876808079394,0.115952130862832,0.183778695883144,0.279401825611511,0.369875960639651,0.458143288475265,0.0365876808079394,0.115952130862832,0.183778695883144,0.279401825611511,0.369875960639651,0.458143288475265,0.5,1
2.97,5.97,1.30768,0.2,0.0356431859026578,0.12825624266105,0.22458483228997,0.283474260176071,0.334566655472048,0.43782678513926,0.0356431859026578,0.12825624266105,0.22458483228997,0.283474260176071,0.334566655472048,0.43782678513926,0.0356431859026578,0.12825624266105,0.22458483228997,0.283474260176071,0.334566655472048,0.43782678513926,0.5,1
-8.85,24.714,1.27888,0.2,0.0328597676288078,0.110315361081457,0.186743249199493,0.248524205269285,0.324491172361788,0.373184718827631,0.0328597676288078,0.110315361081457,0.186743249199493,0.248524205269285,0.324491172361788,0.373184718827631,0.0328597676288078,0.110315361081457,0.186743249199493,0.248524205269285,0.324491172361788,0.373184718827631,0.5,1
-5.43,15.122,1.3128,0.2,0.0290335579304268,0.105071537869556,0.196394189312773,0.286960021682524,0.301604897985621,0.411133068265643,0.0290335579304268,0.105071537869556,0.196394189312773,0.286960021682524,0.301604897985621,0.411133068265643,0.0290335579304268,0.105071537869556,0.196394189312773,0.286960021682524,0.301604897985621,0.411133068265643,0.5,1
-0.81,18.994,1.20016,0.2,0.0318606291850714,0.0952303024727137,0.207961382641387,0.31626668005247,0.347470759385304,0.456263310728398,0.0318606291850714,0.0952303024727137,0.207961382641387,0.31626668005247,0.347470759385304,0.456263310728398,0.0318606291850714,0.0952303024727137,0.207961382641387,0.31626668005247,0.347470759385304,0.456263310728398,0.5,1
-8.13,24.934,1.29232,0.2,0.0329816038780509,0.107257221856882,0.185451640445268,0.286389980776498,0.362887380374657,0.461509642055677,0.0329816038780509,0.107257221856882,0.185451640445268,0.286389980776498,0.362887380374657,0.461509642055677,0.0329816038780509,0.107257221856882,0.185451640445268,0.286389980776498,0.362887380374657,0.461509642055677,0.5,1
11.19,9.622,1.35504,0.2,0.0368534949851752,0.111882673757823,0.211537002941484,0.285989623855286,0.386304021674827,0.473919171559409,0.0368534949851752,0.111882673757823,0.211537002941484,0.285989623855286,0.386304021674827,0.473919171559409,0.0368534949851752,0.111882673757823,0.211537002941484,0.285989623855286,0.386304021674827,0.473919171559409,0.5,1
-9.39,12.262,1.10416,0.2,0.0374245699502014,0.0951745351549995,0.155873608571804,0.208413834313397,0.25035792940866,0.340113773489569,0.0374245699502014,0.0951745351549995,0.155873608571804,0.208413834313397,0.25035792940866,0.340113773489569,0.0374245699502014,0.0951745351549995,0.155873608571804,0.208413834313397,0.25035792940866,0.340113773489569,0.5,1
-8.91,13.494,1.12336,0.2,0.032489162747623,0.106212987096536,0.211460289723884,0.244113248502221,0.334307320789018,0.384351679331901,0.032489162747623,0.106212987096536,0.211460289723884,0.244113248502221,0.334307320789018,0.384351679331901,0.032489162747623,0.106212987096536,0.211460289723884,0.244113248502221,0.334307320789018,0.384351679331901,0.5,1
-9.69,20.578,1.41136,0.2,0.0381779551796067,0.113382563296953,0.171362252585327,0.230192075296187,0.318105531993903,0.451016385468012,0.0381779551796067,0.113382563296953,0.171362252585327,0.230192075296187,0.318105531993903,0.451016385468012,0.0381779551796067,0.113382563296953,0.171362252585327,0.230192075296187,0.318105531993903,0.451016385468012,0.5,1
-8.31,21.898,1.3,0.2,0.0376111508696932,0.103663044358455,0.179549728920365,0.278295474768708,0.343086463331763,0.460362729875492,0.0376111508696932,0.103663044358455,0.179549728920365,0.278295474768708,0.343086463331763,0.460362729875492,0.0376111508696932,0.103663044358455,0.179549728920365,0.278295474768708,0.343086463331763,0.460362729875492,0.5,1
-2.01,5.134,1.16368,0.2,0.0348154830492957,0.112835590448133,0.184655558237201,0.250843389810647,0.326926984548587,0.395335071152627,0.0348154830492957,0.112835590448133,0.184655558237201,0.250843389810647,0.326926984548587,0.395335071152627,0.0348154830492957,0.112835590448133,0.184655558237201,0.250843389810647,0.326926984548587,0.395335071152627,0.5,1
-5.49,7.598,1.21744,0.2,0.0319041334783683,0.0932610424058692,0.153305795110808,0.236949171580719,0.364653177078533,0.426157877454391,0.0319041334783683,0.0932610424058692,0.153305795110808,0.236949171580719,0.364653177078533,0.426157877454391,0.0319041334783683,0.0932610424058692,0.153305795110808,0.236949171580719,0.364653177078533,0.426157877454391,0.5,1
12.63,11.25,1.13488,0.2,0.0384031260105529,0.105929908384355,0.162593076740652,0.243673801881284,0.290817653135197,0.380209989621239,0.0384031260105529,0.105929908384355,0.162593076740652,0.243673801881284,0.290817653135197,0.380209989621239,0.0384031260105529,0.105929908384355,0.162593076740652,0.243673801881284,0.290817653135197,0.380209989621239,0.5,1
-2.31,3.99,1.17072,0.2,0.0348006017268658,0.109648930458808,0.196517518168225,0.231478499664566,0.317779862987993,0.437438649362051,0.0348006017268658,0.109648930458808,0.196517518168225,0.231478499664566,0.317779862987993,0.437438649362051,0.0348006017268658,0.109648930458808,0.196517518168225,0.231478499664566,0.317779862987993,0.437438649362051,0.5,1
-9.63,14.506,1.16944,0.2,0.0316846305193392,0.0993731751505842,0.155558735375176,0.257154661145781,0.34093815972553,0.466618108516212,0.0316846305193392,0.0993731751505842,0.155558735375176,0.257154661145781,0.34093815972553,0.466618108516212,0.0316846305193392,0.0993731751505842,0.155558735375176,0.257154661145781,0.34093815972553,0.466618108516212,0.5,1
11.97,10.942,1.188,0.2,0.0361474866329423,0.114187247277236,0.170281134829883,0.285304672176474,0.370453004902037,0.485358502219663,0.0361474866329423,0.114187247277236,0.170281134829883,0.285304672176474,0.370453004902037,0.485358502219663,0.0361474866329423,0.114187247277236,0.170281134829883,0.285304672176474,0.370453004902037,0.485358502219663,0.5,1
14.37,7.466,1.14448,0.2,0.0371040295024734,0.106917917676607,0.201088824016379,0.277369959418796,0.353555053120938,0.473723416711341,0.0371040295024734,0.106917917676607,0.201088824016379,0.277369959418796,0.353555053120938,0.473723416711341,0.0371040295024734,0.106917917676607,0.201088824016379,0.277369959418796,0.353555053120938,0.473723416711341,0.5,1
-1.71,8.39,1.19376,0.2,0.0301045638070767,0.095111181419324,0.17292570500585,0.270110993437536,0.354913288103524,0.505918900515014,0.0301045638070767,0.095111181419324,0.17292570500585,0.270110993437536,0.354913288103524,0.505918900515014,0.0301045638070767,0.095111181419324,0.17292570500585,0.270110993437536,0.354913288103524,0.505918900515014,0.5,1
-12.21,23.482,1.13424,0.2,0.0418385416837341,0.124764881379593,0.206474434717765,0.267530916250874,0.336873038054634,0.385161589928884,0.0418385416837341,0.124764881379593,0.206474434717765,0.267530916250874,0.336873038054634,0.385161589928884,0.0418385416837341,0.124764881379593,0.206474434717765,0.267530916250874,0.336873038054634,0.385161589928884,0.5,1
-6.69,18.202,1.37936,0.2,0.0276808517290134,0.108188176946228,0.171928692341272,0.260533407499152,0.300990014661828,0.413705976994035,0.0276808517290134,0.108188176946228,0.171928692341272,0.260533407499152,0.300990014661828,0.413705976994035,0.0276808517290134,0.108188176946228,0.171928692341272,0.260533407499152,0.300990014661828,0.413705976994035,0.5,1
-3.21,13.626,1.12592,0.2,0.0294924606166802,0.109570124987685,0.18393655236439,0.301443917822252,0.36632655999885,0.462615400134732,0.0294924606166802,0.109570124987685,0.18393655236439,0.301443917822252,0.36632655999885,0.462615400134732,0.0294924606166802,0.109570124987685,0.18393655236439,0.301443917822252,0.36632655999885,0.462615400134732,0.5,1
3.45,23.526,1.39536,0.2,0.0395736171565614,0.120102011629354,0.201029999424134,0.301914205460019,0.383198107195841,0.45863360310979,0.0395736171565614,0.120102011629354,0.201029999424134,0.301914205460019,0.383198107195841,0.45863360310979,0.0395736171565614,0.120102011629354,0.201029999424134,0.301914205460019,0.383198107195841,0.45863360310979,0.5,1
-6.87,5.31,1.21552,0.2,0.0364044714091255,0.120534313045234,0.199572721191886,0.262244900951638,0.343479034421462,0.462476409399904,0.0364044714091255,0.120534313045234,0.199572721191886,0.262244900951638,0.343479034421462,0.462476409399904,0.0364044714091255,0.120534313045234,0.199572721191886,0.262244900951638,0.343479034421462,0.462476409399904,0.5,1
2.85,19.962,1.11312,0.2,0.0337457132488581,0.117875710711464,0.22211211113846,0.279013523558302,0.366950217028058,0.463684303854324,0.0337457132488581,0.117875710711464,0.22211211113846,0.279013523558302,0.366950217028058,0.463684303854324,0.0337457132488581,0.117875710711464,0.22211211113846,0.279013523558302,0.366950217028058,0.463684303854324,0.5,1
6.99,19.522,1.18992,0.2,0.0352988591928543,0.109365637546414,0.17668768168087,0.254585717628918,0.381013903225362,0.517094848695596,0.0352988591928543,0.109365637546414,0.17668768168087,0.254585717628918,0.381013903225362,0.517094848695596,0.0352988591928543,0.109365637546414,0.17668768168087,0.254585717628918,0.381013903225362,0.517094848695596,0.5,1
-8.43,15.782,1.33584,0.2,0.0378364544862022,0.106687965625768,0.181162468916419,0.253652600827142,0.294199113127572,0.363374404357649,0.0378364544862022,0.106687965625768,0.181162468916419,0.253652600827142,0.294199113127572,0.363374404357649,0.0378364544862022,0.106687965625768,0.181162468916419,0.253652600827142,0.294199113127572,0.363374404357649,0.5,1
-11.61,7.686,1.34992,0.2,0.0321975013566031,0.10498882526047,0.195075710353993,0.271229700016749,0.363015813829449,0.437795272095695,0.0321975013566031,0.10498882526047,0.195075710353993,0.271229700016749,0.363015813829449,0.437795272095695,0.0321975013566031,0.10498882526047,0.195075710353993,0.271229700016749,0.363015813829449,0.437795272095695,0.5,1
-5.67,16.354,1.2616,0.2,0.038530476342313,0.124880752859366,0.215595020581461,0.315383429896531,0.393623457226064,0.501590519134368,0.038530476342313,0.124880752859366,0.215595020581461,0.315383429896531,0.393623457226064,0.501590519134368,0.038530476342313,0.124880752859366,0.215595020581461,0.315383429896531,0.393623457226064,0.501590519134368,0.5,1
-5.13,10.106,1.316,0.2,0.0377165713463179,0.0988051233003479,0.145523491347866,0.22732939587229,0.305702451063717,0.383262018125671,0.0377165713463179,0.0988051233003479,0.145523491347866,0.22732939587229,0.305702451063717,0.383262018125671,0.0377165713463179,0.0988051233003479,0.145523491347866,0.22732939587229,0.305702451063717,0.383262018125671,0.5,1
-1.95,6.498,1.3832,0.2,0.0350987827712236,0.102962626287824,0.174067632723586,0.283131352713667,0.346103866649266,0.44870491218517,0.0350987827712236,0.102962626287824,0.174067632723586,0.283131352713667,0.346103866649266,0.44870491218517,0.0350987827712236,0.102962626287824,0.174067632723586,0.283131352713667,0.346103866649266,0.44870491218517,0.5,1
0.15,8.566,1.11568,0.2,0.0359321454717101,0.120448559535612,0.186563468332636,0.261759574256384,0.335256054303928,0.422582684393783,0.0359321454717101,0.120448559535612,0.186563468332636,0.261759574256384,0.335256054303928,0.422582684393783,0.0359321454717101,0.120448559535612,0.186563468332636,0.261759574256384,0.335256054303928,0.422582684393783,0.5,1
-12.93,23.218,1.18096,0.2,0.0330410829465995,0.115716225007791,0.192369387697679,0.26632153283963,0.357670436954485,0.488323583028095,0.0330410829465995,0.115716225007791,0.192369387697679,0.26632153283963,0.357670436954485,0.488323583028095,0.0330410829465995,0.115716225007791,0.192369387697679,0.26632153283963,0.357670436954485,0.488323583028095,0.5,1
-7.17,4.298,1.11184,0.2,0.0322377291395828,0.101025068185938,0.186362638628314,0.2791102815332,0.366137871625224,0.478057078119798,0.0322377291395828,0.101025068185938,0.186362638628314,0.2791102815332,0.366137871625224,0.478057078119798,0.0322377291395828,0.101025068185938,0.186362638628314,0.2791102815332,0.366137871625224,0.478057078119798,0.5,1
9.27,8.962,1.15472,0.2,0.033887451377072,0.105556448369806,0.189533648387276,0.274887643706524,0.316483631906364,0.402625414806302,0.033887451377072,0.105556448369806,0.189533648387276,0.274887643706524,0.316483631906364,0.402625414806302,0.033887451377072,0.105556448369806,0.189533648387276,0.274887643706524,0.316483631906364,0.402625414806302,0.5,1
-14.43,3.902,1.32688,0.2,0.0388842861260011,0.110720975744889,0.204808423879691,0.277477191734685,0.373395055485223,0.453335889194207,0.0388842861260011,0.110720975744889,0.204808423879691,0.277477191734685,0.373395055485223,0.453335889194207,0.0388842861260011,0.110720975744889,0.204808423879691,0.277477191734685,0.373395055485223,0.453335889194207,0.5,1
13.05,13.01,1.32816,0.2,0.0344127684541463,0.105330698681066,0.189314591806924,0.236319045764301,0.318260061451329,0.406934865064269,0.0344127684541463,0.105330698681066,0.189314591806924,0.236319045764301,0.318260061451329,0.406934865064269,0.0344127684541463,0.105330698681066,0.189314591806924,0.236319045764301,0.318260061451329,0.406934865064269,0.5,1
7.95,3.154,1.3768,0.2,0.0336656433688055,0.0821016529715508,0.164841503455294,0.222633359627174,0.343298629470653,0.51613624460115,0.0336656433688055,0.0821016529715508,0.164841503455294,0.222633359627174,0.343298629470653,0.51613624460115,0.0336656433688055,0.0821016529715508,0.164841503455294,0.222633359627174,0.343298629470653,0.51613624460115,0.5,1
-0.0899999999999999,23.306,1.27632,0.2,0.0318052759378612,0.101333125704791,0.193308345407674,0.282694769277409,0.335334083971153,0.431760335658307,0.0318052759378612,0.101333125704791,0.193308345407674,0.282694769277409,0.335334083971153,0.431760335658307,0.0318052759378612,0.101333125704791,0.193308345407674,0.282694769277409,0.335334083971153,0.431760335658307,0.5,1
2.13,8.038,1.11952,0.2,0.0312616682694907,0.10848413633356,0.192342377690074,0.279799781123175,0.34075084231282,0.432944322398849,0.0312616682694907,0.10848413633356,0.192342377690074,0.279799781123175,0.34075084231282,0.432944322398849,0.0312616682694907,0.10848413633356,0.192342377690074,0.279799781123175,0.34075084231282,0.432944322398849,0.5,1
-7.65,5.09,1.39344,0.2,0.0353359675188355,0.134535459098463,0.190309966747827,0.237317993708118,0.273578424403572,0.365863600732938,0.0353359675188355,0.134535459098463,0.190309966747827,0.237317993708118,0.273578424403572,0.365863600732938,0.0353359675188355,0.134535459098463,0.190309966747827,0.237317993708118,0.273578424403572,0.365863600732938,0.5,1
-0.630000000000001,10.238,1.35056,0.2,0.0389256474098647,0.0971740093951066,0.175843733864751,0.255819287505277,0.3338112843543,0.477946239663084,0.0389256474098647,0.0971740093951066,0.175843733864751,0.255819287505277,0.3338112843543,0.477946239663084,0.0389256474098647,0.0971740093951066,0.175843733864751,0.255819287505277,0.3338112843543,0.477946239663084,0.5,1
14.01,13.45,1.17712,0.2,0.0395999370972115,0.106397429270439,0.157620676637167,0.244645121680442,0.345039247668169,0.397453576226745,0.0395999370972115,0.106397429270439,0.157620676637167,0.244645121680442,0.345039247668169,0.397453576226745,0.0395999370972115,0.106397429270439,0.157620676637167,0.244645121680442,0.345039247668169,0.397453576226745,0.5,1
1.83,5.222,1.26032,0.2,0.0372330528660622,0.106801970229439,0.200686112743102,0.255339293165425,0.320700309070584,0.45121846422822,0.0372330528660622,0.106801970229439,0.200686112743102,0.255339293165425,0.320700309070584,0.45121846422822,0.0372330528660622,0.106801970229439,0.200686112743102,0.255339293165425,0.320700309070584,0.45121846422822,0.5,1
1.35,24.978,1.41392,0.2,0.0341683660031508,0.0981714121733009,0.143147627745701,0.20191999513749,0.269434531997182,0.352536322438551,0.0341683660031508,0.0981714121733009,0.143147627745701,0.20191999513749,0.269434531997182,0.352536322438551,0.0341683660031508,0.0981714121733009,0.143147627745701,0.20191999513749,0.269434531997182,0.352536322438551,0.5,1
-7.95,10.81,1.32432,0.2,0.0339618762194739,0.100771180777218,0.16961391547314,0.269939564030586,0.341881412256268,0.434152479424863,0.0339618762194739,0.100771180777218,0.16961391547314,0.269939564030586,0.341881412256268,0.434152479424863,0.0339618762194739,0.100771180777218,0.16961391547314,0.269939564030586,0.341881412256268,0.434152479424863,0.5,1
0.210000000000001,9.974,1.36784,0.2,0.0365471228905152,0.0901693531661874,0.169018349017345,0.2139516862044,0.28835304566496,0.410257138416395,0.0365471228905152,0.0901693531661874,0.169018349017345,0.2139516862044,0.28835304566496,0.410257138416395,0.0365471228905152,0.0901693531661874,0.169018349017345,0.2139516862044,0.28835304566496,0.410257138416395,0.5,1
3.99,4.21,1.22768,0.2,0.0385631926392163,0.110874136291262,0.186873313728839,0.27202900748414,0.37154492272023,0.444181931032924,0.0385631926392163,0.110874136291262,0.186873313728839,0.27202900748414,0.37154492272023,0.444181931032924,0.0385631926392163,0.110874136291262,0.186873313728839,0.27202900748414,0.37154492272023,0.444181931032924,0.5,1
6.09,10.018,1.23984,0.2,0.0386929596184211,0.106772908117445,0.212396614350626,0.307995271942738,0.384493647745634,0.493184210029777,0.0386929596184211,0.106772908117445,0.212396614350626,0.307995271942738,0.384493647745634,0.493184210029777,0.0386929596184211,0.106772908117445,0.212396614350626,0.307995271942738,0.384493647745634,0.493184210029777,0.5,1
-3.15,3.682,1.26992,0.2,0.0277870771164996,0.107610357354196,0.18605566210493,0.229260771952969,0.29508583697494,0.393178632401742,0.0277870771164996,0.107610357354196,0.18605566210493,0.229260771952969,0.29508583697494,0.393178632401742,0.0277870771164996,0.107610357354196,0.18605566210493,0.229260771952969,0.29508583697494,0.393178632401742,0.5,1
-4.29,14.198,1.172,0.2,0.0350941484666157,0.109422342870272,0.176916367244749,0.251328258985529,0.342613250426776,0.403012909362499,0.0350941484666157,0.109422342870272,0.176916367244749,0.251328258985529,0.342613250426776,0.403012909362499,0.0350941484666157,0.109422342870272,0.176916367244749,0.251328258985529,0.342613250426776,0.403012909362499,0.5,1
14.85,20.446,1.33776,0.2,0.0318493001586324,0.116896068188955,0.202874843596039,0.25694939765897,0.30223928805657,0.405248779177258,0.0318493001586324,0.116896068188955,0.202874843596039,0.25694939765897,0.30223928805657,0.405248779177258,0.0318493001586324,0.116896068188955,0.202874843596039,0.25694939765897,0.30223928805657,0.405248779177258,0.5,1
-14.07,17.014,1.2488,0.2,0.0335964451628731,0.124285123186636,0.182336251679017,0.259850822844754,0.349485035339662,0.465723225423147,0.0335964451628731,0.124285123186636,0.182336251679017,0.259850822844754,0.349485035339662,0.465723225423147,0.0335964451628731,0.124285123186636,0.182336251679017,0.259850822844754,0.349485035339662,0.465723225423147,0.5,1
11.79,4.826,1.29936,0.2,0.0413760340782039,0.115918195854775,0.200486685712091,0.268619794315887,0.339762460290026,0.456047666640637,0.0413760340782039,0.115918195854775,0.200486685712091,0.268619794315887,0.339762460290026,0.456047666640637,0.0413760340782039,0.115918195854775,0.200486685712091,0.268619794315887,0.339762460290026,0.456047666640637,0.5,1
12.27,4.562,1.1816,0.2,0.0325165600306391,0.0935648639739157,0.175053003483406,0.221832480535696,0.346756380720144,0.433695174517856,0.0325165600306391,0.0935648639739157,0.175053003483406,0.221832480535696,0.346756380720144,0.433695174517856,0.0325165600306391,0.0935648639739157,0.175053003483406,0.221832480535696,0.346756380720144,0.433695174517856,0.5,1
8.97,20.974,1.14192,0.2,0.0293212452473969,0.106009526365078,0.177491653617847,0.266622166606341,0.330017493896254,0.42898456176245,0.0293212452473969,0.106009526365078,0.177491653617847,0.266622166606341,0.330017493896254,0.42898456176245,0.0293212452473969,0.106009526365078,0.177491653617847,0.266622166606341,0.330017493896254,0.42898456176245,0.5,1
-12.39,23.394,1.24048,0.2,0.0358821354273108,0.124092100582918,0.190937285967644,0.278023012068816,0.363555216083511,0.479797545595815,0.0358821354273108,0.124092100582918,0.190937285967644,0.278023012068816,0.363555216083511,0.479797545595815,0.0358821354273108,0.124092100582918,0.190937285967644,0.278023012068816,0.363555216083511,0.479797545595815,0.5,1
-7.05,14.946,1.2008,0.2,0.034819091153675,0.107577956401848,0.166296614404632,0.231560983248141,0.311811608483903,0.428764998510015,0.034819091153675,0.107577956401848,0.166296614404632,0.231560983248141,0.311811608483903,0.428764998510015,0.034819091153675,0.107577956401848,0.166296614404632,0.231560983248141,0.311811608483903,0.428764998510015,0.5,1
-4.89,5.662,1.34928,0.2,0.0337928115137759,0.111648254425417,0.159759160025792,0.24656577080834,0.300810693416571,0.390199855285742,0.0337928115137759,0.111648254425417,0.159759160025792,0.24656577080834,0.300810693416571,0.390199855285742,0.0337928115137759,0.111648254425417,0.159759160025792,0.24656577080834,0.300810693416571,0.390199855285742,0.5,1
6.45,22.03,1.34608,0.2,0.0383587653691336,0.101807760970408,0.172181357943879,0.223945039615846,0.320663680399041,0.386267137984021,0.0383587653691336,0.101807760970408,0.172181357943879,0.223945039615846,0.320663680399041,0.386267137984021,0.0383587653691336,0.101807760970408,0.172181357943879,0.223945039615846,0.320663680399041,0.386267137984021,0.5,1
-11.19,11.03,1.30896,0.2,0.0372540267201958,0.12651757512932,0.214663931036917,0.266669963941043,0.291818074472324,0.39524142313712,0.0372540267201958,0.12651757512932,0.214663931036917,0.266669963941043,0.291818074472324,0.39524142313712,0.0372540267201958,0.12651757512932,0.214663931036917,0.266669963941043,0.291818074472324,0.39524142313712,0.5,1
7.17,9.798,1.13808,0.2,0.0365833808752718,0.114404755358599,0.180081801206662,0.234577160446322,0.268053226331174,0.376352105507935,0.0365833808752718,0.114404755358599,0.180081801206662,0.234577160446322,0.268053226331174,0.376352105507935,0.0365833808752718,0.114404755358599,0.180081801206662,0.234577160446322,0.268053226331174,0.376352105507935,0.5,1
-12.51,20.006,1.10544,0.2,0.0342814906556765,0.103683463761959,0.205192684781005,0.280488707984963,0.327848286796019,0.467980135858705,0.0342814906556765,0.103683463761959,0.205192684781005,0.280488707984963,0.327848286796019,0.467980135858705,0.0342814906556765,0.103683463761959,0.205192684781005,0.280488707984963,0.327848286796019,0.467980135858705,0.5,1
4.83,3.11,1.26928,0.2,0.0364923501972975,0.0927197456936951,0.156402161595921,0.224539648797173,0.332203561362498,0.391153146826011,0.0364923501972975,0.0927197456936951,0.156402161595921,0.224539648797173,0.332203561362498,0.391153146826011,0.0364923501972975,0.0927197456936951,0.156402161595921,0.224539648797173,0.332203561362498,0.391153146826011,0.5,1
0.0299999999999994,3.726,1.17968,0.2,0.0342308837229459,0.100876609087618,0.211020312603938,0.325003037130103,0.423638352315142,0.510265457518641,0.0342308837229459,0.100876609087618,0.211020312603938,0.325003037130103,0.423638352315142,0.510265457518641,0.0342308837229459,0.100876609087618,0.211020312603938,0.325003037130103,0.423638352315142,0.510265457518641,0.5,1
9.09,17.938,1.40112,0.2,0.0359140472762085,0.0989077089460439,0.165458246506381,0.241769646375217,0.292369370862421,0.405581295336043,0.0359140472762085,0.0989077089460439,0.165458246506381,0.241769646375217,0.292369370862421,0.405581295336043,0.0359140472762085,0.0989077089460439,0.165458246506381,0.241769646375217,0.292369370862421,0.405581295336043,0.5,1
7.53,16.486,1.41264,0.2,0.0372909465611747,0.105742450356704,0.184120715906896,0.271912688364658,0.345252661377094,0.441470835123815,0.0372909465611747,0.105742450356704,0.184120715906896,0.271912688364658,0.345252661377094,0.441470835123815,0.0372909465611747,0.105742450356704,0.184120715906896,0.271912688364658,0.345252661377094,0.441470835123815,0.5,1
11.91,14.638,1.17776,0.2,0.0364555364327815,0.113693407456747,0.212409129461929,0.299866143417674,0.359142480643176,0.513505721594268,0.0364555364327815,0.113693407456747,0.212409129461929,0.299866143417674,0.359142480643176,0.513505721594268,0.0364555364327815,0.113693407456747,0.212409129461929,0.299866143417674,0.359142480643176,0.513505721594268,0.5,1
12.21,19.39,1.35184,0.2,0.0328857217123158,0.115399061822671,0.211265467906332,0.294870242709027,0.375696873172678,0.461969181398329,0.0328857217123158,0.115399061822671,0.211265467906332,0.294870242709027,0.375696873172678,0.461969181398329,0.0328857217123158,0.115399061822671,0.211265467906332,0.294870242709027,0.375696873172678,0.461969181398329,0.5,1
-4.71,19.082,1.38512,0.2,0.0333645722928945,0.10883941861593,0.174288978356415,0.25493575599566,0.378927983011279,0.412577356897535,0.0333645722928945,0.10883941861593,0.174288978356415,0.25493575599566,0.378927983011279,0.412577356897535,0.0333645722928945,0.10883941861593,0.174288978356415,0.25493575599566,0.378927983011279,0.412577356897535,0.5,1
6.81,21.062,1.28336,0.2,0.0315905882586081,0.106446564361471,0.195100791671619,0.296041888875761,0.353784255953448,0.472076685484509,0.0315905882586081,0.106446564361471,0.195100791671619,0.296041888875761,0.353784255953448,0.472076685484509,0.0315905882586081,0.106446564361471,0.195100791671619,0.296041888875761,0.353784255953448,0.472076685484509,0.5,1
-8.61,9.666,1.37872,0.2,0.0387741961862324,0.116132847816273,0.175421500511438,0.229496332920442,0.349166593530682,0.410954371662028,0.0387741961862324,0.116132847816273,0.175421500511438,0.229496332920442,0.349166593530682,0.410954371662028,0.0387741961862324,0.116132847816273,0.175421500511438,0.229496332920442,0.349166593530682,0.410954371662028,0.5,1
-14.13,18.642,1.40304,0.2,0.035166112790059,0.136473970628697,0.18634637068102,0.292282144530323,0.358130723608809,0.49310739156129,0.035166112790059,0.136473970628697,0.18634637068102,0.292282144530323,0.358130723608809,0.49310739156129,0.035166112790059,0.136473970628697,0.18634637068102,0.292282144530323,0.358130723608809,0.49310739156129,0.5,1
7.89,15.518,1.26288,0.2,0.0329415276938561,0.11028795250616,0.197519829428709,0.287498450427068,0.349707789730677,0.458772874834694,0.0329415276938561,0.11028795250616,0.197519829428709,0.287498450427068,0.349707789730677,0.458772874834694,0.0329415276938561,0.11028795250616,0.197519829428709,0.287498450427068,0.349707789730677,0.458772874834694,0.5,1
0.75,11.91,1.33136,0.2,0.0376475674474352,0.112657024749035,0.162698418901217,0.2173556768144,0.308165148415975,0.400670045379588,0.0376475674474352,0.112657024749035,0.162698418901217,0.2173556768144,0.308165148415975,0.400670045379588,0.0376475674474352,0.112657024749035,0.162698418901217,0.2173556768144,0.308165148415975,0.400670045379588,0.5,1
-0.210000000000001,4.166,1.27504,0.2,0.0334568760874273,0.123709696397435,0.167485349717133,0.264462662895534,0.35756519569182,0.429695684417851,0.0334568760874273,0.123709696397435,0.167485349717133,0.264462662895534,0.35756519569182,0.429695684417851,0.0334568760874273,0.123709696397435,0.167485349717133,0.264462662895534,0.35756519569182,0.429695684417851,0.5,1
11.73,21.018,1.10736,0.2,0.036830495681712,0.111366766536206,0.187160915515283,0.286354096109352,0.369668640058969,0.521697761961329,0.036830495681712,0.111366766536206,0.187160915515283,0.286354096109352,0.369668640058969,0.521697761961329,0.036830495681712,0.111366766536206,0.187160915515283,0.286354096109352,0.369668640058969,0.521697761961329,0.5,1
3.33,10.986,1.23216,0.2,0.0406053200566126,0.106940599348273,0.204761159679823,0.314155062228251,0.358399666181186,0.463002820764978,0.0406053200566126,0.106940599348273,0.204761159679823,0.314155062228251,0.358399666181186,0.463002820764978,0.0406053200566126,0.106940599348273,0.204761159679823,0.314155062228251,0.358399666181186,0.463002820764978,0.5,1
4.05,16.574,1.29808,0.2,0.0385643123526327,0.121731434462975,0.216683852576176,0.28451586387171,0.343998029309861,0.425951270511695,0.0385643123526327,0.121731434462975,0.216683852576176,0.28451586387171,0.343998029309861,0.425951270511695,0.0385643123526327,0.121731434462975,0.216683852576176,0.28451586387171,0.343998029309861,0.425951270511695,0.5,1
11.31,19.786,1.25584,0.2,0.0346932725761461,0.104733283007046,0.158873156143756,0.267338349417055,0.327022154478644,0.407352872133629,0.0346932725761461,0.104733283007046,0.158873156143756,0.267338349417055,0.327022154478644,0.407352872133629,0.0346932725761461,0.104733283007046,0.158873156143756,0.267338349417055,0.327022154478644,0.407352872133629,0.5,1
9.51,5.354,1.20272,0.2,0.0348566035882872,0.11070622192991,0.188181764676547,0.270002976754561,0.335507869363325,0.428928916938233,0.0348566035882872,0.11070622192991,0.188181764676547,0.270002976754561,0.335507869363325,0.428928916938233,0.0348566035882872,0.11070622192991,0.188181764676547,0.270002976754561,0.335507869363325,0.428928916938233,0.5,1
2.73,6.366,1.3992,0.2,0.042087888079582,0.124420798146423,0.212620001040043,0.260254444252777,0.317366469202801,0.450372368222076,0.042087888079582,0.124420798146423,0.212620001040043,0.260254444252777,0.317366469202801,0.450372368222076,0.042087888079582,0.124420798146423,0.212620001040043,0.260254444252777,0.317366469202801,0.450372368222076,0.5,1
-9.33,15.386,1.36016,0.2,0.0346557717520002,0.116818118965225,0.208505065088243,0.270081770655234,0.354799433699496,0.507624174977521,0.0346557717520002,0.116818118965225,0.208505065088243,0.270081770655234,0.354799433699496,0.507624174977521,0.0346557717520002,0.116818118965225,0.208505065088243,0.270081770655234,0.354799433699496,0.507624174977521,0.5,1
-7.59,13.89,1.37168,0.2,0.0363198329644139,0.0932946195403222,0.194589323025688,0.290381209999843,0.390342357029188,0.490254841201924,0.0363198329644139,0.0932946195403222,0.194589323025688,0.290381209999843,0.390342357029188,0.490254841201924,0.0363198329644139,0.0932946195403222,0.194589323025688,0.290381209999843,0.390342357029188,0.490254841201924,0.5,1
11.55,23.086,1.204,0.2,0.0364073437853857,0.0854884357828884,0.187411096142064,0.300235421875639,0.373271504509753,0.484215773155616,0.0364073437853857,0.0854884357828884,0.187411096142064,0.300235421875639,0.373271504509753,0.484215773155616,0.0364073437853857,0.0854884357828884,0.187411096142064,0.300235421875639,0.373271504509753,0.484215773155616,0.5,1
-14.55,21.546,1.28208,0.2,0.0385187604188753,0.104706973475891,0.194641383179669,0.249255086441062,0.337800929578972,0.446885971545632,0.0385187604188753,0.104706973475891,0.194641383179669,0.249255086441062,0.337800929578972,0.446885971545632,0.0385187604188753,0.104706973475891,0.194641383179669,0.249255086441062,0.337800929578972,0.446885971545632,0.5,1
0.450000000000001,19.478,1.37552,0.2,0.0360170469866391,0.126854016250727,0.181276780336886,0.254674480561207,0.347666672805421,0.400009827781128,0.0360170469866391,0.126854016250727,0.181276780336886,0.254674480561207,0.347666672805421,0.400009827781128,0.0360170469866391,0.126854016250727,0.181276780336886,0.254674480561207,0.347666672805421,0.400009827781128,0.5,1
-9.81,3.858,1.39664,0.2,0.0365492945753747,0.112618800584432,0.189929632404768,0.254023888260715,0.333310711035042,0.436721573044567,0.0365492945753747,0.112618800584432,0.189929632404768,0.254023888260715,0.333310711035042,0.436721573044567,0.0365492945753747,0.112618800584432,0.189929632404768,0.254023888260715,0.333310711035042,0.436721573044567,0.5,1
14.61,4.43,1.30832,0.2,0.0363938125530113,0.108453312986166,0.164102761464274,0.276796532934492,0.349290782491398,0.434926344283283,0.0363938125530113,0.108453312986166,0.164102761464274,0.276796532934492,0.349290782491398,0.434926344283283,0.0363938125530113,0.108453312986166,0.164102761464274,0.276796532934492,0.349290782491398,0.434926344283283,0.5,1
6.93,4.782,1.15664,0.2,0.0447388552091421,0.116149615018523,0.210991557860345,0.269966537537009,0.33299170372556,0.41774147543838,0.0447388552091421,0.116149615018523,0.210991557860345,0.269966537537009,0.33299170372556,0.41774147543838,0.0447388552091421,0.116149615018523,0.210991557860345,0.269966537537009,0.33299170372556,0.41774147543838,0.5,1
0.630000000000001,21.502,1.30128,0.2,0.0383468150409933,0.122634480177388,0.225629311468258,0.326752590523322,0.375967327651222,0.465431198886521,0.0383468150409933,0.122634480177388,0.225629311468258,0.326752590523322,0.375967327651222,0.465431198886521,0.0383468150409933,0.122634480177388,0.225629311468258,0.326752590523322,0.375967327651222,0.465431198886521,0.5,1
-1.05,24.142,1.1208,0.2,0.0321676475463215,0.109547062343819,0.155970408255292,0.221058631843574,0.29305376000162,0.312141223563146,0.0321676475463215,0.109547062343819,0.155970408255292,0.221058631843574,0.29305376000162,0.312141223563146,0.0321676475463215,0.109547062343819,0.155970408255292,0.221058631843574,0.29305376000162,0.312141223563146,0.5,1
-13.83,18.378,1.21872,0.2,0.0490021908971718,0.169712630436029,0.277149305090295,0.347484787722636,0.416470414814552,0.551835067749223,0.0490021908971718,0.169712630436029,0.277149305090295,0.347484787722636,0.416470414814552,0.551835067749223,0.0490021908971718,0.169712630436029,0.277149305090295,0.347484787722636,0.416470414814552,0.551835067749223,0.75,1
6.33,6.41,1.30704,0.2,0.0568863530378874,0.156117962750279,0.239995552703656,0.346415105626024,0.500435994966413,0.62320235493026,0.0568863530378874,0.156117962750279,0.239995552703656,0.346415105626024,0.500435994966413,0.62320235493026,0.0568863530378874,0.156117962750279,0.239995552703656,0.346415105626024,0.500435994966413,0.62320235493026,0.75,1
-13.53,19.258,1.39728,0.2,0.0535257972306653,0.164516308975141,0.31950619791619,0.448662338279692,0.567391930124592,0.770271630125125,0.0535257972306653,0.164516308975141,0.31950619791619,0.448662338279692,0.567391930124592,0.770271630125125,0.0535257972306653,0.164516308975141,0.31950619791619,0.448662338279692,0.567391930124592,0.770271630125125,0.75,1
-12.99,5.75,1.3544,0.2,0.0501584924395872,0.169518076108251,0.289582668556897,0.472131079485159,0.580175226003173,0.670479257925975,0.0501584924395872,0.169518076108251,0.289582668556897,0.472131079485159,0.580175226003173,0.670479257925975,0.0501584924395872,0.169518076108251,0.289582668556897,0.472131079485159,0.580175226003173,0.670479257925975,0.75,1
0.930000000000001,5.882,1.24176,0.2,0.051084264022042,0.150481624594042,0.25380443000065,0.370126248968847,0.434578374835259,0.654366055932744,0.051084264022042,0.150481624594042,0.25380443000065,0.370126248968847,0.434578374835259,0.654366055932744,0.051084264022042,0.150481624594042,0.25380443000065,0.370126248968847,0.434578374835259,0.654366055932744,0.75,1
-12.15,17.278,1.34032,0.2,0.0471752103646166,0.158180999734701,0.283467716938198,0.368987025743722,0.475444092599696,0.600433146570552,0.0471752103646166,0.158180999734701,0.283467716938198,0.368987025743722,0.475444092599696,0.600433146570552,0.0471752103646166,0.158180999734701,0.283467716938198,0.368987025743722,0.475444092599696,0.600433146570552,0.75,1
10.05,10.634,1.2232,0.2,0.0491986826092016,0.157121729798127,0.292237724931216,0.395303625655795,0.50793116981096,0.656261713877359,0.0491986826092016,0.157121729798127,0.292237724931216,0.395303625655795,0.50793116981096,0.656261713877359,0.0491986826092016,0.157121729798127,0.292237724931216,0.395303625655795,0.50793116981096,0.656261713877359,0.75,1
10.41,17.674,1.4088,0.2,0.0498036681831435,0.17996480430889,0.270942337543274,0.398248573198938,0.516909962276182,0.707147891703087,0.0498036681831435,0.17996480430889,0.270942337543274,0.398248573198938,0.516909962276182,0.707147891703087,0.0498036681831435,0.17996480430889,0.270942337543274,0.398248573198938,0.516909962276182,0.707147891703087,0.75,1
7.83,20.138,1.41584,0.2,0.0519025998595231,0.169921032540496,0.290376933931487,0.434484338989425,0.535114276391134,0.713387410765001,0.0519025998595231,0.169921032540496,0.290376933931487,0.434484338989425,0.535114276391134,0.713387410765001,0.0519025998595231,0.169921032540496,0.290376933931487,0.434484338989425,0.535114276391134,0.713387410765001,0.75,1
-10.59,16.222,1.37424,0.2,0.0559965056059748,0.183416636201439,0.286804566591401,0.387431316235898,0.53193571350237,0.666225322553839,0.0559965056059748,0.183416636201439,0.286804566591401,0.387431316235898,0.53193571350237,0.666225322553839,0.0559965056059748,0.183416636201439,0.286804566591401,0.387431316235898,0.53193571350237,0.666225322553839,0.75,1
5.13,19.698,1.20912,0.2,0.0527756790469108,0.173072586103723,0.326197861101911,0.440738324763918,0.60559187488573,0.789973113631615,0.0527756790469108,0.173072586103723,0.326197861101911,0.440738324763918,0.60559187488573,0.789973113631615,0.0527756790469108,0.173072586103723,0.326197861101911,0.440738324763918,0.60559187488573,0.789973113631615,0.75,1
0.870000000000001,8.874,1.23792,0.2,0.0524651272832532,0.178812429982464,0.297415469995882,0.445503397812342,0.601191176371956,0.697298097168423,0.0524651272832532,0.178812429982464,0.297415469995882,0.445503397812342,0.601191176371956,0.697298097168423,0.0524651272832532,0.178812429982464,0.297415469995882,0.445503397812342,0.601191176371956,0.697298097168423,0.75,1
14.25,19.434,1.16752,0.2,0.0484681768459706,0.157894657981232,0.247912663134355,0.3702628934466,0.479808249236624,0.690969898720877,0.0484681768459706,0.157894657981232,0.247912663134355,0.3702628934466,0.479808249236624,0.690969898720877,0.0484681768459706,0.157894657981232,0.247912663134355,0.3702628934466,0.479808249236624,0.690969898720877,0.75,1
5.01,24.494,1.34864,0.2,0.0580625847490023,0.170061794227178,0.282247065570569,0.399229435578446,0.525234299052909,0.724050152265656,0.0580625847490023,0.170061794227178,0.282247065570569,0.399229435578446,0.525234299052909,0.724050152265656,0.0580625847490023,0.170061794227178,0.282247065570569,0.399229435578446,0.525234299052909,0.724050152265656,0.75,1
9.75,22.778,1.37808,0.2,0.0541323317037371,0.15482608088595,0.280721150863247,0.387273626378062,0.516292319346559,0.666920162470467,0.0541323317037371,0.15482608088595,0.280721150863247,0.387273626378062,0.516292319346559,0.666920162470467,0.0541323317037371,0.15482608088595,0.280721150863247,0.387273626378062,0.516292319346559,0.666920162470467,0.75,1
-0.690000000000001,4.694,1.39088,0.2,0.0558806150617043,0.172286164596131,0.335539575312451,0.439179688994548,0.530795775155163,0.691680218936226,0.0558806150617043,0.172286164596131,0.335539575312451,0.439179688994548,0.530795775155163,0.691680218936226,0.0558806150617043,0.172286164596131,0.335539575312451,0.439179688994548,0.530795775155163,0.691680218936226,0.75,1
-1.77,11.47,1.268,0.2,0.0540467201011349,0.212480256205215,0.327150699736232,0.468948119641292,0.579999041545093,0.764483570790423,0.0540467201011349,0.212480256205215,0.327150699736232,0.468948119641292,0.579999041545093,0.764483570790423,0.0540467201011349,0.212480256205215,0.327150699736232,0.468948119641292,0.579999041545093,0.764483570790423,0.75,1
10.47,11.514,1.284,0.2,0.0571586986512769,0.168949597874389,0.296972758569318,0.39660490894481,0.491035733130354,0.624051135806768,0.0571586986512769,0.168949597874389,0.296972758569318,0.39660490894481,0.491035733130354,0.624051135806768,0.0571586986512769,0.168949597874389,0.296972758569318,0.39660490894481,0.491035733130354,0.624051135806768,0.75,1
-13.35,18.422,1.14512,0.2,0.0608862548138413,0.170173897307561,0.312340741281049,0.425580358914429,0.541303703715593,0.710744926136253,0.0608862548138413,0.170173897307561,0.312340741281049,0.425580358914429,0.541303703715593,0.710744926136253,0.0608862548138413,0.170173897307561,0.312340741281049,0.425580358914429,0.541303703715593,0.710744926136253,0.75,1
-10.95,16.442,1.38832,0.2,0.0506041826191033,0.174732300090545,0.301679044048216,0.386770448084524,0.553520547743845,0.732361388676194,0.0506041826191033,0.174732300090545,0.301679044048216,0.386770448084524,0.553520547743845,0.732361388676194,0.0506041826191033,0.174732300090545,0.301679044048216,0.386770448084524,0.553520547743845,0.732361388676194,0.75,1
-10.05,21.282,1.23408,0.2,0.0557563986076628,0.141745205362265,0.237527548513344,0.371699990552956,0.483994897615595,0.652663099062393,0.0557563986076628,0.141745205362265,0.237527548513344,0.371699990552956,0.483994897615595,0.652663099062393,0.0557563986076628,0.141745205362265,0.237527548513344,0.371699990552956,0.483994897615595,0.652663099062393,0.75,1
-3.57,11.426,1.156,0.2,0.0564795712649753,0.184391008195822,0.295110518754103,0.415872343796346,0.505371683322897,0.590068210897423,0.0564795712649753,0.184391008195822,0.295110518754103,0.415872343796346,0.505371683322897,0.590068210897423,0.0564795712649753,0.184391008195822,0.295110518754103,0.415872343796346,0.505371683322897,0.590068210897423,0.75,1
10.95,8.346,1.38768,0.2,0.0528405950726832,0.150206680707485,0.250853005372057,0.37985566751594,0.543009361447571,0.681380209833647,0.0528405950726832,0.150206680707485,0.250853005372057,0.37985566751594,0.543009361447571,0.681380209833647,0.0528405950726832,0.150206680707485,0.250853005372057,0.37985566751594,0.543009361447571,0.681380209833647,0.75,1
9.81,4.738,1.34096,0.2,0.0629986371119215,0.181693305658962,0.311942783964793,0.424796835698322,0.566632636398439,0.627702747912336,0.0629986371119215,0.181693305658962,0.311942783964793,0.424796835698322,0.566632636398439,0.627702747912336,0.0629986371119215,0.181693305658962,0.311942783964793,0.424796835698322,0.566632636398439,0.627702747912336,0.75,1
-13.05,20.886,1.37744,0.2,0.0477113587853832,0.162979405402486,0.314301474274407,0.408742373418714,0.504883287745271,0.634470701289773,0.0477113587853832,0.162979405402486,0.314301474274407,0.408742373418714,0.504883287745271,0.634470701289773,0.0477113587853832,0.162979405402486,0.314301474274407,0.408742373418714,0.504883287745271,0.634470701289773,0.75,1
-3.27,8.17,1.17648,0.2,0.0503159710011182,0.160036707830293,0.275238779401741,0.388544727967206,0.479809293055663,0.59457797606927,0.0503159710011182,0.160036707830293,0.275238779401741,0.388544727967206,0.479809293055663,0.59457797606927,0.0503159710011182,0.160036707830293,0.275238779401741,0.388544727967206,0.479809293055663,0.59457797606927,0.75,1
1.17,11.646,1.31152,0.2,0.0532989391898449,0.152663476637388,0.292650982984992,0.372193404552355,0.53362558961662,0.680180022895245,0.0532989391898449,0.152663476637388,0.292650982984992,0.372193404552355,0.53362558961662,0.680180022895245,0.0532989391898449,0.152663476637388,0.292650982984992,0.372193404552355,0.53362558961662,0.680180022895245,0.75,1
-2.73,15.43,1.3064,0.2,0.0530255297423174,0.170102059824702,0.269215508462059,0.37440988324134,0.490761785562304,0.657081364090114,0.0530255297423174,0.170102059824702,0.269215508462059,0.37440988324134,0.490761785562304,0.657081364090114,0.0530255297423174,0.170102059824702,0.269215508462059,0.37440988324134,0.490761785562304,0.657081364090114,0.75,1
4.89,8.786,1.13616,0.2,0.0517087244048572,0.179909261721222,0.298550314102942,0.478601155062388,0.599669778264945,0.780287812715199,0.0517087244048572,0.179909261721222,0.298550314102942,0.478601155062388,0.599669778264945,0.780287812715199,0.0517087244048572,0.179909261721222,0.298550314102942,0.478601155062388,0.599669778264945,0.780287812715199,0.75,1
4.11,17.322,1.22,0.2,0.0503499440168608,0.171758116198895,0.283031662354332,0.445624679010664,0.572903090924912,0.713925110471501,0.0503499440168608,0.171758116198895,0.283031662354332,0.445624679010664,0.572903090924912,0.713925110471501,0.0503499440168608,0.171758116198895,0.283031662354332,0.445624679010664,0.572903090924912,0.713925110471501,0.75,1
-6.21,13.802,1.17392,0.2,0.0572479522789023,0.189280521346288,0.341053331211981,0.479097065381806,0.570027863041707,0.713019699512059,0.0572479522789023,0.189280521346288,0.341053331211981,0.479097065381806,0.570027863041707,0.713019699512059,0.0572479522789023,0.189280521346288,0.341053331211981,0.479097065381806,0.570027863041707,0.713019699512059,0.75,1
-1.65,6.894,1.32496,0.2,0.0525675057646233,0.141517097817171,0.264385593733702,0.393976033157567,0.54738989063096,0.742749658119237,0.0525675057646233,0.141517097817171,0.264385593733702,0.393976033157567,0.54738989063096,0.742749658119237,0.0525675057646233,0.141517097817171,0.264385593733702,0.393976033157567,0.54738989063096,0.742749658119237,0.75,1
-14.67,21.106,1.17584,0.2,0.0486202319105624,0.159809579643507,0.293354086500745,0.432787410603772,0.626243398472174,0.831571921487028,0.0486202319105624,0.159809579643507,0.293354086500745,0.432787410603772,0.626243398472174,0.831571921487028,0.0486202319105624,0.159809579643507,0.293354086500745,0.432787410603772,0.626243398472174,0.831571921487028,0.75,1
14.91,5.266,1.38576,0.2,0.0619456391326079,0.150810720714317,0.257968171663555,0.38510599565215,0.419557859402702,0.57740954608675,0.0619456391326079,0.150810720714317,0.257968171663555,0.38510599565215,0.419557859402702,0.57740954608675,0.0619456391326079,0.150810720714317,0.257968171663555,0.38510599565215,0.419557859402702,0.57740954608675,0.75,1
-10.11,9.842,1.35888,0.2,0.0577110888783014,0.169727745979683,0.26991879168352,0.411243731239616,0.533677966708067,0.71976700343746,0.0577110888783014,0.169727745979683,0.26991879168352,0.411243731239616,0.533677966708067,0.71976700343746,0.0577110888783014,0.169727745979683,0.26991879168352,0.411243731239616,0.533677966708067,0.71976700343746,0.75,1
-12.33,8.918,1.21104,0.2,0.0607609918710813,0.17921459927071,0.302540093319884,0.45086191690165,0.596289464100182,0.710978081990117,0.0607609918710813,0.17921459927071,0.302540093319884,0.45086191690165,0.596289464100182,0.710978081990117,0.0607609918710813,0.17921459927071,0.302540093319884,0.45086191690165,0.596289464100182,0.710978081990117,0.75,1
-3.93,14.858,1.2456,0.2,0.0527454982988885,0.151364492765851,0.24828232679701,0.335428248427839,0.425821587451765,0.646550545884117,0.0527454982988885,0.151364492765851,0.24828232679701,0.335428248427839,0.425821587451765,0.646550545884117,0.0527454982988885,0.151364492765851,0.24828232679701,0.335428248427839,0.425821587451765,0.646550545884117,0.75,1
-8.73,4.87,1.3192,0.2,0.0630191726804237,0.192866608930327,0.275110199548778,0.382398225286538,0.499243676853685,0.619317823297214,0.0630191726804237,0.192866608930327,0.275110199548778,0.382398225286538,0.499243676853685,0.619317823297214,0.0630191726804237,0.192866608930327,0.275110199548778,0.382398225286538,0.499243676853685,0.619317823297214,0.75,1
0.390000000000001,12.306,1.36464,0.2,0.0577508533001942,0.160572424932841,0.268678087045746,0.38332598953887,0.504859048171297,0.621934591585386,0.0577508533001942,0.160572424932841,0.268678087045746,0.38332598953887,0.504859048171297,0.621934591585386,0.0577508533001942,0.160572424932841,0.268678087045746,0.38332598953887,0.504859048171297,0.621934591585386,0.75,1
-4.77,5.398,1.28656,0.2,0.0433244761998646,0.16431928872791,0.317324210908655,0.417164243696503,0.510809493836066,0.67960961986734,0.0433244761998646,0.16431928872791,0.317324210908655,0.417164243696503,0.510809493836066,0.67960961986734,0.0433244761998646,0.16431928872791,0.317324210908655,0.417164243696503,0.510809493836066,0.67960961986734,0.75,1
13.71,5.838,1.27376,0.2,0.0461951319571229,0.151838349814912,0.259109143289685,0.347238751640564,0.487082035834579,0.637066360946651,0.0461951319571229,0.151838349814912,0.259109143289685,0.347238751640564,0.487082035834579,0.637066360946651,0.0461951319571229,0.151838349814912,0.259109143289685,0.347238751640564,0.487082035834579,0.637066360946651,0.75,1
12.75,21.15,1.18544,0.2,0.0559736055371061,0.154503949456459,0.274996325304282,0.427281115137434,0.584152060076671,0.665321601116469,0.0559736055371061,0.154503949456459,0.274996325304282,0.427281115137434,0.584152060076671,0.665321601116469,0.0559736055371061,0.154503949456459,0.274996325304282,0.427281115137434,0.584152060076671,0.665321601116469,0.75,1
-13.89,9.754,1.23856,0.2,0.0522724778021047,0.151401418773737,0.253535099030406,0.388928976375825,0.513754231455279,0.711497677344518,0.0522724778021047,0.151401418773737,0.253535099030406,0.388928976375825,0.513754231455279,0.711497677344518,0.0522724778021047,0.151401418773737,0.253535099030406,0.388928976375825,0.513754231455279,0.711497677344518,0.75,1
7.77,16.53,1.32304,0.2,0.0521263812220068,0.14013423668758,0.209071258820989,0.300240791534992,0.431607716004713,0.618781192818353,0.0521263812220068,0.14013423668758,0.209071258820989,0.300240791534992,0.431607716004713,0.618781192818353,0.0521263812220068,0.14013423668758,0.209071258820989,0.300240791534992,0.431607716004713,0.618781192818353,0.75,1
-6.15,24.406,1.38,0.2,0.0585710901184701,0.192451525080542,0.306464561945034,0.389359562977481,0.483388437574605,0.70058454070507,0.0585710901184701,0.192451525080542,0.306464561945034,0.389359562977481,0.483388437574605,0.70058454070507,0.0585710901184701,0.192451525080542,0.306464561945034,0.389359562977481,0.483388437574605,0.70058454070507,0.75,1
-2.37,12.834,1.32752,0.2,0.0618893210344254,0.133654313013842,0.288232301228397,0.417787238585508,0.571361848493702,0.733823695277642,0.0618893210344254,0.133654313013842,0.288232301228397,0.417787238585508,0.571361848493702,0.733823695277642,0.0618893210344254,0.133654313013842,0.288232301228397,0.417787238585508,0.571361848493702,0.733823695277642,0.75,1
1.59,18.598,1.10352,0.2,0.0549560853825854,0.145268915467915,0.253408997907759,0.350438182112374,0.464433432455918,0.647254333003822,0.0549560853825854,0.145268915467915,0.253408997907759,0.350438182112374,0.464433432455918,0.647254333003822,0.0549560853825854,0.145268915467915,0.253408997907759,0.350438182112374,0.464433432455918,0.647254333003822,0.75,1
13.41,20.314,1.31216,0.2,0.0535603785873234,0.133144456981182,0.222919764264905,0.306372439567057,0.439655478504892,0.546464417450873,0.0535603785873234,0.133144456981182,0.222919764264905,0.306372439567057,0.439655478504892,0.546464417450873,0.0535603785873234,0.133144456981182,0.222919764264905,0.306372439567057,0.439655478504892,0.546464417450873,0.75,1
-2.79,12.878,1.23024,0.2,0.064791450637023,0.153565457080386,0.245434380787542,0.354060314522483,0.510022006416826,0.74385675921665,0.064791450637023,0.153565457080386,0.245434380787542,0.354060314522483,0.510022006416826,0.74385675921665,0.064791450637023,0.153565457080386,0.245434380787542,0.354060314522483,0.510022006416826,0.74385675921665,0.75,1
14.73,17.63,1.2296,0.2,0.0528304882675244,0.119879520857023,0.245018540748143,0.339628329945002,0.448304795499808,0.704511741549307,0.0528304882675244,0.119879520857023,0.245018540748143,0.339628329945002,0.448304795499808,0.704511741549307,0.0528304882675244,0.119879520857023,0.245018540748143,0.339628329945002,0.448304795499808,0.704511741549307,0.75,1
-5.97,5.706,1.1336,0.2,0.0505041429147772,0.170646523310505,0.276323453772367,0.41550136567756,0.524681956843532,0.656303721986942,0.0505041429147772,0.170646523310505,0.276323453772367,0.41550136567756,0.524681956843532,0.656303721986942,0.0505041429147772,0.170646523310505,0.276323453772367,0.41550136567756,0.524681956843532,0.656303721986942,0.75,1
7.29,23.922,1.35696,0.2,0.0497399242367691,0.161178268550415,0.299560331699557,0.481111220239034,0.599929244406358,0.715165958561589,0.0497399242367691,0.161178268550415,0.299560331699557,0.481111220239034,0.599929244406358,0.715165958561589,0.0497399242367691,0.161178268550415,0.299560331699557,0.481111220239034,0.599929244406358,0.715165958561589,0.75,1
5.43,7.774,1.1848,0.2,0.0489962277724769,0.143782374459722,0.253754327243777,0.3222176785661,0.431439254110134,0.627862449661339,0.0489962277724769,0.143782374459722,0.253754327243777,0.3222176785661,0.431439254110134,0.627862449661339,0.0489962277724769,0.143782374459722,0.253754327243777,0.3222176785661,0.431439254110134,0.627862449661339,0.75,1
1.29,9.402,1.16688,0.2,0.0533190209522072,0.143580258189531,0.211500232358387,0.352282584297399,0.429905751852824,0.534557847351533,0.0533190209522072,0.143580258189531,0.211500232358387,0.352282584297399,0.429905751852824,0.534557847351533,0.0533190209522072,0.143580258189531,0.211500232358387,0.352282584297399,0.429905751852824,0.534557847351533,0.75,1
6.57,21.458,1.1912,0.2,0.0483341497721442,0.13869208447654,0.245106765148417,0.374614990529696,0.508955552836839,0.668483204761557,0.0483341497721442,0.13869208447654,0.245106765148417,0.374614990529696,0.508955552836839,0.668483204761557,0.0483341497721442,0.13869208447654,0.245106765148417,0.374614990529696,0.508955552836839,0.668483204761557,0.75,1
5.61,13.978,1.20528,0.2,0.0430583924090112,0.150009017485595,0.283041147897878,0.375769439562048,0.443543885480966,0.58625973402628,0.0430583924090112,0.150009017485595,0.283041147897878,0.375769439562048,0.443543885480966,0.58625973402628,0.0430583924090112,0.150009017485595,0.283041147897878,0.375769439562048,0.443543885480966,0.58625973402628,0.75,1
-9.75,20.71,1.26224,0.2,0.0460915843683644,0.125632751207134,0.266417049704044,0.412423359854922,0.520677356847878,0.706496338007052,0.0460915843683644,0.125632751207134,0.266417049704044,0.412423359854922,0.520677356847878,0.706496338007052,0.0460915843683644,0.125632751207134,0.266417049704044,0.412423359854922,0.520677356847878,0.706496338007052,0.75,1
-11.43,11.866,1.27056,0.2,0.0551939012751956,0.171948026863729,0.316477943444971,0.405775457747341,0.471909467686623,0.531845234195138,0.0551939012751956,0.171948026863729,0.316477943444971,0.405775457747341,0.471909467686623,0.531845234195138,0.0551939012751956,0.171948026863729,0.316477943444971,0.405775457747341,0.471909467686623,0.531845234195138,0.75,1
14.79,9.534,1.2136,0.2,0.0586584236596398,0.16741805960109,0.305250096130925,0.366383775904503,0.522533020128981,0.677402559016064,0.0586584236596398,0.16741805960109,0.305250096130925,0.366383775904503,0.522533020128981,0.677402559016064,0.0586584236596398,0.16741805960109,0.305250096130925,0.366383775904503,0.522533020128981,0.677402559016064,0.75,1
-10.23,3.55,1.21424,0.2,0.0592471580728084,0.164027710929588,0.303590261471892,0.386633902051792,0.503066575772413,0.6622761891917,0.0592471580728084,0.164027710929588,0.303590261471892,0.386633902051792,0.503066575772413,0.6622761891917,0.0592471580728084,0.164027710929588,0.303590261471892,0.386633902051792,0.503066575772413,0.6622761891917,0.75,1
-14.49,18.114,1.252,0.2,0.0651189933772874,0.184980803966353,0.342303376697869,0.472119279332808,0.599672668989887,0.665830607155439,0.0651189933772874,0.184980803966353,0.342303376697869,0.472119279332808,0.599672668989887,0.665830607155439,0.0651189933772874,0.184980803966353,0.342303376697869,0.472119279332808,0.599672668989887,0.665830607155439,0.75,1
2.31,12.79,1.30256,0.2,0.0471541232995539,0.163540871955598,0.314756677137341,0.442081573197334,0.547478764052479,0.685860103206685,0.0471541232995539,0.163540871955598,0.314756677137341,0.442081573197334,0.547478764052479,0.685860103206685,0.0471541232995539,0.163540871955598,0.314756677137341,0.442081573197334,0.547478764052479,0.685860103206685,0.75,1
12.03,13.318,1.40496,0.2,0.0601035674292012,0.164784168558446,0.283566683455322,0.427216257908059,0.595349496723524,0.771621249670973,0.0601035674292012,0.164784168558446,0.283566683455322,0.427216257908059,0.595349496723524,0.771621249670973,0.0601035674292012,0.164784168558446,0.283566683455322,0.427216257908059,0.595349496723524,0.771621249670973,0.75,1
5.91,16.662,1.3288,0.2,0.0533189424715118,0.164346912693343,0.268698487199574,0.398007864595014,0.500638972165507,0.594657480373755,0.0533189424715118,0.164346912693343,0.268698487199574,0.398007864595014,0.500638972165507,0.594657480373755,0.0533189424715118,0.164346912693343,0.268698487199574,0.398007864595014,0.500638972165507,0.594657480373755,0.75,1
-9.27,4.078,1.21616,0.2,0.0504130025843315,0.15909249924477,0.268376242206993,0.420172910131573,0.575102672126457,0.712209234758583,0.0504130025843315,0.15909249924477,0.268376242206993,0.420172910131573,0.575102672126457,0.712209234758583,0.0504130025843315,0.15909249924477,0.268376242206993,0.420172910131573,0.575102672126457,0.712209234758583,0.75,1
-3.63,10.282,1.36144,0.2,0.0506319680874446,0.15161285254376,0.283744458721939,0.342882331605545,0.495882497564893,0.656340226377988,0.0506319680874446,0.15161285254376,0.283744458721939,0.342882331605545,0.495882497564893,0.656340226377988,0.0506319680874446,0.15161285254376,0.283744458721939,0.342882331605545,0.495882497564893,0.656340226377988,0.75,1
-1.29,20.93,1.13872,0.2,0.0575919149026399,0.185160817393103,0.327308776323803,0.432176552389772,0.526735582935979,0.647992150037732,0.0575919149026399,0.185160817393103,0.327308776323803,0.432176552389772,0.526735582935979,0.647992150037732,0.0575919149026399,0.185160817393103,0.327308776323803,0.432176552389772,0.526735582935979,0.647992150037732,0.75,1
14.31,18.774,1.1176,0.2,0.0563232909886907,0.185399017300437,0.294107475399175,0.397310583045043,0.524970085283848,0.740582301161303,0.0563232909886907,0.185399017300437,0.294107475399175,0.397310583045043,0.524970085283848,0.740582301161303,0.0563232909886907,0.185399017300437,0.294107475399175,0.397310583045043,0.524970085283848,0.740582301161303,0.75,1
-10.89,6.234,1.124,0.2,0.0433346309526355,0.15573596061074,0.307014701568837,0.421709338847948,0.540560123661236,0.720757956773274,0.0433346309526355,0.15573596061074,0.307014701568837,0.421709338847948,0.540560123661236,0.720757956773274,0.0433346309526355,0.15573596061074,0.307014701568837,0.421709338847948,0.540560123661236,0.720757956773274,0.75,1
10.83,6.322,1.14704,0.2,0.0583062684070919,0.152481648339052,0.251051342102337,0.397541926980958,0.585266643475323,0.713155291713966,0.0583062684070919,0.152481648339052,0.251051342102337,0.397541926980958,0.585266643475323,0.713155291713966,0.0583062684070919,0.152481648339052,0.251051342102337,0.397541926980958,0.585266643475323,0.713155291713966,0.75,1
4.35,4.958,1.18416,0.2,0.0572513632218871,0.149223199635041,0.253964432125683,0.350958768173873,0.434729774220157,0.6003730620537,0.0572513632218871,0.149223199635041,0.253964432125683,0.350958768173873,0.434729774220157,0.6003730620537,0.0572513632218871,0.149223199635041,0.253964432125683,0.350958768173873,0.434729774220157,0.6003730620537,0.75,1
-4.05,3.022,1.18032,0.2,0.0516370710822598,0.166221081921521,0.272709857715021,0.395133678661086,0.458253236764682,0.654697171908114,0.0516370710822598,0.166221081921521,0.272709857715021,0.395133678661086,0.458253236764682,0.654697171908114,0.0516370710822598,0.166221081921521,0.272709857715021,0.395133678661086,0.458253236764682,0.654697171908114,0.75,1
-9.51,12.57,1.1016,0.2,0.0476973436742417,0.154526946172794,0.25537568733668,0.31707085585095,0.443333406121361,0.60756134071364,0.0476973436742417,0.154526946172794,0.25537568733668,0.31707085585095,0.443333406121361,0.60756134071364,0.0476973436742417,0.154526946172794,0.25537568733668,0.31707085585095,0.443333406121361,0.60756134071364,0.75,1
-2.07,17.718,1.26096,0.2,0.0488168423483946,0.147011118875618,0.283292489389426,0.373960900680982,0.457388658626465,0.630507651552683,0.0488168423483946,0.147011118875618,0.283292489389426,0.373960900680982,0.457388658626465,0.630507651552683,0.0488168423483946,0.147011118875618,0.283292489389426,0.373960900680982,0.457388658626465,0.630507651552683,0.75,1
-0.450000000000001,19.214,1.12656,0.2,0.0463494824190747,0.159461884343459,0.27121041303354,0.413986480585581,0.510944606132715,0.687125314795136,0.0463494824190747,0.159461884343459,0.27121041303354,0.413986480585581,0.510944606132715,0.687125314795136,0.0463494824190747,0.159461884343459,0.27121041303354,0.413986480585581,0.510944606132715,0.687125314795136,0.75,1
-11.91,14.902,1.14384,0.2,0.0526213902792455,0.144747154974496,0.303395352930736,0.370462086926049,0.495784191934271,0.677050869900334,0.0526213902792455,0.144747154974496,0.303395352930736,0.370462086926049,0.495784191934271,0.677050869900334,0.0526213902792455,0.144747154974496,0.303395352930736,0.370462086926049,0.495784191934271,0.677050869900334,0.75,1
3.03,5.574,1.29616,0.2,0.0508314348234019,0.166868232015986,0.282178294110813,0.437778356682931,0.510558862762983,0.599561685597288,0.0508314348234019,0.166868232015986,0.282178294110813,0.437778356682931,0.510558862762983,0.599561685597288,0.0508314348234019,0.166868232015986,0.282178294110813,0.437778356682931,0.510558862762983,0.599561685597288,0.75,1
-8.01,17.058,1.37232,0.2,0.0512371777210347,0.137110005900548,0.296452314960591,0.400116038509881,0.551323145587642,0.671897435443625,0.0512371777210347,0.137110005900548,0.296452314960591,0.400116038509881,0.551323145587642,0.671897435443625,0.0512371777210347,0.137110005900548,0.296452314960591,0.400116038509881,0.551323145587642,0.671897435443625,0.75,1
-3.09,6.278,1.41072,0.2,0.0540576912149585,0.126289397597651,0.186750791775794,0.319982344284514,0.455408487909587,0.598467966509517,0.0540576912149585,0.126289397597651,0.186750791775794,0.319982344284514,0.455408487909587,0.598467966509517,0.0540576912149585,0.126289397597651,0.186750791775794,0.319982344284514,0.455408487909587,0.598467966509517,0.75,1
2.67,6.542,1.27184,0.2,0.0513144991233395,0.15876259531528,0.28276190518619,0.364981166764196,0.527020874062934,0.609413421982906,0.0513144991233395,0.15876259531528,0.28276190518619,0.364981166764196,0.527020874062934,0.609413421982906,0.0513144991233395,0.15876259531528,0.28276190518619,0.364981166764196,0.527020874062934,0.609413421982906,0.75,1
-6.99,5.178,1.4184,0.2,0.0439110135396222,0.13983017097295,0.26323719033847,0.402320914660523,0.509714934970225,0.599430994427861,0.0439110135396222,0.13983017097295,0.26323719033847,0.402320914660523,0.509714934970225,0.599430994427861,0.0439110135396222,0.13983017097295,0.26323719033847,0.402320914660523,0.509714934970225,0.599430994427861,0.75,1
-5.79,6.674,1.26544,0.2,0.0497205691356717,0.184405073431956,0.343987691084102,0.457867335347003,0.599726550976541,0.758652204609037,0.0497205691356717,0.184405073431956,0.343987691084102,0.457867335347003,0.599726550976541,0.758652204609037,0.0497205691356717,0.184405073431956,0.343987691084102,0.457867335347003,0.599726550976541,0.758652204609037,0.75,1
3.63,7.334,1.25264,0.2,0.0501191383794988,0.182303941975866,0.303363609507984,0.453219250766009,0.530201023016466,0.689726375851668,0.0501191383794988,0.182303941975866,0.303363609507984,0.453219250766009,0.530201023016466,0.689726375851668,0.0501191383794988,0.182303941975866,0.303363609507984,0.453219250766009,0.530201023016466,0.689726375851668,0.75,1
-6.75,7.994,1.18736,0.2,0.0438124633506558,0.145505410674983,0.30320269148402,0.404707550349031,0.527749627138439,0.715859749988221,0.0438124633506558,0.145505410674983,0.30320269148402,0.404707550349031,0.527749627138439,0.715859749988221,0.0438124633506558,0.145505410674983,0.30320269148402,0.404707550349031,0.527749627138439,0.715859749988221,0.75,1
10.35,10.414,1.22576,0.2,0.0575710415886442,0.152735559988181,0.311667938638079,0.406726379543097,0.557999784876214,0.721959588235899,0.0575710415886442,0.152735559988181,0.311667938638079,0.406726379543097,0.557999784876214,0.721959588235899,0.0575710415886442,0.152735559988181,0.311667938638079,0.406726379543097,0.557999784876214,0.721959588235899,0.75,1
14.67,10.326,1.24432,0.2,0.0414282317575861,0.149464914942643,0.251957493633863,0.347241307343422,0.44278084277492,0.56170987827812,0.0414282317575861,0.149464914942643,0.251957493633863,0.347241307343422,0.44278084277492,0.56170987827812,0.0414282317575861,0.149464914942643,0.251957493633863,0.347241307343422,0.44278084277492,0.56170987827812,0.75,1
7.35,8.61,1.12016,0.2,0.055119461370197,0.160607868873709,0.248462470392582,0.420356526989781,0.541073261092356,0.690449797006608,0.055119461370197,0.160607868873709,0.248462470392582,0.420356526989781,0.541073261092356,0.690449797006608,0.055119461370197,0.160607868873709,0.248462470392582,0.420356526989781,0.541073261092356,0.690449797006608,0.75,1
-4.17,9.182,1.38256,0.2,0.0513278048915142,0.183622095777705,0.318281179000818,0.422774293606067,0.589534244088986,0.705421687236149,0.0513278048915142,0.183622095777705,0.318281179000818,0.422774293606067,0.589534244088986,0.705421687236149,0.0513278048915142,0.183622095777705,0.318281179000818,0.422774293606067,0.589534244088986,0.705421687236149,0.75,1
2.37,23.13,1.11824,0.2,0.0509605460428881,0.156248530023116,0.253241506782189,0.32329606143115,0.413343086110238,0.603053419284722,0.0509605460428881,0.156248530023116,0.253241506782189,0.32329606143115,0.413343086110238,0.603053419284722,0.0509605460428881,0.156248530023116,0.253241506782189,0.32329606143115,0.413343086110238,0.603053419284722,0.75,1
-12.03,18.906,1.22896,0.2,0.0563122163938676,0.185440902257745,0.296231852122482,0.436890255296156,0.514058780160631,0.593703116687735,0.0563122163938676,0.185440902257745,0.296231852122482,0.436890255296156,0.514058780160631,0.593703116687735,0.0563122163938676,0.185440902257745,0.296231852122482,0.436890255296156,0.514058780160631,0.593703116687735,0.75,1
12.69,15.562,1.35952,0.2,0.0512816710054098,0.181270330259734,0.283074135532366,0.397859581556726,0.543202920274959,0.729284968662718,0.0512816710054098,0.181270330259734,0.283074135532366,0.397859581556726,0.543202920274959,0.729284968662718,0.0512816710054098,0.181270330259734,0.283074135532366,0.397859581556726,0.543202920274959,0.729284968662718,0.75,1
11.37,7.73,1.21296,0.2,0.0516872837173584,0.201644760725782,0.3182623074676,0.420605242327507,0.531487579790735,0.697649975181305,0.0516872837173584,0.201644760725782,0.3182623074676,0.420605242327507,0.531487579790735,0.697649975181305,0.0516872837173584,0.201644760725782,0.3182623074676,0.420605242327507,0.531487579790735,0.697649975181305,0.75,1
10.11,8.478,1.28784,0.2,0.0482774344762609,0.153274368631155,0.283105143947233,0.414205434870626,0.493730554011172,0.674539022663305,0.0482774344762609,0.153274368631155,0.283105143947233,0.414205434870626,0.493730554011172,0.674539022663305,0.0482774344762609,0.153274368631155,0.283105143947233,0.414205434870626,0.493730554011172,0.674539022663305,0.75,1
-6.57,4.518,1.3576,0.2,0.0588407604364153,0.161576791362464,0.292928508750131,0.433588014809523,0.519164073653514,0.640311553033979,0.0588407604364153,0.161576791362464,0.292928508750131,0.433588014809523,0.519164073653514,0.640311553033979,0.0588407604364153,0.161576791362464,0.292928508750131,0.433588014809523,0.519164073653514,0.640311553033979,0.75,1
3.21,23.57,1.38128,0.2,0.0581313309819097,0.194460225577088,0.311562782686756,0.406186104810628,0.529721639106697,0.684296181969152,0.0581313309819097,0.194460225577088,0.311562782686756,0.406186104810628,0.529721639106697,0.684296181969152,0.0581313309819097,0.194460225577088,0.311562782686756,0.406186104810628,0.529721639106697,0.684296181969152,0.75,1
-14.31,19.038,1.396,0.2,0.0565173186022419,0.155319364404132,0.248837121990361,0.367867398753321,0.493074888252559,0.643373731987029,0.0565173186022419,0.155319364404132,0.248837121990361,0.367867398753321,0.493074888252559,0.643373731987029,0.0565173186022419,0.155319364404132,0.248837121990361,0.367867398753321,0.493074888252559,0.643373731987029,0.75,1
-2.55,15.606,1.15344,0.2,0.0556966030817543,0.137762011826485,0.234199652853979,0.342569487768659,0.449280440739294,0.537829573989059,0.0556966030817543,0.137762011826485,0.234199652853979,0.342569487768659,0.449280440739294,0.537829573989059,0.0556966030817543,0.137762011826485,0.234199652853979,0.342569487768659,0.449280440739294,0.537829573989059,0.75,1
-5.55,10.194,1.1688,0.2,0.0567288653246119,0.168381650958346,0.290024538580987,0.388386701431127,0.510285766286488,0.679829914026502,0.0567288653246119,0.168381650958346,0.290024538580987,0.388386701431127,0.510285766286488,0.679829914026502,0.0567288653246119,0.168381650958346,0.290024538580987,0.388386701431127,0.510285766286488,0.679829914026502,0.75,1
-10.35,7.202,1.3864,0.2,0.0565586582771993,0.174672136370998,0.239074684108674,0.367017731006439,0.502502028774528,0.673909737116283,0.0565586582771993,0.174672136370998,0.239074684108674,0.367017731006439,0.502502028774528,0.673909737116283,0.0565586582771993,0.174672136370998,0.239074684108674,0.367017731006439,0.502502028774528,0.673909737116283,0.75,1
-9.57,16.838,1.28272,0.2,0.0549712389998932,0.159739099276302,0.248006752462605,0.38418446422353,0.477188284925674,0.595631544547443,0.0549712389998932,0.159739099276302,0.248006752462605,0.38418446422353,0.477188284925674,0.595631544547443,0.0549712389998932,0.159739099276302,0.248006752462605,0.38418446422353,0.477188284925674,0.595631544547443,0.75,1
-2.49,24.67,1.24816,0.2,0.0792601299811903,0.206972612930757,0.371335166350768,0.495052582238138,0.58371802595686,0.802899517392902,0.0792601299811903,0.206972612930757,0.371335166350768,0.495052582238138,0.58371802595686,0.802899517392902,0.0792601299811903,0.206972612930757,0.371335166350768,0.495052582238138,0.58371802595686,0.802899517392902,1,1
-12.57,7.422,1.2872,0.2,0.0580690183374153,0.21898237837406,0.35483933227591,0.49037244226016,0.670897207496554,0.821635460686337,0.0580690183374153,0.21898237837406,0.35483933227591,0.49037244226016,0.670897207496554,0.821635460686337,0.0580690183374153,0.21898237837406,0.35483933227591,0.49037244226016,0.670897207496554,0.821635460686337,1,1
3.27,9.314,1.35824,0.2,0.0676177833003424,0.228038078843787,0.324708860359381,0.439570100440713,0.563392772717617,0.685238399118384,0.0676177833003424,0.228038078843787,0.324708860359381,0.439570100440713,0.563392772717617,0.685238399118384,0.0676177833003424,0.228038078843787,0.324708860359381,0.439570100440713,0.563392772717617,0.685238399118384,1,1
-0.51,11.998,1.25776,0.2,0.0677599718708715,0.214732163450007,0.351341256308463,0.60799436369473,0.754096230798924,0.799306648934502,0.0677599718708715,0.214732163450007,0.351341256308463,0.60799436369473,0.754096230798924,0.799306648934502,0.0677599718708715,0.214732163450007,0.351341256308463,0.60799436369473,0.754096230798924,0.799306648934502,1,1
6.21,4.474,1.15536,0.2,0.0654831074470043,0.191417759380102,0.390072662699394,0.560305627367529,0.676521421578336,0.904231067039439,0.0654831074470043,0.191417759380102,0.390072662699394,0.560305627367529,0.676521421578336,0.904231067039439,0.0654831074470043,0.191417759380102,0.390072662699394,0.560305627367529,0.676521421578336,0.904231067039439,1,1
6.75,18.466,1.236,0.2,0.0658340785241463,0.190649506161085,0.334847794320156,0.466087213065545,0.630527297206024,0.896461668149813,0.0658340785241463,0.190649506161085,0.334847794320156,0.466087213065545,0.630527297206024,0.896461668149813,0.0658340785241463,0.190649506161085,0.334847794320156,0.466087213065545,0.630527297206024,0.896461668149813,1,1
4.23,12.174,1.22512,0.2,0.0739221990151829,0.2365102669493,0.42088243048265,0.589352208109233,0.750468041029905,0.918425289506202,0.0739221990151829,0.2365102669493,0.42088243048265,0.589352208109233,0.750468041029905,0.918425289506202,0.0739221990151829,0.2365102669493,0.42088243048265,0.589352208109233,0.750468041029905,0.918425289506202,1,1
-14.01,24.626,1.40752,0.2,0.0643542960556583,0.177268323181705,0.351387986847828,0.555400209430146,0.790182060125288,1,0.0643542960556583,0.177268323181705,0.351387986847828,0.555400209430146,0.790182060125288,1,0.0643542960556583,0.177268323181705,0.351387986847828,0.555400209430146,0.790182060125288,1,1,1
-13.29,12.086,1.29168,0.2,0.0710016643872092,0.21227346633799,0.347909207464762,0.527961347358185,0.763960853773122,0.929596066318308,0.0710016643872092,0.21227346633799,0.347909207464762,0.527961347358185,0.763960853773122,0.929596066318308,0.0710016643872092,0.21227346633799,0.347909207464762,0.527961347358185,0.763960853773122,0.929596066318308,1,1
-5.07,16.75,1.31984,0.2,0.0675181586085631,0.218095437767205,0.430964861081969,0.619840370777239,0.818708285760947,0.936958578594821,0.0675181586085631,0.218095437767205,0.430964861081969,0.619840370777239,0.818708285760947,0.936958578594821,0.0675181586085631,0.218095437767205,0.430964861081969,0.619840370777239,0.818708285760947,0.936958578594821,1,1
1.53,6.982,1.32624,0.2,0.0696107877605242,0.239839690304846,0.419910185161114,0.590429885531095,0.789392028829188,0.975571374536545,0.0696107877605242,0.239839690304846,0.419910185161114,0.590429885531095,0.789392028829188,0.975571374536545,0.0696107877605242,0.239839690304846,0.419910185161114,0.590429885531095,0.789392028829188,0.975571374536545,1,1
4.77,11.602,1.19248,0.2,0.0841420879110853,0.223124844506328,0.403390806755702,0.498970700454513,0.598221110513962,0.800339186220493,0.0841420879110853,0.223124844506328,0.403390806755702,0.498970700454513,0.598221110513962,0.800339186220493,0.0841420879110853,0.223124844506328,0.403390806755702,0.498970700454513,0.598221110513962,0.800339186220493,1,1
-2.97,7.07,1.25392,0.2,0.0666949872832699,0.185459843872829,0.312697553848568,0.440229203586229,0.654183433717515,0.901024475411286,0.0666949872832699,0.185459843872829,0.312697553848568,0.440229203586229,0.654183433717515,0.901024475411286,0.0666949872832699,0.185459843872829,0.312697553848568,0.440229203586229,0.654183433717515,0.901024475411286,1,1
10.23,20.358,1.26672,0.2,0.0767602848648213,0.230982240109114,0.364020205390423,0.556978523485209,0.669519791043768,0.872920024630792,0.0767602848648213,0.230982240109114,0.364020205390423,0.556978523485209,0.669519791043768,0.872920024630792,0.0767602848648213,0.230982240109114,0.364020205390423,0.556978523485209,0.669519791043768,0.872920024630792,1,1
7.05,22.822,1.1464,0.2,0.0707829821047859,0.203239987394929,0.377380409673936,0.524812744063303,0.608259977256796,0.761187968600203,0.0707829821047859,0.203239987394929,0.377380409673936,0.524812744063303,0.608259977256796,0.761187968600203,0.0707829821047859,0.203239987394929,0.377380409673936,0.524812744063303,0.608259977256796,0.761187968600203,1,1
14.43,11.162,1.2712,0.2,0.0707379288086042,0.255116854826062,0.444640431070964,0.605518250170249,0.894569314397832,1,0.0707379288086042,0.255116854826062,0.444640431070964,0.605518250170249,0.894569314397832,1,0.0707379288086042,0.255116854826062,0.444640431070964,0.605518250170249,0.894569314397832,1,1,1
1.71,18.51,1.31856,0.2,0.0570995114916276,0.187466813434535,0.342580610903888,0.520385399109518,0.69166372755946,0.859966649805249,0.0570995114916276,0.187466813434535,0.342580610903888,0.520385399109518,0.69166372755946,0.859966649805249,0.0570995114916276,0.187466813434535,0.342580610903888,0.520385399109518,0.69166372755946,0.859966649805249,1,1
-5.19,9.93,1.22448,0.2,0.0777140275237955,0.228185965036019,0.433696654857692,0.547631640651109,0.668155006851146,0.78296770732776,0.0777140275237955,0.228185965036019,0.433696654857692,0.547631640651109,0.668155006851146,0.78296770732776,0.0777140275237955,0.228185965036019,0.433696654857692,0.547631640651109,0.668155006851146,0.78296770732776,1,1
-11.97,14.814,1.36592,0.2,0.07160558506095,0.261429856197442,0.409903037392084,0.567613838231228,0.71816201050215,0.953542165667865,0.07160558506095,0.261429856197442,0.409903037392084,0.567613838231228,0.71816201050215,0.953542165667865,0.07160558506095,0.261429856197442,0.409903037392084,0.567613838231228,0.71816201050215,0.953542165667865,1,1
3.69,22.074,1.33392,0.2,0.0674554406641557,0.237032867470058,0.412599005192834,0.548554046035888,0.702504257732961,0.891688465730794,0.0674554406641557,0.237032867470058,0.412599005192834,0.548554046035888,0.702504257732961,0.891688465730794,0.0674554406641557,0.237032867470058,0.412599005192834,0.548554046035888,0.702504257732961,0.891688465730794,1,1
8.55,16.398,1.19824,0.2,0.0707798701300192,0.217848038809802,0.371778770244536,0.469497864475757,0.530812208182091,0.622106210642078,0.0707798701300192,0.217848038809802,0.371778770244536,0.469497864475757,0.530812208182091,0.622106210642078,0.0707798701300192,0.217848038809802,0.371778770244536,0.469497864475757,0.530812208182091,0.622106210642078,1,1
-2.43,10.854,1.23664,0.2,0.0697472702661785,0.227204533331515,0.414431593112317,0.582586034198322,0.702762134721323,0.917022382300163,0.0697472702661785,0.227204533331515,0.414431593112317,0.582586034198322,0.702762134721323,0.917022382300163,0.0697472702661785,0.227204533331515,0.414431593112317,0.582586034198322,0.702762134721323,0.917022382300163,1,1
-12.87,10.062,1.20784,0.2,0.0834346322736863,0.279891966251742,0.420673880964453,0.537155503017723,0.708504054015287,0.849555888886559,0.0834346322736863,0.279891966251742,0.420673880964453,0.537155503017723,0.708504054015287,0.849555888886559,0.0834346322736863,0.279891966251742,0.420673880964453,0.537155503017723,0.708504054015287,0.849555888886559,1,1
-6.33,13.362,1.34544,0.2,0.0627109169172938,0.239837615709272,0.392693165683291,0.526006020482271,0.679242454160437,0.953828448974638,0.0627109169172938,0.239837615709272,0.392693165683291,0.526006020482271,0.679242454160437,0.953828448974638,0.0627109169172938,0.239837615709272,0.392693165683291,0.526006020482271,0.679242454160437,0.953828448974638,1,1
-10.47,12.526,1.3352,0.2,0.0665562435255726,0.18666361166312,0.295484740792464,0.400863324248536,0.485177914312916,0.694205233253401,0.0665562435255726,0.18666361166312,0.295484740792464,0.400863324248536,0.485177914312916,0.694205233253401,0.0665562435255726,0.18666361166312,0.295484740792464,0.400863324248536,0.485177914312916,0.694205233253401,1,1
-6.27,11.294,1.2264,0.2,0.0723691486283966,0.223514090161911,0.386316036459605,0.516716065301212,0.647487604937788,0.858033920801848,0.0723691486283966,0.223514090161911,0.386316036459605,0.516716065301212,0.647487604937788,0.858033920801848,0.0723691486283966,0.223514090161911,0.386316036459605,0.516716065301212,0.647487604937788,0.858033920801848,1,1
-1.41,15.65,1.31664,0.2,0.0835907583916365,0.252220366551186,0.406656006512234,0.574129406982657,0.718250774877179,0.866693419063906,0.0835907583916365,0.252220366551186,0.406656006512234,0.574129406982657,0.718250774877179,0.866693419063906,0.0835907583916365,0.252220366551186,0.406656006512234,0.574129406982657,0.718250774877179,0.866693419063906,1,1
1.65,19.874,1.40368,0.2,0.0723305781713393,0.187726462224986,0.358585087692077,0.574520306662399,0.735033465422223,0.96407589699192,0.0723305781713393,0.187726462224986,0.358585087692077,0.574520306662399,0.735033465422223,0.96407589699192,0.0723305781713393,0.187726462224986,0.358585087692077,0.574520306662399,0.735033465422223,0.96407589699192,1,1
-0.930000000000001,12.658,1.348,0.2,0.0783512345163251,0.231223343479838,0.394386436883535,0.503850738156431,0.580942111539836,0.780173929735026,0.0783512345163251,0.231223343479838,0.394386436883535,0.503850738156431,0.580942111539836,0.780173929735026,0.0783512345163251,0.231223343479838,0.394386436883535,0.503850738156431,0.580942111539836,0.780173929735026,1,1
11.61,12.702,1.32112,0.2,0.0758231140884646,0.221459696130808,0.354189530956718,0.520707873396074,0.686593344117295,0.899069981145017,0.0758231140884646,0.221459696130808,0.354189530956718,0.520707873396074,0.686593344117295,0.899069981145017,0.0758231140884646,0.221459696130808,0.354189530956718,0.520707873396074,0.686593344117295,0.899069981145017,1,1
0.51,6.146,1.13232,0.2,0.0755856604644475,0.228652321422734,0.402137297595671,0.574913802062647,0.794803323091812,0.973348292198648,0.0755856604644475,0.228652321422734,0.402137297595671,0.574913802062647,0.794803323091812,0.973348292198648,0.0755856604644475,0.228652321422734,0.402137297595671,0.574913802062647,0.794803323091812,0.973348292198648,1,1
13.23,3.33,1.20976,0.2,0.0795951506993019,0.209636612154439,0.443159833466827,0.637095680582844,0.718355988086282,0.944577522977089,0.0795951506993019,0.209636612154439,0.443159833466827,0.637095680582844,0.718355988086282,0.944577522977089,0.0795951506993019,0.209636612154439,0.443159833466827,0.637095680582844,0.718355988086282,0.944577522977089,1,1
4.41,9.71,1.28144,0.2,0.0866727697792137,0.194953730027415,0.32845454869601,0.531423117739632,0.708266025387224,0.770122291028562,0.0866727697792137,0.194953730027415,0.32845454869601,0.531423117739632,0.708266025387224,0.770122291028562,0.0866727697792137,0.194953730027415,0.32845454869601,0.531423117739632,0.708266025387224,0.770122291028562,1,1
13.83,10.458,1.2392,0.2,0.0715566573983384,0.196622938820299,0.379685377046206,0.493038433807617,0.706214265509641,0.917513646006101,0.0715566573983384,0.196622938820299,0.379685377046206,0.493038433807617,0.706214265509641,0.917513646006101,0.0715566573983384,0.196622938820299,0.379685377046206,0.493038433807617,0.706214265509641,0.917513646006101,1,1
-8.07,17.542,1.1144,0.2,0.0684708430807373,0.255039644620292,0.390153080012221,0.543560741463329,0.711711663656274,0.968379471651427,0.0684708430807373,0.255039644620292,0.390153080012221,0.543560741463329,0.711711663656274,0.968379471651427,0.0684708430807373,0.255039644620292,0.390153080012221,0.543560741463329,0.711711663656274,0.968379471651427,1,1
5.73,24.362,1.1624,0.2,0.0718361063948058,0.216481964208937,0.342357470349381,0.543109349287057,0.725174513936711,0.91480424488337,0.0718361063948058,0.216481964208937,0.342357470349381,0.543109349287057,0.725174513936711,0.91480424488337,0.0718361063948058,0.216481964208937,0.342357470349381,0.543109349287057,0.725174513936711,0.91480424488337,1,1
-5.61,24.054,1.364,0.2,0.0683780333825662,0.196188742088036,0.316401938566679,0.492730884351917,0.629446394331255,0.865743394584235,0.0683780333825662,0.196188742088036,0.316401938566679,0.492730884351917,0.629446394331255,0.865743394584235,0.0683780333825662,0.196188742088036,0.316401938566679,0.492730884351917,0.629446394331255,0.865743394584235,1,1
5.49,13.406,1.10224,0.2,0.0542172836436506,0.23335800758563,0.405767950372744,0.612345675330759,0.75699213770555,0.91606950866501,0.0542172836436506,0.23335800758563,0.405767950372744,0.612345675330759,0.75699213770555,0.91606950866501,0.0542172836436506,0.23335800758563,0.405767950372744,0.612345675330759,0.75699213770555,0.91606950866501,1,1
6.87,9.05,1.37296,0.2,0.0696983087454273,0.236303527046321,0.390667470719801,0.589453439208085,0.691812404280618,0.895237751004665,0.0696983087454273,0.236303527046321,0.390667470719801,0.589453439208085,0.691812404280618,0.895237751004665,0.0696983087454273,0.236303527046321,0.390667470719801,0.589453439208085,0.691812404280618,0.895237751004665,1,1
-13.95,20.49,1.12144,0.2,0.0716994823241296,0.201118193116237,0.38222876780917,0.626569913090509,0.776969663381226,0.938594091750698,0.0716994823241296,0.201118193116237,0.38222876780917,0.626569913090509,0.776969663381226,0.938594091750698,0.0716994823241296,0.201118193116237,0.38222876780917,0.626569913090509,0.776969663381226,0.938594091750698,1,1
-7.23,20.402,1.3096,0.2,0.0679329570361826,0.237909046360438,0.385513083665764,0.438171213434921,0.564285159970203,0.829605910220954,0.0679329570361826,0.237909046360438,0.385513083665764,0.438171213434921,0.564285159970203,0.829605910220954,0.0679329570361826,0.237909046360438,0.385513083665764,0.438171213434921,0.564285159970203,0.829605910220954,1,1
-8.55,19.742,1.24624,0.2,0.068986642331919,0.23962318684467,0.356816626455944,0.496406021621501,0.620565968570563,0.846560479308541,0.068986642331919,0.23962318684467,0.356816626455944,0.496406021621501,0.620565968570563,0.846560479308541,0.068986642331919,0.23962318684467,0.356816626455944,0.496406021621501,0.620565968570563,0.846560479308541,1,1
5.55,19.918,1.1592,0.2,0.0792333927494514,0.209952225856396,0.357222408596589,0.4984640361322,0.716956104565422,0.998598512129917,0.0792333927494514,0.209952225856396,0.357222408596589,0.4984640361322,0.716956104565422,0.998598512129917,0.0792333927494514,0.209952225856396,0.357222408596589,0.4984640361322,0.716956104565422,0.998598512129917,1,1
10.89,5.486,1.27312,0.2,0.0710978455721911,0.229719512337406,0.380883896003509,0.479604738680043,0.626335557528269,0.82309793246376,0.0710978455721911,0.229719512337406,0.380883896003509,0.479604738680043,0.626335557528269,0.82309793246376,0.0710978455721911,0.229719512337406,0.380883896003509,0.479604738680043,0.626335557528269,0.82309793246376,1,1
-5.01,18.29,1.13552,0.2,0.0703051200054302,0.210051299262342,0.382973737833365,0.517598000478515,0.698840967285816,0.89485306181217,0.0703051200054302,0.210051299262342,0.382973737833365,0.517598000478515,0.698840967285816,0.89485306181217,0.0703051200054302,0.210051299262342,0.382973737833365,0.517598000478515,0.698840967285816,0.89485306181217,1,1
9.03,13.538,1.31024,0.2,0.0658524037600128,0.239635645263114,0.356014726756312,0.56250112494447,0.733629534507064,0.949847193872551,0.0658524037600128,0.239635645263114,0.356014726756312,0.56250112494447,0.733629534507064,0.949847193872551,0.0658524037600128,0.239635645263114,0.356014726756312,0.56250112494447,0.733629534507064,0.949847193872551,1,1
5.97,8.522,1.28464,0.2,0.0665864897849204,0.188070834507233,0.28656055065879,0.445070160554009,0.559309392306684,0.84849785619608,0.0665864897849204,0.188070834507233,0.28656055065879,0.445070160554009,0.559309392306684,0.84849785619608,0.0665864897849204,0.188070834507233,0.28656055065879,0.445070160554009,0.559309392306684,0.84849785619608,1,1
-14.91,5.046,1.11632,0.2,0.0698044193018453,0.208801166673947,0.377087543773203,0.568240691770212,0.639393672480465,0.696796318307479,0.0698044193018453,0.208801166673947,0.377087543773203,0.568240691770212,0.639393672480465,0.696796318307479,0.0698044193018453,0.208801166673947,0.377087543773203,0.568240691770212,0.639393672480465,0.696796318307479,1,1
2.79,21.942,1.11696,0.2,0.0714180355665098,0.235856819003448,0.365214500809184,0.57988882511928,0.67085682232692,0.769273757189963,0.0714180355665098,0.235856819003448,0.365214500809184,0.57988882511928,0.67085682232692,0.769273757189963,0.0714180355665098,0.235856819003448,0.365214500809184,0.57988882511928,0.67085682232692,0.769273757189963,1,1
-3.75,7.378,1.14576,0.2,0.0732562620997713,0.218842767813046,0.357355069085545,0.499972959883223,0.666367803498654,0.939914210117348,0.0732562620997713,0.218842767813046,0.357355069085545,0.499972959883223,0.666367803498654,0.939914210117348,0.0732562620997713,0.218842767813046,0.357355069085545,0.499972959883223,0.666367803498654,0.939914210117348,1,1
12.39,7.114,1.1048,0.2,0.0820470143148913,0.240632952009992,0.409710084820969,0.545806145133261,0.683117942629028,0.986742344417028,0.0820470143148913,0.240632952009992,0.409710084820969,0.545806145133261,0.683117942629028,0.986742344417028,0.0820470143148913,0.240632952009992,0.409710084820969,0.545806145133261,0.683117942629028,0.986742344417028,1,1
-14.85,17.85,1.22832,0.2,0.0800818923427162,0.262952262726039,0.415154692535441,0.515053667605565,0.697371491682702,0.8816243745552,0.0800818923427162,0.262952262726039,0.415154692535441,0.515053667605565,0.697371491682702,0.8816243745552,0.0800818923427162,0.262952262726039,0.415154692535441,0.515053667605565,0.697371491682702,0.8816243745552,1,1
-0.390000000000001,23.262,1.36208,0.2,0.0620738019525167,0.20126109052873,0.361403410066364,0.506285602980581,0.644539236871857,0.922481625167064,0.0620738019525167,0.20126109052873,0.361403410066364,0.506285602980581,0.644539236871857,0.922481625167064,0.0620738019525167,0.20126109052873,0.361403410066364,0.506285602980581,0.644539236871857,0.922481625167064,1,1
-2.25,14.418,1.28976,0.2,0.0829026999312224,0.20665905204344,0.396196840892691,0.523259427089955,0.617426320963878,0.93827333618789,0.0829026999312224,0.20665905204344,0.396196840892691,0.523259427089955,0.617426320963878,0.93827333618789,0.0829026999312224,0.20665905204344,0.396196840892691,0.523259427089955,0.617426320963878,0.93827333618789,1,1
-0.989999999999998,18.862,1.2552,0.2,0.0635666101742435,0.243991909810775,0.430353358343392,0.57412902156387,0.7283857465001,0.932439821492039,0.0635666101742435,0.243991909810775,0.430353358343392,0.57412902156387,0.7283857465001,0.932439821492039,0.0635666101742435,0.243991909810775,0.430353358343392,0.57412902156387,0.7283857465001,0.932439821492039,1,1
8.67,6.938,1.3736,0.2,0.0886470885199396,0.225675932518982,0.37786818346869,0.521864689471077,0.723311563480905,0.896630745361077,0.0886470885199396,0.225675932518982,0.37786818346869,0.521864689471077,0.723311563480905,0.896630745361077,0.0886470885199396,0.225675932518982,0.37786818346869,0.521864689471077,0.723311563480905,0.896630745361077,1,1
-5.37,24.274,1.1272,0.2,0.0719212385812469,0.225875776706185,0.363024612746542,0.488472785182244,0.653540236330853,0.826582448304848,0.0719212385812469,0.225875776706185,0.363024612746542,0.488472785182244,0.653540236330853,0.826582448304848,0.0719212385812469,0.225875776706185,0.363024612746542,0.488472785182244,0.653540236330853,0.826582448304848,1,1
9.39,15.254,1.3896,0.2,0.0674222169128001,0.202986084141329,0.320887346468988,0.432394757535019,0.580238487607286,0.770418316672643,0.0674222169128001,0.202986084141329,0.320887346468988,0.432394757535019,0.580238487607286,0.770418316672643,0.0674222169128001,0.202986084141329,0.320887346468988,0.432394757535019,0.580238487607286,0.770418316672643,1,1
-0.870000000000001,18.246,1.13168,0.2,0.0562625350299904,0.17211897794769,0.33829190205224,0.481801900889246,0.620683876176346,0.869751405195624,0.0562625350299904,0.17211897794769,0.33829190205224,0.481801900889246,0.620683876176346,0.869751405195624,0.0562625350299904,0.17211897794769,0.33829190205224,0.481801900889246,0.620683876176346,0.869751405195624,1,1
-14.19,3.506,1.25456,0.2,0.0677095484197283,0.195656010581624,0.421487965130959,0.577739574077721,0.786618073293523,0.973406938898913,0.0677095484197283,0.195656010581624,0.421487965130959,0.577739574077721,0.786618073293523,0.973406938898913,0.0677095484197283,0.195656010581624,0.421487965130959,0.577739574077721,0.786618073293523,0.973406938898913,1,1
-10.29,21.634,1.1432,0.2,0.0813905227424876,0.255323232803522,0.439255305415664,0.555752379012171,0.744494098215849,1,0.0813905227424876,0.255323232803522,0.439255305415664,0.555752379012171,0.744494098215849,1,0.0813905227424876,0.255323232803522,0.439255305415664,0.555752379012171,0.744494098215849,1,1,1
7.47,20.05,1.26864,0.2,0.0676060333421264,0.206624960132537,0.36797930140788,0.536215312236176,0.672062276061444,0.850950449398913,0.0676060333421264,0.206624960132537,0.36797930140788,0.536215312236176,0.672062276061444,0.850950449398913,0.0676060333421264,0.206624960132537,0.36797930140788,0.536215312236176,0.672062276061444,0.850950449398913,1,1
-0.75,5.926,1.10032,0.2,0.0673369436213299,0.211884237756913,0.332461073014687,0.481385186324573,0.577662011401091,0.737351873075071,0.0673369436213299,0.211884237756913,0.332461073014687,0.481385186324573,0.577662011401091,0.737351873075071,0.0673369436213299,0.211884237756913,0.332461073014687,0.481385186324573,0.577662011401091,0.737351873075071,1,1
-10.53,14.594,1.34224,0.2,0.061257133188314,0.215606387863007,0.33264692010416,0.477071770257791,0.59232087628798,0.825124983658193,0.061257133188314,0.215606387863007,0.33264692010416,0.477071770257791,0.59232087628798,0.825124983658193,0.061257133188314,0.215606387863007,0.33264692010416,0.477071770257791,0.59232087628798,0.825124983658193,1,1
-4.41,10.59,1.3704,0.2,0.0622379311117908,0.234745342114195,0.372481878336888,0.560051022418386,0.72855143542958,0.939570454422459,0.0622379311117908,0.234745342114195,0.372481878336888,0.560051022418386,0.72855143542958,0.939570454422459,0.0622379311117908,0.234745342114195,0.372481878336888,0.560051022418386,0.72855143542958,0.939570454422459,1,1
3.81,15.342,1.39152,0.2,0.0664352867514804,0.217339043770688,0.256592404501095,0.49838032823904,0.610610903284558,0.841956667287592,0.0664352867514804,0.217339043770688,0.256592404501095,0.49838032823904,0.610610903284558,0.841956667287592,0.0664352867514804,0.217339043770688,0.256592404501095,0.49838032823904,0.610610903284558,0.841956667287592,1,1
-8.67,12.13,1.4152,0.2,0.0730547349694246,0.214935165045473,0.381483774739578,0.567746232381319,0.704738060154803,0.780659244298935,0.0730547349694246,0.214935165045473,0.381483774739578,0.567746232381319,0.704738060154803,0.780659244298935,0.0730547349694246,0.214935165045473,0.381483774739578,0.567746232381319,0.704738060154803,0.780659244298935,1,1
7.59,12.394,1.24944,0.2,0.0559735531533191,0.186744245713745,0.380984054429228,0.562247242149291,0.712454825971946,0.901811629292116,0.0559735531533191,0.186744245713745,0.380984054429228,0.562247242149291,0.712454825971946,0.901811629292116,0.0559735531533191,0.186744245713745,0.380984054429228,0.562247242149291,0.712454825971946,0.901811629292116,1,1
-7.83,7.642,1.17264,0.2,0.0752218621691974,0.234436741652197,0.390770537439128,0.543361458580501,0.666336674128476,0.75649545756752,0.0752218621691974,0.234436741652197,0.390770537439128,0.543361458580501,0.666336674128476,0.75649545756752,0.0752218621691974,0.234436741652197,0.390770537439128,0.543361458580501,0.666336674128476,0.75649545756752,1,1
12.51,9.138,1.12912,0.2,0.0671233313301016,0.171390136698464,0.316925730486738,0.479401339762737,0.610419208931415,0.82516750221456,0.0671233313301016,0.171390136698464,0.316925730486738,0.479401339762737,0.610419208931415,0.82516750221456,0.0671233313301016,0.171390136698464,0.316925730486738,0.479401339762737,0.610419208931415,0.82516750221456,1,1
-6.51,3.286,1.25008,0.2,0.0761877435815859,0.1987857397619,0.394312208623799,0.571575603524977,0.715656083906001,0.955911810650721,0.0761877435815859,0.1987857397619,0.394312208623799,0.571575603524977,0.715656083906001,0.955911810650721,0.0761877435815859,0.1987857397619,0.394312208623799,0.571575603524977,0.715656083906001,0.955911810650721,1,1
8.43,23.658,1.27824,0.2,0.0704853031289261,0.233235655485377,0.373468219838843,0.505084444024019,0.633389599944582,0.89932494648681,0.0704853031289261,0.233235655485377,0.373468219838843,0.505084444024019,0.633389599944582,0.89932494648681,0.0704853031289261,0.233235655485377,0.373468219838843,0.505084444024019,0.633389599944582,0.89932494648681,1,1
-8.97,17.586,1.3416,0.2,0.0673942525316086,0.224350840980114,0.360462294095555,0.457098743471249,0.550817715329065,0.793813706541461,0.0673942525316086,0.224350840980114,0.360462294095555,0.457098743471249,0.550817715329065,0.793813706541461,0.0673942525316086,0.224350840980114,0.360462294095555,0.457098743471249,0.550817715329065,0.793813706541461,1,1
-6.45,23.834,1.12272,0.2,0.0740612339753389,0.194695833358906,0.377413859480013,0.549263317014118,0.73678872445753,0.963956652041392,0.0740612339753389,0.194695833358906,0.377413859480013,0.549263317014118,0.73678872445753,0.963956652041392,0.0740612339753389,0.194695833358906,0.377413859480013,0.549263317014118,0.73678872445753,0.963956652041392,1,1
-12.69,7.158,1.30448,0.2,0.0740780870835304,0.232423788780491,0.385688743032455,0.511572815539713,0.622919633084497,0.864231724289991,0.0740780870835304,0.232423788780491,0.385688743032455,0.511572815539713,0.622919633084497,0.864231724289991,0.0740780870835304,0.232423788780491,0.385688743032455,0.511572815539713,0.622919633084497,0.864231724289991,1,1
2.43,23.614,1.25328,0.2,0.0847962804170631,0.240959577648468,0.373397760994018,0.539933796408639,0.738404078175682,0.933764629515206,0.0847962804170631,0.240959577648468,0.373397760994018,0.539933796408639,0.738404078175682,0.933764629515206,0.0847962804170631,0.240959577648468,0.373397760994018,0.539933796408639,0.738404078175682,0.933764629515206,1,1
6.03,21.37,1.14768,0.2,0.0613403935581794,0.184822356209319,0.366839279405775,0.491955480062025,0.632015671899996,0.830623937970688,0.0613403935581794,0.184822356209319,0.366839279405775,0.491955480062025,0.632015671899996,0.830623937970688,0.0613403935581794,0.184822356209319,0.366839279405775,0.491955480062025,0.632015671899996,0.830623937970688,1,1
1.95,16.002,1.39984,0.2,0.0655655118033053,0.211871544241358,0.351554541115368,0.45832105986437,0.598961346416067,0.859565177555359,0.0655655118033053,0.211871544241358,0.351554541115368,0.45832105986437,0.598961346416067,0.859565177555359,0.0655655118033053,0.211871544241358,0.351554541115368,0.45832105986437,0.598961346416067,0.859565177555359,1,1
-2.13,12.966,1.28016,0.2,0.0618886979194744,0.243263365882344,0.442807136765492,0.541623611991779,0.747623329521384,1,0.0618886979194744,0.243263365882344,0.442807136765492,0.541623611991779,0.747623329521384,1,0.0618886979194744,0.243263365882344,0.442807136765492,0.541623611991779,0.747623329521384,1,1,1
4.53,9.226,1.23088,0.2,0.0664956610397252,0.203965600359773,0.339251706834637,0.505010654406391,0.67275465865507,0.847722257558592,0.0664956610397252,0.203965600359773,0.339251706834637,0.505010654406391,0.67275465865507,0.847722257558592,0.0664956610397252,0.203965600359773,0.339251706834637,0.505010654406391,0.67275465865507,0.847722257558592,1,1
5.07,20.182,1.4024,0.2,0.0669521137057396,0.186632680882982,0.323509577693976,0.554292701553372,0.695355106085984,0.793008252995511,0.0669521137057396,0.186632680882982,0.323509577693976,0.554292701553372,0.695355106085984,0.793008252995511,0.0669521137057396,0.186632680882982,0.323509577693976,0.554292701553372,0.695355106085984,0.793008252995511,1,1
6.15,8.83,1.30192,0.2,0.0674031771906701,0.218368865255529,0.353151020648661,0.514701753556017,0.632963294864058,0.699988389350885,0.0674031771906701,0.218368865255529,0.353151020648661,0.514701753556017,0.632963294864058,0.699988389350885,0.0674031771906701,0.218368865255529,0.353151020648661,0.514701753556017,0.632963294864058,0.699988389350885,1,1
4.17,4.342,1.23536,0.2,0.0672092666894827,0.203242005061492,0.368768358485393,0.542544393553964,0.674748110496176,0.779586131825841,0.0672092666894827,0.203242005061492,0.368768358485393,0.542544393553964,0.674748110496176,0.779586131825841,0.0672092666894827,0.203242005061492,0.368768358485393,0.542544393553964,0.674748110496176,0.779586131825841,1,1
13.77,20.666,1.36848,0.2,0.0669169028643997,0.207159243015347,0.401734950291115,0.562036924627345,0.732934325237781,0.872141393846609,0.0669169028643997,0.207159243015347,0.401734950291115,0.562036924627345,0.732934325237781,0.872141393846609,0.0669169028643997,0.207159243015347,0.401734950291115,0.562036924627345,0.732934325237781,0.872141393846609,1,1
-8.79,17.982,1.2584,0.2,0.0688437898963043,0.224932003220275,0.389934148094387,0.552073565872373,0.742433340455006,0.965854198397012,0.0688437898963043,0.224932003220275,0.389934148094387,0.552073565872373,0.742433340455006,0.965854198397012,0.0688437898963043,0.224932003220275,0.389934148094387,0.552073565872373,0.742433340455006,0.965854198397012,1,1
7.11,19.126,1.26608,0.2,0.0735356889042279,0.219615467451502,0.396873316849793,0.640552968903581,0.796902099386253,0.945797131918501,0.0735356889042279,0.219615467451502,0.396873316849793,0.640552968903581,0.796902099386253,0.945797131918501,0.0735356889042279,0.219615467451502,0.396873316849793,0.640552968903581,0.796902099386253,0.945797131918501,1,1
-7.89,17.41,1.31408,0.2,0.0783693841552659,0.217307707357909,0.409076097092096,0.532956545538526,0.662750107381626,0.853547667368335,0.0783693841552659,0.217307707357909,0.409076097092096,0.532956545538526,0.662750107381626,0.853547667368335,0.0783693841552659,0.217307707357909,0.409076097092096,0.532956545538526,0.662750107381626,0.853547667368335,1,1
-11.85,12.438,1.20208,0.2,0.0679424072538899,0.194117355120066,0.344980765048562,0.494697121223679,0.665630524140624,0.889360764522288,0.0679424072538899,0.194117355120066,0.344980765048562,0.494697121223679,0.665630524140624,0.889360764522288,0.0679424072538899,0.194117355120066,0.344980765048562,0.494697121223679,0.665630524140624,0.889360764522288,1,1
3.09,11.69,1.16496,0.2,0.0834022363473081,0.212851835688741,0.394914766982405,0.523041037149649,0.705135446183988,0.823828427804985,0.0834022363473081,0.212851835688741,0.394914766982405,0.523041037149649,0.705135446183988,0.823828427804985,0.0834022363473081,0.212851835688741,0.394914766982405,0.523041037149649,0.705135446183988,0.823828427804985,1,1
-1.35,21.81,1.27568,0.2,0.0766702793673365,0.202382518133474,0.35237264612144,0.534368578379877,0.671553055738861,0.822093565221013,0.0766702793673365,0.202382518133474,0.35237264612144,0.534368578379877,0.671553055738861,0.822093565221013,0.0766702793673365,0.202382518133474,0.35237264612144,0.534368578379877,0.671553055738861,0.822093565221013,1,1
-0.57,10.37,1.37488,0.2,0.0791165579237147,0.213349161441065,0.431123643205389,0.594753862189176,0.810074529192863,0.962024834345319,0.0791165579237147,0.213349161441065,0.431123643205389,0.594753862189176,0.810074529192863,0.962024834345319,0.0791165579237147,0.213349161441065,0.431123643205389,0.594753862189176,0.810074529192863,0.962024834345319,1,1
5.37,21.722,1.21936,0.2,0.0636039702889878,0.248148159954652,0.409629163926226,0.548961348034102,0.683482296995851,0.831758672891921,0.0636039702889878,0.248148159954652,0.409629163926226,0.548961348034102,0.683482296995851,0.831758672891921,0.0636039702889878,0.248148159954652,0.409629163926226,0.548961348034102,0.683482296995851,0.831758672891921,1,1
8.25,21.238,1.13296,0.2,0.0576243105421771,0.209069022074092,0.347519099164293,0.53076765754988,0.726537874950254,0.902729223740269,0.0576243105421771,0.209069022074092,0.347519099164293,0.53076765754988,0.726537874950254,0.902729223740269,0.0576243105421771,0.209069022074092,0.347519099164293,0.53076765754988,0.726537874950254,0.902729223740269,1,1
-4.65,22.338,1.23152,0.2,0.0728214271388409,0.208671342496032,0.365698370946759,0.481882415892059,0.678541092846951,0.925853540979145,0.0728214271388409,0.208671342496032,0.365698370946759,0.481882415892059,0.678541092846951,0.925853540979145,0.0728214271388409,0.208671342496032,0.365698370946759,0.481882415892059,0.678541092846951,0.925853540979145,1,1
5.19,14.286,1.17904,0.2,0.0729440121966019,0.217548329119719,0.348689293100254,0.50701210306176,0.664433488109582,0.83593472534765,0.0729440121966019,0.217548329119719,0.348689293100254,0.50701210306176,0.664433488109582,0.83593472534765,0.0729440121966019,0.217548329119719,0.348689293100254,0.50701210306176,0.664433488109582,0.83593472534765,1,1
-2.91,17.102,1.2168,0.2,0.0585263878592786,0.211936380900233,0.320157526143577,0.482515007731354,0.635496145198429,0.878650819562591,0.0585263878592786,0.211936380900233,0.320157526143577,0.482515007731354,0.635496145198429,0.878650819562591,0.0585263878592786,0.211936380900233,0.320157526143577,0.482515007731354,0.635496145198429,0.878650819562591,1,1
11.13,24.318,1.36336,0.2,0.0600381682633502,0.213977674836579,0.379573054219312,0.594037196474747,0.787532949756484,1,0.0600381682633502,0.213977674836579,0.379573054219312,0.594037196474747,0.787532949756484,1,0.0600381682633502,0.213977674836579,0.379573054219312,0.594037196474747,0.787532949756484,1,1,1
10.53,13.142,1.21808,0.2,0.0729985472147566,0.226883905464366,0.387396157340075,0.560977149936084,0.634281807702762,0.839363389734494,0.0729985472147566,0.226883905464366,0.387396157340075,0.560977149936084,0.634281807702762,0.839363389734494,0.0729985472147566,0.226883905464366,0.387396157340075,0.560977149936084,0.634281807702762,0.839363389734494,1,1
-7.35,4.122,1.21168,0.2,0.0778245757762013,0.247406759063638,0.41981049746747,0.572399036621036,0.724123145021638,0.973706799223087,0.0778245757762013,0.247406759063638,0.41981049746747,0.572399036621036,0.724123145021638,0.973706799223087,0.0778245757762013,0.247406759063638,0.41981049746747,0.572399036621036,0.724123145021638,0.973706799223087,1,1
3.51,22.734,1.19888,0.2,0.080080352971878,0.219675387718656,0.346708337906261,0.448972262460298,0.605823120842055,0.931538851934205,0.080080352971878,0.219675387718656,0.346708337906261,0.448972262460298,0.605823120842055,0.931538851934205,0.080080352971878,0.219675387718656,0.346708337906261,0.448972262460298,0.605823120842055,0.931538851934205,1,1
