WindDirection,WindSpeed,AirDensity,WindShear,B1Er1,B1Er2,B1Er3,B1Er4,B1Er5,B1Er6,B2Er1,B2Er2,B2Er3,B2Er4,B2Er5,B2Er6,B3Er1,B3Er2,B3Er3,B3Er4,B3Er5,B3Er6,Alpha,Shape,Timemean,RootFxb1mean,RootFyb1mean,RootFzc1mean,RootMxb1mean,RootMyb1mean,RootMzc1mean,TipDxc1mean,TipDyc1mean,TipDzc1mean,TipDxb1mean,TipDyb1mean,TipALxb1mean,TipALyb1mean,TipALzb1mean,TipRDxb1mean,TipRDyb1mean,HSShftVmean,B1Pitchmean,B1N1Clmean,B1N2Clmean,B1N3Clmean,B1N4Clmean,B1N5Clmean,B1N6Clmean,B1N1Cdmean,B1N2Cdmean,B1N3Cdmean,B1N4Cdmean,B1N5Cdmean,B1N6Cdmean,GenPwrmean,GenTqmean,Timesd,RootFxb1sd,RootFyb1sd,RootFzc1sd,RootMxb1sd,RootMyb1sd,RootMzc1sd,TipDxc1sd,TipDyc1sd,TipDzc1sd,TipDxb1sd,TipDyb1sd,TipALxb1sd,TipALyb1sd,TipALzb1sd,TipRDxb1sd,TipRDyb1sd,HSShftVsd,B1Pitchsd,B1N1Clsd,B1N2Clsd,B1N3Clsd,B1N4Clsd,B1N5Clsd,B1N6Clsd,B1N1Cdsd,B1N2Cdsd,B1N3Cdsd,B1N4Cdsd,B1N5Cdsd,B1N6Cdsd,GenPwrsd,GenTqsd
5.22,18.796,1.38224,0.2,0,0,0,0,0,0,0,0,0,0,0,0,0,0,0,0,0,0,0,1,150.000015727529,160.692532027914,-10.5677586569107,619.346474325591,174.640593896469,4310.62378918863,-47.4636579522967,1.26805509113634,-0.460484906561816,-0.0317522482345589,1.34559959868764,-0.0967654309238621,-0.358546489156338,-0.699250808374127,-101.092209144882,0.124332539964587,2.26063677512863,1173.72940318717,15.8449213623576,1.46916914904697,0.860840047911676,0.469081658160608,0.361795698364753,0.219962115665035,0.139448558507864,0.029253161923758,0.00910698172461201,0.00611479408394958,0.00602924591188418,0.00573905978543901,0.0058572947609624,4999.97469013644,43.093505884804,17.3232166618681,54.5703356490372,120.971338256947,118.052885140144,2514.13222559902,1661.14622848472,20.2963370287512,0.729090731719306,0.532969661701391,0.0274951621950907,0.826635540624628,0.363726013102398,3.24015157846635,0.572815197925875,1.73818439290941,0.579326725694326,1.71327815428411,0.913497712564568,0.00617931384894686,0.283746774104634,0.214716374145537,0.155202674919228,0.131751401222918,0.129140296527736,0.099206942119687,0.0454389367522152,0.011661032871317,0.0035429228693432,0.00155978373729348,0.00107867825493765,0.0010399171286006,3.35597802596284,0.0118593841074126
2.1,11.58,1.25296,0.2,0,0,0,0,0,0,0,0,0,0,0,0,0,0,0,0,0,0,0,1,150.000015727529,278.080002083116,-40.9765205602542,577.253629830226,1328.83967678367,9945.00749921883,3.49704620841579,5.49359514633892,-0.584262991355067,-0.422341693573586,5.49359514633892,-0.584262991355067,16.3825446307676,-0.682920017706489,-97.0446099364653,0.974540193729818,12.2086990938444,1159.97718987605,1.63625897823144e-17,1.48639922924695,1.15289811477971,0.939255765024475,0.965978241849808,0.994074919279239,0.975018331423811,0.0163470030196855,0.00996026013915216,0.00607126669930215,0.00603912430090615,0.00674894102166441,0.00603303169393814,4895.95417144047,42.6972138318926,17.3232166618681,12.7108922303536,125.140460538335,121.36247235211,2602.44664076684,593.587857813613,46.3678838125045,0.401047219701878,0.356082785060389,0.0621759012299501,0.401047219701878,0.356082785060389,1.74186627575634,0.322925103589842,0.891388392960905,0.569951708239322,0.877026762923204,0.708431702693226,1.35165944097342e-15,0.14540644355933,0.0952922318536716,0.0786068553940311,0.0717288663596598,0.0593215746663212,0.0513601136316619,0.0254196049822879,0.0083436822379186,0.00440301023755324,0.00332457484066729,0.00258485887549538,0.00181885804827977,6.86365606104749,0.0506079395153777
11.46,13.076,1.19408,0.2,0,0,0,0,0,0,0,0,0,0,0,0,0,0,0,0,0,0,0,1,150.000015727529,224.910155192167,-25.1366386105614,606.180002083116,734.531727913759,7710.27111759192,-7.75523384564109,3.95461566503489,-0.701645755650453,-0.221732559108426,3.99865170294761,-0.376910834550776,10.8152698677221,-0.288144182408082,-100.400329132383,0.621937293184043,8.7095773356942,1173.65097385689,4.67622997604416,1.39210252057077,0.988603874596396,0.745731934173524,0.751006905530673,0.741653827726279,0.711909332361212,0.022238995678471,0.00943933388949066,0.00607706415337986,0.00602283282991355,0.00601234402666388,0.0057312795542131,5000.01416519113,43.093336110821,17.3232166618681,18.854655647072,125.060526322074,120.083915086666,2580.2790295963,679.723629291171,33.7309787918753,0.392924061498632,0.360981668811119,0.0443933423147814,0.406273790238627,0.345889529264474,1.54334689743093,0.19196319539832,0.993411040721444,0.550353736190266,0.88635190239427,0.476687069177077,0.00685626396150571,0.306184321923189,0.19487149726269,0.137533766311898,0.114635924984711,0.103808397441428,0.0890392766469642,0.0484624933566046,0.0132632611962125,0.00551619274416788,0.00338890340004901,0.00215904028396395,0.00123045626021392,1.29357682150144,0.00575583372886847
6.9,10.788,1.2824,0.2,0,0,0,0,0,0,0,0,0,0,0,0,0,0,0,0,0,0,0,1,150.000015727529,256.304499531299,-32.5868712071659,560.151411311322,1075.10606956567,9214.18570982189,0.329245383814187,5.1350420789501,-0.520268812623685,-0.369738662639308,5.1350420789501,-0.520268812623685,14.7099156337881,-0.603812411262369,-94.4029778148111,0.871922664305802,11.4586793042391,1142.39391730028,2.21512244662015e-17,1.34940308301219,1.04084550567649,0.849664243307988,0.885919810436412,0.929134288094988,0.923998656389958,0.0149305964218311,0.00933138544939068,0.00611721259858347,0.00606169785907718,0.00637838332871577,0.00589289969794812,4004.21674825539,35.4576085824394,17.3232166618681,10.7241649131969,124.797328708055,120.774812427999,2571.53653911338,537.92350039676,42.8524722163491,0.362085633719213,0.34102153014162,0.0520594564620872,0.362085633719213,0.34102153014162,1.53639396401876,0.241608785873899,0.805440663826494,0.544088017738575,0.818661130900739,0.595311960440376,1.33450540198477e-15,0.186144025238955,0.122375291899792,0.0957929163475435,0.0902480185101353,0.0809070191848071,0.0699804829731323,0.0268947000552026,0.00895114428762439,0.00457661677215717,0.00340200679921081,0.00256328253276079,0.00163373589321916,5.79025714455373,0.0449632871685416
14.1,8.94,1.29648,0.2,0,0,0,0,0,0,0,0,0,0,0,0,0,0,0,0,0,0,0,1,150.000015727529,179.799822935111,-23.0077886654515,394.644224559942,748.537910699927,6544.57910634309,-2.25623542624727,3.71456098323091,-0.371579524099157,-0.194931361316529,3.71456098323091,-0.371579524099157,6.75061649828143,-0.309294790632226,-66.3328351213415,0.625979221276951,8.34247734610978,953.504072492446,5.84090518695965e-18,1.29006849286533,0.996953733986044,0.814869513592335,0.854779054265182,0.906020185397353,0.912829517758565,0.0154335792636184,0.0091722223618373,0.00603224245930632,0.00598239136964899,0.00654106072284137,0.00642540454119362,2191.83303822518,23.2538027288826,17.3232166618681,6.26493939265535,123.187927931711,120.072267884045,2516.30262529782,389.518067906881,31.1338356255394,0.271136087168479,0.321341186304985,0.0281919112718,0.271136087168479,0.321341186304985,0.94092293609047,0.204072973395625,0.602198284412779,0.510529499845493,0.664108556114477,0.224000271006442,1.37721116999395e-15,0.270389981446377,0.1720857219251,0.13105196190611,0.12539542438232,0.116218618240971,0.108776784505524,0.0405333464426256,0.0119950854255975,0.00584163953826979,0.00424377729847375,0.00312503093944015,0.00200418373198111,0.865264908554728,0.00520879033165098
8.46,15.804,1.212,0.2,0,0,0,0,0,0,0,0,0,0,0,0,0,0,0,0,0,0,0,1,150.000015727529,180.330278096032,-13.7349366048328,616.289376106655,315.908799604208,5610.38860535361,-26.3316161244662,2.38757462764295,-0.653354682845537,-0.0859381272784085,2.46729694823456,-0.199577344041245,4.42657000677013,-0.316991779748985,-100.990564524529,0.312409688261639,5.03891386313926,1173.58993854807,10.6798333506926,1.4243318925112,0.900916946151442,0.581514560983231,0.530399791688366,0.452198510571816,0.391532371627955,0.0268463947776273,0.00924846692427872,0.00612009043399645,0.00603455327570045,0.00576165909801062,0.00569822883033017,4999.99218831372,43.0933621497758,17.3232166618681,37.6638776550743,123.784376158749,119.345459746574,2570.1280916847,1170.63219472399,23.2627851993802,0.568125157203801,0.439447311239814,0.039854179927592,0.621108378089842,0.360702857251356,1.73177553789717,0.344864210717091,1.36168327739806,0.57467844720528,1.30613893075501,0.505448239987638,0.00577831219147128,0.310596430231169,0.214584680752937,0.150046529375188,0.123135565908568,0.11317306000689,0.0976184185462381,0.0484974080899898,0.0127146254038362,0.00446612111707862,0.00238484509793525,0.00138914519239155,0.00080331441282999,1.82968616740708,0.00666981544307274
12.06,7.972,1.41424,0.2,0,0,0,0,0,0,0,0,0,0,0,0,0,0,0,0,0,0,0,1,150.000015727529,161.988907405479,-19.9558231746693,338.96273304864,646.825451150922,5934.68794917196,-4.30096701489428,3.40426361837308,-0.334202761057181,-0.164303895427559,3.40426361837308,-0.334202761057181,5.12374742214353,-0.239335669955317,-56.7420685345276,0.565110396951359,7.67499895844182,881.351807103433,1.73856374960942e-17,1.22084558900114,0.940031475887928,0.77079713571503,0.815105926465993,0.872676710759296,0.887415592125821,0.0133989664862723,0.00863706743769398,0.00601182152806999,0.00598756504530779,0.0063705687949172,0.00630527903343402,1730.99687532549,19.8664066243105,17.3232166618681,5.17453569413361,122.955429096244,120.299042349457,2520.13653764703,340.459105029474,28.3250300949393,0.244070952325236,0.325272383536299,0.0234308120998269,0.244070952325236,0.325272383536299,0.809383976944986,0.172620528098648,0.530839814086319,0.517468977464535,0.590015064778504,0.205424141198248,1.38291007484295e-15,0.226546700901017,0.147349404608,0.112593204812369,0.109808486320495,0.103536172680798,0.0952061384334117,0.0307261050348071,0.00973340915984504,0.00473917515943696,0.00356246684372917,0.00268075330140637,0.00169279343121896,0.75910489090255,0.00515214901252725
9.3,18.62,1.2248,0.2,0,0,0,0,0,0,0,0,0,0,0,0,0,0,0,0,0,0,0,1,150.000015727529,160.302066451411,-11.0231284793251,618.682678887616,209.009004853661,4487.52577856473,-37.9543993334028,1.48048058535569,-0.514732061260285,-0.0408012552546609,1.56288808457452,-0.1189847419248,0.596764002062285,-0.605611549655245,-101.097023226747,0.165727884747214,2.82188496521196,1173.73294448495,14.8180668680346,1.46995599416728,0.920241870638474,0.530187459639621,0.426287876262889,0.292404631809187,0.201498373284033,0.0597971272200812,0.0097233221171753,0.00616475692790335,0.00604910394750547,0.00588521653994376,0.00568786168107489,4999.98593896469,43.0935517133631,17.3232166618681,53.9139174672629,122.327302532989,118.350649373966,2546.80228551192,1666.66998201347,21.9125394369981,0.758199405148001,0.533568097958371,0.0326842368104475,0.850362670467533,0.369380454416353,3.73714514174328,0.559756967909705,1.72566945113037,0.588827333667666,1.78393395626248,0.84934224914848,0.00565980961401109,0.366297619099656,0.277749424888394,0.194291364544266,0.157334371962761,0.147302188163031,0.126452027102633,0.0803581184272217,0.0169822666728825,0.00528893756352533,0.00238802510604693,0.00117805404201932,0.00145238237369074,3.12461833936414,0.00937464762846228
-2.94,3.836,1.4104,0.2,0,0,0,0,0,0,0,0,0,0,0,0,0,0,0,0,0,0,0,1,150.000015727529,65.0857535673368,-4.69563722216436,214.896073325695,119.714585803562,2323.50317675242,-16.5120121862306,1.37657337777315,-0.109768665536923,-0.0282357775231747,1.37657337777315,-0.109768665536923,0.407827819487553,-0.0504024802351838,-35.0617123216332,0.19101475692532,3.16380147901261,691.213092386209,-8.85074132902823e-18,0.42572770544735,0.338325164045412,0.311050900947817,0.381028913654828,0.458140891573795,0.565941964378711,0.0120302378918862,0.00859959962503906,0.0059983234038121,0.0059964890115613,0.00621127799187585,0.00616467003437142,139.916477450268,2.04764545359857,17.3232166618681,3.28465527067625,123.054510297701,119.311054233498,2542.75838116883,69.5282647509787,11.0390184373977,0.110126597867408,0.337769129617257,0.00487995601095258,0.110126597867408,0.337769129617257,0.210544022880988,0.0508618857322472,0.37176334450275,0.539610118612787,0.196098942293541,0.0708462883153495,1.0631269599771e-15,0.0273212941035906,0.0234354031070129,0.0195532542973105,0.0188529469225233,0.0231572928261994,0.0252111604390294,0.0018299161425076,0.000734215363426512,0.000368821528208309,0.000328896027309975,0.000517135763629791,0.000353928096020942,0.201725181085962,0.00290174380131983
-9.18,11.492,1.19152,0.2,0,0,0,0,0,0,0,0,0,0,0,0,0,0,0,0,0,0,0,1,150.000015727529,260.398437662743,-38.2137968583481,569.199677116967,1229.88595756692,9317.12269555255,-0.209110886574317,5.14974815123425,-0.544991007624206,-0.373409124049578,5.14974815123425,-0.544991007624206,14.8759181335278,-0.623628329830226,-95.6996958650143,0.909394375585876,11.4480308301219,1150.24924487033,-6.66816792313301e-18,1.45612717425268,1.12750890532236,0.917359962503905,0.94968356421206,0.983580824914072,0.965024841162376,0.0148093646235809,0.00938879594740131,0.00599811447213832,0.00599368372721593,0.00650804113113217,0.00613312620956151,4401.97885636913,38.7120008332466,17.3232166618681,16.0038167210882,126.698579790219,120.637133599156,2682.35207311138,725.920907757335,44.574868805138,0.522603755351278,0.387092124866354,0.0775616432135953,0.522603755351278,0.387092124866354,1.73898286236203,0.33632709017445,1.04522494149614,0.623229024239842,1.14343469847403,0.733183485540813,1.29366231881339e-15,0.140209151701513,0.043315864453977,0.0174757558539041,0.0315871252227349,0.041286384811696,0.0608662943170852,0.027797782890008,0.0060314737552098,0.00292453581189142,0.00270018318713937,0.0023779623793742,0.00197987279800899,7.03694645427302,0.0534043771549261
14.7,18.708,1.38352,0.2,0.0204197584139303,0.0486200807446432,0.104399036418669,0.119206241768259,0.15293266919019,0.201750590545887,0.0204197584139303,0.0486200807446432,0.104399036418669,0.119206241768259,0.15293266919019,0.201750590545887,0.0204197584139303,0.0486200807446432,0.104399036418669,0.119206241768259,0.15293266919019,0.201750590545887,0.25,1,150.000015727529,164.378728257473,-11.0166258775128,618.514300593689,192.103273700656,4545.1918550151,-46.7907445057806,1.45188910009374,-0.49864283442558,-0.0410536187168004,1.53113882303927,-0.110660506061869,0.410313598375169,-0.602858400141652,-101.092726799292,0.149887539631288,2.71007798498615,1173.69982293511,14.8211165503595,1.40522307051349,0.886582928861576,0.517555806686803,0.412133079887512,0.254560128268931,0.177629350109364,0.0990222870690553,0.0134117293719404,0.00673891516581606,0.00674768826163941,0.00872408082491408,0.00840897791896677,4999.9798979273,43.093420477034,17.3232166618681,61.1995144574728,123.295569086129,118.525616994865,2574.04949491189,1907.15782226358,26.9476390610592,0.830702735185549,0.559001532291532,0.0353924628705109,0.9278322640151,0.376407067438217,3.22196625456534,0.606769287805646,1.81052170233456,0.598874314042004,1.90830893928645,0.984827062810891,0.00693444437322893,0.483299461417285,0.355074290036612,0.250087368295807,0.194135568164209,0.160159280988203,0.116105251902682,0.126209435903482,0.024126463844494,0.00763443307284431,0.00337767002011568,0.00171428576767653,0.00142464156169334,3.73746683792377,0.0115021353733739
-7.38,9.028,1.20688,0.2,0.019796804187448,0.0508058526322922,0.101116243321726,0.138144773883287,0.143038734155684,0.245782256586311,0.019796804187448,0.0508058526322922,0.101116243321726,0.138144773883287,0.143038734155684,0.245782256586311,0.019796804187448,0.0508058526322922,0.101116243321726,0.138144773883287,0.143038734155684,0.245782256586311,0.25,1,150.000015727529,173.145120299969,-23.0769284504739,395.847265909801,745.848374627643,6208.38402249766,-4.50820831277992,3.41856442037287,-0.350252323620456,-0.164857827309655,3.41856442037287,-0.350252323620456,5.88613592334132,-0.285431234406937,-66.3460097906468,0.584460164553276,7.58709426101448,952.858410582235,1.12720740443704e-17,1.34705613998542,1.03297672117487,0.867737204457869,0.919322258098114,0.896959347984586,0.859246703468389,0.0132533034308926,0.0120818274434955,0.00600067863212166,0.00998673306947193,0.00894178970940528,0.0120138816789918,2187.38256431622,23.2219289657335,17.3232166618681,8.7693200627603,124.961331067416,119.641271259619,2608.36816333664,447.556363199683,28.8417847543412,0.33977763537441,0.359326158169897,0.0335607422790467,0.33977763537441,0.359326158169897,0.889140676417641,0.242439521140858,0.701968959656192,0.575912928246463,0.734527957240637,0.23543473650817,1.33072328170321e-15,0.104604587186575,0.0343228799223615,0.0254337268507284,0.0372234353172451,0.0415926025367873,0.0468786648546952,0.0187721270461449,0.00474083451670861,0.00237098357248764,0.00229951634703887,0.00180704418406665,0.00192718853848648,0.904954031206778,0.00603182147231918
7.98,22.14,1.1672,0.2,0.0179935156371044,0.0651955175593149,0.0769948505659309,0.107172382820169,0.177557574164961,0.189552629007661,0.0179935156371044,0.0651955175593149,0.0769948505659309,0.107172382820169,0.177557574164961,0.189552629007661,0.0179935156371044,0.0651955175593149,0.0769948505659309,0.107172382820169,0.177557574164961,0.189552629007661,0.25,1,150.000015727529,151.933481928966,-8.82234459639621,619.837600249974,99.0269064159983,3841.23282991355,-40.0400340589522,0.931745483051766,-0.378155511863347,-0.0228039007290907,1.00405006190053,-0.0551494255212998,-1.68366212661181,-0.939946145724404,-101.071903968336,0.0532541541985209,1.46530811455057,1173.69419852099,18.9461410269761,1.50491411311322,0.975120247890846,0.539435058848036,0.376060477033642,0.184431120045829,0.0682210631078013,0.0984264770128112,0.0140880761140506,0.00649543309915633,0.00661857025309863,0.00794922393500678,0.00857558837621081,4999.9871888345,43.0934788042911,17.3232166618681,61.7760890655882,118.759493341121,117.596254611165,2471.52991209265,1842.3202232865,21.5500539404339,0.756279576804352,0.576440290054853,0.0212902760259049,0.880283786309641,0.359646973036976,2.49336894032008,0.664844280940234,1.90835221230088,0.571311532999473,1.80329266483366,0.858303004578581,0.00495106311683324,0.335374449902902,0.299304098466309,0.231417284408128,0.192387508013778,0.146891012269036,0.123387650534948,0.109954000774287,0.0200840773995076,0.00649200197105977,0.00271330185764781,0.00165186849111278,0.00136201611442922,3.19637529454988,0.00956233897834626
6.66,5.948,1.1032,0.2,0.0177967932497942,0.0468896780002544,0.0878423407993063,0.13341014085453,0.184373396077621,0.198775477975588,0.0177967932497942,0.0468896780002544,0.0878423407993063,0.13341014085453,0.184373396077621,0.198775477975588,0.0177967932497942,0.0468896780002544,0.0878423407993063,0.13341014085453,0.184373396077621,0.198775477975588,0.25,1,150.000015727529,87.9657108634517,-2.5094174997396,248.338831371732,143.2850089574,3117.58056452453,-7.29415836048328,1.74571138423081,-0.144202642561192,-0.0438299614623477,1.74571138423081,-0.144202642561192,1.03207465607749,-0.0873279123945422,-41.2684532861161,0.245264136966982,3.92051817519008,749.860847828348,1.34242553900635e-17,0.963793198625143,0.756304614102697,0.641864378710551,0.709664305801479,0.718659597958546,0.748084418289761,0.0128711421207166,0.0113739925007812,0.00638730413498594,0.00782654598479326,0.00930334152692428,0.00964156869076137,571.464701593584,7.70918643891262,17.3232166618681,1.45491494501386,121.727810066805,120.660440377328,2509.92033284588,123.6487034629,14.4086102974644,0.123472920127293,0.329692951738188,0.00651325082112852,0.123472920127293,0.329692951738188,0.358522589569207,0.0649572744266214,0.432403930960734,0.525850457188431,0.275495036456805,0.123276746031882,1.22628345430803e-15,0.1215872326022,0.0885958274892193,0.071924802526608,0.0734799285927783,0.0718557167016887,0.0627725718607925,0.013210959675521,0.00502685126360449,0.00263467942764402,0.00220487306078178,0.00166507455023082,0.00104114055321898,0.517852875871613,0.00622672561713503
-14.46,12.284,1.2056,0.2,0.0172066260878636,0.0485290069159912,0.0915533243001979,0.132029206221143,0.172280808813225,0.210378416999754,0.0172066260878636,0.0485290069159912,0.0915533243001979,0.132029206221143,0.172280808813225,0.210378416999754,0.0172066260878636,0.0485290069159912,0.0915533243001979,0.132029206221143,0.172280808813225,0.210378416999754,0.25,1,150.000015727529,272.294167274242,-41.456701105614,581.033038225186,1334.68095292157,9611.12519529216,0.749507939808353,5.16374075617124,-0.560716092073742,-0.374064201645662,5.16374075617124,-0.560716092073742,15.0139308405374,-0.648409334871368,-97.4358983439225,0.927839939589626,11.3523298614728,1160.65003645454,1.39988837725234e-18,1.54738350171857,1.19208457452349,1.00545303614207,1.03252420581189,0.958655650453079,0.920815290073951,0.0404026402073742,0.0132321983828768,0.0066323819320904,0.0139905972086241,0.0122326294136027,0.0132485710863452,4931.24841162379,42.9795333819391,17.3232166618681,19.5706218320326,127.318441121137,121.2613157178,2708.56548627501,873.272302744782,45.3032273562818,0.609121890831221,0.396755922319584,0.0904065002768201,0.609121890831221,0.396755922319584,1.86078512898672,0.32433699857481,1.06498271096998,0.639345991938097,1.33749104897039,0.516611806957207,1.29810927022351e-15,0.257701513372438,0.0793041411575601,0.0377163075279288,0.0414679281123896,0.0458808604975554,0.0677951876790623,0.0605643597318866,0.0101024578020859,0.00407714964570202,0.0036911636639571,0.00361481684136413,0.00400391129948441,7.01268596216044,0.0534018858428401
2.82,14.748,1.3272,0.2,0.0143213644073138,0.0478914901154269,0.0969770694168856,0.116641648877683,0.164585526008609,0.243699677787102,0.0143213644073138,0.0478914901154269,0.0969770694168856,0.116641648877683,0.164585526008609,0.243699677787102,0.0143213644073138,0.0478914901154269,0.0969770694168856,0.116641648877683,0.164585526008609,0.243699677787102,0.25,1,150.000015727529,193.833059056348,-15.5063005103635,614.757598166858,361.807914071451,6120.00531194667,-27.5559863744297,2.66957348192897,-0.666429369857307,-0.103906283720446,2.74238048119988,-0.223829951006145,5.48346371211332,-0.25916602220602,-100.928723049682,0.352691045502552,5.64156889907301,1173.57983543381,9.35071888344963,1.38130746797209,0.870913915217163,0.593417862722633,0.561747213831892,0.45922551817519,0.399507134673472,0.0154944410469743,0.0116078407094053,0.00703732204978648,0.00729539318820956,0.00797728642849704,0.00866292625768148,4999.98500156234,43.0933548588687,17.3232166618681,32.3029303157616,123.691609410205,119.312013404025,2566.84828323374,1012.76930156919,24.3312655256985,0.50196867332622,0.418931497255802,0.0394288327840003,0.546864807248077,0.358341637369176,1.62547733169167,0.290513668820465,1.27790587749177,0.57136044203366,1.14261364445153,0.529057351568319,0.00525846803608411,0.185436075675506,0.128995268284073,0.0998770054588721,0.0873688467241816,0.0775609646960907,0.0684436577756926,0.0269278909435767,0.00812662559800799,0.00357441370682286,0.00218808854774727,0.00136269985882506,0.00163165128882109,1.98231346918234,0.00734591720386361
-7.14,3.748,1.28368,0.2,0.0149115315692445,0.0636472624722302,0.0792785327203257,0.110131528463142,0.169422560914367,0.24935239167067,0.0149115315692445,0.0636472624722302,0.0792785327203257,0.110131528463142,0.169422560914367,0.24935239167067,0.0149115315692445,0.0636472624722302,0.0792785327203257,0.110131528463142,0.169422560914367,0.24935239167067,0.25,1,150.000015727529,58.3284991146756,-3.12578964503698,210.27644099573,80.673401718571,2029.02197687741,-16.0547520049995,1.16413144464118,-0.0897243021747734,-0.0204668284553692,1.16413144464118,-0.0897243021747734,0.0932048703197584,-0.0414557591874805,-34.5454713050724,0.155081618835538,2.64875054681804,686.040839495896,1.78118081449847e-19,0.402976658681387,0.321449713571502,0.305517289865639,0.382246984689094,0.426356650348922,0.509225289032392,0.0120309229246953,0.00974534621393607,0.00600094771377982,0.00600037433600667,0.00774109790646807,0.010446976044162,104.964691178003,1.54776127486719,17.3232166618681,3.71249586520873,122.819003132977,119.578569577308,2539.44336432742,87.0168855517894,9.2943848601842,0.120770869537484,0.338583529708188,0.00450819291825156,0.120770869537484,0.338583529708188,0.18618966739703,0.0496208779587133,0.369040068446807,0.541155127871295,0.212131075723152,0.0568045201245511,1.00589411987281e-15,0.0217342742939447,0.0155253524574603,0.0156020842954632,0.0215944218183162,0.0267631101788513,0.031583866200138,0.00165292262948354,0.00108672219604342,0.00033134925112968,0.000365393501446898,0.00109472191579109,0.000480944610732593,0.180995600010622,0.0025750170305995
6.78,15.276,1.1096,0.2,0.0208132031885507,0.0532648460058974,0.0871286901260579,0.153729607602945,0.188550835314413,0.183602403867064,0.0208132031885507,0.0532648460058974,0.0871286901260579,0.153729607602945,0.188550835314413,0.183602403867064,0.0208132031885507,0.0532648460058974,0.0871286901260579,0.153729607602945,0.188550835314413,0.183602403867064,0.25,1,150.000015727529,189.213404853661,-17.182997925112,614.683657952296,432.959289480263,6036.44672429955,-17.1078193865222,2.69632829913551,-0.660172062285179,-0.105666119154255,2.76569961462348,-0.238562054306843,5.66512109155296,-0.274095143543381,-100.918047078429,0.379362050994688,5.74532475783772,1173.6066034788,8.82772273721492,1.48562930944693,0.984567867930424,0.692162076866993,0.654862889282367,0.534387022185189,0.483976398291844,0.0319993226674305,0.0122971405344547,0.00648963898338715,0.00874508988647015,0.0086837930423914,0.00836863535048432,4999.98708467868,43.0935881678987,17.3232166618681,29.9745526877858,124.179565069772,119.189782981951,2576.29972673883,931.325942708805,24.3260181487371,0.46290713917601,0.406786805366379,0.0367583499842208,0.502691087183995,0.35643529410526,1.55131286355901,0.274194228613377,1.23433296269012,0.56762663713082,1.04969743663576,0.488528971701839,0.0043658705516245,0.266039001235471,0.179536956077658,0.135687714748098,0.114374786888441,0.0961471818592486,0.0847170126508524,0.0464944221264954,0.0125903756945819,0.00505613969424027,0.00316353080452687,0.00194168099931518,0.00132025528222615,1.55028218198049,0.00593091842130185
-7.86,14.66,1.37072,0.2,0.0163541624095193,0.063374040986274,0.106682718573064,0.11032880483934,0.16436566078562,0.212758507055993,0.0163541624095193,0.063374040986274,0.106682718573064,0.11032880483934,0.16436566078562,0.212758507055993,0.0163541624095193,0.063374040986274,0.106682718573064,0.11032880483934,0.16436566078562,0.212758507055993,0.25,1,150.000015727529,197.270242683054,-15.2991664212061,614.238100197896,355.55320820852,6265.73825643162,-29.0198938438704,2.76653796479534,-0.680300218727215,-0.111125387980419,2.83968690761379,-0.229576561930007,5.87887102385168,-0.242623278445995,-100.899832309134,0.363319186761796,5.8718325174461,1173.58931361317,9.19308051244658,1.35499906259765,0.844665618164774,0.579126924278721,0.551097552338297,0.453395229663576,0.40300992604937,0.0154137261640454,0.0122133544422456,0.00740394552650766,0.00768862295594208,0.00803056744089157,0.0082648087699198,4999.9908342881,43.0935121341525,17.3232166618681,29.1355430637251,122.70841632784,119.032246192536,2546.9096205562,922.974014352879,25.6486240791522,0.48101212328925,0.420084159887627,0.040029882300575,0.528463501266909,0.358573282689388,1.63172187746497,0.293468291966691,1.28104140700455,0.573253097750988,1.11385407204969,0.540992873558143,0.0053230900710055,0.168366348141846,0.0684336849016959,0.035671320865639,0.0364719487135889,0.0420793306861162,0.0484442263760256,0.0290756939092111,0.00593902720435301,0.00205673542594686,0.00124937378618836,0.00113177421678043,0.00137733119341134,1.93313199609018,0.00737797140967645
-4.74,15.364,1.13008,0.2,0.0164197365386227,0.0607328999553648,0.103114465206822,0.149586803702783,0.176238382827027,0.185982493923303,0.0164197365386227,0.0607328999553648,0.103114465206822,0.149586803702783,0.176238382827027,0.185982493923303,0.0164197365386227,0.0607328999553648,0.103114465206822,0.149586803702783,0.176238382827027,0.185982493923303,0.25,1,150.000015727529,188.884459952088,-16.3275072677846,614.970169773983,399.94163965212,5994.57900218727,-18.7231343855848,2.64572388292886,-0.661188643891261,-0.101854913029893,2.71742485157796,-0.229481899132382,5.44221236329549,-0.275073265455682,-100.934524528695,0.363460290063535,5.61985657743985,1173.57421101969,9.20416477450267,1.49062149776065,0.961045568169984,0.669458139777106,0.62951005103635,0.512620185397354,0.458346995104677,0.019257965850953,0.0124263564137069,0.00642303256952401,0.00870857483595458,0.00875036017081553,0.00839330226018123,4999.98593896469,43.0934829705236,17.3232166618681,28.7273277295636,123.097829112094,118.895362730491,2554.41813646535,891.214091862357,24.2531527611325,0.455266455978168,0.413592950988089,0.0362858900032557,0.500796666367534,0.357113331035612,1.55620608888661,0.297300475137652,1.2692050027508,0.570098933827336,1.04954494124771,0.494487808291959,0.00486594593767926,0.149989210904645,0.0744345261748019,0.0547681000583145,0.0548693051145885,0.0556484045032496,0.058942888579936,0.0290324461709139,0.00682397109216845,0.00270655400193034,0.00189676960729948,0.00121312812057513,0.00120735318607313,1.72895385518459,0.00664994882249004
14.22,4.628,1.35792,0.2,0.0190427017027588,0.0556327655508504,0.0772803108352302,0.136172010121305,0.17096161747529,0.212460995798963,0.0190427017027588,0.0556327655508504,0.0772803108352302,0.136172010121305,0.17096161747529,0.212460995798963,0.0190427017027588,0.0556327655508504,0.0772803108352302,0.136172010121305,0.17096161747529,0.212460995798963,0.25,1,150.000015727529,73.9011477971045,2.62373846995105,223.836747213832,-10.8012566815958,2629.47140922821,-12.8218883288199,1.50909353192376,-0.103645512228935,-0.0332267076346214,1.50909353192376,-0.103645512228935,0.600473920164566,-0.0630850412044578,-36.8732111238413,0.180513093292365,3.43072638266848,708.803520466607,1.69159427663785e-18,0.608373742318508,0.479778512654932,0.425722164357879,0.503615915008853,0.535757441933132,0.604193771482137,0.0127679589626081,0.0112230310384335,0.00698069867722112,0.00742587782522654,0.00888393448599105,0.0097570261431101,262.446463910009,3.74553088219978,17.3232166618681,2.40197560942194,123.09529276441,118.887303230708,2530.10147651748,129.696277575178,13.0899440965128,0.0879361901752325,0.326382679952126,0.00396402584749618,0.0879361901752325,0.326382679952126,0.271280108007521,0.0537996492378131,0.37394001594674,0.519402110256573,0.254913718696982,0.0837661727097769,1.0441555302518e-15,0.116263167601226,0.0830302932526491,0.0661948664640247,0.0719498118541861,0.0737546260207156,0.0722517779391497,0.00841309475457711,0.00338449197512145,0.00183804025814161,0.00192109167884025,0.00132004798688784,0.00093866251902852,0.322468094310761,0.00433783132053241
3.54,8.764,1.16208,0.2,0.0208787773176541,0.0498951143457718,0.109394591131407,0.149192250950387,0.149414825622365,0.226444024879368,0.0208787773176541,0.0498951143457718,0.109394591131407,0.149192250950387,0.149414825622365,0.226444024879368,0.0208787773176541,0.0498951143457718,0.109394591131407,0.149192250950387,0.149414825622365,0.226444024879368,0.25,1,150.000015727529,159.727674200604,-26.0211794934903,370.938173106968,788.299964378711,5714.39943755859,-3.3776439050099,3.14671877929382,-0.335826924405791,-0.13925514217269,3.14671877929382,-0.335826924405791,4.84028663680866,-0.247544656458702,-61.8522549734401,0.559441556211853,6.98129444849495,919.597896052489,1.71028437662743e-18,1.38164284970316,1.05943155921258,0.894347234663053,0.940616664930735,0.908516664930736,0.878277179460471,0.0141556582710968,0.0119199905572336,0.00631716817873138,0.0118403562128945,0.010021713571503,0.0122477215915009,1966.23612123737,21.628808457452,17.3232166618681,5.37797066130373,123.384520060573,120.119163359573,2552.54209811726,311.838434255385,26.3057417825409,0.236307193849467,0.340434154673505,0.0213557212782833,0.236307193849467,0.340434154673505,0.779578548478246,0.572753199556339,0.64563694969782,0.543701507737485,0.516460659662043,0.221368259416572,1.43146640255759e-15,0.14650047295559,0.0961953647410433,0.0850796562107879,0.0805710275507548,0.0674052119906255,0.059481968617616,0.0222514021219122,0.00788576363264394,0.00422808015081972,0.00408176848847602,0.00269923760297703,0.00246274856670208,0.833148718397032,0.00602225692444654
-2.1,16.508,1.12112,0.2,0.0194689335419309,0.0617347120705373,0.0841313572984147,0.112104292225124,0.141719542817749,0.230311671220757,0.0194689335419309,0.0617347120705373,0.0841313572984147,0.112104292225124,0.141719542817749,0.230311671220757,0.0194689335419309,0.0617347120705373,0.0841313572984147,0.112104292225124,0.141719542817749,0.230311671220757,0.25,1,150.000015727529,176.809457348193,-13.7554326965941,617.256004582856,305.945620560358,5391.25382772628,-23.0330628265805,2.18408249140715,-0.619201410269763,-0.0709632444537027,2.26283043432976,-0.182328121974794,3.52805721091553,-0.359592185027601,-101.03417456515,0.279881609634413,4.52064607853349,1173.60764503698,11.2220424955734,1.52227288824081,0.955361233204875,0.630294490157275,0.565672450786377,0.441527986668055,0.359873179877096,0.022366697290074,0.0124088246769295,0.00642443355900427,0.00737596083741277,0.00764939735444224,0.00816193708988647,4999.9878137694,43.0933236121238,17.3232166618681,33.0518237981293,122.175105792134,118.69971753702,2533.70202821043,987.54949044876,20.8873231218349,0.4743180906429,0.426334146896553,0.0311653298110711,0.530086775516822,0.354603315567945,1.59252150251434,0.325044213748302,1.33814777473336,0.565283344440416,1.10398183189001,0.568715553378653,0.00593231494484217,0.152986300119491,0.0976205326074508,0.0781458110538465,0.0744903033561199,0.0730582656813939,0.0709012797867411,0.0293974116838512,0.00768382447577147,0.00303445910123904,0.00199757211418832,0.00110744127520627,0.00135303449805129,2.12322411605116,0.00811148579389383
-10.98,9.556,1.11088,0.2,0.0187148310572418,0.0623722288711016,0.0805631039321728,0.1257163621828,0.164805391231598,0.202048101802917,0.0187148310572418,0.0623722288711016,0.0805631039321728,0.1257163621828,0.164805391231598,0.202048101802917,0.0187148310572418,0.0623722288711016,0.0805631039321728,0.1257163621828,0.164805391231598,0.202048101802917,0.25,1,150.000015727529,173.141245703573,-22.6633460266639,413.746349338611,746.015744016248,6181.30705134882,-2.82317023945423,3.39119352150818,-0.349129301209666,-0.162569617748151,3.39119352150818,-0.349129301209666,6.03575867097177,-0.297904474511614,-68.796333715238,0.58216032786689,7.5203447557546,970.35447349235,8.0856065305697e-18,1.4140560358296,1.08109728153317,0.9060964691178,0.954785449432349,0.9163579731278,0.894996844078742,0.0155431204769712,0.012879506825539,0.00600989543193417,0.0102522528249141,0.0102805969169878,0.0116709439641704,2310.08988647016,24.0824278720969,17.3232166618681,9.82488733343684,124.594838049711,120.296436648244,2607.83108258406,494.136225820352,28.6157957141794,0.374427540614369,0.362659959064953,0.0368503057533351,0.374427540614369,0.362659959064953,0.972834690577867,0.22884191444345,0.737383532242576,0.581930729060428,0.814128320842455,0.240609114952678,1.36796240996017e-15,0.148566106165994,0.0457790471757277,0.0172219911205578,0.0331275216922011,0.0398346329793522,0.0548360049131116,0.0287647809662855,0.00613743937340474,0.00271893842446272,0.00255400665536901,0.00228812267404208,0.00261908894755275,0.986335176732332,0.00595736852410322
-10.38,7.708,1.30928,0.2,0.0183541733471731,0.0516255170901606,0.0862723093181598,0.119995347273052,0.192068678882237,0.24845985789958,0.0183541733471731,0.0516255170901606,0.0862723093181598,0.119995347273052,0.192068678882237,0.24845985789958,0.0183541733471731,0.0516255170901606,0.0862723093181598,0.119995347273052,0.192068678882237,0.24845985789958,0.25,1,150.000015727529,141.022383085095,-12.4834096772211,314.372054994271,459.386181793563,5087.56587855432,-6.45590515050516,2.84174617227372,-0.268578294571399,-0.114986172273721,2.84174617227372,-0.268578294571399,3.55267222164358,-0.18724614191855,-52.7010863451723,0.451896267022184,6.34977387772107,848.351400895743,3.00629296114988e-18,1.22739131340485,0.946230923862096,0.79153124674513,0.846716112904905,0.830457743985002,0.819431205082804,0.0125892888639725,0.0118338097494219,0.0060382346669097,0.00726319632827831,0.00973947401312363,0.0113118970940527,1443.89199041766,17.2169721903968,17.3232166618681,7.2109722520832,123.4942851823,120.576989846544,2578.23331967413,388.349728630358,23.6536072455112,0.314942421063926,0.355199446514195,0.0262500832701676,0.314942421063926,0.355199446514195,0.697887830012334,0.15820226753318,0.56717806299953,0.569535872584702,0.680908377959832,0.225841864372765,1.25216547205308e-15,0.114263148785462,0.0341960570776341,0.0164350215684641,0.0328644272246693,0.0412417246834829,0.0530951232762925,0.019296530271029,0.00441078264778385,0.00198279000803352,0.00184602117011115,0.00164056992795715,0.00149420447801417,1.07727443806496,0.0100149969568349
-9.3,8.5,1.40912,0.2,0.0184853216053799,0.0600043093261485,0.0869859599914082,0.143076683288242,0.142818868932694,0.217816198425501,0.0184853216053799,0.0600043093261485,0.0869859599914082,0.143076683288242,0.142818868932694,0.217816198425501,0.0184853216053799,0.0600043093261485,0.0869859599914082,0.143076683288242,0.142818868932694,0.217816198425501,0.25,1,150.000015727529,180.17685657744,-16.7661964133944,387.931444641183,605.914431159254,6525.20779085512,-6.69364146370169,3.64654473492345,-0.346704839997812,-0.188264264139152,3.64654473492345,-0.346704839997812,6.3767326320175,-0.294208863430893,-64.5844443287156,0.583032974157901,8.14513758983439,940.811155088015,2.79217742422665e-18,1.22197344026664,0.939770628059577,0.787964534944272,0.847136829496927,0.837805978543902,0.821129549005311,0.0126566646352463,0.0121449887542964,0.00599893211905009,0.00862373278825122,0.00855531580043746,0.0103425466097282,2105.46495156755,22.6381137381518,17.3232166618681,10.0443425075777,123.672103682339,121.262317835165,2591.19867317258,501.141263190959,30.3503222766198,0.383751035698433,0.36204815220618,0.0407151338430428,0.383751035698433,0.36204815220618,0.968879200775007,0.296148981222867,0.697146405332549,0.581282737373005,0.835375481647564,0.221884750976803,1.23030069289578e-15,0.102549187500472,0.030938066050567,0.0172831016764104,0.0319383464941471,0.0405804675881138,0.0520058231785024,0.0178349819496374,0.00426364080276504,0.00202484797012684,0.00195866518390231,0.00174846903879785,0.00148036151586192,0.85357435982944,0.00581968460931075
-6.66,16.332,1.38992,0.2,0.0200918877684133,0.048255785430035,0.0799921833935741,0.146035828931215,0.167223908684477,0.238641986417594,0.0200918877684133,0.048255785430035,0.0799921833935741,0.146035828931215,0.167223908684477,0.238641986417594,0.0200918877684133,0.048255785430035,0.0799921833935741,0.146035828931215,0.167223908684477,0.238641986417594,0.25,1,150.000015727529,179.558139777106,-11.9450148173107,617.838579314656,231.139375637954,5336.05926465993,-38.0201569628164,2.03954598479325,-0.599843714508905,-0.062369292782002,2.11996573273617,-0.159080107229455,2.84202175331528,-0.386944699909384,-101.05921987293,0.237235152492448,4.12349515675451,1173.64326632642,12.0974242266428,1.40831413394438,0.841179085511925,0.521158431413394,0.463509780231226,0.337979502135194,0.269253744401624,0.017586714843558,0.011649479731278,0.00705623664201646,0.00714684334965108,0.00721940933236121,0.00811862462243516,4999.98854286012,43.0933423601709,17.3232166618681,33.9135816671955,120.945668606621,118.661433924695,2507.81215413999,1017.71029334228,21.0199443975747,0.494933856265549,0.436688825821791,0.030238424992566,0.557337975495837,0.353586153487272,1.68128321760159,0.364419334140085,1.3855961734653,0.564511716299247,1.17099898146237,0.622092166269354,0.00592664468103937,0.183533541601853,0.0824240796255678,0.0481880620805708,0.0482710026090072,0.0531244130614833,0.0591160407129211,0.0322090066772483,0.00657152910064583,0.00219121158181642,0.00164224818473024,0.000778678989761655,0.000776301406586818,2.30436044350832,0.00857712353515761
-4.5,18.972,1.21456,0.2,0.0159607176348989,0.0597310878401923,0.0954070379357391,0.119798070896854,0.151173747406278,0.22049379973877,0.0159607176348989,0.0597310878401923,0.0954070379357391,0.119798070896854,0.151173747406278,0.22049379973877,0.0159607176348989,0.0597310878401923,0.0954070379357391,0.119798070896854,0.151173747406278,0.22049379973877,0.25,1,150.000015727529,163.715321320696,-10.4668448466722,619.032538277263,163.840858060619,4532.57660660348,-35.164734610978,1.44619919800021,-0.501724454419332,-0.0341779346943027,1.52715400479117,-0.104990276678929,0.397936285782731,-0.613748793627747,-101.109198000208,0.141036532498698,2.70651471721696,1173.69274033955,15.2003332986146,1.55111352984064,0.928977981460263,0.54511223830851,0.435650796792001,0.274671034267264,0.176256159775023,0.0305754363114259,0.0123872809918029,0.00738035256744089,0.00676359087595042,0.00792613686074369,0.00924272638266847,4999.98166857619,43.0934548484534,17.3232166618681,39.8722404429575,119.408589098844,117.934834131256,2472.83378028566,1141.7519771307,17.2889267643935,0.518048599329315,0.459805243317895,0.0220853410242708,0.598071887463207,0.349431885527899,2.11952694575978,0.467181079045722,1.49225673005553,0.556899939793297,1.2524730569653,0.852544231603397,0.00649626049829929,0.189215539093999,0.104385268090378,0.0721776975104951,0.0703497694828643,0.0753955981630046,0.0817058262090994,0.0403082004214778,0.00838138247393498,0.00295152713726935,0.0015371007864158,0.000944143786617723,0.000955875000120269,3.18310601832499,0.0105391268851112
-12.9,4.804,1.27344,0.2,0.0188131922508969,0.0470718256575585,0.107539099380962,0.117628030758674,0.165245121677576,0.226146513622338,0.0188131922508969,0.0470718256575585,0.107539099380962,0.117628030758674,0.165245121677576,0.226146513622338,0.0188131922508969,0.0470718256575585,0.107539099380962,0.117628030758674,0.165245121677576,0.226146513622338,0.25,1,150.000015727529,73.9031309238621,1.67886276325383,222.837377356525,10.7901491823769,2617.51067597125,-13.1163866212582,1.48942381001979,-0.105356446443079,-0.0327671096760754,1.48942381001979,-0.105356446443079,0.576578616904489,-0.0635124655296324,-37.1817466930528,0.182458229611499,3.3745767107593,711.664524528701,2.0763465243204e-18,0.655507072179981,0.515209676075409,0.456010092698677,0.522851494635975,0.556865951463389,0.615154775544214,0.011957688469951,0.0106098373086137,0.0084194220393709,0.00804896198312676,0.00869352140402041,0.0100635440058327,282.943255910843,4.02183512134154,17.3232166618681,3.95612503336636,123.097699893833,119.502780712575,2553.71771471158,167.5678118814,11.8500581819024,0.181257807451681,0.344893291636559,0.00830019492425172,0.181257807451681,0.344893291636559,0.280195600954762,0.0557407193687243,0.403458022387591,0.552017150681391,0.359077724837147,0.0967907184306414,1.02644743961087e-15,0.0554666097284729,0.0158082309490598,0.0153254184690606,0.0326264251621225,0.0411172559572182,0.0511290970277091,0.00544201287483942,0.00139996260760615,0.000874989474335291,0.00101408760300844,0.00087074256204663,0.000782777192627416,0.351864945123811,0.00469929069430111
9.42,17.124,1.14416,0.2,0.0168787554423465,0.0619168597278414,0.10839548018886,0.111117910344133,0.157769704095949,0.254707594297208,0.0168787554423465,0.0619168597278414,0.10839548018886,0.111117910344133,0.157769704095949,0.254707594297208,0.0168787554423465,0.0619168597278414,0.10839548018886,0.111117910344133,0.157769704095949,0.254707594297208,0.25,1,150.000015727529,171.976408707426,-13.0396464409957,617.91388397042,282.176356889907,5151.81845641079,-26.9486838628268,2.00355026559733,-0.595561267000313,-0.0619669961462347,2.08359770857202,-0.165936957858556,2.77973188407457,-0.407962019206333,-101.056659722945,0.250470017786689,4.08748244974482,1173.59931257161,12.0018935527548,1.48145075512968,0.954234319341735,0.621440922820539,0.5431175398396,0.407081710238517,0.320285011977919,0.059698961782106,0.0129501434901573,0.00708804307509635,0.00683557868971981,0.00803133996458702,0.00863261462347672,4999.97843974586,43.0933006978437,17.3232166618681,40.7539469031481,123.187090398489,118.927357519581,2561.53792467216,1238.66238222635,21.4358700082276,0.572064524394777,0.452952870036618,0.0336282971964102,0.634171053813361,0.360914268696507,1.73190287392403,0.364631414433034,1.43138505102702,0.574375201335535,1.31570735725173,0.53205140170817,0.00498722546148668,0.345985462097793,0.241604553571399,0.179794160700573,0.146060926345214,0.123112692324078,0.102250173407159,0.0776346079405734,0.016583868630458,0.00623028520882022,0.0031891788919851,0.00156931332536305,0.00144444125335236,1.91802136076567,0.00672914126923332
-10.62,21.172,1.28496,0.2,0.0196328688646894,0.05025940966038,0.0918387845694972,0.107764211948763,0.170302021806323,0.205915748144305,0.0196328688646894,0.05025940966038,0.0918387845694972,0.107764211948763,0.170302021806323,0.205915748144305,0.0196328688646894,0.05025940966038,0.0918387845694972,0.107764211948763,0.170302021806323,0.205915748144305,0.25,1,150.000015727529,160.02746588897,-8.99550023869388,620.023726695136,86.0029193521508,4114.52473700656,-43.4838723049683,1.05371398812624,-0.400799317206541,-0.01802822435163,1.12576895115092,-0.0600063951255078,-1.28318888697011,-0.831923310280179,-101.097333611082,0.0605215948547026,1.71162096420165,1173.70346838871,17.7743599625034,1.52683282991355,0.944940620768669,0.513584866159775,0.370385678575148,0.181210944693261,0.0829302389032392,0.0781699803687115,0.0125646192660139,0.00764629746901365,0.00603838225184877,0.00902554629726068,0.00927720716592022,4999.97239870847,43.0933663160093,17.3232166618681,34.337553614879,115.795590381882,117.590081832264,2385.35518781532,855.027611540933,17.8354722176045,0.35872570452741,0.411704741394477,0.0112428816854671,0.435247711229663,0.32976379435102,2.37115437371407,0.487069821673903,1.36975495605219,0.524298467263599,0.894001699155803,1.02889374768567,0.00579234381161307,0.32577467076762,0.181040704774363,0.0812224634305972,0.0477538665546267,0.0572024937955539,0.0523268480333247,0.0990416446245337,0.0140291097192576,0.00341165595468969,0.000927884665355364,0.000722204633228965,0.0015660259176278,3.92926633389514,0.0125606887856738
11.7,22.932,1.17616,0.2,0.0153377634084166,0.056725651494675,0.0931233557813443,0.145443999802621,0.148095634284431,0.229716648706697,0.0153377634084166,0.056725651494675,0.0931233557813443,0.145443999802621,0.148095634284431,0.229716648706697,0.0153377634084166,0.056725651494675,0.0931233557813443,0.145443999802621,0.148095634284431,0.229716648706697,0.25,1,150.000015727529,150.216914904697,-8.7150467951255,619.680856160816,95.4420631392563,3726.11438391834,-42.6797434642225,0.835831531809188,-0.347449408315801,-0.0242516613998542,0.903962815666076,-0.0468465876742006,-2.09222365567128,-1.00889255503593,-101.056362878867,0.0377651470471826,1.21543805559838,1173.70378085616,19.6058389751067,1.47508182480992,0.986989334444329,0.545864416206645,0.369171516873242,0.175058385222373,0.044900496178523,0.135317705771378,0.017220891396365,0.00664730525703573,0.00708665680658264,0.00774171877929382,0.009089062076867,4999.99739610457,43.0933402770545,17.3232166618681,70.8530120784245,119.005495162881,117.465474405143,2482.94505126601,2160.41915645156,26.1350242314615,0.885479137297842,0.639953898833107,0.0224270872479696,1.02865617467323,0.368082816147703,3.58123856238295,0.789766482116017,2.12662132735752,0.584903218663648,2.11218235288167,0.81837954436658,0.0049293662489351,0.427442906350567,0.386564174672719,0.295260800930676,0.237612687161971,0.176219456286319,0.144352584048627,0.15455897860552,0.0286148258056268,0.0089794753698122,0.00371954727467741,0.00167046964132047,0.00150936744763473,2.95241664613178,0.00953052833258682
5.58,13.428,1.18256,0.2,0.0219279633833085,0.0599132354974964,0.0982616406287327,0.106580553691574,0.183054204739687,0.232691761276996,0.0219279633833085,0.0599132354974964,0.0982616406287327,0.106580553691574,0.183054204739687,0.232691761276996,0.0219279633833085,0.0599132354974964,0.0982616406287327,0.106580553691574,0.183054204739687,0.232691761276996,0.25,1,150.000015727529,217.423237162795,-23.9760724184981,608.972784084991,675.037118806374,7287.14706801375,-10.9099615206749,3.57326393084053,-0.678176960733256,-0.180665701489428,3.62128434538069,-0.338297363004895,9.1834391209249,-0.265979392262264,-100.604287053432,0.551382464680762,7.76001541506093,1173.62076866993,5.4094548484533,1.43496896156651,0.995627736694095,0.761349276117072,0.757002322674721,0.671118716800333,0.624621497760649,0.0192159275436934,0.0124670219818873,0.00620430578700135,0.0068696132694511,0.009186965836892,0.0101442378918863,4999.99385480679,43.0936600354124,17.3232166618681,21.4514785470144,125.035431541106,119.597660093506,2591.99416127865,732.090594372546,30.7701534657659,0.403154734458853,0.378694221146235,0.0417818374310493,0.424666253728677,0.354399844495514,1.48498436806679,0.213165361657315,1.09484186191054,0.565006391763205,0.896548831499072,0.485221032882603,0.00568126193438883,0.212650707036638,0.139366121377784,0.108467003401125,0.0928486064438393,0.0783648102404382,0.0669681122055974,0.0333551584328429,0.0102085313816158,0.00451975936853981,0.00288245136763451,0.00177393423194025,0.00106018701242668,1.37161087752082,0.0056160702785614
1.02,16.948,1.30288,0.2,0.0197640171228963,0.059002497210976,0.0916960544348475,0.14662765805981,0.144797655939596,0.253220038012058,0.0197640171228963,0.059002497210976,0.0916960544348475,0.14662765805981,0.144797655939596,0.253220038012058,0.0197640171228963,0.059002497210976,0.0916960544348475,0.14662765805981,0.144797655939596,0.253220038012058,0.25,1,150.000015727529,173.051921674825,-11.7056584189147,618.55706697219,223.792504568097,5048.97437766899,-35.8840840537444,1.84647480470784,-0.570255099767733,-0.0531753352775752,1.92709193833976,-0.144808478960525,2.05921599662535,-0.450408049943755,-101.073430892615,0.211675286459744,3.66961889386522,1173.66305593167,12.8650223935007,1.46017675242162,0.873989594833873,0.539183428809499,0.466451296739923,0.332914602645558,0.249549338610561,0.0193981626112697,0.0120859709285491,0.00700814061035308,0.00729086501406104,0.0077011638371003,0.00837555077596084,5000.00052077909,43.0932465368191,17.3232166618681,40.2474205009944,121.627725996994,118.756332771056,2525.1825031458,1215.10928656716,19.5998773335425,0.566566734701517,0.458379387561163,0.0307628863401782,0.634990823440585,0.357627162632263,1.76926508988172,0.405668175628872,1.46339029121297,0.570128585397304,1.3262210335563,0.637784735347422,0.00500021026013477,0.185490542506872,0.131508952060039,0.103907775110874,0.093919969081813,0.0874070062580257,0.0813857118258868,0.0293810504821481,0.00834200448512548,0.00322873772394388,0.0021204825196034,0.000967479942152347,0.00109017620477039,2.29049206403942,0.00848347319393527
-14.1,21.964,1.22096,0.2,0.0159279305703472,0.056907799151979,0.0822758655479689,0.115260714244295,0.16414579556263,0.234179317562145,0.0159279305703472,0.056907799151979,0.0822758655479689,0.115260714244295,0.16414579556263,0.234179317562145,0.0159279305703472,0.056907799151979,0.0822758655479689,0.115260714244295,0.16414579556263,0.234179317562145,0.25,1,150.000015727529,158.233892302885,-8.63508243307989,619.980470784293,77.7575741485261,4073.26903447558,-40.945030725966,1.04223094469326,-0.400673203431726,-0.0167958299135507,1.11509714613061,-0.0576983425268201,-1.31033570369232,-0.849413003853766,-101.102426830539,0.057119235110926,1.69481833246537,1173.67222164358,18.0662764295384,1.5083099677117,0.978347630455161,0.540660733256953,0.387696417039891,0.191870235392146,0.082503836225914,0.115934523326737,0.013695204382356,0.00700971519633371,0.00613408259556296,0.00887286668055411,0.00948389021976877,4999.96916987814,43.0934517237792,17.3232166618681,30.8079447130469,115.055407625716,117.550788610477,2363.53986880717,675.511652539819,20.334777329061,0.276303244754957,0.38443858485581,0.00873364597344689,0.345917361073212,0.323223952413893,2.04067317781287,0.451532489917619,1.28638796048473,0.513727240702764,0.711257741289463,1.02822062687717,0.00582543235166428,0.39480212205189,0.247438819216108,0.11857656462723,0.0534005328047177,0.0432189246324117,0.0441559643769721,0.144087959918107,0.0201880978798344,0.00444508725593647,0.00116353511449222,0.000560307351421886,0.0016135932254822,3.92925557893296,0.0116243721782598
12.3,17.916,1.15696,0.2,0.0216656668668949,0.0643758531014465,0.10382811588007,0.14110391952626,0.16194714333274,0.226741536136398,0.0216656668668949,0.0643758531014465,0.10382811588007,0.14110391952626,0.16194714333274,0.226741536136398,0.0216656668668949,0.0643758531014465,0.10382811588007,0.14110391952626,0.16194714333274,0.226741536136398,0.25,1,150.000015727529,166.829046974274,-12.0006919758359,618.608926153526,250.22025174461,4886.13748567858,-30.7297814361181,1.80021867513801,-0.567463931208208,-0.0528170951984169,1.88179586501406,-0.147169461855015,1.93554509777107,-0.474982484278721,-101.074692219561,0.216814355150505,3.59883403812103,1173.60868659515,13.0240829080305,1.45981068638683,0.951762462243517,0.605585949380273,0.515105426518071,0.366050807207582,0.277992690344756,0.0906828396604521,0.0137790662674201,0.00687950025032809,0.00732137391938339,0.0082712953858973,0.00860948682428914,4999.99447974169,43.0933131965418,17.3232166618681,46.5177750220053,123.040657509323,118.895426060147,2563.58184014376,1429.16889158666,22.3143889056387,0.653076634419852,0.483507747011303,0.0342085794588491,0.725726368828575,0.365525969733936,1.89010906438797,0.428901306598913,1.54678243041229,0.581811640510055,1.51018147609389,0.549700253354484,0.00491543069077472,0.413898052413924,0.296851532758696,0.217669037415602,0.172643353232441,0.14224767728634,0.118282388365992,0.112853440424323,0.0210271630725785,0.00742385379170667,0.00379083043990734,0.00166480105193676,0.00136517920750443,2.00355692629565,0.00702752933408824
-8.58,15.188,1.3336,0.2,0.0215345186086881,0.0545398796070259,0.0758530094887335,0.153137778474351,0.178217169833928,0.211270950770844,0.0215345186086881,0.0545398796070259,0.0758530094887335,0.153137778474351,0.178217169833928,0.211270950770844,0.0215345186086881,0.0545398796070259,0.0758530094887335,0.153137778474351,0.178217169833928,0.211270950770844,0.25,1,150.000015727529,191.510363503802,-14.4641689011561,615.298573065306,326.672569419852,6000.06145193209,-29.3986488679304,2.57613467347151,-0.663670378085616,-0.0968416102489323,2.65179606291012,-0.21199906760025,5.09972295594208,-0.270655048345172,-100.955611915425,0.332232258513697,5.42452588272055,1173.58900114571,9.87579543797519,1.3860231225914,0.861803666284761,0.575518956358714,0.542990573898552,0.431837246120196,0.379432548692844,0.0171212075533798,0.0119725531715446,0.00636302318508489,0.00877037912717426,0.00811816331632122,0.0078241955004687,4999.99250078117,43.0934777627329,17.3232166618681,29.6238664671173,122.215493055091,118.870727048358,2535.13850891241,921.390666654632,24.4957937588277,0.473437526553047,0.421905305566867,0.0368571084068618,0.524315985623489,0.356714663110713,1.62455721233384,0.299556300254248,1.30197227913066,0.570111920219392,1.10408830686502,0.540659177242165,0.00528610836871148,0.192699745628504,0.0772775285705593,0.0356969185906716,0.0352453620130511,0.0416013590533053,0.0497206665810496,0.0336502295715351,0.00659994208024701,0.00203603148744375,0.00142214283360156,0.00120074061355204,0.00122893353800687,2.02827564428309,0.00774716011370945
3.78,7.004,1.404,0.2,0.021108286769516,0.0455235705704738,0.0864150394528095,0.12354632204462,0.159088895433883,0.224063934823129,0.021108286769516,0.0455235705704738,0.0864150394528095,0.12354632204462,0.159088895433883,0.224063934823129,0.021108286769516,0.0455235705704738,0.0864150394528095,0.12354632204462,0.159088895433883,0.224063934823129,0.25,1,150.000015727529,133.937839808353,-20.3920175299448,299.189032392459,596.085736131653,4854.42620560358,-9.12515592709092,2.74351942505989,-0.277489512395792,-0.106844261014478,2.74351942505989,-0.277489512395792,3.17300989480262,-0.163232160289032,-49.7890313509008,0.466553576179565,6.14908009582335,824.574044370374,-5.38549817727321e-18,1.10797256535778,0.864061243620456,0.726074211019685,0.786720966565982,0.790057837725236,0.789737350276013,0.0116797343490261,0.0111476621185293,0.00591413276742006,0.00722903187168003,0.00875852400791584,0.0102891999791688,1216.29434433913,14.9210988438703,17.3232166618681,3.82215611595768,122.751900300414,120.335249033304,2536.43978532502,258.896992057707,22.6412296981823,0.211241796346437,0.336852392763862,0.0167990980802725,0.211241796346437,0.336852392763862,0.580541290056458,0.165964396356158,0.510449535495774,0.537879394618092,0.468485951342006,0.209167959100803,1.27715235302239e-15,0.113898426319661,0.0814711576320822,0.0675831482590832,0.0686500627954239,0.0646452634678217,0.0562897880449456,0.014583128979625,0.00544460762614711,0.002769328705475,0.00229629013606384,0.0017668549918899,0.00115887815670479,0.970404925019223,0.00935028518486054
-3.42,9.644,1.25936,0.2,0.016059078828554,0.061097195269973,0.0802776436628734,0.107961488324961,0.188330970091424,0.250839947955819,0.016059078828554,0.061097195269973,0.0802776436628734,0.107961488324961,0.188330970091424,0.250839947955819,0.016059078828554,0.061097195269973,0.0802776436628734,0.107961488324961,0.188330970091424,0.250839947955819,0.25,1,150.000015727529,203.906207686699,-21.9296002978856,470.394344339131,762.261233369441,7289.44318300177,-4.26563566180606,3.99837256535778,-0.394400351466931,-0.224365441099885,3.99837256535778,-0.394400351466931,8.70630642641391,-0.394217557679409,-78.2044141235289,0.658925287334652,8.8713727736694,1036.11332152901,-3.38492683887096e-18,1.31637569003229,1.00970437454432,0.845964493281949,0.89474798458494,0.86521814394334,0.843008946984689,0.0127456092140402,0.0125595190297886,0.00608203334829706,0.00756478547109676,0.0098932124778669,0.0114961200916571,2812.4256848245,27.4576762837197,17.3232166618681,10.0082748577004,123.975700356015,121.010554043377,2585.34910352069,493.064259805488,33.5267190785085,0.357307565972831,0.355572591749958,0.0409560790326012,0.357307565972831,0.355572591749958,1.11598808099657,0.186588597387684,0.803950916402139,0.569726329581318,0.775266182436383,0.317001934871843,1.27210520986752e-15,0.0888214347992489,0.0475509732596999,0.0422059482944444,0.0471140887495248,0.0436778658420147,0.043710300775692,0.0162491795839258,0.00503174316358258,0.0026654558518094,0.00236559163287516,0.00183155889671616,0.00150950432863926,1.15979641363071,0.00641821861483621
-2.22,15.98,1.16464,0.2,0.0164853106677261,0.0444306846266493,0.101972624129624,0.141893025031053,0.141059947148782,0.203833169345096,0.0164853106677261,0.0444306846266493,0.101972624129624,0.141893025031053,0.141059947148782,0.203833169345096,0.0164853106677261,0.0444306846266493,0.101972624129624,0.141893025031053,0.141059947148782,0.203833169345096,0.25,1,150.000015727529,181.404374544319,-14.2352302728882,616.573856889907,322.540415165087,5599.36194146443,-23.5533348130403,2.3298793875638,-0.63585257993959,-0.0801738089782314,2.40720727007603,-0.195029540408291,4.12342937582543,-0.324603822761275,-101.00660035413,0.302386385741068,4.86278658473076,1173.59889594834,10.6333506926361,1.48646495156754,0.937828715758775,0.622797500260389,0.568826445161962,0.450974763045516,0.379844839079262,0.0189715510590563,0.0116751953218415,0.00684006780543693,0.00815312207061764,0.00765531673783981,0.00810292188313717,4999.98604312051,43.0933798562649,17.3232166618681,32.2396548915778,122.494591215724,118.827095823652,2540.95390923188,977.970301464841,21.8778999589892,0.478076595407184,0.423955687598116,0.0334104782587702,0.530822360581177,0.355695533850036,1.59586033795534,0.308111347031101,1.31901789678434,0.56726713600163,1.10849119479062,0.553995740906866,0.00551048449448474,0.148449653522177,0.0932631945273392,0.0742596329189059,0.0709612606429656,0.0692696944130075,0.0678960732992408,0.0273057826040503,0.00721019847922304,0.00302614117215959,0.00206166639343167,0.00111226884123737,0.00119266571496254,2.05811730761159,0.0078010660609737
-2.58,6.476,1.36176,0.2,0.0170099037005533,0.0507147788036402,0.0825613258172682,0.106777830067772,0.173600000151159,0.206808281915395,0.0170099037005533,0.0507147788036402,0.0825613258172682,0.106777830067772,0.173600000151159,0.206808281915395,0.0170099037005533,0.0507147788036402,0.0825613258172682,0.106777830067772,0.173600000151159,0.206808281915395,0.25,1,150.000015727529,117.141443599625,-12.6706986105614,281.097375273409,399.848065409853,4232.24757837725,-9.54970618926152,2.39886615977502,-0.225591210189564,-0.0822358577231541,2.39886615977502,-0.225591210189564,2.32911593584002,-0.131362537139881,-46.0387220081241,0.381398997000313,5.3921625872305,792.669346943031,-6.22598384230807e-18,1.02111081137382,0.800330788459535,0.675619581293615,0.7362202166441,0.74837533590251,0.764776377460681,0.0121210785730653,0.0113555203624623,0.005981695219248,0.00642962253931882,0.00898640027080511,0.00980079960420791,927.894448494947,11.8410019789606,17.3232166618681,3.85338135591799,122.448193219275,120.714405154729,2538.08346965848,243.660787200968,19.6205219209249,0.215065564861265,0.340879040999295,0.0152581570102739,0.215065564861265,0.340879040999295,0.519151091737533,0.267687301734152,0.49219239749306,0.545091222621761,0.462228456231482,0.164395611930977,1.18949156094241e-15,0.0628058589505684,0.0441265142314914,0.039948305057282,0.0447405066116794,0.0483598009494345,0.0449642165393865,0.00924557423500018,0.00342018876310013,0.00178714314613874,0.00161112972986874,0.00140859845342658,0.000986173377063591,0.734082058933465,0.00860693132984343
10.98,10.348,1.20048,0.2,0.0163213753449676,0.0646490745874026,0.100688052917777,0.15096773833617,0.186132317861534,0.213056018313023,0.0163213753449676,0.0646490745874026,0.100688052917777,0.15096773833617,0.186132317861534,0.213056018313023,0.0163213753449676,0.0646490745874026,0.100688052917777,0.15096773833617,0.186132317861534,0.213056018313023,0.25,1,150.000015727529,214.570117696074,-29.7679091261327,505.710373919384,947.237449817727,7635.88136652432,-2.21957358837621,4.16721039475055,-0.43136863901227,-0.242382356004583,4.16721039475055,-0.43136863901227,9.88843412144569,-0.44038121739298,-84.3150890532236,0.718265827490886,9.22503749609415,1076.23705863973,-1.01387830017706e-17,1.36434620352047,1.0459645766066,0.886519654202686,0.929255515050517,0.881735423393397,0.868742026872201,0.017120162249349,0.0128916367581502,0.00674206486970108,0.0121027276325383,0.0113882761170711,0.0120408951150922,3151.98885532757,29.6256837829393,17.3232166618681,7.3135759661898,124.152264146808,119.852233259838,2548.92175074704,400.667729634501,35.2762187613137,0.271284786364387,0.332009858192022,0.0315438660689153,0.271284786364387,0.332009858192022,1.16621362227035,0.186937966852399,0.774956742667742,0.528708437202765,0.628263910220508,0.443524536147893,1.44986247712183e-15,0.247813369814387,0.149848488495639,0.124770983948781,0.109655989400981,0.0890260670174424,0.0815633908585812,0.0384639855299576,0.0120263674046715,0.00597359272202653,0.00526590298513266,0.00367759549721652,0.00316083090953716,1.41597314593365,0.00667969532897064
7.62,18.18,1.13392,0.2,0.0139607066972451,0.0591846448682801,0.0819904052786695,0.146824934436008,0.178656900279907,0.185387471409243,0.0139607066972451,0.0591846448682801,0.0819904052786695,0.146824934436008,0.178656900279907,0.185387471409243,0.0139607066972451,0.0591846448682801,0.0819904052786695,0.146824934436008,0.178656900279907,0.185387471409243,0.25,1,150.000015727529,164.641833142381,-11.7970584314134,618.136162899698,233.563752109155,4755.28799083429,-29.986765942506,1.69651793563171,-0.553725091785231,-0.0473882719508385,1.77934939068847,-0.13675123673784,1.50711260938444,-0.512533823587126,-101.094164149568,0.198432516342048,3.3533543276742,1173.69961462348,13.6814529736485,1.50900550984272,0.959057743985002,0.59520639516717,0.500383449640663,0.34268173106968,0.258381365482762,0.0595416014269348,0.0127128319653161,0.00665537238589731,0.00740360983230913,0.00830975512967399,0.00821443432975733,4999.99781272784,43.0936069159461,17.3232166618681,45.5204550773796,122.4572794169,118.447096482038,2547.78000249733,1376.21749230096,20.1098091793334,0.627972040963965,0.483791135954994,0.031179762297544,0.704670828538857,0.363100056807087,1.85840115083305,0.44144349023114,1.54242835859091,0.578250666262186,1.47057700104212,0.613195911980405,0.00573213726867286,0.317184744375309,0.234242200765472,0.176158102793856,0.146245228910833,0.124312837931345,0.111990588228244,0.0743444678649205,0.0157767043333725,0.00562596377469045,0.00312143719513464,0.00142840549241504,0.0014250359862724,2.2366491414633,0.0086614116727419
4.98,23.284,1.27728,0.2,0.0182885992180697,0.0631918933289699,0.0952643078010894,0.112696121353718,0.158649164987905,0.219303754710651,0.0182885992180697,0.0631918933289699,0.0952643078010894,0.112696121353718,0.158649164987905,0.219303754710651,0.0182885992180697,0.0631918933289699,0.0952643078010894,0.112696121353718,0.158649164987905,0.219303754710651,0.25,1,150.000015727529,152.83474950526,-8.86957747213831,620.233329861472,66.1767228413707,3584.19648994896,-47.9458691802937,0.628026965753567,-0.262706012801791,-0.0173799078221019,0.680375001822726,-0.0229764853661077,-3.05156043151755,-1.14609095379335,-101.025661910218,-0.00699133137485677,0.627990821310281,1173.66066034788,20.7658452244554,1.51657379439642,0.953008353296531,0.495249130298927,0.31429400197896,0.117961693350901,-0.0116723443349651,0.0707939362216436,0.0130319811377044,0.00665188993726695,0.00658516800333298,0.00807158795958756,0.00919005520258306,4999.97552338298,43.0934517237793,17.3232166618681,64.9156401604409,116.523328361551,117.13998841061,2419.35884638854,1932.46260913622,21.1701439620058,0.784269608370233,0.603246645010535,0.0139689705519927,0.924176212612763,0.353392909837941,3.00018786184735,0.769456424518395,2.02690997936105,0.561730489245223,1.90355909764834,1.01665461468579,0.00577500003193724,0.278219604877505,0.256007020043329,0.202746149695057,0.175692629685716,0.133242934877089,0.121666375953685,0.0813900155677115,0.0160017577750397,0.00519669499958369,0.00199401084704324,0.00152405495082089,0.00144218963474896,4.03008540018852,0.0138090017212937
-5.94,20.644,1.38864,0.2,0.0156656340539336,0.0527184030339851,0.0754248190847844,0.119600794520656,0.174699326266104,0.240129542702743,0.0156656340539336,0.0527184030339851,0.0754248190847844,0.119600794520656,0.174699326266104,0.240129542702743,0.0156656340539336,0.0527184030339851,0.0754248190847844,0.119600794520656,0.174699326266104,0.240129542702743,0.25,1,150.000015727529,162.241723778773,-9.41477820643683,620.114602645557,83.1431841068638,4111.52806999271,-48.1319289657327,1.00612486199354,-0.380154681073846,-0.0181158374544318,1.07417488907405,-0.0542681648682429,-1.52565231608791,-0.845490170294761,-101.08777314863,0.0492542491125925,1.56566148115509,1173.78293927716,17.8063899593793,1.54035892094574,0.90136017081554,0.480171950838454,0.344450213519425,0.159448786523279,0.0678041610853036,0.0387234931302989,0.0121256921778981,0.00714043255910842,0.00602929996875326,0.00922530559316739,0.00938670784293303,4999.97271117592,43.093560045829,17.3232166618681,40.7905661468477,116.44243770744,117.632240581571,2406.12114934653,1115.79223250256,16.1929792736812,0.465811638198076,0.44832306876454,0.0136112655007867,0.551717003832421,0.337012631640088,3.41389361989146,0.539860456446273,1.49348156548708,0.535828880883538,1.12800622291456,1.01599937733731,0.0059114647797387,0.226630927748919,0.122918970552979,0.0728929606914887,0.0692072790774075,0.07797405392046,0.0646916210246613,0.0512924250250636,0.00945143222490084,0.0023784241990624,0.000854195019941411,0.00101933332182269,0.00178020236839744,3.68494756758394,0.0125121509008074
11.82,16.244,1.21072,0.2,0.0175017096688289,0.0514433694328565,0.107396369246312,0.14327395966444,0.176897978495994,0.182709870095974,0.0175017096688289,0.0514433694328565,0.107396369246312,0.14327395966444,0.176897978495994,0.182709870095974,0.0175017096688289,0.0514433694328565,0.107396369246312,0.14327395966444,0.176897978495994,0.182709870095974,0.25,1,150.000015727529,179.580908238725,-14.0358951862306,616.703978752213,318.369884071451,5519.06968024164,-27.3155099456307,2.27832559108426,-0.630074160504115,-0.0783448276221227,2.35613331944589,-0.19082480348922,3.92214416852411,-0.336092619000104,-101.011872721592,0.295073500206229,4.74516029580252,1173.57952296636,10.8281741485266,1.4332171961254,0.925958014790128,0.613875742110197,0.555651421726903,0.42795116133736,0.367771221747734,0.0559004730903031,0.0124950481844599,0.0070499191289449,0.00752610967607541,0.00821755869180293,0.00818651952921571,4999.98166857619,43.0933246536816,17.3232166618681,39.0255710379961,124.044472446346,119.262514423719,2578.84892444684,1206.29676983526,23.458568143562,0.570120984620285,0.44165074326415,0.0378806409186855,0.623902776660013,0.361714001942801,1.72678005398016,0.342719962471569,1.37187695058577,0.57566453871475,1.30014589334816,0.504307922551832,0.00545715149734912,0.385463566605592,0.257131139852508,0.18531264670043,0.148353494174069,0.121195884525816,0.102306289761925,0.0781630878699742,0.0174184869624178,0.00646587487984756,0.00354558752238715,0.00176545231996816,0.00107365594488083,1.84455204785072,0.00664797160851762
-5.82,24.868,1.1352,0.2,0.0191738499609656,0.048164711601383,0.107967289784911,0.138539326635683,0.14831549950742,0.229121626192637,0.0191738499609656,0.048164711601383,0.107967289784911,0.138539326635683,0.14831549950742,0.229121626192637,0.0191738499609656,0.048164711601383,0.107967289784911,0.138539326635683,0.14831549950742,0.229121626192637,0.25,1,150.000015727529,150.934559941673,-7.53732122143527,620.631777939798,18.2229969169878,3511.01926882616,-40.4729496927403,0.595908983321529,-0.252631369276117,-0.00899209239662535,0.647142147036767,-0.0116800993750651,-3.13665936985731,-1.22206575342152,-101.038614727632,-0.024462026768045,0.570685143432976,1173.68524112072,21.9404291219665,1.60292354963025,1.02065221331111,0.528611321737319,0.329806645141131,0.10783461214561,-0.0251839521164462,0.083387490483283,0.0125769184862931,0.00792872554942194,0.00604360618685554,0.00885097854390167,0.0093556661806062,4999.96208728257,43.0935590042708,17.3232166618681,43.7706072150661,112.833749946199,117.27096083721,2325.15648855191,1082.4844124857,13.902477495279,0.414893933174192,0.446170026210291,0.00582272883763422,0.515954253658827,0.324026292454613,3.61520825174726,0.621734460620613,1.52591184405279,0.514294864090511,1.05667277711421,1.44029795336206,0.00761188775246041,0.241862212815614,0.162014454909208,0.0968168158707288,0.0844464520396654,0.0780065321896842,0.0864902545598654,0.09186572419715,0.0132247038758338,0.00348529889395298,0.000958240700232751,0.0016857624192403,0.00205498740748141,5.45070904954549,0.0183855945196704
2.7,20.292,1.34128,0.2,0.016714820119588,0.0569988729806311,0.093694276319943,0.114471608739502,0.144577790716607,0.187172538951422,0.016714820119588,0.0569988729806311,0.093694276319943,0.114471608739502,0.144577790716607,0.187172538951422,0.016714820119588,0.0569988729806311,0.093694276319943,0.114471608739502,0.144577790716607,0.187172538951422,0.25,1,150.000015727529,159.78932819498,-9.68044233663161,619.832798666806,110.518427111759,4109.763670451,-46.0923539214665,1.06046422442454,-0.402422719643787,-0.0235200345901469,1.13236944413082,-0.0653375997396104,-1.24522799969795,-0.820190687272159,-101.084144359963,0.0694615419133423,1.7322506161754,1173.70492657015,17.4781366524325,1.51508186647224,0.901900926986772,0.490023028851161,0.356268190813457,0.180037904562025,0.0877110054765128,0.0336777004249557,0.0121974178733257,0.00677403124674513,0.0065259324028747,0.00865368659514634,0.00884861920633268,4999.96739922925,43.0934381835227,17.3232166618681,53.3390497130218,118.944042693031,117.759857408387,2468.40152876606,1575.56842780789,18.4310101753397,0.659597404579596,0.521573999419985,0.0207671961257417,0.762690503600634,0.354130100443453,2.7985868170148,0.55828314830052,1.71608476978111,0.563033946061918,1.56104311612643,0.739443552980881,0.00566389066816782,0.240278134767154,0.187066858413907,0.146286108455001,0.129531907533705,0.115919259306578,0.091051751136072,0.047926876006857,0.0113561541096649,0.00387660950359958,0.00169144851493012,0.00144964257735473,0.00143029698263079,2.89418950871749,0.0102693189988466
-9.54,18.444,1.308,0.2,0.0164525236031744,0.0538112889778096,0.078279421777778,0.150770461959972,0.170521887029312,0.222873889795009,0.0164525236031744,0.0538112889778096,0.078279421777778,0.150770461959972,0.170521887029312,0.222873889795009,0.0164525236031744,0.0538112889778096,0.078279421777778,0.150770461959972,0.170521887029312,0.222873889795009,0.25,1,150.000015727529,167.922695552547,-10.6756220831163,618.786345172378,170.877678575148,4699.95198416832,-39.3481522758046,1.5446288719925,-0.518036562196645,-0.037123326320175,1.62525111967503,-0.113196707270076,0.772124272575774,-0.562267443646495,-101.107515883763,0.154905935850432,2.92539237579419,1173.69419852099,14.5563670450995,1.49272325799396,0.893581210290594,0.521998510571815,0.427201833142381,0.273165180710343,0.185214944276638,0.0386220602619519,0.0122134804187064,0.00705100385376523,0.00613805353608999,0.00795428299135507,0.00916563972502864,4999.96823247578,43.0934725549423,17.3232166618681,34.4454794515899,118.901729479147,117.902703610793,2459.48487358286,971.350930023099,19.1145651822476,0.457228354198411,0.438010752843823,0.0210430936063965,0.530548572608506,0.345589824197026,1.73659550705832,0.42942498861659,1.41392592678697,0.551367597467287,1.11857472191186,0.752230492824709,0.00579405705829125,0.275929533897185,0.126516272104922,0.0546594342542045,0.0402584134164016,0.0491601946763413,0.0644066139446253,0.0578145116645408,0.00987228536819943,0.00255783692581205,0.000979457793590544,0.000643546181335665,0.000784064425287185,2.92658986181569,0.0101408056582641
4.14,19.324,1.24272,0.2,0.0217312409959983,0.0651044437306628,0.0767093902966315,0.143668512416837,0.171841078367247,0.2207913109958,0.0217312409959983,0.0651044437306628,0.0767093902966315,0.143668512416837,0.171841078367247,0.2207913109958,0.0217312409959983,0.0651044437306628,0.0767093902966315,0.143668512416837,0.171841078367247,0.2207913109958,0.25,1,150.000015727529,161.521409228205,-10.3189098448078,619.194417248203,155.257592999687,4385.5663993334,-38.4570796792001,1.3317670867618,-0.476192807551296,-0.0323108444016248,1.41115479637538,-0.0948273455983751,-0.0710016985209873,-0.670684590657224,-101.100292677846,0.122907777408603,2.42959170469743,1173.71419643787,15.8308519945844,1.52591761274867,0.924149682324757,0.533883949588584,0.418411280074992,0.245770598895948,0.158945360850953,0.0429388776814915,0.0126084767337777,0.0065641822310176,0.00702037704405791,0.00831044328715758,0.00868951619622956,4999.98489740652,43.0933725653578,17.3232166618681,50.2970829886796,120.599487781029,118.043771242901,2505.87665381921,1498.21676891509,18.8582346831233,0.649811758721598,0.50748796929135,0.0255688997424331,0.742186061517317,0.359099203107419,2.42521515167618,0.526623691888598,1.65078981972693,0.571397651789961,1.53077953675457,0.949328437278051,0.00613418260908787,0.252872406032108,0.198009097808012,0.152879678886096,0.132573753996741,0.120564044722459,0.0945895239301155,0.052319528136389,0.0124543297109136,0.00431044020337237,0.00232491795063782,0.00156433098457755,0.00133929147778668,3.56313313268593,0.0105148522621737
9.54,19.588,1.36688,0.2,0.01386234550359,0.0491665237165555,0.0926951653773953,0.147614039940801,0.151833343075245,0.213948552084113,0.01386234550359,0.0491665237165555,0.0926951653773953,0.147614039940801,0.151833343075245,0.213948552084113,0.01386234550359,0.0491665237165555,0.0926951653773953,0.147614039940801,0.151833343075245,0.213948552084113,0.25,1,150.000015727529,161.20705030726,-10.2694787063847,619.281897718987,145.379169180294,4271.38162691386,-47.0981254036038,1.20777134418081,-0.441717062839287,-0.0308213751275909,1.28330858903239,-0.0833042188063743,-0.625390315967087,-0.729388417991876,-101.088175190084,0.101100070951984,2.10038831739194,1173.71169669826,16.3749848974065,1.45836673263202,0.894862649723987,0.49961424851578,0.378706498281429,0.214526042544526,0.122713931379023,0.0706111932402875,0.0124248709443808,0.00661045072009166,0.00698308374127695,0.0081136010832205,0.00886629278200187,4999.97948130403,43.0935319237582,17.3232166618681,60.1131503231828,121.325023546365,118.071579267013,2526.0776818134,1833.8313476537,23.391243917541,0.777822762342217,0.556588327621592,0.0280290108325194,0.883093637454242,0.367334460407424,2.68897731700226,0.565385542089735,1.8142731450148,0.584129611966962,1.80876863795847,0.771630879802725,0.00520239137844988,0.379601067848757,0.290499149960423,0.212527237502142,0.173387410844386,0.137971605493685,0.107036890299613,0.0907846749723252,0.0182286741972053,0.00581491048585576,0.00274432385902156,0.00174799343111575,0.00132310423649232,2.84723838820354,0.0105639543642139
13.38,20.82,1.22864,0.2,0.0204853325430337,0.0582739065817597,0.0778512313738289,0.105791448186781,0.155790917089047,0.210080905742724,0.0204853325430337,0.0582739065817597,0.0778512313738289,0.105791448186781,0.155790917089047,0.210080905742724,0.0204853325430337,0.0582739065817597,0.0778512313738289,0.105791448186781,0.155790917089047,0.210080905742724,0.25,1,150.000015727529,155.465289032392,-9.71253285491094,619.234152692428,144.090773752734,4106.30222893449,-42.0764867307926,1.14844388022081,-0.43706737062806,-0.0306476970628059,1.22619097590147,-0.0800134566701386,-0.796381013050724,-0.785398834131861,-101.085221331112,0.0968404646911781,1.99905670222893,1173.68565774399,17.102553900635,1.45435393188209,0.953995635871264,0.545733813144463,0.403140024997396,0.228024860885324,0.12328067612957,0.128483752315384,0.0160535194978648,0.0065501829830851,0.00660283637121132,0.00816752682012291,0.00860442610144776,4999.99156337882,43.0936694094366,17.3232166618681,64.445138866021,121.270101232917,118.017252301364,2531.70337955687,1974.64818861889,25.6207855721151,0.82972804037755,0.586168151588541,0.0288469695859919,0.945613174147733,0.371287049516443,3.04113696576391,0.625216977678323,1.91803863454613,0.590027237565342,1.93674705775399,0.686272773707313,0.00573347586203489,0.46359200937872,0.379250042337828,0.278464658524856,0.219518238637807,0.167234982439762,0.128997504444003,0.15276924572389,0.0275854526785765,0.00858197225590116,0.00359598522620394,0.00176458156829931,0.00127965105016543,2.49800580116928,0.00979703774081491
4.86,7.092,1.14544,0.2,0.0184197474762765,0.0536291413205055,0.0882705312032553,0.106383277315376,0.156230647535025,0.206213259401335,0.0184197474762765,0.0536291413205055,0.0882705312032553,0.106383277315376,0.156230647535025,0.206213259401335,0.0184197474762765,0.0536291413205055,0.0882705312032553,0.106383277315376,0.156230647535025,0.206213259401335,0.25,1,150.000015727529,114.344068326215,-6.71451115092178,287.586918029372,292.79602677846,4088.39995833767,-4.65165671545672,2.27871357150297,-0.205036425076659,-0.0738143068430372,2.27871357150297,-0.205036425076659,2.1573838246016,-0.13441955802104,-47.5176887824184,0.34601099780752,5.09635621289449,805.050432246635,-2.9387642953859e-18,1.1887829705239,0.921183335069263,0.774294521404021,0.828480033329861,0.829207363816269,0.826635110925945,0.0133614941587751,0.0122053625559838,0.00619795727778356,0.00690905791063431,0.00901679793771482,0.0102481189459431,1037.51109259452,13.0367513800646,17.3232166618681,2.56210047070713,123.763343710864,119.005383569095,2554.73360030099,197.566950192413,19.0596103247845,0.171004781951179,0.337503900726693,0.0114660703527664,0.171004781951179,0.337503900726693,0.519065933743204,0.339304618102334,0.494166766520703,0.538607992583476,0.377784217200538,0.179286986588673,1.30932091656596e-15,0.134926184883655,0.0931193688642048,0.0777472337207688,0.0788397297412006,0.0722454432742547,0.0649635128313281,0.0183102068740866,0.00664190283264416,0.00339427060828063,0.00272009836628586,0.00204338842280616,0.00136743034771442,0.885241765393059,0.0090183582683129
-11.94,14.572,1.30544,0.2,0.0144852997300723,0.0467986041716024,0.0801349135282237,0.121770834658836,0.184153530854632,0.240427053959773,0.0144852997300723,0.0467986041716024,0.0801349135282237,0.121770834658836,0.184153530854632,0.240427053959773,0.0144852997300723,0.0467986041716024,0.0801349135282237,0.121770834658836,0.184153530854632,0.240427053959773,0.25,1,150.000015727529,202.237683574628,-17.2084718189772,612.997718987605,423.157707988751,6526.92834079783,-24.1048698823039,2.97263253827727,-0.687823966253515,-0.127450251015519,3.04052942401833,-0.254535719666702,6.7256894073534,-0.228909799058744,-100.836678470992,0.406875308979169,6.35733475679617,1173.57421101969,8.24281668576191,1.38258296010832,0.894390157275283,0.625788532444537,0.606450098948027,0.507044370378086,0.455985084886991,0.0190961478481408,0.0118185553588168,0.0061097317342985,0.00782050744714092,0.0090131174877617,0.00933322528903242,4999.99364649516,43.0934683887092,17.3232166618681,26.7525965758519,123.008230732801,118.965204751942,2558.00212039347,869.566868038004,27.6947566784896,0.472418189080907,0.417130278646972,0.0425096286667491,0.516200922196818,0.361525660847629,1.62371487862365,0.300121189376649,1.26393459649323,0.578654729763002,1.09210739418164,0.494487808291959,0.0054421901892848,0.240096840742671,0.0916473580042129,0.0304375560701437,0.0202508631050784,0.0308163949164695,0.0430291465948709,0.0423211785283577,0.00768779349132731,0.00216166186286399,0.00139447772069411,0.00102190834886836,0.00156503188997394,1.7990915657922,0.0068655439209545
5.82,21.26,1.3656,0.2,0.0156328469893819,0.0529916245199412,0.107681829515611,0.110920633967935,0.168982830468389,0.185089960152213,0.0156328469893819,0.0529916245199412,0.107681829515611,0.110920633967935,0.168982830468389,0.185089960152213,0.0156328469893819,0.0529916245199412,0.107681829515611,0.110920633967935,0.168982830468389,0.185089960152213,0.25,1,150.000015727529,157.188583480887,-9.5729658389751,620.005155712947,99.0657531923758,3886.03577752317,-49.9110040620768,0.869015196927404,-0.344360062889282,-0.0211523212790334,0.933513547858557,-0.0482606553042391,-2.05630236377878,-0.942372807009685,-101.060908238725,0.0381609392146651,1.24327245917092,1173.66003541298,18.6571180085416,1.50591488386627,0.910092417456515,0.480820924903656,0.32991223205916,0.151883876500781,0.0455079459608374,0.0588186617341943,0.0123330084195084,0.00681897614831789,0.00656195719195918,0.00821507915842099,0.00866173981876888,4999.98146026456,43.0934631809186,17.3232166618681,61.9295314077953,118.717874565216,117.543966178082,2466.08365757457,1854.70412106566,21.3571031868421,0.764231780907543,0.572576901657182,0.0194650601842018,0.885124398023667,0.358404220067685,2.86475483469188,0.684262657980526,1.90392090172268,0.569717250080278,1.81345436399286,0.899325881097847,0.00512302092197751,0.300236411665717,0.251548955330599,0.191778376232118,0.163017820127403,0.124593965835725,0.107010506062278,0.0712975093586165,0.0151396103042446,0.00496724363114031,0.00195205623103044,0.00159687133110601,0.00156604536752037,3.39829460794755,0.00981043892608151
14.82,3.66,1.11472,0.2,0.0143541514718655,0.0621900812137975,0.0804203737975231,0.123151769292223,0.142159273263727,0.227634069907488,0.0143541514718655,0.0621900812137975,0.0804203737975231,0.123151769292223,0.142159273263727,0.227634069907488,0.0143541514718655,0.0621900812137975,0.0804203737975231,0.123151769292223,0.142159273263727,0.227634069907488,0.25,1,150.000015727529,51.5748817831477,-1.38939470575983,208.015268201229,40.633470509322,1755.25559837517,-13.3983002812207,0.992527528382458,-0.0727266096552443,-0.0149790448911572,0.992527528382458,-0.0727266096552443,-0.143580575730653,-0.0353339604103739,-34.1073669409437,0.125821004741173,2.25214769294865,681.676002499725,3.20716027497138e-18,0.36434055827518,0.289914279762525,0.281718737631497,0.361255088011666,0.408023455890011,0.495336360795751,0.0121311306113946,0.00899209478179355,0.00600220758254349,0.00599543985001562,0.00748127320070826,0.00936090438495989,76.0256025414019,1.12817685657745,17.3232166618681,3.67210386011355,121.883387942611,120.156109119958,2509.07430172249,99.697484485143,8.67608640360633,0.0383074184969554,0.324447032215958,0.00151048699175313,0.0383074184969554,0.324447032215958,0.168003699510798,0.0470680680636663,0.353048986843401,0.516471634273936,0.159628764172337,0.0469385413111414,1.00473365192919e-15,0.0782160305304372,0.0577117829464556,0.0467042288180588,0.05577099329508,0.0615581136658462,0.0671655706510397,0.00329036404764942,0.00152915439029184,0.000631402176318047,0.00070722195372055,0.000938613669993907,0.00138137303502656,0.152410130383582,0.0022439199687597
-0.780000000000001,20.204,1.23248,0.2,0.0152066151502098,0.0609150476126689,0.105683607630516,0.126900020439989,0.184813126523599,0.241914610244922,0.0152066151502098,0.0609150476126689,0.105683607630516,0.126900020439989,0.184813126523599,0.241914610244922,0.0152066151502098,0.0609150476126689,0.105683607630516,0.126900020439989,0.184813126523599,0.241914610244922,0.25,1,150.000015727529,159.761010311426,-9.7249812477867,619.670180189563,118.437136922612,4214.08717841891,-38.8351650869701,1.17665362983022,-0.437643009202166,-0.0251474548484533,1.25313151755025,-0.0755451750994688,-0.72595422550776,-0.759462166219144,-101.097492969482,0.0889309343766275,2.04244565978544,1173.72461201958,16.952468492865,1.56309405270284,0.937412571607124,0.527927455473388,0.395965909801062,0.211886735756692,0.119230554675034,0.0323631798131444,0.0123981210269763,0.00737018383501718,0.00667782939277159,0.00871041016560776,0.00893952494531819,4999.97771065514,43.0935173419439,17.3232166618681,46.2298820026524,118.60938863372,117.781825906255,2458.1374673496,1325.58087487585,16.46358281545,0.560757776030569,0.483610998445125,0.0197034407264956,0.653201408125682,0.348790030792463,2.70631338534013,0.499093568416813,1.58251053036832,0.554653125709381,1.33935914575513,0.915825798788341,0.00632370473473117,0.187299413281696,0.138030883890393,0.110151220583879,0.103223503204352,0.10222688097392,0.0815538378369541,0.0408743220023225,0.00948828413062429,0.00334916244101497,0.00167134610315014,0.00127509574414891,0.00146294340166906,3.43719286628216,0.0115258738034911
14.46,14.396,1.29776,0.2,0.0177640061852425,0.0559059870368066,0.106111798034465,0.121376281906439,0.152273073521223,0.227039047393428,0.0177640061852425,0.0559059870368066,0.106111798034465,0.121376281906439,0.152273073521223,0.227039047393428,0.0177640061852425,0.0559059870368066,0.106111798034465,0.121376281906439,0.152273073521223,0.227039047393428,0.25,1,150.000015727529,202.605384855744,-18.3555770544735,612.515967086762,471.058032986147,6590.26236850328,-22.0448753766274,3.05004103739194,-0.685558098114778,-0.133769404228726,3.11460181231121,-0.268334700692324,7.06738631392564,-0.234872204660973,-100.809091761275,0.430961718279346,6.5480907197167,1173.64503697532,7.74377502343502,1.36881621706072,0.90672034163108,0.650704770336424,0.630104416206645,0.539955837933549,0.484732027913759,0.039220797861681,0.0124992385847412,0.00709576297812729,0.00734529517758566,0.00799916029580252,0.0089081212373711,4999.98656389959,43.0937818977183,17.3232166618681,29.5409372940102,125.109006701435,119.784993957162,2591.89908182618,945.694789895114,28.0317441853862,0.474136761633628,0.394616330433867,0.0415849711749832,0.504729029068287,0.354656122895736,1.6048880956628,0.260196977926311,1.16362343028855,0.563954137116768,1.05947182163169,0.478527038146063,0.00411754440650676,0.395051898835378,0.24406713235836,0.173229576333907,0.137987616855626,0.113449874795768,0.0914603220900421,0.0675487853554329,0.0166606269338678,0.00645442124320326,0.00367706027995795,0.00206963187790287,0.00176490339746495,1.39617284713158,0.00540812750465585
-10.14,20.468,1.15056,0.2,0.0213377962213779,0.0648312222447067,0.0855586586449115,0.118614412639665,0.157989569318938,0.215436108369262,0.0213377962213779,0.0648312222447067,0.0855586586449115,0.118614412639665,0.157989569318938,0.215436108369262,0.0213377962213779,0.0648312222447067,0.0855586586449115,0.118614412639665,0.157989569318938,0.215436108369262,0.25,1,150.000015727529,159.495750442662,-9.43960202062284,619.467690865534,127.3506963233,4309.47047182585,-34.3481280074992,1.28094992188314,-0.468795984341214,-0.0262744195396313,1.36128993854807,-0.0864819289553171,-0.273107465659827,-0.70901369592959,-101.112095615041,0.108835730986356,2.31266181647745,1173.70784293303,16.4665628580357,1.54925768149151,0.97560030205187,0.562501229038642,0.431100197896053,0.252559629205291,0.141408725344235,0.0782038763357983,0.0131822285329132,0.00701214019372982,0.00647349432350796,0.00817125049474012,0.00962792740339548,4999.96979481304,43.0935756692013,17.3232166618681,35.3307659935272,117.52750339458,117.671872018526,2423.84917773249,920.948510022342,17.4465991004446,0.406952291563259,0.429544777430089,0.0156517143843936,0.485763618009922,0.337857401087114,3.31401662297472,0.468054941572709,1.41335678425754,0.537979831764631,1.01575430595126,0.940827396671337,0.00580386289443847,0.30273380711168,0.161631538173094,0.0724359725647828,0.0445487665252268,0.0529786859779085,0.0737781901910453,0.0968109034552029,0.0133435977630436,0.0032690349407244,0.00129668157882682,0.00067253153415535,0.00151453619682727,3.55415309438278,0.0111698407009187
5.1,24.604,1.16592,0.2,0.0216328798023432,0.0614614905845811,0.0745684382768864,0.151559567464765,0.155351186643069,0.244294700301162,0.0216328798023432,0.0614614905845811,0.0745684382768864,0.151559567464765,0.155351186643069,0.244294700301162,0.0216328798023432,0.0614614905845811,0.0745684382768864,0.151559567464765,0.155351186643069,0.244294700301162,0.25,1,150.000015727529,149.495315071347,-8.07278765336945,620.229934381835,45.4251857410687,3460.58115508801,-43.201663993334,0.564138735871264,-0.242345873304864,-0.0167054813040308,0.613818685694198,-0.0146181549224039,-3.26908640495782,-1.23613744682845,-101.016440995729,-0.0206060472461202,0.484675781345692,1173.67326320175,21.8837089886464,1.52652338298094,0.997202322674721,0.522267534631809,0.324964844982814,0.113807332905947,-0.0306737078086658,0.0897272341693574,0.0135049521244662,0.00646944065732736,0.00692912134152692,0.00796099614623477,0.00974729694823456,4999.98031455057,43.0933350692641,17.3232166618681,66.2161092695664,115.47927229099,117.00700683117,2398.23923240351,1956.11612836701,21.0629410674987,0.78422540488052,0.617748442345805,0.0126891265731108,0.934532093680977,0.35109811582209,2.89491882202631,0.778846877441398,2.07700743982438,0.557853086503725,1.92719194523814,1.11327345135346,0.00592507835988805,0.269835747685923,0.27054121097391,0.21839682316317,0.190459281001457,0.145288727950525,0.134370523990947,0.0936746064535322,0.01757469425303,0.00569282478149322,0.00245718096614369,0.00156423508825858,0.00160311735834438,4.46837591033339,0.0152459389475896
1.98,8.852,1.1608,0.2,0.0386099964383449,0.116912108478128,0.157129764094155,0.230915981240987,0.387215470886321,0.492754558200742,0.0386099964383449,0.116912108478128,0.157129764094155,0.230915981240987,0.387215470886321,0.492754558200742,0.0386099964383449,0.116912108478128,0.157129764094155,0.230915981240987,0.387215470886321,0.492754558200742,0.5,1,150.000015727529,150.502770544735,-15.7605012662223,357.20992604937,552.855323382981,5279.49776064993,-1.88116282991355,2.80748005416102,-0.278459648739715,-0.110038864701593,2.80748005416102,-0.278459648739715,3.78465763982918,-0.213367245391105,-58.9641953963128,0.461339287129466,6.15971607124258,897.396437871057,-3.46065759816686e-18,1.4616254556817,1.09909015727528,0.960713113217373,0.963072107072179,0.846735579627123,0.795479762524737,0.0189748428416832,0.0157463129188626,0.0114167552558171,0.0174801628996979,0.0200640229142798,0.0242520299968753,1827.21883137173,20.5968347047174,17.3232166618681,4.5470943824911,124.051203655916,119.185959019949,2566.30714786411,262.874062092529,23.8847164975942,0.204343535404223,0.342022432107154,0.0167211019193851,0.204343535404223,0.342022432107154,0.731965361889803,0.448586795461938,0.616629836408876,0.546204641461855,0.434164919703404,0.249323705081629,1.34702226061244e-15,0.130694086649986,0.086714628655737,0.0838814795057125,0.0639660885338489,0.0527088046942027,0.0459718888038506,0.0236001255802031,0.00817996636263483,0.00513571091127255,0.00416916118503402,0.00481188172282682,0.00545289815082464,0.897057416872349,0.00626087950081623
0.780000000000001,8.324,1.31696,0.2,0.0336919367555897,0.117094256135432,0.191099536140778,0.274316784004592,0.288276120541257,0.38803059572622,0.0336919367555897,0.117094256135432,0.191099536140778,0.274316784004592,0.288276120541257,0.38803059572622,0.0336919367555897,0.117094256135432,0.191099536140778,0.274316784004592,0.288276120541257,0.38803059572622,0.5,1,150.000015727529,159.498927195084,-15.831204825539,357.986990938444,560.721428330383,5689.50348921987,-5.02734922507031,3.10826934694302,-0.301491531955547,-0.135684394333924,3.10826934694302,-0.301491531955547,4.55199645870221,-0.232110046359754,-59.1241974794292,0.503558789709405,6.88789574002708,899.140506197268,1.60067800020831e-17,1.31515477554421,0.987651380064577,0.867938954275597,0.877648588688677,0.831279804187065,0.796860483282991,0.014097995640527,0.014893080304135,0.0112266589938548,0.0162499781272784,0.0131343029892719,0.0164172607020102,1837.9092802833,20.6769399020933,17.3232166618681,5.78522344488983,123.813951568215,119.883258459518,2566.07007513684,324.415960826322,26.1206916236986,0.249760632796018,0.344471779500842,0.0224494240676474,0.249760632796018,0.344471779500842,0.785664068763356,0.489792323406557,0.615755518446904,0.550596304804387,0.541915205797511,0.228654839013522,1.38521505483812e-15,0.111451649645495,0.0722131539150288,0.0676025086066068,0.0536231560127564,0.0539562647100562,0.047836423303968,0.017441943896927,0.00622724288017216,0.00364666583032743,0.00319071405973332,0.00239194517695162,0.0027093265144924,0.818406933644394,0.00598343480219123
-8.22,10.524,1.17232,0.2,0.0431346113464797,0.0976044568038946,0.207941692029439,0.217895740411905,0.350717843870142,0.49751473831322,0.0431346113464797,0.0976044568038946,0.207941692029439,0.217895740411905,0.350717843870142,0.49751473831322,0.0431346113464797,0.0976044568038946,0.207941692029439,0.217895740411905,0.350717843870142,0.49751473831322,0.5,1,150.000015727529,205.918570982189,-28.6113373471513,494.392542443495,901.699277377357,7198.07290907197,-3.7213264764087,3.78512821581085,-0.395706078493282,-0.199372846578481,3.78512821581085,-0.395706078493282,8.26686709717738,-0.389930158285595,-82.102770544735,0.65208426346943,8.25876106655557,1060.90709301114,-1.34945248203312e-17,1.4520316633684,1.09600468701177,0.961976627434641,0.959132121653993,0.855351307155504,0.785713790230185,0.0178397701485262,0.0145301622518487,0.0149781408186647,0.0163348180397875,0.017565768774086,0.0233824466201437,3018.98864701594,28.7863097594,17.3232166618681,11.1149038400862,124.878360791375,120.223295443503,2604.1010014066,529.824815875066,32.1636893422817,0.37082326697475,0.358847721603388,0.0400405579422069,0.37082326697475,0.358847721603388,1.13519176346334,0.178380517448413,0.845974653845471,0.574852800719328,0.79628278751743,0.321313542020138,1.29961749444265e-15,0.119212053000777,0.0382503305937299,0.0258433167843504,0.0299470869369381,0.0334306399288375,0.0362465910957119,0.025568642828516,0.00582577036898293,0.00309209246987398,0.00277749016640765,0.00333664522766191,0.00461770258792288,1.25315279581547,0.00680498266854378
7.74,24.164,1.37712,0.2,0.0384132740510347,0.104708215438754,0.164266270826638,0.227365006469419,0.319057251759722,0.401121091035535,0.0384132740510347,0.104708215438754,0.164266270826638,0.227365006469419,0.319057251759722,0.401121091035535,0.0384132740510347,0.104708215438754,0.164266270826638,0.227365006469419,0.319057251759722,0.401121091035535,0.5,1,150.000015727529,153.816461826893,-9.19038311217581,619.985355692116,70.5227138318925,3406.6077881054,-56.6081449848974,0.412168704593272,-0.170859809530257,-0.0210447036767003,0.446136352035205,-0.00588964943235079,-4.0410816626393,-1.29906909488595,-100.972038329341,-0.0409725997323195,0.0157397886678471,1173.71440474951,21.7599468805333,1.46489206332674,0.932110561399855,0.487372458077284,0.28924789358296,0.0777837773919384,-0.0562011660543694,0.104290772360587,0.0160998127382564,0.00807193951369649,0.00741326403499636,0.00970549901051974,0.0132868281429018,4999.98156442037,43.0932423705869,17.3232166618681,77.7994545106655,116.340638614095,116.603404244281,2425.50193449019,2391.27874251349,26.8201612769786,0.974662235461778,0.709949624509354,0.0141001230806388,1.148975351177,0.365862757412272,3.65951481017237,0.877025093912595,2.40635173832312,0.582732571522123,2.38309378631062,1.21393376669024,0.00657388226456255,0.341684648383812,0.317995263992687,0.253460211062471,0.212021532682374,0.149066984844372,0.142882085348564,0.118746871120524,0.0206371531570993,0.0070514237111161,0.00296093256856531,0.00253616202579148,0.00484241598611122,4.63806417168494,0.0141265301665483
-7.02,9.38,1.39632,0.2,0.037495236243587,0.104890363096058,0.169404555674027,0.243147116565275,0.298389920798753,0.383270415613741,0.037495236243587,0.104890363096058,0.169404555674027,0.243147116565275,0.298389920798753,0.383270415613741,0.037495236243587,0.104890363096058,0.169404555674027,0.243147116565275,0.298389920798753,0.383270415613741,0.5,1,150.000015727529,208.084543276742,-28.3693215998333,463.19366732632,884.884418852203,7423.60087490886,-9.88005209717738,4.04623528799084,-0.411975264322466,-0.229729559420894,4.04623528799084,-0.411975264322466,8.63282356004582,-0.38082554897719,-76.6588928236643,0.685938571045724,8.94932986147276,1026.08946984689,3.91165277575254e-18,1.26409613581919,0.954245818143942,0.829691584209977,0.864121060306216,0.804573419435475,0.778651505051557,0.0133528636505781,0.0141657481512342,0.00880895825028642,0.0139263991250911,0.0121613548588689,0.0148772258098115,2731.56869076138,26.9288959483387,17.3232166618681,11.1388351529601,125.122598601099,120.256991469906,2617.93960834882,537.052296351017,34.3463666821061,0.392058720023282,0.364325825507358,0.0455989593163369,0.392058720023282,0.364325825507358,1.1337328826855,0.18861418609762,0.794948224907053,0.584473896280535,0.849865361538271,0.285435595756859,1.22925145021372e-15,0.0918808151598667,0.0315468845110576,0.02492918407711,0.0292025068515923,0.0364180786958894,0.0413293801378431,0.0167058602010094,0.00437426337149836,0.00233644483157951,0.00220198803765466,0.0016969245788336,0.00189678704558427,1.12689416663632,0.00650237979183987
11.1,15.892,1.148,0.2,0.037823106889104,0.092140027084772,0.213079976876828,0.296411738138791,0.336646469598844,0.364824717677888,0.037823106889104,0.092140027084772,0.213079976876828,0.296411738138791,0.336646469598844,0.364824717677888,0.037823106889104,0.092140027084772,0.213079976876828,0.296411738138791,0.336646469598844,0.364824717677888,0.5,1,150.000015727529,186.624612019581,-16.5861035569211,615.617352359129,402.49142034788,5836.48442870534,-21.1079909352672,2.5007777314863,-0.636522692427872,-0.0912014998437664,2.57124820331216,-0.218527675335902,4.81262894136028,-0.296521067041975,-100.971908134569,0.34263576419123,5.25329090719717,1173.58660556192,9.42232319550043,1.47675103635038,0.983809113633997,0.710639110509322,0.626434288094989,0.482890938443912,0.424384334965108,0.0699730212449744,0.0144112684340381,0.0125296654515155,0.0116566688886574,0.0103136199354234,0.0102828824080825,4999.99229246953,43.0935527549209,17.3232166618681,32.1904946085599,124.128531311583,119.113363959987,2576.53113038456,987.466126946583,23.7653325171766,0.474334037502295,0.410887871762163,0.0346526447406409,0.516642508124524,0.356233597211177,1.58243025881709,0.297346289883129,1.26123098940804,0.566670399982078,1.07134269729704,0.492468006074068,0.00452408052769264,0.357673112400978,0.233691468494554,0.18020675801354,0.136049017358466,0.108571938733633,0.0916625977793803,0.0868496769569012,0.0174878753203682,0.00753341971829686,0.00500732340752436,0.00309667539935547,0.00290869771837843,1.64827655076018,0.00609059665960836
-4.14,7.268,1.12368,0.2,0.032773898948142,0.103797477152233,0.212509056338229,0.274711336756988,0.36698787037133,0.372560010360665,0.032773898948142,0.103797477152233,0.212509056338229,0.274711336756988,0.36698787037133,0.372560010360665,0.032773898948142,0.103797477152233,0.212509056338229,0.274711336756988,0.36698787037133,0.372560010360665,0.5,1,150.000015727529,112.880241641496,-6.92782121549838,287.665732736173,294.622935779606,3986.90365586918,-5.43590601583168,2.17763555879596,-0.197683534746381,-0.0674098364753672,2.17763555879596,-0.197683534746381,1.95371227997084,-0.131726848811582,-47.6451452973648,0.331642473002812,4.83695760858245,806.00989480262,1.11118030663472e-17,1.24562576814915,0.944209717737735,0.830593136131654,0.850608697010728,0.782177252369543,0.787776637850226,0.012559292481503,0.0140474014165191,0.0117659243828768,0.0151310565566087,0.0142838371003021,0.0148668044995313,1046.13967295073,13.1294792209144,17.3232166618681,3.48734381130825,123.919117976884,119.05093839144,2567.80160066276,223.839451365649,18.3339592869434,0.199229840526648,0.344018055626372,0.0128910194202013,0.199229840526648,0.344018055626372,0.496046883159138,0.321268218021945,0.50674905672398,0.549935874095547,0.423073361170314,0.182579889406517,1.29659842569281e-15,0.0804042043786684,0.0430480227760897,0.0426636475547282,0.0409664438440674,0.0444071119162394,0.0465967610304419,0.0141437111378303,0.00443211140328621,0.00266702651059936,0.00239603394670864,0.00181690828880251,0.00180758724322776,0.891610117350028,0.00915034211890321
-0.0600000000000005,6.74,1.11216,0.2,0.0288394512019379,0.0928686177139884,0.174828300790714,0.253010935375186,0.316858599529831,0.466573567582111,0.0288394512019379,0.0928686177139884,0.174828300790714,0.253010935375186,0.316858599529831,0.466573567582111,0.0288394512019379,0.0928686177139884,0.174828300790714,0.253010935375186,0.316858599529831,0.466573567582111,0.5,1,150.000015727529,101.09032496615,-10.9565827736694,271.008603270493,349.325698718883,3546.77929382356,-7.40110323143422,1.92365441099885,-0.185276999655244,-0.0526550755129674,1.92365441099885,-0.185276999655244,1.38147648695969,-0.105050548802208,-44.7536704509947,0.309112498866785,4.25504551609208,781.025716071238,-1.63599114113113e-17,1.14654976564941,0.879903728778252,0.767144203728779,0.815294458910531,0.763964941151962,0.727809946880533,0.0122652826457869,0.0132862076866993,0.00915240245807729,0.0134481186334757,0.0124360268722008,0.0166891386313926,827.47400270805,10.7173981876886,17.3232166618681,2.40791104543322,122.862784891992,119.933766143621,2541.01027333253,168.071040697705,16.0601613767141,0.16000399843171,0.337796336740407,0.00924788366088343,0.16000399843171,0.337796336740407,0.422871950582015,0.150613866825693,0.473911653742349,0.539482052894725,0.335815583863479,0.152998060312548,1.3383194837771e-15,0.0863295647516277,0.0615254398319218,0.0565045028441111,0.0537511431518109,0.0538879357818842,0.0480571141109645,0.0126005298084182,0.00473998662895741,0.00277380070092054,0.00236352157758195,0.00160593904237349,0.00170106411476763,0.688683154343133,0.00812664552866178
4.26,11.052,1.25552,0.2,0.0301509337840059,0.0872220403375618,0.19452505937237,0.21079379086877,0.362150835465572,0.449912937188437,0.0301509337840059,0.0872220403375618,0.19452505937237,0.21079379086877,0.362150835465572,0.449912937188437,0.0301509337840059,0.0872220403375618,0.19452505937237,0.21079379086877,0.362150835465572,0.449912937188437,0.5,1,150.000015727529,244.416133736069,-30.7016329987502,564.659150088533,1002.71337661702,8548.27820018748,-2.51251205988959,4.5094677637746,-0.462024354696282,-0.281194146443079,4.5094677637746,-0.462024354696282,12.132729507343,-0.533006526320175,-94.445560879075,0.762855450473908,9.85965607749193,1139.94448494948,2.71693406415998e-17,1.41855942089366,1.07610441620665,0.937506384751589,0.945614508905322,0.83499056348297,0.793996448286637,0.017088559785439,0.014102991523184,0.0138139192167483,0.0156169347984585,0.0175052449744818,0.0204446536819081,3883.27257577336,34.4595344234976,17.3232166618681,9.38588085728306,124.042390969903,120.740226501751,2566.89883143155,452.138863247889,38.3357050424092,0.303810401105842,0.344041880713585,0.0384618875087053,0.303810401105842,0.344041880713585,1.31427234479968,0.230487945357952,0.910667944232543,0.549540308295988,0.660870688180868,0.650593517335917,1.35806505029192e-15,0.158508617125898,0.102632637207072,0.089482843862324,0.0682671989539002,0.055590356988506,0.0469065975157974,0.0255883830141775,0.008756848793053,0.00548261304854097,0.00414018437035598,0.00426819714509021,0.0045420477218602,6.37975042942767,0.0505962561125595
10.26,17.3,1.40784,0.2,0.0325116024317284,0.089954255197123,0.206514390682943,0.288520683090863,0.346320539410362,0.417186698915149,0.0325116024317284,0.089954255197123,0.206514390682943,0.288520683090863,0.346320539410362,0.417186698915149,0.0325116024317284,0.089954255197123,0.206514390682943,0.288520683090863,0.346320539410362,0.417186698915149,0.5,1,150.000015727529,173.119579210499,-11.9023653608999,618.774585980627,219.665959827101,4947.73867305489,-43.5370525986877,1.72742951775857,-0.541175410126028,-0.0492152311217582,1.80525868138735,-0.133815396712843,1.52988378812624,-0.482861984448495,-101.081901885221,0.191044038860535,3.35902776794084,1173.67367982502,13.1552192479952,1.42287976252474,0.862429101135299,0.541681658160609,0.441762535152588,0.285831368607437,0.212959993750651,0.0523439223133007,0.0137567196025414,0.00960881168628268,0.00880946932611186,0.00921495844182897,0.00889097239870847,5000.01062389334,43.0931111342568,17.3232166618681,49.2198898975937,122.947973220164,118.934581930826,2560.02278017325,1512.96539993108,23.0237104321792,0.679710583425238,0.492746677684591,0.0337242414191066,0.755244510118723,0.366601608081794,1.9491510666346,0.45425424780619,1.58504593360019,0.583768531244779,1.56267478657646,0.638735640068707,0.00499545087815862,0.368993487552323,0.255301602825206,0.188444617499635,0.14703875575206,0.114917023866053,0.0972055469889277,0.0716645456810174,0.0161641561029197,0.00651082271047543,0.0039265079955458,0.00199641193640873,0.00160493733359248,2.2071596652259,0.00760599009928456
13.02,24.076,1.2952,0.2,0.0370362173398632,0.0948722419443333,0.187674012909185,0.251038171613204,0.33312862603102,0.457053207357154,0.0370362173398632,0.0948722419443333,0.187674012909185,0.251038171613204,0.33312862603102,0.457053207357154,0.0370362173398632,0.0948722419443333,0.187674012909185,0.251038171613204,0.33312862603102,0.457053207357154,0.5,1,150.000015727529,151.123094469326,-8.84391107176336,619.561399854182,89.2773968232475,3501.06784637017,-52.7964449536507,0.569765787282574,-0.243924409207374,-0.0254407689823976,0.619319999735444,-0.0240474015727528,-3.29475674435996,-1.18925977730445,-101.004554733882,-0.00646198329861473,0.477631689199042,1173.6887824185,20.9533277783557,1.44737609623998,0.962580418706386,0.533430531298823,0.329428770143735,0.116459780753671,-0.0187668385459848,0.163557938115822,0.0219194679813561,0.00987393827892929,0.00823875367149255,0.0092904585980627,0.0136933938131444,4999.99812519529,43.0932757004482,17.3232166618681,83.2696816361625,118.227736558989,116.86565148654,2476.28944070007,2583.97783495729,31.4893803600965,1.05458820815903,0.740609643951373,0.0190704087106329,1.23188866636261,0.378312466295571,3.28973304432373,0.858039159343497,2.48563294926831,0.602134964670938,2.54415287343071,0.861931084498153,0.00523586869496127,0.461044187777873,0.426222549155015,0.336604835611267,0.26234512060299,0.18144683326479,0.158256257153784,0.184167224811092,0.0338745770356099,0.0111923567294782,0.00465827134671527,0.00293231348291102,0.00586613128937342,3.21795040640377,0.0113241961677314
-1.62,13.252,1.41296,0.2,0.0297574890093855,0.0956008325735496,0.15027871763097,0.305881004196305,0.391173044900124,0.502274918425698,0.0297574890093855,0.0956008325735496,0.15027871763097,0.305881004196305,0.391173044900124,0.502274918425698,0.0297574890093855,0.0956008325735496,0.15027871763097,0.305881004196305,0.391173044900124,0.502274918425698,0.5,1,150.000015727529,225.412977814811,-22.7384873606916,609.251307155505,591.488470159359,7413.82314342256,-21.4834789753151,3.4928690761379,-0.679057431517551,-0.171966008749089,3.5444141235288,-0.313678295823352,8.70578762628894,-0.227743145381731,-100.651994583898,0.505493298314758,7.48274960941567,1173.60399958338,5.9443393396521,1.37892542443495,0.91622551817519,0.705007270076034,0.678227122174772,0.554914519320904,0.498188167899177,0.0152712084275596,0.0135678219456307,0.00827870450994688,0.0134591066555567,0.013471783043433,0.0157354785959796,4999.98323091345,43.0936173315275,17.3232166618681,24.1646171321234,124.737665987884,119.549212655158,2594.03932371477,818.404351065837,30.5918565208769,0.442662610708942,0.394116843677135,0.0451024596773087,0.470347728796301,0.360624761384336,1.55026478443906,0.240471143536052,1.1529619240478,0.575952786222709,0.983756159238503,0.489089972976853,0.00588242820657955,0.123048994562759,0.0746481254565147,0.0623555169075452,0.0550076035060398,0.0485812734583401,0.0443936712783494,0.0202321385141622,0.00604199248658198,0.00293061757894658,0.00215268215036461,0.00132215159387862,0.000961424812119766,1.49562905442637,0.00606277985637339
10.62,3.396,1.17104,0.2,0.0348066969503475,0.0883149262813863,0.148565956015174,0.271160361985421,0.322575095327546,0.382675393099681,0.0348066969503475,0.0883149262813863,0.148565956015174,0.271160361985421,0.322575095327546,0.382675393099681,0.0348066969503475,0.0883149262813863,0.148565956015174,0.271160361985421,0.322575095327546,0.382675393099681,0.5,1,150.000015727529,49.6978523070513,-0.826683603343404,206.888811582127,24.9845573065306,1677.11030101031,-15.1296479533382,0.939151942505989,-0.0666281741485262,-0.0135123133006979,0.939151942505989,-0.0666281741485262,-0.21727926553484,-0.0326396443015311,-33.7926955525467,0.115209604422144,2.12502593479846,678.566180606201,-2.01293091344651e-18,0.309548890740548,0.244564503697531,0.255857993958962,0.340157868971982,0.360231902926779,0.443036058743881,0.0120690215602541,0.00804455504634934,0.00600488084574525,0.00615538100197896,0.0077157125299448,0.0112473260077075,55.4505561920634,0.826637183626705,17.3232166618681,3.49946759513994,122.170416151148,119.963562119894,2518.35084753726,62.4413292880054,8.0569401333059,0.031863421142485,0.328070271546909,0.00143582159703046,0.031863421142485,0.328070271546909,0.145289202159632,0.0467018501561336,0.352520513454551,0.522731905009502,0.100154386315076,0.0473119554447763,1.00110741935696e-15,0.0571236636520263,0.0438949855750206,0.0363458839212509,0.0415159146543015,0.0413382834797912,0.0446123008500071,0.00202136391475887,0.000688067976683476,0.000435533335368777,0.00050136300744973,0.00151810166479193,0.00290825133720843,0.116064022353317,0.0017076252225089
11.34,12.9,1.2632,0.2,0.0362493277906224,0.122740833511858,0.217361880916318,0.245514433079654,0.37622220973687,0.423136924055747,0.0362493277906224,0.122740833511858,0.217361880916318,0.245514433079654,0.37622220973687,0.423136924055747,0.0362493277906224,0.122740833511858,0.217361880916318,0.245514433079654,0.37622220973687,0.423136924055747,0.5,1,150.000015727529,239.64153733986,-30.5431389322987,604.713727736695,897.138893492344,8137.33892302885,-8.59912631267576,4.07710634308926,-0.641516935735861,-0.231389678158525,4.10706436829497,-0.407886659441725,11.0760295802521,-0.349992285383814,-100.36178835538,0.666497340396833,8.84184584939067,1173.66815956671,3.2707046141027,1.45305599416727,1.03354062076867,0.862907113842308,0.843833777731486,0.712795406728465,0.675015081762316,0.0368760344911988,0.0157154205606499,0.0142264668263723,0.0145112090407249,0.013980175398396,0.0145743828767837,4999.92209144881,43.0940287470061,17.3232166618681,14.6224570257421,125.007932774057,119.729662447795,2579.19911196318,554.815261778683,34.9966730833134,0.333746167959228,0.352381900793586,0.0385518655881073,0.342472876392605,0.343890013916371,1.4651703989923,0.202747322757596,0.983111906245617,0.547476188138282,0.748132897052241,0.696924522122582,0.0462132357095834,0.303923866490706,0.175052103266755,0.136810527320986,0.102631929250377,0.0861964919212183,0.0742086501837899,0.0551303980941012,0.0145035258050161,0.00743079011003151,0.00476298374008106,0.00257502541833387,0.00144120609099581,1.40377928893855,0.0212155801285343
8.1,22.668,1.16976,0.2,0.0407739426987572,0.109626202185964,0.188815853986383,0.255378251889564,0.357753531005791,0.46895365763835,0.0407739426987572,0.109626202185964,0.188815853986383,0.255378251889564,0.357753531005791,0.46895365763835,0.0407739426987572,0.109626202185964,0.188815853986383,0.255378251889564,0.357753531005791,0.46895365763835,0.5,1,150.000015727529,153.043270492657,-8.4127068951151,619.884980731174,78.7597604707843,3818.41849807312,-40.6428451203,0.880513817768983,-0.357944385374232,-0.0208948574419331,0.949377700822831,-0.0459725619359442,-1.92230080820019,-0.97201238434538,-101.07015415061,0.0368397583782939,1.31982588179356,1173.67347151338,19.3505780647844,1.48710440579106,0.979784886990939,0.563236569107385,0.379325598375169,0.170219944805958,0.0511003885522341,0.114681493908551,0.0170400977913759,0.00924783496428497,0.00822392469534424,0.00804213384022498,0.0114427714821373,4999.99041766483,43.0931496719094,17.3232166618681,61.6642670647766,118.236586779716,117.523732742504,2463.99149786946,1823.17459254269,21.5989866058203,0.731637784654996,0.572657346625554,0.0189204080893567,0.857273341218266,0.358204219906009,3.68018316472695,0.663682698944675,1.90142596632153,0.568524431293647,1.74302958004615,0.963356393599742,0.0062773712356008,0.335795617744205,0.302559686056787,0.243718640228549,0.199765009994083,0.139426920494954,0.119683149683167,0.125896578139205,0.0212991931225258,0.00790251184642337,0.00377793087982908,0.00176879731041013,0.00418096914837328,3.68254778234966,0.0120707718678676
12.18,5.068,1.40016,0.2,0.0391345894711721,0.104343920124146,0.205943470144344,0.291677105110034,0.371385174831111,0.392195753324638,0.0391345894711721,0.104343920124146,0.205943470144344,0.291677105110034,0.371385174831111,0.392195753324638,0.0391345894711721,0.104343920124146,0.205943470144344,0.291677105110034,0.371385174831111,0.392195753324638,0.5,1,150.000015727529,82.8407582543486,-11.2586087410686,230.264608894907,291.379944141235,2940.68222060202,-14.1991619773982,1.65889511509218,-0.154244261722737,-0.0397266628476201,1.65889511509218,-0.154244261722737,0.830167821247786,-0.0682149481626914,-38.4932819497968,0.260912376054578,3.72870982189355,724.160014581824,1.72070837308611e-18,0.73243629830226,0.563361274867201,0.515591865430684,0.579995500468701,0.561460327049265,0.604185199458391,0.0120044485325487,0.0127816571190501,0.0106264386001458,0.0116019682324758,0.0129803405895219,0.0135457087803354,374.252890323926,5.22796479533384,17.3232166618681,1.52561283041399,122.221440175918,119.905071345244,2515.32768057119,115.723436231539,14.046763632687,0.101709476666845,0.327421345447496,0.00505828809230494,0.101709476666845,0.327421345447496,0.299749824706307,0.056431340423606,0.397033149036112,0.52163438417187,0.251331218954647,0.086806536547346,1.14133195389911e-15,0.125634212929193,0.0876303913712277,0.0721365529559291,0.0722897466548249,0.0667871641848294,0.0611419150137297,0.0105707143827945,0.00419149266216747,0.00267320116254321,0.00280629849010279,0.00146642995436878,0.000930659835465644,0.331043535264986,0.00427982306905063
-10.02,22.404,1.22352,0.2,0.0352657158540713,0.115637074876999,0.175113761060014,0.22499768995504,0.314220216853963,0.41302154131673,0.0352657158540713,0.115637074876999,0.175113761060014,0.22499768995504,0.314220216853963,0.41302154131673,0.0352657158540713,0.115637074876999,0.175113761060014,0.22499768995504,0.314220216853963,0.41302154131673,0.5,1,150.000015727529,158.800677012811,-8.15405354192272,620.169065722321,44.9658523955837,3989.71502968441,-41.0678918862618,0.941246463910009,-0.366480184907822,-0.0145487867930424,1.00921609207374,-0.0418153103885013,-1.74806341398813,-0.91651390438496,-101.088329340695,0.0292556689365691,1.42928995986876,1173.73336110822,18.9014779710453,1.53850015623372,0.966048849078222,0.545675877512759,0.378925716071243,0.15956995417144,0.0570056376239975,0.0965892424977606,0.0155332430112176,0.0104624984897407,0.00608441995625455,0.00960602926778462,0.00954639568794918,4999.96333715238,43.0935881678997,17.3232166618681,35.4547299171766,115.185168315653,117.521657965191,2367.9645089109,833.274571614979,17.0113037772308,0.324155598758537,0.403901094441659,0.00896911394686977,0.402755803768416,0.325580208463102,3.15194995056626,0.490875774402385,1.35500426669934,0.516987829382624,0.811135769238288,1.00090607061376,0.00680936541704962,0.297223611852564,0.182159325823171,0.0901542406409426,0.0558854786415022,0.0591888121545679,0.052191298961054,0.112770937904356,0.0152501611423932,0.00406184009797063,0.00104972742130281,0.000720886108432398,0.00202875990333847,3.68076496065529,0.0120868713895207
1.26,19.412,1.14032,0.2,0.0310033974623502,0.107986873270227,0.209368993375936,0.304302793186719,0.332688895585042,0.505250030995997,0.0310033974623502,0.107986873270227,0.209368993375936,0.304302793186719,0.332688895585042,0.505250030995997,0.0310033974623502,0.107986873270227,0.209368993375936,0.304302793186719,0.332688895585042,0.505250030995997,0.5,1,150.000015727529,163.167146130611,-10.8949790771795,618.965211957087,169.922733486095,4504.57618998021,-31.4056861785231,1.42894368294969,-0.494879248600145,-0.0337975276533694,1.50874510988439,-0.102349852508072,0.338149463180919,-0.619339666340173,-101.10849078221,0.136949208566816,2.67066864909905,1173.68274138111,15.2215665034895,1.57404259972919,0.976623091344652,0.609736558691802,0.465137027392981,0.285104569315696,0.176430420789501,0.0457027672114363,0.0144202592309134,0.0110208094990105,0.00922576033746485,0.00831961660243725,0.00952952161233206,4999.99000104156,43.0933715237997,17.3232166618681,43.2160847160859,120.344374138944,117.988135553252,2496.67472420455,1242.55481940256,17.2027279694526,0.537648154455604,0.468477400569919,0.0226354610003606,0.619620840085299,0.352991425976646,2.21892589667932,0.447075088303755,1.51367306546286,0.561548631788003,1.27336064276629,0.787640876741094,0.00607624976447002,0.192219729296728,0.153677475466292,0.12774194891782,0.11020590713465,0.0980827496067543,0.0882822954732786,0.0485394067441098,0.010959042969868,0.00461323976764808,0.00369041706737893,0.00149604815499151,0.00131663199196557,2.91456543537495,0.0100496878817974
7.14,7.444,1.15952,0.2,0.0320525835280046,0.115819222534303,0.171688237828422,0.265242070699474,0.312901025516029,0.400526068521475,0.0320525835280046,0.115819222534303,0.171688237828422,0.265242070699474,0.312901025516029,0.400526068521475,0.0320525835280046,0.115819222534303,0.171688237828422,0.265242070699474,0.312901025516029,0.400526068521475,0.5,1,150.000015727529,118.537766899282,-14.6568406567024,289.354577648162,465.602627122175,4195.90219768774,-5.53986592464326,2.29003124674513,-0.228278374778669,-0.0740317748151235,2.29003124674513,-0.228278374778669,2.20165849390688,-0.137897289657327,-48.8248765753568,0.380833999247995,5.073657743985,815.835340068745,5.35117912717425e-18,1.2810901468597,0.96198197062806,0.842119216748255,0.865125361941464,0.810490271846683,0.784784751588376,0.0142875356535777,0.0144777308613686,0.00974616404541193,0.0155541599833351,0.0140137857514842,0.0171102041454015,1135.39589626081,14.0780731173838,17.3232166618681,2.41742902606779,122.255816050188,120.375304084642,2522.56158904319,175.69816244878,19.0872866616476,0.152865036001934,0.332512151104078,0.0103369305534269,0.152865036001934,0.332512151104078,0.500711191066623,0.194923957721517,0.50989166320138,0.530461416409836,0.335892186532551,0.207730573368575,1.33263608537386e-15,0.175853974811695,0.112159071862019,0.0973884308583577,0.0766364442068083,0.0713956882242887,0.0623447008136622,0.0235729619759776,0.00835559576742428,0.00457937752753022,0.00390950610118925,0.00303949642941151,0.0035102336935481,0.966102474328531,0.010193710640618
-2.46,14.484,1.12624,0.2,0.0349378452085543,0.0966937185173742,0.182535728061797,0.270765809233024,0.285198007419411,0.424326969083866,0.0349378452085543,0.0966937185173742,0.182535728061797,0.270765809233024,0.285198007419411,0.424326969083866,0.0349378452085543,0.0966937185173742,0.182535728061797,0.270765809233024,0.285198007419411,0.424326969083866,0.5,1,150.000015727529,204.782043537132,-21.4745620789501,612.408946984689,567.579267524216,6645.95812936152,-13.1791129364441,3.05353067388814,-0.651480252057077,-0.132382626809707,3.10943703780856,-0.282544413559004,7.00420195812936,-0.255623357487762,-100.816475367149,0.451991725716071,6.50399875013019,1173.5816060827,6.85171346734713,1.52506853452765,1.02359107384647,0.780458108530361,0.733354483907926,0.610038693886053,0.528041568586605,0.0231303687907197,0.0140616829359442,0.00989666972190397,0.0129297501301948,0.0112259031350901,0.0141506863868347,4999.98135610874,43.0936225393184,17.3232166618681,24.3208716184649,124.307838269179,119.101440089537,2582.65903497676,794.478550893603,27.2037637479357,0.421599951476582,0.395454328443852,0.0380695941519058,0.453589143226619,0.358308761119284,1.49118299910267,0.241727991092354,1.18280612344932,0.571892854163889,0.945363999891102,0.493321188709414,0.00559459140480056,0.130499065651301,0.0783766835445368,0.0661752841978934,0.0597956769178973,0.056633503275466,0.0526476045078432,0.0263539463167488,0.00726620494217043,0.00344599135418133,0.00239410828771126,0.00144453551307432,0.00102173802989842,1.58520709554859,0.00623671991190257
6.42,19.94,1.25808,0.2,0.0385444223092415,0.120555061624209,0.187103092370587,0.288126130338466,0.340164313166669,0.402906158577714,0.0385444223092415,0.120555061624209,0.187103092370587,0.288126130338466,0.340164313166669,0.402906158577714,0.0385444223092415,0.120555061624209,0.187103092370587,0.288126130338466,0.340164313166669,0.402906158577714,0.5,1,150.000015727529,161.839678158525,-9.99591195396312,619.29841683158,131.798583903968,4322.44068326216,-40.0192607020102,1.25648868867826,-0.455047999982293,-0.0296321937298198,1.33378656389959,-0.0826736193813144,-0.39486964898448,-0.708378566746173,-101.097925216124,0.101761966180606,2.23735000094782,1173.70305176544,16.3616998229353,1.51190771794605,0.926085741068637,0.555357796062909,0.408719414644308,0.220848622058119,0.136294611801687,0.070966334437871,0.0151607011738569,0.00917694646391,0.00851923237162796,0.00858943880845746,0.00897611790438497,4999.98010623893,43.0934444328718,17.3232166618681,52.7674449539611,120.407009522338,118.006233608272,2503.75159319524,1563.37499868304,19.8279886371157,0.654238961836224,0.51343579786347,0.024463840377499,0.75032361870609,0.35867909763909,3.16096603522631,0.531714051608888,1.67321685155376,0.569859716835133,1.52725759504247,0.842021413479211,0.00636444297198466,0.294890856617273,0.234855186617278,0.186992367613562,0.152717338570693,0.126599234005519,0.0961741728260364,0.0803519280144547,0.0156053986310153,0.00613538174232122,0.00364879526200342,0.00188332350105195,0.0017133558915465,3.15401860547972,0.0106457767689481
0.9,8.06,1.13904,0.2,0.0359214571451054,0.12237653819725,0.210796294722433,0.300357265662755,0.308503721056248,0.409451406232372,0.0359214571451054,0.12237653819725,0.210796294722433,0.300357265662755,0.308503721056248,0.409451406232372,0.0359214571451054,0.12237653819725,0.210796294722433,0.300357265662755,0.308503721056248,0.409451406232372,0.5,1,150.000015727529,130.89525049474,-11.3572579793771,315.036891990418,427.364869076138,4621.46057702323,-2.95879233704823,2.50087938756379,-0.23974361137694,-0.0880280627018019,2.50087938756379,-0.23974361137694,2.78444177689824,-0.168221675685866,-52.3827288824082,0.39981711683158,5.52758608478284,845.390261431102,1.11408748463702e-17,1.39131194667222,1.03961964378711,0.918849848974065,0.901395281741485,0.853722133111134,0.812364587022185,0.0160896390477034,0.0153429543276742,0.0140837932507031,0.0188959936464952,0.0154442694510988,0.0192000406207687,1414.95510884283,16.930920737423,17.3232166618681,3.78701651785634,122.138980779369,120.881788870392,2527.21195094047,237.76401144491,20.8061399761109,0.196873867280022,0.336922918431295,0.0144539278678491,0.196873867280022,0.336922918431295,0.590375299701146,0.150163946005563,0.551201443749705,0.538188194975975,0.422407128735237,0.248537271644844,1.40413783803114e-15,0.11905919515086,0.0775159987620713,0.0737772754381112,0.0575675363669553,0.0564484010759622,0.0502146941263913,0.0192756269976535,0.00688444016594202,0.00447454220973827,0.00395952769280173,0.00344520166901751,0.00402467076660934,1.21448085236293,0.0114948388834356
-8.7,13.604,1.17488,0.2,0.0402493496659299,0.124198014770291,0.21650550010842,0.30864287346308,0.313340755962007,0.411236473774551,0.0402493496659299,0.124198014770291,0.21650550010842,0.30864287346308,0.313340755962007,0.411236473774551,0.0402493496659299,0.124198014770291,0.21650550010842,0.30864287346308,0.313340755962007,0.411236473774551,0.5,1,150.000015727529,223.257546088949,-26.24867742381,608.358296010832,744.233886157692,7458.17269034476,-10.7338524356838,3.62884157900219,-0.6548710134361,-0.185858233517342,3.6706211852932,-0.351945398563691,9.31922664305802,-0.286108264649516,-100.586773252787,0.571619514244141,7.83266836787834,1173.59827101344,4.75278700135403,1.49930017706489,1.03024899489636,0.834502697635662,0.785321487345068,0.683063097593999,0.620192375794188,0.0245053709921883,0.0153563128424123,0.0121502911155088,0.0146805625455682,0.0119351511300906,0.0139826163941256,4999.97937714821,43.0935735860843,17.3232166618681,21.73127046971,125.123465758429,119.421050961208,2611.21124035279,781.58181244828,32.326584953963,0.456578402591136,0.396165386628888,0.0487256408496856,0.480414310913303,0.366884551920213,1.55398611731065,0.23980830797088,1.15534876748012,0.587366960503736,1.01767108093284,0.490273233643649,0.00672525880673763,0.171465194746175,0.0582352331897685,0.0277678348471213,0.0275378415343488,0.0349804028401939,0.0414926530418189,0.0354180899491793,0.00694317774272603,0.00283108603828645,0.00201761677281565,0.00141021650109826,0.00105429391242134,1.46869828544937,0.00606810532476203
-6.78,24.516,1.13264,0.2,0.036511624307036,0.103979624809538,0.149993257361671,0.238807036288915,0.295751538122884,0.427302081654165,0.036511624307036,0.103979624809538,0.149993257361671,0.238807036288915,0.295751538122884,0.427302081654165,0.036511624307036,0.103979624809538,0.149993257361671,0.238807036288915,0.295751538122884,0.427302081654165,0.5,1,150.000015727529,151.265389021977,-7.40943168989688,620.579262576814,29.4986582751797,3572.28372044579,-40.1420987397146,0.654584421700864,-0.277885732777835,-0.00930690418706384,0.710847700156235,-0.0198998131121758,-2.87912830361421,-1.16999402090407,-101.049543797521,-0.00977292784084991,0.731777379877096,1173.70930111447,21.3994906780549,1.57894417248203,1.00195703572545,0.542597760649932,0.342920143735028,0.110730298365795,-0.00857541700760337,0.0951608967034682,0.0150000172176221,0.00955576377460682,0.00615109405270285,0.00970900010415583,0.0114664888032497,4999.9610457244,43.0936100406212,17.3232166618681,41.6458842766555,113.567915033109,117.296053411682,2338.72733112239,994.31694787309,14.1870731411938,0.371873259302183,0.431128824622341,0.00609225057474412,0.467851301329294,0.32445996605893,3.06842215628283,0.554917966625804,1.46231458945204,0.51487881717457,0.947310261930812,1.43002255993561,0.00761173310098352,0.24259154115776,0.163115495977044,0.0945021267187135,0.077412614446469,0.0745186181976546,0.0760543739889982,0.103051208886141,0.0138072469848703,0.00402561393555692,0.00098342141579742,0.00125683709933739,0.00392178385945955,5.58007458788385,0.0182775932726952
8.94,9.732,1.28752,0.2,0.0437903526375137,0.119644323337689,0.161411668133645,0.210399238116373,0.294872077230928,0.484424243003905,0.0437903526375137,0.119644323337689,0.161411668133645,0.210399238116373,0.294872077230928,0.484424243003905,0.0437903526375137,0.119644323337689,0.161411668133645,0.210399238116373,0.294872077230928,0.484424243003905,0.5,1,150.000015727529,197.953817310697,-30.5853795937923,457.720789501094,921.645419081345,6981.29309446933,-6.0528738611603,3.72262430996771,-0.393049648921987,-0.192255858764712,3.72262430996771,-0.393049648921987,7.50578387667952,-0.348456684434955,-75.9086824289137,0.649508427372149,8.15819445891054,1020.03853765233,1.32628862722633e-17,1.35479512550776,1.0212152067493,0.893758868867825,0.918678533486094,0.841459608374129,0.766443432975732,0.0156790827668993,0.0147065700239558,0.0103300641808145,0.0146930407249245,0.0145554392250807,0.021147740860327,2683.44401624831,26.6116279554218,17.3232166618681,5.99215826618737,123.50485454186,120.050769716059,2545.3453661035,328.795793900536,31.7723310447695,0.227730968809245,0.335250631837818,0.0239020117549071,0.227730968809245,0.335250631837818,0.985254938378055,0.193335755173313,0.748729245171844,0.534651044759569,0.506227290431508,0.253669130922926,1.34645548479156e-15,0.214187258902664,0.13151232754314,0.114078536364626,0.0866334643927072,0.07511634791839,0.0580991048486416,0.0328835525699695,0.010594841431124,0.00589101859757055,0.00465665123525252,0.00401303148633179,0.00534162417071558,1.15497829766164,0.00651644599555727
14.94,3.044,1.16336,0.2,0.0302165079131093,0.129844592146718,0.178253824022307,0.262085648680303,0.291354233663104,0.389220640754339,0.0302165079131093,0.129844592146718,0.178253824022307,0.262085648680303,0.291354233663104,0.389220640754339,0.0302165079131093,0.129844592146718,0.178253824022307,0.262085648680303,0.291354233663104,0.389220640754339,0.5,1,150.000015727529,44.8230736381627,-1.55008322778877,204.375926465993,33.9586342047704,1490.75721279033,-15.8480048953234,0.833765868138735,-0.0602083421247786,-0.0108905181751901,0.833765868138735,-0.0602083421247786,-0.351270629174045,-0.0277538798599104,-33.2321549838559,0.104069979304239,1.88820966565983,672.956931569619,-1.72045175783772e-17,0.205591188417873,0.16215150921779,0.196544818248099,0.280250036454536,0.310424580772836,0.390542776794084,0.0120305822310176,0.00817981876887824,0.00600013592334131,0.00618964024580773,0.00743718518904281,0.0095559567753359,18.9822258098114,0.285338818873034,17.3232166618681,4.04850205576264,121.867680901736,120.188763613215,2510.80024108961,97.5752642531086,7.37314226705877,0.0253093309641529,0.325335332610106,0.00119744007239917,0.0253093309641529,0.325335332610106,0.184651366563316,0.0486057529234201,0.344959344431827,0.518006838520434,0.132656388424752,0.0495197814443626,8.91800938706425e-16,0.0540876911969313,0.0401610117340596,0.0344681195163067,0.0455901690820045,0.0488823674955773,0.0608598851543194,0.00122827431642463,0.000394923863265895,0.000292602449227197,0.000431481555395793,0.000843159395563167,0.00326763296482621,0.14053904204153,0.00210348327696239
2.94,15.452,1.35664,0.2,0.031790287011591,0.113633450646654,0.189101314255682,0.306670109701098,0.325213478003415,0.492159535686682,0.031790287011591,0.113633450646654,0.189101314255682,0.306670109701098,0.325213478003415,0.492159535686682,0.031790287011591,0.113633450646654,0.189101314255682,0.306670109701098,0.325213478003415,0.492159535686682,0.5,1,150.000015727529,188.88575148422,-14.8203676064993,616.32673679825,321.873263024685,5772.13196542027,-32.3743373497865,2.34826122278929,-0.622804438079367,-0.0807726205603582,2.42175481720654,-0.193147560497865,4.09236900604104,-0.308249726509739,-101.005557754401,0.296361796844079,4.83853671492552,1173.58129361525,10.294304759921,1.42261379023018,0.869256098323092,0.601768419956254,0.530714394333924,0.401082876783668,0.321899364649516,0.0186322180658265,0.0141685298927195,0.0104365196333715,0.0102955608790751,0.00948289365691074,0.00873409009478179,4999.97854390168,43.0932954900529,17.3232166618681,34.3780403970614,123.207902896513,119.045290762707,2556.23445441596,1051.39194829401,22.5563186717373,0.49742328270017,0.423619835291571,0.0342807019349485,0.547314472641158,0.356838882159659,1.62966087730864,0.314822260091226,1.31442596938046,0.568425667077005,1.12931859328369,0.523290901938807,0.00500816284171504,0.196177586941381,0.134919620007866,0.108730590070965,0.0908997874554624,0.0775741503370479,0.0657976662976833,0.0297786448643373,0.00885571494139849,0.00398958641024967,0.00376985422124575,0.00252897397118261,0.00259730728301503,1.96859668830962,0.00719614114415462
6.18,15.1,1.2376,0.2,0.0281837099109039,0.0961472755454619,0.208512612568038,0.234861508764951,0.334008086922976,0.433847329308823,0.0281837099109039,0.0961472755454619,0.208512612568038,0.234861508764951,0.334008086922976,0.433847329308823,0.0281837099109039,0.0961472755454619,0.208512612568038,0.234861508764951,0.334008086922976,0.433847329308823,0.5,1,150.000015727529,194.049505259869,-17.1745749063639,614.88100197896,411.151751150922,6102.56358712634,-22.9915860513176,2.63217623164254,-0.643426236850328,-0.099910883241329,2.70009342776794,-0.227665258458494,5.2845841683158,-0.270026969439641,-100.943824601604,0.357171648911571,5.52166472242474,1173.58535569212,8.91681095719197,1.4576620143735,0.9372350796792,0.677491990417665,0.629878168940734,0.4779018227268,0.410284678679305,0.0259633119372982,0.0137965031401521,0.0115727257577336,0.0108214983855848,0.0104498304343298,0.0110311191542548,4999.99125091136,43.0934590146856,17.3232166618681,30.8440990104367,124.072468611209,119.166546337976,2572.43631752005,954.116154126756,24.2695977234759,0.462115471434546,0.406781686704528,0.0355587805968133,0.502492745925594,0.355709007243204,1.56312456608196,0.29160813257234,1.24349730936535,0.566335113627165,1.03780092000171,0.492686196857705,0.00515384047037786,0.250688185766668,0.167126257420215,0.130410334966398,0.107551983043961,0.0857736469327011,0.0723363828295117,0.0404328157359892,0.0114953547152249,0.0052980749701633,0.00353817611616236,0.0028906426866116,0.00363501987476925,1.7881923215381,0.00667727896706858
-7.74,10.876,1.23888,0.2,0.0345444004339339,0.124015867112987,0.150564177900269,0.284575155566899,0.290914503217126,0.486804333060144,0.0345444004339339,0.124015867112987,0.150564177900269,0.284575155566899,0.290914503217126,0.486804333060144,0.0345444004339339,0.124015867112987,0.150564177900269,0.284575155566899,0.290914503217126,0.486804333060144,0.5,1,150.000015727529,233.018945943131,-32.9969657785647,554.904343297573,1026.6723215915,8153.89626080617,-6.52906822101865,4.30336881574836,-0.449830252432038,-0.25751777939798,4.30336881574836,-0.449830252432038,11.0645018227268,-0.491234212342464,-91.7589324028746,0.741930534527653,9.40146109780231,1123.32819497969,-1.04940905270284e-17,1.40070367670034,1.04477006561816,0.909982647640871,0.906051848765753,0.856302176856577,0.773183772523695,0.0159247331461306,0.0154345118633476,0.00842331349328194,0.0178190704093323,0.0136752687220081,0.0210373940214561,3583.45411936257,32.2712592438283,17.3232166618681,13.0861148731081,125.72963424105,120.059245413499,2628.33795215412,602.623153446988,36.7755307041011,0.415802606791903,0.365790033188505,0.0509357953038438,0.415802606791903,0.365790033188505,1.3500379117446,0.234438247700275,0.936797856904565,0.586482606753521,0.89414697277862,0.523694569361726,1.30772738288868e-15,0.111133020876735,0.0353281364744323,0.0246105737546067,0.0280370826423172,0.0351537146041373,0.0364504708356638,0.0219298425592239,0.00537374944892704,0.00275069647208095,0.00269927864230279,0.00246288930350567,0.00411536562012843,1.79176471376718,0.00730635954516019
4.38,17.828,1.2504,0.2,0.0315935646242808,0.100154524006152,0.169975476212625,0.214739318392734,0.390293584008168,0.462408409983693,0.0315935646242808,0.100154524006152,0.169975476212625,0.214739318392734,0.390293584008168,0.462408409983693,0.0315935646242808,0.100154524006152,0.169975476212625,0.214739318392734,0.390293584008168,0.462408409983693,0.5,1,150.000015727529,169.12156025414,-11.7680306634726,619.200895740027,216.361256660764,4812.82449744818,-35.2303663160087,1.65566014998438,-0.531970139909385,-0.0438383903760024,1.73427987709613,-0.128346950182273,1.2588831177794,-0.515787261100927,-101.088305384855,0.181966307805437,3.20439000104156,1173.67815852515,13.5801583168425,1.50774190188522,0.913821164462036,0.577699000104156,0.486043849599,0.29530237475263,0.215756859702114,0.0367048077792938,0.0139264263619415,0.00923382470575981,0.0083195687949172,0.00897809655244245,0.00887382074783877,4999.98250182273,43.0932392459119,17.3232166618681,43.1114749044887,121.640806327833,118.59022989387,2526.74132102401,1281.2465960637,19.2146374615884,0.57041864335487,0.465069346327192,0.0276035185470584,0.643281087621002,0.357572737581501,1.7791325644708,0.41644424395605,1.49956255873628,0.569139156958679,1.32597670820026,0.660138072893699,0.00595258485869937,0.246939224226848,0.181365177232112,0.143164700807613,0.123730464425752,0.096473376457929,0.0876574163926082,0.0462477626831208,0.0117830992440234,0.00491198189305561,0.00326693801525238,0.00216182862264738,0.00154980070461048,2.34398743922214,0.0084413383376866
-5.34,19.676,1.34,0.2,0.0351345675958645,0.127112377287156,0.169119095404727,0.273133125747403,0.388534662224255,0.429682171710404,0.0351345675958645,0.127112377287156,0.169119095404727,0.273133125747403,0.388534662224255,0.429682171710404,0.0351345675958645,0.127112377287156,0.169119095404727,0.273133125747403,0.388534662224255,0.429682171710404,0.5,1,150.000015727529,166.047705447349,-10.0049249723987,619.505499427143,113.260323299656,4404.96219143839,-42.896419123008,1.25148884491199,-0.445129940912405,-0.0260064207895011,1.32604771377982,-0.0771911487657536,-0.487296497073221,-0.696921096394126,-101.105594208936,0.0909061412009166,2.18367062420581,1173.65566086866,16.248550151026,1.54759045932715,0.895842745547339,0.527707686699302,0.393577366940944,0.203594542235184,0.120640682578481,0.039294575376315,0.0149711931048849,0.00988757910634309,0.00622392615352568,0.00911406874283929,0.00983160816581605,4999.97885636913,43.093665243204,17.3232166618681,40.1928711008336,118.243844417633,117.792311996949,2444.57673845299,1120.96509699211,16.6730263389999,0.484093882767427,0.452238844112181,0.0177775431309947,0.566419971325046,0.343560673364721,3.28832972545097,0.495452193231876,1.48217449472607,0.546851466074343,1.16853648138909,1.05837999397411,0.00659085621556757,0.204576874733272,0.107954907599012,0.0714811669928416,0.067895867780371,0.068130860361248,0.0680643082668219,0.0475880674747991,0.00879884674638993,0.00260554860926176,0.00104821082001283,0.000992144754781577,0.00154926704000364,4.10899303158802,0.0118985297220967
1.74,7.884,1.29392,0.2,0.0285115805564209,0.0945079466297251,0.170831857020524,0.250643618860807,0.317738060421787,0.383865438127801,0.0285115805564209,0.0945079466297251,0.170831857020524,0.250643618860807,0.317738060421787,0.383865438127801,0.0285115805564209,0.0945079466297251,0.170831857020524,0.250643618860807,0.317738060421787,0.383865438127801,0.5,1,150.000015727529,143.655744193313,-18.9699232402875,322.332434121446,599.764749182377,5125.98218935528,-6.03383871680033,2.81082074783877,-0.28450603500677,-0.111245531715446,2.81082074783877,-0.28450603500677,3.51203510051036,-0.187409219300073,-53.9003697531509,0.474708819581294,6.23353973544422,857.914435996251,1.05709697635663e-17,1.2974939068847,0.984265659827101,0.855095865014061,0.880880356212895,0.817245755650453,0.796997531507135,0.0124331290725133,0.0135730025414019,0.00942924983855849,0.0150634794292261,0.0139453368399125,0.0162385459847932,1538.41172794501,18.1397791896678,17.3232166618681,4.42651157924869,123.380686312577,119.922373190611,2552.77264936035,268.832225397021,23.5674546520638,0.215546453449094,0.340514104881463,0.0176037596183037,0.215546453449094,0.340514104881463,0.634438612998657,0.151996583731212,0.556872141535529,0.54393375125487,0.468538166923078,0.230103955429138,1.31933827762607e-15,0.11819275036529,0.0784592601211273,0.0716338534419431,0.058255604250419,0.055908125890405,0.0503720107999563,0.0174670513352409,0.00633897340424084,0.0036434782004583,0.00322165612334757,0.00257922229163212,0.00274242539973644,1.16437749075563,0.0108605357933341
4.02,11.668,1.116,0.2,0.032446028302625,0.115090631905087,0.158842525709951,0.259718332165925,0.370945444385133,0.49572967077104,0.032446028302625,0.115090631905087,0.158842525709951,0.259718332165925,0.370945444385133,0.49572967077104,0.032446028302625,0.115090631905087,0.158842525709951,0.259718332165925,0.370945444385133,0.49572967077104,0.5,1,150.000015727529,232.435152588272,-31.5638783335069,566.806790959275,1017.46933225706,8046.35527549214,1.19110107728362,4.17674221435267,-0.440317786325383,-0.240403666284762,4.17674221435267,-0.440317786325383,10.8742290386418,-0.503167822800749,-94.6568565774399,0.723368795708781,9.07512769503177,1139.98021039475,-9.49541759191751e-18,1.54520112488282,1.15992542443495,1.02032083116342,0.987234308926152,0.877310040620768,0.809147807520049,0.028716975774763,0.0166719787478388,0.0144624788178315,0.0203780529111551,0.021040604207895,0.025858014790126,3886.7095094261,34.488031455057,17.3232166618681,8.25869028408774,124.437052225114,119.806952591637,2573.69648549133,400.771868964972,35.8341154761206,0.271205938621935,0.344169104418748,0.0319512376047255,0.271205938621935,0.344169104418748,1.24744593976653,0.21443495069264,0.931786798950628,0.549607945153214,0.581648316339533,0.59391357176733,1.43130265443142e-15,0.17450207336037,0.10272597195933,0.0970682639165213,0.069451494118377,0.0541938445652158,0.0451105757375099,0.0325845015313303,0.0102548590148727,0.00691084805474504,0.00488091129393718,0.00527058467578146,0.00573336101945137,5.78725991033139,0.0460482022140171
-5.1,14.132,1.33232,0.2,0.0342165297884169,0.128387410888285,0.205372549605745,0.279840522538142,0.341483504504603,0.4963246932851,0.0342165297884169,0.128387410888285,0.205372549605745,0.279840522538142,0.341483504504603,0.4963246932851,0.0342165297884169,0.128387410888285,0.205372549605745,0.279840522538142,0.341483504504603,0.4963246932851,0.5,1,150.000015727529,210.737058639725,-19.63363963233,612.226455577544,487.9101699198,6790.15581710239,-22.5274012321633,3.06622799708364,-0.666927986668056,-0.133555054681804,3.12642151859181,-0.268404864493282,6.99023830850953,-0.227072424723467,-100.817797104468,0.426998375953547,6.4983788147068,1173.6096239975,7.36431840433287,1.41856994063118,0.910965628580355,0.691455692115405,0.651138360587439,0.52338818873034,0.44900992604937,0.0164654399353192,0.0149341894594313,0.0111272319550047,0.0125751581085303,0.0123664697427351,0.0139726648265805,4999.99322987189,43.093474638058,17.3232166618681,26.2602376753175,123.906832940524,119.220325876559,2572.98284395554,856.948250996037,27.6762117380023,0.450354982661176,0.402803069428006,0.0407895233932127,0.486035411852266,0.358944846028016,1.57165347049792,0.291619069207997,1.21094356756585,0.573284955559104,1.01375896169749,0.495276726377008,0.00491267109492524,0.129827430045324,0.0620856080154581,0.0477073474113111,0.0459393449082996,0.0450748085832065,0.0444299489646899,0.0247567915466577,0.00593415858972067,0.00266289551933988,0.00191932647138237,0.00125151220352371,0.00322949882669207,1.65487159439162,0.0059273911698081
11.22,7.796,1.32592,0.2,0.0384788481801381,0.127658820259068,0.173115539174918,0.246698091336843,0.385896279548387,0.490374468144502,0.0384788481801381,0.127658820259068,0.173115539174918,0.246698091336843,0.385896279548387,0.490374468144502,0.0384788481801381,0.127658820259068,0.173115539174918,0.246698091336843,0.385896279548387,0.490374468144502,0.5,1,150.000015727529,136.985439016769,-10.7515844089157,314.790344755754,409.370304530778,4854.95271325904,-5.63597119591709,2.62959400062494,-0.245195460513488,-0.0968521279033435,2.62959400062494,-0.245195460513488,3.02671414435996,-0.172199588519321,-52.08133840225,0.409368416904489,5.81284053744402,843.17259660452,-2.0595066857619e-17,1.27961258202271,0.959524799500053,0.844134340172899,0.870491323820435,0.781491605041142,0.747517321112385,0.0170541736872201,0.015575758566816,0.0106766671180085,0.0153207577335694,0.0167956658681387,0.0206615873346526,1393.39662535153,16.7168565774399,17.3232166618681,2.85856214538273,121.683001913959,121.008472480132,2505.87612745888,199.005422489936,22.0798263545653,0.155614813392997,0.328117009962265,0.0118710578194534,0.155614813392997,0.328117009962265,0.605224682586902,0.153592204835585,0.535685357502725,0.523027635309526,0.354246952301467,0.239282818771642,1.34347210796678e-15,0.227939124288174,0.141229098824259,0.119465761154977,0.0929672112938628,0.0778308078886547,0.0658732097080405,0.0322400249493775,0.0104866555498641,0.00557187636259199,0.00457976134640779,0.00423129584960517,0.00509933533463983,1.1483525637022,0.0108413344193965
-11.1,21.348,1.33488,0.2,0.0377575327600006,0.121283652253426,0.204801629067147,0.229337770231401,0.292673425001038,0.47073872518053,0.0377575327600006,0.121283652253426,0.204801629067147,0.229337770231401,0.292673425001038,0.47073872518053,0.0377575327600006,0.121283652253426,0.204801629067147,0.229337770231401,0.292673425001038,0.47073872518053,0.5,1,150.000015727529,163.742151859181,-8.68535634100614,619.992354963025,55.9305838975107,4177.77596083741,-45.5528465784814,1.04009337569003,-0.388111498113738,-0.0170687206540985,1.10902167482554,-0.0500199316144151,-1.39470708166858,-0.828714936517029,-101.097152379961,0.0426548509530257,1.64320639650037,1173.70305176544,17.8807936673261,1.51731496719091,0.924030382251849,0.525288355379648,0.3732797833559,0.170565196333715,0.0712277761108218,0.0900552330475991,0.0154604763081971,0.0110635456723258,0.0060925640037496,0.00942950015623375,0.00979655942089369,4999.96625351526,43.0934079783362,17.3232166618681,33.3735427446256,115.721829730331,117.591306305486,2379.93314121548,805.039678699374,18.4366480133744,0.327091210074801,0.400817522238818,0.0100702463553881,0.400754967145276,0.32717103833662,2.65363967163666,0.480094439590548,1.33699575954779,0.519977874681388,0.812260509015917,1.02745643577926,0.00711038160436784,0.328449014552236,0.184533683360331,0.0871316604449192,0.0488805553385296,0.0527681286747886,0.0456481461263031,0.110337807222263,0.0147462442404766,0.00406131920247574,0.000974915961705145,0.000661433149514005,0.00191957770725834,3.96871969987046,0.0124561353225176
0.0600000000000005,22.58,1.41552,0.2,0.0296263407511787,0.125837343686028,0.198236042873261,0.270371256480628,0.370505713939155,0.448722892160318,0.0296263407511787,0.125837343686028,0.198236042873261,0.270371256480628,0.370505713939155,0.448722892160318,0.0296263407511787,0.125837343686028,0.198236042873261,0.270371256480628,0.370505713939155,0.448722892160318,0.5,1,150.000015727529,158.974845328611,-9.25921410457245,620.490032288303,53.931306499323,3691.63344443287,-54.0489719820852,0.625141589569836,-0.249799525600458,-0.0133400352046662,0.672966025518175,-0.01783605585564,-3.1485753814186,-1.11226839085512,-101.028712634101,-0.0172893787699198,0.575173729701073,1173.74440162483,20.2630403083009,1.55829892719508,0.897661118633476,0.476468315800437,0.294681534215186,0.0992953755409853,-0.0119273437985627,0.0427170956381627,0.0149043807936673,0.00915624382876785,0.00626870305176544,0.00891683491302988,0.0121430161441516,4999.96125403604,43.0935933756905,17.3232166618681,54.6289283213681,115.702644581256,117.235031949752,2398.73732352534,1565.88119430107,16.5217900499155,0.631275079213804,0.529573206831451,0.00986338137307058,0.748959610684256,0.343530331032192,3.16024767405866,0.639450052255726,1.78585328251877,0.546005099584756,1.5378318787186,1.30450986913884,0.00793432285946751,0.197899806320162,0.162134054121243,0.134391909084055,0.122857895365227,0.0894286042743759,0.0938314760851353,0.0472992280937714,0.0105014328025385,0.00416058802347242,0.00111288447618493,0.00172022996661957,0.00447523450647769,5.18527147414318,0.0178798901780909
-6.3,18.004,1.34384,0.2,0.0380198292764143,0.102340295893801,0.175970141867912,0.264847517947078,0.301907764366577,0.393385798352758,0.0380198292764143,0.102340295893801,0.175970141867912,0.264847517947078,0.301907764366577,0.393385798352758,0.0380198292764143,0.102340295893801,0.175970141867912,0.264847517947078,0.301907764366577,0.393385798352758,0.5,1,150.000015727529,170.951244662015,-11.109401798771,618.602978856369,181.050706267056,4800.29632329966,-40.0952744505781,1.59530120820748,-0.522319937089886,-0.0396203979793771,1.67453170503072,-0.117234319352151,0.962365545036975,-0.533104131121758,-101.106222268514,0.161715682866368,3.03496888865743,1173.67888761587,14.1242547651286,1.49543005936882,0.873641079054265,0.535033402770545,0.431960577023226,0.270605749401104,0.186924730757213,0.0282624819361525,0.0139073122591397,0.0103426430580148,0.0070544280804083,0.00806521612332048,0.00944561972711176,4999.97864805749,43.0934152692429,17.3232166618681,36.5994569740373,119.848589474974,118.030124277486,2481.36585276955,1054.16747730339,18.5548727082387,0.486210685365021,0.444456676558001,0.0229307514923518,0.558561926931654,0.349208322358906,1.73601500517534,0.429189183110088,1.43033113450752,0.556821118609553,1.16666830625794,0.7360515804883,0.00573814760774546,0.202754571795164,0.0960487268365326,0.0585317434867358,0.0558240060260101,0.0582216381441723,0.0658416305401082,0.0403545202893736,0.0078845903012739,0.00268903096664176,0.00198353502596452,0.000899173027851154,0.000880589752939264,2.81618504607346,0.00994837361880227
-11.58,23.372,1.23376,0.2,0.0346099745630373,0.103068886523017,0.149422336823072,0.254589146384771,0.345880808964383,0.406476293662073,0.0346099745630373,0.103068886523017,0.149422336823072,0.254589146384771,0.345880808964383,0.406476293662073,0.0346099745630373,0.103068886523017,0.149422336823072,0.254589146384771,0.345880808964383,0.406476293662073,0.5,1,150.000015727529,156.783793354859,-7.92737194927612,620.395396312884,34.6475638162691,3815.06207686699,-43.8612654931777,0.798537621081138,-0.320301324152693,-0.0105599650765545,0.85988284553692,-0.02931819833559,-2.34363924771378,-1.02369282512238,-101.076181647745,0.00658546739048015,1.0677638051453,1173.73461097802,19.903581918551,1.52203437141964,0.976861274867201,0.537904114154775,0.35323349651078,0.128342512342464,0.0264475743255911,0.114777597381523,0.0155277336754504,0.00892326632642434,0.00619307384647432,0.0100481888344964,0.00962778752213314,4999.96021247787,43.0932871575883,17.3232166618681,33.3297979139382,113.842362656868,117.461893704103,2336.9990206317,708.074867231139,18.4148695044822,0.265403134697809,0.381942084231639,0.00582994281669874,0.338611065159428,0.318840788702797,3.69871920278868,0.506931982898923,1.30824398922142,0.506180717856964,0.682046479484676,1.14690656278105,0.00609916166592749,0.330932699706676,0.221391109422799,0.111773320388992,0.0587287041256961,0.0540561837700704,0.0510548091685019,0.133961647552927,0.0184655062367334,0.0046712791538204,0.00107802907769625,0.000623775424886221,0.00231649923525387,3.99683209406921,0.0142837951106698
3.42,17.74,1.2184,0.2,0.031462416366074,0.106893987326403,0.168833635135428,0.23604516702214,0.3194969822057,0.367799830248187,0.031462416366074,0.106893987326403,0.168833635135428,0.23604516702214,0.3194969822057,0.367799830248187,0.031462416366074,0.106893987326403,0.168833635135428,0.23604516702214,0.3194969822057,0.367799830248187,0.5,1,150.000015727529,168.78276221227,-11.7087884824497,619.057410686387,221.962881835226,4846.98895948339,-33.2313144464119,1.70763196542027,-0.545638090646808,-0.0463031204041246,1.78766515987918,-0.134117218643891,1.50104865014061,-0.50121725940527,-101.085830642641,0.192853661889386,3.34626486824289,1173.6772211228,13.4298520987396,1.51413269451099,0.91429562545568,0.582410217685657,0.487668930319758,0.314225195292157,0.235387878346006,0.0332072407528383,0.0141562594292261,0.00932628330382252,0.00861048567857514,0.00878531277991876,0.00858270648890741,4999.98250182273,43.0932621601917,17.3232166618681,41.8926585368613,121.596962867797,118.608708468236,2525.04695403205,1246.17148134587,19.0694257289747,0.563632118227747,0.461724768007005,0.0282785242424147,0.635111646766075,0.357080606107504,1.76011545200941,0.409781524688887,1.48538453216615,0.5685914867565,1.31652629110822,0.6591272843974,0.006084389008376,0.227676588732788,0.16680501481154,0.133461604266157,0.115642414554304,0.0955806092037299,0.0888951085987264,0.0416782564668122,0.0109734568800538,0.00458707095658791,0.00333431597914463,0.00185791446194051,0.00140833026388543,2.34971319850555,0.0085636656311084
-8.46,13.956,1.39248,0.2,0.041888702893515,0.0874041879948659,0.153133320323964,0.231310533993383,0.35115757431612,0.446937824618138,0.041888702893515,0.0874041879948659,0.153133320323964,0.231310533993383,0.35115757431612,0.446937824618138,0.041888702893515,0.0874041879948659,0.153133320323964,0.231310533993383,0.35115757431612,0.446937824618138,0.5,1,150.000015727529,213.859285491095,-19.3135696177482,611.622726799292,478.525742318508,6926.21508176232,-24.7555833436101,3.15992459118842,-0.680330611394646,-0.14209211852932,3.22074575565045,-0.273424379962504,7.3773033017394,-0.215945023234038,-100.781470680138,0.436524906041037,6.72358233517342,1173.59181335278,7.2978834496407,1.37301229038642,0.890712290386418,0.658572992396626,0.645223705863973,0.505267003437142,0.450762066451411,0.0164411072651807,0.0132910738464743,0.00868682283095511,0.0113284507863764,0.0125523653786064,0.0132055642120613,4999.98739714613,43.0934371419639,17.3232166618681,26.1687729673063,123.745887900988,119.239725588576,2572.29714173853,867.230717983503,28.7373985768656,0.466800085623299,0.407903940971057,0.0437953475952702,0.503750604878621,0.361272478849166,1.61071186380644,0.303315943883702,1.22128255816361,0.57771198625801,1.05752549906039,0.504904748600338,0.00532308827330586,0.159729445257485,0.0623543445172882,0.0304154918499062,0.0318391197476753,0.0351861737563695,0.0404330990451635,0.0290853170549202,0.00601462882095121,0.00221057779182548,0.00162940422288705,0.0011505052676366,0.00279176104245942,1.72389684093798,0.00626310555268827
-13.74,11.756,1.20432,0.2,0.0412985357315844,0.129116001517501,0.155987923016957,0.277473206023763,0.354235687437967,0.368394852762247,0.0412985357315844,0.129116001517501,0.155987923016957,0.277473206023763,0.354235687437967,0.368394852762247,0.0412985357315844,0.129116001517501,0.155987923016957,0.277473206023763,0.354235687437967,0.368394852762247,0.5,1,150.000015727529,248.789667742943,-35.5996352630976,567.31120716592,1133.66516272263,8720.31236329549,-3.57420515987918,4.64006790959275,-0.491105540222684,-0.301312165399438,4.64006790959275,-0.491105540222684,12.7233304864077,-0.5535332121654,-95.2117383605873,0.812075516217061,10.1794990105197,1145.01062389334,9.6039178835538e-18,1.48672523695448,1.11250640558275,0.97504616185814,0.949465680658264,0.861838141860222,0.843494188105405,0.0271265650692636,0.016189270169774,0.0109837098573065,0.0197998827205499,0.0180686883657952,0.0181415743151755,4137.76544109989,36.5548213727736,17.3232166618681,16.6860435539209,127.060740364361,120.085535007912,2678.86317955021,754.695120025194,40.2000087676612,0.525603494380006,0.383221718188213,0.0697678554647791,0.525603494380006,0.383221718188213,1.57031375130519,0.230664853866116,0.997465668099752,0.616329779839459,1.14746055606866,0.507538623620466,1.30557015314999e-15,0.221940100115034,0.0666588343232856,0.0287182741637483,0.0290194898261225,0.0354294670090726,0.0529505751224829,0.0461191837491559,0.00826636753828123,0.00350306025461186,0.00304355167430435,0.00383643765479435,0.0047242759863861,5.39038276853767,0.042554277417086
-12.66,15.628,1.36432,0.2,0.0422821476681354,0.120919356938817,0.189386774524981,0.282996944557313,0.352037035208076,0.418971766457328,0.0422821476681354,0.120919356938817,0.189386774524981,0.282996944557313,0.352037035208076,0.418971766457328,0.0422821476681354,0.120919356938817,0.189386774524981,0.282996944557313,0.352037035208076,0.418971766457328,0.5,1,150.000015727529,191.542401833142,-14.6731322976773,615.82917404437,324.65485157796,5912.47515883762,-32.6393451981043,2.45927622122696,-0.640677120091657,-0.0876482595562963,2.53329132382044,-0.202301867617957,4.56223390403187,-0.2879622045589,-100.987697114884,0.313224852397667,5.11258806374336,1173.5895219248,10.0360660347882,1.41125080720758,0.861784199562546,0.598546453494427,0.53801339443808,0.398947172169566,0.341888074158942,0.0293210356361629,0.0147300037496094,0.0106485219247995,0.0119864478700135,0.009960199875013,0.00666230496823247,4999.99135506718,43.0934319341735,17.3232166618681,27.8568887504616,121.601174204041,118.631807066001,2519.62039577722,855.004991598818,25.0269539385208,0.440227889784241,0.415884356693444,0.0329842232208211,0.491546865789443,0.353749358360851,1.60128473822744,0.299263155413271,1.29351873066624,0.565428625988067,1.03230211218019,0.554085762167711,0.00582482236803884,0.281812293109306,0.111257151471019,0.0414798148975065,0.0202684009438421,0.0284684414925187,0.0405713970526178,0.0527993187482659,0.00903835657787056,0.00260185060064696,0.00145374876433592,0.00274542173557937,0.000919321881484584,2.18318103326737,0.00829167359075786
-10.86,17.476,1.18128,0.2,0.0291017477183515,0.0884970739386904,0.197950582603962,0.212372001878355,0.348079461194274,0.510010211108475,0.0291017477183515,0.0884970739386904,0.197950582603962,0.212372001878355,0.348079461194274,0.510010211108475,0.0291017477183515,0.0884970739386904,0.197950582603962,0.212372001878355,0.348079461194274,0.510010211108475,0.5,1,150.000015727529,174.328309551088,-12.9010214738048,618.340558275179,263.825326059785,5138.53254869284,-28.9491713131236,1.9168361628997,-0.574229382356005,-0.0541121518591814,1.99497083637121,-0.155164619831268,2.34065018798042,-0.425215415373399,-101.076277471097,0.229538156452453,3.8347618998021,1173.61524841162,12.2295094261014,1.51954921362358,0.951528049161547,0.624947099260493,0.543398114779711,0.362977502343506,0.271296239975002,0.0503711540890532,0.0138507060097906,0.0109693487136757,0.0101843020518696,0.00705279387563796,0.0077972563274659,4999.99562545568,43.0933767315906,17.3232166618681,30.017499315441,120.448756202178,118.245157303326,2491.15107004563,845.386562348756,20.9086206775291,0.397063589481721,0.414193631162462,0.0234465648499914,0.456892992330875,0.347072988995293,1.56932453982106,0.329231774522761,1.32247001213705,0.553364715043587,0.942452566650292,0.60542062104737,0.00663944492014858,0.284148308729453,0.123906737633072,0.0515811862521462,0.0330488074921609,0.0383276951657596,0.0473855683399746,0.0671070876070827,0.0106801382115571,0.00306303284358593,0.00167236856222599,0.00104456771895722,0.00113341440228639,2.45033620714287,0.00900767243472988
-13.98,16.86,1.37328,0.2,0.0356591606286918,0.113087007674742,0.188244933447784,0.285364261071691,0.321255903989612,0.479664062891426,0.0356591606286918,0.113087007674742,0.188244933447784,0.285364261071691,0.321255903989612,0.479664062891426,0.0356591606286918,0.113087007674742,0.188244933447784,0.285364261071691,0.321255903989612,0.479664062891426,0.5,1,150.000015727529,180.775044266222,-12.6202763621498,617.88514738048,247.59856848245,5350.01354025622,-37.9596440995729,2.02354108946985,-0.58905986355588,-0.0598835975419227,2.10151921674826,-0.159127425372357,2.74288627695032,-0.387230981628997,-101.065310905114,0.236303056785751,4.06623966253515,1173.62316425372,11.9003593375692,1.43379887511718,0.862537548172066,0.56336772211228,0.480939277158629,0.337423674617228,0.257047599208416,0.0453571996594106,0.0146165577948641,0.0107496126445162,0.00794277960629101,0.00699977106551401,0.00827268065826476,4999.99656285804,43.0933704822416,17.3232166618681,28.4094808496473,120.165503728129,118.30030960354,2487.28769103864,817.405991934226,23.3040407306618,0.402925792128676,0.415000667490342,0.0251002656774222,0.462169265834196,0.347816363509236,1.61450590829367,0.33870466259715,1.31951546887438,0.555389662216071,0.966147166020815,0.612083895220852,0.0067412001696882,0.339686602594315,0.146511050512511,0.0588690674002154,0.0224701244678895,0.0270872276727572,0.0399278794974475,0.0693468471068373,0.0112980810866563,0.00302242642952963,0.00256501243433566,0.000663973392947244,0.000818892968745142,2.47430307052808,0.00905843986444916
-3.78,8.676,1.372,0.2,0.0366427725652428,0.128205263230981,0.16340989001874,0.259323779413528,0.374463287952957,0.436227419365062,0.0366427725652428,0.128205263230981,0.16340989001874,0.259323779413528,0.374463287952957,0.436227419365062,0.0366427725652428,0.128205263230981,0.16340989001874,0.259323779413528,0.374463287952957,0.436227419365062,0.5,1,150.000015727529,175.845505676492,-17.2398829534424,389.201614415165,609.411975143214,6264.78762628893,-6.79728169857306,3.4066821164462,-0.329027706685761,-0.162789969794813,3.4066821164462,-0.329027706685761,5.72031413394438,-0.277102920966566,-64.8848776169149,0.54898527265389,7.53718768878241,942.352067492974,1.46799677221123e-17,1.29714696385793,0.970790094781793,0.848816404541193,0.874180356212895,0.791907832517447,0.771633652744506,0.0129201245717113,0.0151768534527653,0.00866154280887408,0.0151332308092907,0.0149824674513071,0.0173375981668576,2115.81710238517,22.7127132590353,17.3232166618681,7.77708686201771,122.787573188539,121.381467397629,2552.76893995777,406.269836434943,28.3670140261076,0.30387091863079,0.347262897748317,0.0297897430685939,0.30387091863079,0.347262897748317,0.86477665966494,0.26019223190961,0.672358386669629,0.555860541129675,0.658402790991896,0.235310402328974,1.31222474264812e-15,0.0857028719095297,0.0450666581160776,0.0430124608959,0.039467227616696,0.0406303792989754,0.0401580630093944,0.015651239862931,0.00483449931739325,0.00270328575789522,0.00251376590088056,0.00209082663108594,0.0024911560488583,0.914172655804343,0.00577007006496952
14.58,4.452,1.4168,0.2,0.0413641098606878,0.11436204127587,0.191384996410077,0.308248320710683,0.334887547814932,0.417781721429209,0.0413641098606878,0.11436204127587,0.191384996410077,0.308248320710683,0.334887547814932,0.417781721429209,0.0413641098606878,0.11436204127587,0.191384996410077,0.308248320710683,0.334887547814932,0.417781721429209,0.5,1,150.000015727529,71.1415675450475,0.510708367982508,224.858043953755,23.6119620039579,2501.19695865014,-15.1036224364129,1.41153192375794,-0.100457655014061,-0.0290684012082075,1.41153192375794,-0.100457655014061,0.443376823310072,-0.0562220965219248,-36.245462972607,0.173374525446308,3.18852650765545,702.86775335903,-1.40409765597334e-17,0.564555473388189,0.43575846266014,0.412698958441829,0.48420042703885,0.487083335069263,0.537482980939486,0.0124542536194147,0.0124000599937507,0.00839606520154151,0.0093111431100927,0.0113004175606707,0.0141097302364337,220.4226643058,3.17238027288823,17.3232166618681,2.19153827511558,121.933975117481,120.153693836558,2508.70780815199,107.60697804549,12.0887678532149,0.0800407099969083,0.325119734258473,0.00349563696446707,0.0800407099969083,0.325119734258473,0.260746077208564,0.0523535032255042,0.374113558835911,0.517726443151334,0.220842250331874,0.0756061890890005,1.03142602147799e-15,0.113178875557158,0.0787851483168179,0.0647149893037286,0.0678596083747612,0.0656393218765841,0.0608827130971625,0.00742003118167469,0.00331001346320656,0.00269872397642972,0.00347024037347929,0.0022197897966596,0.000904466705285517,0.297557460672448,0.00410658292264073
-0.300000000000001,4.716,1.41936,0.2,0.0333640661100727,0.126201639000636,0.167406333788931,0.269187598223439,0.377981131520782,0.504655008481937,0.0333640661100727,0.126201639000636,0.167406333788931,0.269187598223439,0.377981131520782,0.504655008481937,0.0333640661100727,0.126201639000636,0.167406333788931,0.269187598223439,0.377981131520782,0.504655008481937,0.5,1,150.000015727529,77.9737954379753,-0.339717107488796,222.349462555984,53.8566188313717,2753.13134048537,-14.7792848468909,1.5372667430476,-0.114009754444329,-0.0342862253931883,1.5372667430476,-0.114009754444329,0.628315482414332,-0.063799201063535,-37.4521924799501,0.195130268586606,3.45258660556192,714.194281845647,-1.560208620977e-18,0.663919591709197,0.512706634725549,0.472217966878451,0.549462816373294,0.532729830226019,0.555387376314968,0.0121229269867722,0.0135831581085304,0.00996412769503178,0.0113005025518175,0.0132272325799396,0.015966650348922,301.181001978962,4.26593448599109,17.3232166618681,1.94564104405635,122.042499632514,120.291630873606,2521.62634269857,103.857779047664,12.6185101007618,0.125030971942561,0.334024049440078,0.00588236581168886,0.125030971942561,0.334024049440078,0.269150204540794,0.0548784684332652,0.398119950032998,0.533322217303163,0.254447817636027,0.078139880799901,1.12575253513906e-15,0.0483359403084283,0.0392050959530029,0.0356031609825493,0.0390809998931776,0.0405767336565129,0.0342973365553747,0.00431312952284236,0.00202875910585323,0.00134133889684609,0.00191177267254186,0.000968216507384465,0.00064549795662126,0.266898615458356,0.00356121748388643
-10.26,13.692,1.20304,0.2,0.0332329178518659,0.13130177340515,0.192526837487274,0.267214834461456,0.38985385356219,0.393980820866817,0.0332329178518659,0.13130177340515,0.192526837487274,0.267214834461456,0.38985385356219,0.393980820866817,0.0332329178518659,0.13130177340515,0.192526837487274,0.267214834461456,0.38985385356219,0.393980820866817,0.5,1,150.000015727529,222.40566607645,-25.3406050716592,608.66772211228,707.469117716904,7408.54494323508,-12.5904103874284,3.58942453911051,-0.66210864493282,-0.18232594521404,3.63388032496615,-0.342469979102281,9.1711991459223,-0.272517097461722,-100.602096656599,0.55609335183835,7.74992865326528,1173.59431309239,5.06753379856265,1.48092542443495,1.00712029996875,0.808139193833976,0.779930257264868,0.634876210811372,0.60487801270701,0.0240994200249974,0.015587840537444,0.0104326365066139,0.0132475684824497,0.0135526865951463,0.0136355015102594,4999.97312779919,43.0935704614098,17.3232166618681,22.5194185458292,124.958995235944,119.393460635013,2609.24644329782,804.48559916007,32.1418744387584,0.4686235526761,0.400656604466145,0.0496587804075716,0.494654465204983,0.368028769615257,1.57385104961633,0.244771379105648,1.17101297380653,0.5894461678261,1.04950737660816,0.491050054182822,0.00656194269352979,0.198561725448047,0.0660220402226408,0.0240820618350055,0.0237718094605261,0.0308516485015883,0.0415869394668196,0.0397377324565668,0.00736578307563979,0.0027365068709605,0.00191703959496643,0.00134449575034831,0.00103778202041602,1.49419247185108,0.00611525230175835
-3.3,16.596,1.26064,0.2,0.0306099526877298,0.0968758661746782,0.218218261724216,0.236834272526933,0.370065983493177,0.41480660885891,0.0306099526877298,0.0968758661746782,0.218218261724216,0.236834272526933,0.370065983493177,0.41480660885891,0.0306099526877298,0.0968758661746782,0.218218261724216,0.236834272526933,0.370065983493177,0.41480660885891,0.5,1,150.000015727529,178.160524945318,-13.0673760847828,617.872086241016,267.968287876263,5296.66326424331,-31.3231323820436,2.02772773669409,-0.590731785022394,-0.0612820883241328,2.10568492865327,-0.163440623282991,2.80740589878138,-0.390724782103948,-101.057554421415,0.244736846372982,4.10244391209249,1173.61733152797,11.8042464326632,1.48711727945006,0.900149067805435,0.597681324861994,0.521975742110198,0.351879345901469,0.287187251327987,0.0209373504628685,0.0136560061972711,0.0118215174460994,0.009239158316842,0.00870945109884387,0.00764455379647953,4999.99041766483,43.0932204978648,17.3232166618681,34.0768103868463,121.660306401883,118.618759766984,2522.13513086623,1007.66855157159,20.4033855187961,0.473400408646462,0.429095676334025,0.0287434122713889,0.532372025888731,0.353299451570336,1.61294834249998,0.338573408907838,1.35631622640975,0.563149185177594,1.10341041048342,0.58914450987448,0.00501220323642194,0.153558689900956,0.0890531483126303,0.0711723470421944,0.068270422402642,0.0615938588103996,0.0630329297863778,0.0289941714460618,0.00711200252243538,0.00316433266143458,0.0028122855909636,0.00241373259615879,0.00128402000002532,2.23133737982883,0.00829546943380003
13.5,7.18,1.21328,0.2,0.0496526543904886,0.142854805888412,0.267808926437409,0.451719556751322,0.435052563487755,0.656126196589772,0.0496526543904886,0.142854805888412,0.267808926437409,0.451719556751322,0.435052563487755,0.656126196589772,0.0496526543904886,0.142854805888412,0.267808926437409,0.451719556751322,0.435052563487755,0.656126196589772,0.75,1,150.000015727529,107.361774815124,-13.2732958712634,279.915269242787,399.287230590564,3729.39329236538,-8.44324083814185,1.98324122487241,-0.194849329672951,-0.0553401885220289,1.98324122487241,-0.194849329672951,1.49424395469222,-0.108528726903448,-45.7725257785646,0.323063448329341,4.3541522758046,789.983730861367,-6.53514363399644e-18,1.22761477971045,0.913629986459744,0.816581408186646,0.771988042912196,0.742844359962504,0.665691740443704,0.0153672860826997,0.0154313139256327,0.0154733335069263,0.0219450796792001,0.0174815071346734,0.0259843037183627,904.514217269033,11.5824882824707,17.3232166618681,2.19145859335052,122.607193135296,119.859152793988,2525.78520390299,109.698442202565,16.9251073883685,0.102195738109927,0.330591347424854,0.00628091360259044,0.102195738109927,0.330591347424854,0.455645766319562,0.274715519989537,0.480482943881921,0.527012812630898,0.225403405811293,0.184045612707437,1.33844396120671e-15,0.24178323546377,0.148271799850568,0.113841654050777,0.083769639082505,0.0792945627714395,0.058622370992062,0.0339616549963047,0.0108080816265043,0.006113702420742,0.00560439445290521,0.0042620343916247,0.00671641307242281,0.852505458363314,0.00961040523218769
-3.54,10.7,1.30672,0.2,0.0511280722953151,0.196406217135813,0.248968548663652,0.46178065193743,0.522778787460378,0.577583224733881,0.0511280722953151,0.196406217135813,0.248968548663652,0.46178065193743,0.522778787460378,0.577583224733881,0.0511280722953151,0.196406217135813,0.248968548663652,0.46178065193743,0.522778787460378,0.577583224733881,0.75,1,150.000015727529,225.589178210603,-26.5612244652641,524.069753150714,865.393367224247,7849.37589834392,-6.1212067046141,4.12620258306426,-0.412680711734194,-0.236253504843246,4.12620258306426,-0.412680711734194,9.94676804499531,-0.446113833256953,-87.2863170503074,0.682060196946152,9.02591094677637,1094.7521091553,2.64284325955629e-17,1.44402916362879,1.04995523382981,0.943528549109468,0.85052686178523,0.773759243828768,0.7447043849599,0.0183714969224039,0.0187968339756275,0.016860826893032,0.0276399447974169,0.0243693052806999,0.0265742797625247,3317.58879283408,30.6545797312787,17.3232166618681,10.4032535256208,125.419364922514,119.441863715991,2606.09184225027,493.982796215161,35.2467802996119,0.344188087051727,0.355459111840151,0.0404050856748488,0.344188087051727,0.355459111840151,1.20263595621054,0.191054196923993,0.868228210861233,0.568953328314408,0.741440858007478,0.490325124875197,1.35363210962544e-15,0.0925810871131942,0.0483250083414159,0.0401367366073582,0.0354737033213008,0.0328156955620296,0.0326749118294417,0.0192862229418033,0.00578067300444403,0.00357228962394184,0.00373472952599905,0.00463876443303941,0.00497367233796867,1.69719603651101,0.00758925512173564
10.5,23.196,1.2568,0.2,0.0556526872034499,0.176734270146972,0.27637273451639,0.361169700076345,0.470670729611978,0.667729135613938,0.0556526872034499,0.176734270146972,0.27637273451639,0.361169700076345,0.470670729611978,0.667729135613938,0.0556526872034499,0.176734270146972,0.27637273451639,0.361169700076345,0.470670729611978,0.667729135613938,0.75,1,150.000015727529,151.270593688158,-8.64118852619518,619.952734090198,105.110952436205,3619.16908030414,-48.8938329340694,0.709090373757942,-0.302032582277888,-0.0200388512654932,0.769644164291219,-0.0410057050890532,-2.65564179814603,-1.08667798398937,-101.043745443183,0.0253074496333715,0.876570306749297,1173.6881574836,20.0218227267987,1.46873722528903,0.935761201958129,0.542758374127695,0.333439891996667,0.134505260818665,0.0115591050585877,0.145016453259035,0.0227319513326737,0.0116214264555776,0.00898216217060723,0.00821699500052078,0.0135793851682117,4999.99364649516,43.0934163108014,17.3232166618681,68.9168866070271,118.048054630685,117.216340491422,2466.80232779573,2065.94091625541,24.6597037909437,0.829609475384163,0.622244111800085,0.0166736640704286,0.971037284526349,0.364030965326835,3.20304260299034,0.77484248788742,2.08704905093949,0.578114162896972,1.98545215453928,1.05900619223698,0.00685035188430438,0.387449858139691,0.347894813437094,0.278962978178393,0.215940042259039,0.148033619174749,0.127769315936984,0.156803845888015,0.0264969728033542,0.0103708324346969,0.00446655659800445,0.00203976396412673,0.0074405518758667,4.13985472314815,0.0146256944483577
2.46,17.652,1.29904,0.2,0.0523084066191764,0.191761451874559,0.295641302694096,0.373006282648238,0.523438383129345,0.566872819480805,0.0523084066191764,0.191761451874559,0.295641302694096,0.373006282648238,0.523438383129345,0.566872819480805,0.0523084066191764,0.191761451874559,0.295641302694096,0.373006282648238,0.523438383129345,0.566872819480805,0.75,1,150.000015727529,171.914560983231,-12.0642986105614,619.084751588377,222.76507197167,4890.46130611395,-37.6712997604417,1.69710718675138,-0.535924818781377,-0.0449789740652016,1.77484860951984,-0.131568585282783,1.42711427799188,-0.496530308585564,-101.089962503905,0.187829275231747,3.30227263826685,1173.67534631809,13.2855817102387,1.51250171857098,0.883124903655868,0.592052359129257,0.458997219039683,0.284151327986668,0.215289996875325,0.0337659138678263,0.0173743453806895,0.0137433454848453,0.00993842245599416,0.00848393334027706,0.00880499416727424,4999.98989688574,43.093264243308,17.3232166618681,40.2692763421737,121.432885950216,118.534252103046,2520.67493570643,1183.23231578249,18.708298674333,0.529294404664136,0.451506318690038,0.0264261348663129,0.598324009305015,0.355000376744122,1.70707848097959,0.390177018757479,1.45496751060882,0.565091176851624,1.23298957383493,0.665602364520617,0.00496630467414604,0.205646148411346,0.147767728186113,0.122535387630585,0.101851264564104,0.081482493125804,0.0769195241484159,0.0384695196063666,0.0101859970019238,0.00532392522941863,0.00425918937497841,0.00203717232557722,0.00168565404244148,2.37933858101709,0.00861502209520095
-1.26,12.988,1.10448,0.2,0.0581117170448275,0.172909169343586,0.254535023914989,0.404965055592347,0.577525227984647,0.546344542745742,0.0581117170448275,0.172909169343586,0.254535023914989,0.404965055592347,0.577525227984647,0.546344542745742,0.0581117170448275,0.172909169343586,0.254535023914989,0.404965055592347,0.577525227984647,0.546344542745742,0.75,1,150.000015727529,246.763920424956,-41.1843079085512,580.832142485158,1266.52343780856,8443.84116237892,4.95302758066868,4.33998770961358,-0.48535100228622,-0.259798073117384,4.33998770961358,-0.48535100228622,11.6797939797938,-0.54897657816894,-96.7665920216643,0.79513969648995,9.40715425476515,1153.33121549839,-1.22528031028018e-17,1.63724320383293,1.28700218727216,1.11837621081137,1.01266770128112,0.839082928861578,0.836680897823143,0.108825381544631,0.0291898478017915,0.0276448824080824,0.0340049661493595,0.0376259900010416,0.0344141464430789,4555.03197583585,39.9534923445474,17.3232166618681,9.74052468018708,124.334373764356,120.471680680232,2584.05522028088,468.693060627616,36.8806187462985,0.328457944186057,0.351579340787077,0.0405485721521536,0.328457944186057,0.351579340787077,1.35522694980137,0.21279205194571,0.968362637121984,0.562369178426811,0.708396443013248,0.477486334352219,1.43969188785091e-15,0.165287828221664,0.0680858503365322,0.0525769505567686,0.0451782448038776,0.0355803923824281,0.0356407290958742,0.0699141891258284,0.0120073835369021,0.0059233575749267,0.00443934210138449,0.00373125121182337,0.00406572486656875,6.48381947153183,0.0508867223261265
-1.14,7.356,1.16848,0.2,0.0467018185808355,0.191215008902647,0.303776920369128,0.426270904221753,0.461436390246438,0.712355824168422,0.0467018185808355,0.191215008902647,0.303776920369128,0.426270904221753,0.461436390246438,0.712355824168422,0.0467018185808355,0.191215008902647,0.303776920369128,0.426270904221753,0.461436390246438,0.712355824168422,0.75,1,150.000015727529,109.885668159567,-9.38352989167795,287.54445370274,325.705022497657,3793.78658473076,-7.06231873565253,1.98680397875221,-0.185661111859181,-0.0555281658160609,1.98680397875221,-0.185661111859181,1.52015352378398,-0.115097687207478,-46.7841079054265,0.307031211061348,4.33862858035621,798.707238829286,2.57955396208729e-17,1.30501301947714,0.95482369544839,0.855512988230392,0.81630707217998,0.763533111134258,0.661080720758255,0.0142389666842725,0.0178054803666285,0.0171117414852619,0.0221981543589209,0.0188580835329653,0.0300463243412145,981.011196750339,12.4247838766792,17.3232166618681,2.72265854946114,122.499658600995,120.213597620357,2533.29526297755,179.200623055125,16.7624606304124,0.1610086679499,0.33686236436319,0.00958654051478785,0.1610086679499,0.33686236436319,0.51507207562103,0.45177320802877,0.507092876951752,0.537936168417331,0.332073110599275,0.204197336479838,1.29592821192253e-15,0.0956206313667483,0.0602121784636817,0.0514950921107695,0.0471555941469733,0.0477293602469198,0.0370515539786182,0.0159599299292022,0.0056234813128056,0.00353528083450072,0.0037373559015594,0.00355682927820152,0.00633735153825122,0.955231557297022,0.0102519131553475
-11.34,23.988,1.38736,0.2,0.0414886753171149,0.152964000868789,0.287505685019064,0.418577125550023,0.430435393804985,0.665944068071759,0.0414886753171149,0.152964000868789,0.287505685019064,0.418577125550023,0.430435393804985,0.665944068071759,0.0414886753171149,0.152964000868789,0.287505685019064,0.418577125550023,0.430435393804985,0.665944068071759,0.75,1,150.000015727529,154.442485157796,-8.67388045099471,620.84981772732,75.5773031663368,3477.91813352776,-57.0392938235601,0.512412282705968,-0.219302087104469,-0.00618342839287574,0.557031456182689,-0.0194082844474534,-3.55852330444745,-1.23575841162379,-101.028762628893,-0.0146917686595146,0.332404118273096,1173.71627955421,21.1746016039992,1.50021101968545,0.911410405166128,0.48901559212582,0.263659920841579,0.0650237388839704,-0.0301266362837205,0.109519633723571,0.0172424854456827,0.0113375729611499,0.00690744193313197,0.0104384601603999,0.0102662168524112,4999.96125403604,43.0930267680456,17.3232166618681,33.8279241780862,112.497880838482,117.23926953483,2316.2753260377,721.545404673549,18.9634408298027,0.290019917762386,0.393055052977328,0.00340454045790049,0.370291727673595,0.318569832607552,3.18939144329674,0.627028203408852,1.38950656334779,0.506807655229397,0.780603285834163,1.17025395684353,0.00558552011247905,0.343250590323921,0.223864969254749,0.117367066964724,0.0574897968099012,0.0494097317426042,0.0657954079001197,0.130969861161627,0.0177230090573141,0.00618077224180918,0.000737780495379393,0.00138603620184095,0.00445473860845245,4.595509430654,0.0163663848858095
-1.86,14.308,1.40528,0.2,0.0645051946324093,0.165805410708727,0.294356731482249,0.393720302149049,0.517502022108641,0.629350183457082,0.0645051946324093,0.165805410708727,0.294356731482249,0.393720302149049,0.517502022108641,0.629350183457082,0.0645051946324093,0.165805410708727,0.294356731482249,0.393720302149049,0.517502022108641,0.629350183457082,0.75,1,150.000015727529,210.602187272159,-19.3114099604208,612.996781585252,460.542383720446,6675.33309030309,-27.4911705620248,2.93272190396834,-0.651913727736694,-0.121935961878971,2.99368305384856,-0.252459622455995,6.4128507447141,-0.230065919127174,-100.864895323403,0.398385468815748,6.16444099572962,1173.60754088116,7.71208332465364,1.42772815331736,0.902122883033019,0.693472690344755,0.608247703364233,0.464699614623477,0.40292393500677,0.0193801092995313,0.0163414133944381,0.0152506147276325,0.0152468768878242,0.0150680202062285,0.0144445599416727,4999.98687636704,43.0935110925938,17.3232166618681,27.0788614014451,123.745040423158,119.209223282775,2563.72201626475,866.563508731064,26.4350147719151,0.441588894585459,0.398524152698988,0.0379870021793942,0.47718686160543,0.355125071868032,1.56471804252919,0.366960178423431,1.20932618634477,0.566505564674921,0.989663294953141,0.488323454131165,0.00449237015529589,0.12202158982471,0.0792187577761981,0.0654284433396901,0.0581061152761509,0.0504357135253364,0.046777892525627,0.0227720086079242,0.00655870106295063,0.00342079379603437,0.00225618018812774,0.00249300438084753,0.0056794429154238,1.53895075261822,0.00558216158698332
-11.82,16.068,1.32464,0.2,0.0445378723204232,0.168537625568288,0.297782254713841,0.371230795262454,0.457478816232636,0.66326646675849,0.0445378723204232,0.168537625568288,0.297782254713841,0.371230795262454,0.457478816232636,0.66326646675849,0.0445378723204232,0.168537625568288,0.297782254713841,0.371230795262454,0.457478816232636,0.66326646675849,0.75,1,150.000015727529,189.062753879804,-15.3299144964066,616.562493490261,337.784489324029,5737.79304239142,-32.4831221973117,2.29533850640558,-0.608188274138111,-0.0758683053848558,2.36678991771691,-0.191844769516717,3.83622154159983,-0.318432846193105,-101.024833871472,0.292530974874492,4.69099562545568,1173.57212790334,10.2062910113529,1.46859993750651,0.896940527028436,0.645219029267784,0.542168055410895,0.395470898864701,0.305830371836267,0.0383492799562546,0.0167880622851786,0.0151945779606291,0.014104570044787,0.0114777645036975,0.00586956837829393,4999.991459223,43.0933361108218,17.3232166618681,27.7748239958184,121.584748812279,118.500578498898,2516.56922835465,830.408374045517,23.8379195049519,0.410143648089476,0.408288707303844,0.0286109401248176,0.460224616951698,0.350867737581425,1.56140629345917,0.292007492803088,1.2784300740241,0.559959830260357,0.951955711166505,0.533883319311477,0.005789924026918,0.275505817081653,0.108161618472145,0.0414480595561994,0.0235071394575902,0.0306301504327959,0.0378202848509298,0.0568794991637965,0.00952272823760975,0.0030164444432404,0.00149335500848568,0.00385733187650133,0.00137557120118031,2.21004571163802,0.00827801034353811
-3.66,18.532,1.26704,0.2,0.0560461319780703,0.142581584402456,0.238691978968875,0.431597366379105,0.563673718936338,0.647200858878876,0.0560461319780703,0.142581584402456,0.238691978968875,0.431597366379105,0.563673718936338,0.647200858878876,0.0560461319780703,0.142581584402456,0.238691978968875,0.431597366379105,0.563673718936338,0.647200858878876,0.75,1,150.000015727529,169.696208728257,-11.7970047953338,618.7114467243,194.293654025622,4715.93427767941,-36.7811915425476,1.54218118945943,-0.507311466974273,-0.0368990232267472,1.6195395792105,-0.113102134076659,0.769513327235705,-0.553068116675346,-101.109378189772,0.1552731891178,2.92287236746173,1173.66909696907,14.2141401937297,1.55999198000208,0.930464878658472,0.59906802416415,0.437648682428913,0.262275419227164,0.182743518383502,0.0407504919989584,0.0156490708259556,0.012715393500677,0.00976969107384648,0.00763895104676596,0.00957830069784395,4999.98645974378,43.0933663160089,17.3232166618681,37.4008539925863,120.26258687201,117.972117076454,2489.35441965399,1048.47913196176,17.5454793060799,0.459227689979648,0.438645416783024,0.0211162638603612,0.530888531710822,0.348499872275431,1.66206299327497,0.391422629536475,1.41131404444998,0.554731800332469,1.08906217076509,0.758130998926639,0.00592599586602403,0.169696551594819,0.100058649934823,0.0787715403764122,0.0684176258554103,0.0622078222731891,0.0649427236586442,0.0405086370161616,0.00838581369738649,0.00352581224798737,0.00439229167272674,0.00173599428345449,0.00131829301327217,2.84605428193093,0.0101077562348862
-3.06,8.588,1.38608,0.2,0.0590953289813786,0.131652724964211,0.302920539561229,0.332170072775209,0.435712159156722,0.570442954565163,0.0590953289813786,0.131652724964211,0.302920539561229,0.332170072775209,0.435712159156722,0.570442954565163,0.0590953289813786,0.131652724964211,0.302920539561229,0.332170072775209,0.435712159156722,0.570442954565163,0.75,1,150.000015727529,167.720424955734,-24.8289228294969,365.111780022915,748.572116152484,5927.91344651599,-8.5194654070826,3.17886043120508,-0.329339656319133,-0.141314492240392,3.17886043120508,-0.329339656319133,4.81514852619518,-0.236038590152068,-61.4545943130923,0.545641799389647,6.98740974898448,916.514217269033,-3.38249182376835e-18,1.34694781793563,1.00140730132278,0.875902374752629,0.868285543172587,0.78566680554109,0.7313904905739,0.0151090069482346,0.0152405203624623,0.0172987749192792,0.0189182020622852,0.018379936777419,0.0243486376419123,1946.52671596709,21.484205811895,17.3232166618681,6.65374224799298,123.526358239326,120.211783132624,2563.19263265449,356.859885417532,26.7330713053588,0.26954748711533,0.346154837749943,0.024609189522475,0.26954748711533,0.346154837749943,0.805131524465209,0.658548295162237,0.658402267871618,0.5535834630271,0.579098750938284,0.26163535032416,1.31793715490808e-15,0.0877119877643977,0.0494798719158622,0.040658056686549,0.0409501840062415,0.0401654263781441,0.0364676472795143,0.0159608858855444,0.00514681293889186,0.003191360811965,0.00304335810875501,0.00321789269719952,0.00455734712191429,0.960110527190013,0.00579663440153163
7.5,21.436,1.27088,0.2,0.042472287253666,0.138483262113114,0.23226912290964,0.449944069365538,0.506288895736201,0.613284575577468,0.042472287253666,0.138483262113114,0.23226912290964,0.449944069365538,0.506288895736201,0.613284575577468,0.042472287253666,0.138483262113114,0.23226912290964,0.449944069365538,0.506288895736201,0.613284575577468,0.75,1,150.000015727529,157.401580043745,-9.51131934485991,619.833361108217,108.213236954484,3984.63003853765,-44.5968451203,0.991901842224768,-0.385548732586189,-0.0218806119675034,1.06258545673367,-0.0585731569878138,-1.47329830493699,-0.874327803353818,-101.083532965316,0.0591151468673054,1.59504593405895,1173.69024059994,18.0857900218727,1.50203282991355,0.94054932819498,0.556342058118946,0.349126848244974,0.173180400465993,0.0744256999406312,0.0983908963183001,0.0167411763322987,0.0105154173523591,0.00959226018123113,0.00832742870534319,0.00928524570357255,4999.98073117384,43.0935017185709,17.3232166618681,57.0014163878579,119.037169596352,117.677121220718,2475.37925768277,1662.18485245753,20.3626166104158,0.665653226035108,0.531779091495987,0.0194770509403019,0.77439039934456,0.355249554420341,2.9615420717516,0.584167643388952,1.75934037005044,0.563660232826512,1.56494913033089,0.721310695324107,0.00496060190500578,0.317482128022588,0.270445373072781,0.220347982201102,0.162380860903665,0.118642256919025,0.0995052978904143,0.106698755325197,0.0185227688417276,0.00761452907474058,0.00454538033779522,0.00199876149359445,0.00196341545376994,2.70492288990451,0.00936122444383622
-1.98,6.212,1.3592,0.2,0.0458165678379395,0.137117154683334,0.26309883199397,0.386618352605914,0.423839437115314,0.766800384204892,0.0458165678379395,0.137117154683334,0.26309883199397,0.386618352605914,0.423839437115314,0.766800384204892,0.0458165678379395,0.137117154683334,0.26309883199397,0.386618352605914,0.423839437115314,0.766800384204892,0.75,1,150.000015727529,101.202322674722,-11.1031197479429,262.115713988126,329.998249890636,3522.82262264347,-12.6766693155921,1.8690889490678,-0.176346203687116,-0.0494403843349652,1.8690889490678,-0.176346203687116,1.21395530642641,-0.091667006185814,-43.1433121549838,0.292356311571711,4.09630017706488,766.837891886259,5.64691539422975e-18,1.01552797625247,0.770027851265493,0.703028340797834,0.712819477137798,0.676127018018957,0.578677356525362,0.0121876718347047,0.0146742591396729,0.0138451134256848,0.0161419175085928,0.0144879366732632,0.02386552963233,708.648682428912,9.3481727945006,17.3232166618681,2.54615899453539,122.083105459686,120.678950487065,2525.53422103102,172.003071958505,15.6450886317257,0.159111384609145,0.336075829571718,0.0088805491740951,0.159111384609145,0.336075829571718,0.39698656763097,0.0830763456576488,0.460487340745235,0.536706387907886,0.327358526200266,0.138449348355994,1.25334897116749e-15,0.0643803204157227,0.0460930864444572,0.0455067682219599,0.044208027949513,0.0447084809389368,0.0345615419959283,0.00929273472265053,0.00352352535474742,0.0023079776028728,0.00190102736474986,0.00132963270404122,0.00214505653411852,0.609650329485897,0.00701773299936457
-12.06,15.012,1.33104,0.2,0.0632264991148929,0.134111718337816,0.250253119875499,0.326251781489263,0.491118195349957,0.569550420794074,0.0632264991148929,0.134111718337816,0.250253119875499,0.326251781489263,0.491118195349957,0.569550420794074,0.0632264991148929,0.134111718337816,0.250253119875499,0.326251781489263,0.491118195349957,0.569550420794074,0.75,1,150.000015727529,205.164420372878,-18.3078468055411,613.674211019686,432.740105770232,6481.65597333611,-25.9041121039683,2.82303135090095,-0.650527476304552,-0.113611525882721,2.88695937923133,-0.241239806091032,5.99130226018123,-0.238741863520987,-100.896139985418,0.379591109436517,5.92599739610457,1173.58035621289,8.19987657535671,1.45234944276638,0.929825716071243,0.696597729403187,0.624331205082804,0.461630892615353,0.405301020727008,0.0341112347250287,0.0154343962087283,0.0133679553171544,0.0135750599937507,0.0153475158837622,0.0139673700656182,4999.98770961358,43.0934840120816,17.3232166618681,26.116215201638,122.860958454984,118.90526838388,2546.06293044275,841.440737829563,27.0008466109255,0.444834593037515,0.406254426754311,0.0376392772913507,0.485807101438538,0.356256624572505,1.59417837128177,0.342033509935175,1.24203799877541,0.569493136832269,1.0170919773087,0.49352633982307,0.00527372359950065,0.253493058464198,0.0959698109437187,0.0350522071501047,0.0201699486937385,0.027388138356417,0.0373611268706037,0.0508887283372015,0.00878060423443354,0.00280992866105009,0.00165477585722368,0.00117069814702185,0.00477839902717773,1.7979313846753,0.00654439801674065
9.78,24.34,1.244,0.2,0.0610625528544806,0.146133463719886,0.24982492947155,0.354659579661804,0.561035336260469,0.657018730360862,0.0610625528544806,0.146133463719886,0.24982492947155,0.354659579661804,0.561035336260469,0.657018730360862,0.0610625528544806,0.146133463719886,0.24982492947155,0.354659579661804,0.561035336260469,0.657018730360862,0.75,1,150.000015727529,148.954238100198,-8.46135905327571,620.037735652536,99.4443316217061,3409.51590786376,-50.3674533902719,0.533059049630247,-0.237461356983648,-0.0189976468076242,0.582932969609415,-0.0269653647958123,-3.39130603614207,-1.2396714969274,-101.009715654619,-0.000778600564732847,0.419220809092803,1173.67086761796,21.3633590251019,1.46398959483387,0.956718206436829,0.537789872929903,0.313061414723466,0.0966977481217582,-0.0247288686824289,0.147949589126133,0.0214948029755234,0.0110573976696178,0.00872606853452766,0.00963121758150193,0.0155436840954067,4999.98500156234,43.0933736069164,17.3232166618681,73.1017556301742,116.867785917258,116.862955314465,2445.47871192041,2196.40040090676,25.2758617917607,0.875503603492886,0.662152955057975,0.0137846861344291,1.03540232005099,0.364543262176394,3.48629246380383,0.760121693684641,2.22908477864554,0.579185122637184,2.12705828662988,1.35354248458531,0.00731131714418204,0.372011402610094,0.354761925013557,0.288899275329736,0.223138164686723,0.149201064419818,0.138021425039994,0.158184238797116,0.0265738090103744,0.010142268444454,0.00436455491787374,0.0034386116584385,0.0091190067925966,5.22930285571303,0.0174350845758164
11.58,19.236,1.10832,0.2,0.0461116514189048,0.135204604281641,0.25838873755053,0.362945187462129,0.539268679184555,0.669514203156118,0.0461116514189048,0.135204604281641,0.25838873755053,0.362945187462129,0.539268679184555,0.669514203156118,0.0461116514189048,0.135204604281641,0.25838873755053,0.362945187462129,0.539268679184555,0.669514203156118,0.75,1,150.000015727529,164.604292261223,-12.2528689782314,618.333777731487,237.537450253099,4657.23091344652,-30.1756195126549,1.58241684199563,-0.521336281215811,-0.0406956608686595,1.66133045516092,-0.125787767888762,0.998687571139673,-0.547467870513489,-101.10482345589,0.178182462278929,3.05687909592751,1173.71357150297,13.9050682220605,1.50711890428081,1.01914695344235,0.68179634413082,0.523913196542027,0.31867576294136,0.221849044891157,0.136868049600042,0.020275453848245,0.0135072895635871,0.0110583900635351,0.0112477765857723,0.00883897864805751,5000.00958233517,43.0935621289447,17.3232166618681,44.8262172023061,122.079528424945,118.289892881448,2543.57500095941,1319.59532413764,20.1616408705124,0.567290255570529,0.47033866481924,0.0262534255820982,0.642950906773063,0.360066400025712,1.76770693412398,0.410974076258279,1.50544013932794,0.572072770712715,1.30790403375156,0.595322184581179,0.00529721147702734,0.384751733808481,0.30061892158328,0.229134799281649,0.175063945953209,0.127139681817724,0.102425335414867,0.147878222913669,0.0248388202957834,0.01042227252868,0.00586588209438533,0.00402169335106206,0.00242509272976964,2.12537051733449,0.00845191786719381
5.94,24.78,1.30416,0.2,0.0425706484473211,0.13028661753443,0.296497683501994,0.460596993680241,0.539928274853522,0.69004247989118,0.0425706484473211,0.13028661753443,0.296497683501994,0.460596993680241,0.539928274853522,0.69004247989118,0.0425706484473211,0.13028661753443,0.296497683501994,0.460596993680241,0.539928274853522,0.69004247989118,0.75,1,150.000015727529,149.143675658785,-9.22691453890219,620.362316425373,103.596726695136,3245.03548628372,-54.2979929174044,0.366599361941465,-0.16570715014061,-0.015728460681179,0.402064861878971,-0.0140155196550359,-4.11773788115821,-1.3775598603583,-100.972308092907,-0.0255350112946568,-0.0335573855952504,1173.69659410478,22.3281429017812,1.49542537235704,0.943134454744298,0.501956304551609,0.258428650888449,0.0627279118091866,-0.0595131152532028,0.0985332226208729,0.016742735274034,0.0113167673159046,0.00818631080095823,0.0110081113425685,0.0165288574106864,4999.96333715238,43.0933683991253,17.3232166618681,69.4976120910115,115.346256326945,116.611850699448,2407.33294246007,2056.16865704206,21.8682458130493,0.81565254059312,0.643357405218306,0.00985663268397546,0.975954053240621,0.355964880786259,2.9838008503735,0.743703462127008,2.18439317118482,0.565755384615497,2.01414345932642,1.50267742391244,0.0077256872587786,0.291091756506735,0.283183705573485,0.232017242459452,0.177239976598059,0.132756025479713,0.12707274971673,0.104591351677736,0.0184317358404599,0.00802856331665899,0.00342139894302769,0.00464693616027869,0.0102120552277882,5.90761421350338,0.0191867629399538
2.34,9.292,1.2888,0.2,0.0423739260600109,0.152690779382833,0.243402073412314,0.416801638164239,0.544545444536292,0.713248357939512,0.0423739260600109,0.152690779382833,0.243402073412314,0.416801638164239,0.544545444536292,0.713248357939512,0.0423739260600109,0.152690779382833,0.243402073412314,0.416801638164239,0.544545444536292,0.713248357939512,0.75,1,150.000015727529,166.311748776169,-19.0259671773773,387.027174252682,617.907301531091,5751.87230496823,-4.06305406926362,2.97647786688886,-0.29531993142381,-0.122565509842725,2.97647786688886,-0.29531993142381,4.41798552234142,-0.237017212227893,-63.4498198104364,0.485678065857722,6.46485366107697,931.239256327466,-7.45644468284552e-18,1.48420081241538,1.10201980002083,0.972329174044371,0.893401479012601,0.781248755337986,0.694940308301219,0.0212128954921362,0.0176130980074575,0.0182346815956671,0.0268118623060098,0.0274741266534736,0.0356087199250078,2041.79585459848,22.1803926674306,17.3232166618681,4.93936288420683,123.562051700304,119.536205925686,2553.5027200971,270.510935439365,25.5203434816122,0.203654909698856,0.339805290223535,0.0175745284737876,0.203654909698856,0.339805290223535,0.765772488310253,0.189052522913269,0.656410852371951,0.542536923460235,0.430656505789152,0.216735795905722,1.37282553172025e-15,0.14256157472068,0.0891665228110304,0.0717084978244896,0.0585358166522483,0.0460930030477628,0.0374505144889663,0.0253589639138595,0.00866758356186398,0.00563167390551755,0.00512800782165502,0.00637797499131116,0.00721059948074042,0.855002132856695,0.00586852163903505
2.22,19.5,1.23504,0.2,0.0569313827209663,0.135751047253553,0.300351397137535,0.34519031360429,0.497054556370661,0.640060588710158,0.0569313827209663,0.135751047253553,0.300351397137535,0.34519031360429,0.497054556370661,0.640060588710158,0.0569313827209663,0.135751047253553,0.300351397137535,0.34519031360429,0.497054556370661,0.640060588710158,0.75,1,150.000015727529,165.874012082075,-10.7266102307051,619.097448182481,148.730822570566,4497.60024997396,-36.7251662326841,1.36390055202583,-0.472794641662327,-0.0312321777939798,1.44062854910947,-0.0913441461806061,0.0207231136746172,-0.639521104362045,-101.108802208103,0.116819099573794,2.48270767211749,1173.7022185189,15.4909374023542,1.54755962920529,0.951661795646286,0.595397041974795,0.43930511405062,0.2436724601604,0.147323480908239,0.0528114955893136,0.0154964277054474,0.0136422820539527,0.00932140058327257,0.00813508561608166,0.0100112517446099,4999.9811477971,43.0934444328716,17.3232166618681,44.7792295750946,120.218559318676,117.962380968239,2494.58020971782,1288.93795476157,17.3822316756062,0.547305801982831,0.472785596378767,0.0218016720378887,0.631258265619539,0.352950148950721,2.19392648347201,0.463017064048885,1.53642267219835,0.561164250129077,1.2887569546546,0.89800953186914,0.00621459453972632,0.204147355407875,0.165613206167087,0.134353530081706,0.115332459762573,0.094460446248511,0.0850492911749861,0.0536516507659759,0.011550201960289,0.00585754359707952,0.00391901869282664,0.00202654038207215,0.00132366185426284,3.32937662695156,0.0105098793054094
-6.54,8.236,1.41808,0.2,0.0484723200666273,0.156789101672175,0.277229115324288,0.436923828536456,0.548503018550094,0.660588865445221,0.0484723200666273,0.156789101672175,0.277229115324288,0.436923828536456,0.548503018550094,0.660588865445221,0.0484723200666273,0.156789101672175,0.277229115324288,0.436923828536456,0.548503018550094,0.660588865445221,0.75,1,150.000015727529,151.108884491199,-19.833901425789,331.024903655869,609.602280147901,5298.6126445162,-8.55959068805332,2.81569628163733,-0.283013987936673,-0.111058359545881,2.81569628163733,-0.283013987936673,3.53556869076138,-0.188558076024476,-54.8634256848246,0.46863649587168,6.1765743151755,865.629549005307,-4.9268115717113e-18,1.36771857098219,1.00936950317675,0.896557681491512,0.834991594625559,0.745075471305072,0.696072377877303,0.0153073982068847,0.0165716779502135,0.0165789216748255,0.0241882387251328,0.023560761379023,0.0290586834704718,1616.02281012395,18.884817206541,17.3232166618681,6.24657733076766,122.994877590142,120.572046043164,2550.26508225668,341.692192810429,23.6210166570097,0.260685741194669,0.344131276125751,0.0212341615618727,0.260685741194669,0.344131276125751,0.679991631301785,0.162930542304745,0.574646325036298,0.550377236246752,0.557502845772457,0.230286720559263,1.23868042737408e-15,0.0965658840177235,0.0364438978524557,0.0289813194431452,0.0319703088357097,0.0328966607878184,0.0327300652984204,0.0187836960666392,0.00500985598423063,0.00288456095339733,0.0031598868735823,0.00431554393218958,0.00563768420208181,1.19521635867634,0.0106433870190569
13.26,16.42,1.37968,0.2,0.0585051618194479,0.13739037616929,0.236122836545181,0.423903587707375,0.545205040205259,0.627565115914903,0.0585051618194479,0.13739037616929,0.236122836545181,0.423903587707375,0.545205040205259,0.627565115914903,0.0585051618194479,0.13739037616929,0.236122836545181,0.423903587707375,0.545205040205259,0.627565115914903,0.75,1,150.000015727529,184.382678887616,-14.6865747842933,617.151025934799,311.364498177273,5507.53640245808,-37.2516765678575,2.14699802103948,-0.592237624524634,-0.0688788563691281,2.22023841266535,-0.175732910436413,3.26766863670451,-0.351380531853974,-101.042040412458,0.265533545603583,4.36247828351214,1173.5986876367,10.8954973440267,1.42219952088324,0.900903197583585,0.631290678054369,0.50537948130403,0.350338912613269,0.286893615248412,0.080537415415061,0.0162303846664931,0.0118383561087387,0.0115744980731174,0.0112516493073638,0.0101662677846058,4999.97479429226,43.0931017602331,17.3232166618681,39.8776204069753,123.90320673694,119.071945378797,2576.62514946419,1210.95425764867,24.0060031973775,0.545253581961565,0.437195002929229,0.0337735066577755,0.598885050990016,0.360258121039459,1.69421253940036,0.317084597250646,1.36955143691892,0.572693590856025,1.22314342933323,0.535484930559679,0.00497546252323036,0.408397296682128,0.266642156510024,0.202695575554945,0.142435337842964,0.104786946697338,0.0844397904812795,0.100039583313156,0.0191924297599473,0.00835595115450076,0.00583936207146714,0.00442665749705945,0.00414831220139747,1.94994391529189,0.00683609888334897
7.26,19.852,1.24144,0.2,0.0536854633303478,0.1690840685402,0.287933875423013,0.455862360651484,0.547843422881127,0.671299270698297,0.0536854633303478,0.1690840685402,0.287933875423013,0.455862360651484,0.547843422881127,0.671299270698297,0.0536854633303478,0.1690840685402,0.287933875423013,0.455862360651484,0.547843422881127,0.671299270698297,0.75,1,150.000015727529,164.95372461202,-10.7474515936882,619.03452765337,149.775666211853,4452.79700031247,-38.4233145505676,1.3443412873659,-0.469465681258203,-0.0316783262160192,1.42113158004375,-0.0896108361774815,-0.0355463439120924,-0.652663223713154,-101.105679616707,0.114432344870326,2.44896783731382,1173.74075617123,15.6418820956149,1.51457400270805,0.952121956046244,0.611147390896782,0.421247557546089,0.240116051452974,0.148122932557859,0.0955102710561399,0.0177869338861265,0.0128920720758254,0.0106463816269139,0.00942472388292886,0.00961749349026145,4999.99375065097,43.0937246120195,17.3232166618681,49.2476741250791,120.723615697347,118.039975425031,2511.85983061746,1442.53587279751,19.3112390193295,0.605193978062138,0.494050468812414,0.0238118025976578,0.694357970171076,0.358065582723146,2.64343734273905,0.479316504897841,1.60097809916641,0.568916407090135,1.41168660505334,0.838012412286077,0.00545903811196987,0.299501010653393,0.237390983148859,0.192432906526627,0.144326940177366,0.114873475810169,0.0949950586851523,0.100873284744373,0.0171602054274793,0.00818346107258238,0.00523690020765822,0.00254209151862475,0.00195598954756716,3.11196657140929,0.0091946988473646
13.86,6.036,1.36944,0.2,0.0553576036224846,0.161707088419385,0.232697313313589,0.373598111776832,0.44296771151536,0.700752885144256,0.0553576036224846,0.161707088419385,0.232697313313589,0.373598111776832,0.44296771151536,0.700752885144256,0.0553576036224846,0.161707088419385,0.232697313313589,0.373598111776832,0.44296771151536,0.700752885144256,0.75,1,150.000015727529,95.2764649515674,-6.23097907822102,249.347440891574,218.319455160921,3331.63868347047,-12.2951314676388,1.79255202583064,-0.155943760331216,-0.045554074575565,1.79255202583064,-0.155943760331216,1.07078261244662,-0.0858307388511614,-41.7460431205084,0.260769709216748,3.95742381001979,754.138787626287,-4.52792131444641e-18,0.96758544943235,0.721072888240808,0.659627309655244,0.683746443078847,0.644438683470471,0.586864524528695,0.0133467820667014,0.0156787616914905,0.0124084526611811,0.0155961160295803,0.0148665618164774,0.021918904280804,605.532902822623,8.12242328924071,17.3232166618681,1.65539209291863,123.382548719615,119.018715325321,2540.63808614574,111.120884622408,15.2964014941949,0.101190311759934,0.332030102980017,0.00551988768947684,0.101190311759934,0.332030102980017,0.365943428731039,0.0706174636022485,0.429389971615269,0.529339986922295,0.228396822191532,0.160739012056417,1.27504664943986e-15,0.183701034971818,0.11737473238912,0.0969587551699434,0.0825753469824625,0.0730506623522326,0.0551483272799502,0.0205480108970113,0.0072313841536155,0.00409828302507503,0.00309093631422892,0.00185298458027746,0.00249364634857759,0.694671385015784,0.0082575707215521
-3.18,18.092,1.276,0.2,0.0606691080798602,0.167171518138507,0.290074827442759,0.367679820490886,0.460776794577471,0.592756298842405,0.0606691080798602,0.167171518138507,0.290074827442759,0.367679820490886,0.460776794577471,0.592756298842405,0.0606691080798602,0.167171518138507,0.290074827442759,0.367679820490886,0.460776794577471,0.592756298842405,0.75,1,150.000015727529,171.007322153942,-11.737056298094,618.466045203625,204.761370169774,4819.46193104885,-36.4787552338298,1.6250239766691,-0.525245127851265,-0.0407593210082283,1.7033884387043,-0.12267517948547,1.10648326177482,-0.5203246353609,-101.105548380377,0.171740379002187,3.11911637329445,1173.66326424331,13.7928590771796,1.53867097177377,0.901423726695135,0.59235944172482,0.452498343922508,0.283942922612228,0.197416204562025,0.0351425841873763,0.0164924895323404,0.0144923913134048,0.00946720549942716,0.00749569898968859,0.00929522153942297,4999.9871888345,43.093452765337,17.3232166618681,37.4015467249971,120.673643634706,118.064803105618,2499.39967995111,1065.47179819238,18.018320745612,0.474147975957112,0.440634239616164,0.0229221045594246,0.544194173537494,0.350458042923431,1.6730502487808,0.387289613856504,1.4115708056459,0.558000861820511,1.11949125734016,0.717223618270959,0.00611536939658236,0.162645845960836,0.0979216002383299,0.0792249717751394,0.0716107144448287,0.0660519469666295,0.0659097668793718,0.0355902879925453,0.00801081686870165,0.0034734937519262,0.0038710506878994,0.001544584888681,0.00131436820111515,2.69392496003055,0.00967622100973325
1.86,5.244,1.24016,0.2,0.0636199438895134,0.178100377576753,0.228843599678047,0.377740915676995,0.43835054183259,0.602574170324392,0.0636199438895134,0.178100377576753,0.228843599678047,0.377740915676995,0.43835054183259,0.602574170324392,0.0636199438895134,0.178100377576753,0.228843599678047,0.377740915676995,0.43835054183259,0.602574170324392,0.75,1,150.000015727529,78.7799229246953,-12.193295237996,233.229052182064,311.104075512968,2737.33715237996,-13.2164618762629,1.49410873867306,-0.145733597239871,-0.0322817362774711,1.49410873867306,-0.145733597239871,0.554842416081658,-0.0614066635859806,-38.6412446620145,0.243618862711176,3.31574044370378,725.546172273715,-1.26165891990417e-17,0.813913779814602,0.610415519216748,0.569775325486928,0.611073846474326,0.586796000416624,0.578514571398813,0.0118497442629934,0.0155829983335069,0.0119646387876263,0.0148067472138319,0.0144931236329549,0.018188374127695,384.580929069886,5.3619537548172,17.3232166618681,1.88459198012694,122.441937318254,119.854387581076,2528.75515700618,96.1734856250163,12.4136223741603,0.116835659366776,0.334269794772322,0.0054186445698726,0.116835659366776,0.334269794772322,0.2799426185443,0.0613459345513513,0.408670153553076,0.533572740839715,0.23685335327338,0.109393132334768,1.18677212837763e-15,0.0693114646954019,0.0523572414281172,0.0482674417790776,0.0472879599092642,0.0463904977770413,0.0408824393987674,0.0070470039782323,0.00309969467646233,0.00200388785674965,0.00173530777515978,0.00118768870528047,0.000807183885501864,0.430909661923734,0.00553522307532668
4.62,23.02,1.17872,0.2,0.0530952961684172,0.131379503478255,0.269521688053205,0.401414080820779,0.537949487846621,0.723958763192588,0.0530952961684172,0.131379503478255,0.269521688053205,0.401414080820779,0.537949487846621,0.723958763192588,0.0530952961684172,0.131379503478255,0.269521688053205,0.401414080820779,0.537949487846621,0.723958763192588,0.75,1,150.000015727529,150.229353192376,-8.74194195396313,620.313415269243,105.673287324237,3628.20245807728,-42.7282001874805,0.748335588152275,-0.318979890074679,-0.0154193277679409,0.812274557702322,-0.0444732071721696,-2.44945748879283,-1.07071440349964,-101.059032392459,0.0330022020727008,1.00510563487137,1173.67128424122,19.9526382668467,1.52517643995417,0.967898229351109,0.554778950109364,0.335052867409645,0.136339862161233,0.0195129731265493,0.0916540260607228,0.01607936743985,0.0115815104676596,0.00884522810123946,0.00857115717112802,0.011076268201229,4999.99333402771,43.093400687429,17.3232166618681,56.1334344333172,116.99493843593,117.283255017551,2430.14914344967,1585.78339076536,17.6753083114884,0.616903513855195,0.529129761867015,0.0129795958981216,0.734622537350597,0.347689789188339,2.57186910981005,0.642422857652223,1.77163864563896,0.5514135511372,1.48448803051397,1.08822165066189,0.00669322341346357,0.251569361937617,0.235917608315978,0.200057463254264,0.158196939388378,0.110462291308497,0.103615405113439,0.0912170356942185,0.0159806540516532,0.00733618823219864,0.00379900100391617,0.00179937479205246,0.00341336796859028,4.26494398871216,0.0149313273699088
1.14,23.46,1.10576,0.2,0.0654888065689603,0.148865678579447,0.243830263816263,0.328027268875047,0.54718382721216,0.652556061505414,0.0654888065689603,0.148865678579447,0.243830263816263,0.328027268875047,0.54718382721216,0.652556061505414,0.0654888065689603,0.148865678579447,0.243830263816263,0.328027268875047,0.54718382721216,0.652556061505414,0.75,1,150.000015727529,149.655632746589,-7.99622102010208,620.364347463806,82.6851207478387,3636.42370586397,-38.0967711696699,0.765321244900531,-0.326989752695552,-0.0139899078950109,0.83121423347568,-0.0416211233204875,-2.36017335908759,-1.07623416208728,-101.064627642954,0.0290842433256952,1.05719069463493,1173.70055202583,20.2688615769187,1.57298177273201,0.987487084678679,0.571020758254348,0.360162472659098,0.138419463739194,0.0239638835308822,0.0868105840235392,0.0165632936985731,0.0113867898135611,0.00819212644516197,0.00896501354025622,0.0109176358712634,4999.97416935736,43.0934485991048,17.3232166618681,51.0276789630118,116.223494223291,117.30873075375,2407.49768183909,1378.92103171452,15.022697568687,0.525952277020805,0.494987384514506,0.011491284002484,0.636839603140637,0.340700096885429,2.62274038242114,0.614142609140676,1.66108917248292,0.540206471155698,1.28162184899677,1.15722760807992,0.00744743409200301,0.189147033253407,0.179275778602671,0.157263289883849,0.136036596894648,0.0953454419720317,0.0952653540127275,0.0734532118724771,0.012789639620599,0.00574777863073208,0.00315131187481393,0.00171014865095357,0.00319502585861025,4.58986194872991,0.0159984272783617
3.9,15.54,1.3528,0.2,0.0574231886892418,0.162799974363209,0.255819595126836,0.451127727622727,0.4541808378878,0.591863765071316,0.0574231886892418,0.162799974363209,0.255819595126836,0.451127727622727,0.4541808378878,0.591863765071316,0.0574231886892418,0.162799974363209,0.255819595126836,0.451127727622727,0.4541808378878,0.591863765071316,0.75,1,150.000015727529,190.810467659619,-15.6500489396938,616.176044162067,343.750228257473,5821.85834808874,-32.1758025854286,2.37473315279658,-0.618520623893345,-0.0820822914279763,2.44603624622435,-0.197122353202791,4.19955484467243,-0.30271932061452,-101.005073429852,0.303250657806479,4.89878543901677,1173.60129153213,9.99140443703784,1.45183085095303,0.888625986876366,0.643637891886262,0.520592542443496,0.400429673992293,0.326416904489116,0.0252332326705552,0.0162073876679512,0.0135882018539735,0.0126987402353921,0.0109266809707322,0.0101461373815228,4999.96750338506,43.0931840433289,17.3232166618681,33.2709801259549,123.325149918152,118.999963931261,2557.15155609862,1012.4926939733,22.8003909772385,0.477884335109958,0.416472633612462,0.0332685638212409,0.524913158232935,0.355363106394994,1.59205385322885,0.29631508803893,1.29305163007708,0.56584746822803,1.0804873899274,0.578228615489563,0.00552781386661834,0.209559786442802,0.143585254838035,0.118439004297805,0.0891341004505517,0.0762135812863262,0.0645572336561402,0.0337600532867078,0.00991104146079587,0.0048423582763077,0.00524315636550545,0.00385092099603315,0.00440216938520319,2.17212120441773,0.00830388836779475
11.94,19.06,1.3208,0.2,0.0464067349998701,0.169357290026156,0.299923206733586,0.380108232191373,0.516182830770707,0.686472344806821,0.0464067349998701,0.169357290026156,0.299923206733586,0.380108232191373,0.516182830770707,0.686472344806821,0.0464067349998701,0.169357290026156,0.299923206733586,0.380108232191373,0.516182830770707,0.686472344806821,0.75,1,150.000015727529,167.919650036455,-11.5137559306322,618.616414956775,186.3705443183,4617.28830330174,-42.3004578689719,1.45909883345485,-0.490013436515988,-0.0372078618893865,1.53555907717946,-0.105500470612436,0.408866257108635,-0.587767624630768,-101.104943235079,0.141018337662744,2.70888545963962,1173.72325799396,14.6335402562232,1.46354526611811,0.920590167690865,0.592972023747527,0.441243693365275,0.256195148422039,0.162576012494532,0.113232088808458,0.019374078333007,0.0126180094781794,0.0101265803562129,0.0102948216852411,0.0093348477241954,4999.99135506718,43.0936610769709,17.3232166618681,52.0770350442737,122.168830738626,118.299606012042,2548.09768706183,1567.93305992769,22.6588975345485,0.667946751680019,0.506317944006977,0.0279507227203908,0.754235019313956,0.365559891161875,2.43008503922424,0.494145329436173,1.63719562037698,0.580947312963961,1.5350403422296,0.795540728709953,0.00571517252373108,0.408022570355508,0.301712283387776,0.225580388282458,0.172158052848197,0.128117155827201,0.0994810658181053,0.131048383334833,0.0223631855594453,0.00972532106802981,0.00516627300041512,0.0031316411369268,0.00212235947030296,2.90237479041192,0.00874769698539829
-9.42,15.716,1.3976,0.2,0.0608658304671704,0.143947691832237,0.306346062792822,0.435148341150673,0.504310108729299,0.60882190672202,0.0608658304671704,0.143947691832237,0.306346062792822,0.435148341150673,0.504310108729299,0.60882190672202,0.0608658304671704,0.143947691832237,0.306346062792822,0.435148341150673,0.504310108729299,0.60882190672202,0.75,1,150.000015727529,191.060181231122,-15.0593361212374,616.382866368086,326.842741204041,5799.14196437871,-35.6654737006562,2.33931069680242,-0.616703124674513,-0.0791606009790647,2.41153431934174,-0.192789597510676,4.03927359887512,-0.308697514992188,-101.013393396522,0.295328291034267,4.80854546401417,1173.57681491511,10.1977918966775,1.44011488386626,0.873714644307882,0.618625799395896,0.505258993854807,0.370664482866368,0.307060274971357,0.0269017910051036,0.0155677455473388,0.0153430133319446,0.0142427169044891,0.0100956403499635,0.00610058243932923,4999.99562545568,43.0933715237996,17.3232166618681,28.8017639927167,121.813523010268,118.636798513852,2523.20551326948,871.896731718565,23.7138388459355,0.432342118605095,0.412550875829432,0.0305292318756964,0.482556003112352,0.352503093108521,1.57061754457273,0.30056084276363,1.28777760935674,0.562668188870271,1.0034272665265,0.534399877598699,0.00626654651005311,0.217952833745796,0.0855745985487043,0.0372811901850451,0.0307697136095311,0.0355360536824009,0.0417979262455015,0.0416486533296141,0.00763883525549279,0.00270504886366628,0.00310728612217429,0.00368415114274883,0.00147527794623446,2.11925242983667,0.00799455397056116
12.9,21.7,1.33744,0.2,0.0450296782886987,0.148319235607535,0.304205110773077,0.371822624391048,0.566312101612206,0.701645418915346,0.0450296782886987,0.148319235607535,0.304205110773077,0.371822624391048,0.566312101612206,0.701645418915346,0.0450296782886987,0.148319235607535,0.304205110773077,0.371822624391048,0.566312101612206,0.701645418915346,0.75,1,150.000015727529,155.961276950318,-9.68998729444849,619.693073638163,130.511877648162,3893.2521612332,-50.7747898135611,0.916135893291324,-0.363377772041454,-0.0231553458806374,0.983809915154672,-0.0588897792292468,-1.80849210059681,-0.914415758441829,-101.071137381523,0.0577091380348922,1.39419480786377,1173.70253098636,18.2097989792725,1.45128033538173,0.92516175398396,0.538836978439746,0.353790405686908,0.158873953285075,0.0571884974460993,0.14515057644412,0.0213719224641183,0.0121356046765962,0.00934839620872826,0.00784448307467973,0.0096585895219248,4999.99875013019,43.0936610769711,17.3232166618681,66.2124189515146,119.831949002406,117.630910031032,2499.81041547441,1985.4575706669,25.9303103722624,0.797841384728356,0.584721978431395,0.0210004341804656,0.919383259176198,0.364939793052599,3.83325232445009,0.708400883458917,1.94385403204437,0.579104557630017,1.86262218139352,0.828303266789468,0.0048767307824684,0.449103901894201,0.373552966326963,0.280304668401345,0.215927354818554,0.137582424125405,0.114501223694158,0.165615228567605,0.0285067766623173,0.0110616214792585,0.00482718462603572,0.00220310320867473,0.00209906994482343,3.13029526365529,0.0092635775602633
8.34,9.468,1.19664,0.2,0.0568330215273112,0.151871114924964,0.268665307245307,0.387802010863103,0.487160621336155,0.714140891710601,0.0568330215273112,0.151871114924964,0.268665307245307,0.387802010863103,0.487160621336155,0.714140891710601,0.0568330215273112,0.151871114924964,0.268665307245307,0.387802010863103,0.487160621336155,0.714140891710601,0.75,1,150.000015727529,156.620518695969,-27.0452557494011,372.804468284554,781.541299468805,5402.18945943131,-3.67892583585043,2.7854568274138,-0.303956316164983,-0.107188481408187,2.7854568274138,-0.303956316164983,3.80711530048953,-0.210819373638163,-61.588958441829,0.497659504292053,6.02785668159566,917.075325486921,3.4416698354338e-18,1.52713863139256,1.1465673679825,0.995904947401313,0.932183512134151,0.826667638787627,0.707142901781065,0.0465165220585356,0.0190208902326841,0.021075402041454,0.0266170763462139,0.0263208478283512,0.0372170794708885,1950.07384647433,21.5103707947089,17.3232166618681,3.22268938247644,123.168129900508,119.402679852983,2540.46095890076,177.753603565586,23.9529639874456,0.147047857981595,0.335110611697004,0.0121760730296269,0.147047857981595,0.335110611697004,0.712941717855379,0.370165021017704,0.640216970417246,0.53461278598457,0.3088160224271,0.212373640826867,1.38328709063419e-15,0.241899234031793,0.13775288758558,0.0978728225146234,0.0800701473969146,0.0615095769096259,0.0459278436321997,0.0537938732975477,0.0138243024895704,0.00817157447197626,0.00647583581022106,0.00690843495224827,0.00782801084719406,0.791796668034638,0.00585661992638413
-2.82,21.612,1.39376,0.2,0.0641117498577889,0.178646820548665,0.280226448151931,0.394312131277644,0.431094989473952,0.589186163758047,0.0641117498577889,0.178646820548665,0.280226448151931,0.394312131277644,0.431094989473952,0.589186163758047,0.0641117498577889,0.178646820548665,0.280226448151931,0.394312131277644,0.431094989473952,0.589186163758047,0.75,1,150.000015727529,160.553253827726,-8.92725691563379,620.359587542964,71.4262864305802,3909.81397771066,-50.8838256431621,0.836934503166336,-0.328469124051765,-0.014505630725966,0.898202808818873,-0.039666638934486,-2.21935272232059,-0.96154400182481,-101.068218935527,0.0232306312571607,1.14856098044891,1173.66670138527,18.9000062493495,1.56159556296219,0.88188117904385,0.502732329965629,0.30943452765337,0.125723404320279,0.0320557446495157,0.0516956091766483,0.0169720009374024,0.0115694011040517,0.00651677721070722,0.00977109540672848,0.0096354712009166,4999.96667013853,43.0934454744302,17.3232166618681,45.9278678708418,116.44735074305,117.474983205631,2406.09886825227,1250.27462857183,15.0498382659642,0.495611483067492,0.466083385310693,0.0114358989632788,0.590601246010661,0.337707866539215,2.31976339219283,0.557429945753666,1.56205274744876,0.536169108066654,1.19359047241455,1.04619570910868,0.00711951268989437,0.180679249803284,0.124688896462127,0.100960822385457,0.0889286836600466,0.0821445643636181,0.070125977001561,0.0487288685072128,0.00934995180259966,0.00461726160082499,0.000978232535859407,0.00137541836152857,0.00212055826784401,4.14016573798087,0.0141488504607558
5.34,18.356,1.39504,0.2,0.0583084394321377,0.153237222354745,0.321332726931038,0.32980275626083,0.574886845308778,0.586508562444778,0.0583084394321377,0.153237222354745,0.321332726931038,0.32980275626083,0.574886845308778,0.586508562444778,0.0583084394321377,0.153237222354745,0.321332726931038,0.32980275626083,0.574886845308778,0.586508562444778,0.75,1,150.000015727529,170.834827622123,-11.4527848772003,618.755452557025,176.347746178523,4686.30830121862,-44.5724570357254,1.47718350171857,-0.490919331298823,-0.0368180289553172,1.55307629413603,-0.104926078778252,0.457344296833663,-0.574689674356838,-101.104444328716,0.139635422049786,2.73735577648162,1173.71336319133,14.518350171857,1.49051005103635,0.879221883137172,0.551355702530987,0.423612748672013,0.228209898968857,0.160970097906468,0.0474200736935736,0.0159440018622956,0.0126855280699927,0.0089653202791376,0.00821844682845538,0.00976627788772004,4999.99093844391,43.0935048432454,17.3232166618681,47.5750060266021,121.502235647548,118.201644234307,2525.83738758612,1416.51710490277,19.6106867776075,0.618011921676296,0.487453106129843,0.0262536953800674,0.699954314766964,0.360004782935416,2.68718983141083,0.4834799231898,1.57605346582366,0.572939338581285,1.44025950882075,0.817846225266406,0.0057596542342005,0.264948476767983,0.196438706606845,0.150984369586408,0.126843422350962,0.0935129930912021,0.0867533889796171,0.055024990996306,0.0128002569538796,0.00672172214753132,0.00379228597061607,0.00231030120333155,0.00135714388194916,2.99280755250223,0.00928463125720126
-9.78,14.22,1.21584,0.2,0.0515215170699356,0.157881987615999,0.308487014812567,0.394903960406238,0.586099971681219,0.655233662818683,0.0515215170699356,0.157881987615999,0.308487014812567,0.394903960406238,0.586099971681219,0.655233662818683,0.0515215170699356,0.157881987615999,0.308487014812567,0.394903960406238,0.586099971681219,0.655233662818683,0.75,1,150.000015727529,219.604343297573,-25.9727396437871,610.378970940526,703.033026424331,7156.67847099261,-15.3357759415686,3.32757264868243,-0.628178478283511,-0.155523010103114,3.37119143839183,-0.320060565672013,8.01692657014894,-0.27257652084887,-100.725289032393,0.513445326071242,7.07579168836579,1173.57150296844,5.26709686490992,1.54777981460264,1.05903012186231,0.845409665659826,0.762157858556399,0.587659452140402,0.532834496406625,0.0404839740144777,0.017213271638371,0.0169234829705239,0.0174441324861993,0.0177854671388397,0.0191996062910114,4999.96156650349,43.0935694198518,17.3232166618681,22.3398698819428,124.785157344229,119.236038807237,2599.18636620249,779.762667581721,30.4064588821834,0.438895744736334,0.393841774881486,0.0428823627011639,0.46448493137294,0.363298293639798,1.53172214221825,0.244066047041027,1.16482545289945,0.580978282704292,0.975359999103789,0.494886688647584,0.00686852661627802,0.199626721065444,0.0682701734599053,0.0251138051407711,0.0234277112660145,0.0298071210114545,0.0369559615099374,0.0477904446256193,0.00820670133329545,0.00315774880857698,0.00205583085382259,0.00135135573629944,0.00104608693033152,1.58708387065012,0.0064901847501037
9.06,14.836,1.27472,0.2,0.0448329559013885,0.166351853680639,0.314481680467853,0.445801265465376,0.503650513060332,0.603466704095482,0.0448329559013885,0.166351853680639,0.314481680467853,0.445801265465376,0.503650513060332,0.603466704095482,0.0448329559013885,0.166351853680639,0.314481680467853,0.445801265465376,0.503650513060332,0.603466704095482,0.75,1,150.000015727529,204.298625143214,-20.2948761270701,613.39574002708,504.111296146235,6492.3660035413,-22.3630566759713,2.88077064889074,-0.641690813456931,-0.11773316633684,2.94013956879492,-0.257315485370274,6.26765659827102,-0.250924998710551,-100.876162899697,0.407757765342151,6.08037225289033,1173.69930215603,7.55601781064481,1.48335787938757,0.972130611394647,0.741899864597437,0.635699885428601,0.506978293927715,0.440855035933757,0.0480277380616602,0.017234855617644,0.016592674825539,0.0169732588272055,0.0148696837829393,0.0145733607957504,5000.01385272367,43.0936871159245,17.3232166618681,26.3136611815277,124.470066820732,119.172105786026,2578.91962414552,822.91388800355,26.1597400652938,0.413445010320909,0.389362104937591,0.0346270009041947,0.44491716796709,0.352977148394425,1.52116986048857,0.275665518927669,1.17085624123015,0.561837347976808,0.923829859626951,0.462205460767233,0.00356867088907869,0.29885783589471,0.185517645868176,0.134841091447266,0.103835667899387,0.0852483736871111,0.0698580224298814,0.0609955077710873,0.0143458629147113,0.00685224133275934,0.00415835174069675,0.00290358648470525,0.00516311059666114,1.36942649141559,0.00497154503398981
-4.62,21.876,1.3848,0.2,0.046308373806215,0.187936351071173,0.269093497649256,0.325659952360668,0.485181834329254,0.594541366384585,0.046308373806215,0.187936351071173,0.269093497649256,0.325659952360668,0.485181834329254,0.594541366384585,0.046308373806215,0.187936351071173,0.269093497649256,0.325659952360668,0.485181834329254,0.594541366384585,0.75,1,150.000015727529,159.721308197063,-8.98820774710967,620.460816581607,70.2670940527029,3860.29871888345,-50.9150880116655,0.797056871415478,-0.315606231173836,-0.0128391729194875,0.856487363899592,-0.0366240441412353,-2.3884602981981,-0.990895786605562,-101.062729923965,0.0174984908030414,1.0453613161754,1173.70846786793,19.1529767732535,1.56544901572753,0.8808605353609,0.500395479637538,0.316740568690762,0.114675548278304,0.0243845013472555,0.053875673778773,0.0174173619414644,0.0113376559733361,0.00639418779293824,0.0100613158004375,0.00965793156962816,4999.96479533382,43.0934090198942,17.3232166618681,43.0357355388725,115.73106123358,117.434379175846,2389.5217544751,1136.86311480292,14.8747394632318,0.446602287425142,0.448083421679243,0.0096038666216688,0.537589294816016,0.333511301487257,3.27522227933274,0.565771352560398,1.50591882765601,0.529515567816898,1.084955842145,1.15420434184916,0.00674478054711123,0.20725846969354,0.122571072816299,0.0883179667120317,0.0804522479153622,0.0723146116048463,0.0667488690954021,0.0576986144753529,0.00973526418218866,0.00415463232737817,0.000874384855341726,0.00120737389733588,0.00226479206298193,4.47213712920096,0.0151819615377273
-12.3,8.148,1.15824,0.2,0.0600789409179296,0.193400780790296,0.313625299659955,0.38484286522013,0.460117198908504,0.664159000529579,0.0600789409179296,0.193400780790296,0.313625299659955,0.38484286522013,0.460117198908504,0.664159000529579,0.0600789409179296,0.193400780790296,0.313625299659955,0.38484286522013,0.460117198908504,0.664159000529579,0.75,1,150.000015727529,122.174638058536,-20.6346386136861,304.918612644516,587.867656108739,4238.77064889074,-6.79035214769295,2.2305456723258,-0.238463982928862,-0.0701670825955629,2.2305456723258,-0.238463982928862,2.07969285491095,-0.134876574642329,-49.949470888449,0.392789834242267,4.86754983855849,825.43003853765,-9.99201078012708e-18,1.40948953234038,1.03128204353713,0.906468899073015,0.876967399229249,0.80023696489949,0.706078346005623,0.0205098398908447,0.0185696291011353,0.0188313723570462,0.0232476846161858,0.0213541599833351,0.0309825913967295,1224.35287990834,15.0045349442765,17.3232166618681,5.09482165993952,122.879724010004,120.164546683184,2548.12098131193,297.428185479435,18.8425829198522,0.235999150824453,0.343258027812124,0.0153963531463335,0.235999150824453,0.343258027812124,0.548184086130236,0.132742230442453,0.532235078085932,0.548869108076684,0.49930145666244,0.194646283288507,1.37173943040103e-15,0.167812062910045,0.0489484862554352,0.016416724555513,0.0237100089535841,0.0308039028424788,0.0323248966357824,0.0321047371365262,0.00645638765555274,0.00289999938839476,0.00268807391602662,0.00380748280870306,0.00590561469181068,0.96600783244616,0.00951615143560296
0.18,23.724,1.15184,0.2,0.0588002454004132,0.180286149464402,0.249396739067601,0.386026523477319,0.439669733170524,0.758767580265085,0.0588002454004132,0.180286149464402,0.249396739067601,0.386026523477319,0.439669733170524,0.758767580265085,0.0588002454004132,0.180286149464402,0.249396739067601,0.386026523477319,0.439669733170524,0.758767580265085,0.75,1,150.000015727529,148.397672117488,-8.20682535131757,620.553983960005,94.0699742110196,3506.96000416623,-42.1482189355275,0.655106023728778,-0.289140465077596,-0.0118678880949901,0.715110878348089,-0.0372361545984793,-2.83250996521196,-1.15957061816477,-101.045476512863,0.0197019975627539,0.770077542143527,1173.77491927924,20.8346661806061,1.58000041662327,0.952473961045725,0.543593406936777,0.320138324132903,0.121683113733986,-0.00521243163420477,0.0757820524809915,0.0175668228309551,0.0112215527549214,0.00735071409228205,0.00890571128007499,0.0115951157171128,4999.96156650349,43.0934715133843,17.3232166618681,51.156171560795,115.5244319939,117.180450112438,2392.82072260843,1374.72077674892,14.498247166841,0.521520402887987,0.495324061125058,0.00915924242595077,0.634561642447228,0.338615590475281,2.76474738445857,0.631032835195441,1.6647087784903,0.536959289030924,1.27833691913273,1.40002234217446,0.00824592771238047,0.18469154916552,0.166223320418854,0.146173100478173,0.124474149793464,0.0963803694094468,0.0929609750086387,0.0657544211248661,0.0118249080390348,0.00538876758952447,0.00208727988685292,0.00177709423162939,0.00430776299727256,5.33226048492992,0.0183887263326335
-8.1,12.02,1.3144,0.2,0.0541772692986234,0.157608766130043,0.312340728448108,0.367087991362291,0.433073776480853,0.675761939553745,0.0541772692986234,0.157608766130043,0.312340728448108,0.367087991362291,0.433073776480853,0.675761939553745,0.0541772692986234,0.157608766130043,0.312340728448108,0.367087991362291,0.433073776480853,0.675761939553745,0.75,1,150.000015727529,262.561066555567,-40.2527052609103,572.965472346631,1219.64640589522,9036.52515362983,-1.93848487345068,4.61309092802833,-0.494701633864181,-0.292950661389438,4.61309092802833,-0.494701633864181,12.4622487240912,-0.546667976252474,-96.0235881678991,0.808061270511509,9.94327455473387,1149.61868555359,-1.74244872617436e-17,1.56894479741694,1.16391615456723,0.98848575148422,0.949103312154985,0.855539995833766,0.72517058639725,0.0351481898989167,0.0187051985001563,0.0242175795229663,0.0269101822726799,0.0248944547442975,0.0358477356525362,4369.81408186647,38.4503937089885,17.3232166618681,15.1054569564228,125.503638649822,120.830006113997,2622.74642817994,668.413204457595,39.5754939588897,0.43474033984138,0.36448507813992,0.0563344823338507,0.43474033984138,0.36448507813992,1.49017997724712,0.191961319894513,0.964171389048643,0.583817469801885,0.928217871350891,0.485734818308643,1.28945592538819e-15,0.141013454124151,0.04042802697442,0.0212687116901483,0.0256474971867657,0.0281633207115209,0.0280273547434737,0.0352167018266617,0.00706023963837659,0.00364823486222467,0.00307175356035005,0.00357378353678135,0.00503566995266732,6.22320201721335,0.0495030636467992
-8.34,3.572,1.34768,0.2,0.0439477051584925,0.183838028781831,0.293500350674351,0.331578243646614,0.540587870522489,0.722173695650408,0.0439477051584925,0.183838028781831,0.293500350674351,0.331578243646614,0.540587870522489,0.722173695650408,0.0439477051584925,0.183838028781831,0.293500350674351,0.331578243646614,0.540587870522489,0.722173695650408,0.75,1,150.000015727529,54.2493104884908,-1.57070909905218,208.105174460994,42.4920563618374,1834.30215602541,-18.5306091032184,1.00424867201333,-0.0731902138891782,-0.0153348328299135,1.00424867201333,-0.0731902138891782,-0.145669292646599,-0.0344783964283929,-34.1375377564837,0.12496905795063,2.24758941776898,681.979085511921,6.18396270388501e-18,0.358703822518488,0.275550442662222,0.301043682949693,0.363443485053641,0.35943234038121,0.395335183835017,0.0120267102385168,0.00793738943860015,0.00600104197479429,0.00625140724924487,0.00790658702218519,0.0187173471513384,77.9870336423287,1.15676054577649,17.3232166618681,3.43179458695073,122.147271961921,120.128741212437,2522.00869156953,66.7454402666784,8.15165190118673,0.104951291989014,0.334665807170711,0.00341804597499148,0.104951291989014,0.334665807170711,0.16047413158218,0.0496129731360639,0.364457443869662,0.534534136219056,0.177391958751437,0.0406719226385515,8.84727812686867e-16,0.0201624211346711,0.0133731156017504,0.0157773795728083,0.0217203134928605,0.023472730783808,0.0240721502183638,0.00138887190111119,0.000444798281397623,0.000326501929882658,0.000365110411618791,0.00265451072185674,0.00296000463703087,0.126393613916642,0.0018687254663978
-4.26,4.54,1.13776,0.2,0.0558494095907601,0.130559839020386,0.28964663703881,0.428638220736132,0.465393964260241,0.658803797903041,0.0558494095907601,0.130559839020386,0.28964663703881,0.428638220736132,0.465393964260241,0.658803797903041,0.0558494095907601,0.130559839020386,0.28964663703881,0.428638220736132,0.465393964260241,0.658803797903041,0.75,1,150.000015727529,62.9551921674826,-1.94315607540882,223.773284032913,68.8204500572857,2134.23862097698,-13.1998540464535,1.14836752421623,-0.0882147899427143,-0.019530639516717,1.14836752421623,-0.0882147899427143,0.039924242049474,-0.0440769507060723,-35.8739485470262,0.149024940703052,2.54914092282054,699.260691594632,-4.19683717216957e-18,0.635903301739403,0.486711155088012,0.470622851786273,0.507894583897511,0.500917269034476,0.504346307676284,0.0121353633996459,0.0136326678470993,0.0127065959795855,0.013802223830851,0.0150546672221644,0.0192403843349651,195.240266638892,2.82444005832728,17.3232166618681,2.52015682114665,121.198253886091,121.096257524384,2504.69475355321,68.6481384180574,9.42427783236491,0.107281545532679,0.332010965481245,0.00397882901892116,0.107281545532679,0.332010965481245,0.221031322315509,0.0525736329616255,0.386149475940318,0.530164596867057,0.200429584042684,0.0488460675358106,1.01325007507946e-15,0.0353891512409625,0.0274383833101743,0.0287723452408408,0.0317255661204458,0.0361363747328466,0.0330630726346238,0.003827549784173,0.00164999938319952,0.00241036064585876,0.0031779084472926,0.000965324284986593,0.000673538841508969,0.202194449881699,0.00277341834744251
-4.38,17.564,1.29008,0.2,0.059488773755999,0.14722634966371,0.284508352191421,0.425087245964564,0.570269675626008,0.632027784770351,0.059488773755999,0.14722634966371,0.284508352191421,0.425087245964564,0.570269675626008,0.632027784770351,0.059488773755999,0.14722634966371,0.284508352191421,0.425087245964564,0.570269675626008,0.632027784770351,0.75,1,150.000015727529,173.827705447349,-12.5100193938131,618.964503697532,235.44596374336,4968.03249661494,-36.2261568586606,1.74714201645662,-0.541439049784919,-0.0459767046141027,1.82401467555463,-0.136467254754713,1.62745263640246,-0.476038929330277,-101.090821789397,0.196465623539215,3.41971430059369,1173.67211748776,12.9395979585458,1.53019414644308,0.91063771482137,0.607431496719092,0.460420976981564,0.290331882095615,0.221957723153838,0.0338314719940632,0.0157832577856473,0.014614077491928,0.0104463693365274,0.00695358983439225,0.00863512915321321,4999.99354233934,43.0934506822207,17.3232166618681,34.6438297932676,120.731418054682,118.348987120217,2499.9939948066,985.648681910646,18.7823012345005,0.444341242155471,0.427490200340979,0.0233394991380275,0.508191990959353,0.349174132726552,1.59408335988326,0.357049987103083,1.37650155951305,0.556083241761041,1.04435606891512,0.67806601905359,0.00663362740125609,0.167930080970918,0.0903247226870128,0.0692547375450711,0.0610006960131364,0.0557878642258729,0.0585394161457938,0.0363868095408682,0.00776818472080579,0.00342638600925393,0.00451655282747451,0.0016397438233217,0.00151689906806376,2.52404271509191,0.00934622750338076
-10.5,9.996,1.25424,0.2,0.0596854961433092,0.192034673360515,0.260529689570276,0.402597739077968,0.427137415460149,0.595433900155674,0.0596854961433092,0.192034673360515,0.260529689570276,0.402597739077968,0.427137415460149,0.595433900155674,0.0596854961433092,0.192034673360515,0.260529689570276,0.402597739077968,0.427137415460149,0.595433900155674,0.75,1,150.000015727529,188.713654827622,-21.6121205248412,436.663326736799,719.067197062806,6598.21768565774,-4.88532265378606,3.47338443912092,-0.347254191155088,-0.168241881054057,3.47338443912092,-0.347254191155088,6.5073294448495,-0.316952804499531,-73.0728903239245,0.57347823829601,7.58954827622123,999.899645870217,1.52330425372357e-17,1.45795865014061,1.06506186855536,0.949377960629101,0.885176971148839,0.824466638891784,0.74285993125716,0.0212506493592751,0.0185449290698886,0.0176068212686179,0.0253716519112593,0.020866712425789,0.0282001603999584,2528.34340172899,25.5762399750031,17.3232166618681,10.2153822934465,124.425693968168,120.142847753789,2591.12395572508,499.646468248318,29.4655127952548,0.354059054636841,0.355567301430646,0.0351593942069959,0.354059054636841,0.355567301430646,0.990460250388989,0.156865763561182,0.757309580955772,0.569461276698212,0.762238798695574,0.130431493815855,1.28158170802809e-15,0.152310047882089,0.0436019677141963,0.0169891215085478,0.0235341461991954,0.030219025058102,0.0334709940588406,0.0309363867458004,0.00630956852771297,0.00296004226826692,0.0027767450519277,0.00372409433471481,0.00534701213834441,0.998686872198278,0.0060265307321903
0.42,5.508,1.1864,0.2,0.0413903141234598,0.151051450467096,0.301207777945433,0.396679447792022,0.56763129295014,0.564195218167536,0.0413903141234598,0.151051450467096,0.301207777945433,0.396679447792022,0.56763129295014,0.564195218167536,0.0413903141234598,0.151051450467096,0.301207777945433,0.396679447792022,0.56763129295014,0.564195218167536,0.75,1,150.000015727529,80.5356775335902,-10.7217197114884,244.830786376419,287.148381106135,2785.45672325799,-12.146695611655,1.51527705447349,-0.144551129771899,-0.0331933444432872,1.51527705447349,-0.144551129771899,0.602054747411727,-0.0655147498665764,-39.3381522758045,0.241931400182273,3.3641918550151,732.297500260379,6.1288023330903e-18,0.873170565566086,0.663588699093844,0.622041558171024,0.640219747942922,0.578696094156858,0.609905291115509,0.0120557971851578,0.0147801517550256,0.0150482863243412,0.0155760264555775,0.0173058087699198,0.01750841683158,435.351598791793,6.0138423080929,17.3232166618681,1.94454620396069,122.487944477735,119.866326814829,2530.85814741215,105.607240256702,12.607735292598,0.124634792759311,0.335168942808011,0.00589806985474491,0.124634792759311,0.335168942808011,0.303257832846459,0.0649671135715756,0.416943818828945,0.535130955132461,0.253064031876293,0.113210720859976,1.21588059614368e-15,0.0668211753658513,0.0510727091832603,0.0477332653030203,0.0464272263599509,0.0420663106787106,0.0427187071033817,0.00770767838042161,0.00324751002464922,0.00230503515573096,0.00179924346107376,0.00119801981345354,0.000894463231487653,0.458436877532635,0.00579091650824681
-6.18,22.228,1.31056,0.2,0.0618494424037215,0.183018364323963,0.324330059758681,0.43869931592224,0.509586874081036,0.705215553999705,0.0618494424037215,0.183018364323963,0.324330059758681,0.43869931592224,0.509586874081036,0.705215553999705,0.0618494424037215,0.183018364323963,0.324330059758681,0.43869931592224,0.509586874081036,0.705215553999705,0.75,1,150.000015727529,157.011658160608,-8.75617443453807,620.469878137694,83.8306606291011,3814.09686490991,-48.0481928965732,0.81404690761379,-0.329213445345068,-0.0123294690136444,0.877045800861369,-0.0429707220810333,-2.25803440284345,-0.9968867068847,-101.072298718883,0.029798577366941,1.12701367175294,1173.7125299448,19.214324549526,1.56253140297885,0.912243620456203,0.521662930944694,0.314497677325279,0.123916701686283,0.0296256076700344,0.0736969933413187,0.0174765759816686,0.0134349828142902,0.00661903062181023,0.0102014659931257,0.00964238548067909,4999.9677116967,43.0933361108223,17.3232166618681,40.0842757330338,115.629614039586,117.406163332307,2383.49507230277,998.519506773843,14.7952377323568,0.379143589278341,0.42672914957112,0.00869331998398693,0.465652623710529,0.330171554161221,3.11779286371097,0.561838319153201,1.44094330963819,0.523900834685668,0.930221895056844,1.09964874352191,0.00632492344878448,0.228037604899116,0.13247676796005,0.0791874594955982,0.0674558714072612,0.0691623799508117,0.0600712321166277,0.0772137213793834,0.0109911825261719,0.00374786025536801,0.000913422958630816,0.00132794199190682,0.00251808081665415,4.25788472799265,0.0147572170563327
-12.78,20.908,1.32336,0.2,0.0621445259846868,0.163073195849166,0.321760917334987,0.324476294103479,0.466713155598175,0.610606974264199,0.0621445259846868,0.163073195849166,0.321760917334987,0.324476294103479,0.466713155598175,0.610606974264199,0.0621445259846868,0.163073195849166,0.321760917334987,0.324476294103479,0.466713155598175,0.610606974264199,0.75,1,150.000015727529,165.895906676388,-9.02896489948964,619.647911675866,81.7035699302156,4334.54785959796,-44.2288074158942,1.17228482449745,-0.424235080274971,-0.0210425884803666,1.2449886678471,-0.0650441121501927,-0.834499919024061,-0.744359660014582,-101.109080304135,0.0694772372669513,1.97825840016665,1173.70180189564,16.9043005936888,1.50196292052911,0.926421976877409,0.556402260181231,0.393105228622018,0.194355608790751,0.0949760613259035,0.111102180412457,0.0175351445976669,0.0145481626913863,0.0062265663993334,0.00943378241849807,0.0108302651807103,4999.97823143423,43.093762108114,17.3232166618681,32.1941686767126,116.813349239546,117.587484825408,2399.95422335166,771.160300716996,19.4904002226227,0.320747923895419,0.401472525154252,0.0113702868594488,0.39385959253519,0.330047585708142,2.54120583098113,0.440961785568998,1.32773612067864,0.5249999421105,0.806314795019409,0.942141776928442,0.00552011932442024,0.346361845172987,0.197201654564053,0.0909219997219195,0.0430410860611733,0.0376886824693803,0.050476649516147,0.130530801005377,0.0163776747237789,0.00518935850824266,0.0010521773115743,0.000592740655984998,0.00113362651830539,3.57454033131295,0.0109082950801398
3.3,9.116,1.29264,0.2,0.058603523013103,0.135477825767597,0.310627966832312,0.382475548705751,0.514204043763806,0.599896569011123,0.058603523013103,0.135477825767597,0.310627966832312,0.382475548705751,0.514204043763806,0.599896569011123,0.058603523013103,0.135477825767597,0.310627966832312,0.382475548705751,0.514204043763806,0.599896569011123,0.75,1,150.000015727529,167.012592438288,-18.7263358948234,387.446234767212,622.227749994792,5837.04520362462,-4.81269746276429,3.08806749296948,-0.305836878306426,-0.132645127590876,3.08806749296948,-0.305836878306426,4.75826101447766,-0.24853594371628,-63.5863743360067,0.506266970607228,6.76710373919384,932.449630246857,4.47357848140823e-19,1.43223185084887,1.07249815644204,0.920894948442871,0.887844172482034,0.780440027080512,0.738882283095511,0.0196585729996875,0.0163820834975523,0.0201293494427664,0.0237591855015102,0.0244730809290699,0.0282204176648266,2049.78002291428,22.2375867097179,17.3232166618681,4.84553539755725,123.621669691743,119.55697812061,2554.60897605805,272.178043823804,26.3456890107926,0.20879953909805,0.339763718558151,0.0187000378466326,0.20879953909805,0.339763718558151,0.790830046790088,0.295452988700258,0.656707530240537,0.542483178861781,0.449424358517343,0.25421471964666,1.35190835148812e-15,0.142309383438284,0.0952162168311816,0.0695591551194913,0.0616334605893064,0.0494083336927176,0.042854105910289,0.0245909590426543,0.00858859176634636,0.00555638827003263,0.00503406331934649,0.00598823560257003,0.00647306641838224,0.928002356933885,0.0067960164814881
-5.22,3.22,1.27216,0.2,0.0454231230633191,0.149412121551359,0.285364732999319,0.415026150778456,0.449563668205031,0.584723494902598,0.0454231230633191,0.149412121551359,0.285364732999319,0.415026150778456,0.449563668205031,0.584723494902598,0.0454231230633191,0.149412121551359,0.285364732999319,0.415026150778456,0.449563668205031,0.584723494902598,0.75,1,150.000015727529,49.0885407770024,-0.813153845849404,206.470761379023,23.3227995833767,1647.52525778565,-17.9200474950526,0.913575804603686,-0.0645315903541298,-0.0129398778252265,0.913575804603686,-0.0645315903541298,-0.254910874460994,-0.0311896312390376,-33.6710394750545,0.111199177446415,2.05946818039788,677.358285595249,-1.27339165638996e-17,0.270832225809812,0.210965264034996,0.245883428809499,0.307644047495053,0.327509676075409,0.389943537131549,0.0120160163524633,0.00811826757629414,0.00600148182480991,0.00667273617331528,0.00669186938860536,0.013666976669097,47.53947609624,0.709966972190398,17.3232166618681,3.77213744469849,122.405869946437,119.852049609149,2527.21002889419,54.8251540172892,7.4238405687377,0.0892166911288474,0.334555372983924,0.00275791734979512,0.0892166911288474,0.334555372983924,0.134381038179818,0.0468594041135772,0.357355306680048,0.534250278522884,0.135253987360013,0.0493112783940728,9.15008791340759e-16,0.0180613997627262,0.0167817951511566,0.0163711451999763,0.0171193541250172,0.0186413079361976,0.020172218833189,0.000841334561650953,0.000300412736150287,0.000229527041589155,0.000252799762807899,0.000511470600349834,0.00419901227275501,0.123993222581958,0.00183084215826962
-7.62,18.884,1.17744,0.2,0.0507346275206947,0.169903732998069,0.265239784013715,0.340455680575534,0.440988924508458,0.549914677830101,0.0507346275206947,0.169903732998069,0.265239784013715,0.340455680575534,0.440988924508458,0.549914677830101,0.0507346275206947,0.169903732998069,0.265239784013715,0.340455680575534,0.440988924508458,0.549914677830101,0.75,1,150.000015727529,167.44068326216,-11.2650519925008,618.616998229351,192.569653254869,4708.89782314342,-32.2091449848974,1.57384938027289,-0.52144941961254,-0.0378254400583272,1.65382228934486,-0.117377564132903,0.926595821882097,-0.549863184366212,-101.111094677638,0.163301372742423,3.01619029267784,1173.68597021144,14.2716779502134,1.56205457764816,0.943492032079991,0.619429653161129,0.473768534527653,0.292450682220602,0.201525576502448,0.059064464081554,0.0170108558483491,0.0138842537235705,0.00926979272992395,0.00745840756171232,0.00929930278096032,4999.97437766899,43.093391313405,17.3232166618681,34.5583303830847,119.796747848062,117.899954386604,2475.35325548028,940.209674906597,18.0505992586701,0.415857753945436,0.427141553544561,0.0199190237081596,0.486112427739853,0.345079889848506,1.62153803062307,0.382764956767664,1.37467818184453,0.549466720442773,0.999922062657431,0.737266925563056,0.0064069316471514,0.228617813674489,0.108860072139868,0.0603611615677397,0.0499229868817554,0.0520616097343164,0.0599332141860439,0.0653096614991697,0.0099142867709122,0.00339010589476214,0.00357291677592127,0.00119393937347002,0.00107913728094559,2.86973606703377,0.0100942374007093
0.300000000000001,10.172,1.33616,0.2,0.0745970277125536,0.17917991976503,0.318826892497099,0.471301228539487,0.67065455652182,0.865378552007338,0.0745970277125536,0.17917991976503,0.318826892497099,0.471301228539487,0.67065455652182,0.865378552007338,0.0745970277125536,0.17917991976503,0.318826892497099,0.471301228539487,0.67065455652182,0.865378552007338,1,1,150.000015727529,186.7280179148,-25.6385618185606,429.086022289345,760.953229611499,6357.09394854703,-4.3185907770024,3.18707749192793,-0.324878888118946,-0.139236578481408,3.18707749192793,-0.324878888118946,5.38955765024476,-0.272792105343193,-70.819384439121,0.529122153879803,6.83343026768046,984.043745443178,1.50600558900114e-17,1.55531580043746,1.15035713988126,0.985348036662847,0.901296417039891,0.740381845641079,0.630609957296115,0.035934836195188,0.0200846796531611,0.0245453265284866,0.0323511123841266,0.0369493063222581,0.0467871898760545,2409.26413915217,24.7661389438595,17.3232166618681,6.37362406050741,122.846666383434,120.553356342478,2541.54662565129,324.525947739289,27.2273855546329,0.22970871871287,0.339829277121585,0.020940617673115,0.22970871871287,0.339829277121585,0.927239708890755,0.129688080898828,0.734016267845611,0.542691983190614,0.481512214232002,0.212585010903268,1.33537774707136e-15,0.124792990460316,0.074613353301831,0.0597731437268333,0.0511361822904721,0.0374290979242966,0.0301462572097863,0.0276516102200815,0.00852649456775811,0.00604131749828949,0.00488606017708944,0.00586181966717057,0.00640567342919912,0.904395695460761,0.00549593267117698
-13.62,10.612,1.15312,0.2,0.0550559372397396,0.187923007315626,0.421021668906267,0.436580586328603,0.624043129248145,0.859670957140033,0.0550559372397396,0.187923007315626,0.421021668906267,0.436580586328603,0.624043129248145,0.859670957140033,0.0550559372397396,0.187923007315626,0.421021668906267,0.436580586328603,0.624043129248145,0.859670957140033,1,1,150.000015727529,161.586928444953,-20.8054907499219,385.137006561817,650.459151442558,5490.54046453494,-0.534223196021248,2.74439245911884,-0.281391256098323,-0.104242297677325,2.74439245911884,-0.281391256098323,3.80844859910426,-0.217682018096032,-64.4597208624101,0.457611566689928,5.87242193521509,937.877741901889,1.10449894386001e-17,1.57083366316009,1.24374523487137,1.00778679304239,0.978298323091344,0.803356379543799,0.659094156858661,0.101055427969587,0.026746316633684,0.0378143307988751,0.0351786428497031,0.0397668826163941,0.0510932361212374,2085.7685657744,22.4972429955212,17.3232166618681,9.19571961974609,124.758581860353,119.557551684311,2592.7267794275,447.842912206382,23.9692299234949,0.304211356285608,0.351629256943795,0.0237019178648085,0.304211356285608,0.351629256943795,0.81488868238268,0.254139741794513,0.683101250114083,0.562177562044689,0.642068183176805,0.251444461319838,1.40834293631994e-15,0.241698117355804,0.070728346837047,0.0209103160479408,0.0178742010981195,0.0220853853726304,0.0248673321142245,0.100482950717742,0.0128133824423328,0.00421648494657901,0.00289395690434415,0.00283378393592216,0.00404475279881376,0.941062849406298,0.00675711115733624
-11.22,13.868,1.34256,0.2,0.0609576088590459,0.223988243461834,0.308550322802322,0.453151801929252,0.619645824788365,0.919029943760007,0.0609576088590459,0.223988243461834,0.308550322802322,0.453151801929252,0.619645824788365,0.919029943760007,0.0609576088590459,0.223988243461834,0.308550322802322,0.453151801929252,0.619645824788365,0.919029943760007,1,1,150.000015727529,233.507634621394,-29.4587794958858,609.078783460056,797.038953213207,7580.6096239975,-18.7268574767212,3.45210571815436,-0.597447336735756,-0.164665382772628,3.48688469951046,-0.339987351839704,8.29317654411,-0.288941997885637,-100.702364337049,0.540061976357671,7.22022560149984,1173.70180189564,4.24974856785752,1.54261087386731,1.04907428392876,0.873028996979482,0.770391323820436,0.614665399437559,0.468911530048953,0.0463155434756796,0.020456292157067,0.0173873196542027,0.0207330173940214,0.0189296271221748,0.0255030642641391,5000.04884907822,43.0926768044993,17.3232166618681,21.7593003352931,125.146131879947,119.401872511224,2608.77079289862,787.273058362876,32.1163167899532,0.440152136777737,0.388286717213769,0.0437351759459447,0.460313050334855,0.364162772412531,1.57871624633216,0.249396006560326,1.14513403189089,0.582087313754401,0.955899149434881,0.61400824736638,0.0282716492319159,0.215956770901987,0.0693434860109906,0.0221719786255293,0.0186697432005478,0.0273749205206098,0.0291995526036351,0.0535387843215065,0.00863468588981564,0.00325635870806996,0.00216459133186111,0.00144544152946922,0.00121171569347235,1.64177526445952,0.0148457560025655
-14.22,11.404,1.22608,0.2,0.0776134376513102,0.220345290315753,0.326248859498882,0.532062352408535,0.630199355491838,0.935011209388462,0.0776134376513102,0.220345290315753,0.326248859498882,0.532062352408535,0.630199355491838,0.935011209388462,0.0776134376513102,0.220345290315753,0.326248859498882,0.532062352408535,0.630199355491838,0.935011209388462,1,1,150.000015727529,190.40121862306,-31.4111350796791,447.223507967919,892.5537841579,6421.35767107593,-2.40847478304343,3.15177366940944,-0.33930119344235,-0.136497466930528,3.15177366940944,-0.33930119344235,5.47401656077492,-0.281153217937715,-74.6553327778357,0.548329313513177,6.68629007395064,1010,-7.22763979897928e-18,1.58342828871993,1.21809217789813,1.05143516300385,0.921198739714612,0.796423841266533,0.613446963857932,0.113807866295282,0.028929080304135,0.0309843412144568,0.0406581699822935,0.0397352629934382,0.0550423518383502,2605.00104155817,26.0909019893752,17.3232166618681,12.2717911443197,124.921127633405,120.18390110934,2599.66281017556,556.946293954581,27.5521303084055,0.356357605559305,0.354894630402174,0.0314404366892047,0.356357605559305,0.354894630402174,1.07833124888871,0.165579644518022,0.779293534353312,0.567502259757058,0.751040022592564,0,1.27754671719787e-15,0.221462179069019,0.0723337903853841,0.0248094065850239,0.0166626159496795,0.0223692154364684,0.0231722909105099,0.103026630042149,0.0131211785610575,0.00442334416357058,0.00287558994937323,0.0028941769872334,0.00417535745844356,1.1139265004375,0.00693262795893335
13.74,17.388,1.11856,0.2,0.0810232923646871,0.182458577596503,0.297702832568947,0.543109829475634,0.639873425303356,0.908756272998858,0.0810232923646871,0.182458577596503,0.297702832568947,0.543109829475634,0.639873425303356,0.908756272998858,0.0810232923646871,0.182458577596503,0.297702832568947,0.543109829475634,0.639873425303356,0.908756272998858,1,1,150.000015727529,182.976929486512,-17.6824030486407,617.044432871575,421.421132277888,5494.38204353713,-23.6409347311738,2.15504843245495,-0.56928141235288,-0.0667002176856577,2.22053536089991,-0.193733195604624,3.2652309331528,-0.352509622227893,-101.049553171545,0.294189221549839,4.35794375585877,1173.60754088116,9.81117768982397,1.52455299447974,1.08346545151547,0.80723683991251,0.616435267159671,0.456176669096968,0.32425706697219,0.176177064955838,0.0279406600017706,0.0188879599000104,0.0195515611915426,0.0142973893344443,0.0147536338923029,5000.01687324237,43.0936767003436,17.3232166618681,30.2667323556348,123.149200261809,118.471637166937,2557.36918146352,879.396838905811,21.7355172158753,0.396905266625282,0.400116286659715,0.0251413995161306,0.440482211644827,0.351563389678109,1.54748694182383,0.376858720130131,1.25856753821168,0.558538071288632,0.885776622849275,0.582488737391496,0.00639676725939471,0.391584105708308,0.280228438761402,0.199803806885166,0.14038400670072,0.112420729022479,0.0777423685181582,0.18055499931405,0.0297595633165542,0.0114274044617696,0.00875463073455212,0.00619001818746207,0.00898560547256308,2.30559253353699,0.00891284465127731
-9.66,10.964,1.33872,0.2,0.0726298038394516,0.212695088708981,0.438720205602827,0.551789990028355,0.595020919813593,0.922454500680391,0.0726298038394516,0.212695088708981,0.438720205602827,0.551789990028355,0.595020919813593,0.922454500680391,0.0726298038394516,0.212695088708981,0.438720205602827,0.551789990028355,0.595020919813593,0.922454500680391,1,1,150.000015727529,201.937704405791,-26.2050503760025,466.84111030101,785.521687407562,6847.5809811478,-3.70621413394438,3.39705572336215,-0.342179413181544,-0.158241089469847,3.39705572336215,-0.342179413181544,6.40620664514114,-0.315469193200708,-76.7538225184876,0.555305129236538,7.24560368711591,1024.97656494115,1.37621920789501e-17,1.59515071346735,1.17024403707947,0.951399062597646,0.877183470471826,0.790608821997708,0.605061254036037,0.0587332449744818,0.0234884465159879,0.034699159462556,0.0388985741068638,0.0351025736902406,0.0515743943339235,2722.15696281637,26.8671773773571,17.3232166618681,11.0883621001044,124.616129875695,119.945607309697,2590.32163100957,514.253471598147,29.5101476444589,0.336974823674435,0.352702048299984,0.0323070943902099,0.336974823674435,0.352702048299984,1.11944788046832,0.154689376512941,0.789393762219062,0.56395715637791,0.711618848195603,0.151288601051932,1.24305261027733e-15,0.173896476901971,0.0451984527080331,0.0192935808937719,0.0224981404943735,0.0253780398482477,0.022976413192168,0.0521025705804783,0.00814679920810408,0.00357893510577377,0.00315257288739959,0.00372118879840102,0.00492560418780288,1.18684003747543,0.00694102332724505
-12.18,9.204,1.1544,0.2,0.0583346436949098,0.20504488710221,0.390191959821937,0.5139129257983,0.57303439751469,0.981813487300366,0.0583346436949098,0.20504488710221,0.390191959821937,0.5139129257983,0.57303439751469,0.981813487300366,0.0583346436949098,0.20504488710221,0.390191959821937,0.5139129257983,0.57303439751469,0.981813487300366,1,1,150.000015727529,126.707874179773,-10.8985501197792,312.443526715967,374.256389959379,4255.76252473701,-1.80009826091032,2.08578991771691,-0.195802330435788,-0.060194153733986,2.08578991771691,-0.195802330435788,1.75906636808666,-0.132233538760546,-51.365164045412,0.316893848838663,4.42903249661494,836.817498177274,-4.11605333486096e-18,1.60567492969483,1.20668180397875,0.999760858243929,0.916772554942193,0.817577096135821,0.581052400791585,0.0832682768777627,0.0255739345901469,0.033704866159775,0.0383509551088429,0.0357180085407769,0.0567330194771377,1332.14769294865,16.1036704509945,17.3232166618681,5.44068455320661,122.253113323735,120.800127198895,2531.81965134956,300.203959236536,18.0986840356632,0.217092572243587,0.338959234257354,0.0130486196905278,0.217092572243587,0.338959234257354,0.602698594632426,0.126155059949246,0.550562758176093,0.541372195103184,0.449418703004811,0.219900618229508,1.33791617919176e-15,0.205952533582674,0.0639934672049576,0.0200760605015859,0.0202930865645258,0.025123213314251,0.0218940182259756,0.0790784887487086,0.010925922398613,0.00378165329878204,0.00299388406696419,0.00331978236804419,0.00452149728110701,1.17262931939709,0.0108169105019411
13.14,4.1,1.28624,0.2,0.0794495132662054,0.212330793394373,0.414741542981681,0.53916430195167,0.674172400089645,1,0.0794495132662054,0.212330793394373,0.414741542981681,0.53916430195167,0.674172400089645,1,0.0794495132662054,0.212330793394373,0.414741542981681,0.53916430195167,0.674172400089645,1,1,1,150.000015727529,56.3146109780231,-3.73952659410478,211.469364649516,90.1455099260494,1866.97219039683,-17.3643805853557,0.974237548172065,-0.0773857532475783,-0.0142106061868555,0.974237548172065,-0.0773857532475783,-0.214488058130924,-0.0329911519050099,-34.6409405270284,0.129065971162379,2.13592948651182,687.009071971672,9.14343517341944e-18,0.504723164253723,0.3750701593584,0.383737537756483,0.419181793563171,0.403161160295803,0.369775325486928,0.0121351462347672,0.0126687322153942,0.00805213946463909,0.00982087949171962,0.0153158655348401,0.0253565097385689,111.487386730549,1.64159483387146,17.3232166618681,2.88056450941772,122.834034442398,119.367202132714,2532.54856713056,32.2455965579604,8.45060762620147,0.0570032360684863,0.331949335665108,0.00210389203501492,0.0570032360684863,0.331949335665108,0.176299274758303,0.0520244724878567,0.362282291958583,0.529492892899882,0.0977602185954494,0.0635247911478218,1.05823833139198e-15,0.0938513748169313,0.0639457465687517,0.0521380872573342,0.051421693376834,0.0457634800571945,0.0322628618483645,0.00555834378422324,0.00405805711730952,0.00327313237546519,0.00514883371987826,0.00554076563823581,0.00236249799694226,0.197969519189369,0.00283908552912189
-8.82,14.044,1.18,0.2,0.0789249202333782,0.229452673180957,0.325677938960283,0.527327719379778,0.575672780190559,0.928162095547696,0.0789249202333782,0.229452673180957,0.325677938960283,0.527327719379778,0.575672780190559,0.928162095547696,0.0789249202333782,0.229452673180957,0.325677938960283,0.527327719379778,0.575672780190559,0.928162095547696,1,1,150.000015727529,254.255796271221,-42.8161087792938,583.643110092699,1275.54135683783,8476.62576814915,7.72106781264451,4.07324778668889,-0.460018454927612,-0.225313279866681,4.07324778668889,-0.460018454927612,10.3170308301219,-0.501140077788252,-97.1348901156132,0.738666674632852,8.55743214248516,1154.39589626081,-2.13923847515885e-18,1.59070836371211,1.32662378918862,1.14800520779085,0.990507530465576,0.882397125299448,0.648884876575357,0.22932534735965,0.052298495990001,0.0400067461722738,0.0481111655035934,0.0412170815540048,0.0597501385272367,4608.96677429434,40.3895167170088,17.3232166618681,15.6904246275711,126.39380691705,120.983108207446,2633.02573011835,666.715806864839,35.2580361746458,0.409845992100929,0.361082161191107,0.0464360438722095,0.409845992100929,0.361082161191107,1.57039231592758,0.271551197901839,0.99430914610514,0.57723076940738,0.86251417404059,0.561452572265669,1.37593311239499e-15,0.150829362546166,0.0454289453507586,0.0218754660417271,0.0182600355556749,0.025111198947254,0.022968838229034,0.113028109533677,0.0170141353778082,0.00547193425344295,0.00432890104724935,0.00307568471755246,0.00397435937599486,8.29025784304422,0.0653775553730343
-5.58,22.756,1.36816,0.2,0.0852200366273049,0.197394685495438,0.40218129113251,0.56993941663859,0.695279461496591,0.810585641281207,0.0852200366273049,0.197394685495438,0.40218129113251,0.56993941663859,0.695279461496591,0.810585641281207,0.0852200366273049,0.197394685495438,0.40218129113251,0.56993941663859,0.695279461496591,0.810585641281207,1,1,150.000015727529,155.08518800125,-8.95247133423601,620.698083532965,102.600026872201,3619.85366107697,-53.9403114258932,0.666147109890636,-0.281699156611811,-0.00969906904489114,0.722295824919279,-0.0374013122070617,-2.86245505844183,-1.10543153754817,-101.050650973857,0.0187940913446516,0.763721269096969,1173.72440370795,19.9588834496403,1.55172367461723,0.902348494948443,0.488189646911779,0.27225011977919,0.0916115655279659,0.00113510740443704,0.0796621358212685,0.0180226439954171,0.0128186130611395,0.0070518100197896,0.0106041354025622,0.00959637412769505,4999.96958650141,43.093566295178,17.3232166618681,41.4093078034265,115.132641725428,117.266581514414,2373.53613601408,1028.05240348528,14.1501398953952,0.391105760857406,0.432509666947465,0.00668492078950408,0.481299599959416,0.329209949659919,3.20565724903875,0.593284126408803,1.46737200717435,0.522360836083498,0.973042640090881,1.29118696245084,0.00758583232735458,0.21501474220503,0.132779792247333,0.080389452725274,0.0671920108271517,0.0610874908104344,0.0678944248566516,0.0784869333257326,0.0108610998780586,0.00577697738033194,0.000952110340324987,0.00134079689496181,0.0028026926047429,4.85449876465989,0.0167552543161818
4.5,3.484,1.25168,0.2,0.0575477541456689,0.253131868630488,0.359933171276206,0.464988384501144,0.762997950177213,0.793462856679291,0.0575477541456689,0.253131868630488,0.359933171276206,0.464988384501144,0.762997950177213,0.793462856679291,0.0575477541456689,0.253131868630488,0.359933171276206,0.464988384501144,0.762997950177213,0.793462856679291,1,1,150.000015727529,50.3461681074889,-1.17582725705655,207.69376419123,33.1652933861056,1669.91282158109,-17.649074054786,0.89941211332153,-0.0648639250359338,-0.01241802166441,0.89941211332153,-0.0648639250359338,-0.289055005791063,-0.0309230863803771,-33.9969336527445,0.110375449800333,2.00481231121758,680.595615040115,-2.61090392667431e-18,0.346796802416415,0.260270201020727,0.300170555150505,0.34520194771378,0.325865638995938,0.375613779814603,0.012043764816165,0.00789600437454433,0.0060048203312155,0.00644056379543798,0.00884770919695866,0.0187476483699615,68.8672419539632,1.02356869076137,17.3232166618681,3.17707339328513,122.112384479981,120.107256432689,2519.70743863681,22.2315842132674,7.55212294401346,0.0626644052350334,0.33124949514815,0.00207210512828273,0.0626644052350334,0.33124949514815,0.140601697739805,0.0483123683735684,0.359249351474826,0.528458561817375,0.097851593510708,0.0534491514473325,9.84027954623921e-16,0.0434214250733367,0.0340791621701591,0.0314282171283841,0.0298957012196461,0.0286592658342245,0.0254866600460959,0.00179991489518008,0.000661790731951973,0.00047367215445207,0.000485480318985668,0.00460538211394286,0.00457880913453597,0.160247909158534,0.00235555523450395
-7.26,23.636,1.20816,0.2,0.0840397023034436,0.183915758854936,0.330816223807672,0.433424164309431,0.68648485257703,0.743236021847005,0.0840397023034436,0.183915758854936,0.330816223807672,0.433424164309431,0.68648485257703,0.743236021847005,0.0840397023034436,0.183915758854936,0.330816223807672,0.433424164309431,0.68648485257703,0.743236021847005,1,1,150.000015727529,151.960684303718,-7.86676408186647,620.61266534736,80.5016662014373,3602.3471513384,-45.1534890115613,0.694372311289449,-0.297903159045932,-0.00948414388084575,0.754684985991043,-0.0367131236027497,-2.69660994125612,-1.11802004509947,-101.061343610041,0.0190863882835121,0.857518632246641,1173.6742006041,20.4359566711802,1.54511488386627,0.954495437975208,0.542380293719405,0.318849401104052,0.100806756292678,0.00785042911467556,0.108055941450682,0.0181676960733257,0.0148921895635871,0.00659657223205916,0.0107496143110093,0.00959837037808562,4999.96135819185,43.0933538173112,17.3232166618681,39.6948905441611,114.827787901368,117.273398944471,2361.99569374035,917.168546621009,14.4026391538766,0.329860458756007,0.416121197825751,0.00627244503560001,0.419374477598039,0.325707676191452,3.43922474061929,0.559625207701481,1.41470690675631,0.516564668685345,0.83602526347477,1.26486574920181,0.00741506051342831,0.231010350661659,0.154158257489187,0.0857220931579021,0.0658687919268428,0.0602554321904385,0.0646719628009655,0.108988757399853,0.0132909568716271,0.00399025971936919,0.000973142406938998,0.0015304540717407,0.00264749614335051,4.65757295399543,0.0164355023583205
12.42,5.596,1.21712,0.2,0.0798429580408259,0.177358443191989,0.39761392682372,0.456308223948423,0.733096279850705,0.941860323229229,0.0798429580408259,0.177358443191989,0.39761392682372,0.456308223948423,0.733096279850705,0.941860323229229,0.0798429580408259,0.177358443191989,0.39761392682372,0.456308223948423,0.733096279850705,0.941860323229229,1,1,150.000015727529,74.8313654827622,-11.0156600906156,229.681129049057,277.490452806999,2516.47578377252,-13.8460192518592,1.2977570044787,-0.126389579578169,-0.0242097291948755,1.2977570044787,-0.126389579578169,0.220944089261535,-0.0517816376073326,-38.3678668888658,0.207997889469847,2.81963670450995,722.873846474324,-3.13585220289574e-19,0.919711186334756,0.67881266534736,0.615678116862828,0.63710079158421,0.535286084782835,0.482076481616498,0.0121209402726799,0.0157414673471513,0.0177231246745131,0.01727728361629,0.0210557285699406,0.0285672846578482,364.737850223936,5.10409176127483,17.3232166618681,2.43285696675313,122.419582793388,119.734029875144,2524.47370759259,49.0098572352703,11.0619933044507,0.0740614525885493,0.331476531787904,0.003281680693891,0.0740614525885493,0.331476531787904,0.262604348327184,0.0593516049502275,0.403406189255421,0.528741987883479,0.134738602186995,0.124700829364035,1.17321802542131e-15,0.160729062898623,0.104452978934649,0.080049524444476,0.0727036441185951,0.0528223535392914,0.0390257082328818,0.0167869285464871,0.00615564521756938,0.00389796298377654,0.00276661865966217,0.00152651914527836,0.00391518237270828,0.503689019119397,0.00651603917202299
-13.5,23.108,1.1736,0.2,0.0874495570168206,0.189380188574058,0.310834004956717,0.468933912025109,0.759480106609388,0.984096525247288,0.0874495570168206,0.189380188574058,0.310834004956717,0.468933912025109,0.759480106609388,0.984096525247288,0.0874495570168206,0.189380188574058,0.310834004956717,0.468933912025109,0.759480106609388,0.984096525247288,1,1,150.000015727529,153.033350692636,-8.33668066284762,620.272586188939,116.282181906051,3785.3416310801,-42.8857910634309,0.868546974273512,-0.358218868037704,-0.0117997006561816,0.937751942505989,-0.0576092014790126,-1.95400851905218,-0.979255373398604,-101.086602437246,0.0566409246536819,1.31534833767316,1173.65014061035,18.8965295281745,1.50330090615561,0.982445057806479,0.592190417664826,0.36275724403708,0.140006513904802,0.0504196986395167,0.166139395845224,0.0215591294953651,0.0142201388397042,0.00669014998437662,0.0107008248099156,0.0109148809499011,4999.97677325279,43.0935079679205,17.3232166618681,32.2338533886674,115.684585815315,117.346413533768,2368.99918731606,629.61074858549,19.0827894045942,0.19205112057476,0.375657329372454,0.006030949752852,0.272674034919725,0.321945801987797,2.98824629259084,0.423011471278962,1.25585695225673,0.510820511216301,0.506412338703998,0.955784053701484,0.00556181061985202,0.339895476531959,0.244346535296184,0.124851391478039,0.0562990917617286,0.0361948221449739,0.0336866580238876,0.179622895604288,0.0218362918678504,0.00679481256600031,0.0014332693374772,0.000774880412233768,0.00262187137276121,3.65062523804956,0.011724491995277
-13.38,3.924,1.41168,0.2,0.0841708505616504,0.214152269967414,0.403323132209707,0.459464645967595,0.74540873233809,0.925879057600774,0.0841708505616504,0.214152269967414,0.403323132209707,0.459464645967595,0.74540873233809,0.925879057600774,0.0841708505616504,0.214152269967414,0.403323132209707,0.459464645967595,0.74540873233809,0.925879057600774,1,1,150.000015727529,57.7690625976461,-2.98463205291115,209.914334965108,72.5591528965733,1943.19070930111,-19.7076070201021,1.03854576606604,-0.0791058193104885,-0.0162410103114259,1.03854576606604,-0.0791058193104885,-0.115022674915113,-0.0349892032401833,-34.4621966461827,0.133380638433496,2.29964503697531,685.217456514947,3.06012649723987e-18,0.445517508592855,0.331749619831267,0.352126049369858,0.397421674825539,0.36805986876367,0.375246328507447,0.0120841284241225,0.00903181106134776,0.00597857806478491,0.00590454608894908,0.0157694582855952,0.0238105124466201,99.4748682428914,1.46856410790544,17.3232166618681,3.06107034935254,122.595766120269,119.728875126775,2532.78225078037,78.4613929819879,8.61032132713339,0.115020032363203,0.33662111746667,0.00380320518335055,0.115020032363203,0.33662111746667,0.180386358625377,0.0558445106403291,0.367696032286974,0.537655682220728,0.20530057139016,0.0702334560108195,9.85236201106635e-16,0.0361274266007454,0.00984054432518209,0.0132375416077903,0.0255634600460893,0.0240113001770231,0.0249768706612568,0.00257144594259592,0.000874744145287715,0.000444520882025013,0.000595584843509551,0.00561443824627205,0.00217505052811908,0.214181304216209,0.00311640136322145
3.66,19.148,1.22224,0.2,0.0591215332441506,0.253860459259704,0.296560991491749,0.545477145990013,0.703194609524197,0.753509692608154,0.0591215332441506,0.253860459259704,0.296560991491749,0.545477145990013,0.703194609524197,0.753509692608154,0.0591215332441506,0.253860459259704,0.296560991491749,0.545477145990013,0.703194609524197,0.753509692608154,1,1,150.000015727529,167.269065722321,-11.9270876701385,618.755598375169,197.404022998646,4613.3989167795,-36.304533590251,1.48852411207166,-0.497526852588273,-0.0355625173419435,1.56568726174357,-0.108934252735236,0.579337220008332,-0.579645501034267,-101.108562649724,0.148681427746068,2.81152886157692,1173.68503280908,14.5019425059889,1.54656327465889,0.938092740339547,0.645392021664409,0.4376403187168,0.255700069784398,0.180377888761587,0.0685116090197896,0.0208666924278721,0.0143879717737736,0.0119844803666285,0.00899459056348297,0.00909351348817833,4999.9963545464,43.0934840120821,17.3232166618681,41.7259519720136,120.895040818369,118.035996284673,2509.87476903985,1191.05524886498,17.5148889645633,0.509645871057793,0.45649981408124,0.0224107100755591,0.585960586264493,0.353243599113849,1.7100211195407,0.400802584541198,1.46738569843639,0.561574072014761,1.19469182296944,0.754675648779635,0.00618358262614518,0.223653918805243,0.16928898267952,0.146096459940591,0.109287908117459,0.0850985336050787,0.0793236130923937,0.0686136758412679,0.0128539322973099,0.00630182392127264,0.00608003209970067,0.00299803578147956,0.00224488780502184,2.73676497759979,0.00977645873522339
-13.02,11.932,1.11728,0.2,0.0562362715636009,0.238560056046161,0.427872715369452,0.455519118443631,0.652185877790741,0.811727160254668,0.0562362715636009,0.238560056046161,0.427872715369452,0.455519118443631,0.652185877790741,0.811727160254668,0.0562362715636009,0.238560056046161,0.427872715369452,0.455519118443631,0.652185877790741,0.811727160254668,1,1,150.000015727529,193.628694927612,-29.2818515862931,477.861254036038,879.14961181127,6568.46963857931,-0.0616106484741177,3.28733663160088,-0.351203356229976,-0.149219055306739,3.28733663160088,-0.351203356229976,6.33723789188626,-0.325493063857931,-79.7468982397665,0.571229901697739,7.04057671075929,1044.11988334548,-5.42223479845849e-18,1.58096708676179,1.23695354650557,1.01599890636392,0.978526070201022,0.793976627434642,0.690222487240913,0.110133646484741,0.0336340537444016,0.0393866836787835,0.0370387876262889,0.0418102228934486,0.0489167097177378,2878.22455994167,27.8844578689714,17.3232166618681,12.0216443886444,125.966251491712,119.383266479271,2622.81454910793,549.757687664117,28.7730003310508,0.360455039095069,0.358448457764114,0.033433939802261,0.360455039095069,0.358448457764114,1.11862576380272,0.163410495031269,0.827963756602873,0.573419167127024,0.766132530946325,0.324841991933996,1.31407184630589e-15,0.216510969121519,0.0705170969825621,0.0195254520287966,0.01793161164858,0.0215933024801585,0.0263458509047691,0.0975963533432648,0.0134541857126489,0.00432263132160662,0.00301830212840435,0.00271896376406772,0.00394224328270064,1.28638093623129,0.00735699219563137
8.58,10.084,1.26448,0.2,0.0864003709511661,0.23491710290008,0.431298238601044,0.464199278996352,0.722542749147231,0.731820832112394,0.0864003709511661,0.23491710290008,0.431298238601044,0.464199278996352,0.722542749147231,0.731820832112394,0.0864003709511661,0.23491710290008,0.431298238601044,0.464199278996352,0.722542749147231,0.731820832112394,1,1,150.000015727529,171.835454640142,-25.5956192698677,404.799666701385,764.071571502968,5907.24903655869,-4.39848329340694,3.05573586084783,-0.319600498281429,-0.129010739506301,3.05573586084783,-0.319600498281429,4.85869638579315,-0.254055703576711,-66.9487886678471,0.525327856119154,6.6428660556192,956.563076762836,-1.74676364441204e-17,1.54608946984689,1.14341009269868,0.942169534423498,0.913537225289033,0.719013529840642,0.706663253827727,0.0790286728129362,0.0270657352359129,0.0316624059993751,0.0321348817831476,0.0395760868659514,0.0394191855015103,2212.9878137694,23.4029996875336,17.3232166618681,3.59702034155379,122.594823795647,119.989440342219,2528.75978206019,187.361961841686,25.947656319317,0.154313695703181,0.333757726495425,0.0139434133955693,0.154313695703181,0.333757726495425,0.799585930208866,0.140281787840611,0.687105615077893,0.532465687440141,0.329212459854879,0.18142397180184,1.43825245518542e-15,0.251305947781078,0.137624582913392,0.0879870971949504,0.0762784411681976,0.0496531007470767,0.0456554947358822,0.0766518821392866,0.0164159838431017,0.0096724166901158,0.00688114261868097,0.00752336093779703,0.00752673844558117,0.731121727426101,0.00489482080731192
12.54,11.844,1.20176,0.2,0.0677773182857998,0.172622604102083,0.327390700576079,0.531273246903742,0.608212833192935,0.884784374556176,0.0677773182857998,0.172622604102083,0.327390700576079,0.531273246903742,0.608212833192935,0.884784374556176,0.0677773182857998,0.172622604102083,0.327390700576079,0.531273246903742,0.608212833192935,0.884784374556176,1,1,150.000015727529,204.45164045412,-29.8104151078013,499.886772211228,890.834700458285,6890.11467555463,-1.16933132486199,3.39763108009583,-0.358551401762316,-0.156776846161858,3.39763108009583,-0.358551401762316,6.87142641391522,-0.34705529830226,-82.8053733986043,0.580841472037288,7.23241985209874,1064.20549942714,-2.4997641703989e-18,1.576087699198,1.23407939797938,1.03928962608062,0.911692417456515,0.804976762837205,0.640370378085616,0.1447961590752,0.0314540505013227,0.0297897575252578,0.040129610457244,0.0361524424539111,0.0506947109676076,3048.32267472138,28.9722768461626,17.3232166618681,4.52484342112668,123.069291379661,118.763242630064,2533.7819287511,169.938744706185,29.516727762467,0.128259857193357,0.3323785952758,0.0129601253968574,0.128259857193357,0.3323785952758,1.100318346939,0.151334482826217,0.844533382405016,0.530071267991228,0.277633868344059,0.404087143840751,1.39320918511803e-15,0.325362814177829,0.174415047553279,0.114878839692248,0.0817141198197454,0.0647647695396169,0.0449800134267149,0.138437747035647,0.0264358252611071,0.0126090777041843,0.0100277254303543,0.00740504854266427,0.00790546334573265,0.958098905012925,0.00585260040941405
1.62,4.012,1.24656,0.2,0.0717117660320039,0.200673343326912,0.37135158204818,0.558891939571491,0.758600645717432,0.864237033033877,0.0717117660320039,0.200673343326912,0.37135158204818,0.558891939571491,0.758600645717432,0.864237033033877,0.0717117660320039,0.200673343326912,0.37135158204818,0.558891939571491,0.758600645717432,0.864237033033877,1,1,150.000015727529,56.4387970003125,-3.85489147692949,211.713702739298,93.3531963337152,1883.58066868035,-16.7789468805333,1.00253776689928,-0.0797883338975107,-0.0151245359858348,1.00253776689928,-0.0797883338975107,-0.165658742835121,-0.0344469108225185,-34.6760951984168,0.134167827121133,2.21820935319237,687.35572336215,1.04527204874492e-17,0.500646505572336,0.376078200187481,0.389693750650974,0.417639370898865,0.388521778981357,0.40846894073534,0.0120333457973127,0.0134716629517759,0.00648546391000937,0.00816188896989897,0.0183116128528278,0.0233907165920217,113.817748151231,1.67508863660037,17.3232166618681,2.79805756294571,122.932478042156,119.32744882215,2537.1287654663,32.9319148840121,8.449630908784,0.0798076064446828,0.334417632928079,0.002743214404023,0.0798076064446828,0.334417632928079,0.171207611373468,0.0517013576226968,0.365209943757903,0.533689067125704,0.136484469965177,0.0496739381385845,1.04246891794742e-15,0.0454490026078474,0.036345758875835,0.0326714811689783,0.0328614710086781,0.0302873226642473,0.0285385106371769,0.00294385358317321,0.00292688880577767,0.00111856079860764,0.00335195752663714,0.00453873672159049,0.0006906869217977,0.0662977147589504,0.000915353429755119
14.34,12.548,1.22736,0.2,0.0671215769947657,0.21488086059663,0.391904721437733,0.516280242312678,0.653944799574654,0.776340072077376,0.0671215769947657,0.21488086059663,0.391904721437733,0.516280242312678,0.653944799574654,0.776340072077376,0.0671215769947657,0.21488086059663,0.391904721437733,0.516280242312678,0.653944799574654,0.776340072077376,1,1,150.000015727529,233.676814915113,-31.0821616585772,566.53306947193,970.638164034996,7925.5694198521,-1.58037992813249,3.98845422351838,-0.413968094635976,-0.216948203312155,3.98845422351838,-0.413968094635976,10.0356505572336,-0.471642420695762,-94.3854025622332,0.675449688584522,8.57704895323405,1137.80366628476,2.01208280804083e-17,1.56782720549943,1.19178976148318,0.990513894386001,0.906930798875118,0.769746838870952,0.692873731902927,0.14230221588345,0.0348015195050307,0.0330350127070097,0.0374469951046765,0.0370735360899906,0.0428249973961046,3773.76939902094,33.5526757629413,17.3232166618681,5.14401613325401,122.43407328572,119.22288586336,2514.85591535447,201.642189281139,34.476819821579,0.138640802424841,0.327424970078209,0.0159371414061199,0.138640802424841,0.327424970078209,1.22442591831419,0.168860930529393,0.938797960886296,0.521756846989381,0.324191995099608,0.399075878694616,1.43756118430653e-15,0.358785854238222,0.186655541189165,0.117591860203386,0.0891252733298594,0.0658733105938967,0.0538515184086317,0.141801496178328,0.0280628779969955,0.0137573974122502,0.00972890169486842,0.00838664699121059,0.00856964920534075,4.86648240339331,0.0395573945495085
2.58,21.084,1.18896,0.2,0.0599084227933914,0.202130524585344,0.4067486554413,0.588877948753618,0.777948785340467,0.970398297565755,0.0599084227933914,0.202130524585344,0.4067486554413,0.588877948753618,0.777948785340467,0.970398297565755,0.0599084227933914,0.202130524585344,0.4067486554413,0.588877948753618,0.777948785340467,0.970398297565755,1,1,150.000015727529,157.234394333924,-10.5502237871055,619.829444849495,158.889400333299,4060.26695135923,-39.7932527861681,1.09757467972086,-0.417106645301531,-0.0207866924278721,1.17162119570878,-0.0771326498277264,-0.988976860056245,-0.806163656702428,-101.100122903864,0.0926155429684409,1.89158647536715,1173.71513384023,17.0418393917304,1.56618498073117,0.97564104780752,0.588786178523071,0.380031569628164,0.185957476304551,0.100287558223102,0.0828271448201229,0.0189441219664618,0.0157669958337673,0.0110466292052911,0.00839546474325591,0.00997834183939173,4999.97791896677,43.0933392354966,17.3232166618681,44.2597338268928,118.857255865199,117.596405453648,2463.66911924579,1181.81655332319,15.2450968098335,0.443769215454224,0.452380871621905,0.015101568958275,0.53170024350512,0.344780523916446,2.08823994648902,0.44848095339553,1.48258135158235,0.546439491049712,1.03697573145063,0.903228644745686,0.00631067500060846,0.203141167426902,0.176256096984692,0.141387346578428,0.113899251735747,0.0894539119016923,0.0623998757565794,0.0734717126254812,0.0131808158772678,0.0070973885095728,0.00588841128248219,0.00292773445841511,0.00209447441169823,3.40782370101257,0.0112599220596983
-8.94,20.556,1.26576,0.2,0.0799741062990327,0.211237907450549,0.399326688439516,0.521014875341435,0.684725930793118,0.799170451546597,0.0799741062990327,0.211237907450549,0.399326688439516,0.521014875341435,0.684725930793118,0.799170451546597,0.0799741062990327,0.211237907450549,0.399326688439516,0.521014875341435,0.684725930793118,0.799170451546597,1,1,150.000015727529,164.808301218623,-10.0071163764191,619.485376523278,126.612119831268,4352.51255077596,-41.3286876367045,1.24335466097281,-0.445242538088741,-0.0241300570773878,1.31830201020727,-0.0790520644797418,-0.468535008962608,-0.707714585522342,-101.111352984065,0.0955165287855432,2.19697508592855,1173.68117904385,16.2706863868344,1.54535100510364,0.948466534735967,0.577053327778357,0.393842912196646,0.205465065097386,0.116178531248828,0.0984675328481408,0.019234314342256,0.0179116112904905,0.00712493865222372,0.00903768732423707,0.0110242947609624,4999.98093948547,43.0935465055725,17.3232166618681,35.476055787074,118.290618897217,117.624495370359,2435.48369368985,892.457774837837,16.9801846011762,0.36376302834256,0.418602607971154,0.0138018437446805,0.440455130481907,0.336968442604425,2.42420538408218,0.417800344098497,1.37222945590746,0.535738531905429,0.893334028462138,1.00421450715348,0.00651581977733891,0.248677650515515,0.136582160666213,0.0649969642369433,0.0447841555177151,0.0446151907423641,0.0537129896839303,0.102751463554795,0.0124441260511625,0.00399404412810155,0.0023134333478815,0.00121440824106792,0.00061561165330934,3.74056468450178,0.0111240237645734
-1.5,22.052,1.36048,0.2,0.0665969839619385,0.217795223113496,0.385624595513147,0.427900425775882,0.61612798122054,0.900765640184631,0.0665969839619385,0.217795223113496,0.385624595513147,0.427900425775882,0.61612798122054,0.900765640184631,0.0665969839619385,0.217795223113496,0.385624595513147,0.427900425775882,0.61612798122054,0.900765640184631,1,1,150.000015727529,154.492238308509,-9.38915456514946,620.612842412248,122.174058046037,3669.89032392459,-52.5407624205812,0.72026352211228,-0.302796010897823,-0.0118880992709093,0.779951452115406,-0.0463194109832309,-2.63284852004999,-1.05766825678575,-101.054530778043,0.0340371076596188,0.901683323185084,1173.7095094261,19.4029944797424,1.56461181126966,0.874981647745027,0.485077877304448,0.298931756067076,0.111022000156234,0.00953439307592958,0.0545925689059577,0.0185120514529737,0.0126759941672743,0.00655416946151442,0.00959935392146653,0.00954264201645662,4999.96114988022,43.0935412977819,17.3232166618681,46.5261640797846,116.179684089888,117.30310733422,2402.6423533251,1239.62110447403,14.1573272769611,0.47173443401492,0.46215726038938,0.00913738980521526,0.568250831493331,0.336470135238535,3.76107044996298,0.631986878785929,1.55751286481964,0.533641843343165,1.1360248178545,1.22196996815072,0.00734711328960179,0.178212881894041,0.13520139535859,0.107201895603352,0.100096141260016,0.0741892642947427,0.0731354359765317,0.0493092317877099,0.00978343659812009,0.00596502636905384,0.00110854434532437,0.0020020723825934,0.00301033933740262,4.85361236719316,0.0160195059336186
6.06,7.532,1.10192,0.2,0.0735478416468992,0.195937504237005,0.337096349732257,0.465777490005937,0.750685497689827,0.785472223865064,0.0735478416468992,0.195937504237005,0.337096349732257,0.465777490005937,0.750685497689827,0.785472223865064,0.0735478416468992,0.195937504237005,0.337096349732257,0.465777490005937,0.750685497689827,0.785472223865064,1,1,150.000015727529,100.891981043641,-13.0680059212582,274.93435058848,380.58114217269,3421.24799500052,-6.98356951881055,1.76242422664305,-0.17482021995563,-0.0437316008749089,1.76242422664305,-0.17482021995563,1.06153010116655,-0.0951990469166753,-45.1813175710865,0.287691022854911,3.83124945318196,784.684251640454,-1.26715547234663e-17,1.38546693052807,1.01786751380065,0.887876752421623,0.835850036454536,0.659229361524841,0.644166326424331,0.0187863997028434,0.0184023996458702,0.0203835568169982,0.0265788324132903,0.0343428163732945,0.0366809634413082,858.791042599729,11.0712873658996,17.3232166618681,2.35440275779031,123.293886167932,119.161461266486,2544.48837588998,97.7934933737411,15.0965467276303,0.107816763502598,0.335665055369711,0.00602577745238592,0.107816763502598,0.335665055369711,0.425787511283834,0.153084155532537,0.475120251524741,0.535587267538145,0.208676340686867,0.174850784014492,1.36620324722167e-15,0.16768096373472,0.108910768721441,0.0798586519858293,0.0664408966068773,0.0449193943972911,0.0404838701461934,0.0272487806030486,0.00937124106267392,0.005944420772116,0.00588600360682152,0.00857296339180421,0.00870115472573999,0.806810184175454,0.00935574777367048
-6.42,14.924,1.30032,0.2,0.07433473119614,0.220709585630361,0.355936727506015,0.467355701015523,0.738373045202442,0.742094502873544,0.07433473119614,0.220709585630361,0.355936727506015,0.467355701015523,0.738373045202442,0.742094502873544,0.07433473119614,0.220709585630361,0.355936727506015,0.467355701015523,0.738373045202442,0.742094502873544,1,1,150.000015727529,210.325924382877,-21.6693776669097,613.091355067181,528.065111321737,6636.72211227997,-23.2487107342985,2.90714706801375,-0.627167813769398,-0.119246998229351,2.96271815435892,-0.259052533767316,6.3030115612957,-0.246053638205396,-100.874843245495,0.408837808405374,6.09661108217894,1173.62660139569,7.17696708676182,1.54491021768566,0.9968683366316,0.770331038433497,0.666609446932611,0.460843724612019,0.427504957816894,0.0391442903833976,0.0194395461931049,0.0177167529424018,0.0180551682116446,0.0207822872617436,0.0197022601812311,4999.98218935528,43.0934715133837,17.3232166618681,24.9386055674336,123.898667730928,118.97652630109,2570.83836817598,803.494535904697,26.9032374605494,0.419245610484371,0.395967011944363,0.0360282693492337,0.453034149435514,0.356809385352732,1.52513775005314,0.259471399288141,1.19709190980878,0.569558002139281,0.940514569031499,0.541830039805422,0.00565983288380281,0.155189607351662,0.0639690585640954,0.0409309324891573,0.0394073992274441,0.0354969839452474,0.0398595010422128,0.0373351082006037,0.0072998590125067,0.00321809014941929,0.00209554102882113,0.00129676618506271,0.00255987158601404,1.84492418486256,0.00669417080773869
3.06,20.996,1.35152,0.2,0.0630559809903548,0.261146365551868,0.329674382730474,0.588088843248825,0.727819514498968,0.774057034130453,0.0630559809903548,0.261146365551868,0.329674382730474,0.588088843248825,0.727819514498968,0.774057034130453,0.0630559809903548,0.261146365551868,0.329674382730474,0.588088843248825,0.727819514498968,0.774057034130453,1,1,150.000015727529,159.860261431101,-9.89724721383188,620.012373711072,119.537301114467,4021.95844182898,-49.0137371107177,1.00053528799083,-0.384354182241433,-0.0195090441099885,1.07006391551609,-0.061443575209874,-1.4474491765337,-0.858664880637434,-101.086862826789,0.0639178386313926,1.61421798062483,1173.70253098636,17.7275429642751,1.533140089574,0.881997771065514,0.544234965107801,0.321645834808874,0.147094644842204,0.0733038438548068,0.0637920659439642,0.0205456038954275,0.0127353235079679,0.00912302312259139,0.00945240787417977,0.00972958952192482,4999.99812519529,43.0934465159881,17.3232166618681,49.1694598453525,118.413658132306,117.609506033209,2455.06456172171,1375.43379938909,16.7065005365691,0.542704534946044,0.482686372919529,0.0160921375384616,0.638207438545011,0.346709497563398,2.99718211391456,0.518769021127278,1.59411583736954,0.550009202600768,1.28028911189271,0.713152369255074,0.00557653685129321,0.222502758545522,0.180901393309398,0.153145408317625,0.115774493585561,0.0897365796571496,0.0760712839508554,0.0643933635934285,0.0126196484691227,0.00667496662929537,0.00436924446435044,0.00187606421817182,0.00223370227288375,2.88830194948655,0.010440579814877
9.9,5.772,1.40272,0.2,0.0764331033274489,0.232367035697822,0.304553879032131,0.609394691878231,0.594141458921637,0.950992475016917,0.0764331033274489,0.232367035697822,0.304553879032131,0.609394691878231,0.594141458921637,0.950992475016917,0.0764331033274489,0.232367035697822,0.304553879032131,0.609394691878231,0.594141458921637,0.950992475016917,1,1,150.000015727529,87.2703197583586,-5.23963750755129,250.002918445995,171.70508352255,2972.46255598375,-15.0762983608999,1.54062253931882,-0.12988124198948,-0.0336615113009062,1.54062253931882,-0.12988124198948,0.609638309210499,-0.0685057502897616,-39.9630309342778,0.215006067858556,3.35639985418186,738.127361733154,1.27577835329653e-17,0.934616175398394,0.681204822414332,0.648662410165608,0.602891938339756,0.587331830017707,0.48213922508072,0.0126591957679929,0.0181056038954275,0.0154124587022185,0.0219542026872201,0.0180958629309447,0.0292529653161129,479.863962087285,6.57638527236741,17.3232166618681,1.96239822236992,123.273882034712,119.01400160005,2542.28891142613,83.0799870536899,13.2316767252549,0.0940328090363119,0.334187863780546,0.00463045770743185,0.0940328090363119,0.334187863780546,0.323641572194784,0.0630500180148631,0.417659425625477,0.533098113448768,0.185708155324814,0.138030066433589,1.19342147733225e-15,0.143703606708522,0.0936168008908314,0.0787113876528179,0.0591610736464684,0.0568067727886482,0.0367387218916605,0.015459019099188,0.00596909637957083,0.00367948711461987,0.00282811069004797,0.00155666145416298,0.00435438494840558,0.569684752205825,0.00706319596506519
-2.34,5.156,1.35408,0.2,0.0849577401108913,0.199944752697695,0.413599701904484,0.563626572600248,0.746288193230047,0.958983107831144,0.0849577401108913,0.199944752697695,0.413599701904484,0.563626572600248,0.746288193230047,0.958983107831144,0.0849577401108913,0.199944752697695,0.413599701904484,0.563626572600248,0.746288193230047,0.958983107831144,1,1,150.000015727529,75.0303687115925,-3.45712381741486,223.076061868555,114.563918321008,2543.80835329653,-16.0242319550047,1.3262496614936,-0.106608462851786,-0.0253758691802937,1.3262496614936,-0.106608462851786,0.27175286310801,-0.0535616636126237,-37.6968128319968,0.177420947480471,2.90203666284762,716.443474638066,-2.07770039579211e-18,0.81170018748047,0.600830736381627,0.558153754817207,0.565927913758983,0.500733538173107,0.456524903655869,0.012016710009374,0.0165141291532132,0.0180565336944068,0.0195873075721279,0.0211057025309864,0.0265836996146235,317.524924487032,4.48327517966877,17.3232166618681,2.0351005374111,121.663766703657,120.573380935722,2514.02695058463,84.1086223347434,11.119508066918,0.109150328561786,0.332759408672077,0.00452110631247682,0.109150328561786,0.332759408672077,0.251454304208076,0.05945591420329,0.403046584448154,0.531182277195016,0.207933139067254,0.108873821307444,1.06029690551722e-15,0.0494007576060143,0.0370439496292549,0.0353293194857608,0.0354933232558026,0.0323596061869389,0.0272335520229181,0.00584826919909312,0.00246957610161157,0.00191683877781639,0.00157002222983,0.000991981260661191,0.000961458256032243,0.41577307139997,0.00548895648206346
-6.06,17.036,1.37456,0.2,0.0587280884695302,0.257139117091178,0.41987982782907,0.505232765245578,0.735734662526573,0.887067412503098,0.0587280884695302,0.257139117091178,0.41987982782907,0.505232765245578,0.735734662526573,0.887067412503098,0.0587280884695302,0.257139117091178,0.41987982782907,0.505232765245578,0.735734662526573,0.887067412503098,1,1,150.000015727529,180.153952713259,-14.2849523528799,618.422331007187,284.202790386418,5193.16394125612,-40.4369378189772,1.87150567649203,-0.547013103935111,-0.0511806041037392,1.943920841579,-0.151421022519529,2.08740156983648,-0.42276729173107,-101.082270596813,0.221116847036767,3.68328601187376,1173.64909905218,11.839036558692,1.52962816373295,0.885269701072804,0.599718425164046,0.477381283199667,0.294850578064785,0.218583272575773,0.0360279724125612,0.0202066035829601,0.0185244005832726,0.01298504780752,0.00686060212477867,0.00695890959275076,4999.99052182064,43.0934111030102,17.3232166618681,31.4109034156111,121.16968849501,118.309085631412,2508.56341047446,888.861469214296,20.1039183975306,0.399329713908798,0.412184422076754,0.0226230427083764,0.456050572378355,0.348405903616084,1.54556266888716,0.308664103392592,1.31396478980719,0.554744459761256,0.924707703852242,0.656602263138399,0.00676840213709975,0.181943613215894,0.0810811653504544,0.0515106771805901,0.0487593020896515,0.0439063018437318,0.043983167250826,0.0407197175622045,0.00773954741846245,0.00325477215945033,0.00518978454043631,0.00205392279994579,0.00250173669497658,2.50803162953696,0.00922737309369962
-1.38,13.34,1.34896,0.2,0.0763019550692421,0.247303143596757,0.364500535584995,0.560470150581076,0.655703721358566,0.764924882342765,0.0763019550692421,0.247303143596757,0.364500535584995,0.560470150581076,0.655703721358566,0.764924882342765,0.0763019550692421,0.247303143596757,0.364500535584995,0.560470150581076,0.655703721358566,0.764924882342765,1,1,150.000015727529,251.284886990938,-35.5689058391834,604.422278929279,1016.54851317571,8364.12061243621,-10.1370917519008,4.06968347047183,-0.579737144047496,-0.233191752942402,4.09094302676804,-0.419025520826997,10.8420143735027,-0.362289707505468,-100.428037704406,0.678960108695239,8.70824643266326,1173.97531507135,2.53453478839702,1.55466638891782,1.10511741485262,0.921319362566398,0.795599812519529,0.67177514842204,0.601890907197167,0.0696466713540256,0.0275493570888449,0.0262590520779085,0.0327366336839912,0.0294244412040412,0.0320813550671805,4983.53213206958,42.9472648682429,17.3232166618681,30.4262480521588,125.484459169512,121.772926992781,2616.09834557912,1162.65081012506,37.919709873259,0.702004312298808,0.370960639080635,0.077757183351844,0.695257494403725,0.366222787107624,2.66096614017698,0.508619741783265,2.8310362066144,0.586409714075861,1.53562098944465,15.4826285373045,1.95334065002517,0.159879913412804,0.148025545546001,0.13406634662333,0.11855425835863,0.112793628749595,0.103423523746715,0.0698075054160485,0.0125688880787286,0.00908625163861337,0.0102961767277181,0.0102666511388566,0.0111280099555065,58.7382615376397,0.650552487589076
-0.42,12.46,1.10704,0.2,0.0644986118306296,0.211602202765157,0.362787773969199,0.457097329453216,0.699676765956372,0.847114248431961,0.0644986118306296,0.211602202765157,0.362787773969199,0.457097329453216,0.699676765956372,0.847114248431961,0.0644986118306296,0.211602202765157,0.362787773969199,0.457097329453216,0.699676765956372,0.847114248431961,1,1,150.000015727529,213.494115196333,-34.5730929434434,536.35950421831,1011.9950752005,7162.40474950526,1.84083319203208,3.51827674200604,-0.383419794629726,-0.168756858660556,3.51827674200604,-0.383419794629726,7.81403937089887,-0.389565202916362,-89.5712519529216,0.620588611229038,7.48213831892512,1106.99020935319,3.32158629309135e-20,1.62648526195188,1.26698104364129,1.06138852202896,0.985967565878555,0.774128122070618,0.675201312363295,0.114586844534528,0.0331316939902094,0.0352798854286012,0.0374374981772732,0.0446269742735132,0.0513767149255285,3429.88115821269,31.3427226330584,17.3232166618681,7.235932310846,123.974786981287,119.668459527789,2568.94423923662,360.248063715509,30.1046698092553,0.255216999110661,0.345246518988192,0.0255325428596714,0.255216999110661,0.345246518988192,1.13474473465391,0.166160313499413,0.919868103743113,0.551530609603994,0.53800417655524,0.377088583646704,1.41091428076713e-15,0.165150054926247,0.0710476018170379,0.0522161100969721,0.046702878636313,0.035437603478745,0.0305069427266569,0.0710068361389751,0.0129209845142946,0.00647968602211599,0.00483070212186915,0.00414056032594329,0.00468358622377072,1.55427506952179,0.00792300429548607
-0.18,16.156,1.23632,0.2,0.0663346874455249,0.224352538776443,0.420450748367668,0.447628063395702,0.764756871961125,0.767207920289687,0.0663346874455249,0.224352538776443,0.420450748367668,0.447628063395702,0.764756871961125,0.767207920289687,0.0663346874455249,0.224352538776443,0.420450748367668,0.447628063395702,0.764756871961125,0.767207920289687,1,1,150.000015727529,190.71071763358,-17.7001978085616,616.276085824394,398.245289521925,5786.90750963441,-27.0571804719404,2.34464222476825,-0.597023242370586,-0.0788533559004271,2.41108124153734,-0.20115409945839,4.06223366940944,-0.310518269364649,-101.013666284762,0.309285446870118,4.81697052390376,1173.60327049266,9.51684439120928,1.5670286428497,0.987587813769399,0.703340922820539,0.610800697843975,0.38651418602229,0.344313592334132,0.0420680033714196,0.0194673904801583,0.01928770044787,0.0165922402874701,0.0156985909801062,0.0138545790021873,4999.98614727633,43.0933663160088,17.3232166618681,28.9072776072399,122.866854523362,118.655850462107,2540.83031632894,861.617168823433,22.1394420480554,0.410330704031578,0.399725747218088,0.0285868584111667,0.453405762745459,0.350110451506001,1.50716543110215,0.322167899119891,1.24461201897989,0.557474868744572,0.928460725624354,0.590008589850132,0.00661775956916486,0.156443141669218,0.103870418407891,0.0814821875674267,0.07480958553591,0.055403475454937,0.0545875903138329,0.0373353588717017,0.0089831443626794,0.00453761231794515,0.00287615198218936,0.00727237958943215,0.00735689927190178,2.44261552071895,0.00941630161495927
-12.42,6.916,1.31824,0.2,0.0836462575288232,0.183551463540328,0.388479198206141,0.604660058849474,0.663618869386171,0.939577285282306,0.0836462575288232,0.183551463540328,0.388479198206141,0.604660058849474,0.663618869386171,0.939577285282306,0.0836462575288232,0.183551463540328,0.388479198206141,0.604660058849474,0.663618869386171,0.939577285282306,1,1,150.000015727529,100.982810123945,-10.8655662410165,265.255392146651,317.204225122383,3435.43099677117,-12.4868298933757,1.76082480991563,-0.164927955994167,-0.0438069221956046,1.76082480991563,-0.164927955994167,1.01219158066868,-0.0871081590122904,-43.4894698468909,0.2710516768045,3.81443537131549,769.878658473078,-5.08001803978754e-18,1.20741724820331,0.879776752421624,0.771725820227062,0.704261306113947,0.64857131548797,0.535005166128528,0.0148963250268722,0.0169986798250182,0.0188230942610145,0.0264598875117175,0.0223096864909905,0.0372167899177169,733.779377148214,9.64145328611602,17.3232166618681,3.11405241042614,122.590698506645,120.085813456786,2535.24904918477,207.418488642567,15.0496253049188,0.179378531710377,0.338349296059681,0.00932571221783534,0.179378531710377,0.338349296059681,0.410197263953473,0.0918117242039116,0.463346275469801,0.540537946990423,0.368192820598673,0.167206559235505,1.21222883596396e-15,0.127451494247034,0.0378228755890815,0.0146059706297834,0.0202838919959218,0.0278078913040836,0.0241337709525816,0.0200339538315466,0.00449314403160274,0.00213504326677699,0.0022668738725416,0.00249570291860868,0.00695540938815238,0.745834032263148,0.00850449206561255
-4.98,6.124,1.3912,0.2,0.0557116785307737,0.186830121371801,0.363929615046397,0.480770494597001,0.71374814022767,0.820859312042357,0.0557116785307737,0.186830121371801,0.363929615046397,0.480770494597001,0.71374814022767,0.820859312042357,0.0557116785307737,0.186830121371801,0.363929615046397,0.480770494597001,0.71374814022767,0.820859312042357,1,1,150.000015727529,96.545096344131,-8.99525068742839,251.934245391105,273.725703999583,3335.10123945422,-14.4534287765858,1.76484480783252,-0.160452303280908,-0.044301985209874,1.76484480783252,-0.160452303280908,1.01650871638371,-0.0846374695594209,-42.1039245911885,0.266717681887303,3.87528528278305,757.363420477031,-6.74156110821785e-18,1.01058363712113,0.752210988438704,0.683805572336214,0.68205231746693,0.576965191125924,0.55595748359546,0.0121156254527653,0.0166009933340277,0.0172150463493386,0.018815274450578,0.021150322883033,0.0254591948755338,631.398177273202,8.43332121653991,17.3232166618681,2.4148432949478,123.811657733837,118.856079587947,2561.61226937648,160.414908516962,14.9900583054934,0.155491029605834,0.341046101200462,0.00821935878582982,0.155491029605834,0.341046101200462,0.352732197632243,0.0719448045880916,0.44386504628425,0.544724392930119,0.316610139079209,0.143095710807412,1.27908203383992e-15,0.0577439613179305,0.0322436395386744,0.0318153238299434,0.0347318727763977,0.0320641334003598,0.0304071894335926,0.00886923046087979,0.00298698063417122,0.00202650636370142,0.00172988489808037,0.00121704468723859,0.00237052474580146,0.617358123232319,0.00728391040947167
8.22,6.652,1.34512,0.2,0.079711809782619,0.249124620169798,0.357649489121811,0.446838957890909,0.747167654122003,0.779764628997759,0.079711809782619,0.249124620169798,0.357649489121811,0.446838957890909,0.747167654122003,0.779764628997759,0.079711809782619,0.249124620169798,0.357649489121811,0.446838957890909,0.747167654122003,0.779764628997759,1,1,150.000015727529,102.804928653266,-10.1560415080721,266.719331319654,311.740906613894,3545.93875637954,-12.1571238726174,1.87134944276638,-0.173275762200187,-0.04940772211228,1.87134944276638,-0.173275762200187,1.24026369795855,-0.095510802010728,-43.8164316217059,0.287704308412665,4.10620091657119,772.811144672432,1.43960960629102e-17,1.14908657431517,0.822154931777939,0.750205718154359,0.740853098635558,0.596504916154569,0.596704822414331,0.0143067267982502,0.019313163420477,0.0176269753150713,0.0197677085720237,0.0255756556608686,0.0285015342151859,758.214654723466,9.92469565670247,17.3232166618681,2.07820663814901,122.842696320651,119.758036444022,2535.21240806893,114.762050015797,15.8681279948065,0.115315562795603,0.333989842240701,0.00665627912264831,0.115315562795603,0.333989842240701,0.396855721686089,0.0982013974182705,0.459457259909227,0.532823319033933,0.238111207700295,0.180689512715058,1.29422727064618e-15,0.164676936624989,0.102195316994072,0.0811120102569545,0.0675284663511708,0.049294100631606,0.0438769031480903,0.0203130492276669,0.00743466400572201,0.00439744581124408,0.00368717490641243,0.00510522176813455,0.00622230852709468,0.816135972153256,0.0092691845474922
9.66,20.38,1.32848,0.2,0.0714494695155903,0.242203009192243,0.33595450865506,0.578619577191311,0.660101025818347,0.817434755121974,0.0714494695155903,0.242203009192243,0.33595450865506,0.578619577191311,0.660101025818347,0.817434755121974,0.0714494695155903,0.242203009192243,0.33595450865506,0.578619577191311,0.660101025818347,0.817434755121974,1,1,150.000015727529,162.878243932924,-10.3183992408083,619.38057494011,144.674199770857,4268.17654410999,-46.3429871888344,1.20110918654307,-0.436595251302989,-0.0267817483699615,1.27549025101552,-0.0800055070617645,-0.617853877023227,-0.73185846499323,-101.100078116863,0.0970679014654723,2.10720215900427,1173.68742839288,16.3863764191227,1.48015191125925,0.910528642849703,0.579162691386314,0.366530215602541,0.197648451591751,0.114954877696177,0.124231781936257,0.0229305918397042,0.0130645172377877,0.011272247161754,0.0090037832517446,0.00932284449536507,4999.98448078325,43.0936100406211,17.3232166618681,52.6998553881957,120.246673220445,117.933417305781,2504.29309582751,1529.85787826291,20.5581212808128,0.611366652876106,0.500593487414328,0.0218614882565537,0.70497180628521,0.356892897335755,2.64758740026544,0.496952658376674,1.63447523565836,0.565943273071452,1.40744011876187,0.812209730651268,0.00549844316308337,0.353394733800402,0.278802052625607,0.216724134499573,0.154337114644255,0.119537066894695,0.0833494340030198,0.132991453165336,0.0210613105504391,0.00936987060094636,0.00610652948439623,0.00237271025890284,0.00202521569588977,3.01759920502318,0.0105201987865615
-12.54,12.108,1.19536,0.2,0.0660723909291113,0.252038982686663,0.435865602909834,0.543898934980427,0.676810782765513,0.980671968326905,0.0660723909291113,0.252038982686663,0.435865602909834,0.543898934980427,0.676810782765513,0.980671968326905,0.0660723909291113,0.252038982686663,0.435865602909834,0.543898934980427,0.676810782765513,0.980671968326905,1,1,150.000015727529,198.179439641704,-28.7234437765858,475.371586293095,847.072157160713,6633.71232163316,0.455405309863556,3.21189209457348,-0.336916368563691,-0.141031160295803,3.21189209457348,-0.336916368563691,5.95001145713988,-0.307556615228622,-79.3959181335279,0.542665013027809,6.77931017602334,1041.57212790334,2.84140020831166e-18,1.58783803770441,1.25464680762421,1.02932843453807,0.943600895740025,0.791279616706594,0.598999583376732,0.138044086032705,0.0391699739610457,0.0418418050203104,0.0439717519008436,0.0442677908551193,0.0598117154463077,2857.21393604833,27.7485741068638,17.3232166618681,12.4534611210819,126.12451368743,119.312110881477,2621.40703738215,554.338034039283,28.3595715959346,0.349349719152417,0.356583750489119,0.0313472941118168,0.349349719152417,0.356583750489119,1.17740505777623,0.17994962956923,0.822247423963039,0.569964315847104,0.732313593765776,0.494795983518156,1.28641272820734e-15,0.191656619251677,0.068248827313379,0.0192477466142444,0.0160170665238957,0.0213411430228031,0.0214817768661349,0.103330694492048,0.0148264512600984,0.00449757066160673,0.00306564054503411,0.00269738959930162,0.00384655890925306,1.40440435760498,0.00759234484918942
9.18,12.196,1.39888,0.2,0.0643674635724228,0.260053479608043,0.427301794830853,0.446049852386117,0.776189863556555,0.746660578767388,0.0643674635724228,0.260053479608043,0.427301794830853,0.446049852386117,0.776189863556555,0.746660578767388,0.0643674635724228,0.260053479608043,0.427301794830853,0.446049852386117,0.776189863556555,0.746660578767388,1,1,150.000015727529,259.220799916676,-38.5186105426518,569.208926153525,1148.92627855432,8839.0834288095,-3.83238554621393,4.49691313404854,-0.471829982814291,-0.27676187897094,4.49691313404854,-0.471829982814291,12.0072897614832,-0.525140245807728,-95.4514915113009,0.772302225809812,9.71745911884179,1145.7880429122,2.22876305051557e-17,1.57067857514842,1.14496955525466,0.953418623060099,0.92869415685866,0.69167052390376,0.698320779085512,0.0857491135558797,0.030306658889699,0.0322814728674096,0.0315854660972815,0.042791285282783,0.0401480293719404,4173.6960733257,36.8493271534216,17.3232166618681,6.05598942728602,124.30016947457,118.665047430883,2559.41636426301,292.961156799114,39.0972986778639,0.2059015186204,0.337200253340958,0.0262125783016303,0.2059015186204,0.337200253340958,1.29209846502548,0.169620712874594,0.921686805172439,0.537738478008027,0.454361393446449,0.408715891329201,1.36209843808766e-15,0.2701270542269,0.139449583605734,0.0894136685988902,0.0779226910297153,0.0467774952326,0.0445053636334202,0.0852570169037967,0.018708315717031,0.0100799461312693,0.00693014688350843,0.00739353720558544,0.00732440651688271,4.81652041982823,0.0383501594562947
10.14,20.028,1.3016,0.2,0.0616133501500799,0.241474418563027,0.316543210342704,0.449206274405288,0.728698975390924,0.938435766308845,0.0616133501500799,0.241474418563027,0.316543210342704,0.449206274405288,0.728698975390924,0.938435766308845,0.0616133501500799,0.241474418563027,0.316543210342704,0.449206274405288,0.728698975390924,0.938435766308845,1,1,150.000015727529,163.6602166441,-11.0124622549734,619.272565357775,170.876545464014,4342.50109363608,-44.0156400374961,1.25175809811478,-0.445102135131757,-0.027420755129674,1.32560126028539,-0.0882941279986459,-0.435197781719613,-0.694113254671389,-101.103812102906,0.110604834496407,2.21655825042183,1173.70753046558,15.763880845745,1.48478945943131,0.919789980210397,0.60017618998021,0.41877618998021,0.206766998229351,0.122276871336319,0.123756664956359,0.0233346111193834,0.013099386105614,0.0107341797729403,0.00951223799604207,0.00921594719300073,4999.98396000417,43.0934954692222,17.3232166618681,50.4040206791058,120.768224567497,117.944887586019,2515.94545960476,1448.35906251978,20.1392647744503,0.563657954098057,0.483480819487282,0.0209733746231515,0.651341621902339,0.356675194406269,3.23315831872068,0.495215927009716,1.57711445622198,0.565157853334344,1.27654110313272,0.902585726961401,0.00583630597649784,0.36332912614536,0.280693596515121,0.219681472918042,0.167402428452439,0.114381953849122,0.0755212891223173,0.134025141824119,0.021690380742027,0.00958906630932088,0.0055151606617739,0.00300662900717556,0.00253492520665936,3.43286095820962,0.0104437583677963
-9.9,12.636,1.11344,0.2,0.0633182775067684,0.175901261933556,0.302270196877736,0.504443659740786,0.583587928218164,0.758075768501999,0.0633182775067684,0.175901261933556,0.302270196877736,0.504443659740786,0.583587928218164,0.758075768501999,0.0633182775067684,0.175901261933556,0.302270196877736,0.504443659740786,0.583587928218164,0.758075768501999,1,1,150.000015727529,226.824049578169,-30.5790865555671,567.249234454743,955.398913722529,7677.21914383918,1.7391703665764,3.83429528174148,-0.400959647517447,-0.202147099260494,3.83429528174148,-0.400959647517447,9.44708936569107,-0.454373395710864,-94.3480366628477,0.652484576364962,8.21491167586709,1137.09426101448,-1.00117411561295e-17,1.58480231225914,1.24556556608687,1.06312820539527,0.934438016873243,0.818765732736171,0.709922966357671,0.082888771690449,0.025309797833559,0.0294714061035309,0.0387537016977398,0.0368861295698365,0.0445623497552339,3741.49911467555,33.2847547130508,17.3232166618681,13.4536831115451,124.912202235288,120.824718203027,2604.70048008999,602.549701349171,33.2281148508691,0.391139281175871,0.358349069366824,0.0422441925763599,0.391139281175871,0.358349069366824,1.33737213794302,0.176062003379164,0.969862849576695,0.573528304421879,0.832981028389224,0.326549795510097,1.36950917022386e-15,0.175770341043324,0.0555673380684684,0.0202787046604595,0.0213652586570691,0.0245593462480644,0.0272439863890451,0.0723371976389205,0.0103728858937848,0.00404341943030074,0.00323603090930951,0.00320810592767912,0.0042483660828498,6.07491634437206,0.0497900250941753
-14.94,18.268,1.1288,0.2,0.0694822456424882,0.195573208922397,0.307408481725125,0.589667054258411,0.770913098204818,1,0.0694822456424882,0.195573208922397,0.307408481725125,0.589667054258411,0.770913098204818,1,0.0694822456424882,0.195573208922397,0.307408481725125,0.589667054258411,0.770913098204818,1,1,1,150.000015727529,178.945943130924,-16.1692816300386,617.063670450995,358.923675356734,5229.22362253932,-28.1480857517134,1.92908186647224,-0.54490068846995,-0.0532277762733049,1.99755598375169,-0.167404473657952,2.32106219512551,-0.403369441860223,-101.091166545153,0.248045291796687,3.81871159254244,1173.63785022393,10.9826997187794,1.55685897302364,1.07329360483283,0.782816592021665,0.566315904593271,0.374430653056973,0.261847401312364,0.147658940763462,0.022121597190376,0.0164175540047912,0.0203806301426935,0.0186406024372461,0.00539143327778356,5000.03718362671,43.094292261223,17.3232166618681,27.2621498611264,121.66837278228,118.086591140187,2503.31018548513,734.232246613371,21.9196638159581,0.328248742326379,0.393234284920441,0.0198371106463141,0.379800204625012,0.343700536976396,1.49940455292844,0.303054246016086,1.25147182244108,0.547327176595242,0.7584076923067,0.681435771965922,0.0114064276892128,0.32158815423248,0.17340463187277,0.0752605347739957,0.0255648736089691,0.0205363667490273,0.0284501827719356,0.15530634803226,0.0183280946753697,0.00524512129596646,0.00207409498556089,0.00468403958058087,0.00192578796967084,2.39999404177352,0.0123255151811228
-2.7,16.684,1.14672,0.2,0.0606953123426323,0.258960593664219,0.360504091814804,0.593612581782375,0.721663288255275,0.906473235051936,0.0606953123426323,0.258960593664219,0.360504091814804,0.593612581782375,0.721663288255275,0.906473235051936,0.0606953123426323,0.258960593664219,0.360504091814804,0.593612581782375,0.721663288255275,0.906473235051936,1,1,150.000015727529,189.465055723362,-18.977959158421,616.424320383294,435.796328517863,5729.46640974898,-22.6250739640662,2.29403114258931,-0.57848023955838,-0.0748185657743985,2.35716883657953,-0.202495844516196,3.81765277627331,-0.320001001323716,-101.027435683783,0.309831214816165,4.67397885636912,1173.57910634309,9.24310238516824,1.62786636808665,1.05414998437663,0.796939600041663,0.61329227163837,0.444451067597125,0.340542745547339,0.0715656805077596,0.0226562399750026,0.0183354474533902,0.0215336048328299,0.0191963602749713,0.0166476228517863,4999.991459223,43.0936881574835,17.3232166618681,27.165347500299,122.964187750776,118.447294595525,2539.71358272815,794.44622231314,21.8074829993507,0.375718543494823,0.393181341573724,0.0258395222909409,0.417397900105012,0.348615773709543,1.49591428110957,0.327283080050441,1.22980974420058,0.554970112333867,0.846182039535269,0.513785859699819,0.00634832946677415,0.150875505919566,0.0817303989004509,0.0669346430950124,0.0574617378190293,0.0529029101786521,0.0470854400235485,0.0536898460205839,0.00901944916247602,0.0044229986764701,0.00289919597217516,0.00305076193189247,0.00927637788127359,2.03892587265854,0.00830350292237348
10.38,24.692,1.40144,0.2,0.0839085540452368,0.206866363675251,0.323394256805889,0.452362696424459,0.690882157036811,0.940718804255767,0.0839085540452368,0.206866363675251,0.323394256805889,0.452362696424459,0.690882157036811,0.940718804255767,0.0839085540452368,0.206866363675251,0.323394256805889,0.452362696424459,0.690882157036811,0.940718804255767,1,1,150.000015727529,146.885320279138,-9.28588021768566,620.195656702427,160.959106738881,3121.7011350276,-62.909378189772,0.298042632298719,-0.149894132486199,-0.0179122048744922,0.33260336956567,-0.0259526645953547,-4.37729429330278,-1.42689094896365,-100.952029996875,-0.00664007079470887,-0.1852346857619,1173.70065618165,22.2374367253414,1.43502407040933,0.88765925424435,0.478237237301323,0.246797021639413,0.0412863397151339,-0.0562922435454641,0.15469466316842,0.0231529046412874,0.0116553768461618,0.00885291386313926,0.0126723265284866,0.0175426307676284,4999.96292052911,43.0933954796376,17.3232166618681,79.5952485803435,116.274130408267,116.386191902256,2441.72546888659,2380.59599293083,27.5016691989394,0.905430562913851,0.689614457636428,0.0112915364740773,1.07756657116551,0.366376816937346,4.35494861076511,0.829095802809776,2.3474913767893,0.580830473594412,2.17341107860005,1.62697590979321,0.00853435343824137,0.391028143753124,0.366157164309299,0.292784511144161,0.221401695483632,0.154209721278666,0.117634860664249,0.167149945583707,0.0268868590843039,0.0103457667199209,0.00422874353748354,0.00797750496236222,0.0133132461741042,6.41234811149201,0.0207181164780369
-4.86,10.26,1.11984,0.2,0.0867938157257865,0.261510660866476,0.361075012353403,0.573884944162554,0.765636332853081,0.86766158995426,0.0867938157257865,0.261510660866476,0.361075012353403,0.573884944162554,0.765636332853081,0.86766158995426,0.0867938157257865,0.261510660866476,0.361075012353403,0.573884944162554,0.765636332853081,0.86766158995426,1,1,150.000015727529,143.686793042391,-17.5859474331424,351.207082595563,561.15859695865,4838.46995104677,1.14878054681804,2.41767128424123,-0.245983950511405,-0.0808953640245809,2.41767128424123,-0.245983950511405,2.74408239766691,-0.17989508441204,-57.942789292782,0.40093713323508,5.1892404957817,889.050619727108,-1.35111265941048e-17,1.5863020518696,1.26459285491095,1.0859766482658,0.934353817310697,0.748334642224768,0.67344884907822,0.14956958441829,0.0424421143630872,0.0375386709717737,0.0471744401624831,0.0499896375377565,0.0541479710446828,1776.68169982294,20.215663993334,17.3232166618681,4.72724445543436,124.34556755065,118.987088435741,2572.90365536432,263.406039458111,20.8103478459163,0.205246780469336,0.343704485603595,0.0145120654053243,0.205246780469336,0.343704485603595,0.688153073428647,0.27462897078353,0.610167472121667,0.548993751683546,0.42921116351386,0.258146198206163,1.37122780923324e-15,0.118467706591984,0.0508397292456966,0.0354761954293257,0.0309167969155987,0.0291594846240679,0.0287585119460713,0.0784920468184794,0.0123790293569678,0.00536465967041092,0.0046371849535381,0.00363838321663722,0.00427813569545717,0.910315573652522,0.00616603636273855
0.540000000000001,4.892,1.35024,0.2,0.0850888883690981,0.173351194731299,0.373064343663976,0.562837467095455,0.60029768516533,0.909897791972319,0.0850888883690981,0.173351194731299,0.373064343663976,0.562837467095455,0.60029768516533,0.909897791972319,0.0850888883690981,0.173351194731299,0.373064343663976,0.562837467095455,0.60029768516533,0.909897791972319,1,1,150.000015727529,72.460731173836,1.82915688782418,223.448333506926,0.293017779397905,2466.95031767524,-15.4509751067597,1.29789094885949,-0.0896843025736902,-0.0244039547963754,1.29789094885949,-0.0896843025736902,0.2387681788772,-0.0532427281272784,-37.0657671075929,0.150859134288095,2.85418852202895,710.545255702536,1.43834201645662e-17,0.740977304447452,0.553471492552859,0.525575242162275,0.532691313404854,0.515544818248099,0.457852327882513,0.0123048445995209,0.0154772285178627,0.016499604207895,0.0189314935944173,0.0179357629413603,0.0250678887615873,274.948526195188,3.91432413290281,17.3232166618681,2.08992758215744,123.057772445494,119.201602096571,2541.31631035785,72.3796913430107,10.9860121680511,0.101232072910598,0.335689203841719,0.00415901521467199,0.101232072910598,0.335689203841719,0.242808670462931,0.0573478059265204,0.390865835791272,0.535764743250999,0.191477943348772,0.0828568024580637,1.0440358104895e-15,0.05738008169638,0.0442423617554391,0.0399974274499076,0.0382695073289672,0.0381108650910787,0.0292766113819116,0.00556434798132778,0.00253439445826134,0.00204199161604522,0.00179448547006563,0.00106331413105317,0.000806130010786966,0.312100018300406,0.00417501619765341
8.82,21.524,1.2312,0.2,0.0571543093710485,0.228359787237133,0.410174178672892,0.476035861568244,0.602936067841198,0.97610589243306,0.0571543093710485,0.228359787237133,0.410174178672892,0.476035861568244,0.602936067841198,0.97610589243306,0.0571543093710485,0.228359787237133,0.410174178672892,0.476035861568244,0.602936067841198,0.97610589243306,1,1,150.000015727529,154.15908342881,-9.75688372107072,619.905114050619,153.730624414123,3915.9354233934,-44.5512509113634,0.990958157902302,-0.393302802270596,-0.0201039943547547,1.06372193269451,-0.0719520989574003,-1.43859243345672,-0.8804127833559,-101.088413706905,0.0819728529840642,1.62212622275805,1173.6802416415,17.7781043641282,1.49563041349859,0.932448067909594,0.553205103635039,0.372207623164254,0.182274572731903,0.069952801511301,0.125311581525362,0.022980475251328,0.0140466597229455,0.0103766507655453,0.00840478606395168,0.00953273596500364,4999.99125091136,43.0934829705238,17.3232166618681,53.6604452593402,119.063923056317,117.613149871951,2476.97997322941,1521.41060984407,19.1701154325026,0.579833618696143,0.50082528172055,0.0170285909690483,0.680531995607388,0.352003327212526,3.10451345618312,0.539956841342603,1.65530733994086,0.557420663503241,1.33805194508921,0.701660370077049,0.00505902068857198,0.337625479834174,0.283560012553681,0.21247238565427,0.17221003349464,0.125547760764943,0.0830688107845992,0.131669838551384,0.0215653663024941,0.00977186588075107,0.00521760647028422,0.00237519608402336,0.00236130126902324,2.68858050133172,0.00932139935891617
1.38,9.82,1.27984,0.2,0.0728921003558652,0.179544215079638,0.394759324130727,0.521803980846228,0.632837738167707,0.775198553103915,0.0728921003558652,0.179544215079638,0.394759324130727,0.521803980846228,0.632837738167707,0.775198553103915,0.0728921003558652,0.179544215079638,0.394759324130727,0.521803980846228,0.632837738167707,0.775198553103915,1,1,150.000015727529,170.645932715342,-24.4970403030934,391.775606707634,733.304525355692,5863.31694615144,-3.95528591813352,3.01355337985627,-0.3117040572857,-0.125499129257369,3.01355337985627,-0.3117040572857,4.62288459535465,-0.242505145605312,-65.5942505988961,0.51127716310801,6.52924643266326,946.559150088529,-2.10604650036455e-17,1.56734100614519,1.15961990417665,0.957784939068847,0.882220904072493,0.764855160920737,0.682864909905218,0.0386803641881054,0.0203452388650141,0.0294784876575357,0.0356994156858661,0.0354993750650974,0.0423605999375065,2144.2819497969,22.9153546505572,17.3232166618681,4.9290360331295,124.237360903621,118.877106065769,2568.59340523838,268.293779926358,25.878620919579,0.204750205253464,0.342344974310276,0.0178611763158971,0.204750205253464,0.342344974310276,0.770693654696024,0.141597304537116,0.677427919986316,0.54666008580191,0.431151954668672,0.198860992258212,1.37161229644812e-15,0.137166537140183,0.0803077677116239,0.0607947947009286,0.0514184958155387,0.0401265393354474,0.0338154116555157,0.0303167811843927,0.0089886728890131,0.00673520148672248,0.00518119022504721,0.00581824329561042,0.00630094254642674,0.820680732418375,0.00502304496434406
-5.46,11.316,1.24784,0.2,0.0856134814019253,0.246574552967541,0.342805555118245,0.498919921207236,0.661859947602259,0.750085135687771,0.0856134814019253,0.246574552967541,0.342805555118245,0.498919921207236,0.661859947602259,0.750085135687771,0.0856134814019253,0.246574552967541,0.342805555118245,0.498919921207236,0.661859947602259,0.750085135687771,1,1,150.000015727529,213.507270076034,-31.0888049328195,505.73306947193,929.704945786897,7297.26924278721,-3.40392482574732,3.71454827622123,-0.387582323785022,-0.190252879908343,3.71454827622123,-0.387582323785022,8.12462608061661,-0.38223214981252,-84.1139016769087,0.634151250289553,8.02107499218831,1073.49276117071,-2.94118623060098e-18,1.5776187897094,1.14462160191647,0.992132173731901,0.900564347463806,0.752733944380793,0.697112311217582,0.0454499378320591,0.0250742844495365,0.0276353768357463,0.0352885293198625,0.0381705259868764,0.0416275856681596,3127.76044162066,29.4736079575052,17.3232166618681,10.1168252624274,124.788860988647,119.852481005489,2592.44618522288,477.326230925912,31.9403062171852,0.324638307369712,0.352460669315248,0.0341888765762933,0.324638307369712,0.352460669315248,1.12695980331808,0.1466008152047,0.85445950528091,0.563739868661812,0.691673686008982,0.499973634863668,1.41162490137975e-15,0.122858950617812,0.0416573626442587,0.0327963714830084,0.0321704130473834,0.0272111378229085,0.0278005963005856,0.0333898571320554,0.00697623495638472,0.0044349125771237,0.00355905045614341,0.00428294970206193,0.00521911958008513,1.16864485835125,0.00586852792486033
1.5,4.188,1.12752,0.2,0.0858757779183389,0.208323544933683,0.334241747039264,0.556524623057112,0.678569704549425,0.756934249528538,0.0858757779183389,0.208323544933683,0.334241747039264,0.556524623057112,0.678569704549425,0.756934249528538,0.0858757779183389,0.208323544933683,0.334241747039264,0.556524623057112,0.678569704549425,0.756934249528538,1,1,150.000015727529,56.4602791375898,-4.56212521195708,214.111894594313,111.562965732736,1884.19841683158,-14.5568886574315,1.00630102072701,-0.0829789018956359,-0.015252874700552,1.00630102072701,-0.0829789018956359,-0.16021896249349,-0.0353350988249141,-34.9138558483492,0.13947613054161,2.22938870950943,689.741891469634,-2.03256521959171e-17,0.554502260181231,0.412515206749297,0.423083199666701,0.443825872304969,0.424360077075303,0.451901656077492,0.0120423493386106,0.0153838995937923,0.00921002114363087,0.011637272784085,0.0184985647328403,0.0212031330069784,129.887074263098,1.90495854598481,17.3232166618681,2.79044900531093,123.07856415399,119.184237086012,2540.3686322014,33.812563949317,8.46974916858507,0.0805769605783277,0.334893253589714,0.00277961964308715,0.0805769605783277,0.334893253589714,0.175006635318997,0.050533539483379,0.367594865376912,0.534439878385921,0.138908250345968,0.0522526423886463,1.07167612855461e-15,0.048809098516732,0.0383303651112799,0.0362289092670167,0.0344712201718686,0.0336461634569093,0.0315748005134705,0.00350388704935198,0.00213003934331838,0.00360129380935848,0.00558257836471511,0.00227744643236534,0.000616159692432194,0.160457002304618,0.00226208562738449
