WindDirection,WindSpeed,AirDensity,WindShear,B1Er1,B1Er2,B1Er3,B1Er4,B1Er5,B1Er6,B2Er1,B2Er2,B2Er3,B2Er4,B2Er5,B2Er6,B3Er1,B3Er2,B3Er3,B3Er4,B3Er5,B3Er6,Alpha,Shape
0.0899999999999999,23.702,1.14576,0.2,0,0,0,0,0,0,0,0,0,0,0,0,0,0,0,0,0,0,0,1
-12.45,23.438,1.3608,0.2,0,0,0,0,0,0,0,0,0,0,0,0,0,0,0,0,0,0,0,1
-5.07,13.714,1.24496,0.2,0,0,0,0,0,0,0,0,0,0,0,0,0,0,0,0,0,0,0,1
-6.33,11.69,1.16944,0.2,0,0,0,0,0,0,0,0,0,0,0,0,0,0,0,0,0,0,0,1
12.51,4.21,1.19952,0.2,0,0,0,0,0,0,0,0,0,0,0,0,0,0,0,0,0,0,0,1
-8.13,23.218,1.25136,0.2,0,0,0,0,0,0,0,0,0,0,0,0,0,0,0,0,0,0,0,1
-1.65,3.374,1.2328,0.2,0,0,0,0,0,0,0,0,0,0,0,0,0,0,0,0,0,0,0,1
-2.73,6.674,1.3,0.2,0,0,0,0,0,0,0,0,0,0,0,0,0,0,0,0,0,0,0,1
9.21,10.59,1.29936,0.2,0,0,0,0,0,0,0,0,0,0,0,0,0,0,0,0,0,0,0,1
-14.73,3.198,1.10416,0.2,0,0,0,0,0,0,0,0,0,0,0,0,0,0,0,0,0,0,0,1
8.19,6.586,1.13232,0.2,0,0,0,0,0,0,0,0,0,0,0,0,0,0,0,0,0,0,0,1
0.930000000000001,18.862,1.24816,0.2,0,0,0,0,0,0,0,0,0,0,0,0,0,0,0,0,0,0,0,1
-13.71,14.682,1.33904,0.2,0,0,0,0,0,0,0,0,0,0,0,0,0,0,0,0,0,0,0,1
-2.25,9.93,1.35056,0.2,0,0,0,0,0,0,0,0,0,0,0,0,0,0,0,0,0,0,0,1
-2.01,8.126,1.30192,0.2,0,0,0,0,0,0,0,0,0,0,0,0,0,0,0,0,0,0,0,1
-0.57,14.726,1.21744,0.2,0,0,0,0,0,0,0,0,0,0,0,0,0,0,0,0,0,0,0,1
4.05,6.014,1.38128,0.2,0,0,0,0,0,0,0,0,0,0,0,0,0,0,0,0,0,0,0,1
-0.75,11.074,1.17712,0.2,0,0,0,0,0,0,0,0,0,0,0,0,0,0,0,0,0,0,0,1
5.79,8.654,1.10352,0.2,0,0,0,0,0,0,0,0,0,0,0,0,0,0,0,0,0,0,0,1
14.13,22.558,1.34032,0.2,0,0,0,0,0,0,0,0,0,0,0,0,0,0,0,0,0,0,0,1
7.41,17.938,1.32688,0.2,0.0199518411894343,0.0500768461770685,0.0921539168909462,0.141421086753398,0.14464216308544,0.17753895194472,0.0199518411894343,0.0500768461770685,0.0921539168909462,0.141421086753398,0.14464216308544,0.17753895194472,0.0199518411894343,0.0500768461770685,0.0921539168909462,0.141421086753398,0.14464216308544,0.17753895194472,0.25,1
-2.67,10.766,1.39344,0.2,0.0191464296798916,0.0502645628530319,0.104473304628612,0.121940785754424,0.184906900452331,0.208641892922788,0.0191464296798916,0.0502645628530319,0.104473304628612,0.121940785754424,0.184906900452331,0.208641892922788,0.0191464296798916,0.0502645628530319,0.104473304628612,0.121940785754424,0.184906900452331,0.208641892922788,0.25,1
-12.69,17.102,1.32816,0.2,0.0196530595004104,0.0426620374765169,0.0853782536352302,0.106056848016799,0.1392564338835,0.231483115203557,0.0196530595004104,0.0426620374765169,0.0853782536352302,0.106056848016799,0.1392564338835,0.231483115203557,0.0196530595004104,0.0426620374765169,0.0853782536352302,0.106056848016799,0.1392564338835,0.231483115203557,0.25,1
12.09,8.918,1.39216,0.2,0.0178863503827038,0.0639209510293643,0.0763440359609423,0.144318157158374,0.180034097841051,0.181102830598457,0.0178863503827038,0.0639209510293643,0.0763440359609423,0.144318157158374,0.180034097841051,0.181102830598457,0.0178863503827038,0.0639209510293643,0.0763440359609423,0.144318157158374,0.180034097841051,0.181102830598457,0.25,1
-5.55,8.522,1.2456,0.2,0.0201077272880555,0.0591811049612902,0.0864733103230227,0.122040684733906,0.140538750360152,0.212043777092265,0.0201077272880555,0.0591811049612902,0.0864733103230227,0.122040684733906,0.140538750360152,0.212043777092265,0.0201077272880555,0.0591811049612902,0.0864733103230227,0.122040684733906,0.140538750360152,0.212043777092265,0.25,1
7.29,8.258,1.4152,0.2,0.0173147680210928,0.0481527502484444,0.0855835767641913,0.143618864302,0.196063053799209,0.193090422433754,0.0173147680210928,0.0481527502484444,0.0855835767641913,0.143618864302,0.196063053799209,0.193090422433754,0.0173147680210928,0.0481527502484444,0.0855835767641913,0.143618864302,0.196063053799209,0.193090422433754,0.25,1
7.89,17.542,1.40496,0.2,0.0159507646581575,0.0551921255970694,0.103515130026793,0.148913510214542,0.148232649220068,0.223059402021997,0.0159507646581575,0.0551921255970694,0.103515130026793,0.148913510214542,0.148232649220068,0.223059402021997,0.0159507646581575,0.0551921255970694,0.103515130026793,0.148913510214542,0.148232649220068,0.223059402021997,0.25,1
7.53,14.462,1.24176,0.2,0.0188606384990861,0.0615744925798227,0.0796292060243197,0.136725834717748,0.143231614961123,0.194548372792101,0.0188606384990861,0.0615744925798227,0.0796292060243197,0.136725834717748,0.143231614961123,0.194548372792101,0.0188606384990861,0.0615744925798227,0.0796292060243197,0.136725834717748,0.143231614961123,0.194548372792101,0.25,1
1.35,3.99,1.36272,0.2,0.0183540086785673,0.0527048796405552,0.104131099413676,0.130931693907796,0.156311243022979,0.208479898438528,0.0183540086785673,0.0527048796405552,0.104131099413676,0.130931693907796,0.156311243022979,0.208479898438528,0.0183540086785673,0.0527048796405552,0.104131099413676,0.130931693907796,0.156311243022979,0.208479898438528,0.25,1
-6.09,3.858,1.3992,0.2,0.0176914927594273,0.0481996794174352,0.104952391929521,0.15141098470159,0.180418792784047,0.250112480893546,0.0176914927594273,0.0481996794174352,0.104952391929521,0.15141098470159,0.180418792784047,0.250112480893546,0.0176914927594273,0.0481996794174352,0.104952391929521,0.15141098470159,0.180418792784047,0.250112480893546,0.25,1
5.73,9.006,1.3704,0.2,0.0174057015786218,0.060354334186061,0.0965341436421161,0.107755130667991,0.150540818878042,0.177376957460459,0.0174057015786218,0.060354334186061,0.0965341436421161,0.107755130667991,0.150540818878042,0.177376957460459,0.0174057015786218,0.060354334186061,0.0965341436421161,0.107755130667991,0.150540818878042,0.177376957460459,0.25,1
-0.51,14.55,1.24048,0.2,0.0166262710855159,0.0601196883411068,0.0777128568206829,0.110552302093485,0.197986528514187,0.232779071077643,0.0166262710855159,0.0601196883411068,0.0777128568206829,0.110552302093485,0.197986528514187,0.232779071077643,0.0166262710855159,0.0601196883411068,0.0777128568206829,0.110552302093485,0.197986528514187,0.232779071077643,0.25,1
-1.59,9.49,1.31792,0.2,0.0156130114444783,0.0593218924682627,0.0944809123525052,0.105757151078353,0.13951289717883,0.199570201804185,0.0156130114444783,0.0593218924682627,0.0944809123525052,0.105757151078353,0.13951289717883,0.199570201804185,0.0156130114444783,0.0593218924682627,0.0944809123525052,0.105757151078353,0.13951289717883,0.199570201804185,0.25,1
-1.47,19.17,1.39408,0.2,0.0160027266910312,0.0571162215256935,0.101804103952117,0.121341391877532,0.167467396369856,0.244928657397201,0.0160027266910312,0.0571162215256935,0.101804103952117,0.121341391877532,0.167467396369856,0.244928657397201,0.0160027266910312,0.0571162215256935,0.101804103952117,0.121341391877532,0.167467396369856,0.244928657397201,0.25,1
-2.43,24.318,1.34736,0.2,0.0146647043445328,0.0608705550449602,0.101461898737182,0.112849978621569,0.178495318069068,0.200380174225489,0.0146647043445328,0.0608705550449602,0.101461898737182,0.112849978621569,0.178495318069068,0.200380174225489,0.0146647043445328,0.0608705550449602,0.101461898737182,0.112849978621569,0.178495318069068,0.200380174225489,0.25,1
-10.23,19.126,1.39472,0.2,0.0207052906661033,0.0559429923009227,0.105363038187443,0.15400835816812,0.163492215292233,0.208803887407049,0.0207052906661033,0.0559429923009227,0.105363038187443,0.15400835816812,0.163492215292233,0.208803887407049,0.0207052906661033,0.0559429923009227,0.105363038187443,0.15400835816812,0.163492215292233,0.208803887407049,0.25,1
-6.99,17.41,1.22512,0.2,0.018224103596383,0.0505461378669769,0.100709047264325,0.125637047995255,0.139641128826495,0.255782287842673,0.018224103596383,0.0505461378669769,0.100709047264325,0.125637047995255,0.139641128826495,0.255782287842673,0.018224103596383,0.0505461378669769,0.100709047264325,0.125637047995255,0.139641128826495,0.255782287842673,0.25,1
10.95,19.522,1.38064,0.2,0.0199258601729974,0.0427558958144985,0.107826915734976,0.143419066343036,0.177341233240081,0.246062618787027,0.0199258601729974,0.0427558958144985,0.107826915734976,0.143419066343036,0.177341233240081,0.246062618787027,0.0199258601729974,0.0427558958144985,0.107826915734976,0.143419066343036,0.177341233240081,0.246062618787027,0.25,1
10.11,20.666,1.41008,0.2,0.0165483280362053,0.0557083464559685,0.0762755949179553,0.140022501040651,0.14925850240139,0.250436469862068,0.0165483280362053,0.0557083464559685,0.0762755949179553,0.140022501040651,0.14925850240139,0.250436469862068,0.0165483280362053,0.0557083464559685,0.0762755949179553,0.140022501040651,0.14925850240139,0.250436469862068,0.25,1
-0.989999999999998,15.782,1.2232,0.2,0.0166522521019528,0.046838733516701,0.103720453155754,0.145117348994229,0.17682830664942,0.254648326452848,0.0166522521019528,0.046838733516701,0.103720453155754,0.145117348994229,0.17682830664942,0.254648326452848,0.0166522521019528,0.046838733516701,0.103720453155754,0.145117348994229,0.17682830664942,0.254648326452848,0.25,1
2.25,19.214,1.15088,0.2,0.0180292459731065,0.0472141668686277,0.0765493590899034,0.148414015317132,0.162979288701572,0.189364549295756,0.0180292459731065,0.0472141668686277,0.0765493590899034,0.148414015317132,0.162979288701572,0.189364549295756,0.0180292459731065,0.0472141668686277,0.0765493590899034,0.148414015317132,0.162979288701572,0.189364549295756,0.25,1
6.39,12.174,1.36784,0.2,0.018315037153912,0.0464633001647744,0.094070266094583,0.120042705144267,0.18926677647295,0.205402003237573,0.018315037153912,0.0464633001647744,0.094070266094583,0.120042705144267,0.18926677647295,0.205402003237573,0.018315037153912,0.0464633001647744,0.094070266094583,0.120042705144267,0.18926677647295,0.205402003237573,0.25,1
-9.99,17.146,1.28976,0.2,0.0174966351361508,0.0551451964280785,0.0995455495335454,0.116746038821364,0.193370189198238,0.235532977310077,0.0174966351361508,0.0551451964280785,0.0995455495335454,0.116746038821364,0.193370189198238,0.235532977310077,0.0174966351361508,0.0551451964280785,0.0995455495335454,0.116746038821364,0.193370189198238,0.235532977310077,0.25,1
1.95,9.05,1.41904,0.2,0.0180552269895434,0.0430374708284435,0.103104483768871,0.108854019442292,0.187727996700967,0.226785275159995,0.0180552269895434,0.0430374708284435,0.103104483768871,0.108854019442292,0.187727996700967,0.226785275159995,0.0180552269895434,0.0430374708284435,0.103104483768871,0.108854019442292,0.187727996700967,0.226785275159995,0.25,1
-8.43,9.798,1.25904,0.2,0.0147686284102803,0.0538311796963352,0.0855151357212043,0.134528057169146,0.182085804203696,0.246224613271288,0.0147686284102803,0.0538311796963352,0.0855151357212043,0.134528057169146,0.182085804203696,0.246224613271288,0.0147686284102803,0.0538311796963352,0.0855151357212043,0.134528057169146,0.182085804203696,0.246224613271288,0.25,1
-13.59,3.022,1.172,0.2,0.019731002549721,0.044022983377251,0.0971501130289994,0.130132502071941,0.16413337353056,0.195682334181927,0.019731002549721,0.044022983377251,0.0971501130289994,0.130132502071941,0.16413337353056,0.195682334181927,0.019731002549721,0.044022983377251,0.0971501130289994,0.130132502071941,0.16413337353056,0.195682334181927,0.25,1
-13.11,10.414,1.30832,0.2,0.0189255910401782,0.0543943297242252,0.1061158896603,0.135427147984483,0.179008244659729,0.203620063910704,0.0189255910401782,0.0543943297242252,0.1061158896603,0.135427147984483,0.179008244659729,0.203620063910704,0.0189255910401782,0.0543943297242252,0.1061158896603,0.135427147984483,0.179008244659729,0.203620063910704,0.25,1
11.91,5.486,1.3768,0.2,0.016808138200574,0.0468856626856919,0.0979714055448438,0.132929673497435,0.142333993427466,0.195196350729144,0.016808138200574,0.0468856626856919,0.0979714055448438,0.132929673497435,0.142333993427466,0.195196350729144,0.016808138200574,0.0468856626856919,0.0979714055448438,0.132929673497435,0.142333993427466,0.195196350729144,0.25,1
-0.81,11.998,1.28272,0.2,0.0168471097252293,0.0568815756807394,0.103241365854845,0.124038664323544,0.16169697222492,0.178996902303067,0.0168471097252293,0.0568815756807394,0.103241365854845,0.124038664323544,0.16169697222492,0.178996902303067,0.0168471097252293,0.0568815756807394,0.103241365854845,0.124038664323544,0.16169697222492,0.178996902303067,0.25,1
-10.29,6.366,1.18224,0.2,0.0159117931335022,0.0619968551007402,0.0933174146217257,0.113249574539497,0.164518068473555,0.233103060046165,0.0159117931335022,0.0619968551007402,0.0933174146217257,0.113249574539497,0.164518068473555,0.233103060046165,0.0159117931335022,0.0619968551007402,0.0933174146217257,0.113249574539497,0.164518068473555,0.233103060046165,0.25,1
3.69,20.754,1.2552,0.2,0.0151843246732701,0.0446799917431227,0.0890056289135428,0.142320177568735,0.163620446939899,0.199894190772707,0.0151843246732701,0.0446799917431227,0.0890056289135428,0.142320177568735,0.163620446939899,0.199894190772707,0.0151843246732701,0.0446799917431227,0.0890056289135428,0.142320177568735,0.163620446939899,0.199894190772707,0.25,1
1.41,17.806,1.21808,0.2,0.0167951476923555,0.0489505461212885,0.104883950886534,0.151910479598999,0.154515999955665,0.180130863692892,0.0167951476923555,0.0489505461212885,0.104883950886534,0.151910479598999,0.154515999955665,0.180130863692892,0.0167951476923555,0.0489505461212885,0.104883950886534,0.151910479598999,0.154515999955665,0.180130863692892,0.25,1
-6.39,4.474,1.1208,0.2,0.0201596893209292,0.0489036169522977,0.101530339780169,0.111051796990895,0.152336061945356,0.199408207319924,0.0201596893209292,0.0489036169522977,0.101530339780169,0.111051796990895,0.152336061945356,0.199408207319924,0.0201596893209292,0.0489036169522977,0.101530339780169,0.111051796990895,0.152336061945356,0.199408207319924,0.25,1
4.89,20.094,1.2904,0.2,0.0159897361828128,0.0519540129367019,0.103652012112767,0.144517955117337,0.185035132099996,0.188392582390192,0.0159897361828128,0.0519540129367019,0.103652012112767,0.144517955117337,0.185035132099996,0.188392582390192,0.0159897361828128,0.0519540129367019,0.103652012112767,0.144517955117337,0.185035132099996,0.188392582390192,0.25,1
-3.69,7.29,1.38192,0.2,0.014729656885625,0.0523763754576194,0.0760018307460071,0.14831411633765,0.195293663913217,0.185638676157759,0.014729656885625,0.0523763754576194,0.0760018307460071,0.14831411633765,0.195293663913217,0.185638676157759,0.014729656885625,0.0523763754576194,0.0760018307460071,0.14831411633765,0.195293663913217,0.185638676157759,0.25,1
-7.59,5.97,1.27056,0.2,0.0171458914142532,0.0451023542640402,0.0800398522822419,0.108654221483329,0.186702143519645,0.222411424084954,0.0171458914142532,0.0451023542640402,0.0800398522822419,0.108654221483329,0.186702143519645,0.222411424084954,0.0171458914142532,0.0451023542640402,0.0800398522822419,0.108654221483329,0.186702143519645,0.222411424084954,0.25,1
-8.01,17.322,1.1656,0.2,0.015483106362294,0.0532211004994544,0.0949599996534144,0.124638058200436,0.139897592121826,0.178348924366024,0.015483106362294,0.0532211004994544,0.0949599996534144,0.124638058200436,0.139897592121826,0.178348924366024,0.015483106362294,0.0532211004994544,0.0949599996534144,0.124638058200436,0.139897592121826,0.178348924366024,0.25,1
-3.63,23.614,1.38384,0.2,0.0168601002334477,0.0590403174543177,0.105089274015495,0.142719773486663,0.172340198981136,0.246872591208331,0.0168601002334477,0.0590403174543177,0.105089274015495,0.142719773486663,0.172340198981136,0.246872591208331,0.0168601002334477,0.0590403174543177,0.105089274015495,0.142719773486663,0.172340198981136,0.246872591208331,0.25,1
-14.01,20.71,1.3448,0.2,0.0150414290828673,0.0558960631319319,0.0844885200763988,0.13942310716376,0.175930685115763,0.184342720283672,0.0150414290828673,0.0558960631319319,0.0844885200763988,0.13942310716376,0.175930685115763,0.184342720283672,0.0150414290828673,0.0558960631319319,0.0844885200763988,0.13942310716376,0.175930685115763,0.184342720283672,0.25,1
-5.37,16.134,1.33648,0.2,0.0192373632374206,0.0520009421056927,0.102146309167053,0.144917551035265,0.152977220183682,0.215121672293219,0.0192373632374206,0.0520009421056927,0.102146309167053,0.144917551035265,0.152977220183682,0.215121672293219,0.0192373632374206,0.0520009421056927,0.102146309167053,0.144917551035265,0.152977220183682,0.215121672293219,0.25,1
-0.27,10.458,1.27376,0.2,0.0168730907416661,0.0586179549334002,0.0979029645018567,0.129732906154013,0.163107520349237,0.191308483106886,0.0168730907416661,0.0586179549334002,0.0979029645018567,0.129732906154013,0.163107520349237,0.191308483106886,0.0168730907416661,0.0586179549334002,0.0979029645018567,0.129732906154013,0.163107520349237,0.191308483106886,0.25,1
1.17,8.698,1.2712,0.2,0.0183799896950041,0.0592749632992718,0.101325016651208,0.132430178600025,0.18952323976828,0.211557793639482,0.0183799896950041,0.0592749632992718,0.101325016651208,0.132430178600025,0.18952323976828,0.211557793639482,0.0183799896950041,0.0592749632992718,0.101325016651208,0.132430178600025,0.18952323976828,0.211557793639482,0.25,1
-12.87,12.966,1.18992,0.2,0.0184839137607516,0.0460878668128477,0.107210946348093,0.123539169426134,0.154900694898661,0.248006552598156,0.0184839137607516,0.0460878668128477,0.107210946348093,0.123539169426134,0.154900694898661,0.248006552598156,0.0184839137607516,0.0460878668128477,0.107210946348093,0.123539169426134,0.154900694898661,0.248006552598156,0.25,1
1.29,10.81,1.26416,0.2,0.0188086764662124,0.053878108865326,0.102625396467962,0.132230380641061,0.167980322960517,0.229701175876689,0.0188086764662124,0.053878108865326,0.102625396467962,0.132230380641061,0.167980322960517,0.229701175876689,0.0188086764662124,0.053878108865326,0.102625396467962,0.132230380641061,0.167980322960517,0.229701175876689,0.25,1
-0.930000000000001,24.01,1.4184,0.2,0.0186657808758096,0.0638270926913827,0.0840778738184767,0.107455433729546,0.18683037516731,0.256106276811195,0.0186657808758096,0.0638270926913827,0.0840778738184767,0.107455433729546,0.18683037516731,0.256106276811195,0.0186657808758096,0.0638270926913827,0.0840778738184767,0.107455433729546,0.18683037516731,0.256106276811195,0.25,1
3.51,3.242,1.24368,0.2,0.016054688723905,0.055849133962941,0.0768915643048385,0.140521995938061,0.165800384950208,0.209775854312614,0.016054688723905,0.055849133962941,0.0768915643048385,0.140521995938061,0.165800384950208,0.209775854312614,0.016054688723905,0.055849133962941,0.0768915643048385,0.140521995938061,0.165800384950208,0.209775854312614,0.25,1
7.95,18.51,1.31728,0.2,0.0146127423116591,0.0562714964838585,0.080245175411203,0.145916540830084,0.191318482835594,0.210747821218178,0.0146127423116591,0.0562714964838585,0.080245175411203,0.145916540830084,0.191318482835594,0.210747821218178,0.0146127423116591,0.0562714964838585,0.080245175411203,0.145916540830084,0.191318482835594,0.210747821218178,0.25,1
-8.73,10.15,1.25392,0.2,0.0186268093511543,0.0612459883968868,0.10036684204939,0.147415025522313,0.180931719374708,0.240230817353639,0.0186268093511543,0.0612459883968868,0.10036684204939,0.147415025522313,0.180931719374708,0.240230817353639,0.0186268093511543,0.0612459883968868,0.10036684204939,0.147415025522313,0.180931719374708,0.240230817353639,0.25,1
13.71,11.558,1.32496,0.2,0.0152622677225807,0.0477773168965177,0.0816139962709436,0.107555332709028,0.141821066836805,0.251732425736154,0.0152622677225807,0.0477773168965177,0.0816139962709436,0.107555332709028,0.141821066836805,0.251732425736154,0.0152622677225807,0.0477773168965177,0.0816139962709436,0.107555332709028,0.141821066836805,0.251732425736154,0.25,1
0.33,16.838,1.17648,0.2,0.0198998791565606,0.0594157508062444,0.0833934633886064,0.151011388783662,0.198627686752514,0.231159126235036,0.0198998791565606,0.0594157508062444,0.0833934633886064,0.151011388783662,0.198627686752514,0.231159126235036,0.0198998791565606,0.0594157508062444,0.0833934633886064,0.151011388783662,0.198627686752514,0.231159126235036,0.25,1
13.41,23.746,1.16496,0.2,0.0162755273636183,0.049654483656151,0.0923592400199073,0.108454423524365,0.175033063582106,0.192928427949493,0.0162755273636183,0.049654483656151,0.0923592400199073,0.108454423524365,0.175033063582106,0.192928427949493,0.0162755273636183,0.049654483656151,0.0923592400199073,0.108454423524365,0.175033063582106,0.192928427949493,0.25,1
3.33,21.59,1.12336,0.2,0.0192633442538575,0.0567407881737668,0.0910588602031537,0.146116338789048,0.150027892287381,0.204106047363487,0.0192633442538575,0.0567407881737668,0.0910588602031537,0.146116338789048,0.150027892287381,0.204106047363487,0.0192633442538575,0.0567407881737668,0.0910588602031537,0.146116338789048,0.150027892287381,0.204106047363487,0.25,1
-10.65,24.714,1.3032,0.2,0.0164054324458026,0.0573977965396385,0.0787394724654883,0.12903361329764,0.143488078256453,0.19843624041436,0.0164054324458026,0.0573977965396385,0.0787394724654883,0.12903361329764,0.143488078256453,0.19843624041436,0.0164054324458026,0.0573977965396385,0.0787394724654883,0.12903361329764,0.143488078256453,0.19843624041436,0.25,1
-14.19,4.87,1.3544,0.2,0.0169770148074136,0.0526110213025735,0.0941387071375701,0.105457454139907,0.141179908598479,0.196168317634709,0.0169770148074136,0.0526110213025735,0.0941387071375701,0.105457454139907,0.141179908598479,0.196168317634709,0.0169770148074136,0.0526110213025735,0.0941387071375701,0.105457454139907,0.141179908598479,0.196168317634709,0.25,1
-14.55,6.894,1.33584,0.2,0.0180812080059802,0.0479181044034902,0.0792870008093846,0.112550281683123,0.137461190816186,0.234723004888773,0.0180812080059802,0.0479181044034902,0.0792870008093846,0.112550281683123,0.137461190816186,0.234723004888773,0.0180812080059802,0.0479181044034902,0.0792870008093846,0.112550281683123,0.137461190816186,0.234723004888773,0.25,1
-8.97,24.23,1.32368,0.2,0.0204065089770794,0.064577959395236,0.0814771141849695,0.132729875538471,0.158106486090292,0.202972085973661,0.0204065089770794,0.064577959395236,0.0814771141849695,0.132729875538471,0.158106486090292,0.202972085973661,0.0204065089770794,0.064577959395236,0.0814771141849695,0.132729875538471,0.158106486090292,0.202972085973661,0.25,1
-0.33,4.298,1.13808,0.2,0.0155610494116046,0.0537373213583535,0.10173566290913,0.142420076548217,0.172596662276467,0.256754254748238,0.0155610494116046,0.0537373213583535,0.10173566290913,0.142420076548217,0.172596662276467,0.256754254748238,0.0155610494116046,0.0537373213583535,0.10173566290913,0.142420076548217,0.172596662276467,0.256754254748238,0.25,1
-9.63,19.83,1.26672,0.2,0.0202506228784582,0.0550982672590877,0.0888687468275688,0.108054827606437,0.190933787892598,0.247682563629635,0.0202506228784582,0.0550982672590877,0.0888687468275688,0.108054827606437,0.190933787892598,0.247682563629635,0.0202506228784582,0.0550982672590877,0.0888687468275688,0.108054827606437,0.190933787892598,0.247682563629635,0.25,1
-11.85,24.362,1.3672,0.2,0.01915942018811,0.0573508673706477,0.0873630438818541,0.114048766375352,0.177213001592416,0.225975302738691,0.01915942018811,0.0573508673706477,0.0873630438818541,0.114048766375352,0.177213001592416,0.225975302738691,0.01915942018811,0.0573508673706477,0.0873630438818541,0.114048766375352,0.177213001592416,0.225975302738691,0.25,1
0.57,6.982,1.364,0.2,0.0144178846883826,0.0582425215814735,0.105020832972508,0.118544220452039,0.175417758525102,0.249464502956503,0.0144178846883826,0.0582425215814735,0.105020832972508,0.118544220452039,0.175417758525102,0.249464502956503,0.0144178846883826,0.0582425215814735,0.105020832972508,0.118544220452039,0.175417758525102,0.249464502956503,0.25,1
14.01,21.282,1.20848,0.2,0.0203675374524241,0.0542066130482619,0.108853531379782,0.138823713286868,0.150412587230377,0.202810091489401,0.0203675374524241,0.0542066130482619,0.108853531379782,0.138823713286868,0.150412587230377,0.202810091489401,0.0203675374524241,0.0542066130482619,0.108853531379782,0.138823713286868,0.150412587230377,0.202810091489401,0.25,1
-10.95,3.066,1.17456,0.2,0.0191204486634547,0.0473080252066094,0.108237561992898,0.143319167363554,0.152592525240686,0.226947269644256,0.0191204486634547,0.0473080252066094,0.108237561992898,0.143319167363554,0.152592525240686,0.226947269644256,0.0191204486634547,0.0473080252066094,0.108237561992898,0.143319167363554,0.152592525240686,0.226947269644256,0.25,1
-10.17,10.238,1.14,0.2,0.0181071890224171,0.0595565383132168,0.096260379470168,0.133628966353808,0.178880013012064,0.227433253097038,0.0181071890224171,0.0595565383132168,0.096260379470168,0.133628966353808,0.178880013012064,0.227433253097038,0.0181071890224171,0.0595565383132168,0.096260379470168,0.133628966353808,0.178880013012064,0.227433253097038,0.25,1
-10.77,7.07,1.29808,0.2,0.0166782331183897,0.0641555968743185,0.0834619044315934,0.147914520419723,0.157593559499631,0.202000119068097,0.0166782331183897,0.0641555968743185,0.0834619044315934,0.147914520419723,0.157593559499631,0.202000119068097,0.0166782331183897,0.0641555968743185,0.0834619044315934,0.147914520419723,0.157593559499631,0.202000119068097,0.25,1
-11.67,24.846,1.26224,0.2,0.0160806697403418,0.0515785795847752,0.0859942230221135,0.126835835749038,0.170032029323161,0.222735413053476,0.0160806697403418,0.0515785795847752,0.0859942230221135,0.126835835749038,0.170032029323161,0.222735413053476,0.0160806697403418,0.0515785795847752,0.0859942230221135,0.126835835749038,0.170032029323161,0.222735413053476,0.25,1
5.43,19.918,1.10032,0.2,0.0151973151814885,0.0585240965954185,0.098450492845753,0.152310075516927,0.144513931437775,0.188230587905931,0.0151973151814885,0.0585240965954185,0.098450492845753,0.152310075516927,0.144513931437775,0.188230587905931,0.0151973151814885,0.0585240965954185,0.098450492845753,0.152310075516927,0.144513931437775,0.188230587905931,0.25,1
-1.77,21.15,1.2168,0.2,0.0172628059882191,0.0634047301704652,0.0970132309430253,0.118943816369966,0.165287458359547,0.243146718070333,0.0172628059882191,0.0634047301704652,0.0970132309430253,0.118943816369966,0.165287458359547,0.243146718070333,0.0172628059882191,0.0634047301704652,0.0970132309430253,0.118943816369966,0.165287458359547,0.243146718070333,0.25,1
0.0299999999999994,23.086,1.2488,0.2,0.0181331700388539,0.0541127547102802,0.0827090529587361,0.140422096958579,0.199397076638505,0.248978519503721,0.0181331700388539,0.0541127547102802,0.0827090529587361,0.140422096958579,0.199397076638505,0.248978519503721,0.0181331700388539,0.0541127547102802,0.0827090529587361,0.140422096958579,0.199397076638505,0.248978519503721,0.25,1
2.73,20.05,1.34288,0.2,0.0184319517278779,0.0579140173985377,0.108511326164846,0.1342283602307,0.162722825406242,0.229053197939646,0.0184319517278779,0.0579140173985377,0.108511326164846,0.1342283602307,0.162722825406242,0.229053197939646,0.0184319517278779,0.0579140173985377,0.108511326164846,0.1342283602307,0.162722825406242,0.229053197939646,0.25,1
10.35,21.81,1.3416,0.2,0.0172757964964375,0.0539719672033077,0.0878421311827633,0.117445331677737,0.141436371893809,0.182884769925326,0.0172757964964375,0.0539719672033077,0.0878421311827633,0.117445331677737,0.141436371893809,0.182884769925326,0.0172757964964375,0.0539719672033077,0.0878421311827633,0.117445331677737,0.141436371893809,0.182884769925326,0.25,1
-11.55,11.118,1.27504,0.2,0.0198609076319053,0.0448207792500952,0.0818877604428917,0.119942806164785,0.154644231603331,0.25513430990563,0.0198609076319053,0.0448207792500952,0.0818877604428917,0.119942806164785,0.154644231603331,0.25513430990563,0.0198609076319053,0.0448207792500952,0.0818877604428917,0.119942806164785,0.154644231603331,0.25513430990563,0.25,1
-6.03,18.378,1.14384,0.2,0.016717204643045,0.0455716459539485,0.0866786334519838,0.137325228594639,0.173366052162458,0.183694742346629,0.016717204643045,0.0455716459539485,0.0866786334519838,0.137325228594639,0.173366052162458,0.183694742346629,0.016717204643045,0.0455716459539485,0.0866786334519838,0.137325228594639,0.173366052162458,0.183694742346629,0.25,1
-12.57,17.454,1.29488,0.2,0.0204324899935163,0.0452431417710127,0.0788763545514624,0.144418056137855,0.185163363747662,0.197302279024534,0.0204324899935163,0.0452431417710127,0.0788763545514624,0.144418056137855,0.185163363747662,0.197302279024534,0.0204324899935163,0.0452431417710127,0.0788763545514624,0.144418056137855,0.185163363747662,0.197302279024534,0.25,1
-10.53,9.666,1.3128,0.2,0.0147946094267171,0.0540188963722985,0.103446688983806,0.108154726585919,0.157208864556636,0.207669926017224,0.0147946094267171,0.0540188963722985,0.103446688983806,0.108154726585919,0.157208864556636,0.207669926017224,0.0147946094267171,0.0540188963722985,0.103446688983806,0.108154726585919,0.157208864556636,0.207669926017224,0.25,1
-12.63,10.502,1.22,0.2,0.0175096256443693,0.065141109423126,0.103857335241728,0.122640078610797,0.168877944494174,0.210909815702439,0.0175096256443693,0.065141109423126,0.103857335241728,0.122640078610797,0.168877944494174,0.210909815702439,0.0175096256443693,0.065141109423126,0.103857335241728,0.122640078610797,0.168877944494174,0.210909815702439,0.25,1
-8.67,22.074,1.15664,0.2,0.0192763347620759,0.0579609465675285,0.0958497332122458,0.144018460219928,0.177725928183077,0.191956461043929,0.0192763347620759,0.0579609465675285,0.0958497332122458,0.144018460219928,0.177725928183077,0.191956461043929,0.0192763347620759,0.0579609465675285,0.0958497332122458,0.144018460219928,0.177725928183077,0.191956461043929,0.25,1
6.93,3.55,1.18288,0.2,0.0187047524004649,0.0640617385363368,0.0778497389066569,0.154507853065529,0.184265742214005,0.254972315421369,0.0187047524004649,0.0640617385363368,0.0778497389066569,0.154507853065529,0.184265742214005,0.254972315421369,0.0187047524004649,0.0640617385363368,0.0778497389066569,0.154507853065529,0.184265742214005,0.254972315421369,0.25,1
11.43,17.894,1.41712,0.2,0.0175875686936798,0.0442576292222052,0.0812717910560084,0.153708661229674,0.182598730794357,0.189202554811496,0.0175875686936798,0.0442576292222052,0.0812717910560084,0.153708661229674,0.182598730794357,0.189202554811496,0.0175875686936798,0.0442576292222052,0.0812717910560084,0.153708661229674,0.182598730794357,0.189202554811496,0.25,1
-1.35,7.334,1.23664,0.2,0.0185098947771884,0.0503114920220227,0.102967601682897,0.124937755138881,0.144257468142445,0.238772866995292,0.0185098947771884,0.0503114920220227,0.102967601682897,0.124937755138881,0.144257468142445,0.238772866995292,0.0185098947771884,0.0503114920220227,0.102967601682897,0.124937755138881,0.144257468142445,0.238772866995292,0.25,1
10.77,21.766,1.36592,0.2,0.0191983917127653,0.0647187469022085,0.0883896595266596,0.126236441872146,0.194652505674891,0.228243225518342,0.0191983917127653,0.0647187469022085,0.0883896595266596,0.126236441872146,0.194652505674891,0.228243225518342,0.0191983917127653,0.0647187469022085,0.0883896595266596,0.126236441872146,0.194652505674891,0.228243225518342,0.25,1
-7.83,7.202,1.29104,0.2,0.0198479171236869,0.0431313291664252,0.105705243402378,0.120642099021159,0.161055813986593,0.202324108036618,0.0198479171236869,0.0431313291664252,0.105705243402378,0.120642099021159,0.161055813986593,0.202324108036618,0.0198479171236869,0.0431313291664252,0.105705243402378,0.120642099021159,0.161055813986593,0.202324108036618,0.25,1
-3.33,4.826,1.35504,0.2,0.0164314134622395,0.046557158502756,0.0806558216691252,0.124837856159399,0.170929650856818,0.188554576874453,0.0164314134622395,0.046557158502756,0.0806558216691252,0.124837856159399,0.170929650856818,0.188554576874453,0.0164314134622395,0.046557158502756,0.0806558216691252,0.124837856159399,0.170929650856818,0.188554576874453,0.25,1
-3.75,17.014,1.41776,0.2,0.0179642934320143,0.0606828383689968,0.100161518920429,0.145417045932675,0.198499455104848,0.255458298874152,0.0179642934320143,0.0606828383689968,0.100161518920429,0.145417045932675,0.198499455104848,0.255458298874152,0.0179642934320143,0.0606828383689968,0.100161518920429,0.145417045932675,0.198499455104848,0.255458298874152,0.25,1
5.01,5.222,1.31344,0.2,0.019640068992192,0.062325359283676,0.0822984067008139,0.143718763281482,0.197345370275861,0.245090651881462,0.019640068992192,0.062325359283676,0.0822984067008139,0.143718763281482,0.197345370275861,0.245090651881462,0.019640068992192,0.062325359283676,0.0822984067008139,0.143718763281482,0.197345370275861,0.245090651881462,0.25,1
13.47,19.566,1.29872,0.2,0.0184709232525332,0.0573039382016569,0.0881843363976985,0.153309065311746,0.190677324597268,0.190660505169843,0.0184709232525332,0.0573039382016569,0.0881843363976985,0.153309065311746,0.190677324597268,0.190660505169843,0.0184709232525332,0.0573039382016569,0.0881843363976985,0.153309065311746,0.190677324597268,0.190660505169843,0.25,1
-7.95,23.79,1.29296,0.2,0.0176005592018983,0.0549105505831244,0.0880474543117244,0.114748059231726,0.164774531768886,0.209127876375571,0.0176005592018983,0.0549105505831244,0.0880474543117244,0.114748059231726,0.164774531768886,0.209127876375571,0.0176005592018983,0.0549105505831244,0.0880474543117244,0.114748059231726,0.164774531768886,0.209127876375571,0.25,1
7.17,9.71,1.12272,0.2,0.0203805279606425,0.0653757552680802,0.108169120949911,0.122839876569761,0.189907934711276,0.213987710903394,0.0203805279606425,0.0653757552680802,0.108169120949911,0.122839876569761,0.189907934711276,0.213987710903394,0.0203805279606425,0.0653757552680802,0.108169120949911,0.122839876569761,0.189907934711276,0.213987710903394,0.25,1
-1.11,8.786,1.39536,0.2,0.0190425056141441,0.060635909200006,0.10474706880056,0.140921591855988,0.164902763416551,0.237476911121206,0.0190425056141441,0.060635909200006,0.10474706880056,0.140921591855988,0.164902763416551,0.237476911121206,0.0190425056141441,0.060635909200006,0.10474706880056,0.140921591855988,0.164902763416551,0.237476911121206,0.25,1
6.81,4.518,1.37744,0.2,0.0148985334924646,0.0593688216372535,0.0989295801466622,0.11444836229328,0.160158192452937,0.249140513987981,0.0148985334924646,0.0593688216372535,0.0989295801466622,0.11444836229328,0.160158192452937,0.249140513987981,0.0148985334924646,0.0593688216372535,0.0989295801466622,0.11444836229328,0.160158192452937,0.249140513987981,0.25,1
11.61,15.166,1.32112,0.2,0.0174446731032771,0.0602604758480794,0.106731859047184,0.122140583713388,0.18195757255603,0.256592260263977,0.0174446731032771,0.0602604758480794,0.106731859047184,0.122140583713388,0.18195757255603,0.256592260263977,0.0174446731032771,0.0602604758480794,0.106731859047184,0.122140583713388,0.18195757255603,0.256592260263977,0.25,1
-7.65,24.098,1.17328,0.2,0.0144048941801642,0.0627946509735843,0.0829143760876972,0.145616843891638,0.152079598650025,0.236018960762859,0.0144048941801642,0.0627946509735843,0.0829143760876972,0.145616843891638,0.152079598650025,0.236018960762859,0.0144048941801642,0.0627946509735843,0.0829143760876972,0.145616843891638,0.152079598650025,0.236018960762859,0.25,1
12.75,20.314,1.18416,0.2,0.0171978534471269,0.0646248885642268,0.0790132366374365,0.115946846985509,0.148104417572402,0.226299291707213,0.0171978534471269,0.0646248885642268,0.0790132366374365,0.115946846985509,0.148104417572402,0.226299291707213,0.0171978534471269,0.0646248885642268,0.0790132366374365,0.115946846985509,0.148104417572402,0.226299291707213,0.25,1
-14.25,9.974,1.11312,0.2,0.0203285659277688,0.0655165427750527,0.100298401006403,0.12224048269287,0.151566672059364,0.246548602239809,0.0203285659277688,0.0655165427750527,0.100298401006403,0.12224048269287,0.151566672059364,0.246548602239809,0.0203285659277688,0.0655165427750527,0.100298401006403,0.12224048269287,0.151566672059364,0.246548602239809,0.25,1
0.690000000000001,16.442,1.2392,0.2,0.014820590443154,0.064014809367346,0.0950284406964015,0.125836845954219,0.154772463250996,0.207831920501484,0.014820590443154,0.064014809367346,0.0950284406964015,0.125836845954219,0.154772463250996,0.207831920501484,0.014820590443154,0.064014809367346,0.0950284406964015,0.125836845954219,0.154772463250996,0.207831920501484,0.25,1
11.25,20.93,1.28336,0.2,0.0202766038948951,0.0492321211352335,0.0942071481805571,0.123738967385098,0.137974117406847,0.251246442283372,0.0202766038948951,0.0492321211352335,0.0942071481805571,0.123738967385098,0.137974117406847,0.251246442283372,0.0202766038948951,0.0492321211352335,0.0942071481805571,0.123738967385098,0.137974117406847,0.251246442283372,0.25,1
-9.39,6.762,1.33264,0.2,0.0149634860335568,0.0435536916873427,0.0858573409361394,0.109553312298666,0.171827272390475,0.242174751164768,0.0149634860335568,0.0435536916873427,0.0858573409361394,0.109553312298666,0.171827272390475,0.242174751164768,0.0149634860335568,0.0435536916873427,0.0858573409361394,0.109553312298666,0.171827272390475,0.242174751164768,0.25,1
-1.89,16.002,1.11824,0.2,0.0166002900690791,0.0621376426077127,0.105910566531339,0.130032603092459,0.196191285446874,0.252056414704675,0.0166002900690791,0.0621376426077127,0.105910566531339,0.130032603092459,0.196191285446874,0.252056414704675,0.0166002900690791,0.0621376426077127,0.105910566531339,0.130032603092459,0.196191285446874,0.252056414704675,0.25,1
-4.41,21.986,1.1592,0.2,0.015574039919823,0.047120308530646,0.105226156101469,0.11864411943152,0.188240923291628,0.211233804670961,0.015574039919823,0.047120308530646,0.105226156101469,0.11864411943152,0.188240923291628,0.211233804670961,0.015574039919823,0.047120308530646,0.105226156101469,0.11864411943152,0.188240923291628,0.211233804670961,0.25,1
1.05,18.334,1.23408,0.2,0.0147816189184987,0.0432251875044069,0.0764809180469163,0.131031592887278,0.153233683479013,0.185314687189237,0.0147816189184987,0.0432251875044069,0.0764809180469163,0.131031592887278,0.153233683479013,0.185314687189237,0.0147816189184987,0.0432251875044069,0.0764809180469163,0.131031592887278,0.153233683479013,0.185314687189237,0.25,1
9.99,9.226,1.20976,0.2,0.0168860812498846,0.0604951216930335,0.0932489735787387,0.107855029647473,0.181444645965369,0.251894420220415,0.0168860812498846,0.0604951216930335,0.0932489735787387,0.107855029647473,0.181444645965369,0.251894420220415,0.0168860812498846,0.0604951216930335,0.0932489735787387,0.107855029647473,0.181444645965369,0.251894420220415,0.25,1
-4.95,10.634,1.38512,0.2,0.0323150865709166,0.112973714403348,0.215559453077812,0.272670021162814,0.280745936183231,0.456059906420128,0.0323150865709166,0.112973714403348,0.215559453077812,0.272670021162814,0.280745936183231,0.456059906420128,0.0323150865709166,0.112973714403348,0.215559453077812,0.272670021162814,0.280745936183231,0.456059906420128,0.5,1
3.87,16.398,1.40176,0.2,0.0288073888680367,0.103323336495384,0.184646914013717,0.253029756329181,0.376219452980526,0.480939499545807,0.0288073888680367,0.103323336495384,0.184646914013717,0.253029756329181,0.376219452980526,0.480939499545807,0.0288073888680367,0.103323336495384,0.184646914013717,0.253029756329181,0.376219452980526,0.480939499545807,0.5,1
13.65,3.946,1.39984,0.2,0.0360903205392703,0.113572187451904,0.210275258366001,0.276147984727104,0.320630434061997,0.449840008138708,0.0360903205392703,0.113572187451904,0.210275258366001,0.276147984727104,0.320630434061997,0.449840008138708,0.0360903205392703,0.113572187451904,0.210275258366001,0.276147984727104,0.320630434061997,0.449840008138708,0.5,1
9.27,12.438,1.15152,0.2,0.0308882264883892,0.122998137966659,0.191648472006866,0.243618796096398,0.318386931056316,0.518880879062469,0.0308882264883892,0.122998137966659,0.191648472006866,0.243618796096398,0.318386931056316,0.518880879062469,0.0308882264883892,0.122998137966659,0.191648472006866,0.243618796096398,0.318386931056316,0.518880879062469,0.5,1
9.09,7.774,1.14192,0.2,0.0338905779120406,0.11559203399078,0.183061655600173,0.238094971611939,0.377465843539237,0.392616943949645,0.0338905779120406,0.11559203399078,0.183061655600173,0.238094971611939,0.377465843539237,0.392616943949645,0.0338905779120406,0.11559203399078,0.183061655600173,0.238094971611939,0.377465843539237,0.392616943949645,0.5,1
13.83,15.078,1.268,0.2,0.035971415532393,0.106614938262442,0.156244367437732,0.254257272881283,0.326613108743811,0.475341591092529,0.035971415532393,0.106614938262442,0.156244367437732,0.254257272881283,0.326613108743811,0.475341591092529,0.035971415532393,0.106614938262442,0.156244367437732,0.254257272881283,0.326613108743811,0.475341591092529,0.5,1
-10.05,20.27,1.26352,0.2,0.0373685493632011,0.112898905272279,0.185967962691669,0.262440716561964,0.308914362810109,0.392927938863716,0.0373685493632011,0.112898905272279,0.185967962691669,0.262440716561964,0.308914362810109,0.392927938863716,0.0373685493632011,0.112898905272279,0.185967962691669,0.262440716561964,0.308914362810109,0.392927938863716,0.5,1
4.47,11.602,1.31472,0.2,0.0350499017290941,0.0986103612380067,0.213842089796473,0.220295981606459,0.353036588588494,0.381110132129018,0.0350499017290941,0.0986103612380067,0.213842089796473,0.220295981606459,0.353036588588494,0.381110132129018,0.0350499017290941,0.0986103612380067,0.213842089796473,0.220295981606459,0.353036588588494,0.381110132129018,0.5,1
6.51,15.21,1.17968,0.2,0.0341283879257951,0.100256162121535,0.215295243342221,0.225206047814867,0.307418694139656,0.460724830131192,0.0341283879257951,0.100256162121535,0.215295243342221,0.225206047814867,0.307418694139656,0.460724830131192,0.0341283879257951,0.100256162121535,0.215295243342221,0.225206047814867,0.307418694139656,0.460724830131192,0.5,1
8.55,5.134,1.21168,0.2,0.0336824941500053,0.0980866973205203,0.173814314854504,0.23257114712748,0.300688185122614,0.445175084427643,0.0336824941500053,0.0980866973205203,0.173814314854504,0.23257114712748,0.300688185122614,0.445175084427643,0.0336824941500053,0.0980866973205203,0.173814314854504,0.23257114712748,0.300688185122614,0.445175084427643,0.5,1
5.37,24.45,1.19696,0.2,0.0309476789918278,0.0996576890729795,0.164699078976629,0.224387703446799,0.329604446084719,0.483738453772446,0.0309476789918278,0.0996576890729795,0.164699078976629,0.224387703446799,0.329604446084719,0.483738453772446,0.0309476789918278,0.0996576890729795,0.164699078976629,0.224387703446799,0.329604446084719,0.483738453772446,0.5,1
-5.91,7.598,1.10672,0.2,0.0313638465158983,0.1258408849473,0.154923318759779,0.214567571029983,0.282490882965427,0.373957249105385,0.0313638465158983,0.1258408849473,0.154923318759779,0.214567571029983,0.282490882965427,0.373957249105385,0.0313638465158983,0.1258408849473,0.154923318759779,0.214567571029983,0.282490882965427,0.373957249105385,0.5,1
-13.77,11.25,1.1112,0.2,0.0307693214815119,0.115217988335433,0.175267468400252,0.226433564366969,0.334839286431307,0.37240227453503,0.0307693214815119,0.115217988335433,0.175267468400252,0.226433564366969,0.334839286431307,0.37240227453503,0.0307693214815119,0.115217988335433,0.175267468400252,0.226433564366969,0.334839286431307,0.37240227453503,0.5,1
-11.73,17.586,1.24432,0.2,0.0288668413714754,0.12284851970452,0.187685325973008,0.279421362199376,0.27949954562452,0.450772992880921,0.0288668413714754,0.12284851970452,0.187685325973008,0.279421362199376,0.27949954562452,0.450772992880921,0.0288668413714754,0.12284851970452,0.187685325973008,0.279421362199376,0.27949954562452,0.450772992880921,0.5,1
-7.35,19.654,1.18608,0.2,0.0397466495007468,0.107213411310998,0.208822104820253,0.265304921850202,0.283737273524139,0.482183479202091,0.0397466495007468,0.107213411310998,0.208822104820253,0.265304921850202,0.283737273524139,0.482183479202091,0.0397466495007468,0.107213411310998,0.208822104820253,0.265304921850202,0.283737273524139,0.482183479202091,0.5,1
8.61,6.41,1.40752,0.2,0.0362984043013056,0.0979370790583814,0.199046344603402,0.257939822537589,0.303679522463521,0.396037888004426,0.0362984043013056,0.0979370790583814,0.199046344603402,0.257939822537589,0.303679522463521,0.396037888004426,0.0362984043013056,0.0979370790583814,0.199046344603402,0.257939822537589,0.303679522463521,0.396037888004426,0.5,1
10.83,13.89,1.31088,0.2,0.039865554507624,0.120230200117088,0.212653145986316,0.306835898529655,0.304925913022233,0.443931104771359,0.039865554507624,0.120230200117088,0.212653145986316,0.306835898529655,0.304925913022233,0.443931104771359,0.039865554507624,0.120230200117088,0.212653145986316,0.306835898529655,0.304925913022233,0.443931104771359,0.5,1
-1.83,24.538,1.26864,0.2,0.0404600795420105,0.12434470232591,0.203934224711827,0.273488365530882,0.356775760264628,0.449218018310566,0.0404600795420105,0.12434470232591,0.203934224711827,0.273488365530882,0.356775760264628,0.449218018310566,0.0404600795420105,0.12434470232591,0.203934224711827,0.273488365530882,0.356775760264628,0.449218018310566,0.5,1
14.31,18.906,1.316,0.2,0.0311557627538631,0.104370664330357,0.163510135166472,0.282899325763665,0.309412919033594,0.454815926763844,0.0311557627538631,0.104370664330357,0.163510135166472,0.282899325763665,0.309412919033594,0.454815926763844,0.0311557627538631,0.104370664330357,0.163510135166472,0.282899325763665,0.309412919033594,0.454815926763844,0.5,1
-14.07,4.122,1.41072,0.2,0.0318691927951268,0.0988347886312152,0.217805235830332,0.24832427621279,0.355280091594174,0.371469289792817,0.0318691927951268,0.0988347886312152,0.217805235830332,0.24832427621279,0.355280091594174,0.371469289792817,0.0318691927951268,0.0988347886312152,0.217805235830332,0.24832427621279,0.355280091594174,0.371469289792817,0.5,1
9.75,4.254,1.2136,0.2,0.0295505451610197,0.127711113224037,0.178173775491748,0.234821594139667,0.350543807471071,0.4038127608562,0.0295505451610197,0.127711113224037,0.178173775491748,0.234821594139667,0.350543807471071,0.4038127608562,0.0295505451610197,0.127711113224037,0.178173775491748,0.234821594139667,0.350543807471071,0.4038127608562,0.5,1
-1.41,13.362,1.37936,0.2,0.0351688067359714,0.127187449306551,0.191780576874662,0.303153348873349,0.323372493291162,0.395415898176284,0.0351688067359714,0.127187449306551,0.191780576874662,0.303153348873349,0.323372493291162,0.395415898176284,0.0351688067359714,0.127187449306551,0.191780576874662,0.303153348873349,0.323372493291162,0.395415898176284,0.5,1
14.79,13.23,1.40112,0.2,0.0390629457112024,0.0974882242719644,0.201688441959308,0.292514872088465,0.402144376601723,0.442065135286933,0.0390629457112024,0.0974882242719644,0.201688441959308,0.292514872088465,0.402144376601723,0.442065135286933,0.0390629457112024,0.0974882242719644,0.201688441959308,0.292514872088465,0.402144376601723,0.442065135286933,0.5,1
9.69,13.978,1.35632,0.2,0.0427490009243982,0.126514167126925,0.210539468101591,0.288832322432158,0.296201179111253,0.478140545319168,0.0427490009243982,0.126514167126925,0.210539468101591,0.288832322432158,0.296201179111253,0.478140545319168,0.0427490009243982,0.126514167126925,0.210539468101591,0.288832322432158,0.296201179111253,0.478140545319168,0.5,1
-9.27,7.422,1.12144,0.2,0.0355849742600419,0.107363029573137,0.178041670623953,0.219682223330408,0.386938411785444,0.510795011296623,0.0355849742600419,0.107363029573137,0.178041670623953,0.219682223330408,0.386938411785444,0.510795011296623,0.0355849742600419,0.107363029573137,0.178041670623953,0.219682223330408,0.386938411785444,0.510795011296623,0.5,1
-4.47,9.842,1.21552,0.2,0.0293721876507038,0.100106543859396,0.182136921525606,0.300084557493094,0.381454293327114,0.368359340652107,0.0293721876507038,0.100106543859396,0.182136921525606,0.300084557493094,0.381454293327114,0.368359340652107,0.0293721876507038,0.100106543859396,0.182136921525606,0.300084557493094,0.381454293327114,0.368359340652107,0.5,1
-12.75,22.382,1.1912,0.2,0.0360011417841124,0.0959920416505747,0.163774344902062,0.279012190015342,0.344062576565771,0.49431228085086,0.0360011417841124,0.0959920416505747,0.163774344902062,0.279012190015342,0.344062576565771,0.49431228085086,0.0360011417841124,0.0959920416505747,0.163774344902062,0.279012190015342,0.344062576565771,0.49431228085086,0.5,1
-2.91,19.038,1.2936,0.2,0.0312746677607404,0.100929444301161,0.182269026393402,0.310518448185962,0.280247379959747,0.498044219819712,0.0312746677607404,0.100929444301161,0.182269026393402,0.310518448185962,0.280247379959747,0.498044219819712,0.0312746677607404,0.100929444301161,0.182269026393402,0.310518448185962,0.280247379959747,0.498044219819712,0.5,1
-3.03,11.91,1.12912,0.2,0.0367442980770954,0.112450050485862,0.183457970203559,0.263463647022049,0.312653534486244,0.435845237005513,0.0367442980770954,0.112450050485862,0.183457970203559,0.263463647022049,0.312653534486244,0.435845237005513,0.0367442980770954,0.112450050485862,0.183457970203559,0.263463647022049,0.312653534486244,0.435845237005513,0.5,1
-4.35,23.394,1.23088,0.2,0.0340986616740758,0.0930744855388647,0.163113820563086,0.240959176900177,0.403390767160435,0.420606486216034,0.0340986616740758,0.0930744855388647,0.163113820563086,0.240959176900177,0.403390767160435,0.420606486216034,0.0340986616740758,0.0930744855388647,0.163113820563086,0.240959176900177,0.403390767160435,0.420606486216034,0.5,1
12.69,4.958,1.36656,0.2,0.0306504164746346,0.11417066050046,0.198385820264426,0.215999673674102,0.371483168857422,0.380177147386805,0.0306504164746346,0.11417066050046,0.198385820264426,0.215999673674102,0.371483168857422,0.380177147386805,0.0306504164746346,0.11417066050046,0.198385820264426,0.215999673674102,0.371483168857422,0.380177147386805,0.5,1
-1.95,5.574,1.16304,0.2,0.0343661979395497,0.0927752490145868,0.214106299532064,0.247915104028756,0.308166528474882,0.393238933777787,0.0343661979395497,0.0927752490145868,0.214106299532064,0.247915104028756,0.308166528474882,0.393238933777787,0.0343661979395497,0.0927752490145868,0.214106299532064,0.247915104028756,0.308166528474882,0.393238933777787,0.5,1
6.33,23.922,1.1144,0.2,0.0396277444938695,0.108559975670248,0.182004816657811,0.248119690120773,0.360016375717277,0.467566718240754,0.0396277444938695,0.108559975670248,0.182004816657811,0.248119690120773,0.360016375717277,0.467566718240754,0.0396277444938695,0.108559975670248,0.182004816657811,0.248119690120773,0.360016375717277,0.467566718240754,0.5,1
2.79,5.002,1.4088,0.2,0.0414707721004674,0.10392180954394,0.162981715695291,0.297834110480907,0.293209841770345,0.452949957279418,0.0414707721004674,0.10392180954394,0.162981715695291,0.297834110480907,0.293209841770345,0.452949957279418,0.0414707721004674,0.10392180954394,0.162981715695291,0.297834110480907,0.293209841770345,0.452949957279418,0.5,1
9.03,10.986,1.29168,0.2,0.0386170519354126,0.126663785389064,0.171700636969779,0.311541378646047,0.350294529359328,0.466944728412612,0.0386170519354126,0.126663785389064,0.171700636969779,0.311541378646047,0.350294529359328,0.466944728412612,0.0386170519354126,0.126663785389064,0.171700636969779,0.311541378646047,0.350294529359328,0.466944728412612,0.5,1
-6.81,9.886,1.17776,0.2,0.0423922859037663,0.102350817791481,0.159811198868204,0.213544640569897,0.380207902768402,0.432735287864803,0.0423922859037663,0.102350817791481,0.159811198868204,0.213544640569897,0.380207902768402,0.432735287864803,0.0423922859037663,0.102350817791481,0.159811198868204,0.213544640569897,0.380207902768402,0.432735287864803,0.5,1
7.23,5.046,1.22448,0.2,0.028926293874914,0.107138602179928,0.158886464793637,0.249756378856909,0.331598670978657,0.489025367311653,0.028926293874914,0.107138602179928,0.158886464793637,0.249756378856909,0.331598670978657,0.489025367311653,0.028926293874914,0.107138602179928,0.158886464793637,0.249756378856909,0.331598670978657,0.489025367311653,0.5,1
-4.77,6.234,1.32304,0.2,0.0380819794044648,0.115517224859711,0.153866479817417,0.311132206462013,0.291215616876407,0.433668272607016,0.0380819794044648,0.115517224859711,0.153866479817417,0.311132206462013,0.291215616876407,0.433668272607016,0.0380819794044648,0.115517224859711,0.153866479817417,0.311132206462013,0.291215616876407,0.433668272607016,0.5,1
-12.51,13.186,1.26992,0.2,0.0331771478707769,0.105567610427469,0.191912681742457,0.252620584145147,0.352288754253267,0.506130087585558,0.0331771478707769,0.105567610427469,0.191912681742457,0.252620584145147,0.352288754253267,0.506130087585558,0.0331771478707769,0.105567610427469,0.191912681742457,0.252620584145147,0.352288754253267,0.506130087585558,0.5,1
10.71,9.314,1.23536,0.2,0.0371604656011659,0.0966653238302001,0.192573206081433,0.245050898740517,0.361262766275989,0.379555157558663,0.0371604656011659,0.0966653238302001,0.192573206081433,0.245050898740517,0.361262766275989,0.379555157558663,0.0371604656011659,0.0966653238302001,0.192573206081433,0.245050898740517,0.361262766275989,0.379555157558663,0.5,1
14.25,19.874,1.27568,0.2,0.0302639752022834,0.0937477677184901,0.175399573268047,0.222546428618646,0.29370839799383,0.461035825045264,0.0302639752022834,0.0937477677184901,0.175399573268047,0.222546428618646,0.29370839799383,0.461035825045264,0.0302639752022834,0.0937477677184901,0.175399573268047,0.222546428618646,0.29370839799383,0.461035825045264,0.5,1
-10.83,7.818,1.16688,0.2,0.0337122204017247,0.102799672577898,0.204462644183009,0.271647090702729,0.388932636679382,0.491513326624221,0.0337122204017247,0.102799672577898,0.204462644183009,0.271647090702729,0.388932636679382,0.491513326624221,0.0337122204017247,0.102799672577898,0.204462644183009,0.271647090702729,0.388932636679382,0.491513326624221,0.5,1
-0.690000000000001,24.582,1.34352,0.2,0.0338013991568826,0.12292332883559,0.200895812752536,0.22500146172285,0.341320517336606,0.415008577762756,0.0338013991568826,0.12292332883559,0.200895812752536,0.22500146172285,0.341320517336606,0.415008577762756,0.0338013991568826,0.12292332883559,0.200895812752536,0.22500146172285,0.341320517336606,0.415008577762756,0.5,1
6.63,10.194,1.348,0.2,0.0340689354223565,0.115068370073294,0.21674839688797,0.248733448396824,0.313152090709728,0.443620109857288,0.0340689354223565,0.115068370073294,0.21674839688797,0.248733448396824,0.313152090709728,0.443620109857288,0.0340689354223565,0.115068370073294,0.21674839688797,0.248733448396824,0.313152090709728,0.443620109857288,0.5,1
-12.99,5.398,1.25648,0.2,0.0328798853535837,0.0986851703690762,0.183590075071354,0.309700103817894,0.316392706162378,0.499910189304138,0.0328798853535837,0.0986851703690762,0.183590075071354,0.309700103817894,0.316392706162378,0.499910189304138,0.0328798853535837,0.0986851703690762,0.183590075071354,0.309700103817894,0.316392706162378,0.499910189304138,0.5,1
-13.89,15.65,1.33136,0.2,0.0302045226988448,0.127037831044412,0.187421116237418,0.281671809211563,0.365999050399092,0.443309114943217,0.0302045226988448,0.127037831044412,0.187421116237418,0.281671809211563,0.365999050399092,0.443309114943217,0.0302045226988448,0.127037831044412,0.187421116237418,0.281671809211563,0.365999050399092,0.443309114943217,0.5,1
-2.07,20.842,1.22128,0.2,0.0353471642462873,0.108111120883832,0.208161580481276,0.237481213335888,0.341819073560091,0.489336362225724,0.0353471642462873,0.108111120883832,0.208161580481276,0.237481213335888,0.341819073560091,0.489336362225724,0.0353471642462873,0.108111120883832,0.208161580481276,0.237481213335888,0.341819073560091,0.489336362225724,0.5,1
-11.13,13.142,1.31984,0.2,0.040787068310923,0.123372183622007,0.191120052535685,0.285354358867869,0.335587120766534,0.451394982709063,0.040787068310923,0.123372183622007,0.191120052535685,0.285354358867869,0.335587120766534,0.451394982709063,0.040787068310923,0.123372183622007,0.191120052535685,0.285354358867869,0.335587120766534,0.451394982709063,0.5,1
14.73,24.934,1.13424,0.2,0.0327015278432677,0.112001195699445,0.205387378257575,0.24627841529262,0.319134765391543,0.503331133358919,0.0327015278432677,0.112001195699445,0.205387378257575,0.24627841529262,0.319134765391543,0.503331133358919,0.0327015278432677,0.112001195699445,0.205387378257575,0.24627841529262,0.319134765391543,0.503331133358919,0.5,1
13.35,12.878,1.26288,0.2,0.0354957955048839,0.0922515850971004,0.215691557945607,0.247301345752705,0.352787310476751,0.432424292950732,0.0354957955048839,0.0922515850971004,0.215691557945607,0.247301345752705,0.352787310476751,0.432424292950732,0.0354957955048839,0.0922515850971004,0.215691557945607,0.247301345752705,0.352787310476751,0.432424292950732,0.5,1
11.79,9.534,1.29232,0.2,0.0301153439436868,0.0909050207378496,0.167605386068126,0.254871031157334,0.281493770518458,0.383287096527515,0.0301153439436868,0.0909050207378496,0.167605386068126,0.254871031157334,0.281493770518458,0.383287096527515,0.0301153439436868,0.0909050207378496,0.167605386068126,0.254871031157334,0.281493770518458,0.383287096527515,0.5,1
14.97,8.61,1.14128,0.2,0.0369226555874113,0.120978291427783,0.195875827776315,0.235230766323701,0.34830030446539,0.511417001124765,0.0369226555874113,0.120978291427783,0.195875827776315,0.235230766323701,0.34830030446539,0.511417001124765,0.0369226555874113,0.120978291427783,0.195875827776315,0.235230766323701,0.34830030446539,0.511417001124765,0.5,1
6.21,24.142,1.12656,0.2,0.0359416892806737,0.108634784801318,0.185703752956079,0.239731660348075,0.396161701919909,0.42869235398188,0.0359416892806737,0.108634784801318,0.185703752956079,0.239731660348075,0.396161701919909,0.42869235398188,0.0359416892806737,0.108634784801318,0.185703752956079,0.239731660348075,0.396161701919909,0.42869235398188,0.5,1
5.55,7.686,1.19824,0.2,0.0332960528776542,0.102126390398273,0.196536352115292,0.240140832532109,0.339824848666152,0.441754140372862,0.0332960528776542,0.102126390398273,0.196536352115292,0.240140832532109,0.339824848666152,0.441754140372862,0.0332960528776542,0.102126390398273,0.196536352115292,0.240140832532109,0.339824848666152,0.441754140372862,0.5,1
-4.71,11.866,1.22192,0.2,0.040876247066081,0.123072947097729,0.16747328120033,0.251802239777079,0.319384043503285,0.471298657209606,0.040876247066081,0.123072947097729,0.16747328120033,0.251802239777079,0.319384043503285,0.471298657209606,0.040876247066081,0.123072947097729,0.16747328120033,0.251802239777079,0.319384043503285,0.471298657209606,0.5,1
-12.93,7.378,1.3384,0.2,0.0341878404292338,0.116265316170406,0.200103183545764,0.253643514605232,0.383448518221052,0.373646254191314,0.0341878404292338,0.116265316170406,0.200103183545764,0.253643514605232,0.383448518221052,0.373646254191314,0.0341878404292338,0.116265316170406,0.200103183545764,0.253643514605232,0.383448518221052,0.373646254191314,0.5,1
-3.39,8.17,1.12784,0.2,0.0348120917153395,0.101901963005064,0.153470165214031,0.304585451517468,0.297447569669964,0.416874547247182,0.0348120917153395,0.101901963005064,0.153470165214031,0.304585451517468,0.297447569669964,0.416874547247182,0.0348120917153395,0.101901963005064,0.153470165214031,0.304585451517468,0.297447569669964,0.416874547247182,0.5,1
-0.870000000000001,12.482,1.37424,0.2,0.0304720589643187,0.114993560942224,0.167737490935921,0.297220352204856,0.288722835758984,0.489958352053866,0.0304720589643187,0.114993560942224,0.167737490935921,0.297220352204856,0.288722835758984,0.489958352053866,0.0304720589643187,0.114993560942224,0.167737490935921,0.297220352204856,0.288722835758984,0.489958352053866,0.5,1
0.27,24.186,1.15728,0.2,0.0411140570798355,0.102051581267203,0.214898928738836,0.236253696783786,0.337082789436987,0.364627401683255,0.0411140570798355,0.102051581267203,0.214898928738836,0.236253696783786,0.337082789436987,0.364627401683255,0.0411140570798355,0.102051581267203,0.214898928738836,0.236253696783786,0.337082789436987,0.364627401683255,0.5,1
7.71,22.206,1.22064,0.2,0.0323745390743552,0.0987599795001457,0.203273700372851,0.304380865425451,0.340323404889637,0.373335259277243,0.0323745390743552,0.0987599795001457,0.203273700372851,0.304380865425451,0.340323404889637,0.373335259277243,0.0323745390743552,0.0987599795001457,0.203273700372851,0.304380865425451,0.340323404889637,0.373335259277243,0.5,1
2.55,15.034,1.23216,0.2,0.0366253930702181,0.106315701738164,0.188345850311984,0.280444292659461,0.372729559416134,0.405056740512484,0.0366253930702181,0.106315701738164,0.188345850311984,0.280444292659461,0.372729559416134,0.405056740512484,0.0366253930702181,0.106315701738164,0.188345850311984,0.280444292659461,0.372729559416134,0.405056740512484,0.5,1
13.11,16.266,1.41456,0.2,0.036149773042709,0.11125310438875,0.157169101512299,0.298857040940992,0.369488943963484,0.41936250655975,0.036149773042709,0.11125310438875,0.157169101512299,0.298857040940992,0.369488943963484,0.41936250655975,0.036149773042709,0.11125310438875,0.157169101512299,0.298857040940992,0.369488943963484,0.41936250655975,0.5,1
2.97,4.43,1.14512,0.2,0.0409059733178003,0.124868366243397,0.166944861729149,0.262849888745998,0.34505968901274,0.485293428342801,0.0409059733178003,0.124868366243397,0.166944861729149,0.262849888745998,0.34505968901274,0.485293428342801,0.0409059733178003,0.124868366243397,0.166944861729149,0.262849888745998,0.34505968901274,0.485293428342801,0.5,1
10.17,16.662,1.35952,0.2,0.0426598221692402,0.119033254019977,0.155980157702141,0.212521710109812,0.305923025469202,0.396348882918497,0.0426598221692402,0.119033254019977,0.155980157702141,0.212521710109812,0.305923025469202,0.396348882918497,0.0426598221692402,0.119033254019977,0.155980157702141,0.212521710109812,0.305923025469202,0.396348882918497,0.5,1
-11.61,21.678,1.25712,0.2,0.0290749251335106,0.0976378425341034,0.21476682387104,0.308063415081758,0.299940350787387,0.426826384497454,0.0290749251335106,0.0976378425341034,0.21476682387104,0.308063415081758,0.299940350787387,0.426826384497454,0.0290749251335106,0.0976378425341034,0.21476682387104,0.308063415081758,0.299940350787387,0.426826384497454,0.5,1
8.85,12.702,1.20592,0.2,0.0427192746726788,0.0911294481310581,0.209086314555843,0.278603017831308,0.330601558531688,0.472853631779961,0.0427192746726788,0.0911294481310581,0.209086314555843,0.278603017831308,0.330601558531688,0.472853631779961,0.0427192746726788,0.0911294481310581,0.209086314555843,0.278603017831308,0.330601558531688,0.472853631779961,0.5,1
14.55,13.538,1.38576,0.2,0.0370118343425693,0.0950943320777409,0.185175333484898,0.21886387896234,0.333343617760853,0.494934270679002,0.0370118343425693,0.0950943320777409,0.185175333484898,0.21886387896234,0.333343617760853,0.494934270679002,0.0370118343425693,0.0950943320777409,0.185175333484898,0.21886387896234,0.333343617760853,0.494934270679002,0.5,1
-7.53,4.034,1.26928,0.2,0.029847807678213,0.125466839291952,0.216616292020174,0.310723034277979,0.399402317372558,0.444553094599501,0.029847807678213,0.125466839291952,0.216616292020174,0.310723034277979,0.399402317372558,0.444553094599501,0.029847807678213,0.125466839291952,0.216616292020174,0.310723034277979,0.399402317372558,0.444553094599501,0.5,1
13.29,18.554,1.25328,0.2,0.0307395952297926,0.116115697908267,0.208954209688048,0.24280045172833,0.393419642690743,0.509240036726268,0.0307395952297926,0.116115697908267,0.208954209688048,0.24280045172833,0.393419642690743,0.509240036726268,0.0307395952297926,0.116115697908267,0.208954209688048,0.24280045172833,0.393419642690743,0.509240036726268,0.5,1
4.59,24.494,1.3576,0.2,0.0322853603191973,0.0954683777330883,0.183854284806945,0.31133679255403,0.316143428050636,0.511106006210694,0.0322853603191973,0.0954683777330883,0.183854284806945,0.31133679255403,0.316143428050636,0.511106006210694,0.0322853603191973,0.0954683777330883,0.183854284806945,0.31133679255403,0.316143428050636,0.511106006210694,0.5,1
6.69,18.994,1.20784,0.2,0.0341581141775145,0.12576607581623,0.163642240034267,0.228274839195122,0.389431192902867,0.456370901334199,0.0341581141775145,0.12576607581623,0.163642240034267,0.228274839195122,0.389431192902867,0.456370901334199,0.0341581141775145,0.12576607581623,0.163642240034267,0.228274839195122,0.389431192902867,0.456370901334199,0.5,1
5.31,14.594,1.41968,0.2,0.0388251356974478,0.0947950955534629,0.170775902895212,0.212930882293846,0.350045251247586,0.507996057069984,0.0388251356974478,0.0947950955534629,0.170775902895212,0.212930882293846,0.350045251247586,0.507996057069984,0.0388251356974478,0.0947950955534629,0.170775902895212,0.212930882293846,0.350045251247586,0.507996057069984,0.5,1
8.07,17.058,1.27248,0.2,0.041441045848748,0.110804249602333,0.207633161010095,0.303357934965366,0.34605680145971,0.505508097757416,0.041441045848748,0.110804249602333,0.207633161010095,0.303357934965366,0.34605680145971,0.505508097757416,0.041441045848748,0.110804249602333,0.207633161010095,0.303357934965366,0.34605680145971,0.505508097757416,0.5,1
-0.0299999999999994,15.738,1.34992,0.2,0.0378738956424296,0.10541799216533,0.173418000251118,0.295992835652754,0.387187689897186,0.417185542161253,0.0378738956424296,0.10541799216533,0.173418000251118,0.295992835652754,0.387187689897186,0.417185542161253,0.0378738956424296,0.10541799216533,0.173418000251118,0.295992835652754,0.387187689897186,0.417185542161253,0.5,1
7.77,20.402,1.32048,0.2,0.0418572133728185,0.109906540029499,0.204330539315213,0.249347206672875,0.379460068433176,0.518569884148398,0.0418572133728185,0.109906540029499,0.204330539315213,0.249347206672875,0.379460068433176,0.518569884148398,0.0418572133728185,0.109906540029499,0.204330539315213,0.249347206672875,0.379460068433176,0.518569884148398,0.5,1
-0.630000000000001,18.202,1.15984,0.2,0.0387359569422899,0.0918775394417529,0.166020127654582,0.224183117354782,0.345308967124483,0.504575113015203,0.0387359569422899,0.0918775394417529,0.166020127654582,0.224183117354782,0.345308967124483,0.504575113015203,0.0387359569422899,0.0918775394417529,0.166020127654582,0.224183117354782,0.345308967124483,0.504575113015203,0.5,1
11.01,14.11,1.35248,0.2,0.036803750580534,0.104295855199288,0.202216861430489,0.271851676794746,0.280496658071489,0.419984496387892,0.036803750580534,0.104295855199288,0.202216861430489,0.271851676794746,0.280496658071489,0.419984496387892,0.036803750580534,0.104295855199288,0.202216861430489,0.271851676794746,0.280496658071489,0.419984496387892,0.5,1
-11.01,24.758,1.37488,0.2,0.0398358282559047,0.100330971252605,0.158754359925842,0.249960964948926,0.324120327626389,0.487159397827227,0.0398358282559047,0.100330971252605,0.158754359925842,0.249960964948926,0.324120327626389,0.487159397827227,0.0398358282559047,0.100330971252605,0.158754359925842,0.249960964948926,0.324120327626389,0.487159397827227,0.5,1
9.57,14.902,1.11632,0.2,0.0411735095832742,0.101153871694369,0.20023528841356,0.302948762781332,0.335088564543049,0.415941562504969,0.0411735095832742,0.101153871694369,0.20023528841356,0.302948762781332,0.335088564543049,0.415941562504969,0.0411735095832742,0.101153871694369,0.20023528841356,0.302948762781332,0.335088564543049,0.415941562504969,0.5,1
-9.87,16.706,1.28656,0.2,0.0306206902229153,0.126588976257995,0.159414884264818,0.29967538530906,0.360764210052504,0.390128984637077,0.0306206902229153,0.126588976257995,0.159414884264818,0.29967538530906,0.360764210052504,0.390128984637077,0.0306206902229153,0.126588976257995,0.159414884264818,0.29967538530906,0.360764210052504,0.390128984637077,0.5,1
6.99,18.246,1.1784,0.2,0.0397169232490274,0.0928500581456563,0.218201550433718,0.27430670989895,0.295951900999511,0.480317509717665,0.0397169232490274,0.0928500581456563,0.218201550433718,0.27430670989895,0.295951900999511,0.480317509717665,0.0397169232490274,0.0928500581456563,0.218201550433718,0.27430670989895,0.295951900999511,0.480317509717665,0.5,1
-2.19,21.414,1.33712,0.2,0.0378144431389909,0.124718747981258,0.192176891478048,0.302130418413264,0.352039476141524,0.45979184538898,0.0378144431389909,0.124718747981258,0.192176891478048,0.302130418413264,0.352039476141524,0.45979184538898,0.0378144431389909,0.124718747981258,0.192176891478048,0.302130418413264,0.352039476141524,0.45979184538898,0.5,1
2.61,12.086,1.25072,0.2,0.033741946653444,0.104819519116774,0.172493266176551,0.231139044483361,0.331349392866915,0.454193936935702,0.033741946653444,0.104819519116774,0.172493266176551,0.231139044483361,0.331349392866915,0.454193936935702,0.033741946653444,0.104819519116774,0.172493266176551,0.231139044483361,0.331349392866915,0.454193936935702,0.5,1
-5.13,19.302,1.32944,0.2,0.0417085821142219,0.116040888777197,0.182665340996787,0.233184905403531,0.286728610865046,0.401324801543632,0.0417085821142219,0.116040888777197,0.182665340996787,0.233184905403531,0.286728610865046,0.401324801543632,0.0417085821142219,0.116040888777197,0.182665340996787,0.233184905403531,0.286728610865046,0.401324801543632,0.5,1
-4.11,15.562,1.23472,0.2,0.0300856176919675,0.126963021913342,0.217541026094741,0.210680435281659,0.295453344776026,0.405989725254697,0.0300856176919675,0.126963021913342,0.217541026094741,0.210680435281659,0.295453344776026,0.405989725254697,0.0300856176919675,0.126963021913342,0.217541026094741,0.210680435281659,0.295453344776026,0.405989725254697,0.5,1
6.09,12.262,1.284,0.2,0.0286587576094401,0.0940470042427681,0.189799003857733,0.221523498158561,0.326862386855554,0.49120233171015,0.0286587576094401,0.0940470042427681,0.189799003857733,0.221523498158561,0.326862386855554,0.49120233171015,0.0286587576094401,0.0940470042427681,0.189799003857733,0.221523498158561,0.326862386855554,0.49120233171015,0.5,1
13.59,12.526,1.15792,0.2,0.0423328334003277,0.116190507039336,0.158358045322456,0.269396643690542,0.336833511325245,0.452016972537205,0.0423328334003277,0.116190507039336,0.158358045322456,0.269396643690542,0.336833511325245,0.452016972537205,0.0423328334003277,0.116190507039336,0.158358045322456,0.269396643690542,0.336833511325245,0.452016972537205,0.5,1
10.65,18.422,1.20208,0.2,0.0346040079533043,0.107811884359554,0.198650030000016,0.239527074256058,0.321128990285481,0.410965643879833,0.0346040079533043,0.107811884359554,0.198650030000016,0.239527074256058,0.321128990285481,0.410965643879833,0.0346040079533043,0.107811884359554,0.198650030000016,0.239527074256058,0.321128990285481,0.410965643879833,0.5,1
3.15,6.63,1.2008,0.2,0.0363875830564635,0.0956179959952273,0.181872711790016,0.288627736340141,0.389680471014609,0.409099674395407,0.0363875830564635,0.0956179959952273,0.181872711790016,0.288627736340141,0.389680471014609,0.409099674395407,0.0363875830564635,0.0956179959952273,0.181872711790016,0.288627736340141,0.389680471014609,0.409099674395407,0.5,1
14.19,24.274,1.36976,0.2,0.0416788558625026,0.110430203946986,0.162849610827496,0.272465435070797,0.358271428935081,0.400391816801419,0.0416788558625026,0.110430203946986,0.162849610827496,0.272465435070797,0.358271428935081,0.400391816801419,0.0416788558625026,0.110430203946986,0.162849610827496,0.272465435070797,0.358271428935081,0.400391816801419,0.5,1
3.21,24.802,1.39856,0.2,0.0333257791293735,0.109682112636291,0.206972636671119,0.228070253103105,0.303928800575264,0.438644191232152,0.0333257791293735,0.109682112636291,0.206972636671119,0.228070253103105,0.303928800575264,0.438644191232152,0.0333257791293735,0.109682112636291,0.206972636671119,0.228070253103105,0.303928800575264,0.438644191232152,0.5,1
6.75,9.622,1.27184,0.2,0.0388845882008865,0.124045465801632,0.190591633064504,0.239322488164041,0.296450457222995,0.447041053912069,0.0388845882008865,0.124045465801632,0.190591633064504,0.239322488164041,0.296450457222995,0.447041053912069,0.0388845882008865,0.124045465801632,0.190591633064504,0.239322488164041,0.296450457222995,0.447041053912069,0.5,1
11.97,10.942,1.37872,0.2,0.0396574707455888,0.11566684312185,0.161132247546157,0.222341842526629,0.378462955986206,0.37862217281645,0.0396574707455888,0.11566684312185,0.161132247546157,0.222341842526629,0.378462955986206,0.37862217281645,0.0396574707455888,0.11566684312185,0.161132247546157,0.222341842526629,0.378462955986206,0.37862217281645,0.5,1
-7.71,24.406,1.41648,0.2,0.0317800140399688,0.102276008660412,0.213445775193088,0.265714094034236,0.363755547393412,0.39106196937929,0.0317800140399688,0.102276008660412,0.213445775193088,0.265714094034236,0.363755547393412,0.39106196937929,0.0317800140399688,0.102276008660412,0.213445775193088,0.265714094034236,0.363755547393412,0.39106196937929,0.5,1
-11.79,20.886,1.29424,0.2,0.0372199181046045,0.115816461383989,0.213577880060883,0.225615219998901,0.321876824620708,0.438955186146223,0.0372199181046045,0.115816461383989,0.213577880060883,0.225615219998901,0.321876824620708,0.438955186146223,0.0372199181046045,0.115816461383989,0.213577880060883,0.225615219998901,0.321876824620708,0.438955186146223,0.5,1
8.37,20.49,1.33776,0.2,0.0346634604567429,0.114843942680085,0.155583843098755,0.298243282664941,0.286230054641562,0.44424209968543,0.0346634604567429,0.114843942680085,0.155583843098755,0.298243282664941,0.286230054641562,0.44424209968543,0.0346634604567429,0.114843942680085,0.155583843098755,0.298243282664941,0.286230054641562,0.44424209968543,0.5,1
-2.85,17.762,1.20464,0.2,0.0382306106630614,0.124494320588049,0.198517925132221,0.212317124017795,0.332595783425626,0.438333196318081,0.0382306106630614,0.124494320588049,0.198517925132221,0.212317124017795,0.332595783425626,0.438333196318081,0.0382306106630614,0.124494320588049,0.198517925132221,0.212317124017795,0.332595783425626,0.438333196318081,0.5,1
5.67,19.698,1.23856,0.2,0.0380522531527455,0.125242411898744,0.210803677837182,0.293128630364516,0.338827736219183,0.386397045668225,0.0380522531527455,0.125242411898744,0.210803677837182,0.293128630364516,0.338827736219183,0.386397045668225,0.0380522531527455,0.125242411898744,0.210803677837182,0.293128630364516,0.338827736219183,0.386397045668225,0.5,1
12.87,13.758,1.11888,0.2,0.0362389517978669,0.104071427806079,0.177909565756157,0.230729872299327,0.347303192018421,0.388885004980793,0.0362389517978669,0.104071427806079,0.177909565756157,0.230729872299327,0.347303192018421,0.388885004980793,0.0362389517978669,0.104071427806079,0.177909565756157,0.230729872299327,0.347303192018421,0.388885004980793,0.5,1
-5.67,21.238,1.35696,0.2,0.0320475503054427,0.108410357408109,0.19825371539663,0.286581875419971,0.383947074444537,0.427759369239667,0.0320475503054427,0.108410357408109,0.19825371539663,0.286581875419971,0.383947074444537,0.427759369239667,0.0320475503054427,0.108410357408109,0.19825371539663,0.286581875419971,0.383947074444537,0.427759369239667,0.5,1
-5.49,6.146,1.2072,0.2,0.0609679201421828,0.181264790508806,0.271726626235833,0.318762548734598,0.610818771491386,0.703860597246663,0.0609679201421828,0.181264790508806,0.271726626235833,0.318762548734598,0.610818771491386,0.703860597246663,0.0609679201421828,0.181264790508806,0.271726626235833,0.318762548734598,0.610818771491386,0.703860597246663,0.75,1
-0.210000000000001,14.858,1.36464,0.2,0.0621434364279109,0.18786394606607,0.265032631443904,0.421949069005846,0.475324100851211,0.727771372706212,0.0621434364279109,0.18786394606607,0.265032631443904,0.421949069005846,0.475324100851211,0.727771372706212,0.0621434364279109,0.18786394606607,0.265032631443904,0.421949069005846,0.475324100851211,0.727771372706212,0.75,1
-0.0899999999999999,20.358,1.40304,0.2,0.0591594335487548,0.18311255406484,0.220713769373204,0.338129864847048,0.435549858824579,0.681699390723178,0.0591594335487548,0.18311255406484,0.220713769373204,0.338129864847048,0.435549858824579,0.681699390723178,0.0591594335487548,0.18311255406484,0.220713769373204,0.338129864847048,0.435549858824579,0.681699390723178,0.75,1
3.75,6.806,1.26544,0.2,0.0634545892081462,0.164106986059922,0.313275559427114,0.465446156012495,0.609507532743255,0.662454132426468,0.0634545892081462,0.164106986059922,0.313275559427114,0.465446156012495,0.609507532743255,0.662454132426468,0.0634545892081462,0.164106986059922,0.313275559427114,0.465446156012495,0.609507532743255,0.662454132426468,0.75,1
2.67,15.518,1.21296,0.2,0.0526488818124143,0.167406563838553,0.325278584571262,0.392104352373547,0.544382674919429,0.787256716532406,0.0526488818124143,0.167406563838553,0.325278584571262,0.392104352373547,0.544382674919429,0.787256716532406,0.0526488818124143,0.167406563838553,0.325278584571262,0.392104352373547,0.544382674919429,0.787256716532406,0.75,1
-9.75,11.338,1.11952,0.2,0.0436064488452747,0.188523861621796,0.27080331660936,0.392739346344447,0.597706384010078,0.648457580937951,0.0436064488452747,0.188523861621796,0.27080331660936,0.392739346344447,0.597706384010078,0.648457580937951,0.0436064488452747,0.188523861621796,0.27080331660936,0.392739346344447,0.597706384010078,0.648457580937951,0.75,1
-2.97,21.062,1.39728,0.2,0.0564919158234487,0.139162178053466,0.286037925446163,0.349877253308697,0.536078162847935,0.581390771722143,0.0564919158234487,0.139162178053466,0.286037925446163,0.349877253308697,0.536078162847935,0.581390771722143,0.0564919158234487,0.139162178053466,0.286037925446163,0.349877253308697,0.536078162847935,0.581390771722143,0.75,1
-3.93,18.158,1.3192,0.2,0.0462739665705809,0.15605601628006,0.330356787516863,0.364164617653947,0.540011879092327,0.563895082361498,0.0462739665705809,0.15605601628006,0.330356787516863,0.364164617653947,0.540011879092327,0.563895082361498,0.0462739665705809,0.15605601628006,0.330356787516863,0.364164617653947,0.540011879092327,0.563895082361498,0.75,1
-12.39,23.966,1.22576,0.2,0.061374829625704,0.145893316721875,0.261339392938012,0.380039466926447,0.479257817095603,0.564478272006853,0.061374829625704,0.145893316721875,0.261339392938012,0.380039466926447,0.479257817095603,0.564478272006853,0.061374829625704,0.145893316721875,0.261339392938012,0.380039466926447,0.479257817095603,0.564478272006853,0.75,1
-8.49,23.658,1.39152,0.2,0.0630928918894606,0.183508503398276,0.241488235968845,0.383214436780947,0.400146412625049,0.628045943350532,0.0630928918894606,0.183508503398276,0.241488235968845,0.383214436780947,0.400146412625049,0.628045943350532,0.0630928918894606,0.183508503398276,0.241488235968845,0.383214436780947,0.400146412625049,0.628045943350532,0.75,1
14.91,16.178,1.3352,0.2,0.0427926298782322,0.133882853607656,0.317892107559478,0.380356963911897,0.52733657119373,0.657788615263629,0.0427926298782322,0.133882853607656,0.317892107559478,0.380356963911897,0.52733657119373,0.657788615263629,0.0427926298782322,0.133882853607656,0.317892107559478,0.380356963911897,0.52733657119373,0.657788615263629,0.75,1
12.81,5.442,1.3096,0.2,0.0463191787354166,0.146685215388746,0.301734189096202,0.337812367861598,0.552687186990924,0.775009733979955,0.0463191787354166,0.146685215388746,0.301734189096202,0.337812367861598,0.552687186990924,0.775009733979955,0.0463191787354166,0.146685215388746,0.301734189096202,0.337812367861598,0.552687186990924,0.775009733979955,0.75,1
8.01,13.01,1.2584,0.2,0.0596567673619475,0.164502935393357,0.238949134496044,0.338764858817948,0.540886038257747,0.594804133565305,0.0596567673619475,0.164502935393357,0.238949134496044,0.338764858817948,0.540886038257747,0.594804133565305,0.0596567673619475,0.164502935393357,0.238949134496044,0.338764858817948,0.540886038257747,0.594804133565305,0.75,1
-11.91,6.718,1.35888,0.2,0.0510664560431649,0.168462428727715,0.215866393834221,0.405756722747896,0.409325083861964,0.578474823495369,0.0510664560431649,0.168462428727715,0.215866393834221,0.405756722747896,0.409325083861964,0.578474823495369,0.0510664560431649,0.168462428727715,0.215866393834221,0.405756722747896,0.409325083861964,0.578474823495369,0.75,1
0.210000000000001,24.626,1.10992,0.2,0.0513829411970148,0.155660066946625,0.235486723396771,0.401629261937046,0.426808267170374,0.675284304624275,0.0513829411970148,0.155660066946625,0.235486723396771,0.401629261937046,0.426808267170374,0.675284304624275,0.0513829411970148,0.155660066946625,0.235486723396771,0.401629261937046,0.426808267170374,0.675284304624275,0.75,1
-12.33,15.694,1.24752,0.2,0.0417979622518468,0.144045553165841,0.242180718188699,0.334319901021648,0.562302937810549,0.565644651297562,0.0417979622518468,0.144045553165841,0.242180718188699,0.334319901021648,0.562302937810549,0.565644651297562,0.0417979622518468,0.144045553165841,0.242180718188699,0.334319901021648,0.562302937810549,0.565644651297562,0.75,1
4.41,21.106,1.1944,0.2,0.0562206428344345,0.159223610947547,0.318353762372715,0.441316385118296,0.505482592058218,0.558063185907949,0.0562206428344345,0.159223610947547,0.318353762372715,0.441316385118296,0.505482592058218,0.558063185907949,0.0562206428344345,0.159223610947547,0.318353762372715,0.441316385118296,0.505482592058218,0.558063185907949,0.75,1
8.91,16.574,1.15024,0.2,0.0561754306695988,0.156979898058077,0.298964260216784,0.382579442810047,0.482754453757285,0.505576117826013,0.0561754306695988,0.156979898058077,0.298964260216784,0.382579442810047,0.482754453757285,0.505576117826013,0.0561754306695988,0.156979898058077,0.298964260216784,0.382579442810047,0.482754453757285,0.505576117826013,0.75,1
11.67,12.79,1.14448,0.2,0.0576222199443411,0.134410786052237,0.227638591571751,0.462588683143445,0.459152156290932,0.642625684484403,0.0576222199443411,0.134410786052237,0.227638591571751,0.462588683143445,0.459152156290932,0.642625684484403,0.0576222199443411,0.134410786052237,0.227638591571751,0.462588683143445,0.459152156290932,0.642625684484403,0.75,1
-11.25,4.65,1.37168,0.2,0.0433351758562605,0.137710363830868,0.264801804037286,0.349559756323247,0.43817233632084,0.502660169599238,0.0433351758562605,0.137710363830868,0.264801804037286,0.349559756323247,0.43817233632084,0.502660169599238,0.0433351758562605,0.137710363830868,0.264801804037286,0.349559756323247,0.43817233632084,0.502660169599238,0.75,1
-5.43,22.998,1.13872,0.2,0.0592046457135905,0.169782259839168,0.290423646171909,0.459413713288945,0.60076594108905,0.653706287746145,0.0592046457135905,0.169782259839168,0.290423646171909,0.459413713288945,0.60076594108905,0.653706287746145,0.0592046457135905,0.169782259839168,0.290423646171909,0.459413713288945,0.60076594108905,0.653706287746145,0.75,1
7.11,17.366,1.396,0.2,0.0446011164716601,0.170706141617185,0.252337124079901,0.402899249878846,0.481006135426444,0.6542894773915,0.0446011164716601,0.170706141617185,0.252337124079901,0.402899249878846,0.481006135426444,0.6542894773915,0.0446011164716601,0.170706141617185,0.252337124079901,0.402899249878846,0.481006135426444,0.6542894773915,0.75,1
-2.79,5.266,1.30256,0.2,0.0548642778893635,0.186016182510036,0.283729651379981,0.425441535845796,0.425059948839533,0.531819651866981,0.0548642778893635,0.186016182510036,0.283729651379981,0.425441535845796,0.425059948839533,0.531819651866981,0.0548642778893635,0.186016182510036,0.283729651379981,0.425441535845796,0.425059948839533,0.531819651866981,0.75,1
0.450000000000001,12.306,1.10224,0.2,0.0623242850872537,0.162259222503888,0.243796510035027,0.314000093952848,0.513350024547002,0.616382150443435,0.0623242850872537,0.162259222503888,0.243796510035027,0.314000093952848,0.513350024547002,0.616382150443435,0.0623242850872537,0.162259222503888,0.243796510035027,0.314000093952848,0.513350024547002,0.616382150443435,0.75,1
10.29,22.03,1.10288,0.2,0.062731194570775,0.14826901272249,0.236640860429862,0.400041777009796,0.397961014711498,0.724272234834082,0.062731194570775,0.14826901272249,0.236640860429862,0.400041777009796,0.397961014711498,0.724272234834082,0.062731194570775,0.14826901272249,0.236640860429862,0.400041777009796,0.397961014711498,0.724272234834082,0.75,1
14.49,15.386,1.38,0.2,0.0626859824059393,0.139030194942321,0.237102515243098,0.451158791667245,0.515535422460553,0.659538184199694,0.0626859824059393,0.139030194942321,0.237102515243098,0.451158791667245,0.515535422460553,0.659538184199694,0.0626859824059393,0.139030194942321,0.237102515243098,0.451158791667245,0.515535422460553,0.659538184199694,0.75,1
-14.37,15.342,1.24688,0.2,0.0477207558453232,0.131903106940477,0.300349224656493,0.382261945824597,0.482317374174575,0.618131719379499,0.0477207558453232,0.131903106940477,0.300349224656493,0.382261945824597,0.482317374174575,0.618131719379499,0.0477207558453232,0.131903106940477,0.300349224656493,0.382261945824597,0.482317374174575,0.618131719379499,0.75,1
-4.83,13.934,1.37616,0.2,0.0578934929333553,0.142197789609807,0.246797266321064,0.389246879504497,0.561865858227839,0.646124822356532,0.0578934929333553,0.142197789609807,0.246797266321064,0.389246879504497,0.561865858227839,0.646124822356532,0.0578934929333553,0.142197789609807,0.246797266321064,0.389246879504497,0.561865858227839,0.646124822356532,0.75,1
-1.05,5.618,1.15344,0.2,0.0454601476035383,0.153680320279446,0.244950647068118,0.433061463496596,0.432927381328318,0.61579896079808,0.0454601476035383,0.153680320279446,0.244950647068118,0.433061463496596,0.432927381328318,0.61579896079808,0.0454601476035383,0.153680320279446,0.244950647068118,0.433061463496596,0.432927381328318,0.61579896079808,0.75,1
5.91,7.906,1.34608,0.2,0.0622338607575823,0.167010614505118,0.270341661796123,0.403851740835196,0.501985955396536,0.525404565768077,0.0622338607575823,0.167010614505118,0.270341661796123,0.403851740835196,0.501985955396536,0.525404565768077,0.0622338607575823,0.167010614505118,0.270341661796123,0.403851740835196,0.501985955396536,0.525404565768077,0.75,1
14.37,9.446,1.17264,0.2,0.0552711873728848,0.164370952282212,0.243565682628409,0.380991957882797,0.526025332445599,0.726604993415502,0.0552711873728848,0.164370952282212,0.243565682628409,0.380991957882797,0.526025332445599,0.726604993415502,0.0552711873728848,0.164370952282212,0.243565682628409,0.380991957882797,0.526025332445599,0.726604993415502,0.75,1
4.71,15.87,1.40432,0.2,0.0427022055485608,0.179549010063918,0.25649201739903,0.398454292082546,0.412384640940936,0.724855424479437,0.0427022055485608,0.179549010063918,0.25649201739903,0.398454292082546,0.412384640940936,0.724855424479437,0.0427022055485608,0.179549010063918,0.25649201739903,0.398454292082546,0.412384640940936,0.724855424479437,0.75,1
-7.29,15.606,1.39792,0.2,0.0553616117025562,0.168858378061151,0.288115372105727,0.426076529816696,0.504608432892797,0.657205425618274,0.0553616117025562,0.168858378061151,0.288115372105727,0.426076529816696,0.504608432892797,0.657205425618274,0.0553616117025562,0.168858378061151,0.288115372105727,0.426076529816696,0.504608432892797,0.657205425618274,0.75,1
14.07,12.394,1.28208,0.2,0.0625955580762679,0.136522515830561,0.303580808349148,0.386389406635447,0.567110813220362,0.6723683563975,0.0625955580762679,0.136522515830561,0.303580808349148,0.386389406635447,0.567110813220362,0.6723683563975,0.0625955580762679,0.136522515830561,0.303580808349148,0.386389406635447,0.567110813220362,0.6723683563975,0.75,1
11.55,23.834,1.36848,0.2,0.0609227079773471,0.169650276728023,0.275189037335106,0.329239949254448,0.420689153012431,0.667119649589307,0.0609227079773471,0.169650276728023,0.275189037335106,0.329239949254448,0.420689153012431,0.667119649589307,0.0609227079773471,0.169650276728023,0.275189037335106,0.329239949254448,0.420689153012431,0.667119649589307,0.75,1
-1.53,10.37,1.30576,0.2,0.0580743415926981,0.132826988718493,0.291116128391764,0.352099732206847,0.550064709494662,0.67470111497892,0.0580743415926981,0.132826988718493,0.291116128391764,0.352099732206847,0.550064709494662,0.67470111497892,0.0580743415926981,0.132826988718493,0.291116128391764,0.352099732206847,0.550064709494662,0.67470111497892,0.75,1
6.45,16.794,1.35184,0.2,0.057486583449834,0.153812303390591,0.249567195200483,0.450841294681795,0.580223200701669,0.571476547751111,0.057486583449834,0.153812303390591,0.249567195200483,0.450841294681795,0.580223200701669,0.571476547751111,0.057486583449834,0.153812303390591,0.249567195200483,0.450841294681795,0.580223200701669,0.571476547751111,0.75,1
1.11,9.27,1.27696,0.2,0.0443750556474816,0.14602529983302,0.250028850013719,0.401946758922496,0.505045512475507,0.73476964845047,0.0443750556474816,0.14602529983302,0.250028850013719,0.401946758922496,0.505045512475507,0.73476964845047,0.0443750556474816,0.14602529983302,0.250028850013719,0.401946758922496,0.505045512475507,0.73476964845047,0.75,1
13.95,8.478,1.12976,0.2,0.0417075379221754,0.176249432285286,0.231331830077643,0.393691837300797,0.394464378049816,0.708526114409501,0.0417075379221754,0.176249432285286,0.231331830077643,0.393691837300797,0.394464378049816,0.708526114409501,0.0417075379221754,0.176249432285286,0.231331830077643,0.393691837300797,0.394464378049816,0.708526114409501,0.75,1
-4.59,10.546,1.38832,0.2,0.050749970889315,0.134146819829946,0.311659767580786,0.461636192187095,0.470079145858688,0.717857148735179,0.050749970889315,0.134146819829946,0.311659767580786,0.461636192187095,0.470079145858688,0.717857148735179,0.050749970889315,0.134146819829946,0.311659767580786,0.461636192187095,0.470079145858688,0.717857148735179,0.75,1
12.39,21.326,1.25968,0.2,0.0441489948233031,0.178229178952465,0.251875469266665,0.344162307570598,0.606447975664283,0.546399393000852,0.0441489948233031,0.178229178952465,0.251875469266665,0.344162307570598,0.606447975664283,0.546399393000852,0.0441489948233031,0.178229178952465,0.251875469266665,0.344162307570598,0.606447975664283,0.546399393000852,0.75,1
10.41,14.33,1.4056,0.2,0.0459122692518953,0.146949181611037,0.318584589779333,0.445761342914595,0.428119505918505,0.503826548889948,0.0459122692518953,0.146949181611037,0.318584589779333,0.445761342914595,0.428119505918505,0.503826548889948,0.0459122692518953,0.146949181611037,0.318584589779333,0.445761342914595,0.428119505918505,0.503826548889948,0.75,1
-3.09,16.354,1.22704,0.2,0.0486702113068729,0.140877958498355,0.228792728604842,0.399089286053446,0.5644883357241,0.718440338380534,0.0486702113068729,0.140877958498355,0.228792728604842,0.399089286053446,0.5644883357241,0.718440338380534,0.0486702113068729,0.140877958498355,0.228792728604842,0.399089286053446,0.5644883357241,0.718440338380534,0.75,1
5.97,7.466,1.16176,0.2,0.055090338713542,0.127811630494973,0.28765371729249,0.427664014743946,0.470516225441398,0.741184734549373,0.055090338713542,0.127811630494973,0.28765371729249,0.427664014743946,0.470516225441398,0.741184734549373,0.055090338713542,0.127811630494973,0.28765371729249,0.427664014743946,0.470516225441398,0.741184734549373,0.75,1
11.37,4.782,1.332,0.2,0.0624599215817608,0.137050448275142,0.247951403354155,0.414964135325946,0.454344280881119,0.656039046327565,0.0624599215817608,0.137050448275142,0.247951403354155,0.414964135325946,0.454344280881119,0.656039046327565,0.0624599215817608,0.137050448275142,0.247951403354155,0.414964135325946,0.454344280881119,0.656039046327565,0.75,1
12.21,17.674,1.18928,0.2,0.0475399071859805,0.142065806498662,0.278189793621143,0.325747482414498,0.517283740791394,0.521322238250594,0.0475399071859805,0.142065806498662,0.278189793621143,0.325747482414498,0.517283740791394,0.521322238250594,0.0475399071859805,0.142065806498662,0.278189793621143,0.325747482414498,0.517283740791394,0.521322238250594,0.75,1
-12.15,22.822,1.13616,0.2,0.0537791859333068,0.142989688276679,0.27472738252187,0.461318695201645,0.486688170001677,0.597720081792079,0.0537791859333068,0.142989688276679,0.27472738252187,0.461318695201645,0.486688170001677,0.597720081792079,0.0537791859333068,0.142989688276679,0.27472738252187,0.461318695201645,0.486688170001677,0.597720081792079,0.75,1
-13.53,5.926,1.3864,0.2,0.0604705863289901,0.184696351398583,0.223945353065859,0.378769478984647,0.592898508600266,0.778508871852084,0.0604705863289901,0.184696351398583,0.223945353065859,0.378769478984647,0.592898508600266,0.778508871852084,0.0604705863289901,0.184696351398583,0.223945353065859,0.378769478984647,0.592898508600266,0.778508871852084,0.75,1
1.47,8.302,1.30896,0.2,0.0433803880210962,0.144969434943858,0.268956697356414,0.324159997487248,0.469642066275978,0.75284852745647,0.0433803880210962,0.144969434943858,0.268956697356414,0.324159997487248,0.469642066275978,0.75284852745647,0.0433803880210962,0.144969434943858,0.268956697356414,0.324159997487248,0.469642066275978,0.75284852745647,0.75,1
-14.91,4.342,1.3896,0.2,0.0583004024168766,0.132958971829639,0.245181474474736,0.327969961312648,0.415444198019908,0.702694217955953,0.0583004024168766,0.132958971829639,0.245181474474736,0.327969961312648,0.415444198019908,0.702694217955953,0.0583004024168766,0.132958971829639,0.245181474474736,0.327969961312648,0.415444198019908,0.702694217955953,0.75,1
-9.03,19.962,1.21424,0.2,0.0450080259551814,0.182980570953695,0.319507899405806,0.458461222332595,0.451721803384858,0.556313616971885,0.0450080259551814,0.182980570953695,0.319507899405806,0.458461222332595,0.451721803384858,0.556313616971885,0.0450080259551814,0.182980570953695,0.319507899405806,0.458461222332595,0.451721803384858,0.556313616971885,0.75,1
-14.79,14.022,1.34672,0.2,0.0618721634388967,0.172685888284364,0.29688681355722,0.398136795097096,0.427245346753084,0.699778269729179,0.0618721634388967,0.172685888284364,0.29688681355722,0.398136795097096,0.427245346753084,0.699778269729179,0.0618721634388967,0.172685888284364,0.29688681355722,0.398136795097096,0.427245346753084,0.699778269729179,0.75,1
8.43,14.066,1.35376,0.2,0.0534627007794569,0.167802513171989,0.229254383418079,0.376864497071947,0.576726564039987,0.533569220803045,0.0534627007794569,0.167802513171989,0.229254383418079,0.376864497071947,0.576726564039987,0.533569220803045,0.0534627007794569,0.167802513171989,0.229254383418079,0.376864497071947,0.576726564039987,0.533569220803045,0.75,1
-8.61,22.954,1.21616,0.2,0.0628668310652821,0.151568590501121,0.256261189992411,0.409566686573296,0.533892764934383,0.65545585668221,0.0628668310652821,0.151568590501121,0.256261189992411,0.409566686573296,0.533892764934383,0.65545585668221,0.0628668310652821,0.151568590501121,0.256261189992411,0.409566686573296,0.533892764934383,0.65545585668221,0.75,1
13.89,13.406,1.38704,0.2,0.0587073119003979,0.173609770062381,0.254183743332847,0.341939828672448,0.543945595336719,0.630961891577306,0.0587073119003979,0.173609770062381,0.254183743332847,0.341939828672448,0.543945595336719,0.630961891577306,0.0587073119003979,0.173609770062381,0.254183743332847,0.341939828672448,0.543945595336719,0.630961891577306,0.75,1
7.47,15.474,1.18864,0.2,0.0566727644827915,0.142461755832098,0.249105540387246,0.418456602165896,0.543071436171298,0.69277999398492,0.0566727644827915,0.142461755832098,0.249105540387246,0.418456602165896,0.543071436171298,0.69277999398492,0.0566727644827915,0.142461755832098,0.249105540387246,0.418456602165896,0.543071436171298,0.69277999398492,0.75,1
9.63,18.73,1.1432,0.2,0.041617113592504,0.149060911389361,0.284883788413072,0.347337277425097,0.515098342877843,0.626296374414467,0.041617113592504,0.149060911389361,0.284883788413072,0.347337277425097,0.515098342877843,0.626296374414467,0.041617113592504,0.149060911389361,0.284883788413072,0.347337277425097,0.515098342877843,0.626296374414467,0.75,1
-3.81,3.286,1.22896,0.2,0.0473590585266377,0.154736185168608,0.307735701668276,0.400359273995246,0.460900474621773,0.510241634988851,0.0473590585266377,0.154736185168608,0.307735701668276,0.400359273995246,0.460900474621773,0.510241634988851,0.0473590585266377,0.154736185168608,0.307735701668276,0.400359273995246,0.460900474621773,0.510241634988851,0.75,1
-6.69,13.626,1.16112,0.2,0.0462287544057452,0.142857705165534,0.266417595883613,0.460683701230745,0.417192516350749,0.630378701931951,0.0462287544057452,0.142857705165534,0.266417595883613,0.460683701230745,0.417192516350749,0.630378701931951,0.0462287544057452,0.142857705165534,0.266417595883613,0.460683701230745,0.417192516350749,0.630378701931951,0.75,1
5.13,13.318,1.11056,0.2,0.0428830542079036,0.173873736284671,0.306812392041803,0.422266565991296,0.577600723205407,0.634461029449435,0.0428830542079036,0.173873736284671,0.306812392041803,0.422266565991296,0.577600723205407,0.634461029449435,0.0428830542079036,0.173873736284671,0.306812392041803,0.422266565991296,0.577600723205407,0.634461029449435,0.75,1
9.39,20.446,1.28016,0.2,0.059882828186126,0.178889094508192,0.260416083311539,0.455286252478095,0.465271270448875,0.503243359244593,0.059882828186126,0.178889094508192,0.260416083311539,0.455286252478095,0.465271270448875,0.503243359244593,0.059882828186126,0.178889094508192,0.260416083311539,0.455286252478095,0.465271270448875,0.503243359244593,0.75,1
10.53,16.31,1.31664,0.2,0.059430706537769,0.128867495384135,0.301041706876348,0.428616505700296,0.52864780994186,0.668869218525371,0.059430706537769,0.128867495384135,0.301041706876348,0.428616505700296,0.52864780994186,0.668869218525371,0.059430706537769,0.128867495384135,0.301041706876348,0.428616505700296,0.52864780994186,0.668869218525371,0.75,1
11.19,5.354,1.2968,0.2,0.0488962721310514,0.152624455390283,0.257415327025503,0.386071909649997,0.500237637065695,0.588389047466402,0.0488962721310514,0.152624455390283,0.257415327025503,0.386071909649997,0.500237637065695,0.588389047466402,0.0488962721310514,0.152624455390283,0.257415327025503,0.386071909649997,0.500237637065695,0.588389047466402,0.75,1
10.59,16.926,1.31536,0.2,0.0431995393617534,0.144441502499277,0.327125203824208,0.381309454868247,0.539574799509616,0.747016631002922,0.0431995393617534,0.144441502499277,0.327125203824208,0.381309454868247,0.539574799509616,0.747016631002922,0.0431995393617534,0.144441502499277,0.327125203824208,0.381309454868247,0.539574799509616,0.747016631002922,0.75,1
-2.55,6.322,1.36336,0.2,0.0568536131421342,0.188787827844087,0.30334998094253,0.412424159442346,0.449099325888596,0.7744265443346,0.0568536131421342,0.188787827844087,0.30334998094253,0.412424159442346,0.449099325888596,0.7744265443346,0.0568536131421342,0.188787827844087,0.30334998094253,0.412424159442346,0.449099325888596,0.7744265443346,0.75,1
-2.13,11.954,1.1016,0.2,0.0608322836476757,0.17836116206361,0.219559632340113,0.354004714119547,0.456966758377381,0.574392495977885,0.0608322836476757,0.17836116206361,0.219559632340113,0.354004714119547,0.456966758377381,0.574392495977885,0.0608322836476757,0.17836116206361,0.219559632340113,0.354004714119547,0.456966758377381,0.574392495977885,0.75,1
-12.03,15.122,1.31408,0.2,0.0577578564388482,0.155528083835479,0.305196600195476,0.370514557362947,0.549627629911952,0.586056288884982,0.0577578564388482,0.155528083835479,0.305196600195476,0.370514557362947,0.549627629911952,0.586056288884982,0.0577578564388482,0.155528083835479,0.305196600195476,0.370514557362947,0.549627629911952,0.586056288884982,0.75,1
-1.17,21.546,1.2776,0.2,0.0457766327573882,0.175985466062996,0.322047000878606,0.407979201646046,0.607322134829704,0.53531878973911,0.0457766327573882,0.175985466062996,0.322047000878606,0.407979201646046,0.607322134829704,0.53531878973911,0.0457766327573882,0.175985466062996,0.322047000878606,0.407979201646046,0.607322134829704,0.53531878973911,0.75,1
1.59,17.718,1.30384,0.2,0.0489866964607228,0.175193567396124,0.253260433706374,0.439411403205596,0.452595962550278,0.712608441926985,0.0489866964607228,0.175193567396124,0.253260433706374,0.439411403205596,0.452595962550278,0.712608441926985,0.0489866964607228,0.175193567396124,0.253260433706374,0.439411403205596,0.452595962550278,0.712608441926985,0.75,1
-10.71,21.502,1.3928,0.2,0.0557233090212418,0.166746648282827,0.226946109351896,0.358767168901297,0.583719837363351,0.710858872990921,0.0557233090212418,0.166746648282827,0.226946109351896,0.358767168901297,0.583719837363351,0.710858872990921,0.0557233090212418,0.166746648282827,0.226946109351896,0.358767168901297,0.583719837363351,0.710858872990921,0.75,1
-4.89,5.09,1.17904,0.2,0.0537339737684711,0.192747321178445,0.315583833493296,0.411789165471446,0.590713110686715,0.676450683914984,0.0537339737684711,0.192747321178445,0.315583833493296,0.411789165471446,0.590713110686715,0.676450683914984,0.0537339737684711,0.192747321178445,0.315583833493296,0.411789165471446,0.590713110686715,0.676450683914984,0.75,1
-6.21,14.77,1.12528,0.2,0.0634093770433105,0.179944959397354,0.227407764165133,0.381626951853697,0.5815344394498,0.608800685053821,0.0634093770433105,0.179944959397354,0.227407764165133,0.381626951853697,0.5815344394498,0.608800685053821,0.0634093770433105,0.179944959397354,0.227407764165133,0.381626951853697,0.5815344394498,0.608800685053821,0.75,1
2.43,23.306,1.19376,0.2,0.0461383300760738,0.163843019837631,0.284652961006453,0.334954894992548,0.557932141983447,0.679949821787114,0.0461383300760738,0.163843019837631,0.284652961006453,0.334954894992548,0.557932141983447,0.679949821787114,0.0461383300760738,0.163843019837631,0.284652961006453,0.334954894992548,0.557932141983447,0.679949821787114,0.75,1
-3.21,5.31,1.34416,0.2,0.0616913147795539,0.134938718496818,0.323893620131552,0.354957205075897,0.451284723802148,0.642042494839048,0.0616913147795539,0.134938718496818,0.323893620131552,0.354957205075897,0.451284723802148,0.642042494839048,0.0616913147795539,0.134938718496818,0.323893620131552,0.354957205075897,0.451284723802148,0.642042494839048,0.75,1
-2.31,18.114,1.25776,0.2,0.0493031816145727,0.185488250065455,0.28119054990718,0.328287458298098,0.59989178192363,0.688114476822081,0.0493031816145727,0.185488250065455,0.28119054990718,0.328287458298098,0.59989178192363,0.688114476822081,0.0493031816145727,0.185488250065455,0.28119054990718,0.328287458298098,0.59989178192363,0.688114476822081,0.75,1
-13.05,4.562,1.24624,0.2,0.0419335987463539,0.143253654498969,0.219790459746731,0.452746276594495,0.581097359867089,0.757514044619309,0.0419335987463539,0.143253654498969,0.219790459746731,0.452746276594495,0.581097359867089,0.757514044619309,0.0419335987463539,0.143253654498969,0.219790459746731,0.452746276594495,0.581097359867089,0.757514044619309,0.75,1
-6.51,11.514,1.156,0.2,0.042521356889218,0.160015509614418,0.264570976630668,0.413059153413246,0.583282757780641,0.599469650728144,0.042521356889218,0.160015509614418,0.264570976630668,0.413059153413246,0.583282757780641,0.599469650728144,0.042521356889218,0.160015509614418,0.264570976630668,0.413059153413246,0.583282757780641,0.599469650728144,0.75,1
-6.93,18.29,1.18352,0.2,0.0581647659223695,0.151172641167686,0.295040194304274,0.437188924307446,0.567984972385782,0.654872667036855,0.0581647659223695,0.151172641167686,0.295040194304274,0.437188924307446,0.567984972385782,0.654872667036855,0.0581647659223695,0.151172641167686,0.295040194304274,0.437188924307446,0.567984972385782,0.654872667036855,0.75,1
4.77,3.506,1.30128,0.2,0.0503882735706294,0.179812976286208,0.242411545595318,0.453063773579945,0.503734273727377,0.508492066052787,0.0503882735706294,0.179812976286208,0.242411545595318,0.453063773579945,0.503734273727377,0.508492066052787,0.0503882735706294,0.179812976286208,0.242411545595318,0.453063773579945,0.503734273727377,0.508492066052787,0.75,1
4.29,20.578,1.35824,0.2,0.0505691222299722,0.183640486509421,0.318815417185951,0.404169237820646,0.585031076111482,0.566227840942917,0.0505691222299722,0.183640486509421,0.318815417185951,0.404169237820646,0.585031076111482,0.566227840942917,0.0505691222299722,0.183640486509421,0.318815417185951,0.404169237820646,0.585031076111482,0.566227840942917,0.75,1
-10.41,18.026,1.3288,0.2,0.0470877855376235,0.181528756731097,0.269649179576269,0.388611885533597,0.594646826931107,0.733020079514405,0.0470877855376235,0.181528756731097,0.269649179576269,0.388611885533597,0.594646826931107,0.733020079514405,0.0470877855376235,0.181528756731097,0.269649179576269,0.388611885533597,0.594646826931107,0.733020079514405,0.75,1
-11.49,22.47,1.25264,0.2,0.0483989383178587,0.1856202331766,0.242642373001936,0.391469358402647,0.399709333042339,0.583140340658208,0.0483989383178587,0.1856202331766,0.242642373001936,0.391469358402647,0.399709333042339,0.583140340658208,0.0483989383178587,0.1856202331766,0.242642373001936,0.391469358402647,0.399709333042339,0.583140340658208,0.75,1
-12.27,16.222,1.41584,0.2,0.0460026935815667,0.13348690427422,0.23433258636368,0.460366204245295,0.557057982818026,0.522488617541303,0.0460026935815667,0.13348690427422,0.23433258636368,0.460366204245295,0.557057982818026,0.522488617541303,0.0460026935815667,0.13348690427422,0.23433258636368,0.460366204245295,0.557057982818026,0.522488617541303,0.75,1
6.27,11.822,1.23728,0.2,0.0518350628453718,0.173213820728945,0.314429696460205,0.408931692602396,0.495866841238592,0.706193355828082,0.0518350628453718,0.173213820728945,0.314429696460205,0.408931692602396,0.495866841238592,0.706193355828082,0.0518350628453718,0.173213820728945,0.314429696460205,0.408931692602396,0.495866841238592,0.706193355828082,0.75,1
0.630000000000001,16.618,1.2616,0.2,0.0632737405488034,0.163975002948776,0.299656742436638,0.445126348943696,0.525588252862889,0.683448959659243,0.0632737405488034,0.163975002948776,0.299656742436638,0.445126348943696,0.525588252862889,0.683448959659243,0.0632737405488034,0.163975002948776,0.299656742436638,0.445126348943696,0.525588252862889,0.683448959659243,0.75,1
10.47,14.374,1.19056,0.2,0.0490771207903942,0.15104065805654,0.294809366897656,0.383849430751847,0.607759214412414,0.686364907886017,0.0490771207903942,0.15104065805654,0.294809366897656,0.383849430751847,0.607759214412414,0.686364907886017,0.0490771207903942,0.15104065805654,0.294809366897656,0.383849430751847,0.607759214412414,0.686364907886017,0.75,1
-11.07,5.794,1.30768,0.2,0.0611035566366899,0.16582276650481,0.232716794517352,0.314317590938298,0.579786121118959,0.761596372136793,0.0611035566366899,0.16582276650481,0.232716794517352,0.314317590938298,0.579786121118959,0.761596372136793,0.0611035566366899,0.16582276650481,0.232716794517352,0.314317590938298,0.579786121118959,0.761596372136793,0.75,1
-6.15,17.19,1.2296,0.2,0.0455957840980454,0.153152387834865,0.317430452746242,0.342257325657898,0.608633373577835,0.552814479099756,0.0455957840980454,0.153152387834865,0.317430452746242,0.342257325657898,0.608633373577835,0.552814479099756,0.0455957840980454,0.153152387834865,0.317430452746242,0.342257325657898,0.608633373577835,0.552814479099756,0.75,1
-13.29,23.526,1.19312,0.2,0.0615104661202111,0.141141924720645,0.267802560323323,0.394326831271697,0.467893747945137,0.693363183630275,0.0615104661202111,0.141141924720645,0.267802560323323,0.394326831271697,0.467893747945137,0.693363183630275,0.0615104661202111,0.141141924720645,0.267802560323323,0.394326831271697,0.467893747945137,0.693363183630275,0.75,1
3.93,14.418,1.2808,0.2,0.0592498578784262,0.146157282944165,0.295963503930747,0.321937518589098,0.45478136046383,0.611133443635241,0.0592498578784262,0.146157282944165,0.295963503930747,0.321937518589098,0.45478136046383,0.611133443635241,0.0592498578784262,0.146157282944165,0.295963503930747,0.321937518589098,0.45478136046383,0.611133443635241,0.75,1
-7.11,16.53,1.34864,0.2,0.0605610106586615,0.135598634052544,0.322277828285225,0.380674460897347,0.461774633787193,0.704443786892017,0.0605610106586615,0.135598634052544,0.322277828285225,0.380674460897347,0.461774633787193,0.704443786892017,0.0605610106586615,0.135598634052544,0.322277828285225,0.380674460897347,0.461774633787193,0.704443786892017,0.75,1
5.49,16.882,1.40688,0.2,0.0548190657245278,0.137446397608578,0.229946865637933,0.333684907050748,0.469204986693268,0.590138616402466,0.0548190657245278,0.137446397608578,0.229946865637933,0.333684907050748,0.469204986693268,0.590138616402466,0.0548190657245278,0.137446397608578,0.229946865637933,0.333684907050748,0.469204986693268,0.590138616402466,0.75,1
-10.59,8.214,1.33968,0.2,0.0430639028672464,0.149720826945088,0.288577026918963,0.359402162872197,0.513787104129712,0.687531287176727,0.0430639028672464,0.149720826945088,0.288577026918963,0.359402162872197,0.513787104129712,0.687531287176727,0.0430639028672464,0.149720826945088,0.288577026918963,0.359402162872197,0.513787104129712,0.687531287176727,0.75,1
-0.450000000000001,19.082,1.26608,0.2,0.051202092537672,0.166878631393972,0.220252114559968,0.323207506530898,0.457403837960091,0.604135167890983,0.051202092537672,0.166878631393972,0.220252114559968,0.323207506530898,0.457403837960091,0.604135167890983,0.051202092537672,0.166878631393972,0.220252114559968,0.323207506530898,0.457403837960091,0.604135167890983,0.75,1
-13.41,7.246,1.25584,0.2,0.0538243980981425,0.137182431386287,0.228561901198224,0.379721969940997,0.590276031104004,0.772676975398535,0.0538243980981425,0.137182431386287,0.228561901198224,0.379721969940997,0.590276031104004,0.772676975398535,0.0538243980981425,0.137182431386287,0.228561901198224,0.379721969940997,0.590276031104004,0.772676975398535,0.75,1
-10.89,19.39,1.15408,0.2,0.0422500839002038,0.13375087049651,0.319969554219042,0.419091596136796,0.54613099325027,0.61463258150737,0.0422500839002038,0.13375087049651,0.319969554219042,0.419091596136796,0.54613099325027,0.61463258150737,0.0422500839002038,0.13375087049651,0.319969554219042,0.419091596136796,0.54613099325027,0.61463258150737,0.75,1
-1.23,6.498,1.17392,0.2,0.0414362649331612,0.127547664272683,0.277958966214525,0.434648948423846,0.569733290716623,0.699195080083824,0.0414362649331612,0.127547664272683,0.277958966214525,0.434648948423846,0.569733290716623,0.699195080083824,0.0414362649331612,0.127547664272683,0.277958966214525,0.434648948423846,0.569733290716623,0.699195080083824,0.75,1
4.83,5.706,1.31024,0.2,0.0474946950211448,0.18060487495308,0.288346199512345,0.457191234390795,0.434238620076448,0.721356286607308,0.0474946950211448,0.18060487495308,0.288346199512345,0.457191234390795,0.434238620076448,0.721356286607308,0.0474946950211448,0.18060487495308,0.288346199512345,0.457191234390795,0.434238620076448,0.721356286607308,0.75,1
1.23,18.642,1.39088,0.2,0.0629120432301178,0.173741753173526,0.242873200408554,0.423219056947646,0.424622869256823,0.563311892716143,0.0629120432301178,0.173741753173526,0.242873200408554,0.423219056947646,0.424622869256823,0.563311892716143,0.0629120432301178,0.173741753173526,0.242873200408554,0.423219056947646,0.424622869256823,0.563311892716143,0.75,1
-9.21,8.83,1.2872,0.2,0.0523323966585644,0.136786482052851,0.290654473578527,0.361624641770347,0.404954288034862,0.698611890438469,0.0523323966585644,0.136786482052851,0.290654473578527,0.361624641770347,0.404954288034862,0.698611890438469,0.0523323966585644,0.136786482052851,0.290654473578527,0.361624641770347,0.404954288034862,0.698611890438469,0.75,1
2.31,6.102,1.38256,0.2,0.0785768111091415,0.236089329920278,0.311234639215495,0.603522305399426,0.708206972857143,0.967597351548305,0.0785768111091415,0.236089329920278,0.311234639215495,0.603522305399426,0.708206972857143,0.967597351548305,0.0785768111091415,0.236089329920278,0.311234639215495,0.603522305399426,0.708206972857143,0.967597351548305,1,1
5.85,16.97,1.16816,0.2,0.0658082657085265,0.193575576544861,0.394886437393951,0.53102208012705,0.702161847340297,0.947646616925412,0.0658082657085265,0.193575576544861,0.394886437393951,0.53102208012705,0.702161847340297,0.947646616925412,0.0658082657085265,0.193575576544861,0.394886437393951,0.53102208012705,0.702161847340297,0.947646616925412,1,1
-6.27,8.434,1.3064,0.2,0.0801601107388178,0.191330131824329,0.329080356160232,0.476646911172767,0.651010785274679,0.796591054780648,0.0801601107388178,0.191330131824329,0.329080356160232,0.476646911172767,0.651010785274679,0.796591054780648,0.0801601107388178,0.191330131824329,0.329080356160232,0.476646911172767,0.651010785274679,0.796591054780648,1,1
7.59,8.346,1.17136,0.2,0.0731629478592807,0.234742063087958,0.39460759806669,0.456593657374025,0.570564114935117,0.777210341146981,0.0731629478592807,0.234742063087958,0.39460759806669,0.456593657374025,0.570564114935117,0.777210341146981,0.0731629478592807,0.234742063087958,0.39460759806669,0.456593657374025,0.570564114935117,0.777210341146981,1,1
-9.15,21.634,1.10864,0.2,0.0800068881940104,0.193425880230159,0.440894926392102,0.438854240552061,0.59939471355392,0.975577645397462,0.0800068881940104,0.193425880230159,0.440894926392102,0.438854240552061,0.59939471355392,0.975577645397462,0.0800068881940104,0.193425880230159,0.440894926392102,0.438854240552061,0.59939471355392,0.975577645397462,1,1
-6.75,13.494,1.36144,0.2,0.0577385450153378,0.185042886606837,0.401299741920966,0.468934121250174,0.67937637423834,1,0.0577385450153378,0.185042886606837,0.401299741920966,0.468934121250174,0.67937637423834,1,0.0577385450153378,0.185042886606837,0.401299741920966,0.468934121250174,0.67937637423834,1,1,1
2.01,4.694,1.23984,0.2,0.0602411799138583,0.192078613397839,0.344695358486878,0.612777653306538,0.749592832164778,0.955056889785344,0.0602411799138583,0.192078613397839,0.344695358486878,0.612777653306538,0.749592832164778,0.955056889785344,0.0602411799138583,0.192078613397839,0.344695358486878,0.612777653306538,0.749592832164778,0.955056889785344,1,1
11.49,7.862,1.14896,0.2,0.0739290605833176,0.181300478739283,0.370906255249461,0.458521854854673,0.740292639061939,1,0.0739290605833176,0.181300478739283,0.370906255249461,0.458521854854673,0.740292639061939,1,0.0739290605833176,0.181300478739283,0.370906255249461,0.458521854854673,0.740292639061939,1,1,1
9.51,11.03,1.41264,0.2,0.0648378562580797,0.19417436180367,0.305657852670265,0.590410562531018,0.778888440438723,0.9071751266904,0.0648378562580797,0.19417436180367,0.305657852670265,0.590410562531018,0.778888440438723,0.9071751266904,0.0648378562580797,0.19417436180367,0.305657852670265,0.590410562531018,0.778888440438723,0.9071751266904,1,1
3.03,22.69,1.2264,0.2,0.0575342482889279,0.186090760809753,0.380665631703614,0.459293133846933,0.753312909405914,0.868413699423064,0.0575342482889279,0.186090760809753,0.380665631703614,0.459293133846933,0.753312909405914,0.868413699423064,0.0575342482889279,0.186090760809753,0.380665631703614,0.459293133846933,0.753312909405914,0.868413699423064,1,1
-14.61,14.946,1.28528,0.2,0.0687705682414692,0.187138635012668,0.436154657828657,0.586939807065851,0.672866239066352,0.756119564545636,0.0687705682414692,0.187138635012668,0.436154657828657,0.586939807065851,0.672866239066352,0.756119564545636,0.0687705682414692,0.187138635012668,0.436154657828657,0.586939807065851,0.672866239066352,0.756119564545636,1,1
13.23,7.994,1.16432,0.2,0.0649910788028871,0.206898548553354,0.404645813848105,0.54220562551481,0.643105621137266,0.904895042733498,0.0649910788028871,0.206898548553354,0.404645813848105,0.54220562551481,0.643105621137266,0.904895042733498,0.0649910788028871,0.206898548553354,0.404645813848105,0.54220562551481,0.643105621137266,0.904895042733498,1,1
7.65,11.734,1.28784,0.2,0.0667276009773708,0.220071824247146,0.358358485522692,0.469705400242433,0.590559530106222,0.963607204623727,0.0667276009773708,0.220071824247146,0.358358485522692,0.469705400242433,0.590559530106222,0.963607204623727,0.0667276009773708,0.220071824247146,0.358358485522692,0.469705400242433,0.590559530106222,0.963607204623727,1,1
-3.27,22.25,1.21936,0.2,0.0603433282770633,0.21348518640025,0.384848221612537,0.58809672555424,0.696581731478593,0.976717687375913,0.0603433282770633,0.21348518640025,0.384848221612537,0.58809672555424,0.696581731478593,0.976717687375913,0.0603433282770633,0.21348518640025,0.384848221612537,0.58809672555424,0.696581731478593,0.976717687375913,1,1
9.81,22.294,1.22832,0.2,0.0638163726260305,0.25554985083156,0.380944471030875,0.57614190117422,0.613345003208179,0.805711390608257,0.0638163726260305,0.25554985083156,0.380944471030875,0.57614190117422,0.613345003208179,0.805711390608257,0.0638163726260305,0.25554985083156,0.380944471030875,0.57614190117422,0.613345003208179,0.805711390608257,1,1
4.23,14.242,1.20656,0.2,0.0724989834984487,0.215880327435485,0.375925363140168,0.449652146443691,0.587304462520228,0.948786658903863,0.0724989834984487,0.215880327435485,0.375925363140168,0.449652146443691,0.587304462520228,0.948786658903863,0.0724989834984487,0.215880327435485,0.375925363140168,0.449652146443691,0.587304462520228,0.948786658903863,1,1
-6.87,9.754,1.21104,0.2,0.0713753515031946,0.192527702341946,0.327128480869402,0.463920807800488,0.743082696992791,0.932826071205548,0.0713753515031946,0.192527702341946,0.327128480869402,0.463920807800488,0.743082696992791,0.932826071205548,0.0713753515031946,0.192527702341946,0.327128480869402,0.463920807800488,0.743082696992791,0.932826071205548,1,1
-9.81,16.046,1.17584,0.2,0.0595261413714239,0.239532345158428,0.341906965214262,0.551075333925792,0.668681152170074,1,0.0595261413714239,0.239532345158428,0.341906965214262,0.551075333925792,0.668681152170074,1,0.0595261413714239,0.239532345158428,0.341906965214262,0.551075333925792,0.668681152170074,1,1,1
10.23,7.158,1.34096,0.2,0.0818966329133014,0.238634167270215,0.372300451885768,0.489373014545046,0.734712523200235,0.856443258649328,0.0818966329133014,0.238634167270215,0.372300451885768,0.489373014545046,0.734712523200235,0.856443258649328,0.0818966329133014,0.238634167270215,0.372300451885768,0.489373014545046,0.734712523200235,0.856443258649328,1,1
-5.61,21.898,1.15536,0.2,0.058760028647387,0.186539849753859,0.324340087596787,0.471633597723082,0.591024539761364,0.756689585534862,0.058760028647387,0.186539849753859,0.324340087596787,0.471633597723082,0.591024539761364,0.756689585534862,0.058760028647387,0.186539849753859,0.324340087596787,0.471633597723082,0.591024539761364,0.756689585534862,1,1
-5.97,7.51,1.4024,0.2,0.062539518085969,0.219473038988337,0.356685449559123,0.579612656639387,0.669146161825216,0.833072398091082,0.062539518085969,0.219473038988337,0.356685449559123,0.579612656639387,0.669146161825216,0.833072398091082,0.062539518085969,0.219473038988337,0.356685449559123,0.579612656639387,0.669146161825216,0.833072398091082,1,1
-4.05,6.19,1.39664,0.2,0.0707624613239651,0.205102192776928,0.386521257576106,0.544133822995458,0.698441770099161,0.831362335123405,0.0707624613239651,0.205102192776928,0.386521257576106,0.544133822995458,0.698441770099161,0.831362335123405,0.0707624613239651,0.205102192776928,0.386521257576106,0.544133822995458,0.698441770099161,0.831362335123405,1,1
7.35,3.11,1.188,0.2,0.0777596242035021,0.215730631120783,0.414126350974996,0.559945042336774,0.768193218370458,0.874683930304545,0.0777596242035021,0.215730631120783,0.414126350974996,0.559945042336774,0.768193218370458,0.874683930304545,0.0777596242035021,0.215730631120783,0.414126350974996,0.559945042336774,0.768193218370458,0.874683930304545,1,1
-9.57,9.358,1.1688,0.2,0.0619266279067395,0.216329416379591,0.366723665340538,0.558402484352256,0.778423430783581,0.758969669491764,0.0619266279067395,0.216329416379591,0.366723665340538,0.558402484352256,0.778423430783581,0.758969669491764,0.0619266279067395,0.216329416379591,0.366723665340538,0.558402484352256,0.778423430783581,0.758969669491764,1,1
4.17,14.154,1.16368,0.2,0.0825605972741334,0.248963212984665,0.395165276721213,0.601979747414908,0.647755717688685,0.774930257190078,0.0825605972741334,0.248963212984665,0.395165276721213,0.601979747414908,0.647755717688685,0.774930257190078,0.0825605972741334,0.248963212984665,0.395165276721213,0.601979747414908,0.647755717688685,0.774930257190078,1,1
3.57,21.37,1.15472,0.2,0.0690259391494815,0.236837811493789,0.412732154338689,0.449266506947561,0.650545775619537,0.807991474565159,0.0690259391494815,0.236837811493789,0.412732154338689,0.449266506947561,0.650545775619537,0.807991474565159,0.0690259391494815,0.236837811493789,0.412732154338689,0.449266506947561,0.650545775619537,0.807991474565159,1,1
9.45,21.018,1.15856,0.2,0.0573299515625181,0.181150782424581,0.32684964154214,0.548761496949014,0.586839452865086,0.964747246602177,0.0573299515625181,0.181150782424581,0.32684964154214,0.548761496949014,0.586839452865086,0.964747246602177,0.0573299515625181,0.181150782424581,0.32684964154214,0.548761496949014,0.586839452865086,0.964747246602177,1,1
-3.99,3.902,1.24112,0.2,0.0733672445856906,0.182647745571603,0.391261526139552,0.523309290204456,0.717972175615124,0.9898281701281,0.0733672445856906,0.182647745571603,0.391261526139552,0.523309290204456,0.717972175615124,0.9898281701281,0.0733672445856906,0.182647745571603,0.391261526139552,0.523309290204456,0.717972175615124,0.9898281701281,1,1
-11.97,11.426,1.35568,0.2,0.0636120758996207,0.200910695965268,0.410501439720597,0.528708243150272,0.615205041828747,0.912875336582655,0.0636120758996207,0.200910695965268,0.410501439720597,0.528708243150272,0.615205041828747,0.912875336582655,0.0636120758996207,0.200910695965268,0.410501439720597,0.528708243150272,0.615205041828747,0.912875336582655,1,1
10.89,14.99,1.29616,0.2,0.0775042532954898,0.227706336296956,0.363098754086138,0.469319760746304,0.770983276301309,0.835922503037209,0.0775042532954898,0.227706336296956,0.363098754086138,0.469319760746304,0.770983276301309,0.835922503037209,0.0775042532954898,0.227706336296956,0.363098754086138,0.469319760746304,0.770983276301309,0.835922503037209,1,1
5.25,12.35,1.14832,0.2,0.0826116714557358,0.251657746649304,0.358916164177215,0.567272192763238,0.656590901136383,0.813691684457414,0.0826116714557358,0.251657746649304,0.358916164177215,0.567272192763238,0.656590901136383,0.813691684457414,0.0826116714557358,0.251657746649304,0.358916164177215,0.567272192763238,0.656590901136383,0.813691684457414,1,1
0.99,3.814,1.34928,0.2,0.0763295471186333,0.208844600644483,0.371463933903984,0.468162842257915,0.673331248721494,0.748709291685704,0.0763295471186333,0.208844600644483,0.371463933903984,0.468162842257915,0.673331248721494,0.748709291685704,0.0763295471186333,0.208844600644483,0.371463933903984,0.468162842257915,0.673331248721494,0.748709291685704,1,1
6.03,18.466,1.40624,0.2,0.0683619747886495,0.215131845861974,0.336609017996293,0.47394743469986,0.604509819760482,0.990398191117326,0.0683619747886495,0.215131845861974,0.336609017996293,0.47394743469986,0.604509819760482,0.990398191117326,0.0683619747886495,0.215131845861974,0.336609017996293,0.47394743469986,0.604509819760482,0.990398191117326,1,1
6.15,14.638,1.13104,0.2,0.0602922540954608,0.191479828139031,0.41663590492035,0.593881317996185,0.581724346658525,0.809701537532835,0.0602922540954608,0.191479828139031,0.41663590492035,0.593881317996185,0.581724346658525,0.809701537532835,0.0602922540954608,0.191479828139031,0.41663590492035,0.593881317996185,0.581724346658525,0.809701537532835,1,1
1.77,11.294,1.37232,0.2,0.0628459631755838,0.234292974143852,0.377040720449214,0.442710635513357,0.747267783889069,1,0.0628459631755838,0.234292974143852,0.377040720449214,0.442710635513357,0.747267783889069,1,0.0628459631755838,0.234292974143852,0.377040720449214,0.442710635513357,0.747267783889069,1,1,1
8.73,13.45,1.16048,0.2,0.0720393158640266,0.23623902623498,0.32127285499691,0.431141450629467,0.756102967336766,0.780630467082334,0.0720393158640266,0.23623902623498,0.32127285499691,0.431141450629467,0.756102967336766,0.780630467082334,0.0720393158640266,0.23623902623498,0.32127285499691,0.431141450629467,0.756102967336766,0.780630467082334,1,1
4.11,5.75,1.21488,0.2,0.058096064286555,0.24102930830545,0.355291252922815,0.50788371035927,0.671471210100926,0.884944308110604,0.058096064286555,0.24102930830545,0.355291252922815,0.50788371035927,0.671471210100926,0.884944308110604,0.058096064286555,0.24102930830545,0.355291252922815,0.50788371035927,0.671471210100926,0.884944308110604,1,1
0.81,10.282,1.19248,0.2,0.0655018206189117,0.253304406111028,0.423328048774627,0.438082961559801,0.767263199060174,0.848462964800171,0.0655018206189117,0.253304406111028,0.423328048774627,0.438082961559801,0.767263199060174,0.848462964800171,0.0655018206189117,0.253304406111028,0.423328048774627,0.438082961559801,0.767263199060174,0.848462964800171,1,1
5.19,19.786,1.24304,0.2,0.070302793689543,0.183995012403922,0.315138389797156,0.621261722221391,0.709136992167426,0.966457309569854,0.070302793689543,0.183995012403922,0.315138389797156,0.621261722221391,0.709136992167426,0.966457309569854,0.070302793689543,0.183995012403922,0.315138389797156,0.621261722221391,0.709136992167426,0.966457309569854,1,1
13.05,4.166,1.1848,0.2,0.0607519217298829,0.243274753025982,0.393771080084905,0.555703007879348,0.60404481010534,1,0.0607519217298829,0.243274753025982,0.393771080084905,0.555703007879348,0.60404481010534,1,0.0607519217298829,0.243274753025982,0.393771080084905,0.555703007879348,0.60404481010534,1,1,1
2.19,8.038,1.11376,0.2,0.0623862955411617,0.221119698450061,0.405482331829889,0.550304054933533,0.571959143900543,0.84219273391869,0.0623862955411617,0.221119698450061,0.405482331829889,0.550304054933533,0.571959143900543,0.84219273391869,0.0623862955411617,0.221119698450061,0.405482331829889,0.550304054933533,0.571959143900543,0.84219273391869,1,1
8.79,24.978,1.30064,0.2,0.0739801347649201,0.203305837000502,0.406876528466197,0.49670016497151,0.589629510795938,1,0.0739801347649201,0.203305837000502,0.406876528466197,0.49670016497151,0.589629510795938,1,0.0739801347649201,0.203305837000502,0.406876528466197,0.49670016497151,0.589629510795938,1,1,1
-9.45,12.746,1.11568,0.2,0.072192538408834,0.184593797662731,0.317090265087987,0.510583186832178,0.638920534240988,0.780060446093108,0.072192538408834,0.184593797662731,0.317090265087987,0.510583186832178,0.638920534240988,0.780060446093108,0.072192538408834,0.184593797662731,0.317090265087987,0.510583186832178,0.638920534240988,0.780060446093108,1,1
6.87,5.53,1.1528,0.2,0.0748994700337644,0.244172930914195,0.439779569083056,0.429213253148819,0.738432600441371,0.751559396631832,0.0748994700337644,0.244172930914195,0.439779569083056,0.429213253148819,0.738432600441371,0.751559396631832,0.0748994700337644,0.244172930914195,0.439779569083056,0.429213253148819,0.738432600441371,0.751559396631832,1,1
-7.23,23.482,1.26096,0.2,0.0813858910972768,0.247466249837643,0.364214111395184,0.474718713692119,0.743547706647933,1,0.0813858910972768,0.247466249837643,0.364214111395184,0.474718713692119,0.743547706647933,1,0.0813858910972768,0.247466249837643,0.364214111395184,0.474718713692119,0.743547706647933,1,1,1
-4.17,3.418,1.17072,0.2,0.072856502769666,0.241478397249556,0.37815607775826,0.601208468422648,0.593814597692216,1,0.072856502769666,0.241478397249556,0.37815607775826,0.601208468422648,0.593814597692216,1,0.072856502769666,0.241478397249556,0.37815607775826,0.601208468422648,0.593814597692216,1,1,1
8.13,6.278,1.22256,0.2,0.064531411168465,0.243873538284791,0.319599819033341,0.443481914505616,0.75238289009563,0.903755000755047,0.064531411168465,0.243873538284791,0.319599819033341,0.443481914505616,0.75238289009563,0.903755000755047,0.064531411168465,0.243873538284791,0.319599819033341,0.443481914505616,0.75238289009563,0.903755000755047,1,1
-4.23,8.082,1.2648,0.2,0.0723457609536414,0.209742778532696,0.370348576594938,0.483202782606972,0.606834868036191,0.76067973245944,0.0723457609536414,0.209742778532696,0.370348576594938,0.483202782606972,0.606834868036191,0.76067973245944,0.0723457609536414,0.209742778532696,0.370348576594938,0.483202782606972,0.606834868036191,0.76067973245944,1,1
-13.47,19.346,1.13296,0.2,0.0773510307506825,0.195521628635989,0.320157497687864,0.592724399507796,0.730062426648815,0.994388338041905,0.0773510307506825,0.195521628635989,0.320157497687864,0.592724399507796,0.730062426648815,0.994388338041905,0.0773510307506825,0.195521628635989,0.320157497687864,0.592724399507796,0.730062426648815,0.994388338041905,1,1
-8.85,23.13,1.36912,0.2,0.081743410368494,0.210790652735611,0.343858840505093,0.549147136445144,0.579399298382815,0.985268002214296,0.081743410368494,0.210790652735611,0.343858840505093,0.549147136445144,0.579399298382815,0.985268002214296,0.081743410368494,0.210790652735611,0.343858840505093,0.549147136445144,0.579399298382815,0.985268002214296,1,1
-14.43,7.114,1.37552,0.2,0.077963920929912,0.200760999650565,0.316811425760725,0.606221781872334,0.655195872170957,0.894634664927438,0.077963920929912,0.200760999650565,0.316811425760725,0.606221781872334,0.655195872170957,0.894634664927438,0.077963920929912,0.200760999650565,0.316811425760725,0.606221781872334,0.655195872170957,0.894634664927438,1,1
3.99,17.278,1.1496,0.2,0.0647357078948748,0.182348352942198,0.347204912432231,0.601594107918778,0.756567976991908,0.870123762390741,0.0647357078948748,0.182348352942198,0.347204912432231,0.601594107918778,0.756567976991908,0.870123762390741,0.0647357078948748,0.182348352942198,0.347204912432231,0.601594107918778,0.756567976991908,0.870123762390741,1,1
-7.05,20.622,1.15216,0.2,0.0781171434747194,0.205700978035737,0.399347866630136,0.467005923769526,0.689141576996321,0.765239900373245,0.0781171434747194,0.205700978035737,0.399347866630136,0.467005923769526,0.689141576996321,0.765239900373245,0.0781171434747194,0.205700978035737,0.399347866630136,0.467005923769526,0.689141576996321,0.765239900373245,1,1
-2.61,22.734,1.12208,0.2,0.0812326685524694,0.20106039227997,0.371742773231245,0.615091490283316,0.784468556300427,0.849032985789396,0.0812326685524694,0.20106039227997,0.371742773231245,0.615091490283316,0.784468556300427,0.849032985789396,0.0812326685524694,0.20106039227997,0.371742773231245,0.615091490283316,0.784468556300427,0.849032985789396,1,1
-9.93,22.162,1.27952,0.2,0.0744908765809447,0.19761737704182,0.416914744247612,0.514825221289604,0.636595485965278,0.953916847806893,0.0744908765809447,0.19761737704182,0.416914744247612,0.514825221289604,0.636595485965278,0.953916847806893,0.0744908765809447,0.19761737704182,0.416914744247612,0.514825221289604,0.636595485965278,0.953916847806893,1,1
11.13,10.854,1.32752,0.2,0.0690770133310839,0.209593082217994,0.38178098901266,0.59966591043813,0.701696837685155,0.880954161186026,0.0690770133310839,0.209593082217994,0.38178098901266,0.59966591043813,0.701696837685155,0.880954161186026,0.0690770133310839,0.209593082217994,0.38178098901266,0.59966591043813,0.701696837685155,0.880954161186026,1,1
-5.19,24.054,1.32624,0.2,0.0635610017180182,0.221269394764763,0.312628835851803,0.513668302801215,0.608229897001617,0.87525395129377,0.0635610017180182,0.221269394764763,0.312628835851803,0.513668302801215,0.608229897001617,0.87525395129377,0.0635610017180182,0.221269394764763,0.312628835851803,0.513668302801215,0.608229897001617,0.87525395129377,1,1
-8.25,13.054,1.1624,0.2,0.0712732031399897,0.190881042880222,0.339118571941647,0.54181998601868,0.652870823895247,0.981277855289718,0.0712732031399897,0.190881042880222,0.339118571941647,0.54181998601868,0.652870823895247,0.981277855289718,0.0712732031399897,0.190881042880222,0.339118571941647,0.54181998601868,0.652870823895247,0.981277855289718,1,1
8.97,6.938,1.41328,0.2,0.0669829718853831,0.198515554930033,0.434202782537826,0.429598892644949,0.795628788023834,0.745289165750351,0.0669829718853831,0.198515554930033,0.434202782537826,0.429598892644949,0.795628788023834,0.745289165750351,0.0669829718853831,0.198515554930033,0.434202782537826,0.429598892644949,0.795628788023834,0.745289165750351,1,1
-14.67,8.962,1.24944,0.2,0.0827648940005432,0.22246696528238,0.424164566756411,0.562258879313552,0.645895679068118,0.811411600500512,0.0827648940005432,0.22246696528238,0.424164566756411,0.562258879313552,0.645895679068118,0.811411600500512,0.0827648940005432,0.22246696528238,0.424164566756411,0.562258879313552,0.645895679068118,0.811411600500512,1,1
-13.17,17.63,1.12848,0.2,0.0697409776919159,0.216479112694293,0.441173765719364,0.499399641444417,0.777958421128439,0.785190634996138,0.0697409776919159,0.216479112694293,0.441173765719364,0.499399641444417,0.777958421128439,0.785190634996138,0.0697409776919159,0.216479112694293,0.441173765719364,0.499399641444417,0.777958421128439,0.785190634996138,1,1
0.15,23.35,1.14768,0.2,0.0825095230925309,0.238185078326108,0.350272145032108,0.445795751482394,0.733317494234809,0.750989375642606,0.0825095230925309,0.238185078326108,0.350272145032108,0.445795751482394,0.733317494234809,0.750989375642606,0.0825095230925309,0.238185078326108,0.350272145032108,0.445795751482394,0.733317494234809,0.750989375642606,1,1
12.27,22.778,1.18736,0.2,0.0762273987554283,0.207497333812163,0.439500729755795,0.536035393576735,0.572889163210827,0.819961915338895,0.0762273987554283,0.207497333812163,0.439500729755795,0.536035393576735,0.572889163210827,0.819961915338895,0.0762273987554283,0.207497333812163,0.439500729755795,0.536035393576735,0.572889163210827,0.819961915338895,1,1
2.49,17.982,1.37104,0.2,0.0753080634865841,0.242825664081876,0.395722955375736,0.434997845590764,0.67240122941121,0.998378484966483,0.0753080634865841,0.242825664081876,0.395722955375736,0.434997845590764,0.67240122941121,0.998378484966483,0.0753080634865841,0.242825664081876,0.395722955375736,0.434997845590764,0.67240122941121,0.998378484966483,1,1
1.89,22.426,1.11504,0.2,0.0826627456373383,0.251058961390495,0.390425008157767,0.605836142376204,0.727737378373106,0.788610760931491,0.0826627456373383,0.251058961390495,0.390425008157767,0.605836142376204,0.727737378373106,0.788610760931491,0.0826627456373383,0.251058961390495,0.390425008157767,0.605836142376204,0.727737378373106,0.788610760931491,1,1
3.09,11.778,1.20144,0.2,0.0807730009180473,0.240131130417237,0.387915454212413,0.56534399528259,0.655660881826099,1,0.0807730009180473,0.240131130417237,0.387915454212413,0.56534399528259,0.655660881826099,1,0.0807730009180473,0.240131130417237,0.387915454212413,0.56534399528259,0.655660881826099,1,1,1
11.73,3.594,1.28848,0.2,0.0808240750996497,0.209143993273887,0.418308940883919,0.477418190165027,0.602649781139914,0.783480572028461,0.0808240750996497,0.209143993273887,0.418308940883919,0.477418190165027,0.602649781139914,0.783480572028461,0.0808240750996497,0.209143993273887,0.418308940883919,0.477418190165027,0.602649781139914,0.783480572028461,1,1
-8.19,9.182,1.36016,0.2,0.0609562184562928,0.237286900437895,0.388473132866936,0.572285506212924,0.697976760444019,0.871263804369192,0.0609562184562928,0.237286900437895,0.388473132866936,0.572285506212924,0.697976760444019,0.871263804369192,0.0609562184562928,0.237286900437895,0.388473132866936,0.572285506212924,0.697976760444019,0.871263804369192,1,1
11.31,3.33,1.1336,0.2,0.0778617725667071,0.184893190292135,0.354733574268292,0.553003531406441,0.785863585265853,0.843332775897141,0.0778617725667071,0.184893190292135,0.354733574268292,0.553003531406441,0.785863585265853,0.843332775897141,0.0778617725667071,0.184893190292135,0.354733574268292,0.553003531406441,0.785863585265853,0.843332775897141,1,1
-12.21,22.91,1.35312,0.2,0.0680555296990347,0.226359069464637,0.329359195487494,0.486673538072139,0.785398575610711,0.924845777356391,0.0680555296990347,0.226359069464637,0.329359195487494,0.486673538072139,0.785398575610711,0.924845777356391,0.0680555296990347,0.226359069464637,0.329359195487494,0.486673538072139,0.785398575610711,0.924845777356391,1,1
9.87,13.274,1.1368,0.2,0.0612115893643051,0.189084687103796,0.312907675179064,0.536421033072865,0.79004867216213,0.991538233095777,0.0612115893643051,0.189084687103796,0.312907675179064,0.536421033072865,0.79004867216213,0.991538233095777,0.0612115893643051,0.189084687103796,0.312907675179064,0.536421033072865,0.79004867216213,0.991538233095777,1,1
-13.65,5.178,1.19568,0.2,0.0700984969631331,0.184444101348029,0.327686159523925,0.436154764079153,0.763543121819038,0.821671978306571,0.0700984969631331,0.184444101348029,0.327686159523925,0.436154764079153,0.763543121819038,0.821671978306571,0.0700984969631331,0.184444101348029,0.327686159523925,0.436154764079153,0.763543121819038,0.821671978306571,1,1
-3.45,4.738,1.1816,0.2,0.078627885290744,0.185641671865646,0.354454734941031,0.554160449894829,0.72169225285626,0.814831726435865,0.078627885290744,0.185641671865646,0.354454734941031,0.554160449894829,0.72169225285626,0.814831726435865,0.078627885290744,0.185641671865646,0.354454734941031,0.554160449894829,0.72169225285626,0.814831726435865,1,1
1.53,7.554,1.40368,0.2,0.0706092387791577,0.182797441886305,0.303148298724911,0.600822828926519,0.773773334232161,0.772650173233176,0.0706092387791577,0.182797441886305,0.303148298724911,0.600822828926519,0.773773334232161,0.772650173233176,0.0706092387791577,0.182797441886305,0.303148298724911,0.600822828926519,0.773773334232161,0.772650173233176,1,1
-8.37,7.026,1.28912,0.2,0.0650421529844896,0.255699547146262,0.438385372446749,0.511354465824437,0.770053256991025,0.798301117748325,0.0650421529844896,0.255699547146262,0.438385372446749,0.511354465824437,0.770053256991025,0.798301117748325,0.0650421529844896,0.255699547146262,0.438385372446749,0.511354465824437,0.770053256991025,0.798301117748325,1,1
9.15,22.866,1.26032,0.2,0.0646335595316699,0.22037121687655,0.347762591086754,0.504412954894103,0.740757648717081,0.957336973742246,0.0646335595316699,0.22037121687655,0.347762591086754,0.504412954894103,0.740757648717081,0.957336973742246,0.0646335595316699,0.22037121687655,0.347762591086754,0.504412954894103,0.740757648717081,0.957336973742246,1,1
-8.55,19.434,1.32432,0.2,0.0614158860907149,0.240580219361343,0.431135549937949,0.611620734818149,0.600324732864204,1,0.0614158860907149,0.240580219361343,0.431135549937949,0.611620734818149,0.600324732864204,1,0.0614158860907149,0.240580219361343,0.431135549937949,0.611620734818149,0.600324732864204,1,1,1
-10.11,11.47,1.11696,0.2,0.0653485980741043,0.225161498947019,0.311792317870018,0.432298369117856,0.582189356313667,0.920855630431812,0.0653485980741043,0.225161498947019,0.311792317870018,0.432298369117856,0.582189356313667,0.920855630431812,0.0653485980741043,0.225161498947019,0.311792317870018,0.432298369117856,0.582189356313667,0.920855630431812,1,1
2.13,11.162,1.3736,0.2,0.0617223311803297,0.238484470955513,0.353339377631985,0.609692537337501,0.683561461134618,0.879814119207575,0.0617223311803297,0.238484470955513,0.353339377631985,0.609692537337501,0.683561461134618,0.879814119207575,0.0617223311803297,0.238484470955513,0.353339377631985,0.609692537337501,0.683561461134618,0.879814119207575,1,1
12.33,16.09,1.25456,0.2,0.0783214402011292,0.206000370665141,0.339955089923432,0.563030158305812,0.584979414244519,0.942516428022382,0.0783214402011292,0.206000370665141,0.339955089923432,0.563030158305812,0.584979414244519,0.942516428022382,0.0783214402011292,0.206000370665141,0.339955089923432,0.563030158305812,0.584979414244519,0.942516428022382,1,1
3.81,14.198,1.10096,0.2,0.0685662715150593,0.246867464578834,0.349156787723062,0.578455738150998,0.6700761811355,0.754979522567185,0.0685662715150593,0.246867464578834,0.349156787723062,0.578455738150998,0.6700761811355,0.754979522567185,0.0685662715150593,0.246867464578834,0.349156787723062,0.578455738150998,0.6700761811355,0.754979522567185,1,1
-8.07,9.578,1.13936,0.2,0.0576363966521329,0.220520913191252,0.410780279047858,0.600437189430389,0.634270437689568,0.998948505955709,0.0576363966521329,0.220520913191252,0.410780279047858,0.600437189430389,0.634270437689568,0.998948505955709,0.0576363966521329,0.220520913191252,0.410780279047858,0.600437189430389,0.634270437689568,0.998948505955709,1,1
12.99,22.514,1.17008,0.2,0.063203482446801,0.190431953936116,0.367560183322322,0.454665459893377,0.649615756309253,0.931116008237872,0.063203482446801,0.190431953936116,0.367560183322322,0.454665459893377,0.649615756309253,0.931116008237872,0.063203482446801,0.190431953936116,0.367560183322322,0.454665459893377,0.649615756309253,0.931116008237872,1,1
-3.87,7.95,1.1176,0.2,0.0793939980147809,0.243723841970089,0.308725085270141,0.560716321329034,0.795163778368692,0.790320823899168,0.0793939980147809,0.243723841970089,0.308725085270141,0.560716321329034,0.795163778368692,0.790320823899168,0.0793939980147809,0.243723841970089,0.308725085270141,0.560716321329034,0.795163778368692,0.790320823899168,1,1
-13.35,23.57,1.31152,0.2,0.0627948889939813,0.231299047849808,0.309003924597403,0.534492835592217,0.770518266646167,0.875823972282996,0.0627948889939813,0.231299047849808,0.309003924597403,0.534492835592217,0.770518266646167,0.875823972282996,0.0627948889939813,0.231299047849808,0.309003924597403,0.534492835592217,0.770518266646167,0.875823972282996,1,1
-7.17,11.206,1.12016,0.2,0.0774531791138874,0.212587008512037,0.378434917085522,0.524851848188975,0.784933565955569,0.883804266132153,0.0774531791138874,0.212587008512037,0.378434917085522,0.524851848188975,0.784933565955569,0.883804266132153,0.0774531791138874,0.212587008512037,0.378434917085522,0.524851848188975,0.784933565955569,0.883804266132153,1,1
11.85,18.598,1.2424,0.2,0.0717328707744118,0.237137204123193,0.411895636356904,0.488216096056657,0.622645196311019,0.913445357571881,0.0717328707744118,0.237137204123193,0.411895636356904,0.488216096056657,0.622645196311019,0.913445357571881,0.0717328707744118,0.237137204123193,0.411895636356904,0.488216096056657,0.622645196311019,0.913445357571881,1,1
9.93,10.018,1.23344,0.2,0.0601901057322559,0.214383364288463,0.393492240757644,0.464306447296618,0.571029124590259,1,0.0601901057322559,0.214383364288463,0.393492240757644,0.464306447296618,0.571029124590259,1,0.0601901057322559,0.214383364288463,0.393492240757644,0.464306447296618,0.571029124590259,1,1,1
1.83,3.638,1.19184,0.2,0.0709156838687725,0.186689546068561,0.434760461192349,0.488987375048917,0.75935803492276,0.894064643938213,0.0709156838687725,0.186689546068561,0.434760461192349,0.488987375048917,0.75935803492276,0.894064643938213,0.0709156838687725,0.186689546068561,0.434760461192349,0.488987375048917,0.75935803492276,0.894064643938213,1,1
1.71,23.174,1.28464,0.2,0.063867446807633,0.227406943667552,0.411337957702381,0.557631205359996,0.726807359062822,0.89691474888434,0.063867446807633,0.227406943667552,0.411337957702381,0.557631205359996,0.726807359062822,0.89691474888434,0.063867446807633,0.227406943667552,0.411337957702381,0.557631205359996,0.726807359062822,0.89691474888434,1,1
-14.31,15.43,1.18544,0.2,0.0751037667601742,0.204802800147524,0.409943761066074,0.532564638111568,0.702626856995439,1,0.0751037667601742,0.204802800147524,0.409943761066074,0.532564638111568,0.702626856995439,1,0.0751037667601742,0.204802800147524,0.409943761066074,0.532564638111568,0.702626856995439,1,1,1
-11.31,17.85,1.37808,0.2,0.0772488823874775,0.215281542176676,0.34692607310497,0.538349230553513,0.617530090104457,0.762959816416342,0.0772488823874775,0.215281542176676,0.34692607310497,0.538349230553513,0.617530090104457,0.762959816416342,0.0772488823874775,0.215281542176676,0.34692607310497,0.538349230553513,0.617530090104457,0.762959816416342,1,1
-7.89,15.958,1.108,0.2,0.068310900607047,0.226508765779339,0.37257929121303,0.57652754067035,0.686816528720612,0.925985819334842,0.068310900607047,0.226508765779339,0.37257929121303,0.57652754067035,0.686816528720612,0.925985819334842,0.068310900607047,0.226508765779339,0.37257929121303,0.57652754067035,0.686816528720612,0.925985819334842,1,1
8.67,20.138,1.252,0.2,0.0626927406307764,0.207197941182759,0.396280634030259,0.456208017877895,0.578934288727673,0.77607029916853,0.0626927406307764,0.207197941182759,0.396280634030259,0.456208017877895,0.578934288727673,0.77607029916853,0.0626927406307764,0.207197941182759,0.396280634030259,0.456208017877895,0.578934288727673,0.77607029916853,1,1
-3.57,24.67,1.2104,0.2,0.0596793639162313,0.193276183915457,0.375088845158383,0.520224174235419,0.664496065273797,0.908315168668851,0.0596793639162313,0.193276183915457,0.375088845158383,0.520224174235419,0.664496065273797,0.908315168668851,0.0596793639162313,0.193276183915457,0.375088845158383,0.520224174235419,0.664496065273797,0.908315168668851,1,1
-5.85,18.686,1.204,0.2,0.0631524082651986,0.254951065572752,0.394328758739428,0.580769575127776,0.607299877691333,0.972157519462109,0.0631524082651986,0.254951065572752,0.394328758739428,0.580769575127776,0.607299877691333,0.972157519462109,0.0631524082651986,0.254951065572752,0.394328758739428,0.580769575127776,0.607299877691333,0.972157519462109,1,1
-6.57,21.194,1.1048,0.2,0.0746440991257521,0.190282257621413,0.338282053959863,0.480888945630194,0.640780572861556,0.750419354653381,0.0746440991257521,0.190282257621413,0.338282053959863,0.480888945630194,0.640780572861556,0.750419354653381,0.0746440991257521,0.190282257621413,0.338282053959863,0.480888945630194,0.640780572861556,0.750419354653381,1,1
-5.25,23.878,1.33392,0.2,0.0784746627459366,0.2100421711621,0.435875818501395,0.589639283538758,0.782143508024717,0.8803841401968,0.0784746627459366,0.2100421711621,0.435875818501395,0.589639283538758,0.782143508024717,0.8803841401968,0.0784746627459366,0.2100421711621,0.435875818501395,0.589639283538758,0.782143508024717,0.8803841401968,1,1
-2.49,20.006,1.28144,0.2,0.0738779864017152,0.18384531608922,0.31402303248811,0.556474286871607,0.76633317974989,0.824522083252699,0.0738779864017152,0.18384531608922,0.31402303248811,0.556474286871607,0.76633317974989,0.824522083252699,0.0738779864017152,0.18384531608922,0.31402303248811,0.556474286871607,0.76633317974989,0.824522083252699,1,1
-9.69,6.454,1.3256,0.2,0.0641228177156453,0.24866382035526,0.359752682159,0.493229409506343,0.623575215621303,0.926555840324067,0.0641228177156453,0.24866382035526,0.359752682159,0.493229409506343,0.623575215621303,0.926555840324067,0.0641228177156453,0.24866382035526,0.359752682159,0.493229409506343,0.623575215621303,0.926555840324067,1,1
