WindDirection,WindSpeed,AirDensity,WindShear,B1Er1,B1Er2,B1Er3,B1Er4,B1Er5,B1Er6,B2Er1,B2Er2,B2Er3,B2Er4,B2Er5,B2Er6,B3Er1,B3Er2,B3Er3,B3Er4,B3Er5,B3Er6,Alpha,Style,Timemean,RootFxb1mean,RootFyb1mean,RootFzc1mean,RootMxb1mean,RootMyb1mean,RootMzc1mean,TipDxc1mean,TipDyc1mean,TipDzc1mean,TipDxb1mean,TipDyb1mean,TipALxb1mean,TipALyb1mean,TipALzb1mean,TipRDxb1mean,TipRDyb1mean,HSShftVmean,B1Pitchmean,B1N1Clmean,B1N2Clmean,B1N3Clmean,B1N4Clmean,B1N5Clmean,B1N6Clmean,B1N1Cdmean,B1N2Cdmean,B1N3Cdmean,B1N4Cdmean,B1N5Cdmean,B1N6Cdmean,GenPwrmean,GenTqmean,Timesd,RootFxb1sd,RootFyb1sd,RootFzc1sd,RootMxb1sd,RootMyb1sd,RootMzc1sd,TipDxc1sd,TipDyc1sd,TipDzc1sd,TipDxb1sd,TipDyb1sd,TipALxb1sd,TipALyb1sd,TipALzb1sd,TipRDxb1sd,TipRDyb1sd,HSShftVsd,B1Pitchsd,B1N1Clsd,B1N2Clsd,B1N3Clsd,B1N4Clsd,B1N5Clsd,B1N6Clsd,B1N1Cdsd,B1N2Cdsd,B1N3Cdsd,B1N4Cdsd,B1N5Cdsd,B1N6Cdsd,GenPwrsd,GenTqsd
-12.75,9.446,1.12336,0.2,0,0,0,0,0,0,0,0,0,0,0,0,0,0,0,0,0,0,0,1,150.000015727529,173.974669305281,-22.9767031548797,407.465941047807,753.146060910322,6283.30736381627,-2.90075845807728,3.52732850744714,-0.360279759177377,-0.177250505155713,3.52732850744714,-0.360279759177377,6.36974013123632,-0.303549775607749,-67.7189532340383,0.604611882928862,7.889719820852,963.112644516192,-9.06892808040832e-18,1.38752119570878,1.06969772940319,0.870367159670868,0.909919925007812,0.956427205499427,0.950778189771899,0.0153645017404437,0.00897646993354859,0.00600138078648058,0.00596811899010519,0.00647314291448807,0.00647530728049162,2258.76117071138,23.7240652015424,17.3232166618681,10.8589876349379,124.945535975231,120.386679946815,2628.87054373979,538.684162060797,29.7559208513611,0.419135019500418,0.371551533362234,0.0432809088013627,0.419135019500418,0.371551533362234,1.0215116713228,0.239921957861276,0.740786995645093,0.597410253043164,0.918599946267762,0.238249902879872,1.34490291916655e-15,0.170261836940647,0.0567784102807619,0.0206269818629736,0.0357596808837976,0.0496715269230476,0.0733665241079409,0.0312115893189231,0.0063366889661509,0.00266958211956865,0.00240755815919195,0.00219877443993452,0.00182092100559091,0.942037045958795,0.00569022538945693
-11.19,16.002,1.2744,0.2,0,0,0,0,0,0,0,0,0,0,0,0,0,0,0,0,0,0,0,1,150.000015727529,181.686949276117,-12.7816589428185,616.540662430997,279.37282595563,5616.50525986876,-29.9733409069055,2.3546297260702,-0.654205029684407,-0.0821536964899489,2.43632673679825,-0.191232578533695,4.25678828705343,-0.319592438290386,-100.999636496199,0.297441235329653,4.94531257160712,1173.60545776482,11.0393250703054,1.40698687636705,0.864713633996458,0.54769664618269,0.497523810019789,0.418277544005833,0.359260441620664,0.0213794943907926,0.00890543385217165,0.00606654142276846,0.0060075542131028,0.00593584918237683,0.00521417039891678,4999.99041766483,43.0934392250808,17.3232166618681,30.0717508890963,121.195096619605,118.607489103321,2513.98879298288,908.943562030507,23.4663323766575,0.466829488932631,0.428638653066433,0.0337739496455102,0.525076562673906,0.354894614763872,1.64695284371983,0.345291974844738,1.33865727314147,0.567463229737085,1.11320750690725,0.562867843903317,0.00650341621426759,0.263056407596836,0.108888440896956,0.0390913958617162,0.0249914913792122,0.0376663527436508,0.0521456657032805,0.0470997378172947,0.00812221893826019,0.00200649592893453,0.0010261768686911,0.000934889772001673,0.000416163971493831,2.15356096638908,0.00820972992244213
-4.65,4.87,1.25776,0.2,0,0,0,0,0,0,0,0,0,0,0,0,0,0,0,0,0,0,0,1,150.000015727529,77.7304405791062,-4.32402089282366,223.116276429539,144.001979356317,2791.96146234767,-11.9665058505676,1.6249171961254,-0.13280723330226,-0.0386953056973232,1.6249171961254,-0.13280723330226,0.79860542154984,-0.0688355754325591,-37.8403270492657,0.228991797458598,3.70376742006041,717.873398604311,4.21398476200399e-18,0.689313488178315,0.540894802624727,0.466106957608582,0.527057035725445,0.6056509113634,0.68655402562233,0.0119691918550151,0.00847911905009895,0.00601003551713363,0.00601339641703989,0.00618398010623894,0.00615537433600666,327.937808561609,4.62108957400272,17.3232166618681,2.84314773176137,121.853020960901,120.560698604903,2522.02043447273,120.605559634267,12.9320279840227,0.146755734971315,0.337065812007633,0.00736738880364974,0.146755734971315,0.337065812007633,0.284411379870703,0.0551106862616621,0.40707556795715,0.538857047636256,0.290019618885408,0.0929190976184079,1.15481713259322e-15,0.0367395559185432,0.0260095432619031,0.0242924545796283,0.0279710351435878,0.0364451434729386,0.0365012813800616,0.00419778242226132,0.00146987454343211,0.000776954556055823,0.000686439335389875,0.000699049899506488,0.000582700141102857,0.347757023074333,0.0045556623004335
6.57,14.418,1.41776,0.2,0,0,0,0,0,0,0,0,0,0,0,0,0,0,0,0,0,0,0,1,150.000015727529,194.623591292574,-14.3979041037392,614.184814081867,335.204010634309,6209.38516821164,-31.5772714980731,2.78353442349755,-0.696214386001458,-0.114359318820956,2.8601193625664,-0.229211258035621,6.02643390271846,-0.24092163874336,-100.888079366732,0.365160722862202,5.95930028122071,1173.58181439433,9.46073336110819,1.30373184043329,0.805614696385792,0.532369846890949,0.507610998854286,0.450236142068535,0.407446703468388,0.0147997421112384,0.00875221178159567,0.00608543005936881,0.00601828288719926,0.00579098739714613,0.00572573409019894,4999.99166753463,43.0934850536399,17.3232166618681,35.0647149130662,124.08372668733,119.739757480326,2575.17337367377,1117.45946550497,25.5740955132714,0.559920665592553,0.42855328699951,0.0456291040320223,0.605742157674721,0.36088837677428,1.73545366982883,0.317066355593289,1.29533016156124,0.575566661383208,1.27859577520978,0.493286680640124,0.00451570643740903,0.240504029253405,0.165424546129402,0.118066158890134,0.0985153774896552,0.0913925024041805,0.0791292715791203,0.0319504866903359,0.00893795304470709,0.00320955897923305,0.00183716038827811,0.00118989994324957,0.000782777147946408,1.72721275357781,0.00630302593664832
-0.0299999999999994,23.042,1.2168,0.2,0,0,0,0,0,0,0,0,0,0,0,0,0,0,0,0,0,0,0,1,150.000015727529,149.087365899385,-9.10652444057911,620.56504530778,99.9918850015624,3524.78818873034,-44.7415904593272,0.651356912863244,-0.28339787532132,-0.0135026183626706,0.709423577585669,-0.03607744609624,-2.8864850421831,-1.14542420422873,-101.03789917717,0.0166067922508072,0.735564228934485,1173.66149359442,20.602286220185,1.5829878137694,0.961883033017395,0.482141339443808,0.308657959587543,0.123847148919925,-0.00392668416935735,0.0420671022706801,0.00941562583266326,0.00612352202895532,0.00602186418081451,0.00587683637121133,0.00632928444953651,4999.96292052911,43.0934100614524,17.3232166618681,53.7746504779858,115.511428884557,117.209243018098,2394.07415211807,1518.66426794378,15.7396471384556,0.609209770718675,0.524955516123215,0.0109748376719561,0.727733300734163,0.342229525116962,2.38327873136053,0.657359324730446,1.76382702189501,0.543599097987461,1.49255737509422,1.10283036347844,0.00670911589843185,0.199302419279463,0.176421148264033,0.134004812842042,0.124548696784434,0.10850966755123,0.100105000582794,0.0486267080280246,0.0106760839795899,0.00305257656189118,0.00115928204384275,0.000925897724730076,0.000918467396795262,4.36282591557595,0.0150081734261692
12.81,11.646,1.32944,0.2,0,0,0,0,0,0,0,0,0,0,0,0,0,0,0,0,0,0,0,1,150.000015727529,284.16644099573,-41.1727799843766,576.288449119884,1335.40294565087,10184.8675138006,4.10789615217165,5.64666336839912,-0.595397073221539,-0.446241579002187,5.64666336839912,-0.595397073221539,16.9804377668993,-0.699142694406833,-97.0473836058744,0.994380710342673,12.5664514113113,1160.70544734923,4.02738561608153e-19,1.44639394854703,1.1209202166441,0.919449244870326,0.944906113946465,0.970630007290908,0.955668888657431,0.0291399673861056,0.0100367313123633,0.0060976050499323,0.00603396434550567,0.00703405946276429,0.00654176894073534,4935.9841683158,43.0174221435265,17.3232166618681,12.0668217961173,123.332047307872,121.986642365144,2513.22795904888,609.378677551087,46.7597072483098,0.401739107922079,0.321727539919222,0.0633345128248137,0.401739107922079,0.321727539919222,1.86873979141765,0.301019824787654,0.716545770532982,0.511103471341619,0.949167398279461,0.60664764481698,1.51094809174952e-15,0.308976840967088,0.181274009572396,0.144753242061068,0.132100680043004,0.111940586075503,0.104846328916142,0.0539038732351151,0.0152699970209842,0.00733260650266252,0.00511690953166702,0.00373627350577732,0.00256833157183596,6.45558215797257,0.0473166395726335
-8.31,11.558,1.20336,0.2,0,0,0,0,0,0,0,0,0,0,0,0,0,0,0,0,0,0,0,1,150.000015727529,265.238568899073,-39.4330177481512,572.09775023435,1268.02173453807,9487.64180814498,0.363920985105717,5.24128288719926,-0.557187771065515,-0.386497052390376,5.24128288719926,-0.557187771065515,15.2876596187897,-0.63886151817519,-96.1064378710551,0.929407043016352,11.648036454536,1153.1625872305,1.04290879054265e-17,1.47036423289241,1.1384543276742,0.926228174148529,0.957025695240078,0.989189553171544,0.969241318612644,0.015399721977294,0.00956235879283407,0.00600645887407562,0.00598230884293303,0.00650522674502657,0.00610768324028747,4548.73419435475,39.9024757837725,17.3232166618681,16.0446143869754,126.208820608061,121.218793033594,2670.11050837969,726.9407524845,45.2203719497939,0.519751887490397,0.384653269549385,0.0783568674044317,0.519751887490397,0.384653269549385,1.76976359019227,0.344185289455601,1.03933227639142,0.619160678938377,1.13644594419955,0.74702195787078,1.30385125795472e-15,0.131755078680409,0.041385864916213,0.0193615897378375,0.0315234204781809,0.0397028676312439,0.0573306891519375,0.0271303926204213,0.00601890113584343,0.00296124514801267,0.00271631341682995,0.002390177569218,0.00198937601106761,7.21999295932064,0.0543978884965971
-11.31,19.214,1.41712,0.2,0,0,0,0,0,0,0,0,0,0,0,0,0,0,0,0,0,0,0,1,150.000015727529,162.708290803041,-10.1830472586189,619.669044891157,155.86031100927,4337.85574419331,-49.3307405478596,1.24131953963129,-0.449873930039163,-0.025007847932507,1.31717423185085,-0.0912064343922508,-0.52966978398396,-0.707250809978126,-101.107615873347,0.113303564922404,2.16249796788147,1173.66618060619,15.9602947609622,1.46437839808353,0.860012207061764,0.46309232371628,0.354693938131445,0.212969627122175,0.120687314302677,0.043681606553484,0.00922331254573481,0.0061593720445787,0.00602607228413707,0.00554739277158629,0.00587107936673263,4999.96521195709,43.0936412873661,17.3232166618681,33.8415841028276,117.096553856465,117.688887848137,2420.79469174748,928.667661962876,19.3145192688544,0.436073049909928,0.433044605353589,0.0158058509280911,0.512463745173435,0.339215643449488,3.162369784605,0.502904016245691,1.42991368210276,0.541037526794676,1.0869033642769,1.03808260965174,0.00677976328922817,0.331851563560389,0.163291956556262,0.0657679642317864,0.0360375218337304,0.0502357646540966,0.0631077165191896,0.0683990300346511,0.0110672124782308,0.00222619604878144,0.000753472540270132,0.00038990257274766,0.00139040905834707,3.94676002133488,0.0120021725190005
0.75,21.194,1.1624,0.2,0,0,0,0,0,0,0,0,0,0,0,0,0,0,0,0,0,0,0,1,150.000015727529,151.977072179981,-9.29938240599938,620.044599520883,126.205578710551,3909.05801479013,-38.3401801895636,1.01136960859806,-0.40539687411103,-0.021287801145714,1.08740017329757,-0.0690387762123738,-1.33711197429434,-0.886894700552026,-101.08477241954,0.0776665440360379,1.67889165032497,1173.72429955213,18.2102530986352,1.57299750026039,0.961476054577648,0.512960795750443,0.366558681387356,0.194402806915946,0.0884942403551712,0.0369864583387147,0.00931725973451724,0.00611549765649411,0.00602772617435684,0.00576038641808145,0.00601232507030518,4999.97062805958,43.0934454744299,17.3232166618681,50.2253349706755,117.999049543644,117.60787454259,2447.45755433773,1440.23956552828,16.4026163563046,0.600132706323481,0.506996660521834,0.0184419141277305,0.703710594515461,0.349269431185029,2.55524681438142,0.549907072763659,1.67318167248487,0.555132362001832,1.44529117329982,0.806433823649444,0.00614143178809882,0.203327708069389,0.172519150043598,0.131230331456248,0.119960387845194,0.120892721011752,0.0960405380995745,0.045743633750281,0.0105698030929766,0.00325311753073426,0.00138899088801578,0.0010435233187175,0.000895139464253544,3.08439819077402,0.0107627042463393
2.61,14.858,1.12912,0.2,0,0,0,0,0,0,0,0,0,0,0,0,0,0,0,0,0,0,0,1,150.000015727529,191.228601187376,-16.6995291011353,613.952265389022,425.090198272055,6181.95115092178,-16.9597816605874,2.84249484428705,-0.686616404541193,-0.117844852619519,2.91363045516092,-0.248913339735444,6.3186126445162,-0.255531108058848,-100.870216644099,0.399777984621394,6.12582595562962,1173.59337569003,8.69693979793769,1.45050421831059,0.948798760545778,0.65194263097594,0.618822955942089,0.562932996562858,0.510743151755026,0.016987874623685,0.00889846722151859,0.00606361508176232,0.00603612686178523,0.00608849505259869,0.0058679232371628,4999.991459223,43.0935892094569,17.3232166618681,29.3422167528325,123.935549039602,119.282844294746,2571.85535440212,925.819506127419,25.1182239876778,0.475673540229491,0.410487346177063,0.0401571745478735,0.516441813322069,0.357845331455952,1.57820844282452,0.273856717082205,1.23800376738541,0.570734932063763,1.08861700604539,0.491229186781958,0.00462059703943469,0.18842321437811,0.132315461309662,0.0992208717758126,0.0870470869106859,0.0841831774606032,0.0764606615169335,0.0292331318258998,0.00859357786847181,0.00342660510872636,0.00208212906108853,0.00127097652179727,0.00084463855104971,1.58847737814019,0.00612980969406002
1.65,19.918,1.34672,0.2,0,0,0,0,0,0,0,0,0,0,0,0,0,0,0,0,0,0,0,1,150.000015727529,157.25517654411,-10.0190375492136,619.913644412041,144.48943769399,4059.21529007395,-47.2886001458181,1.06158234709614,-0.408569877419019,-0.0236135249140714,1.13498144185189,-0.0755803650963442,-1.21583829620873,-0.823517871034267,-101.084308926154,0.0867388957296115,1.75258306612436,1173.73117383606,17.2405270284347,1.51931402978856,0.884030913446515,0.466907572127903,0.340972138318925,0.184854090969691,0.0934224631882096,0.0266015814179773,0.00899017243974587,0.00610299000104156,0.00602020664514113,0.00577100718675138,0.00600013404853661,4999.97312779919,43.0934725549424,17.3232166618681,52.1468965548743,119.006912199136,117.729680391398,2469.92583536962,1542.56783211183,17.6494207411614,0.657576425158884,0.51916077406934,0.0209016553740601,0.759057575450216,0.354641313201873,3.56818003653334,0.545837392295902,1.70710476879365,0.564284750942939,1.5639426398938,0.780702119280274,0.00645443352246815,0.221622285704423,0.172421913263442,0.130216646545089,0.11709492924057,0.115695387692211,0.0914471647893305,0.0375164972703546,0.00973884630892275,0.002912064290532,0.00124727632004434,0.00103067406192623,0.00124339698870002,3.02622335752062,0.010828324250102
4.65,24.758,1.37744,0.2,0,0,0,0,0,0,0,0,0,0,0,0,0,0,0,0,0,0,0,1,150.000015727529,148.155929590668,-10.6658309905218,620.299968753255,132.416031090511,3091.31041930007,-58.3203478804291,0.206770711165504,-0.0933217280845745,-0.0189928799083429,0.226786808238725,-0.00558058008644933,-4.86935493615248,-1.49103296312884,-100.918740756172,-0.0443532868242891,-0.498793391677951,1173.70450994688,22.8818050203099,1.51202926778461,0.93907394021456,0.439836213936048,0.241200849488595,0.0449138711256119,-0.0986442086136861,0.0610260002218519,0.00982785447370066,0.00616334217758567,0.00605881241537339,0.00608985251536299,0.00640174960941569,4999.95958754296,43.093536089991,17.3232166618681,75.4263103093899,114.465633216929,116.21844600883,2374.49880427981,2294.89821943038,23.1048880218876,0.936380022819037,0.700069441445997,0.0128831903282377,1.11393548085701,0.355028742021114,4.3541679957021,0.938275643791091,2.39570993904866,0.565844708516741,2.32605222994638,1.17147942075839,0.0065766236748447,0.284445133984525,0.277399174412194,0.208516275642853,0.180911606789548,0.14475445508029,0.143345683600177,0.0742051932852271,0.0155681293856747,0.00433659355068904,0.00150820838183505,0.00105194536559859,0.00151722605908986,4.66141430575114,0.0152228232735771
-7.23,24.626,1.21616,0.2,0,0,0,0,0,0,0,0,0,0,0,0,0,0,0,0,0,0,0,1,150.000015727529,148.29895219248,-8.68516552025831,620.864128736589,76.1845298062701,3345.85303614207,-47.0859056348297,0.484692483424643,-0.215999120645766,-0.00738711800854077,0.530334034319342,-0.0180681657587751,-3.59889691021769,-1.30228262006041,-101.017006561816,-0.0158183588272055,0.295026335121342,1173.68732423706,22.0692584105822,1.57730069784398,0.984833027809603,0.480299604207895,0.287289574002708,0.0805335059806271,-0.0441365013294449,0.0739653355337986,0.00989391568805333,0.00625808019997917,0.00603819393813144,0.00612356233725653,0.00635888469951046,4999.96062910114,43.0935517133635,17.3232166618681,41.0211792879339,111.949803057677,117.201285796211,2310.65039680309,1004.03678829689,14.5996101794081,0.402820410660656,0.437272010683286,0.00414711849761494,0.499821530365503,0.321942117943164,3.08964711831661,0.69368801573424,1.52335192259081,0.511589078711274,1.04448758273185,1.37633826388366,0.00719461519808288,0.279671505014761,0.184167088111381,0.093492196175278,0.0734726573903217,0.0692137872700841,0.0855165579459594,0.0898261640636877,0.0134615328294801,0.00290083102177646,0.00073366710085984,0.00136191561148493,0.00147272478354191,5.38519496126712,0.0171915876179159
0.15,13.626,1.1528,0.2,0,0,0,0,0,0,0,0,0,0,0,0,0,0,0,0,0,0,0,1,150.000015727529,210.08130403083,-21.1757036621185,609.841391521717,588.804143630872,7048.05843141339,-11.5820068351213,3.47676158733465,-0.705681356108739,-0.17323681074888,3.53321893552755,-0.319726630757213,8.894694198521,-0.243690243630872,-100.635584834913,0.523152149688574,7.60443610040621,1173.61556087908,6.30279731277996,1.4209518800125,0.965346286845121,0.703852348713676,0.695906301426935,0.668943214248516,0.630744557858556,0.0149373890810332,0.00879527384709925,0.00604745259004271,0.00602023414227684,0.00594575127590876,0.00581473096552443,4999.98708467868,43.0935246328502,17.3232166618681,23.8984047455611,124.696751905392,119.529075477392,2590.64014203536,803.228356528359,29.8120230757472,0.445187184563206,0.394949917919816,0.0457176516383729,0.474141667230279,0.359667640529816,1.54597955315307,0.23100170906615,1.15339324301674,0.574485570797303,1.00557986458931,0.486487753000406,0.00551278410709409,0.143085487183568,0.0956044384811961,0.0738131119150027,0.0669333831668689,0.065964395257663,0.0607389886609671,0.0226479776596662,0.00689447842508648,0.00299064471516975,0.00198442725914515,0.00136855120405847,0.000853749163865132,1.46963709027076,0.00591719267906005
-12.03,6.278,1.16496,0.2,0,0,0,0,0,0,0,0,0,0,0,0,0,0,0,0,0,0,0,1,150.000015727529,98.2788438704305,-10.8087521726904,257.857432559108,331.114790896782,3543.98302260181,-8.51064001942506,2.03305186959692,-0.189725893646495,-0.0600282022705969,2.03305186959692,-0.189725893646495,1.56802741381106,-0.102167781420685,-42.7394771377981,0.322225119747943,4.59446276429539,763.318675138003,-3.1153452140402e-18,0.989966357671076,0.771623851682117,0.642267982501822,0.696500541610249,0.772484991146756,0.810018570982189,0.0124839224004791,0.00829110398682429,0.00598728407457557,0.00597402078950109,0.00633331934173523,0.00630724487032601,679.765389021977,9.00848453286114,17.3232166618681,4.73046348776296,122.62911094432,120.588280472411,2552.00310319097,254.793293310292,16.2969920192903,0.239897463376053,0.348177949370988,0.014696482090294,0.239897463376053,0.348177949370988,0.440123349467307,0.0721812572773814,0.469713052391181,0.557939986200506,0.50519694436698,0.139844239153855,1.24943137670332e-15,0.0906700411482524,0.0281075566981195,0.0156337975160556,0.0333929857548452,0.0483971822389402,0.062706520543117,0.0128059823463513,0.00303224100390462,0.00136760509883591,0.00135444810000737,0.0013723886107994,0.00111096584909023,0.610872733950075,0.00709101509783306
-8.19,12.13,1.10096,0.2,0,0,0,0,0,0,0,0,0,0,0,0,0,0,0,0,0,0,0,1,150.000015727529,261.762160191647,-40.4792581897719,579.642776794084,1312.86414262056,9306.66368086658,3.85539874075617,5.09273096552442,-0.554744080824914,-0.364291209249036,5.09273096552442,-0.554744080824914,14.8252468492865,-0.646331328569941,-97.0441797729404,0.922292947609624,11.2771852931986,1158.11488386626,6.42402973648586e-18,1.58423862097698,1.22910061451932,1.00165207790855,1.02265503593376,1.03985838975107,1.01302737214873,0.0250656976286845,0.0107675551473805,0.00603003650640558,0.00599494376158733,0.00718036314758879,0.00668773450098948,4801.93833975628,41.9435579627122,17.3232166618681,15.8701379785459,126.448780334781,121.029787062581,2672.07772800412,722.065817566856,44.1503874517036,0.511272434520395,0.382992244118913,0.074757474931483,0.511272434520395,0.382992244118913,1.73632528829347,0.33954205689026,1.02453508591051,0.616068192817022,1.11723244929917,0.736283112972872,1.35493720655781e-15,0.156759877519509,0.0460620446680053,0.0219490266513634,0.0326362562941454,0.0387725259079393,0.0560045047542674,0.0360903089052821,0.00727134314794676,0.00351803645886797,0.00298514734790142,0.00267114410995943,0.00230375661064655,7.61215788185605,0.057447494137537
6.33,17.058,1.23728,0.2,0,0,0,0,0,0,0,0,0,0,0,0,0,0,0,0,0,0,0,1,150.000015727529,168.979962503906,-11.6451748313717,618.432132069576,239.327386157692,4981.736902406,-33.6251488691803,1.87770528069993,-0.585613586376419,-0.056800190709301,1.96100424955734,-0.152277919300073,2.27472895820227,-0.452887924432872,-101.065876471201,0.226709121831059,3.79640797833559,1173.64045411936,12.8819216748256,1.45508731382148,0.889953109051141,0.537710884282887,0.462055160920738,0.356881356108739,0.280456796167066,0.0271828871534215,0.00916262054950527,0.0061274626393084,0.00603378241849807,0.00571150276012915,0.00546314217269034,4999.97521091553,43.0932121653994,17.3232166618681,44.3242308642455,122.520588556208,118.970588337192,2545.92393247194,1364.3834624648,21.05969807187,0.644169903968978,0.478062754430374,0.0354416051050701,0.715402358646475,0.362896909257557,1.88843419493473,0.435158650088242,1.52362661004013,0.578663298908299,1.50763434942203,0.589212718029274,0.00520061193783966,0.28670963652543,0.20706118112813,0.147657782619063,0.123255826665338,0.1162666987302,0.105239513362699,0.0450147050972078,0.0118625612201638,0.00398243767564788,0.00200294249580649,0.00112200000678554,0.000561111749948844,2.10039927250694,0.00772938669328375
-3.39,15.122,1.1272,0.2,0,0,0,0,0,0,0,0,0,0,0,0,0,0,0,0,0,0,0,1,150.000015727529,188.85219247995,-15.9118750609311,614.491761274867,396.967345609832,6063.53452765337,-18.0109523606499,2.74875460889491,-0.682869461514425,-0.110544588063743,2.82229788563691,-0.237883717591917,5.92936755546297,-0.263371979787522,-100.898122070617,0.380430967818977,5.90399343818352,1173.58150192688,9.13359295906676,1.45991500885324,0.943776606603479,0.64092697635663,0.603630351005105,0.542962368503281,0.488387657535674,0.0160597210545776,0.00878229007186752,0.00605172069221956,0.006018903760025,0.00612104384959899,0.0059082673679825,4999.98396000417,43.0935110925942,17.3232166618681,29.2017781214252,123.301685011877,119.039966493365,2559.84755114645,913.757173182292,24.686679725574,0.472982988138685,0.416792689790904,0.0391593174398345,0.518488333005901,0.358596478185294,1.58366397351546,0.287156339034177,1.26762141269803,0.572654917390575,1.09381933192572,0.493338408850684,0.00473894859155785,0.138688181666953,0.0807688962190398,0.0605463620338473,0.0587375574374738,0.0630975297767771,0.0642853311639291,0.0258206465999807,0.00643264328110354,0.00245158695644764,0.0015603974526768,0.00102034999328965,0.00078411606660159,1.66669364063512,0.00645288266202491
2.91,13.406,1.39344,0.2,0,0,0,0,0,0,0,0,0,0,0,0,0,0,0,0,0,0,0,1,150.000015727529,209.910019789605,-17.523744787418,610.696219143839,449.905640662431,6951.31257160712,-23.7828432871576,3.34451536298302,-0.730713592334132,-0.161558795958754,3.41139516717009,-0.286600094448495,8.33468857410687,-0.202824714018436,-100.689779189669,0.466626304442245,7.28819466722217,1173.6175398396,7.5220881158213,1.27700967607541,0.825494750546819,0.580309176127487,0.575352369544838,0.541144307884595,0.508942787209666,0.0127120521958858,0.00859923139443807,0.00604513321529008,0.00601653077804395,0.00612855265076555,0.00599011196750338,4999.99114675555,43.0936589938543,17.3232166618681,28.2429471950083,124.430513137461,119.81741506731,2583.01344996129,929.459335950016,28.8905647615276,0.493856790137582,0.406251465719946,0.0485400162154481,0.528682830518426,0.35976782010717,1.64447784427017,0.265467264570279,1.19026151415185,0.574340784575714,1.12061462372808,0.486013362621864,0.00472849797785553,0.166676813934148,0.115688544869866,0.0864143698756071,0.075109783545344,0.0716942882367454,0.0634979012637215,0.0225270467275994,0.00668258391205761,0.00266272511940731,0.00168444219566508,0.00107622533603345,0.000734973248991284,1.46352341237331,0.00585198992046552
-2.73,12.658,1.23408,0.2,0,0,0,0,0,0,0,0,0,0,0,0,0,0,0,0,0,0,0,1,150.000015727529,230.693271534215,-25.4057556962817,604.916185813978,743.30520940527,7940.91011352984,-9.24099942610145,4.10045172377877,-0.711102301843559,-0.239119987501302,4.14348849078221,-0.388422210363504,11.3834942193521,-0.289163399838559,-100.322899697949,0.642124973985001,9.04515185918134,1173.66836787835,4.4830001041558,1.3626534735965,0.958931882095617,0.727880314550568,0.739598323091345,0.735832309134465,0.709636975315071,0.0129468291105093,0.00868582589521926,0.00603450421966462,0.00601322862201854,0.00593617862722633,0.00567864899489636,4999.98500156234,43.0929923966249,17.3232166618681,21.0737811167424,125.308816573427,119.811116512933,2611.5275895446,763.172245973179,34.8386007371305,0.45369304944188,0.391687549930735,0.0546455763824164,0.475312394968017,0.36514938437723,1.59925701687824,0.229697052046336,1.10834296701996,0.584466453867151,1.01484757869251,0.489481371437943,0.00992925496479048,0.113012254178223,0.0650668508718872,0.0503259699561374,0.0479079529355967,0.0490520125284827,0.0475149512804513,0.0194533950131025,0.00549070722077705,0.00248227879948142,0.00179438456895378,0.00137383503371396,0.000946468795219499,1.37764292305191,0.00736778209612664
-9.21,16.574,1.20848,0.2,0,0,0,0,0,0,0,0,0,0,0,0,0,0,0,0,0,0,0,1,150.000015727529,175.742891365483,-12.2777494272472,617.431475887928,262.85949033684,5347.3136131653,-28.6166221046662,2.164929382356,-0.630725475471305,-0.0701461441516509,2.2480724924487,-0.175785178256432,3.48019923541298,-0.368135499007395,-101.035574419332,0.269804742608062,4.4976966982606,1173.61889386522,11.772210186439,1.45520935319238,0.894982668472034,0.558791115508802,0.496273836058743,0.406161191542548,0.338686105613998,0.0225859866701385,0.00891392736048328,0.0060678464118321,0.00599937527340901,0.00578716217060723,0.00523511227997084,4999.99302156025,43.0933413186127,17.3232166618681,31.578974639874,120.936009305678,118.549086364743,2507.02062139686,937.296464945343,21.801794405398,0.467725745420642,0.430565429534531,0.031007291197086,0.528662067505601,0.353079525126995,1.63601089645069,0.357241549349207,1.35873027650042,0.563999915486049,1.1172094598441,0.581353723079492,0.00586035269635306,0.236771414730203,0.100424615838217,0.0416071417799789,0.0350809809696584,0.047075232009484,0.0593064786428031,0.043870245521275,0.00790702894343585,0.00204916199414183,0.00109553858819199,0.000947123619972839,0.000383552101111302,2.21403036631669,0.00841879407255491
-6.63,11.074,1.32496,0.2,0,0,0,0,0,0,0,0,0,0,0,0,0,0,0,0,0,0,0,1,150.000015727529,273.397864805749,-38.485941852932,566.473711071764,1236.80580817623,9832.7837725237,-1.79632301833142,5.47840318716801,-0.568124102697635,-0.422297656494115,5.47840318716801,-0.568124102697635,16.1176721174878,-0.650337172294552,-95.5692875742108,0.950702153942298,12.2150932194563,1151.05780647849,-2.78647787449224e-17,1.38156327465889,1.06513504843245,0.867019695865012,0.903291490469743,0.944885845224453,0.932455337985625,0.0130748852118529,0.00890659596667014,0.00600553507551297,0.00600494136505573,0.00641520832725757,0.00584108015862931,4438.9878137694,39.0126341006144,17.3232166618681,15.5221532086285,126.486418960654,120.771306032946,2670.12145220854,700.97362090106,47.0269651983026,0.50169434256395,0.382982702750874,0.0789631390252171,0.50169434256395,0.382982702750874,1.78394972269593,0.345140362517097,1.02402102268294,0.616280071568896,1.09354114870607,0.746165015012687,1.25957129437127e-15,0.105478147327344,0.0366723075815311,0.0227818454895009,0.0312527237059218,0.0370569180259205,0.0502827893113541,0.0197973492205407,0.00503079740582103,0.00255928038401037,0.00238882779548514,0.00217512153418588,0.0017382275411556,7.24600158572402,0.0547207718743716
8.61,3.242,1.31408,0.2,0,0,0,0,0,0,0,0,0,0,0,0,0,0,0,0,0,0,0,1,150.000015727529,52.6929528174149,-0.772236603687108,206.376048328299,23.7118053119466,1835.71909176127,-16.2923620456203,1.08057923133007,-0.0759603124861993,-0.0177349296948235,1.08057923133007,-0.0759603124861993,-0.00404909190709301,-0.0378732726379127,-33.7154713050724,0.133770106041038,2.48786605561921,677.772419539631,-5.46750890011458e-18,0.268131038433497,0.217935465055723,0.220138360587439,0.295700281220707,0.371292782001875,0.474358504322466,0.0120429431309239,0.0080131802937194,0.00600339756275387,0.00600178700135403,0.00531900781168629,0.00601369144880742,50.3010894698469,0.750740308301219,17.3232166618681,3.59184305040059,122.179098366235,119.930962857141,2517.25316541855,83.3184262023814,9.27542046689309,0.0427836807122072,0.326773087835637,0.00184298597665876,0.0427836807122072,0.326773087835637,0.232043940861524,0.0511618755543947,0.349691216817386,0.520403317966806,0.150845012812381,0.0664710887140064,9.05461929149116e-16,0.0467079919001944,0.036598567985061,0.0296150555422471,0.03365875098142,0.0409819526460946,0.0643223108390812,0.00142450226530143,0.000496340490166065,0.000292579230989759,0.000335073056930899,0.000548886528233724,0.00132059143269776,0.198348757491644,0.00292576700569391
-1.17,13.01,1.17456,0.2,0,0,0,0,0,0,0,0,0,0,0,0,0,0,0,0,0,0,0,1,150.000015727529,223.076314967191,-24.4648202772732,606.705280699927,709.419520851994,7621.91313404854,-8.57802358941777,3.88618248099157,-0.704324039162587,-0.215023133006979,3.93229507342985,-0.368128622674721,10.5335819185501,-0.276911558707426,-100.439640662431,0.60671922604937,8.54976762837203,1173.63118425164,4.92445911884182,1.40665170294761,0.981974960941568,0.738203426726383,0.742883033017394,0.732200312467452,0.701056462868452,0.0141898286387876,0.00878292864795334,0.00604088344474534,0.00601702434121445,0.00594029486511822,0.00569173919383398,4999.9993750651,43.0933986043114,17.3232166618681,21.3580165814646,125.135593667923,119.702874809824,2603.56038421704,756.546581482938,33.0711539364499,0.44041427328583,0.389430786021374,0.0502860726164139,0.463211204196784,0.362012141518364,1.55907992184163,0.223698797306739,1.11336374990974,0.578862650925765,0.986796198594372,0.482509006291051,0.00668806620769254,0.126036721374606,0.0792936328232828,0.0616992456204395,0.0570728406531208,0.0568517037628222,0.0529591653437256,0.0206613966245754,0.00624107515049185,0.00281841721971142,0.00196255670955595,0.00143823128407187,0.00094464791914222,1.3958269745026,0.00590024312085397
4.95,7.114,1.28208,0.2,0,0,0,0,0,0,0,0,0,0,0,0,0,0,0,0,0,0,0,1,150.000015727529,128.866045203624,-17.8417992836163,291.852452869493,541.762223830851,4698.83220497865,-6.03962202791376,2.69644359962504,-0.267583867668993,-0.103623771482137,2.69644359962504,-0.267583867668993,3.0764514217269,-0.161365741359233,-49.2317133631913,0.45234929570878,6.08150932194564,819.752963232993,-2.31031352984064e-18,1.15079135506718,0.895212217477345,0.737028059577127,0.785414560983231,0.850893677741903,0.870953015310905,0.011985186642079,0.00822849664107905,0.0059427472659098,0.00594476356629518,0.00637726518071035,0.00636297406520153,1171.51223830851,14.4565159879178,17.3232166618681,3.2870403787764,122.702806313225,120.225474571365,2532.08128769266,240.503221713136,22.1789008443192,0.197556360552395,0.334579194072629,0.0154182860636007,0.197556360552395,0.334579194072629,0.574142531302396,0.17903606389248,0.501647277640488,0.533934358581006,0.444260224443363,0.192423739229018,1.30792234834282e-15,0.131010752072456,0.0933249122671757,0.0742344414680821,0.0751727080381505,0.0743599010067471,0.0632201462773856,0.0169205742280179,0.00599564348426677,0.00301687111615058,0.00239791628027717,0.00194838271145503,0.00120740131250197,0.911775511407921,0.00878065935649842
-7.41,18.114,1.3192,0.2,0,0,0,0,0,0,0,0,0,0,0,0,0,0,0,0,0,0,0,1,150.000015727529,165.366461826893,-10.6501050515571,618.856056660765,187.998615248412,4641.44182897615,-40.912241433184,1.53901934173523,-0.522534715518175,-0.038064427663785,1.62093153838142,-0.119200324176648,0.778078427340902,-0.572230468567857,-101.105600458285,0.165295616512863,2.9298171440475,1173.68763670451,14.5477731486304,1.47302145609832,0.866612113321528,0.493187428392876,0.401420091657119,0.278121247786689,0.191219235496302,0.023608913963233,0.00888183487168003,0.00607701145713988,0.00598961035308822,0.00534148338714717,0.00571731923757942,4999.96948234559,43.0934454744299,17.3232166618681,37.2173140440993,119.299280789427,117.967506971511,2471.39714649932,1083.90759675744,18.4072565615109,0.51842198916703,0.456219512345796,0.0235529417289009,0.595276920374229,0.350054375417224,1.79928977733817,0.462066481771362,1.47429308495623,0.558924688624176,1.26522108735729,0.735995816113093,0.00621146384482109,0.228167511011657,0.106609369321887,0.0529753343081781,0.0483868372191749,0.0615809262487274,0.075349461061021,0.0423130208652457,0.00786964953601107,0.00191435420069068,0.000880812484497676,0.000449756360386776,0.000517654882874925,2.83747353745477,0.00996673480605219
5.31,9.27,1.33776,0.2,0,0,0,0,0,0,0,0,0,0,0,0,0,0,0,0,0,0,0,1,150.000015727529,207.258691802937,-30.317084681804,452.214915113009,932.276747484637,7534.24830746797,-4.75581817810644,4.26771305072389,-0.435411648324549,-0.256880772836163,4.26771305072389,-0.435411648324549,9.31450682220602,-0.39675443097594,-75.6769763566294,0.732297182584627,9.57433892302885,1020.06447245079,-2.74174897823142e-18,1.25236436829497,0.970306301426934,0.794476492032081,0.837103489219872,0.891196396208728,0.897717508592855,0.011759900802104,0.00839119278271013,0.00590345169534424,0.00592077353400688,0.00631773323612124,0.00611860202062285,2683.90719716696,26.6146797208632,17.3232166618681,7.99108120793272,123.556873914948,120.920584710308,2550.80246227926,434.792661319138,35.2930775647296,0.30985999164521,0.339376182406503,0.0374369903563885,0.30985999164521,0.339376182406503,1.12242948107197,0.174386487843295,0.708597832256373,0.541835387796646,0.698444076527163,0.245605449383762,1.27101075568101e-15,0.151500264541984,0.103315275667878,0.081225325974166,0.0793201991489709,0.0735844648851101,0.0629779883725966,0.0209995235978625,0.00716422703752295,0.0036255789591274,0.00280329388894054,0.00220293341243236,0.00141186014955746,0.982784769787019,0.00514417289322748
-0.75,3.858,1.108,0.2,0,0,0,0,0,0,0,0,0,0,0,0,0,0,0,0,0,0,0,1,150.000015727529,56.4796844078742,-3.71508953234038,211.669770857203,95.7348159566711,1958.51484220394,-12.9822968440787,1.13046407665868,-0.0899072141131131,-0.0193046807624206,1.13046407665868,-0.0899072141131131,0.05070132317519,-0.04101818064035,-34.7002270596813,0.155460062347672,2.57943953754817,687.570575981685,1.13872329069889e-17,0.44044634933861,0.349708436621186,0.31965030725966,0.389207405478595,0.466713654827623,0.57348891782106,0.0120234976564941,0.00861873888136653,0.00600105509842725,0.00600040954067285,0.00623388032496614,0.00616158025205708,115.357733569421,1.6971492552859,17.3232166618681,3.30544095557732,122.982441419185,119.300452461813,2539.22322093973,37.6558402605452,9.22448085287027,0.083042080096002,0.335366659395758,0.00320596916324548,0.083042080096002,0.335366659395758,0.178065169936553,0.0494754308825049,0.365617472146136,0.535374487668766,0.135817024257956,0.0455724181264712,1.04384449646851e-15,0.0336247575185562,0.0288251702738425,0.0236264967814951,0.0220720021168185,0.0259474421103108,0.0257034215476432,0.00209141184545565,0.000880015046176745,0.000425957118324541,0.000365535847775518,0.000489764390154995,0.00034758684142956,0.168346209017859,0.00240293044130699
-1.11,6.322,1.24624,0.2,0,0,0,0,0,0,0,0,0,0,0,0,0,0,0,0,0,0,0,1,150.000015727529,107.511064472451,-9.6068256692011,267.629110509322,321.451802999688,3899.2436204562,-7.55041984043329,2.24239652119571,-0.2038528231955,-0.0722487240912405,2.24239652119571,-0.2038528231955,1.99458964691178,-0.119217284042287,-44.2901395687949,0.34695744818144,5.0720853036142,777.223841266537,1.28015268565774e-17,1.01042611186335,0.790239839600042,0.656877189876055,0.709638912613269,0.783926851369649,0.819223976669098,0.0122368943988126,0.00831694844599521,0.00602598062701802,0.00601671575877513,0.00639114831788355,0.0063720425997292,795.285584834915,10.3503687115926,17.3232166618681,3.02680415071415,122.767609739953,120.253772592763,2541.38392533986,205.870350881465,18.2929339476998,0.191238895495651,0.33969332866207,0.0127634501403997,0.191238895495651,0.33969332866207,0.455925022864563,0.0909535035920954,0.466911596398994,0.542953654460275,0.409194930006921,0.14458732010239,1.21456837311608e-15,0.0681752726156968,0.0512635317820177,0.0440926212938255,0.0480123367634209,0.0556869415214391,0.0459069603026178,0.00936238105062814,0.00344523982139765,0.00179272600250047,0.00151198864817807,0.00138998047823504,0.000911088747368173,0.635779126770178,0.00786404503210108
-2.85,14.242,1.14,0.2,0,0,0,0,0,0,0,0,0,0,0,0,0,0,0,0,0,0,0,1,150.000015727529,200.463149671909,-18.6767851942506,612.043870430164,497.145811373815,6608.3033017394,-14.4751938057494,3.15443755858765,-0.700849557337777,-0.143787884595355,3.21901145713988,-0.282278961987397,7.58849755233831,-0.237787943097594,-100.76540985314,0.458142768503281,6.85504895323404,1173.58629309447,7.5149652119571,1.43652754921362,0.952707853348611,0.67452710134361,0.654731225913968,0.613587949171961,0.568831173836059,0.0152934870503073,0.00875565736798249,0.00604662082057077,0.00601768815748359,0.00599020570773877,0.00597626007707531,4999.96646182689,43.0935017185706,17.3232166618681,26.2309266467123,124.089865951794,119.279085491135,2579.34201061382,855.317179763433,27.5037285067762,0.462057932291365,0.406719264732114,0.0435645920111449,0.498841674400526,0.360662787898549,1.56478102868369,0.253515336110503,1.21313069560006,0.576302836751868,1.0554660057387,0.49252286021734,0.00525383174448329,0.131664408062076,0.0771960329479553,0.05920059009439,0.0567487689646868,0.0595928229526908,0.0591926309811087,0.0232823222409666,0.00618393687741575,0.00252938233670101,0.00168410046638231,0.00117349572941309,0.000755895856582573,1.58387712289926,0.00625559933882217
8.19,23.966,1.34032,0.2,0,0,0,0,0,0,0,0,0,0,0,0,0,0,0,0,0,0,0,1,150.000015727529,147.222679929174,-10.2435717018019,620.067815852516,136.689491250911,3245.12851292574,-55.7523039266743,0.383323727997083,-0.176360087111759,-0.0216062329965628,0.421393286155609,-0.0216538732486199,-4.06894106863868,-1.33859346366004,-100.962985105719,-0.0136282239693782,0.000284832007082505,1173.70180189564,21.7649057389852,1.47856105613998,0.940766284762003,0.45760204457869,0.268794580404645,0.0812755246032705,-0.059258755512655,0.090165857840954,0.0105155794456827,0.00621706948276221,0.00607668628267889,0.00599034704718259,0.0063526181647745,4999.97812727841,43.0934517237793,17.3232166618681,79.4291259553822,116.705774226644,116.473264723381,2426.65925381273,2443.6032911333,26.6283852539548,0.998919287774169,0.718212557920016,0.0149737118454233,1.17469843714422,0.365732939896921,4.58490575428738,0.936222938572078,2.43285132455362,0.582505765345616,2.4374796591169,1.12496568592137,0.0050160128358026,0.361552033206162,0.34408778578541,0.253128715432231,0.209716839762204,0.165491442794848,0.146866727979969,0.106777532996457,0.0207994456140948,0.00586454384559638,0.00208496652154086,0.00118026722378693,0.00123401567614773,4.32987931327747,0.0131014068661356
-11.79,19.258,1.34352,0.2,0,0,0,0,0,0,0,0,0,0,0,0,0,0,0,0,0,0,0,1,150.000015727529,162.039620872826,-10.1412891567545,619.49969794813,160.940612748672,4381.66659722945,-45.0013488178314,1.30689570878033,-0.469593260463493,-0.0273659087595042,1.38529773981877,-0.0972663142578898,-0.222786211425893,-0.680162338516821,-101.111538381419,0.125110668840746,2.34369828142902,1173.70013540256,15.748641808145,1.47668097073222,0.883042183105926,0.483354900531195,0.374528215810853,0.234853161129049,0.136926490049995,0.0500057986897198,0.00933835114290179,0.00612457764816165,0.00602344589105302,0.00544790521820643,0.00601209644828664,4999.97948130403,43.0934902614312,17.3232166618681,33.359897688286,117.358077958102,117.695048584752,2425.61183263997,908.14650110918,19.3964971070616,0.430505725037329,0.432242201386649,0.0165718124286897,0.506611670502844,0.339880955482689,2.06048006392664,0.48064896395846,1.42219943288067,0.542248207828241,1.07874939660285,0.960234879251386,0.006545427620123,0.342575453643268,0.171277748632594,0.0687526015355737,0.0346422990274907,0.0463182276558948,0.0667377403348241,0.0743869650022338,0.0118109666394389,0.00240687449459796,0.000818861535668856,0.000360621192317935,0.000618452103262728,3.56731338300869,0.0111651491791228
12.27,16.53,1.16816,0.2,0,0,0,0,0,0,0,0,0,0,0,0,0,0,0,0,0,0,0,1,150.000015727529,174.705134881783,-13.2697245995209,617.012738256431,303.377193104885,5367.3306947193,-26.7154829362566,2.22151307155505,-0.634222726518071,-0.0759763003853766,2.30273648578273,-0.186508858862618,3.75026716508697,-0.356779741726903,-101.016139985418,0.289047379658369,4.64943453806896,1173.58962608062,11.3034454744296,1.43346033746485,0.929834433913134,0.593593146547235,0.529991063430892,0.441476804499531,0.373201010311426,0.0572582718050203,0.00983294443824601,0.0061865371710551,0.00605436037912717,0.00573155108842829,0.00568496573273617,4999.9847932507,43.0933986043117,17.3232166618681,40.9678493568055,123.92098292448,119.311526568454,2575.85964126803,1273.33106289518,23.4156049182883,0.60743788319341,0.452954120608137,0.0394788045701816,0.665155351943957,0.362933634388005,1.79265536085231,0.373766135373413,1.41014312762997,0.57787602954952,1.39690792612601,0.501780865770172,0.00475245228215521,0.402642048826211,0.277891965533248,0.190645177049386,0.151602663864995,0.135800746087621,0.114041887215199,0.0821745838636049,0.0180075389538241,0.00597227490143727,0.00298241964814031,0.00160121666388637,0.000827713653543985,1.80842299550958,0.00651123661208221
9.03,17.806,1.40752,0.2,0,0,0,0,0,0,0,0,0,0,0,0,0,0,0,0,0,0,0,1,150.000015727529,164.835953546506,-10.820279257369,619.446297260702,198.709080939485,4598.17498177273,-46.9228317883553,1.50560719716696,-0.509306030913447,-0.0425085246849287,1.58497231434226,-0.118774420703052,0.63952805827518,-0.584846568338715,-101.084042287262,0.163906601864389,2.8412200282783,1173.72794500573,14.4034819289661,1.41839605249453,0.845018300177064,0.477735923341319,0.388630319758359,0.264238413706905,0.18511012891053,0.0374370874294345,0.00943041924710967,0.00615675845524425,0.00604706436829497,0.00583531465472347,0.0057060371836267,5000.00104155817,43.0932371627952,17.3232166618681,55.6031524056633,122.277120536355,118.839155878364,2544.3576433839,1742.45871053516,23.2435757943667,0.800249570994149,0.540313959127509,0.0348690609822924,0.891498120592323,0.370913739490337,2.91607935955978,0.569676051633052,1.76354508078518,0.591873421801847,1.87345429190107,0.880423214695828,0.00520315523940707,0.356792983485696,0.258419007160742,0.178452482424138,0.144331844691582,0.135197826728226,0.114474985553249,0.0591948824808633,0.0141815520988092,0.00434003860619986,0.00195989694957149,0.00103283108646554,0.00112537298917428,3.11244125755166,0.00945377449044043
-3.99,24.45,1.16944,0.2,0,0,0,0,0,0,0,0,0,0,0,0,0,0,0,0,0,0,0,1,150.000015727529,147.165942089366,-8.60766517768983,620.773148630352,79.0148905322362,3364.35735860848,-43.5746255598376,0.522113359382273,-0.23397647404437,-0.0092530755129674,0.57171730778044,-0.0220537933861056,-3.41220738787626,-1.27717516571191,-101.022703885012,-0.00820507982501821,0.404184803718362,1173.74002708051,21.9301270700968,1.60908103322571,0.993078606395169,0.490104416206646,0.29849932819498,0.0961237694221435,-0.0382998835750443,0.0588142705492344,0.00967984945057805,0.00614726445161962,0.00603381439433393,0.00600686105613999,0.00647578960524946,4999.95844182898,43.093596500365,17.3232166618681,47.3784971834795,113.097089280467,117.14606422011,2337.64400924141,1240.67396926456,13.8438225358479,0.486845704127331,0.47667978804106,0.00597474099477205,0.596600614783879,0.329099009926277,3.08687296048359,0.641188695998366,1.62901724614698,0.522517747587829,1.22858977117057,1.34416592760462,0.00763111076505394,0.216561623484554,0.157255674256976,0.101939348753291,0.0962532668327457,0.0885678149346024,0.095031184686259,0.0669766265663136,0.0111236527444042,0.00270201288123698,0.000871928030600546,0.00125269666489309,0.00152154976083195,5.01543885469498,0.0174353354164637
-4.23,23.834,1.3832,0.2,0,0,0,0,0,0,0,0,0,0,0,0,0,0,0,0,0,0,0,1,150.000015727529,151.515701489428,-9.86385880397876,620.881512342464,99.4475471305073,3315.94949484429,-55.7298437662744,0.384991523351734,-0.168382399500052,-0.00903199989584419,0.420000768701177,-0.0131915917008645,-4.11597959066764,-1.33368135628268,-100.983996458702,-0.0279504507030518,-0.0157788243870431,1173.71325903552,21.8241349859392,1.57258379335486,0.926351734194355,0.438117237787731,0.254918542860119,0.0620560298833454,-0.0609724893238204,0.0451774687990834,0.00929071316071242,0.00611846599312572,0.00602933881887303,0.00616147109676076,0.0064612241433184,4999.94792209145,43.0935569211544,17.3232166618681,48.3664294725912,112.654056648356,117.026530533875,2330.32946570858,1326.17617900033,14.2312477622808,0.549632340259047,0.49602812676019,0.0047822819698406,0.662661582831967,0.330186311986129,3.29631385289523,0.752173823611934,1.72073976206093,0.525341243684391,1.39247810478094,1.37324138009229,0.00783848052228462,0.221694167350694,0.150785430266276,0.0961616953133422,0.0910125967345516,0.0778366019224629,0.0952712337725913,0.0559326470313216,0.0101450876397366,0.00224657712724516,0.0006643268576805,0.00101675943218667,0.00141149101889499,5.57709191923506,0.0173764422140924
-1.95,8.962,1.2488,0.2,0,0,0,0,0,0,0,0,0,0,0,0,0,0,0,0,0,0,0,1,150.000015727529,183.428861576919,-22.4991142891366,409.86918029372,744.282695687949,6661.94958858452,-3.09893556692011,3.7674744297469,-0.375234375991459,-0.200871857098219,3.7674744297469,-0.375234375991459,7.09838027288824,-0.323223290274971,-68.3886636808666,0.631702861534215,8.45100833246536,968.392511196752,-8.98083550984274e-18,1.2967259660452,1.00565009894803,0.822152775752526,0.864498510571815,0.917846828455371,0.920800354129777,0.0124824455017186,0.00863491928080408,0.00604200976314967,0.00602480393240288,0.00648556914904698,0.00632984314133944,2296.12029996875,23.9848463701701,17.3232166618681,8.1951466357193,124.24519633687,120.406046511399,2586.24862541694,428.173621278127,31.3206196591258,0.325412505517437,0.353431811501888,0.0353869239264719,0.325412505517437,0.353431811501888,0.976569938751599,0.210508298788151,0.699415660497027,0.566127360845598,0.709858724305216,0.22185570457092,1.3059736698575e-15,0.0907279874684171,0.0568802466283386,0.0477310374526346,0.0515117551801499,0.0503889516514683,0.0481235481802612,0.0156133363529286,0.00508698409115622,0.00266208734381915,0.00222003973140616,0.00191150703800807,0.00134054027882149,0.884475688384213,0.00499789951713376
9.09,7.862,1.204,0.2,0,0,0,0,0,0,0,0,0,0,0,0,0,0,0,0,0,0,0,1,150.000015727529,139.032798666806,-13.8990031309238,315.033715237996,495.797427872097,5049.23289240704,-2.15015615592126,2.86873471513384,-0.276341922478492,-0.116738236642016,2.86873471513384,-0.276341922478492,3.65762704926571,-0.19220595582231,-52.9319612540361,0.466783216175398,6.45064420372879,850.240443703782,3.4040859514634e-17,1.29258274138111,0.996342953858972,0.816124757837725,0.858525039058432,0.91295816060827,0.92126870117696,0.0147179223935007,0.00905120132194563,0.00615349371357151,0.00608837255494219,0.00651165576502448,0.0064408032496615,1462.44662014374,17.3994469326114,17.3232166618681,3.61405851184854,123.207352078827,119.803293593593,2535.3172660565,260.16238183516,23.7769631775225,0.199391713855188,0.331587335136406,0.0163322014656066,0.199391713855188,0.331587335136406,0.659967820830534,0.145680509769599,0.522967391588864,0.528430771773398,0.464719965700665,0.21867158352146,1.3527671721932e-15,0.203949301908548,0.133953599991218,0.104631664405956,0.101500107943606,0.0934593890989089,0.0850413235976486,0.0282157405012742,0.00929631271449067,0.00467905103730541,0.00349011741086735,0.00260572586738688,0.00160647354797636,1.06979811294703,0.00995700764623741
9.27,13.186,1.124,0.2,0,0,0,0,0,0,0,0,0,0,0,0,0,0,0,0,0,0,0,1,150.000015727529,223.066295177586,-26.0474549511509,606.448463701698,769.016332777835,7645.86751380065,-5.17979676502448,3.92244922403916,-0.687796937818977,-0.217897187792938,3.96405311946672,-0.380770751814394,10.685009686491,-0.304344117196126,-100.42079783356,0.627846678289762,8.63131048849079,1173.64670346839,4.45882751796688,1.44123341318613,1.03402046661806,0.784698031455057,0.787118862618478,0.777320185397355,0.744285314029789,0.0230111719633371,0.00953164480449954,0.00607356324930736,0.00602505111967503,0.006035998854286,0.00569817456514946,5000.01333194459,43.0936412873651,17.3232166618681,18.2226999952425,125.066806132353,119.898134316107,2583.67578484497,658.88583336107,33.3320313347161,0.383214475345388,0.36329083254243,0.043132180783888,0.397200163240184,0.347927377337313,1.50743861145388,0.194563447413533,1.0143025769276,0.554069500741675,0.860533206883589,0.478018715286352,0.00796138054501985,0.274659874875774,0.177347255314347,0.128428391912573,0.108203051228726,0.0979171022834654,0.0841552108886697,0.0444797975783967,0.0126568785176633,0.00541840011472937,0.00337537097697007,0.00217566628666627,0.00125408660708322,1.29535602856465,0.00600954617053952
-0.930000000000001,8.126,1.20272,0.2,0,0,0,0,0,0,0,0,0,0,0,0,0,0,0,0,0,0,0,1,150.000015727529,148.620622851786,-18.1111884168315,333.339756275389,603.357060327049,5394.77533590251,-2.62581941058223,3.05803645453599,-0.304906229896886,-0.132831931048849,3.05803645453599,-0.304906229896886,4.22568846995104,-0.214499548532445,-55.3868107488804,0.513626000546818,6.86596042078951,870.172794500569,-7.95938693886053e-18,1.32123070513488,1.02365354650557,0.836971086345173,0.878822789292782,0.931037141964379,0.934178481408187,0.0125031148425164,0.00866072387157588,0.00604775034454744,0.00602890537641913,0.00650938310592647,0.00646074721383189,1662.20997812728,19.3234475575461,17.3232166618681,5.6816900423215,123.559973136784,120.252982861059,2564.19171692605,328.625435589851,25.3110889441447,0.262859199723468,0.346029141857554,0.0234138461701404,0.262859199723468,0.346029141857554,0.733356774900925,0.169591427208292,0.572844451066589,0.553545487578825,0.572662808269394,0.21888303658138,1.31312594248706e-15,0.098768235651768,0.0654471132557788,0.0561928524643494,0.0598635291497311,0.0575288022747225,0.0537119834881873,0.0165999162590901,0.00557479987076791,0.00295924428069871,0.0024062957658831,0.00198324907434009,0.00132449254337148,1.13627150215292,0.0100565372873014
6.39,18.422,1.29104,0.2,0,0,0,0,0,0,0,0,0,0,0,0,0,0,0,0,0,0,0,1,150.000015727529,161.63381001979,-10.907951802104,618.873211123842,197.366704437038,4479.00760337465,-41.2184905738985,1.44012455994167,-0.502949861549006,-0.0384735261326945,1.52118881366524,-0.113677379878763,0.3961440585564,-0.61882453154359,-101.096287886678,0.155575854098531,2.70446465356734,1173.73138214769,14.9778085616083,1.47517147172169,0.88922550775961,0.50343306947193,0.402702853869389,0.269342537235705,0.183262938464743,0.0355716767545047,0.00929746060426934,0.00612662247682533,0.00603390459327153,0.00578810582231018,0.0055848179356317,4999.98823039267,43.0934871367565,17.3232166618681,52.6608502127345,121.787855728421,118.251022181056,2532.62709061964,1618.5704493229,20.7335633952672,0.734846916631052,0.52726332471084,0.030846731892718,0.82681750541223,0.366583397376428,2.76240893664587,0.550178090844416,1.70756211149481,0.584501356874372,1.73317366840067,0.877747742740128,0.00586206142847622,0.302866766471542,0.228639210644365,0.162738940532594,0.135722700624366,0.131195597046926,0.111800236155359,0.0525281957702269,0.0129044749294243,0.00407994380800394,0.00187582892323099,0.00100321036793992,0.00115989360394569,3.23888596515022,0.00991868324063574
13.17,11.162,1.20208,0.2,0,0,0,0,0,0,0,0,0,0,0,0,0,0,0,0,0,0,0,1,150.000015727529,246.863285074471,-31.144849555463,562.133652744506,1042.71435207687,8844.30028122071,2.4311285443183,4.9044585980627,-0.500236425372357,-0.337048526195188,4.9044585980627,-0.500236425372357,13.8394180814499,-0.585060397458598,-94.4074440162482,0.837119445891053,10.9257875221331,1141.46943026768,1.01525939475055e-17,1.39177517966878,1.07743020518696,0.881936714925529,0.914081429017811,0.950032267472138,0.942998770961357,0.02173468696792,0.00999759150079159,0.00618171580157275,0.00608588576071242,0.00687933642328923,0.00644959400062493,3957.95865014061,35.0762576814917,17.3232166618681,10.2183119324489,123.366078286559,121.235256052368,2517.4488161073,537.402824092532,40.7345913903631,0.357256422235359,0.322299865030339,0.0488209197834776,0.357256422235359,0.322299865030339,1.54855670450413,0.227268307408769,0.760176081312657,0.512124522322966,0.848220438166549,0.529472790413207,1.40064689155677e-15,0.294951410711598,0.178934139309603,0.139224986715145,0.129167295347446,0.113701636973126,0.105784810536088,0.047500252834451,0.0139961050818831,0.00675778089516604,0.00479543144843107,0.00350559212458842,0.00234165095546511,5.7579345988259,0.0448407349404414
-2.43,10.81,1.31344,0.2,0,0,0,0,0,0,0,0,0,0,0,0,0,0,0,0,0,0,0,1,150.000015727529,264.818008540777,-35.451027459848,561.72996562858,1148.86090624935,9528.31288407458,-1.48986808978231,5.31417612748672,-0.543316011873763,-0.396730548901156,5.31417612748672,-0.543316011873763,15.4006509738569,-0.620925640558275,-94.8232194563066,0.910160257264868,11.8575262993438,1145.70076033746,3.27732824705764e-18,1.34664409957296,1.04155545255702,0.849196042078949,0.886583043432976,0.931276460785336,0.922379793771483,0.0123806754396834,0.00887523534527654,0.00604489896989898,0.00603562121574315,0.00642008062733048,0.00586287060722842,4170.66055619206,36.8242839287575,17.3232166618681,13.1495063925233,126.424102459742,120.166517109631,2647.04443148362,609.052389654089,45.1602304394361,0.430265760311822,0.370105378901401,0.0652049479446084,0.430265760311822,0.370105378901401,1.63204004627559,0.291844590827075,0.939824151692616,0.593971188865976,0.933916202834948,0.635682412970548,1.29688970808542e-15,0.0941840070068079,0.0534926475643486,0.0428262533500177,0.0439204035721996,0.0416795913539347,0.0395325842660094,0.0167801149667273,0.00514962509473304,0.00271391644454368,0.00230312924621024,0.00201474637150366,0.00148699952058406,6.59536415969214,0.0505102114368623
8.49,6.894,1.27184,0.2,0,0,0,0,0,0,0,0,0,0,0,0,0,0,0,0,0,0,0,1,150.000015727529,121.07216956567,-6.67763508280387,286.750515571295,293.291282335173,4404.41256119154,-4.88041657441933,2.52508249140715,-0.222127815440058,-0.0909190438495987,2.52508249140715,-0.222127815440058,2.65471943547547,-0.146783448762629,-47.4534413081972,0.378457523622539,5.70592917404437,804.772096656591,-8.6147245589001e-18,1.10843347567962,0.861987147172169,0.711650296844079,0.761460951984169,0.828874596396209,0.855008967815853,0.0135867006569107,0.00874164671183106,0.00619734506822206,0.00614264139152172,0.00649358483491304,0.00641783876679513,1034.97656494115,13.0096833663159,17.3232166618681,2.62358302446187,123.520388341198,119.172426655643,2541.92349590639,218.582227292233,21.0911909363238,0.174554742686811,0.332092319899672,0.0127235858547167,0.174554742686811,0.332092319899672,0.559167584522347,0.300803178775493,0.478573411642305,0.529233001915552,0.410607686829121,0.170383970264787,1.35381159619415e-15,0.160509294668862,0.111359120806833,0.0866884029763437,0.0870343882413841,0.0868577032145951,0.0759512687640014,0.0201875862288754,0.006894219782152,0.00339445432184659,0.00267365463318141,0.00216000935991298,0.0013620072125058,0.81889961176054,0.00833315062466782
-13.89,7.29,1.15984,0.2,0,0,0,0,0,0,0,0,0,0,0,0,0,0,0,0,0,0,0,1,150.000015727529,118.160837412769,-6.91631388813665,286.454660972815,300.256956202479,4276.61368607437,-5.20299108878242,2.43372054994271,-0.217136217123216,-0.0854048869909383,2.43372054994271,-0.217136217123216,2.49971493594417,-0.148173918091865,-47.7578616810749,0.368830039119884,5.48428465784814,807.174502655971,2.3314340089574e-17,1.18457082595563,0.912510196854494,0.748127632538279,0.794192969482345,0.861526903447557,0.875284199562546,0.012263966231955,0.00819081857296115,0.00596567891203,0.00598373802655973,0.00648553915217165,0.00639082741381106,1056.62128944902,13.2419529215707,17.3232166618681,6.38195792569439,124.33819699721,119.37185942375,2597.43735253358,343.56265321409,20.1362281320537,0.299113872413775,0.35854297169939,0.021752718979241,0.299113872413775,0.35854297169939,0.592492621580129,0.329664637324655,0.526869963431094,0.575254843236683,0.643896125084605,0.193131607271617,1.20655192624242e-15,0.142891080452017,0.047974312909497,0.0193266655682839,0.0357742966030315,0.0491499142726018,0.0720187705950921,0.0223473073715533,0.00472149186064111,0.00195394078115848,0.00182530259360333,0.00180291377302169,0.0014515538797923,0.921107148389742,0.00939571445166796
10.95,11.338,1.16624,0.2,0,0,0,0,0,0,0,0,0,0,0,0,0,0,0,0,0,0,0,1,150.000015727529,248.358202270596,-34.0740368607437,564.728101239454,1117.86828569941,8878.26872200812,3.05016479429226,4.90527049265702,-0.511290166649307,-0.336717987709613,4.90527049265702,-0.511290166649307,13.8874936985731,-0.592846606603478,-94.9255869180293,0.853897677325279,10.9092893448599,1144.52702843454,7.37857821893551e-18,1.43888074158942,1.1142316633684,0.912443349651079,0.941691917508593,0.973368836579523,0.961507436725342,0.0223777641651911,0.0100135450274971,0.00612395775953546,0.0060462158264764,0.00699925814613061,0.00650553567336736,4112.15321320696,36.3448380377044,17.3232166618681,9.72642618383027,124.433082869006,120.28702914725,2547.75147716091,506.47195018345,41.0577077797266,0.336863905588891,0.330264734194109,0.0459967911511256,0.336863905588891,0.330264734194109,1.49980686339486,0.238485807986102,0.791733890855284,0.525548968085813,0.785576181737011,0.503243243997274,1.42542133760215e-15,0.268510818848049,0.163587424885472,0.130194359291965,0.119753134202547,0.102391708219335,0.0945136544527969,0.04441711229635,0.0134509476375268,0.00655587843550779,0.00461499683227158,0.00337523938924413,0.0022702398770108,5.83896415767745,0.0449814465787353
-10.95,8.258,1.19376,0.2,0,0,0,0,0,0,0,0,0,0,0,0,0,0,0,0,0,0,0,1,150.000015727529,147.405426518071,-18.3440313811061,331.80773877721,606.08828090928,5351.52859077179,-3.77011881981044,3.03471211332153,-0.30361144883158,-0.131670926986772,3.03471211332153,-0.30361144883158,4.15185803562129,-0.213005093796479,-55.0889626080618,0.511378878533486,6.81390928028331,867.810988438704,-1.21811303260077e-17,1.33020372877825,1.02381504009999,0.834819518800125,0.877287043016352,0.930535287990833,0.932702176856575,0.0139071004608895,0.00864322873888137,0.00600529566951359,0.0059818961878971,0.00647894411623789,0.00643304166232684,1638.13623580877,19.0952973648576,17.3232166618681,8.0885798305286,124.119672847651,120.35470577241,2598.25648558447,425.509483883957,25.2898204664895,0.345691244146122,0.361084998651039,0.0308879966018858,0.345691244146122,0.361084998651039,0.774126759208841,0.178758516718841,0.597809409739034,0.579641780207029,0.752665966607969,0.228032965388392,1.27925466531458e-15,0.138524072632141,0.0423827705119879,0.0160811090069505,0.0334533501189705,0.0458529611734944,0.0653467835893178,0.0240295374366624,0.00521629402374811,0.00225564168340283,0.00204069549029002,0.00193266697129349,0.00154471250957012,1.16885821968356,0.010107629252054
-10.89,21.546,1.2936,0.2,0,0,0,0,0,0,0,0,0,0,0,0,0,0,0,0,0,0,0,1,150.000015727529,155.089230288512,-9.29597638058535,620.373461097802,113.204052806999,3886.973231955,-46.538550151026,0.910720560358296,-0.364921908811582,-0.0140789704197479,0.979386334756796,-0.0581306204687012,-1.85817087657536,-0.930440562441412,-101.082740339549,0.0557007473700657,1.37045820967608,1173.72742422664,18.4392511196751,1.52017758566816,0.93641650869701,0.484341631080096,0.337170378085615,0.158206682637225,0.056463552123435,0.0732870679809396,0.00981930620633267,0.00621173981876887,0.00603712342464327,0.0058873118425164,0.00628073273617331,4999.97635662952,43.0936058743885,17.3232166618681,33.684488774527,114.923040637366,117.510270046693,2370.51974118229,818.465584959175,17.9184890738417,0.341916720574583,0.405767040281667,0.00899145671434,0.417644827179137,0.327298711953952,2.69349926225441,0.493832506294451,1.3613348152972,0.520231875634732,0.85922143638215,1.02243934218639,0.0067832172681267,0.342809599154612,0.198536127456842,0.0854278581550789,0.0485078420158444,0.0621849886379358,0.0531546364552271,0.0968867313718472,0.0140974965118617,0.00284946585546578,0.000823852892836824,0.000535913745230935,0.00103160373489741,3.69376773761821,0.0118557503131593
-5.25,21.854,1.28976,0.2,0,0,0,0,0,0,0,0,0,0,0,0,0,0,0,0,0,0,0,1,150.000015727529,153.291461306114,-9.3366751567545,620.535121341526,107.476923091345,3743.83033017394,-46.5893063222581,0.79715834618071,-0.329370733766275,-0.0133914583480887,0.86117691190501,-0.0482402852411208,-2.32013437621081,-1.01302481023852,-101.063931882095,0.0379430262253932,1.08762074090199,1173.68253306947,19.2431809186543,1.5673611082179,0.929857712738256,0.473020206228517,0.318523580876992,0.135837883058015,0.0309610398833455,0.0420787807033642,0.00920426697635662,0.00611979918758463,0.00603007717946048,0.00597149140714509,0.00631357962712218,4999.96906572232,43.0932840329136,17.3232166618681,42.9364553924337,115.37594403158,117.425648575795,2386.30030596322,1152.72209495104,15.016001560766,0.469416906892429,0.457178650191317,0.0104674369063414,0.563193946982417,0.334931074524328,2.62420050391951,0.553726769443503,1.53463201586226,0.532149614677525,1.15143985993148,1.02410330674726,0.00593589666332361,0.225079914752009,0.135775728282959,0.0813443291790058,0.0770094218676152,0.0875538261974018,0.0719572999824781,0.0542758427580831,0.00973167077959124,0.00227822223895889,0.000803148491602607,0.00111486718704241,0.000896810300998248,4.06506729802237,0.0134696976358261
11.85,21.458,1.24176,0.2,0,0,0,0,0,0,0,0,0,0,0,0,0,0,0,0,0,0,0,1,150.000015727529,150.1787699198,-9.69534717216956,619.647068013748,150.095929163629,3817.76058743881,-45.5879186543068,0.945001594669304,-0.385615213633996,-0.0266749119050099,1.0183230545464,-0.0689026650523903,-1.62155614360691,-0.920773916218101,-101.066111863348,0.0759527884907822,1.50610555909801,1173.72440370795,18.3277554421422,1.45669943755859,0.944117602333091,0.504119847932507,0.35161360493282,0.191586189140714,0.07634246332882,0.107455402375794,0.011412257800552,0.00625794814998437,0.00612607634621394,0.00590958556400375,0.00600823351734194,4999.98239766691,43.0935329653159,17.3232166618681,68.6402468501024,120.401300234597,117.644280256541,2510.45885770629,2107.3305117283,25.683227427475,0.884537287421102,0.621647178758976,0.0258136729918324,1.01543143570595,0.371151203196503,2.99658431566732,0.723856556946953,2.05549172330336,0.590340393980484,2.09344029200435,0.876829766071825,0.00484907398964866,0.439693519098455,0.376662498322051,0.267321426888855,0.214087919287892,0.171329066428761,0.136189867808115,0.131777100674739,0.024969086973096,0.00719684571383401,0.00276714658020824,0.00140804169157169,0.000864645071598151,3.30126278247092,0.00913419523273591
0.51,19.61,1.1752,0.2,0,0,0,0,0,0,0,0,0,0,0,0,0,0,0,0,0,0,0,1,150.000015727529,156.661211332153,-10.105358286116,619.450609311529,166.32412989272,4242.93886053536,-36.2471110301011,1.28050622851786,-0.473722266482658,-0.0298919913550672,1.36189024059994,-0.0967529695802521,-0.230649540797834,-0.71343251324862,-101.100077075305,0.126670091011353,2.33809499200083,1173.69451098844,16.2386178523072,1.54915425476513,0.939278720966567,0.524068555358817,0.403300208311634,0.252531511300906,0.158284632934069,0.0274753323548797,0.00907756380595771,0.00609412404957817,0.00602217383605875,0.00558999947922091,0.00552552588272055,4999.97948130403,43.0934225601501,17.3232166618681,46.962687158056,119.585671700155,117.893165690619,2481.34467027014,1379.54094346601,17.1063066958068,0.608897293606402,0.495883635776077,0.0232743984019436,0.700803959271626,0.35429623829227,2.56320184913122,0.52343106756877,1.61701986507859,0.564136506097114,1.45926576207594,0.970126749079873,0.00634395135242458,0.201582479642508,0.154097837787223,0.117099437025788,0.106841041017906,0.113488127711013,0.0945003882386348,0.039635823214815,0.00951995129818379,0.00304678233642438,0.00143861105044601,0.000798987038966985,0.00101821423712762,3.61736203688907,0.0113400776813897
2.97,20.93,1.17712,0.2,0,0,0,0,0,0,0,0,0,0,0,0,0,0,0,0,0,0,0,1,150.000015727529,152.419992709093,-9.45301597333611,619.918143943339,134.186916966983,3947.56025414019,-39.0285562962191,1.04454768298406,-0.414582978731382,-0.0232871651494636,1.12143889490678,-0.0730368484186022,-1.19902306144329,-0.862742951067597,-101.084936985731,0.0846899723257995,1.76143329351109,1173.69461514426,17.9220872825742,1.54556410790543,0.955196239975003,0.51174744297469,0.369068451203,0.201473696614936,0.0974967265003646,0.0411142426455578,0.00948361882404958,0.00612485668159567,0.00603338381418602,0.00573471669617749,0.0059608051244662,4999.97718987605,43.0934569315697,17.3232166618681,52.9967613227249,118.756743923845,117.674038661591,2465.72888447887,1550.18177655184,17.7381121727571,0.65056425784212,0.524323788983578,0.0206959631046068,0.756883253493097,0.353940962443329,2.16384597172299,0.546123816873445,1.72457517676083,0.562678600162607,1.5563615103146,0.725043935662833,0.00575697816786207,0.240632109590117,0.206097555276789,0.153985161385942,0.135691492400143,0.13051930813005,0.102672353942042,0.0540716026494404,0.0121217601172643,0.00376536593984117,0.00159959165963291,0.00098870531354001,0.000804189021389709,2.83008400535753,0.0100879695326708
14.25,22.47,1.41648,0.2,0,0,0,0,0,0,0,0,0,0,0,0,0,0,0,0,0,0,0,1,150.000015727529,148.828309551088,-10.6207609027185,619.522528903239,166.879694823456,3493.79349901052,-59.3087230496823,0.611869397250287,-0.268151929860014,-0.028557760233309,0.666490805988959,-0.0456067899437559,-3.1086636723258,-1.12374833261119,-101.004866159775,0.0297251581845641,0.604877487970003,1173.75929590668,19.7512217477347,1.42042844495365,0.913812550775962,0.462457747401313,0.294341065919175,0.126340943980627,0.000888125168211647,0.12768686167795,0.0129797676179565,0.00634210687709614,0.00611261379023018,0.00589734788042912,0.00617485813977711,4999.9969794813,43.093481928966,17.3232166618681,86.4931486572925,120.262030787503,116.90020869715,2508.88877069222,2718.91792166066,33.3341671506326,1.13305276540198,0.750390107311501,0.0233403404465228,1.30345798896078,0.384552925094565,3.27333657203849,1.01812870135826,2.52650447862701,0.612819964287647,2.69761952043533,0.742934275379929,0.00443904197473334,0.512720694230145,0.445390364357216,0.313808312612222,0.244920560398817,0.187807157177295,0.152655160422599,0.159063597551208,0.0303998252095382,0.00840720882754374,0.0029923638595796,0.00124901242329688,0.000886855472229597,2.61452099669955,0.00926293641951869
1.59,6.366,1.3096,0.2,0,0,0,0,0,0,0,0,0,0,0,0,0,0,0,0,0,0,0,1,150.000015727529,112.962066451411,-11.8335270523904,271.526528486616,375.206746693053,4113.71502968441,-8.00703682042495,2.37398937610665,-0.220375856425372,-0.0808073013227788,2.37398937610665,-0.220375856425372,2.26386498281429,-0.126430413831893,-45.047052390376,0.374839601850849,5.37319018852202,783.946474325591,2.17978663368399e-18,1.00828703260077,0.788569263618373,0.655553963128841,0.7081920841579,0.782038204353713,0.817758931361315,0.0121767256585772,0.00829701338923029,0.00601251296739923,0.0060061961254036,0.00636840391625872,0.00635108447036767,852.4511405062,10.99947609624,17.3232166618681,2.84358094005905,123.260140478815,119.752669600199,2548.15744236848,209.265370881392,19.5301382336102,0.187279653002636,0.338806498570378,0.0131290866985979,0.187279653002636,0.338806498570378,0.477406031690534,0.118893451834641,0.466821408419888,0.541161388705616,0.408242893732262,0.145939183937931,1.19448234984782e-15,0.08480907767325,0.0647111987665307,0.0535528639248396,0.0558412816031556,0.0617596932056714,0.0493832258935113,0.0105701370007398,0.00396555798165012,0.00203577634261466,0.00166517631460405,0.00147444241472316,0.000939550215334363,0.647520110004407,0.00787575898516459
-1.35,22.866,1.25136,0.2,0,0,0,0,0,0,0,0,0,0,0,0,0,0,0,0,0,0,0,1,150.000015727529,150.194406832622,-9.2423023403812,620.622393500676,100.5013599599,3541.04371419644,-46.4506999270908,0.646086094514113,-0.279119759933861,-0.0126545611290491,0.702909312571608,-0.0354334596583689,-2.92996379676076,-1.14052179600458,-101.036958650141,0.0149480847307572,0.710435949661494,1173.68232475784,20.479868763671,1.58141224872409,0.949283095510885,0.473639631288407,0.303044537027393,0.119280076882616,-0.00470511535569212,0.0388522661135299,0.0092783858100198,0.00611894167274243,0.00600160837412769,0.00589091375898343,0.00633875710863452,4999.96375377565,43.0934933861061,17.3232166618681,51.2175054030672,115.191881427041,117.232095863557,2386.24269167039,1432.03015827993,15.0496374648212,0.575630922336077,0.508214068627022,0.0100204466515966,0.688717034829099,0.33955848972737,2.80616481208588,0.646920349366537,1.70982845120814,0.539412008755527,1.4126595743368,1.1465114892307,0.0072545577787402,0.195549720424977,0.15801311693522,0.118026521591501,0.111908258106514,0.0997502538580349,0.0935593445539409,0.0474131951894425,0.00993910353813328,0.00271212036589411,0.00101232762418919,0.0010984870999751,0.000966150698949688,4.49839538884332,0.0153413650726885
-1.89,11.206,1.30384,0.2,0,0,0,0,0,0,0,0,0,0,0,0,0,0,0,0,0,0,0,1,150.000015727529,275.934256848246,-39.8872583793354,570.853223622539,1280.71822968441,9902.75867097177,0.329767863764191,5.50078210603062,-0.576471240495782,-0.424531048849078,5.50078210603062,-0.576471240495782,16.2872382043537,-0.664006739579212,-96.1201145713983,0.963483512134154,12.2506176439954,1154.38756379544,4.10552245599419e-18,1.42123768357463,1.09528737631497,0.891970138527237,0.924751119675034,0.962312217477347,0.947080970732217,0.0137213800205604,0.00921944803145506,0.00602338459014686,0.00600586812783043,0.00643423425195293,0.00584907562993438,4614.99822935111,40.438228309551,17.3232166618681,13.9296959575974,125.270945297285,121.617119966863,2623.26570006925,638.219299255148,46.5499739862842,0.442650449254947,0.367074180268887,0.0692640093187669,0.442650449254947,0.367074180268887,1.75311906345479,0.327846590274495,0.948415887259045,0.589057557995182,0.961918473534093,0.683958691276328,1.30901639907975e-15,0.104395239358093,0.060882477714933,0.0499067907961888,0.0486942441311765,0.0438884654039004,0.0406719870495355,0.0188487574781369,0.00593014123714077,0.0031658538749749,0.00263176249873578,0.00222625114561161,0.00167283084054582,7.11742996906021,0.0532388129342914
-8.25,8.038,1.37232,0.2,0,0,0,0,0,0,0,0,0,0,0,0,0,0,0,0,0,0,0,1,150.000015727529,163.224289136548,-21.0125580585356,345.128080408291,671.982314342256,5975.65670242683,-6.06120729113634,3.42230746797209,-0.339191444662014,-0.167079939589626,3.42230746797209,-0.339191444662014,5.21733173627746,-0.243007404562025,-57.4551859181335,0.572920671560045,7.7092119570878,886.980022914284,1.74631458046036e-17,1.22269992709093,0.949011280074991,0.777953911050929,0.822694802624725,0.884611488386626,0.894087324237059,0.0127826960787418,0.00840355021237372,0.0060013798854286,0.0059792187366316,0.00645525300489532,0.00635748244974482,1764.31538381419,20.1224341214459,17.3232166618681,8.58407910862068,124.639446093916,119.996982613766,2607.38019090897,441.664448008327,28.3896475814686,0.353541846349573,0.362334150216428,0.0354173056163417,0.353541846349573,0.362334150216428,0.852477169196969,0.242813236088816,0.616059173728476,0.581622017552474,0.769693281827473,0.216546856688216,1.30744013757077e-15,0.0947598205607367,0.030449449653565,0.0194366269247651,0.0326089061688083,0.0429336803284425,0.0558586802298142,0.0165331081235579,0.00402823930924614,0.00191426535892278,0.00176499202310423,0.00173489375546566,0.00134852179839989,0.729084600904121,0.00539882878709136
6.21,13.978,1.16688,0.2,0,0,0,0,0,0,0,0,0,0,0,0,0,0,0,0,0,0,0,1,150.000015727529,204.065972294553,-19.5296251182168,611.238600145818,528.236093889178,6774.49765649412,-13.9535975610874,3.2768374127695,-0.704106686803459,-0.154471844599521,3.3385505676492,-0.295742091282158,8.08894729715655,-0.236649025747318,-100.715002603896,0.48164464153734,7.14071013436101,1173.61337360692,7.06473231955004,1.409263097594,0.949788011665451,0.679041193625664,0.664055775440059,0.628206895115092,0.586774533902718,0.0173301631497761,0.00901467809898865,0.00606956916987814,0.00602817873138215,0.00601890167690865,0.0059527009686491,4999.98458493907,43.0936037912712,17.3232166618681,25.7329781788463,124.686362737515,119.631514997959,2584.81915624409,841.994337631722,28.3591632031403,0.448814591126973,0.392633553832152,0.0430617306102435,0.478547055952029,0.355793432680225,1.55403636129343,0.233627017870297,1.14707524931775,0.567132807217408,1.01443895794999,0.487002184807718,0.00503355471274628,0.233284205560754,0.158602210311332,0.114528249543654,0.0969484271093893,0.0902906476351183,0.0781886739743594,0.0348854823047805,0.0101346459509752,0.00409349438573159,0.00248125815097941,0.00155646514788529,0.000889660574582671,1.47159630485992,0.00584084773739434
12.99,14.726,1.14128,0.2,0,0,0,0,0,0,0,0,0,0,0,0,0,0,0,0,0,0,0,1,150.000015727529,195.966461826893,-18.2076757671076,612.780543693365,482.089130517654,6423.55504634934,-15.4891556333195,3.03360024997396,-0.693030715550464,-0.13330595667118,3.0998921987293,-0.271489915977502,7.10892917404436,-0.246012289990626,-100.808154358921,0.439298123278825,6.57691615456723,1173.65264034996,7.8632585147381,1.42134742214353,0.964034319341735,0.676290886366004,0.648745630663473,0.601351265493178,0.55344445370274,0.0428701396314967,0.00970327934413082,0.00612863534298511,0.00603944464118321,0.00607638423080929,0.00590676169149046,4999.98708467868,43.0937589834386,17.3232166618681,28.3858307169342,124.843386221918,119.679779492316,2585.93621585228,909.796540851649,27.16161265394,0.467691408427185,0.394265647270866,0.0411910695944799,0.498816712896807,0.354061438721112,1.58610597756471,0.251220031473945,1.16545683528856,0.563248165150419,1.05748124567218,0.47615600200202,0.00444888055231508,0.379870377946914,0.245465606760435,0.169205971012574,0.135700583370156,0.121800077247138,0.102123078892151,0.069164140300948,0.0166522172282663,0.00609902020282118,0.00335615890799454,0.00192276289347876,0.00104633118087828,1.40157643759905,0.00559983526244226
-6.69,8.742,1.1816,0.2,0,0,0,0,0,0,0,0,0,0,0,0,0,0,0,0,0,0,0,1,150.000015727529,164.523882928861,-25.8962117373191,374.739631288407,792.660354119362,5966.2697635663,-4.09003268357463,3.37359952088324,-0.353321597989793,-0.161817227372149,3.37359952088324,-0.353321597989793,5.48441068638683,-0.260007177182585,-62.1957587751277,0.593147858173106,7.56102239350067,922.738214769292,-6.68135858660557e-18,1.33715925424435,1.03508230392667,0.845422174773461,0.887517852307052,0.938795958754296,0.940247297156546,0.0126910212133111,0.00861859119362567,0.00597179885118216,0.00595863623352151,0.00646463915279658,0.00640904770336423,1986.45516092074,21.7764003749602,17.3232166618681,8.24895810115594,123.977381148303,120.486276479201,2590.25205654526,429.255951389577,28.0741578913886,0.337731391227709,0.357797749191193,0.03322750960956,0.337731391227709,0.357797749191193,0.883140200722185,0.513157875357623,0.671652602519461,0.573870417806461,0.734250126559503,0.220720647620494,1.35884521807969e-15,0.098136352581211,0.0363926342184519,0.0277436077641295,0.0390515751124323,0.0447168411870736,0.0544864388253715,0.0185221398525178,0.00477331809117368,0.0024011839690057,0.00215139542791602,0.00197292866500818,0.00148024951873802,0.845018908588844,0.00560131084592963
-14.19,17.322,1.3032,0.2,0,0,0,0,0,0,0,0,0,0,0,0,0,0,0,0,0,0,0,1,150.000015727529,172.22399750026,-11.1545298948026,618.442214352671,219.601184668264,5088.19508384543,-36.7503339235496,1.92431517550255,-0.59462910634309,-0.0554839683366316,2.00834215185918,-0.152021877269035,2.43254780943652,-0.436214518952192,-101.071182168524,0.226124071577961,3.89283824601604,1173.63285074471,12.8429996875325,1.42812634100615,0.866241485261951,0.515988876158733,0.443627497135715,0.341961764399542,0.269867211748776,0.0415517751567545,0.00927198265641078,0.00610456244141236,0.00595780585355692,0.00521131809186543,0.00533767263826685,4999.99614623477,43.0933767315906,17.3232166618681,29.7364276305453,119.327937471624,118.244399427152,2469.92860092058,845.634533797449,22.4537003035075,0.424167020744645,0.425160538617391,0.0252967120129738,0.490042234046288,0.347185567594828,1.65350546754612,0.388324365361738,1.35982361304032,0.554855497468761,1.04102185935043,0.611078186070642,0.00576455584316944,0.360609508296422,0.165654577926989,0.0632770594225421,0.0232835345987696,0.0296706673573116,0.0504387567979089,0.071046711252402,0.0114092739298642,0.00247126985101655,0.00100225235958976,0.000509845608631043,0.000303087780206713,2.47665890134534,0.00918743685827162
4.35,4.738,1.15408,0.2,0,0,0,0,0,0,0,0,0,0,0,0,0,0,0,0,0,0,0,1,150.000015727529,71.0691396729508,2.22951763253828,223.319540672846,0.238514675554586,2521.09280283304,-10.2133849409436,1.45290886366003,-0.101794802400792,-0.0309683803770441,1.45290886366003,-0.101794802400792,0.529281903249661,-0.0626667248677221,-37.0706207686699,0.177402582783043,3.31001343610041,710.622403916254,-2.71925657743986e-18,0.668293229871888,0.524417821060306,0.453408582439329,0.515461514425581,0.59421942505989,0.678100906155609,0.0124015931673784,0.00863849140714508,0.00610563899593793,0.0060269415685866,0.00622600906155608,0.00616848797000313,275.514123528799,3.92194052702842,17.3232166618681,1.99479484883206,122.939263994165,119.211166181449,2534.79770386399,65.5862062421442,12.0919513753332,0.0881808282118946,0.332470075846713,0.00408868669719242,0.0881808282118946,0.332470075846713,0.251280515545278,0.0538676290630842,0.385806528076078,0.530221733715938,0.191819314195987,0.0798507185398523,1.07552928534924e-15,0.0706090244467891,0.0550495636343746,0.045374468790287,0.045803820493833,0.0519497444523975,0.0463265064988407,0.00570742542268505,0.00218395837270361,0.00115894624896749,0.000936178555697531,0.000846464129372127,0.000625166016689145,0.308333026378477,0.00413711655994189
-13.77,12.262,1.31472,0.2,0,0,0,0,0,0,0,0,0,0,0,0,0,0,0,0,0,0,0,1,150.000015727529,253.015717112801,-30.3151861628997,598.940995729611,924.82278371003,8884.34871367566,-9.06992062608061,4.74522851786272,-0.699959420893656,-0.321323830850953,4.77418175190084,-0.463726557056556,13.8897217998125,-0.393351545849391,-99.9393063222582,0.771329110092699,10.5217311738361,1173.84293302781,2.87020529111551,1.33680095823352,0.970447109676075,0.758300874908864,0.783368909488595,0.799243995417143,0.78180024997396,0.0155008500604104,0.00881921112113321,0.00600441426507656,0.00597422146307676,0.00598747508030413,0.00564144393562129,5000.09915633788,43.0907884595356,17.3232166618681,24.5998846082314,126.753748812467,120.001992372384,2682.80921287507,970.681917117775,41.293866602444,0.636138593605314,0.418237941877684,0.0889428322760265,0.650656158223097,0.39424946908641,2.06145863361781,0.383098756758738,1.66716764491789,0.635246526270256,1.42814491799238,6.6065398706977,0.539763993215554,0.207887182603325,0.0869514207655951,0.0496529078250655,0.0520316282913999,0.0631210005633491,0.0781971972399747,0.0350674462043746,0.00682128138807041,0.00254212420785384,0.00202787951397778,0.00175578585829062,0.00140354510191847,7.5104344301663,0.234397394788148
12.15,21.722,1.22,0.2,0,0,0,0,0,0,0,0,0,0,0,0,0,0,0,0,0,0,0,1,150.000015727529,149.200014581815,-9.59335055098427,619.649296948234,148.359682845537,3780.81815435892,-44.8370391625872,0.924754579189668,-0.381127314311009,-0.0264688659306322,0.997953946095199,-0.0672489431153005,-1.69486707187689,-0.939024402267472,-101.064252682012,0.0731939273826685,1.46141512480991,1173.72002916363,18.5433517341949,1.45941489428185,0.954015435892096,0.510434685970212,0.353950406354546,0.191136303695448,0.0726230750409332,0.113969260401,0.0118941706599729,0.00627241419685449,0.00610365586918029,0.00592665368190813,0.00600995010936361,4999.98614727633,43.0936985730652,17.3232166618681,69.3895127695506,120.272503127727,117.607486899288,2508.40221084129,2130.42611440875,25.9118451185121,0.892405066356988,0.628058590811019,0.0255672168715785,1.02611482750503,0.371393408124957,2.89992072513771,0.738915484348538,2.07946319352579,0.5906932168143,2.11593050817063,0.875442649453807,0.00519355764410857,0.447064875047295,0.387479890248675,0.276026782857675,0.220016950640868,0.175577091101578,0.13997614531162,0.138646805264897,0.0261986158781508,0.00757747965305779,0.00289652248522171,0.00131164593353051,0.000863843006877695,3.25152460373959,0.00908159580352748
-6.27,10.458,1.37168,0.2,0,0,0,0,0,0,0,0,0,0,0,0,0,0,0,0,0,0,0,1,150.000015727529,260.762045620248,-29.9416005436934,556.638141860222,1004.3228867618,9415.49890636392,-3.64262149213624,5.27977575252579,-0.519528042963868,-0.392835537964796,5.27977575252579,-0.519528042963868,15.1961511300906,-0.603825557993959,-93.84209561504,0.873301205082804,11.810544422456,1139.68117904385,4.06150989480258e-18,1.26402635142173,0.979327517966877,0.799763337152379,0.83995803562129,0.891538704301636,0.889186938860535,0.0125239370598896,0.00863051619310488,0.00603968225257786,0.00602890506311843,0.00630390481408186,0.00582181999791689,3869.77866888866,34.3479148005416,17.3232166618681,14.5379735858086,125.921134662627,120.947029164825,2652.9980369912,664.676999426422,44.6281711125292,0.481261565033678,0.378832822146917,0.0731646550272386,0.481261565033678,0.378832822146917,1.68543776650503,0.292284977486968,0.994500190434112,0.609396089983812,1.0479628728367,0.618220653470469,1.24146622630097e-15,0.0893415079047635,0.0334194684243474,0.0224573766061159,0.030222189734517,0.0371282788640185,0.0469282124212667,0.0163646751451772,0.00430199475855762,0.00218627547966766,0.00203692458079095,0.00196417456069066,0.00152974585146658,6.37680261596341,0.0496276282961024
-13.29,18.818,1.34736,0.2,0,0,0,0,0,0,0,0,0,0,0,0,0,0,0,0,0,0,0,1,150.000015727529,164.233454848453,-10.3261910196854,619.153025726487,173.009518629309,4536.23310071867,-44.1578689719821,1.4374657743985,-0.499750097708572,-0.0321888110613478,1.51794562024789,-0.109071144016248,0.330546262545568,-0.616511231285283,-101.11179981252,0.146595985782731,2.66882657014895,1173.73669409437,15.0607093011145,1.45715508801167,0.875370315592126,0.487115300489532,0.387207103426726,0.257157108634517,0.165420522862202,0.0528356656012916,0.00941723613202792,0.00614660670763462,0.00601366784709926,0.00535207509634413,0.00580807436725341,4999.97156546193,43.0935975419229,17.3232166618681,31.5950383998795,117.739213354502,117.735786931747,2433.35262356547,859.520160123307,20.6474577768244,0.417611460417738,0.427552897977683,0.0179393276473416,0.49093535949017,0.340857125649977,2.35624267212681,0.46558931903476,1.39467991770064,0.544206003909431,1.04967808101718,0.789670465985323,0.00666669004743647,0.370102602901371,0.184447157072364,0.0735783339956741,0.0309048991119435,0.0371962945025774,0.0604298323863919,0.0795053960397653,0.0125414262363115,0.00256204573418489,0.000876311168559505,0.000347450910929566,0.000486495182712295,3.11125707062119,0.0105046661357656
-8.37,3.726,1.41456,0.2,0,0,0,0,0,0,0,0,0,0,0,0,0,0,0,0,0,0,0,1,150.000015727529,62.7430486407666,-3.84343019581293,211.538087699198,98.6843794292262,2236.05270284345,-17.328591084262,1.32736527445058,-0.103393639955213,-0.0265335631705031,1.32736527445058,-0.103393639955213,0.336845490511405,-0.0477377853757942,-34.733702739298,0.180461886678471,3.05468836579523,687.921351942501,-1.03008132527862e-17,0.388088324132903,0.309290365586918,0.289341058223101,0.360590261431102,0.437398229351109,0.547786095198417,0.0120372383085095,0.00856227872096657,0.00599981179043849,0.00599882574731798,0.00585521362358088,0.00620663274658889,117.650328090823,1.73001645661912,17.3232166618681,4.31535793545232,123.224706289355,119.248369584718,2550.26578761121,126.209941389156,10.3816041454775,0.148957654071587,0.342338239065213,0.0062271773618746,0.148957654071587,0.342338239065213,0.211587979294038,0.0507805416995251,0.372851744947243,0.547705608712585,0.275386002123697,0.0701359184802796,9.13762205675225e-16,0.0215408140252002,0.0126973503585098,0.014013808201082,0.0230090134499953,0.0315621170767183,0.0416115380805374,0.00158927640855405,0.000500878598912149,0.0002944522766414,0.000351828342595751,0.000688934938635508,0.000443807084481402,0.197690168601944,0.00289804891001009
-11.07,4.21,1.37104,0.2,0,0,0,0,0,0,0,0,0,0,0,0,0,0,0,0,0,0,0,1,150.000015727529,69.1413665243204,-2.45313569419852,222.660843662119,81.9719816581606,2470.29830226018,-15.5298203312155,1.4535505676492,-0.110929636455578,-0.031535103635038,1.4535505676492,-0.110929636455578,0.528101776762838,-0.0565134601493594,-35.8040495781689,0.193288300831163,3.33332298718883,698.609384439118,-6.63891812831996e-18,0.503911665451515,0.396562212269555,0.354615321320695,0.421966961774814,0.499186345172378,0.600830288511613,0.0121263360066659,0.00862636881574835,0.00607641443599625,0.00594239350067701,0.00629648640766587,0.00612020956150401,190.721976877408,2.7616389959379,17.3232166618681,4.51911090618683,121.397773621156,121.144567687556,2516.53392285508,163.185970617858,11.1894003527104,0.177737177133415,0.340156882635122,0.00803441670591978,0.177737177133415,0.340156882635122,0.263480757747583,0.0523042442696761,0.393939419041915,0.54465257466914,0.347426169827359,0.0800419564686956,1.00749778227335e-15,0.0339302318697706,0.0111107676312374,0.0149639479814323,0.0295986890902617,0.0405465667471932,0.0533852787839853,0.0029706904694385,0.000853942694275563,0.000504557064616164,0.000603803363355506,0.000631995422458056,0.000632771722954707,0.280097244807268,0.00386515900816784
3.51,11.91,1.39024,0.2,0,0,0,0,0,0,0,0,0,0,0,0,0,0,0,0,0,0,0,1,150.000015727529,247.633152796583,-27.3161754817207,600.724164149568,810.885056879492,8642.31736277471,-10.5178430276013,4.56777304447453,-0.725025955629622,-0.295307395063014,4.6047916883658,-0.431427116139881,13.2291849807312,-0.32339149436517,-100.043111134257,0.717239500638475,10.1255791063431,1173.72565357775,3.66725726486824,1.27068328299136,0.906547609623998,0.700773586084783,0.725324028747005,0.734274815123425,0.717978189771898,0.0125510866532861,0.00863787007415895,0.00603852116606603,0.00601715701489429,0.0059564725549422,0.00568724497448182,4999.91469638579,43.0917560670766,17.3232166618681,18.8035251500684,125.328877928741,120.44027611137,2599.73964863259,708.814185511886,38.4404220110085,0.426708742936355,0.373664923270148,0.0562341817711791,0.441017826238437,0.356666466912037,1.68145556474004,0.219470218028249,1.01904571221579,0.569879869356106,0.950996460855267,1.1454334843466,0.0750016948112503,0.151890295843922,0.103992646268278,0.0779315337875652,0.0679917785674673,0.0636231812365267,0.0538576072784931,0.0211381720660337,0.00675460183530533,0.00305577085830347,0.00210837871986219,0.00152722797069759,0.00100143026653445,1.74078335874387,0.0394033531635384
-9.63,21.59,1.25328,0.2,0,0,0,0,0,0,0,0,0,0,0,0,0,0,0,0,0,0,0,1,150.000015727529,154.223330903031,-9.21311604832829,620.34598479325,112.491112384127,3881.15248411624,-44.0833079887513,0.924365055723363,-0.371550863316321,-0.0148600913550672,0.994482960108321,-0.0592247692608062,-1.77778227203416,-0.928547655452557,-101.082445578586,0.0583099104853661,1.41775345859806,1173.73544422456,18.4898343922509,1.54033611082179,0.946437673159047,0.492590761379023,0.343994021456098,0.164351217893969,0.0608073674190189,0.0660989786730549,0.0097041099965212,0.00613787074263097,0.00603526455577544,0.00585726080616602,0.00624346130611394,4999.96927403396,43.0935912925741,17.3232166618681,35.695090427288,115.204196726847,117.505797750452,2377.78442333366,892.718609359171,16.9158565021669,0.370956556447623,0.418124097894468,0.0099968245563084,0.451322497829558,0.329766133523576,2.20627506589952,0.484432092721244,1.39625149126355,0.524130988174065,0.926989268986589,1.01376096019467,0.00675336863226081,0.315167923555968,0.179336586590579,0.0788593341881437,0.0518576638068404,0.0683869081911198,0.0569890285831647,0.0860632076222528,0.0129542315171913,0.00270095580521568,0.000833993651056739,0.000582068950932555,0.000872013636401597,3.67196495762169,0.0118443562160566
10.41,12.394,1.24944,0.2,0,0,0,0,0,0,0,0,0,0,0,0,0,0,0,0,0,0,0,1,150.000015727529,242.349651078013,-29.2087998115821,601.846359754192,883.137557441933,8446.57410686387,-5.14072718758462,4.45591875846266,-0.691006936777419,-0.279935944172482,4.4880012498698,-0.436460808166858,12.7829349026143,-0.364277654897407,-100.124353713155,0.723871057076346,9.85300020831164,1173.77898135611,3.26088709509426,1.37040821789397,0.998773804811998,0.77489567753359,0.792950546818039,0.800143130923863,0.77796613894386,0.0174888974898448,0.00932003262174774,0.00605306024653681,0.00601268337673159,0.00606169388605354,0.0056894275596292,5000.01926882616,43.0910311425895,17.3232166618681,15.760167555856,125.013696872281,120.402600052937,2575.66106444095,625.938013564689,37.6397529647838,0.382915777651072,0.351564717468267,0.0483513172709929,0.390663850865981,0.342994820974433,1.5932519588589,0.196496331185361,0.949164721324655,0.545983656722723,0.86682479210524,1.12846680822104,0.0800156622761302,0.267325308882114,0.172079891784162,0.123883418663903,0.105926039606076,0.0960198657339788,0.0833407973085078,0.0409114912509828,0.0117813884002095,0.00520714537429431,0.00337024712499362,0.00224787836922886,0.00135303784006689,1.7373781512178,0.0383598527222332
-2.19,23.746,1.20528,0.2,0,0,0,0,0,0,0,0,0,0,0,0,0,0,0,0,0,0,0,1,150.000015727529,148.275104676596,-8.89168571502968,620.700385376524,89.393511030101,3432.69336527445,-44.7270992604938,0.569639634329758,-0.252006886116029,-0.0110191690448912,0.62228060813457,-0.0276312113009062,-3.23134676398292,-1.22106542415373,-101.026305593167,0.00134756759712528,0.521361148849078,1173.72950734299,21.3220560358298,1.60249536506614,0.97327435683783,0.482184845328611,0.299522386209769,0.106101867705989,-0.0242341821862306,0.0479222310866576,0.00944701645553588,0.00612363576710759,0.00601382855952505,0.005941728361629,0.00635302520570773,4999.95333819394,43.0935423393401,17.3232166618681,50.7396690992772,114.243957812954,117.142966039621,2363.91134448822,1383.02854940659,14.5509456533845,0.548151947780025,0.501848760152122,0.00793687295431792,0.663213421801197,0.335361019203305,2.87284582601057,0.644061962391435,1.69695350982864,0.532635091653543,1.36245470033744,1.22697674564239,0.00710203794639554,0.195498098361315,0.157382569756606,0.114023308237192,0.108829942427697,0.0967220018366428,0.0969577015812653,0.0534868812626998,0.0103588679472513,0.00272207317122595,0.000969434028173192,0.000921836749351484,0.00117739174785042,4.84614425246681,0.0164836568020741
7.71,6.454,1.3928,0.2,0,0,0,0,0,0,0,0,0,0,0,0,0,0,0,0,0,0,0,1,150.000015727529,119.557952296636,-12.7740135027601,279.798375169253,402.655835058848,4369.34725549422,-8.21249442169566,2.5295950421831,-0.235077561479013,-0.0914791438391833,2.5295950421831,-0.235077561479013,2.59726711800854,-0.137908589456307,-45.9472804916154,0.400117884695344,5.73083730861369,792.014154775542,8.93838932402875e-18,1.00326404541194,0.782655494219352,0.650403030934277,0.702483678783459,0.775025528590771,0.812336725341111,0.012272349911728,0.00830361950838455,0.00600511259243828,0.00599642610144777,0.00632137704405791,0.00630316779502136,922.182783043432,11.7783918341841,17.3232166618681,2.59480922833918,122.115431529954,120.633827204933,2513.33131803249,222.04870201766,20.9700327469522,0.178017693269754,0.328494725523595,0.0130231313733262,0.178017693269754,0.328494725523595,0.517664677873255,0.198576768516496,0.466448493677233,0.523537754385463,0.419187034612342,0.149988321074367,1.2807136862108e-15,0.136313122193474,0.0980463942864338,0.0770205923910665,0.0778160321370119,0.0815842956401425,0.0689372521683704,0.0154494755352574,0.00547252529221405,0.00269744717401332,0.00213349530445881,0.00178941982768102,0.00113239178956361,0.666869555357295,0.00770666594443834
-9.33,13.802,1.1208,0.2,0,0,0,0,0,0,0,0,0,0,0,0,0,0,0,0,0,0,0,1,150.000015727529,211.690146859702,-22.0208918258515,609.304843245495,622.165859218832,7135.20602020623,-10.4532654487033,3.54762191438392,-0.702893406936778,-0.180725690032288,3.60145234871368,-0.330484496007707,9.17830507238829,-0.252201568876263,-100.601263410062,0.541590155285907,7.76904707842933,1173.60577023227,5.96393927715861,1.43884439120925,0.991610936360798,0.727582335173418,0.720253629830227,0.69634780752005,0.658009613581917,0.0170140230248932,0.00889727481251952,0.00604299713665242,0.00600602099302156,0.00590184699510468,0.00573509071971669,4999.991459223,43.0934652640345,17.3232166618681,23.8136768910679,124.66708359485,119.290845417823,2602.35911202985,825.319860751731,31.0266152672651,0.479984720411018,0.409159069114713,0.0510744181138879,0.51183978760138,0.368542405969823,1.60585335580763,0.249565403175883,1.20297768469691,0.590531030066858,1.09229441013327,0.488710071805989,0.00607962442802018,0.182130109605877,0.0665166536099561,0.0249040595838255,0.0268329364541051,0.0378378808982429,0.0492949347704989,0.0338900971918939,0.00662006656470064,0.00229174708624021,0.00157890832288793,0.00124277028357331,0.000890226039763634,1.53559501416544,0.00620492634890854
-8.85,4.43,1.41584,0.2,0,0,0,0,0,0,0,0,0,0,0,0,0,0,0,0,0,0,0,1,150.000015727529,75.0733506926361,2.47586503957921,224.363899593792,-10.5538459014686,2704.02124778669,-14.6722799822206,1.59031996667014,-0.108927166793043,-0.0374217456514946,1.59031996667014,-0.108927166793043,0.739459464159984,-0.0662388753194459,-36.6527267992918,0.191545350880117,3.64824799500052,706.776387876257,-1.85821236850329e-18,0.565067253411102,0.443178221018646,0.389820289553171,0.4541929382356,0.531388230392667,0.626830475992083,0.0121427444016248,0.00862914727632538,0.00610942953858973,0.00596453452765337,0.00625400562441413,0.00613056827413811,248.001312363296,3.54955348401208,17.3232166618681,4.00043902419131,123.727298774832,118.847112742152,2564.27633010962,156.206007695451,12.5867759026029,0.174963735844504,0.345786248920673,0.00860585132423768,0.174963735844504,0.345786248920673,0.282396305267083,0.054697043204099,0.393460556631071,0.553476867783098,0.343185763369598,0.0833148718396751,9.90913763373673e-16,0.0333780695911634,0.0136958647804691,0.0156249424918776,0.0261197239114356,0.0361501019910306,0.045928498440879,0.0032868847736237,0.00097257168961081,0.000561069084110012,0.000582061140188118,0.000606188836751137,0.000589169115638738,0.30965765105437,0.00416864268927097
-7.47,16.31,1.21168,0.2,0,0,0,0,0,0,0,0,0,0,0,0,0,0,0,0,0,0,0,1,150.000015727529,177.330684303718,-12.5415242058119,617.137860639517,272.452753805854,5429.08530361421,-27.9143203952713,2.22843568378294,-0.638502032079992,-0.0742667107592958,2.31097385688991,-0.181674865034892,3.74636123879804,-0.35161123617644,-101.022562233101,0.280391134829706,4.6506370169774,1173.61233204874,11.4934798458497,1.44839683366316,0.891479095927506,0.5616324028747,0.502997760649932,0.416474950525987,0.351205030725966,0.0189152959719821,0.00881841225539006,0.00605946999270909,0.00599298562649724,0.00585340527028434,0.00522922237266951,4999.99041766483,43.0933559004271,17.3232166618681,32.1441762163137,121.361246519975,118.662325427229,2516.58588329706,964.562273301575,21.8427630885327,0.481249913261327,0.431726738584945,0.0326549231796259,0.540675081344886,0.354492648499674,1.64282505597289,0.351817753216616,1.35533419037925,0.566178706083223,1.14204141033375,0.568175065215057,0.00530760411826608,0.199202832158514,0.0866607613860846,0.0440203626999598,0.0427690958104461,0.0530709483513987,0.062223061965112,0.0363044241949115,0.00700817704659041,0.00198860916510408,0.00114928436800619,0.000956761089676025,0.000415333371902714,2.12267319732015,0.00808466197139715
-14.61,24.802,1.21104,0.2,0,0,0,0,0,0,0,0,0,0,0,0,0,0,0,0,0,0,0,1,150.000015727529,148.50560358296,-8.27595889282367,620.712946568066,74.5236518591813,3447.67638787626,-47.5122185189043,0.585309851057182,-0.257586128107073,-0.00625241999791689,0.638950192063014,-0.0261125869013645,-3.17278020198937,-1.22120934694303,-101.048387667952,-0.000567380338506398,0.566097580022914,1173.64097489845,21.4140047911677,1.49412271638371,1.00307063847516,0.504521935215082,0.311187678366837,0.0901586129955212,-0.0160262174005833,0.134372169282262,0.0123026167851474,0.00631141368199147,0.00605854421414436,0.0063262326840954,0.00645563482970524,4999.96614935944,43.0929851057189,17.3232166618681,30.3807044001055,111.216963652285,117.396829990183,2284.66413080101,536.479785027779,22.317107823338,0.202239421590086,0.354872919339068,0.00337557876302686,0.265660679130399,0.310256141575663,3.27781148077725,0.583417170461812,1.27571881049387,0.493301670645064,0.555434757924769,1.15539677866121,0.00591005304902864,0.424674916214788,0.327307686040117,0.161847310720772,0.079228648498843,0.057732845503899,0.0539937928911981,0.167948865563821,0.0259521325409387,0.00501995161392464,0.00114051377665402,0.000822915634610137,0.00123126119841409,4.64444110539028,0.0142895899977548
-1.53,5.222,1.30064,0.2,0,0,0,0,0,0,0,0,0,0,0,0,0,0,0,0,0,0,0,1,150.000015727529,87.0326653473596,-10.4742728778252,244.311425893136,287.075954549724,3136.6376419123,-11.780250308822,1.82353577752317,-0.166305151827206,-0.0483426143110093,1.82353577752317,-0.166305151827206,1.13641906380585,-0.0798474704541194,-39.3712269555256,0.284155583178835,4.14583282991355,732.727507551304,-2.93109181335278e-17,0.7685377564837,0.602329517758567,0.513023945422352,0.571773179877097,0.649539329236538,0.719724934902615,0.012098013123633,0.00839098750130196,0.00598465378606395,0.00597983876679513,0.00615552171648786,0.00616278918862619,438.607499218828,6.05527747109679,17.3232166618681,2.30560760009159,122.562323572289,119.936227714886,2534.55239913885,135.481447975134,14.7772813335884,0.150527954892806,0.337513522253575,0.00842328238908874,0.150527954892806,0.337513522253575,0.340780616514194,0.0584403151937544,0.417177613361491,0.539297988572927,0.309651483306234,0.10146081740755,1.11365078467469e-15,0.0499644389825515,0.0396260596791367,0.0345597865796654,0.0369765814173568,0.0446594545436166,0.0380027265888366,0.00560939402043522,0.00211823645994975,0.00110423502853714,0.000932817002887569,0.000895495885769101,0.00066650959477635,0.412398984631918,0.00519345358157571
1.71,20.182,1.18416,0.2,0,0,0,0,0,0,0,0,0,0,0,0,0,0,0,0,0,0,0,1,150.000015727529,154.701872721591,-9.78942117341943,619.706572232059,150.552133256952,4101.03176752422,-37.9687242995522,1.16426180606187,-0.445476163732944,-0.0262707974065202,1.24366487761691,-0.0851900710460369,-0.71234416103531,-0.78250959983335,-101.094249557338,0.106069591980002,2.05240854880742,1173.7375273409,17.0194615144252,1.54792209144881,0.942544984897407,0.515004437037809,0.3845622435163,0.224746355072388,0.127698923946881,0.0321366733236121,0.00921696967857515,0.00611224778668889,0.00602680762420582,0.00567064201645662,0.00588785897302365,4999.9604207895,43.093469430268,17.3232166618681,49.6298627740569,119.210646488511,117.794469635008,2474.0682474658,1452.15024931819,17.2399722130758,0.623385665412762,0.506732519720974,0.0219878283961442,0.721267533302056,0.353785718542798,2.20692934404674,0.51722299786717,1.65879997469496,0.56281865598407,1.49012043057065,0.827431322620452,0.00666861452986601,0.219360277693172,0.177218308197892,0.133827011322368,0.120082447763017,0.123504269267952,0.0976794724218002,0.0447957740309478,0.010584390666334,0.00333625589854473,0.00148935110617573,0.000985145991328325,0.000855348216070111,3.13596343350028,0.0112838992862601
-2.67,24.978,1.30832,0.2,0,0,0,0,0,0,0,0,0,0,0,0,0,0,0,0,0,0,0,1,150.000015727529,148.805354650557,-9.64059938443912,620.832225809811,94.4007912279971,3168.83050723883,-52.9900395792105,0.286779900614519,-0.126724823664202,-0.00987251484220394,0.313495987163837,-0.00477766160816582,-4.50116252786168,-1.45193732538277,-100.957510675971,-0.0428938953858973,-0.265905539735444,1173.66618060619,22.9679450057288,1.59142360170815,0.954974440162482,0.448757577335693,0.249789911467555,0.0468400065597334,-0.0869798877524217,0.0487347833913134,0.00945297752007083,0.00613162347672118,0.00604982043537132,0.00620145380689511,0.00638149171961254,4999.95750442662,43.0936485782735,17.3232166618681,53.513025833492,112.027785548902,116.822908538119,2317.68041339042,1486.65209890638,14.3809362952348,0.609266131718556,0.532939720767659,0.00545083269468351,0.738582842128984,0.3312509228409,5.06021767779543,0.855570048991581,1.86337031973081,0.527101031384669,1.55668116442854,1.37322267111398,0.00706631506857703,0.205787535613153,0.16307050409882,0.114392713815559,0.109359928874139,0.0917752240688665,0.113853812394588,0.055918088548028,0.0105164830187797,0.00252873187796003,0.000774689297425008,0.00103116070844559,0.00162637561959073,5.25133576068646,0.0171746248839835
5.67,16.662,1.36976,0.2,0,0,0,0,0,0,0,0,0,0,0,0,0,0,0,0,0,0,0,1,150.000015727529,171.82773356942,-11.404361539423,618.393250703052,226.060897864806,5035.05051557129,-40.4345293198625,1.87218811582127,-0.581090091172795,-0.0569624000624935,1.95459929174044,-0.149375264418081,2.20756395624414,-0.448982898208521,-101.068043953755,0.220555132017498,3.75569814602646,1173.66451411311,12.8735110925944,1.4035068326216,0.833529580252057,0.495930767628373,0.427481522758046,0.325381095719196,0.254793789188626,0.0195841614236017,0.0089224521280075,0.00610968846995105,0.00602873190292678,0.0056753976669097,0.00552834725549421,4999.98239766691,43.0932600770753,17.3232166618681,45.7739926879,122.480671862929,119.058635266517,2545.29167560814,1424.18838350786,21.4797398674503,0.676420078588835,0.487182942311288,0.0368863586517376,0.749584268379201,0.36471484542727,1.95799287007936,0.457599286275194,1.55666291929815,0.582067870376015,1.58302300575799,0.633146898958043,0.00482982345949301,0.26696959092044,0.190081757179424,0.136296517315818,0.114303777187761,0.108811699221098,0.0993068852514713,0.037838609530506,0.0102845617458025,0.00336562938837865,0.00169515471509726,0.000984313377738288,0.000537662834855074,2.19103346062864,0.00798931309327634
-6.51,12.042,1.39408,0.2,0,0,0,0,0,0,0,0,0,0,0,0,0,0,0,0,0,0,0,1,150.000015727529,245.750088532444,-26.3701532881991,601.176898239767,777.798177679408,8562.65420268722,-12.5747583904802,4.51069388605354,-0.732693396521196,-0.28940310384335,4.55028174148526,-0.422061085400479,13.0007903343402,-0.30396507110301,-100.070141651911,0.701468495398397,9.99780949901052,1173.67222164358,3.92727507551297,1.26098458493907,0.8934377564837,0.687235423393397,0.711278481408187,0.718166555567129,0.701589449015728,0.0127959827610665,0.00855946104822414,0.00602710453556921,0.00600754376627434,0.00591907842933027,0.00568323049682324,4999.92792417457,43.093585043225,17.3232166618681,21.7112566867799,125.708059720779,119.997902236885,2631.02790806794,809.228157075265,38.2682482357961,0.498551373285967,0.401728491298505,0.0662346452862736,0.519671615751364,0.373990872428533,1.72017864572934,0.253715407766588,1.13064204692112,0.600055981945052,1.11561247222535,0.727830789081978,0.0407691475024953,0.109959646821085,0.0440759057187081,0.0277956683572727,0.0304838913988788,0.035980802622997,0.0422263131347836,0.0188030099836516,0.00444724672256384,0.00189777616690044,0.00149569308099294,0.00125741726160638,0.000957986618888723,1.58791410375891,0.0220954435635848
12.21,23.878,1.21744,0.2,0,0,0,0,0,0,0,0,0,0,0,0,0,0,0,0,0,0,0,1,150.000015727529,144.31719820852,-9.49823936464951,619.758202270597,138.371185105718,3370.50064107905,-49.0555359858347,0.576335563598584,-0.26298447018019,-0.0248009415685866,0.632312999707323,-0.0388649330778044,-3.16433840611395,-1.21000160807208,-101.008143943339,0.0203637309967712,0.559989607655453,1173.68451203,21.0104353713155,1.45800176023331,0.974483564212061,0.5025929203208,0.313571593714092,0.128103044314134,-0.0135694585074471,0.131470518493907,0.0139136619818977,0.00632568673658994,0.0061093421414436,0.00590258108530361,0.00618792917404437,4999.99427143006,43.0932434121449,17.3232166618681,81.0982291712443,118.336769748548,116.843090811893,2468.19169633495,2512.42680895669,29.1654774771579,1.03288018423599,0.726555977317326,0.0200336167376659,1.20620612659392,0.373891523466694,2.86776839944253,0.951032372040768,2.44106833094886,0.595105026289584,2.49726874358027,0.838611634070233,0.005425443030117,0.454490320237527,0.428364466336109,0.314085305406286,0.250059567812084,0.196406567594428,0.16251138268473,0.155339665647491,0.0302188197452111,0.0086880532046139,0.00312907648469776,0.00154527955821394,0.000923295355858475,3.1815661258886,0.0109734535063519
9.93,10.766,1.21552,0.2,0,0,0,0,0,0,0,0,0,0,0,0,0,0,0,0,0,0,0,1,150.000015727529,241.594896364962,-27.7091465243204,559.516237891886,946.36852274763,8668.87251327987,0.971415971252995,4.82134725549421,-0.479994254765129,-0.325965253619414,4.82134725549421,-0.479994254765129,13.4552342464327,-0.566634293063222,-93.5889355275494,0.804903031975836,10.756826893032,1136.32954900531,-2.06343426320175e-17,1.33727839808353,1.03499883345485,0.845552838246016,0.882516342047703,0.926191365482762,0.923841641495676,0.0161505154243308,0.00967387889767732,0.00621280422185188,0.00612601868789709,0.00651355628580356,0.00606606634725549,3709.29642745547,33.022238308509,17.3232166618681,9.9326942778313,122.928457331576,121.885277600202,2520.38831496663,519.769950710995,39.843041270373,0.348657962504411,0.328192914547427,0.0469753059780342,0.348657962504411,0.328192914547427,1.47907979973261,0.216471084703305,0.79627212953887,0.522572210732964,0.809367929331806,0.474485131835135,1.3891798198848e-15,0.226159786977722,0.148237195880079,0.114486058969876,0.10793977926851,0.0975542199957489,0.0874734478473622,0.0330750198538266,0.0104647389786574,0.00527589019411144,0.00387369291293221,0.00288085871686767,0.00182841869312486,1.62379338092305,0.00649197220716197
7.65,22.69,1.13296,0.2,0,0,0,0,0,0,0,0,0,0,0,0,0,0,0,0,0,0,0,1,150.000015727529,146.781600874909,-8.9190922633059,620.034808874076,120.244373471513,3635.4238620977,-40.3370603062181,0.816863150940527,-0.350497898210603,-0.0210398821685241,0.887234890605145,-0.0541589161962296,-2.11958281565358,-1.03644598557442,-101.055999375065,0.0507235864597438,1.20223558551193,1173.69555254661,19.7305009894809,1.50985811894594,0.986851244662013,0.520234465159879,0.349529292782002,0.172702566897615,0.0432006298792834,0.090300919372982,0.0104525670527028,0.00620066490917613,0.00609207332569524,0.00578183480887408,0.00611310342672639,4999.9871888345,43.0935183835018,17.3232166618681,63.9087105272814,118.235825980323,117.380499084385,2460.65783006204,1906.83989279064,21.4403675522902,0.78288421532734,0.596233478430104,0.0196802269466216,0.915976873181966,0.359709594033312,2.88725836223906,0.718808179640872,1.98320516662203,0.571616385239996,1.88532010172855,0.830856742423907,0.00510810467745367,0.334085823621345,0.313156326162155,0.231907845940805,0.19364541511105,0.158891787673242,0.132110701962481,0.103350090286205,0.0199953644041643,0.00596142655338544,0.00231173944705737,0.00116277444296349,0.000942143568118804,3.09814165109918,0.0100319749494636
8.67,8.654,1.2456,0.2,0,0,0,0,0,0,0,0,0,0,0,0,0,0,0,0,0,0,0,1,150.000015727529,168.41741485262,-23.9270280699927,380.987063847516,749.979713363191,6112.86376419123,-3.00190757868972,3.46246963857932,-0.353318371245704,-0.16947161753984,3.46246963857932,-0.353318371245704,5.7839677116967,-0.273006508488699,-62.7849411519632,0.594297522503906,7.76922091448807,927.385720237476,-7.90601078012708e-18,1.3036126445162,1.00558392875742,0.822751932090407,0.863307197166962,0.915337277366941,0.920540901989374,0.0135446928465785,0.00872059757639829,0.00597087733540257,0.00597233928757421,0.00645272888240808,0.0063587959587543,2016.60826997188,21.9965482762211,17.3232166618681,5.49262922997572,123.09967773143,120.363278008931,2532.62742508838,339.927330439225,28.6950015973505,0.247957041684233,0.331883981860525,0.0243987372790146,0.247957041684233,0.331883981860525,0.879566648980635,0.362472973834252,0.610959575837372,0.52896793160653,0.574194435386834,0.215540078581166,1.41035187067834e-15,0.203424430221478,0.133582222623609,0.104477301854408,0.100557919893978,0.0919820831786178,0.083323320419984,0.0283703424325715,0.00936638969370765,0.00472543727381742,0.00351198648002423,0.00264332984737214,0.00166963429776064,0.834896660536033,0.00555099347312738
-1.59,9.138,1.29616,0.2,0,0,0,0,0,0,0,0,0,0,0,0,0,0,0,0,0,0,0,1,150.000015727529,196.932809082387,-19.6777476575356,435.362837204458,700.707577756484,7156.16800333299,-2.54347728163733,4.0465792104989,-0.389509593845433,-0.231442849703156,4.0465792104989,-0.389509593845433,8.33981001978961,-0.368463850453078,-72.624933861056,0.657009259852098,9.08159337569003,998.681106134777,-2.57224650973857e-17,1.27115383814186,0.985931205082802,0.806068607436726,0.848695917091969,0.903411967503385,0.906778481408186,0.0129404760109676,0.00874471573377773,0.00611446699166753,0.00607879565305697,0.00649881678991771,0.00623509155296324,2518.38568899073,25.5089178210605,17.3232166618681,8.93633468591294,125.115307534468,119.787931301319,2605.51212383182,457.192853410287,33.8469917442997,0.3427673369689,0.356936436358058,0.0399653736476342,0.3427673369689,0.356936436358058,1.07235019260055,0.191024108434764,0.728633222704915,0.571867268462104,0.748049605817987,0.232686451414209,1.272987417932e-15,0.0900155656568771,0.0573133722497758,0.0471481717548091,0.0502380969110574,0.0495607552182734,0.0455952686396148,0.0152122670458263,0.00499741947926608,0.00258451324116224,0.00216071307371117,0.0018829455164049,0.00131713104703165,0.926057597387917,0.00599180135004459
3.09,11.954,1.25008,0.2,0,0,0,0,0,0,0,0,0,0,0,0,0,0,0,0,0,0,0,1,150.000015727529,257.610873867305,-34.0428571104364,597.708155400479,1058.0884693959,9078.02239350068,-2.27636186618061,4.88684543276742,-0.658593615248412,-0.338215915008853,4.90668701176961,-0.495713153686073,14.4279170919696,-0.48352551097896,-99.8488865743151,0.824423049901052,10.8312256014998,1173.87490886366,1.99573114258931,1.40092521612332,1.04297253411103,0.828510915529633,0.852816685761899,0.870442610144778,0.850751067597125,0.0150756210339652,0.00919407247515884,0.0060330854800125,0.00601118936287886,0.00626697974481825,0.00575637433496511,4988.53973544422,42.9903989167794,17.3232166618681,23.1295651006821,125.602619269117,120.922979176241,2609.9130389076,925.327374510941,41.9086331811372,0.585189696863176,0.365322020534426,0.080639161100151,0.583278219997966,0.359765249787952,2.2309358680366,0.498769320230494,2.15095071512672,0.575728358810854,1.30291019849745,10.8844727208516,1.06970762909527,0.175577105659563,0.135121375509224,0.115439738489419,0.108075917707059,0.104299533874692,0.0964318026355269,0.0250654313320172,0.00828768498212442,0.00409185172429831,0.0029150154586367,0.00218131373073255,0.0014862265471499,38.3941172399932,0.386621608206474
-12.81,20.05,1.38576,0.2,0,0,0,0,0,0,0,0,0,0,0,0,0,0,0,0,0,0,0,1,150.000015727529,160.16248307468,-9.89925069367774,619.949224039163,142.265836518071,4181.81085303614,-49.2608165816061,1.1210255702531,-0.420277865395271,-0.0201524164149568,1.19457031559212,-0.0796488800749921,-1.02551242991563,-0.778481583272575,-101.102065409853,0.0928190418081451,1.86958237051349,1173.68784501614,16.7367701281118,1.47550942610145,0.887582574731798,0.470135631705031,0.348622935110926,0.194981170711384,0.101006865930632,0.0638227731131132,0.0096282581119675,0.00617202135194251,0.00603266316008749,0.00562848317883554,0.00580730163524633,4999.97281533174,43.0935579627126,17.3232166618681,31.6001734343927,116.083026867927,117.59815373618,2396.17008007966,809.574828903851,20.0150095974819,0.368655846071874,0.411725973543419,0.0121634299016439,0.441483903104059,0.332437599856154,2.73186799885625,0.487425312821771,1.36636997578296,0.529525033703984,0.928793015249646,1.0455994848144,0.00643834276637467,0.376544491533003,0.201633271822146,0.0832491505589758,0.0385447484124088,0.047330228190521,0.0495153630958526,0.0895848695590168,0.0136618675124555,0.00269474238214093,0.000808519105542382,0.000389645097804478,0.00110095523762626,3.90997528766678,0.0121460727267031
-6.09,14.286,1.21872,0.2,0,0,0,0,0,0,0,0,0,0,0,0,0,0,0,0,0,0,0,1,150.000015727529,199.946463910009,-17.2338097416936,612.457733569419,443.542213238204,6550.17696073326,-18.9707598332465,3.08663253827727,-0.707508967815853,-0.138216803457973,3.15527330486408,-0.268488766961775,7.29864784918238,-0.228453171840433,-100.788795958754,0.43435666687845,6.69137610665556,1173.58212686179,8.04648526195188,1.38916456619102,0.902359806270179,0.627965670242683,0.608290042703884,0.563649296948235,0.520552296635767,0.0148754458086762,0.00868078004374544,0.00604232779114675,0.00601224455785855,0.00607504437037808,0.00604709988542859,4999.96844078742,43.0934913029889,17.3232166618681,27.3792670617479,123.680171698099,119.198847427088,2572.04899225895,887.509129550679,27.3872729409887,0.479150228876933,0.415408656159544,0.0445237378742112,0.520597085971167,0.362122947352797,1.61063148318376,0.272948473658729,1.24634818575456,0.579166140202622,1.1035265003463,0.493234749033764,0.00513584385883294,0.146216613705423,0.0644114364839101,0.0407440393453856,0.0417840935246328,0.0485034454722832,0.0533798154266697,0.0257261965645619,0.00565691654984945,0.0020307576635265,0.00135585806494211,0.000979013046128292,0.000649267018709838,1.62914335741815,0.00641589435665771
-4.53,11.69,1.13936,0.2,0,0,0,0,0,0,0,0,0,0,0,0,0,0,0,0,0,0,0,1,150.000015727529,259.379897927299,-39.5005199864597,574.165378606395,1270.9419843558,9248.97614831788,2.48290849067805,5.08632257056556,-0.547113701697739,-0.362952359129257,5.08632257056556,-0.547113701697739,14.7149261535257,-0.629587070409332,-96.2650015623371,0.911207908551193,11.2852575773357,1153.38923028851,-2.94076715862931e-17,1.518816060827,1.17709040724925,0.95813842308093,0.985088428288722,1.0120415685866,0.99082746588897,0.0166297110697844,0.0100820899822935,0.0060207486626393,0.00599803957712738,0.00669997190126029,0.00617494102801791,4562.11582126862,40.0107822101864,17.3232166618681,14.103415884621,125.51723530184,121.288200568182,2636.2213333379,647.242264465327,43.4382152592806,0.454403609598954,0.37139617281155,0.0660105361453333,0.454403609598954,0.37139617281155,1.66201634012985,0.314755500299734,0.984980098412346,0.596415040312952,0.988297913292262,0.654029689361146,1.36976364646469e-15,0.107855635169685,0.0500880885774708,0.0396683270954894,0.0418288765940853,0.0406586302595272,0.0466992513181033,0.0234048432253275,0.00624024223349226,0.00332556852032021,0.00281898503306233,0.00236097004399957,0.00185629072140849,6.97348554906738,0.0527026106262574
-10.59,15.298,1.16432,0.2,0,0,0,0,0,0,0,0,0,0,0,0,0,0,0,0,0,0,0,1,150.000015727529,189.750255181752,-15.4931426518071,614.46479533382,380.280085095303,6085.65763982918,-20.3215228611603,2.75138933444433,-0.686754286011873,-0.110745393188209,2.82604124570357,-0.235131459677117,5.92961941464431,-0.258913993404854,-100.898111655036,0.375698601739402,5.90627195083845,1173.57441933132,9.25872023747526,1.43739600041662,0.925220081241537,0.622933673575669,0.586325184876576,0.525425122383084,0.472289532340381,0.0208664315114051,0.00891382737799188,0.00606100223820435,0.00601188709509426,0.00617185959795854,0.00597163816269138,4999.99583376732,43.0935017185708,17.3232166618681,27.9981631128775,122.604938601319,118.805180776144,2547.76253993975,879.181668611862,25.6306754478214,0.46802550396451,0.421616663783353,0.0394271881813763,0.517120721486077,0.359716004809031,1.6087983118439,0.299326104057144,1.28964645770273,0.5754591868326,1.09611882277388,0.503019775515437,0.00521105153594416,0.237536175842758,0.0938769914393391,0.03319912044413,0.0253391120813771,0.0379367566106205,0.0511379389066965,0.0437531233738237,0.0077831758115884,0.00217016150605546,0.00124732717213027,0.00088281031210573,0.000766601108178253,1.83801957933814,0.00724476982067354
6.99,3.55,1.30896,0.2,0,0,0,0,0,0,0,0,0,0,0,0,0,0,0,0,0,0,0,1,150.000015727529,57.244921362358,-2.0010801593584,208.573843349651,55.6375954588064,2012.54025622331,-15.4472497656494,1.18500135402562,-0.087770667590876,-0.0210762847620039,1.18500135402562,-0.087770667590876,0.137396349885428,-0.0425870284653681,-34.2926101447766,0.153662992224768,2.72423060097907,683.527215915014,-3.41821659202166e-18,0.350961004062077,0.281148005416102,0.267676835746276,0.340125007811686,0.416673763149673,0.529299562545569,0.0120466178523071,0.00827073575669201,0.00600165847307572,0.00599891157171128,0.00573024705759817,0.00624659504218311,88.1552473700657,1.30465753567336,17.3232166618681,3.24226203132211,122.072738584308,120.061347615318,2515.45667303209,63.0686453819118,9.97020379933725,0.0443237109494804,0.327489996992491,0.00200711319897147,0.0443237109494804,0.327489996992491,0.179247752517498,0.0483864205123278,0.357122905689211,0.521756881705081,0.130951803096849,0.0558256973088642,1.00164503399069e-15,0.0509198130846441,0.0396290676465096,0.0322313614878655,0.0338448938258916,0.0396155050939358,0.0442758747774521,0.00208175185242953,0.000814089072894178,0.000415523248839793,0.000413354140679785,0.000760293466228349,0.00042982376009486,0.161902696310191,0.00235035408001893
-11.25,12.922,1.10032,0.2,0,0,0,0,0,0,0,0,0,0,0,0,0,0,0,0,0,0,0,1,150.000015727529,237.529528174149,-30.8280743391313,602.644505780648,946.781467701281,8266.74627642954,-3.09627512060202,4.35342224768254,-0.662329809394854,-0.269044255806687,4.38137610665555,-0.441099929790126,12.3568882408082,-0.392982405738986,-100.178143943339,0.730063234800542,9.60540912404958,1173.74627642954,2.90192073742318,1.48342974690136,1.09327887720029,0.850372877825227,0.863400760337463,0.87008014790126,0.840703885011978,0.0200139351484741,0.00941547536923238,0.00602690722872618,0.00599041325903552,0.0061264052903135,0.00564136970107281,5000.043849599,43.0932163316328,17.3232166618681,20.5647628916011,126.293508057533,119.700688434685,2658.86217569452,809.39455111067,38.0461302732335,0.524593086771378,0.404574844073554,0.0671911157830995,0.541012606800016,0.382320245349278,1.71348534605768,0.26798806248604,1.16602655617049,0.61450217564736,1.17114228270952,0.883053968148072,0.0647078326991627,0.201601320386788,0.0675687459619031,0.0202568111934647,0.0258103139196361,0.0393300587392958,0.0577297826128777,0.0398798273272143,0.00735427682247603,0.00276308237157433,0.00211070163872074,0.00177842417739286,0.00137502423909832,1.64799560447755,0.028366793378585
12.57,18.774,1.10224,0.2,0,0,0,0,0,0,0,0,0,0,0,0,0,0,0,0,0,0,0,1,150.000015727529,159.292228934486,-11.4035313883971,618.240297885637,237.129679647953,4579.98708467868,-30.971621308822,1.6137568899073,-0.546352799030309,-0.0462740652015415,1.69844802624726,-0.134129708063743,1.20765141983127,-0.556249194988022,-101.092479950005,0.194033678780335,3.1796616185814,1173.69263618373,14.1886011873761,1.47120246849286,0.976387678366837,0.588491021768566,0.482272877825226,0.352410044787001,0.256432423705864,0.0974098308577232,0.0108016028079158,0.00622090829351109,0.00606674086032705,0.00584500604103739,0.00585216560774919,5000.00072909072,43.0935923341317,17.3232166618681,51.6410257167012,122.919713354004,118.545649513677,2562.24065745093,1601.33532697449,22.4552224155669,0.737740733967475,0.520713868699585,0.0346534249709041,0.823685886765568,0.370060357673325,2.04548822012681,0.502481399096427,1.66662512195275,0.589695278827645,1.73217166396473,0.634590532202792,0.00555384576277172,0.431018794385695,0.331384512228674,0.231637302714753,0.182478635147089,0.165229408547657,0.140557083794606,0.121448436848736,0.0232341148115537,0.00729805578255214,0.00328133599308366,0.00154046313455462,0.000817284769875969,2.3413180693158,0.00873570496458901
11.43,22.558,1.41904,0.2,0,0,0,0,0,0,0,0,0,0,0,0,0,0,0,0,0,0,0,1,150.000015727529,149.535287990834,-10.5441544037079,619.803301739402,154.747168555359,3455.35171861264,-58.9212165399439,0.557139903822518,-0.245588029528174,-0.0251451352984064,0.607632988361629,-0.0387329641256119,-3.35472037782523,-1.16593489816686,-100.996374336006,0.0171268530465577,0.452650330007291,1173.70763462139,20.141590459327,1.43916183730861,0.910174221435266,0.451972623164254,0.282958685482033,0.112274859414644,-0.0141475847203417,0.104047210272774,0.0112906421063431,0.00626400055043225,0.00609186282678888,0.00592969586501406,0.00625180012498698,4999.98323091345,43.0933725653582,17.3232166618681,82.169059660067,119.187989275666,116.820182797704,2482.90913433749,2559.81776826614,30.0851492600426,1.06040979964101,0.722825666280613,0.0197958531490164,1.22677153531381,0.376795045521861,3.23104294807464,0.983312558787887,2.4384683950398,0.600258756009448,2.53811599719293,0.850510286916781,0.00510324331179778,0.442891140151513,0.390290946974952,0.277411543543642,0.221939579492211,0.17182595282111,0.143220224709116,0.129125708313169,0.0246327498558897,0.00679946314635102,0.00244133441214241,0.001188169314443,0.000898573360216988,3.13631784131924,0.0103239019478431
14.31,13.362,1.3384,0.2,0,0,0,0,0,0,0,0,0,0,0,0,0,0,0,0,0,0,0,1,150.000015727529,217.051630038538,-20.5044088303302,608.561764399542,561.692517487762,7320.05218206437,-17.4687468976148,3.64368805332778,-0.728371930007291,-0.190020893656911,3.70145713988126,-0.325909889313613,9.5671358191855,-0.223531108475159,-100.557315904592,0.535044312196645,7.99423778773045,1173.64462035205,6.27253192375796,1.30749828142902,0.882870492657014,0.639694875533799,0.640337704405791,0.617797333611082,0.588529319862514,0.0211918677471097,0.00924186627309656,0.00609767875585876,0.00602901010311427,0.00607546443078846,0.00597541901885221,5000.00041662327,43.0937183626699,17.3232166618681,24.7220590536694,125.199125593357,120.303744198154,2585.63355580331,837.582117420484,31.8980822721879,0.454317612689593,0.375181165147966,0.0474041270495122,0.474505926444052,0.349286316315911,1.62635530522789,0.215803392704046,1.05326541501405,0.555400678159837,1.02457283162559,0.47865312783886,0.00503310359611116,0.356150489625647,0.223815939671644,0.152005324765517,0.123259359174316,0.111058944640026,0.0933164311163783,0.0543219191504828,0.0137744824335356,0.00521518222960156,0.00304606876262975,0.00185606202679286,0.00102502326992321,1.35600509822306,0.00556827371383647
1.53,10.326,1.37296,0.2,0,0,0,0,0,0,0,0,0,0,0,0,0,0,0,0,0,0,0,1,150.000015727529,258.404030830122,-28.8688998021039,556.558973023643,975.250922869492,9329.45297364858,-2.16785028247058,5.23351359233413,-0.511876505572336,-0.384805926465994,5.23351359233413,-0.511876505572336,15.0035715029685,-0.600187855515051,-93.6345016144152,0.860886282678889,11.7109696906572,1138.26393084054,9.98461389438599e-18,1.2529574002708,0.972172940318716,0.794970607228413,0.836238048119988,0.887152754921362,0.887851702947609,0.012760108589699,0.00878846098552234,0.00609846106061869,0.0060679135417144,0.00632457269461513,0.0058442594521404,3799.07874179773,33.7625872304967,17.3232166618681,11.6020639058624,124.250822706371,121.79631244823,2582.87226008421,559.356997384199,43.4794880431463,0.387879542684243,0.353034771271551,0.0574936135518402,0.387879542684243,0.353034771271551,1.56858709257604,0.246823826403072,0.874097227156932,0.565223438119555,0.850582892796905,0.680471592757388,1.27602735581642e-15,0.112800513249013,0.0767212089116434,0.0601712361769169,0.0586515799650624,0.054802345457745,0.0425479921366459,0.0166720810903844,0.00575280138783892,0.00295014348441013,0.00239610080625003,0.00203602140484894,0.00138484556685276,5.78786869956711,0.045322838699227
4.83,18.862,1.1848,0.2,0,0,0,0,0,0,0,0,0,0,0,0,0,0,0,0,0,0,0,1,150.000015727529,159.175840016665,-10.7185803207999,618.951630038538,194.873817612749,4423.06718050203,-35.6449972919487,1.43126102489324,-0.506235895749401,-0.0371492969898969,1.51394879700031,-0.112913111019686,0.397709149567753,-0.63191077008645,-101.09925945214,0.155302488928236,2.70670556139361,1173.72659098011,15.2131840433286,1.5193063222581,0.932758118945944,0.533426080616602,0.424903812102906,0.286783298614727,0.191130128706385,0.0380836021445683,0.00937536955275493,0.00611944409957296,0.00603324028747006,0.00577599958337673,0.00571962503905842,4999.98229351109,43.0934788042911,17.3232166618681,49.8677885426077,121.254899358787,118.160322363035,2520.19069047861,1509.61304201843,19.2382236226637,0.684241206111704,0.513270769405972,0.0287177983374661,0.774673742640289,0.362649624858527,3.15414747918269,0.530439831811219,1.66052969193018,0.578007408084492,1.62526273198816,0.825082150125741,0.00583241476789757,0.269696781147026,0.211441724617768,0.153487837652469,0.130660744718781,0.12849866354308,0.116477098963203,0.0512999137897601,0.0123883806845821,0.00403899440094118,0.00189878692395129,0.00100923744181345,0.00131914718205791,3.06208313313978,0.00969647668331831
14.79,16.838,1.14512,0.2,0,0,0,0,0,0,0,0,0,0,0,0,0,0,0,0,0,0,0,1,150.000015727529,173.053306947193,-13.2893176981564,617.097469013645,307.778786584731,5313.67961670659,-26.3670796022497,2.19475825434851,-0.631046392641079,-0.0746589396937819,2.27612311217582,-0.185673646086866,3.64873517175294,-0.36494326833559,-101.021951880013,0.287573568617853,4.59102635142173,1173.59629205291,11.3772888240809,1.42772794500573,0.945389074054785,0.607250140610353,0.538832621601916,0.447605353608999,0.376699093844391,0.0803367288226227,0.010237750907093,0.00623441829305281,0.00606873294448495,0.00572931850848869,0.00568939631288408,4999.98927195084,43.093381939381,17.3232166618681,41.9837091390622,124.113746250855,119.336888850298,2581.72782015728,1309.98816051031,24.0370708061914,0.622931635152515,0.456877520647446,0.0398917615278181,0.681329342817026,0.364103780152443,1.82023789760877,0.383002447361036,1.42627188201766,0.57952833165859,1.43049241712473,0.514905735414642,0.00494056435313748,0.456680021234821,0.315849964395655,0.217042320873697,0.169383777989915,0.149539019066661,0.123550944832366,0.10834291652423,0.0220210327745319,0.00716739972585178,0.0034645408365995,0.00179536694937742,0.000876322441313071,1.84164484369427,0.00658666920985671
1.29,23.614,1.27248,0.2,0.0185768395609681,0.0597359050844521,0.0993613101276537,0.138147331843475,0.179054841010613,0.226908612768798,0.0185768395609681,0.0597359050844521,0.0993613101276537,0.138147331843475,0.179054841010613,0.226908612768798,0.0185768395609681,0.0597359050844521,0.0993613101276537,0.138147331843475,0.179054841010613,0.226908612768798,0.25,1,150.000015727529,153.63880949901,-8.74078614831789,620.460358296012,49.4459847932507,3551.57783564212,-47.3348286636809,0.580498745552547,-0.241353720209561,-0.0138121391521717,0.628489921862307,-0.0151870793250703,-3.26451024174565,-1.18666623054369,-101.021632121654,-0.0207806073581919,0.495595841579002,1173.72679929174,21.1918352254974,1.57082626809707,0.95962764295386,0.491036558691803,0.307157768982398,0.104255672347672,-0.0244377238412665,0.053467805820227,0.0125705661755546,0.00684365878554317,0.00639886928444953,0.00847830371836267,0.00935201958129359,4999.9653161129,43.0935246328512,17.3232166618681,58.2257713830867,115.176015965012,117.132284126203,2385.68200926315,1675.2524084455,17.4398298740482,0.672745816219299,0.5548906413833,0.0102499320902633,0.801670868114827,0.343236511496125,3.11988624141896,0.725456809058835,1.87424053854304,0.545402166673214,1.65129163504766,1.1968010548191,0.00708918870781977,0.207572327308054,0.193429335482938,0.155477233940341,0.142523767868224,0.111192352773584,0.109489416438867,0.0561045511549573,0.0121845135417328,0.00401232423826086,0.0014849181343509,0.00164542991685675,0.00159007511150937,4.75639317858959,0.0161745892024427
-1.23,10.722,1.2296,0.2,0.020861940350542,0.0528712029175892,0.0832032469574589,0.11263748383908,0.156853511111967,0.220806137060909,0.020861940350542,0.0528712029175892,0.0832032469574589,0.11263748383908,0.156853511111967,0.220806137060909,0.020861940350542,0.0528712029175892,0.0832032469574589,0.11263748383908,0.156853511111967,0.220806137060909,0.25,1,150.000015727529,242.278877200292,-28.9537352859077,561.373086136861,972.656279627122,8605.57046141027,-2.74894282053953,4.6790213519425,-0.47274746902458,-0.30580639516717,4.6790213519425,-0.47274746902458,12.8590397875221,-0.550582005520259,-93.9947422143526,0.787211077053432,10.3463613165295,1137.98031455057,-3.78319655244246e-18,1.35495083845433,1.03705345276534,0.868734881783148,0.914788949067806,0.886249692740339,0.859829278200185,0.0134938180165608,0.012301670385064,0.0060979522121654,0.00849709231632123,0.00929089251119676,0.0108017220081242,3786.16946151443,33.6554671388399,17.3232166618681,11.8599802219139,124.645422799022,121.167757875126,2599.60303136873,558.464869510501,39.4271684525889,0.386974952976995,0.358198185145386,0.0513637686500018,0.386974952976995,0.358198185145386,1.41965287778977,0.233190482860626,0.930660047301807,0.573884045712172,0.838017891962498,0.634698045830423,1.32108766120473e-15,0.101039460523553,0.0609274200962718,0.0536843307641325,0.0540892413030463,0.0463804179467585,0.0427507391991379,0.0172544131419159,0.00577907052842823,0.00310835240365249,0.00273191471374305,0.00197550846268835,0.0015032152822173,5.61810026940482,0.0443343474378495
-14.25,22.074,1.14384,0.2,0.013646868702119,0.0513159404155794,0.09750072771908,0.140272797990892,0.162427707228353,0.213859699861455,0.013646868702119,0.0513159404155794,0.09750072771908,0.140272797990892,0.162427707228353,0.213859699861455,0.013646868702119,0.0513159404155794,0.09750072771908,0.140272797990892,0.162427707228353,0.213859699861455,0.25,1,150.000015727529,156.517237787731,-8.53686696385793,619.85249453182,85.9769152484116,4086.7058639725,-36.5903727736694,1.0937896364962,-0.421063281219665,-0.0185425845224456,1.17028091865431,-0.0642522209509427,-1.05284351045724,-0.828234852598688,-101.108600145818,0.0697089574002708,1.84853506926362,1173.65461931049,17.912082074784,1.51829184459952,1.00791066555567,0.565896198312676,0.411168378293927,0.213884053744402,0.0961954626893033,0.122613820155921,0.0140926751848766,0.00753902040422873,0.00641265357775232,0.00860593459014687,0.00970450598895949,4999.98135610874,43.0935454640145,17.3232166618681,31.4845874283919,115.398464364686,117.548447690532,2370.42322181792,693.822570480609,19.9140841991992,0.283857276945436,0.389511033156241,0.00957041126597832,0.356094531354898,0.324795991213925,2.93793406271489,0.451625775902983,1.30258640092349,0.516318093114208,0.736238513429226,1.07764778731176,0.00643622014033355,0.39120594590257,0.255226138622662,0.122032461456316,0.0546366244111665,0.0409980196277671,0.0521431885311116,0.150384024280492,0.0211793701282074,0.00489830879179865,0.00152057423637008,0.000539822631646518,0.00135724847646449,4.12562700718856,0.0112662493988216
-12.87,14.594,1.19184,0.2,0.0191489110809585,0.0530679820981513,0.0938042405194644,0.138763323019512,0.166067424011964,0.21934733791337,0.0191489110809585,0.0530679820981513,0.0938042405194644,0.138763323019512,0.166067424011964,0.21934733791337,0.0191489110809585,0.0530679820981513,0.0938042405194644,0.138763323019512,0.166067424011964,0.21934733791337,0.25,1,150.000015727529,203.617727320071,-19.1201627215915,612.180991563379,498.242567180502,6653.52754921362,-17.713163438496,3.1050487449224,-0.685139912509113,-0.138689340693678,3.16768169982294,-0.276740579950005,7.28944693261118,-0.236601335474638,-100.789607332569,0.445536332742214,6.67922758046037,1173.57108634517,7.45024570357251,1.43676669096969,0.956066170190606,0.689868201229038,0.671667347151338,0.575196354546402,0.521744099572961,0.0258316579818769,0.0122652209144881,0.00607442464326633,0.00815706197271118,0.00873717456514946,0.00984141089469849,4999.96375377565,43.093491302989,17.3232166618681,25.4828056466719,123.568599770333,118.97812805869,2573.90886851975,846.273138836985,28.5929728634994,0.471273081130978,0.41464944430576,0.0442765844320846,0.511178158488907,0.364328123768375,1.60645515405855,0.274426114039987,1.24671978857034,0.583403742110367,1.0836597643007,0.494946711085709,0.00567728831684089,0.264947043723633,0.09951070426722,0.0330596459729658,0.0182404816312164,0.0300315151348149,0.0442938784195034,0.050624166884166,0.00879675167440161,0.0025060971330624,0.00156783423344269,0.00109470176186964,0.000900795961336674,1.68335559949981,0.00663616609163709
7.11,22.25,1.35248,0.2,0.0181909376894981,0.0565875463602874,0.0959745213225296,0.142419077273633,0.175842319050875,0.226397182363964,0.0181909376894981,0.0565875463602874,0.0959745213225296,0.142419077273633,0.175842319050875,0.226397182363964,0.0181909376894981,0.0565875463602874,0.0959745213225296,0.142419077273633,0.175842319050875,0.226397182363964,0.25,1,150.000015727529,155.425002603895,-9.34287132798666,620.043214248516,83.6995820331216,3727.18924070409,-51.0632871575877,0.728592636767003,-0.296555926424331,-0.0203221374856786,0.785911420299968,-0.0337155369898969,-2.65484279016769,-1.04631208555359,-101.03874179773,0.0116951570450995,0.876163841318613,1173.69482345589,19.6916310800959,1.49410049994793,0.926720716592022,0.484549578168941,0.318843326320175,0.13206397433809,0.0135211118841787,0.0791869410105197,0.0128302512527862,0.0066293736693886,0.00683185553588168,0.00815853765232787,0.00925208967815853,4999.97771065514,43.0934079783359,17.3232166618681,67.4918326836855,118.097692502346,117.30369674855,2455.37927724143,2039.2763833506,23.4604552542174,0.835190798496509,0.614261825351319,0.01765085854921,0.971973160283655,0.360730819095098,2.94575067861924,0.778712101426108,2.05665382055306,0.573562938377193,1.99776724450749,0.86649634098077,0.00558511121289008,0.327352371837545,0.286122983258778,0.219556449987998,0.185665238942865,0.13701271902309,0.119649774985128,0.092456306838755,0.0178169558888087,0.00564966284351072,0.00231135469419064,0.00152853359018261,0.00128689409277512,3.25485582886365,0.0111284683210616
0.870000000000001,13.054,1.34288,0.2,0.0153236648866494,0.0492303756634703,0.0920065080965019,0.124379535977336,0.164268201108897,0.220784383866655,0.0153236648866494,0.0492303756634703,0.0920065080965019,0.124379535977336,0.164268201108897,0.220784383866655,0.0153236648866494,0.0492303756634703,0.0920065080965019,0.124379535977336,0.164268201108897,0.220784383866655,0.25,1,150.000015727529,221.345536923237,-21.7311758598063,608.618581397772,588.709654848453,7403.84262056036,-17.9463558608478,3.61256994063118,-0.706837371107175,-0.185533048640767,3.66660774919279,-0.326016946208728,9.32763660035411,-0.229770851349859,-100.58153733986,0.53136598199875,7.85046745130715,1173.6132694511,5.98950265597333,1.335482345589,0.899736891990418,0.672395708780336,0.677127153421519,0.601691188417873,0.560414300593688,0.0136777269464639,0.0116674284474534,0.00628120592646599,0.00767517654410999,0.00872744526611812,0.009904948755338,4999.97698156442,43.0936142068529,17.3232166618681,24.0965973377146,124.851573698751,119.706779006506,2594.18523808731,817.968074407532,31.0794142796158,0.448585252405278,0.393243499775591,0.0473938753555271,0.475767280381502,0.359876500664746,1.56262361141376,0.23509974104579,1.13580263969581,0.574698317605276,1.00357989883293,0.487026422958111,0.00566770991260177,0.140751317806729,0.0931765619295215,0.074236137891754,0.0667574926436967,0.0595990971814836,0.0530547932041022,0.0205626906387384,0.00654511156770284,0.00296777766922548,0.00207729075700573,0.0013094044157192,0.000885258432181649,1.44438254273731,0.00590186254309775
2.07,10.546,1.23792,0.2,0.0168646080601145,0.0563265948240661,0.0968025698646823,0.139429796483753,0.190200843091038,0.241169975758776,0.0168646080601145,0.0563265948240661,0.0968025698646823,0.139429796483753,0.190200843091038,0.241169975758776,0.0168646080601145,0.0563265948240661,0.0968025698646823,0.139429796483753,0.190200843091038,0.241169975758776,0.25,1,150.000015727529,236.216550359338,-31.1471884314134,555.902333090304,1000.98383529841,8382.02937194042,-4.14329542235184,4.55356639933341,-0.466372314612436,-0.28934902614311,4.55356639933341,-0.466372314612436,12.1509456306635,-0.5247601656717,-92.0520737423184,0.775982892061972,10.0646282678888,1126.01822726799,1.92851637673159e-17,1.33446828455369,1.02272259139673,0.861521320695761,0.911340464534945,0.867468503280907,0.847743995417144,0.0135804419893761,0.0123732711012082,0.00608122578898032,0.0103810613998542,0.0102703766274347,0.0114704300593688,3609.95708780335,32.4300666597223,17.3232166618681,10.4867098438328,125.381101053439,119.932106908337,2602.35578575621,505.287392410365,38.6216463384264,0.34677666292593,0.352799376612065,0.0446691390174684,0.34677666292593,0.352799376612065,1.3436020345519,0.233435842284331,0.884389137801624,0.564275011601111,0.754909124793625,0.615072000197727,1.34791733685606e-15,0.127319091668927,0.0822216424962671,0.0709772507756693,0.06846724191594,0.0550686450746098,0.0483649064581091,0.0193563555831354,0.00687753175320062,0.00367690159494234,0.0033466845339865,0.00221520757379799,0.0017002942214537,1.83053726673183,0.00686899235830509
-14.43,4.606,1.28528,0.2,0.0182329990888769,0.0588919799249136,0.0899351668188258,0.128991156181781,0.164174174618645,0.253944598321919,0.0182329990888769,0.0588919799249136,0.0899351668188258,0.128991156181781,0.164174174618645,0.253944598321919,0.0182329990888769,0.0588919799249136,0.0899351668188258,0.128991156181781,0.164174174618645,0.253944598321919,0.25,1,150.000015727529,70.3606436829496,1.8104104207895,224.941513384023,0.0819085407769453,2477.65264034996,-14.0209924903656,1.40784657848141,-0.097714412998646,-0.0294842495573378,1.40784657848141,-0.097714412998646,0.449816573846474,-0.0582192692453911,-36.4657525257784,0.169492925424435,3.19043557962712,704.96261847724,3.84628780752006e-18,0.601252494531819,0.47161559212582,0.419658785543174,0.492218727215915,0.52602996562858,0.585597021143631,0.0122527084678679,0.0110367041974794,0.00820140881158214,0.00715342943443392,0.0086316504530778,0.0106119790646808,235.201176960733,3.37499093844391,17.3232166618681,4.19317498320732,123.388852479518,119.23577031196,2559.57212059118,171.587226528876,11.206915107666,0.18480956499476,0.346168174819307,0.00803034272837808,0.18480956499476,0.346168174819307,0.275927138443188,0.0543144568265553,0.395439179373344,0.554183924287587,0.364360278491346,0.0838735230136773,1.02338990365807e-15,0.0574763949217741,0.0168156708157982,0.0166617342329645,0.0357533268161373,0.0446382751366571,0.0546784329195905,0.00504489980835639,0.00130842518007976,0.000827430708983043,0.00143732085544751,0.000869637245788469,0.000803395055944354,0.30767892835303,0.0041920834573015
4.05,5.882,1.4024,0.2,0.0239373381322511,0.069237252724585,0.105462141357041,0.150422690344057,0.201610084186706,0.233053007812137,0.0239373381322511,0.069237252724585,0.105462141357041,0.150422690344057,0.201610084186706,0.233053007812137,0.0239373381322511,0.069237252724585,0.105462141357041,0.150422690344057,0.201610084186706,0.233053007812137,0.25,1,150.000015727529,104.934323507968,-10.8867598948026,259.458776169149,332.047697510676,3786.46453494428,-11.135739811478,2.15365493177794,-0.197419022302885,-0.0663899614623476,2.15365493177794,-0.197419022302885,1.76820273929799,-0.106934993931882,-42.9526028538694,0.334696586171232,4.85023789188626,765.317279450052,-1.87524039995834e-17,0.908905613998542,0.709320799916676,0.611052025830643,0.680639547963753,0.685875908759503,0.714840006249349,0.01211399060025,0.0118640370794709,0.00680857566920113,0.00844855890011457,0.00958737204457868,0.0102380469742735,696.163972502865,9.20169242787197,17.3232166618681,2.13419755194976,121.887997706906,120.870376941633,2515.89415452998,180.316282361874,17.7268494944422,0.162989276164677,0.33232212259918,0.0103610310382509,0.162989276164677,0.33232212259918,0.422406661755731,0.0695236756327265,0.448973929119893,0.530376965291867,0.360937619069957,0.134777339231637,1.19172182338738e-15,0.0943437389656644,0.0705664106653683,0.0590832892187461,0.0613745602272416,0.0609704720863032,0.0512814745664386,0.0100136034312272,0.00396162572311965,0.00228142247455937,0.00183675875011929,0.00141381522805083,0.000902803201135601,0.580819113474387,0.0067078680442129
12.87,21.326,1.17648,0.2,0.0225112237696165,0.0580075731888257,0.0948274975425567,0.137941791579804,0.181418745010569,0.204110185483597,0.0225112237696165,0.0580075731888257,0.0948274975425567,0.137941791579804,0.181418745010569,0.204110185483597,0.0225112237696165,0.0580075731888257,0.0948274975425567,0.137941791579804,0.181418745010569,0.204110185483597,0.25,1,150.000015727529,153.605180710343,-9.34465554421414,619.337016977399,133.517290042704,4032.36595146339,-39.8294990652953,1.10739285024477,-0.429789052810124,-0.0291674152067493,1.1854843062181,-0.0753182808301218,-0.941010325549421,-0.819896456389959,-101.084503697532,0.0892426536662848,1.91243870819706,1173.66763878763,17.5762212269561,1.46623631913342,0.975625403603791,0.560286980522861,0.409066149359442,0.223949904440162,0.116563271441516,0.134746667307572,0.0166293485549422,0.00666896917321112,0.00705285459847933,0.00826155098427247,0.00854020122903864,4999.9890636392,43.0933423601709,17.3232166618681,64.1724553700413,120.722634018205,117.934341224333,2520.05384747021,1955.12456223967,24.8945030671731,0.816371187188714,0.587031786638861,0.0275022374898242,0.935252389045263,0.369286831141416,3.39671400973071,0.645731182512717,1.92585373006252,0.586718098420109,1.91546847965778,0.65003488458598,0.00493189147651079,0.449325597421838,0.379337392198838,0.283022730803215,0.224465780321611,0.168216416558164,0.133640760995527,0.156631041976759,0.0281581649717832,0.00896576067038739,0.00384033234096536,0.00177931006933672,0.00158881884774854,2.43421470229863,0.00942759503464966
5.13,16.618,1.22448,0.2,0.0152492729528244,0.0411670037810631,0.0761582192401968,0.124272577146438,0.177280340210462,0.212570886517431,0.0152492729528244,0.0411670037810631,0.0761582192401968,0.124272577146438,0.177280340210462,0.212570886517431,0.0152492729528244,0.0411670037810631,0.0761582192401968,0.124272577146438,0.177280340210462,0.212570886517431,0.25,1,150.000015727529,175.136017081554,-12.8202704020415,617.775919175086,268.365309238621,5245.29611498802,-30.0280273165295,2.04521820643683,-0.601634941001979,-0.0640802874700552,2.12538516821164,-0.166168746068118,2.93457005145297,-0.392885536183731,-101.050980106239,0.250908701749818,4.17664930736382,1173.6102489324,11.9222247682529,1.47015935840017,0.914722528903239,0.580704405791063,0.514446453494428,0.380847120091657,0.31048592854911,0.0262691861889386,0.0115992473499635,0.00663746828455368,0.00712098093948548,0.00809064649515676,0.0079598111655036,4999.9756275388,43.0932215394229,17.3232166618681,39.5032437292776,122.793422168177,118.941027208389,2550.5226897052,1199.68728282733,20.984386700424,0.561858639718946,0.44991512708749,0.0338379873736705,0.623564627735833,0.359540713279388,1.72259031028445,0.369476816526327,1.42004673768449,0.572757471696525,1.29984357320962,0.550903756061691,0.00524879897084949,0.253931369538283,0.18023310770274,0.135289251275906,0.115360095814937,0.0999595682445275,0.0893741228330772,0.04059911991812,0.0113181112895279,0.00421302708166305,0.00249191564546552,0.00131507691244517,0.00109383733530569,2.00578062640411,0.00733753042048897
6.09,23.438,1.2712,0.2,0.02297924945976,0.0550866209839434,0.105997948715432,0.142966904414429,0.182123049389082,0.21494649288874,0.02297924945976,0.0550866209839434,0.105997948715432,0.142966904414429,0.182123049389082,0.21494649288874,0.02297924945976,0.0550866209839434,0.105997948715432,0.142966904414429,0.182123049389082,0.21494649288874,0.25,1,150.000015727529,152.202915321321,-8.80622080127071,620.166066034788,68.9119964587022,3559.93297677325,-48.171670242683,0.613957253899593,-0.258514510415582,-0.0182987587751276,0.665777220071867,-0.0227593412769503,-3.10539367591918,-1.15932711135299,-101.021746693053,-0.00750334886990937,0.594294138506406,1173.65482762212,20.875950421831,1.49763889178211,0.959232757004479,0.499076023330903,0.315730218111655,0.115993973071555,-0.0139549327465889,0.0825824050619727,0.0129148732912926,0.00674891455838975,0.00682687720029164,0.00818274481824809,0.00910976273304866,4999.97968961566,43.0934308926158,17.3232166618681,67.5163019929417,116.672415963849,117.091982968303,2424.33657941726,2025.87985477455,22.4646112238273,0.823076367418608,0.622739668512056,0.0146105201945355,0.968726203671707,0.35613042888997,3.18105361254039,0.79737490998645,2.09356786292258,0.566178922232073,1.99708572271135,1.02235933933245,0.00578749010790642,0.30244903341958,0.279550310899025,0.220295452073405,0.188544845107852,0.140225178130237,0.127868109083927,0.0948834066089102,0.0176834991042459,0.00579755056877397,0.00233012123875873,0.00149796956434663,0.0013913245391647,4.01519301470277,0.013664836249058
-0.33,17.718,1.13616,0.2,0.0189078010222608,0.0627156541051675,0.0940879001072372,0.130467306527405,0.161176158402036,0.204091669820491,0.0189078010222608,0.0627156541051675,0.0940879001072372,0.130467306527405,0.161176158402036,0.204091669820491,0.0189078010222608,0.0627156541051675,0.0940879001072372,0.130467306527405,0.161176158402036,0.204091669820491,0.25,1,150.000015727529,167.359202166441,-11.6983508051245,618.883282991355,231.857127945006,4878.57921049891,-28.3001041756067,1.78246705551505,-0.56620253713259,-0.0495518817831476,1.86479081345693,-0.142639448057494,1.85872147502448,-0.48292554231955,-101.081202999687,0.209181052013332,3.55663128840746,1173.6693052807,13.2482022705969,1.54105843141339,0.945190730132279,0.590600031246745,0.502842651807103,0.355985480679096,0.271281533173628,0.0263758727642954,0.0124407539186543,0.00700891323820435,0.00728233340277054,0.00784936464951567,0.0080588288719925,5000.01041558171,43.0932871575879,17.3232166618681,38.4663176112782,121.176031800472,118.541210233562,2513.81093149808,1132.34109453649,18.6056354509733,0.523769781323904,0.449895310824119,0.0278570959169383,0.592609232987345,0.354344977555942,1.69233213700068,0.392858340887197,1.44290546747098,0.564587524271377,1.23654306977663,0.652163408253513,0.00596492517504219,0.173890587672961,0.123395857496895,0.0992355057898837,0.0917356122370634,0.0868253803235784,0.0854273090092728,0.0328683743371045,0.0087527344206532,0.00358001067809638,0.00208392087226263,0.00107081757931158,0.00108937867152932,2.35046445857494,0.00881084385460757
-13.71,3.198,1.41264,0.2,0.017517827513657,0.0488127936957655,0.083745115586674,0.132235946119309,0.155169768470404,0.202629691820482,0.017517827513657,0.0488127936957655,0.083745115586674,0.132235946119309,0.155169768470404,0.202629691820482,0.017517827513657,0.0488127936957655,0.083745115586674,0.132235946119309,0.155169768470404,0.202629691820482,0.25,1,150.000015727529,52.6637152379961,-0.932340658264774,205.633822518488,24.3723364649515,1830.84282887199,-19.448880429122,1.07025938964691,-0.0750210285324445,-0.0177978054369337,1.07025938964691,-0.0750210285324445,-0.0227398504654723,-0.0365169678082491,-33.5322185189043,0.131772567482554,2.45719393813145,675.955337985617,1.41459623580877e-17,0.242290896781585,0.195209405270284,0.210989813561087,0.29448215810853,0.342276096239975,0.442762639308405,0.0120262524737007,0.00805585886886782,0.00599768128319967,0.00599375315071347,0.0071298800124987,0.00818158243932924,38.347916883658,0.573891188417871,17.3232166618681,5.27660707329867,122.635408713456,119.794408200707,2537.9561349239,156.58687745305,8.15981970471221,0.163008675732824,0.341919979079604,0.00545781095331647,0.163008675732824,0.341919979079604,0.173997738479503,0.0470566641820052,0.363379012640863,0.547342030136094,0.302491239350966,0.0508561372040581,8.98262224045665e-16,0.0204078683875309,0.00735815746796323,0.0134561600042132,0.0325945171349224,0.0418342253026842,0.0546818357340138,0.000863655238651619,0.000234067296183018,0.000179766605841259,0.000345851577776868,0.000586187302597472,0.00145617470688757,0.162903965086655,0.00241659399043346
-12.57,15.474,1.21488,0.2,0.01888900619326,0.0606521555226117,0.0933476755251126,0.111074278966562,0.150559605024005,0.197574701694073,0.01888900619326,0.0606521555226117,0.0933476755251126,0.111074278966562,0.150559605024005,0.197574701694073,0.01888900619326,0.0606521555226117,0.0933476755251126,0.111074278966562,0.150559605024005,0.197574701694073,0.25,1,150.000015727529,191.119518800125,-15.6218449557338,614.860066659723,372.348539735444,6055.69346943027,-23.329916105614,2.66055702530986,-0.667755619206333,-0.102914965107801,2.7337795021352,-0.225679355324445,5.47788712634101,-0.265906636424331,-100.928352254973,0.356699171247786,5.64244339131341,1173.5694198521,9.37002072700763,1.43835110925945,0.919382220602022,0.630304551609207,0.591415498385585,0.487170419747944,0.428190542651807,0.028829405858973,0.0125336697531507,0.00641002009603166,0.00763943005936881,0.00819352890323923,0.00841004259972919,4999.99177169045,43.093509009478,17.3232166618681,27.4450402360807,122.256224439175,118.704368833511,2537.55219566771,857.599421403561,25.6485974313831,0.453259837297715,0.418083175314652,0.036898540574139,0.502425998925673,0.35748381498356,1.59985619489979,0.310110135439814,1.28533400866085,0.571767339667231,1.0603357164657,0.497910390676237,0.00530929683163457,0.280546484452422,0.110725926435057,0.0392441922071155,0.0198356242387702,0.0309359070283633,0.0451571199873203,0.0537580997103655,0.00923379649355559,0.00252398347031403,0.00141427524494604,0.000914214943967714,0.00127394092581089,1.89000523487885,0.00742378967885326
8.43,21.414,1.25904,0.2,0.0172676524718013,0.054798424144737,0.0842631053475795,0.117906899578004,0.165702287050543,0.224353120072573,0.0172676524718013,0.054798424144737,0.0842631053475795,0.117906899578004,0.165702287050543,0.224353120072573,0.0172676524718013,0.054798424144737,0.0842631053475795,0.117906899578004,0.165702287050543,0.224353120072573,0.25,1,150.000015727529,155.32621289449,-9.27856130673889,619.747307572128,104.407758566816,3944.38933444433,-44.0783948547026,0.972138824019237,-0.383226442738256,-0.0241951846786793,1.04335340976044,-0.0577859280824914,-1.56474114388085,-0.892809780064576,-101.073464222477,0.0569460327028435,1.53800668132413,1173.710134361,18.3448797000304,1.48925573377773,0.944530173940215,0.5176789292782,0.365569081345693,0.183696360348922,0.0727461874440162,0.0893002864076658,0.0129852520754609,0.00654132710780128,0.00671141131132173,0.00797851796687845,0.00902896927403396,4999.98885532757,43.0935840016663,17.3232166618681,62.6380776314589,119.453396870591,117.685380823946,2486.63880947152,1885.22789172953,22.6054175303135,0.778251704403738,0.578288116061167,0.0226715559512122,0.899268014718967,0.362514464660818,2.90245710026521,0.658955508304646,1.9122901349985,0.57601820006396,1.83995160156354,0.866885224445483,0.00502997321828695,0.351458095757703,0.297460758824555,0.226628257976074,0.187452652190854,0.142950706287034,0.116994723857906,0.104435061079628,0.0194223456409707,0.00622037660054917,0.00262848554951983,0.00159427268021185,0.00127369560498574,3.24730348905144,0.00936068074589987
-13.47,7.158,1.35696,0.2,0.0174101329583626,0.0617534501498165,0.0985305201031212,0.124348981388686,0.158770231698084,0.213630390946516,0.0174101329583626,0.0617534501498165,0.0985305201031212,0.124348981388686,0.158770231698084,0.213630390946516,0.0174101329583626,0.0617534501498165,0.0985305201031212,0.124348981388686,0.158770231698084,0.213630390946516,0.25,1,150.000015727529,130.095198416832,-17.1950722893449,290.814363087178,526.117581606083,4716.97010728049,-9.70601943797521,2.66716175398396,-0.263067200398917,-0.101999031350901,2.66716175398396,-0.263067200398917,2.98180707217998,-0.156514429907301,-49.143088219977,0.442993364337048,5.9814932819498,818.931767524216,-7.08204212373715e-18,1.11025197375273,0.859881272784085,0.728624705759816,0.787417227372148,0.792917852307053,0.794311852931986,0.0126752147385689,0.0120390510363504,0.00601959906604521,0.00716343182326841,0.00880511477971045,0.0101298414748463,1163.91771690449,14.3771961254035,17.3232166618681,7.11774637091902,123.602550895663,120.274776046581,2583.63538462735,378.773846941899,21.962362331449,0.317510742238888,0.357638577511124,0.0249267692463669,0.317510742238888,0.357638577511124,0.622546806892345,0.205483169311166,0.538735762986452,0.573847596668912,0.685114983492483,0.211790704744212,1.24396103132643e-15,0.125444605074103,0.040776187154247,0.0176040816757133,0.0344833623991832,0.0451466979460138,0.0620833046122442,0.0185501833507975,0.00415869023157372,0.00178609952415526,0.00174309292132746,0.00159318861470718,0.00135684472669763,0.960197264593009,0.00944898415982464
4.89,7.818,1.4088,0.2,0.0202551728231058,0.0467319163448323,0.0831098815543941,0.118426213787562,0.151605634276333,0.2131318235252,0.0202551728231058,0.0467319163448323,0.0831098815543941,0.118426213787562,0.151605634276333,0.2131318235252,0.0202551728231058,0.0467319163448323,0.0831098815543941,0.118426213787562,0.151605634276333,0.2131318235252,0.25,1,150.000015727529,157.814873450682,-18.4226275033851,335.532590355172,609.370570169774,5722.59535465056,-5.97920134236017,3.21451671700865,-0.315531663550047,-0.145912623685033,3.21451671700865,-0.315531663550047,4.59198396000417,-0.22360484928445,-56.0344120404124,0.530466153942298,7.19089386522238,875.451713363189,2.38888993958962e-17,1.2207153213207,0.944574585980628,0.790581772732007,0.846074825539006,0.839817164878659,0.829353931882095,0.0125950866475159,0.011716416772732,0.00605362331361316,0.00771366420164566,0.00887279387563797,0.0103623396521196,1696.403187168,19.6028080408286,17.3232166618681,5.21832444443818,122.975026632219,120.651510598223,2540.50952341122,318.966441376286,26.6312442157871,0.242887546332085,0.337481438213354,0.0223631268078947,0.242887546332085,0.337481438213354,0.745592592305627,0.174561773672008,0.560733569566107,0.5388224156663,0.542626785765381,0.21153563410794,1.38153762565608e-15,0.141665708064,0.0959670889001902,0.0794025638428346,0.0789596353533806,0.0702620019783304,0.0616183244982024,0.019282943733071,0.00687070599716379,0.00349596105148632,0.00283832402362046,0.00203116888471577,0.00139945087368353,0.729173509919721,0.00516090289306601
12.69,14.902,1.28336,0.2,0.0201129719183467,0.0557648239806736,0.105728301747097,0.150180594078534,0.184679760218802,0.258439261169318,0.0201129719183467,0.0557648239806736,0.105728301747097,0.150180594078534,0.184679760218802,0.258439261169318,0.0201129719183467,0.0557648239806736,0.105728301747097,0.150180594078534,0.184679760218802,0.258439261169318,0.25,1,150.000015727529,195.042276846162,-16.7851587886678,614.169638579315,411.372908192896,6220.74940110405,-24.5651848724091,2.76834361004062,-0.667800604103739,-0.111291910217686,2.8377125299448,-0.23885689817519,5.90334750546817,-0.254296149144881,-100.899368815748,0.378919023731903,5.88013081970628,1173.58993854807,8.75078387667952,1.39051136339965,0.907474429746902,0.634208426205604,0.604436683678784,0.495007405478596,0.435608561608166,0.0390649488142902,0.0124431818322466,0.00708282112020622,0.00799277116966983,0.00832023133006978,0.00905591115508801,4999.9993750651,43.0935392146647,17.3232166618681,32.6725531311389,124.796194751397,119.574647135014,2588.96577069553,1027.62398993681,26.1077132224898,0.501387784827281,0.409397038405326,0.0401433984884794,0.539575879412735,0.357539770485966,1.62880397296934,0.291008395196022,1.23419895474688,0.568787376173218,1.12456009731261,0.49187016238021,0.0047555947764842,0.374217871593298,0.237855660085346,0.169841886001216,0.136413281496894,0.110657077168362,0.0897187855516218,0.0641553141563001,0.0159422112719954,0.00612817845931944,0.00364640675434763,0.00200268587004677,0.00191463336784137,1.65264926993469,0.00608736298338743
7.17,6.234,1.13552,0.2,0.0201273535111985,0.0505276088583036,0.0869903012575493,0.133521546375792,0.160411354425689,0.227706824350816,0.0201273535111985,0.0505276088583036,0.0869903012575493,0.133521546375792,0.160411354425689,0.227706824350816,0.0201273535111985,0.0505276088583036,0.0869903012575493,0.133521546375792,0.160411354425689,0.227706824350816,0.25,1,150.000015727529,95.1315915008852,-10.8647067080512,258.379048015832,330.564726413915,3381.58973023643,-7.76529006093114,1.89239120924904,-0.17972764653057,-0.0512917789813561,1.89239120924904,-0.17972764653057,1.30703828352255,-0.0958428978889699,-42.7536194146443,0.302816024997396,4.23731746693053,763.355327570044,2.40323786626394e-17,1.01987605457765,0.796763170503073,0.673694406832621,0.739603239245912,0.749568274138112,0.759413790230184,0.0122256586354859,0.0113649920841579,0.00612614581814394,0.00768791323820435,0.0087618776169149,0.0102786911780023,680.061639412561,9.01198364753678,17.3232166618681,1.57175849905801,121.91924033414,120.5805567397,2512.88091786447,143.270040391171,15.7122841181656,0.133735863200743,0.32987001140779,0.00756362964438342,0.133735863200743,0.32987001140779,0.388833959599722,0.073714147673298,0.446810097307979,0.526069535538004,0.302096086804485,0.139534193387091,1.34571072412352e-15,0.133914514081803,0.0954526705019135,0.0774907703843167,0.0783125804397429,0.0759308967199662,0.0659746955864626,0.0152793555355886,0.0056778848451635,0.00287315261932658,0.00237985506129766,0.00177593721457854,0.00111987925006369,0.600246632959997,0.00697334532839794
9.75,17.542,1.33584,0.2,0.0188127682817383,0.0707018677053163,0.100385584029423,0.127896493066656,0.159610517849834,0.18982427673843,0.0188127682817383,0.0707018677053163,0.100385584029423,0.127896493066656,0.159610517849834,0.18982427673843,0.0188127682817383,0.0707018677053163,0.100385584029423,0.127896493066656,0.159610517849834,0.18982427673843,0.25,1,150.000015727529,169.055070305177,-11.3641554129778,618.910936360796,213.162066024372,4841.31569628164,-40.5246012915321,1.69275417144048,-0.543674460368711,-0.048728934590147,1.77297348192897,-0.132465524382877,1.42424525831684,-0.505688202738256,-101.078516821164,0.189309674992188,3.29904737006561,1173.67274242266,13.5333579835433,1.43320727007603,0.871224205811893,0.529725997291949,0.44499993750651,0.301374093323612,0.223762548692844,0.0493321121903968,0.0129993208397146,0.00678301978290803,0.00693874211019686,0.00831296979481305,0.00863497114883867,5000.00968649099,43.0931340485365,17.3232166618681,50.3782518468386,122.740452097472,118.937623783296,2555.7523007033,1563.10367678794,22.7176154826165,0.717501897771548,0.506932901502837,0.0350440418616925,0.797651071805817,0.368155125216613,2.02405446918802,0.48222453801737,1.6312185335258,0.586859263132958,1.66857647062661,0.644508589612671,0.00472293396807655,0.363630301830912,0.25488345135869,0.185012005503212,0.149402297477859,0.126543391164245,0.109341952355202,0.069274730672439,0.0159119940383861,0.00550631784767446,0.00275723199894132,0.00136185216835843,0.00135906165135669,2.23327345589053,0.00779821346750225
14.37,6.146,1.3672,0.2,0.015500309756608,0.056803911708223,0.107686150175257,0.141571463552135,0.177234163315946,0.192136847547044,0.015500309756608,0.056803911708223,0.107686150175257,0.141571463552135,0.177234163315946,0.192136847547044,0.015500309756608,0.056803911708223,0.107686150175257,0.141571463552135,0.177234163315946,0.192136847547044,0.25,1,150.000015727529,105.201783147588,-10.3311748817831,262.866843037184,324.936014363087,3794.68846995105,-9.77764627528382,2.15990542651808,-0.197349502989272,-0.066680121862306,2.15990542651808,-0.197349502989272,1.79882677846058,-0.110043051488387,-43.3322737214873,0.334775326586813,4.86686001458182,768.737485678575,1.51264828663681e-17,0.943227195083846,0.733933454848454,0.627979335485887,0.693131850848871,0.702660254140194,0.735617404437037,0.0127206810791584,0.0115615962920529,0.00690811134256848,0.00817444016248308,0.00909189167795021,0.00951937714821373,724.344276637849,9.53160337464859,17.3232166618681,2.19156635557466,121.842456175319,120.596790990168,2501.36073621221,194.388517540052,18.2015456621383,0.147020413168574,0.322993211876786,0.00910880411880348,0.147020413168574,0.322993211876786,0.44395452260588,0.0707045790305002,0.436772975051581,0.513999413080374,0.373219478247998,0.142170270670696,1.24793664913756e-15,0.186771946431717,0.125382699387342,0.0980794706794786,0.0982862059879264,0.0936427835318989,0.0862172018567777,0.0201528696085143,0.00694192467857759,0.00365154473750458,0.00285046266248045,0.00205533666705282,0.0013335349949846,0.623106130711444,0.00715059474989515
-2.13,7.026,1.39664,0.2,0.0188934059432549,0.0628290143042793,0.110406175591856,0.149491034644831,0.187297191163493,0.248101115468615,0.0188934059432549,0.0628290143042793,0.110406175591856,0.149491034644831,0.187297191163493,0.248101115468615,0.0188934059432549,0.0628290143042793,0.110406175591856,0.149491034644831,0.187297191163493,0.248101115468615,0.25,1,150.000015727529,134.043224664098,-20.4863815342152,300.222008124154,598.492755369232,4851.08894906781,-9.56568972263306,2.7332521612332,-0.277121964143318,-0.106209092802833,2.7332521612332,-0.277121964143318,3.14643290282262,-0.162191728794605,-49.85604207895,0.465488820195813,6.11884626601396,825.132621601916,3.07532175815021e-18,1.10770342672638,0.862576377460682,0.733620779085512,0.795341526924279,0.785773961045725,0.785148526195188,0.0118777425741069,0.0118672405999375,0.00600749063916257,0.00840832194563066,0.00934332923653787,0.0108795782730965,1221.49921883137,14.9752629934383,17.3232166618681,4.84640891284034,123.012837649872,120.358189913,2552.17186507333,290.631633622769,22.4936578327654,0.242151753064593,0.344004370998192,0.0193406553814279,0.242151753064593,0.344004370998192,0.594298773005142,0.169018674303016,0.523050547170963,0.550247321394014,0.523369998293176,0.213561787087815,1.26699614063036e-15,0.0703880837432587,0.0483856531146803,0.0438010310768246,0.0483404299530244,0.0487330413561364,0.0464132722370957,0.0108852043399178,0.00397879755791839,0.00218291280169796,0.00189104606589035,0.00153785686530136,0.00110619768018593,0.960698755097204,0.00953371725754053
9.63,11.866,1.2392,0.2,0.0205029265170383,0.0516538512498031,0.0881988401425901,0.123992562726541,0.161996876703034,0.185838811509027,0.0205029265170383,0.0516538512498031,0.0881988401425901,0.123992562726541,0.161996876703034,0.185838811509027,0.0205029265170383,0.0516538512498031,0.0881988401425901,0.123992562726541,0.161996876703034,0.185838811509027,0.25,1,150.000015727529,271.934329757317,-41.1386054161025,579.683762108114,1321.24296979481,9615.86553484012,3.76123760833246,5.19192104989065,-0.560116709717738,-0.374439058431414,5.19192104989065,-0.560116709717738,15.1303681908135,-0.65121840412457,-97.1884251640452,0.928424924487032,11.4401208207478,1159.26913863139,-2.58925309863558e-18,1.51106968024164,1.16429414644308,0.987835860847829,1.01152261222789,0.947882678887617,0.922170607228414,0.0368234381969586,0.0135220623678784,0.00849032028825122,0.0127351296635767,0.0121791609207374,0.012400461826893,4861.67472138319,42.4227038850118,17.3232166618681,9.91353002693788,123.96104965241,120.856996297325,2546.8034744326,488.555619637864,43.8879665961894,0.317355068324473,0.333987378870095,0.0457747805077209,0.317355068324473,0.333987378870095,1.60554756078487,0.296062763523862,0.846150916680965,0.532065771810056,0.72028562475879,0.683933611580956,1.40582748929414e-15,0.267884652257257,0.152300189938541,0.133341844693094,0.111411501491882,0.0839151218677111,0.0769174124638996,0.0516218598803207,0.0140643544433293,0.00733086862814584,0.00606350538711315,0.00432188168240478,0.0037065909703226,6.50567984917551,0.048504732528006
9.51,20.094,1.36848,0.2,0.0184908570524,0.0528522777011639,0.0797256132034718,0.12114756741937,0.167061203120567,0.219025196625811,0.0184908570524,0.0528522777011639,0.0797256132034718,0.12114756741937,0.167061203120567,0.219025196625811,0.0184908570524,0.0528522777011639,0.0797256132034718,0.12114756741937,0.167061203120567,0.219025196625811,0.25,1,150.000015727529,159.810301010311,-9.99893490261431,619.46102489324,131.424947837725,4159.25205707739,-48.2573398604313,1.1130772377669,-0.417112523944381,-0.0283123229142798,1.18640129368191,-0.0733407012290386,-1.02202637298198,-0.785237311165504,-101.082574731799,0.0833448310905114,1.8646130721279,1173.68034579731,17.0055212998645,1.4610748880325,0.900116685761901,0.495908332465368,0.366023603791272,0.197633367400271,0.102240235098427,0.0778814773110092,0.0126677951978231,0.00649871692772628,0.00674127601291533,0.00808924424539111,0.00889972252890325,4999.98073117384,43.0934454744298,17.3232166618681,62.0940614849007,120.819575879514,117.937773341635,2515.65192895151,1891.51690752703,23.7457484107551,0.794609168898963,0.569295801842585,0.026438704071555,0.906063549555683,0.366803227393419,2.81492328287594,0.604009141783935,1.86686109532345,0.583170701513122,1.85450887261904,0.677463194876107,0.00497300938167062,0.380183218261207,0.297867573782612,0.21944520464339,0.179176670292698,0.138694002564499,0.108952248824229,0.0974566202961272,0.0188412453082486,0.00586849919266464,0.00259252780085073,0.00183830878295345,0.00120418659825562,2.6481407641959,0.00969978364161642
-14.79,22.998,1.31088,0.2,0.0194530458150921,0.05476415393979,0.0896492390957456,0.131827187892093,0.171666314658582,0.222040160525583,0.0194530458150921,0.05476415393979,0.0896492390957456,0.131827187892093,0.171666314658582,0.222040160525583,0.0194530458150921,0.05476415393979,0.0896492390957456,0.131827187892093,0.171666314658582,0.222040160525583,0.25,1,150.000015727529,157.966191021769,-8.40790357983543,620.377085720237,51.0389045932715,3855.72742422664,-48.2629413602749,0.811336558691802,-0.32201987788772,-0.0102305237996042,0.872256889907304,-0.0337506011592542,-2.33016348979273,-0.997575282147693,-101.078329340694,0.0129443983960004,1.07975453782939,1173.71169669826,19.4327538798043,1.49112936152484,0.969224289136547,0.513230434329757,0.344878346005624,0.133452645557754,0.0300770636276429,0.128817682118321,0.014385926951203,0.00694188452557025,0.00605930548901156,0.00962201437350277,0.00942494854702635,4999.96031663368,43.0932257056563,17.3232166618681,28.4918282246669,113.22125213656,117.530551435422,2322.70030459566,540.241664449539,22.3765797811387,0.214006627858787,0.354761958589242,0.00472569992612218,0.270282264344983,0.314011306738742,3.475611485505,0.532783508865041,1.22515503281832,0.498819330209967,0.556630597171675,1.06565592383209,0.00667385615962032,0.420346132834421,0.284926361129023,0.139495876621814,0.0648705740206144,0.0475727269475848,0.0447818795992658,0.160053955261705,0.0226650474202426,0.00486904712691093,0.00112972540123146,0.000610445506373594,0.00216565550773563,4.10961627159186,0.0132963023362552
-0.450000000000001,11.294,1.20144,0.2,0.0189104117137997,0.0613865539984877,0.0983277601155893,0.127361283137115,0.18513004632341,0.267014121076847,0.0189104117137997,0.0613865539984877,0.0983277601155893,0.127361283137115,0.18513004632341,0.267014121076847,0.0189104117137997,0.0613865539984877,0.0983277601155893,0.127361283137115,0.18513004632341,0.267014121076847,0.25,1,150.000015727529,252.494073534007,-36.4571755192168,568.270232267472,1166.9113061504,8912.4147484637,-0.414273225809812,4.78690219768774,-0.507818368503281,-0.318808134569316,4.78690219768774,-0.507818368503281,13.3256928444954,-0.576367925632747,-95.4297427351318,0.841056021247786,10.5272466409749,1146.92375794188,-1.73819509009481e-18,1.46395281741485,1.11560954067285,0.943256431621705,0.981172815331736,0.920317279450058,0.87786534735965,0.0162078819297573,0.0129643475981669,0.00643220886563899,0.0117667320770753,0.0116082575773357,0.0138588720966566,4233.09165711905,37.3352161233206,17.3232166618681,11.826327677334,125.890186091788,119.882867977969,2621.14929473766,550.039078201837,40.9095657874121,0.372824919975241,0.359131197087382,0.0503741768074697,0.372824919975241,0.359131197087382,1.44042681873285,0.259693647709375,0.929557077801697,0.574883752052518,0.802714125765554,0.654646120486801,1.33760301486864e-15,0.112225592941503,0.0692557142242867,0.0634494906281656,0.0600781525605065,0.0463995777676317,0.0414777763550687,0.0206050099596407,0.00681528350122585,0.00374961779155491,0.00356410317176851,0.00266508105227768,0.0024413938606045,6.53207902820786,0.0506834298038138
-14.13,3.594,1.37616,0.2,0.0170940512590018,0.0525483117073644,0.0932354173808216,0.130183374250184,0.1721539447365,0.221030152062487,0.0170940512590018,0.0525483117073644,0.0932354173808216,0.130183374250184,0.1721539447365,0.221030152062487,0.0170940512590018,0.0525483117073644,0.0932354173808216,0.130183374250184,0.1721539447365,0.221030152062487,0.25,1,150.000015727529,57.3867576294136,-1.75031644724508,208.194638058535,48.8625817831477,2006.31413394438,-18.0573014269347,1.16428574106864,-0.0852539009686492,-0.0207352536194146,1.16428574106864,-0.0852539009686492,0.0998558602843453,-0.0412172268451203,-34.2166461826894,0.148601774971357,2.66204593271534,682.759420893663,-4.32376546713886e-18,0.340251838350172,0.272424403707948,0.269223310071867,0.34870121862306,0.391948432454953,0.485238954275596,0.0120458124153734,0.00800255775440058,0.00599762660139569,0.00599505791063431,0.00745723747526299,0.00966535048432452,83.1276585772315,1.23161628996981,17.3232166618681,4.95774977481597,122.429820615839,120.059915499064,2534.98078225682,156.276897208936,8.96445438112191,0.167250203337555,0.341862992988881,0.00606830377871565,0.167250203337555,0.341862992988881,0.198464182642285,0.0500594918022424,0.372327953428744,0.547256941060593,0.315236705168988,0.0491070049406247,9.91218569967911e-16,0.0290886704929462,0.00847846593466862,0.0149560398306933,0.0343210607956661,0.0424292935596343,0.054551078712124,0.00161679422853142,0.000416903752160044,0.000290543050160314,0.000463942658521513,0.000998036709649479,0.000774366551851968,0.192475530050836,0.00282131788518097
7.53,22.734,1.3256,0.2,0.0181470524901889,0.0586156821750288,0.0948993555183224,0.112730845265206,0.170486196522193,0.213809995549393,0.0181470524901889,0.0586156821750288,0.0948993555183224,0.112730845265206,0.170486196522193,0.213809995549393,0.0181470524901889,0.0586156821750288,0.0948993555183224,0.112730845265206,0.170486196522193,0.213809995549393,0.25,1,150.000015727529,153.772372669514,-9.22570219143838,620.045703572544,82.8866086136861,3645.29194042287,-50.5782918445995,0.674077151649829,-0.279273811759192,-0.0202325246328507,0.729028477730445,-0.0298259271721696,-2.86994657872096,-1.09563788165816,-101.029341735236,0.00469039311530048,0.742663978436621,1173.66263930841,20.1623018435584,1.49073052806999,0.936668149151131,0.489440976981565,0.316032320136444,0.125505694988022,0.00179071585355692,0.0880534273074681,0.0131145411473388,0.00661390919904176,0.00662666795125508,0.00802604166232684,0.00904111967503384,4999.97708572024,43.0933808978235,17.3232166618681,69.5007612678261,117.749263141545,117.191058392763,2448.49435008078,2105.35856335658,24.0641920677501,0.861255120477763,0.63157549729729,0.016983648016114,1.00507098699162,0.361212642452365,2.85152132322768,0.810516604650098,2.11892193107148,0.574408241781536,2.06992845131676,0.888953546775928,0.00558578233636828,0.335329150018777,0.29936048213233,0.231366710449747,0.193760860004231,0.14367554897598,0.126494866216714,0.10114565688627,0.0189735933758283,0.00601341040469987,0.00232188357489284,0.00156953103874928,0.00133342899055926,3.42221539567891,0.0117378308289408
-6.57,21.018,1.38704,0.2,0.0162410870460005,0.0425366375877787,0.0848928123226239,0.135224926073653,0.166837525852646,0.220411065319147,0.0162410870460005,0.0425366375877787,0.0848928123226239,0.135224926073653,0.166837525852646,0.220411065319147,0.0162410870460005,0.0425366375877787,0.0848928123226239,0.135224926073653,0.166837525852646,0.220411065319147,0.25,1,150.000015727529,161.354162066452,-9.28653120404125,620.244526611811,76.530091011353,4035.87022185189,-48.8161753983959,0.941370232267472,-0.36078789940527,-0.0160909403603791,1.00698915529632,-0.0482015854317259,-1.80064841863764,-0.888402202895532,-101.081300906155,0.0382280274450578,1.40089729401937,1173.75252577856,18.229528174149,1.54237589834392,0.910141214456827,0.478363222580981,0.336882147692949,0.148170508962608,0.0549422462576815,0.0443035980918655,0.0117989005103635,0.00745056369128216,0.00603024059993751,0.00929712134152694,0.00942835850432247,4999.9670867618,43.0935319237583,17.3232166618681,39.9774645898107,115.862949210756,117.587424380257,2392.96711066771,1075.85319612585,16.166829471562,0.44544774792388,0.441574611950984,0.0119719413734483,0.530756514931443,0.334227619891818,3.06937989117802,0.554383492475924,1.47868899746258,0.531271748366968,1.08401840522633,1.02153893555823,0.00698333305160698,0.242139573727392,0.131267903327127,0.0728138847964834,0.0666958352804877,0.0754301162547205,0.06189713959816,0.0576222124940716,0.0100460952927878,0.00241533132926638,0.000821522380642978,0.00104731557493617,0.0014582347747658,3.78356643119192,0.0127096275244081
-13.53,18.378,1.13424,0.2,0.0191951383592688,0.0541019665739897,0.0954535837545315,0.127900662831523,0.171959919065745,0.225318454628202,0.0191951383592688,0.0541019665739897,0.0954535837545315,0.127900662831523,0.171959919065745,0.225318454628202,0.0191951383592688,0.0541019665739897,0.0954535837545315,0.127900662831523,0.171959919065745,0.225318454628202,0.25,1,150.000015727529,167.741881054057,-11.5267554249557,617.974346422247,226.792279533382,4895.97250286429,-29.1602973241329,1.78779137589834,-0.570140156233726,-0.0478336246224352,1.87110550984272,-0.14216479275463,1.8684650633684,-0.478248728632435,-101.09870742631,0.208224828111655,3.56645682741381,1173.64826580565,13.343094469326,1.50683282991355,0.964963285074472,0.597406363920425,0.504858452244557,0.354384793250703,0.267628122070618,0.0747508126470159,0.0127667260488491,0.00697344976564941,0.00780001426934694,0.00704090469742735,0.00814075471305073,4999.98895948339,43.0934621393605,17.3232166618681,30.1919458245009,119.652943690135,117.904738273957,2471.75346443785,817.889189388654,20.827377405965,0.386881025414296,0.417742705630008,0.0216572714854406,0.453123204837654,0.344771225420656,1.58204990101557,0.361667471327845,1.33362981570195,0.549994614026227,0.946184006855243,0.646238606094262,0.00595786696590813,0.354308142236977,0.173972392454231,0.0719422953232055,0.029234429859828,0.0320757187172897,0.0503785626397786,0.0981976837131165,0.0141150045978157,0.00344095841618869,0.00147511084438894,0.000650846660912262,0.000644520144286076,2.51902820434697,0.00925517021981055
3.93,24.67,1.32816,0.2,0.0156068184816869,0.0483325131297812,0.0775511265497687,0.10509567468771,0.141478648519021,0.194028682832914,0.0156068184816869,0.0483325131297812,0.0775511265497687,0.10509567468771,0.141478648519021,0.194028682832914,0.0156068184816869,0.0483325131297812,0.0775511265497687,0.10509567468771,0.141478648519021,0.194028682832914,0.25,1,150.000015727529,152.010653056973,-9.38223789605248,620.329069888554,65.5791287782522,3304.72832841162,-53.3871721695657,0.349261789834392,-0.144422817935631,-0.0167367341943547,0.377948828017915,0.000230351902926794,-4.28127471700865,-1.37457368661167,-100.961738360588,-0.0513879823497553,-0.138340712779919,1173.74471409228,22.5007936673263,1.53051025934799,0.956531017602332,0.47162284137069,0.27286189294761,0.0667964091500886,-0.0743726133892302,0.0669821677443912,0.012366150575565,0.00647339695081763,0.00639063232996563,0.0079777867930424,0.00863957723153837,4999.96396208728,43.0935100510368,17.3232166618681,70.061043394913,114.51474651757,116.619547021766,2373.70284493735,2102.38052759545,21.7774399688368,0.854687777958775,0.653041336753744,0.0106613934581433,1.01699184368818,0.350278320797714,3.16327042336172,0.869582924554483,2.22673729663028,0.557622530227495,2.11706903748629,1.24888676429013,0.00699517880827569,0.257159714323174,0.251344755130395,0.199425856068972,0.175410300274816,0.134770964259213,0.135007278471053,0.0738450329748233,0.0152175521215268,0.004695942837233,0.00167336843622268,0.00156466614332224,0.00173511505096993,4.88867239649271,0.0158873353652462
3.27,20.006,1.15472,0.2,0.0157446765398572,0.0445439684715953,0.0761939035372072,0.113066217381247,0.15936121458683,0.202368600613404,0.0157446765398572,0.0445439684715953,0.0761939035372072,0.113066217381247,0.15936121458683,0.202368600613404,0.0157446765398572,0.0445439684715953,0.0761939035372072,0.113066217381247,0.15936121458683,0.202368600613404,0.25,1,150.000015727529,158.03180502031,-9.95810450161441,619.364753671493,145.672728093949,4266.97052390376,-34.5344791167586,1.274789865639,-0.468696042511718,-0.0297612435579627,1.35527548172066,-0.0893865379543798,-0.265975601770649,-0.713184791625873,-101.098867826268,0.114340528820956,2.31527502510155,1173.72325799396,16.4132861160295,1.54391480054161,0.969196781585252,0.555584939068847,0.427359066763879,0.248154631809186,0.153788743714196,0.045265434127695,0.0119212312475784,0.00658437122174774,0.00676583762108114,0.00827480074992188,0.00864731673783982,4999.98104364129,43.0933569419853,17.3232166618681,49.1497194613253,119.936671231591,117.929435076943,2490.75177489819,1441.25536702738,17.9394453891478,0.616837870875518,0.501379915511249,0.0235669956457529,0.710879707018617,0.355692874200521,2.86647017917063,0.515780740050602,1.63130896423673,0.565639944985501,1.46215384301106,0.904139582348716,0.00593561846737952,0.237547723342692,0.193671677053631,0.150911047662118,0.13236341234821,0.123116473787495,0.0982434691238255,0.056563295700043,0.0125465717914832,0.00437884709959233,0.002187315733045,0.00157384639484484,0.00157008986890481,3.36121490223885,0.0106746670509003
13.83,24.01,1.35184,0.2,0.0162019226815216,0.0558056212076611,0.088654560161319,0.113466856053594,0.158399300566023,0.191481961529636,0.0162019226815216,0.0558056212076611,0.088654560161319,0.113466856053594,0.158399300566023,0.191481961529636,0.0162019226815216,0.0558056212076611,0.088654560161319,0.113466856053594,0.158399300566023,0.191481961529636,0.25,1,150.000015727529,149.671475783773,-9.75727187922091,619.379179252161,115.802968753255,3404.10924382877,-56.7576471200917,0.492955589115718,-0.214861058561608,-0.0290989701072805,0.5372602547995,-0.0228460073356942,-3.63197291740652,-1.2374255654411,-100.979821893553,-0.0102646832435163,0.270652197291949,1173.70430163525,21.1154483907932,1.43507935631705,0.951086688886573,0.500140928007499,0.306516554264139,0.106315193700656,-0.0320543719581293,0.153179541117592,0.019369771451203,0.00667773737204458,0.00693328007499219,0.0075345925424435,0.00857711457139882,4999.99822935111,43.0933309030312,17.3232166618681,90.4771494464155,118.500661457431,116.609999699824,2471.76179877759,2847.05852741158,34.4738291177955,1.17406476880554,0.794223057585895,0.021363576101384,1.36500273407742,0.382108136110782,3.85106019354818,1.0327307887873,2.67937954173937,0.608971422614542,2.83029163250908,0.828245657402858,0.00498011334415248,0.495087442706718,0.452051805138577,0.342449807008975,0.269048568328302,0.196237491375572,0.168212541931654,0.180137580099392,0.0344479805319445,0.0102451033883789,0.00383669630155998,0.00176390718535426,0.00168824999481624,3.09567860591875,0.010254458994906
-4.41,3.154,1.27312,0.2,0.0124385121844006,0.0511407314489822,0.0862429356101412,0.124952159166376,0.139783665665503,0.194049343055981,0.0124385121844006,0.0511407314489822,0.0862429356101412,0.124952159166376,0.139783665665503,0.194049343055981,0.0124385121844006,0.0511407314489822,0.0862429356101412,0.124952159166376,0.139783665665503,0.194049343055981,0.25,1,150.000015727529,50.342235183835,-0.947060848869916,205.73963545464,24.5602105666075,1727.41297781481,-17.0352470575982,0.997018675138006,-0.0701690548276221,-0.0153351619622956,0.997018675138006,-0.0701690548276221,-0.125676111913342,-0.0340612261527966,-33.5250296844078,0.122748159229247,2.28061837308614,675.879054265169,6.30820069784395e-18,0.25214763045516,0.203908999062597,0.217889407353401,0.299943287157588,0.34975888969899,0.449711238412666,0.0120139704197479,0.0080514294344339,0.0060009336527445,0.00599966961774814,0.00706517810644724,0.00894430861368607,37.918891782106,0.567525361941465,17.3232166618681,4.08403939940995,122.457508374577,119.823129591565,2529.41052802434,66.7590268108024,7.95025462793213,0.094079807511555,0.335441485517833,0.0031329033887173,0.094079807511555,0.335441485517833,0.141663477564603,0.0468830571725201,0.356742323051588,0.535810128764026,0.143431424424338,0.0406942521635538,9.57843526772821e-16,0.0182638027957421,0.0175626503032744,0.0145463660006826,0.0146746622258732,0.0175173503387956,0.0210076093291595,0.000753665407607991,0.000278491982313119,0.000174377399247771,0.000192699173483431,0.000267498677067985,0.000693378334420326,0.116109686181505,0.00172152229047112
5.85,6.014,1.1496,0.2,0.0201647055959407,0.0570144221523695,0.0927222231657062,0.125558825803461,0.149102279402953,0.1791431711544,0.0201647055959407,0.0570144221523695,0.0927222231657062,0.125558825803461,0.149102279402953,0.1791431711544,0.0201647055959407,0.0570144221523695,0.0927222231657062,0.125558825803461,0.149102279402953,0.1791431711544,0.25,1,150.000015727529,92.6230215602542,-7.46412528903239,250.605099468805,253.093866388918,3302.20820747839,-7.90011850401,1.85985532757004,-0.166846807406624,-0.049700261431101,1.85985532757004,-0.166846807406624,1.22914182552859,-0.0923129279734402,-41.959452140402,0.282646766722216,4.17868555358816,756.115081762318,6.6936700270805e-18,0.973814779710447,0.761360441620664,0.648124976564942,0.712909446932611,0.730974044370377,0.756419091761274,0.0125230405589834,0.0116640069784398,0.0063355054681804,0.00743455004687012,0.00853643818352255,0.00921619862514321,621.365326528487,8.31302728882413,17.3232166618681,1.49448677940152,123.692492505655,118.81711754929,2550.79351505116,134.397692189872,15.5581701697092,0.131384009384226,0.335396042946143,0.00731868681188071,0.131384009384226,0.335396042946143,0.364572222832775,0.0669523275786015,0.432663278218288,0.534998746045562,0.291475068203076,0.126291726114818,1.20334822554836e-15,0.112964985630116,0.0825550018647464,0.0680620507412628,0.0696083140786441,0.0696696361646769,0.0596756414314781,0.0127633086564114,0.00489354745219973,0.00258048112285535,0.00212893931894995,0.00163603573347417,0.00101631740788239,0.540929678244357,0.00641301452068447
-14.07,8.346,1.13488,0.2,0.0182022648417196,0.0480882045208946,0.0867969064668185,0.146456259238592,0.169925359918711,0.2043583545198,0.0182022648417196,0.0480882045208946,0.0867969064668185,0.146456259238592,0.169925359918711,0.2043583545198,0.0182022648417196,0.0480882045208946,0.0867969064668185,0.146456259238592,0.169925359918711,0.2043583545198,0.25,1,150.000015727529,137.900635350484,-18.817315766066,322.01875846266,601.933229424018,4941.20362462244,-4.3898843724612,2.73802187272159,-0.281235934076659,-0.106889224039163,2.73802187272159,-0.281235934076659,3.37375179668784,-0.184764269638579,-53.7994677637746,0.470178021497761,6.09362233100719,857.030975940007,1.65278201571711e-17,1.3571522758046,1.04374136027497,0.871385564003748,0.928382449744817,0.89458605353609,0.879868138735548,0.0147150591662223,0.0119740941968545,0.00595577341224872,0.0107635740027081,0.00995540777002396,0.0114024764087074,1529.61878970941,18.0543922508074,17.3232166618681,7.49425145058671,123.986944355084,120.096871139337,2590.61125726413,401.660424948979,22.95468206599,0.324277959377755,0.35767529158049,0.0260668004563897,0.324277959377755,0.35767529158049,0.709256430402901,0.168308387713981,0.583871559459005,0.573656850376548,0.702916858716549,0.230666551234798,1.31493546150679e-15,0.178212376047037,0.0596487075735186,0.0219291985222968,0.0334736583823479,0.0424271323155071,0.0606735195737186,0.0321920680787561,0.00656300591417818,0.00264725354590222,0.00248376296219674,0.00209642645318221,0.00252188135284013,1.17308222646331,0.0104027179113805
-5.55,7.422,1.27632,0.2,0.0162981247243906,0.0591149746492265,0.0742810087238779,0.123261437515273,0.166973227409853,0.237100323958531,0.0162981247243906,0.0591149746492265,0.0742810087238779,0.123261437515273,0.166973227409853,0.237100323958531,0.0162981247243906,0.0591149746492265,0.0742810087238779,0.123261437515273,0.166973227409853,0.237100323958531,0.25,1,150.000015727529,133.036100406208,-15.0298514356838,313.139933340277,495.020517435683,4785.80481199875,-6.80134562837204,2.67438652223727,-0.26059836169149,-0.101745411936257,2.67438652223727,-0.26059836169149,3.10420115612957,-0.169639102443496,-50.937150296844,0.437843220951255,5.97509936464951,834.164961983127,6.19145875950423e-18,1.198386105614,0.927703155921259,0.776345422351838,0.836053911050933,0.828910321841476,0.817411644620352,0.0129325571329028,0.0121663608999063,0.00602801598166857,0.00738358871992501,0.00910064097489844,0.010753920841579,1306.80470784293,15.8474773461096,17.3232166618681,5.59024100925749,124.118222406248,119.459060381562,2580.50224053366,317.579469092922,22.3405327125047,0.263281021560925,0.350369132552286,0.0207309168780286,0.263281021560925,0.350369132552286,0.629317964178049,0.162238837365952,0.537903940475749,0.560892220386012,0.566038336746995,0.223003459222947,1.30326242910612e-15,0.0779269100039213,0.035813950515092,0.0321304027903485,0.0418424452256617,0.0453334443631133,0.0488603375471561,0.0138534631142774,0.00412174172898477,0.00211780939196051,0.00193620597550145,0.00163586635403845,0.00125852844300727,0.99020343056677,0.00950494017811076
-5.43,18.334,1.28464,0.2,0.020044684363484,0.0585492567109301,0.0931714773237076,0.107465057473987,0.161510838387617,0.206256639506326,0.020044684363484,0.0585492567109301,0.0931714773237076,0.107465057473987,0.161510838387617,0.206256639506326,0.020044684363484,0.0585492567109301,0.0931714773237076,0.107465057473987,0.161510838387617,0.206256639506326,0.25,1,150.000015727529,167.017123216332,-10.7337036623268,618.788428288721,175.199677314863,4675.2100822831,-37.9395083845433,1.53806646182689,-0.517896209980835,-0.0378737158629309,1.61892068534528,-0.113773785666076,0.758851604874492,-0.566704549407353,-101.107527340902,0.156113479296948,2.91720163524633,1173.67961670659,14.5895531715447,1.51153681908134,0.895742714300593,0.527273919383398,0.429149484428706,0.276975815019269,0.188639764607853,0.0261444394904698,0.0122294270284345,0.00748543735027601,0.00657414248515779,0.00790458108530361,0.0090857782522654,4999.97979377148,43.0934204770338,17.3232166618681,38.4833992685797,119.667268722427,118.008820011288,2478.64881157125,1115.12722047307,17.9794927390659,0.517478180518342,0.456157177255265,0.0234471955333657,0.594198192769737,0.350407649817565,1.78436021116641,0.446330873278567,1.47423957443155,0.558890019252755,1.24964381849574,0.736015525020273,0.00649184669674251,0.19530665450838,0.0987934940043632,0.0633474443787112,0.0617375588849924,0.0672409060024163,0.0759872734077529,0.0383588331965532,0.0078916083347224,0.00266280628650189,0.00133106288368389,0.000851134429693021,0.000917198588939159,2.81302920931608,0.00995338894451308
9.99,19.874,1.17776,0.2,0.0146117568197647,0.0501360380371309,0.0985284223865314,0.14164041044566,0.176579069995882,0.223652490239096,0.0146117568197647,0.0501360380371309,0.0985284223865314,0.14164041044566,0.176579069995882,0.223652490239096,0.0146117568197647,0.0501360380371309,0.0985284223865314,0.14164041044566,0.176579069995882,0.223652490239096,0.25,1,150.000015727529,158.247053431934,-10.2804712571607,619.053515258827,165.691906676388,4313.24424539111,-36.5254450869701,1.32204473492344,-0.479428972713258,-0.0336915078116863,1.40295930319758,-0.0967635971357149,-0.0659439501822727,-0.685106561277992,-101.097788772003,0.127123066476929,2.43252384150609,1173.71773773565,15.9871565461933,1.4857239141756,0.963137131548796,0.565027997083636,0.438720841579002,0.258550358945839,0.16774435282054,0.093047347060098,0.0131190413071555,0.00670037970044787,0.00711159483387146,0.00876303312154983,0.00844174627642954,4999.98437662743,43.0933673575672,17.3232166618681,55.4693548745814,121.414398165012,118.143104425602,2530.1356064401,1678.94761384192,21.7125255448529,0.719470289406868,0.534308226574285,0.0283947493872493,0.818190333735006,0.36562180316453,2.43322980893873,0.546198898651538,1.73444850011315,0.58125484220845,1.67969126497567,0.851534721327887,0.0058020624123359,0.378260875533411,0.300953275255029,0.22431810421029,0.181708456336311,0.153959590480441,0.115111449486102,0.111128194736898,0.0205783954645279,0.00694540615377747,0.0033167319441216,0.00164686873811167,0.00143911542752576,3.19240075044946,0.0103341733354558
1.77,6.058,1.3608,0.2,0.0174487437928648,0.0544405600686875,0.0847268317380016,0.109886794412607,0.157455760802584,0.221507223741368,0.0174487437928648,0.0544405600686875,0.0847268317380016,0.109886794412607,0.157455760802584,0.221507223741368,0.0174487437928648,0.0544405600686875,0.0847268317380016,0.109886794412607,0.157455760802584,0.221507223741368,0.25,1,150.000015727529,106.933028851161,-9.72831986251431,265.079884387043,315.939267031559,3856.32600770753,-10.1354797077388,2.18903187168003,-0.198476510037496,-0.0685849317779398,2.18903187168003,-0.198476510037496,1.85834709926049,-0.112652452711072,-43.6960691594626,0.336516283159046,4.92681741485262,771.978856369128,1.35226108426206e-17,0.947142485157797,0.743148244974482,0.631675512967399,0.695004666180607,0.715736402458078,0.733494146443079,0.01222980599198,0.0114527210707218,0.00618844807832517,0.00681163701697739,0.00863408426205605,0.0100715425476513,751.255567128426,9.84424226643047,17.3232166618681,2.54723763207747,122.796779217603,120.121905102592,2538.03379375218,192.502523142521,18.0337617691637,0.175956993516665,0.337068273788682,0.0114057274463877,0.175956993516665,0.337068273788682,0.437002405461738,0.0797952764200246,0.456629208858936,0.538313100134436,0.381699227267611,0.140463460155531,1.18296366690715e-15,0.0810941179666052,0.061899193109415,0.0526265365305164,0.0552621330860879,0.0574255149876604,0.047963355533841,0.00951379225940648,0.00376208063337059,0.00202011167287147,0.00171862160508321,0.0014020582264282,0.000910288663743841,0.614381882547564,0.00696442214851723
-3.15,14.55,1.3064,0.2,0.0172033401942396,0.0527321906352847,0.0984549904382165,0.134642845840608,0.17894278535697,0.224126682614512,0.0172033401942396,0.0527321906352847,0.0984549904382165,0.134642845840608,0.17894278535697,0.224126682614512,0.0172033401942396,0.0527321906352847,0.0984549904382165,0.134642845840608,0.17894278535697,0.224126682614512,0.25,1,150.000015727529,197.490480158317,-16.209350779398,613.975294240183,389.04649042808,6305.13988126237,-25.1048329788564,2.81315435892094,-0.678394229767733,-0.114655970211436,2.88396687845016,-0.238290771492553,6.08109832309134,-0.243187165293199,-100.888623060098,0.37847628520977,5.98601374856785,1173.5730653057,8.83471815435889,1.38816560774919,0.879952546609728,0.610271242578898,0.584864628684512,0.481519279241745,0.43045334860952,0.0152015691144673,0.0117948038234861,0.00675497906468076,0.00816535600458285,0.00835354254765129,0.00873816841995625,4999.98260597854,43.0934704718255,17.3232166618681,29.4139893904784,123.378829285503,119.179787672079,2560.71678394887,931.977717295516,25.3919334815047,0.478640079770288,0.414969307173275,0.040102367485946,0.522297862162497,0.358475752803384,1.60446104869825,0.30204430948399,1.26161018960124,0.572417691157074,1.09615584630758,0.494658414132643,0.00500242988555762,0.134132745459674,0.0756361445371272,0.0598060403600639,0.0580656430328903,0.0562749452848582,0.0559768179833943,0.022593125245165,0.00592448071088411,0.00255658367497835,0.00167590979922028,0.00136688124670381,0.00151941979718222,1.75588579255652,0.00662353662110426
-7.29,19.83,1.32368,0.2,0.0181917160080457,0.0459133549044754,0.0872853491366041,0.12794939311887,0.155464978293734,0.22032248627037,0.0181917160080457,0.0459133549044754,0.0872853491366041,0.12794939311887,0.155464978293734,0.22032248627037,0.0181917160080457,0.0459133549044754,0.0872853491366041,0.12794939311887,0.155464978293734,0.22032248627037,0.25,1,150.000015727529,163.133413186126,-9.74105052598688,619.663295490053,117.397905999375,4316.64232892407,-43.0556348297052,1.21030787417977,-0.440570306561816,-0.0244452621601917,1.28565735860848,-0.0778125184876576,-0.64406693010103,-0.727875248776169,-101.103869388605,0.0915453475971252,2.09205064720862,1173.67617956463,16.539030309343,1.53094042287262,0.910865243203833,0.504344620352047,0.382361306113946,0.209604130819706,0.118347481574836,0.0411901136676388,0.0119106046245183,0.00755153838141861,0.00602808717841891,0.00867564941151964,0.00917407707530467,4999.96177481512,43.0936579522969,17.3232166618681,38.5025543268586,117.519017961449,117.73194177936,2429.19777214254,1065.48956039375,17.0155667562692,0.467674631869467,0.447052359278539,0.0166967960199054,0.549749729773184,0.341109900385859,2.79043427373382,0.497482962069673,1.46844171063145,0.543141687073589,1.14056499204309,1.02643407131347,0.00677058727743595,0.244577576718573,0.123209876122537,0.0639001097291712,0.0568683867173631,0.0681223685321829,0.0624141904379992,0.0555363347770991,0.00964697239059551,0.00275327471235214,0.00090271426496426,0.000853580225427921,0.00146156381749154,3.83640689313629,0.0117736141936739
3.33,10.59,1.3992,0.2,0.0181805248759202,0.0535154869176167,0.0917382736930809,0.137370976890621,0.180444068026487,0.225189464073536,0.0181805248759202,0.0535154869176167,0.0917382736930809,0.137370976890621,0.180444068026487,0.225189464073536,0.0181805248759202,0.0535154869176167,0.0917382736930809,0.137370976890621,0.180444068026487,0.225189464073536,0.25,1,150.000015727529,265.28697010728,-34.6188085324445,561.433527757525,1118.13882534111,9467.52525778565,-4.48098566513905,5.18119633371524,-0.527629933340277,-0.37458154358921,5.18119633371524,-0.527629933340277,14.7904143318404,-0.601142235287991,-94.7287449224039,0.879553313196542,11.4789750026039,1144.39120924904,6.19163583066347e-18,1.31112904905739,1.00557471096761,0.844644755754609,0.895125486928444,0.856403207999166,0.839314602645558,0.0133202717153422,0.0122024828099156,0.00607461869617749,0.00984760197896051,0.0097598880324966,0.0107277409644829,4105.48619935423,36.2901041558171,17.3232166618681,11.5206523793524,125.615687480696,120.358424099911,2605.16130562681,550.260268165304,43.8388862348445,0.371747238684957,0.352919860247331,0.0541017565079183,0.371747238684957,0.352919860247331,1.51580637161476,0.258058657042249,0.86242732642591,0.564366376147522,0.814999030546501,0.619359385156224,1.31427142112931e-15,0.136109586328221,0.0882607358317666,0.0739349348093,0.0702620694505493,0.0566445208268874,0.0483829328257793,0.0199488032742737,0.00701962039195502,0.00366973763242425,0.0032131900508941,0.00210217317204708,0.0014996319365368,6.15377950780418,0.0474410773181047
-14.55,9.05,1.15664,0.2,0.0161042911964053,0.0487534366386478,0.0889230973080676,0.125282205882559,0.15586269892485,0.220494469807067,0.0161042911964053,0.0487534366386478,0.0889230973080676,0.125282205882559,0.15586269892485,0.220494469807067,0.0161042911964053,0.0487534366386478,0.0889230973080676,0.125282205882559,0.15586269892485,0.220494469807067,0.25,1,150.000015727529,159.913165295282,-26.1206019294865,371.438079366733,792.561764920321,5729.67638787626,-5.26678093531924,3.16319175085928,-0.337943248776169,-0.142190894698469,3.16319175085928,-0.337943248776169,4.87385064055827,-0.243904745904593,-61.7889303197583,0.563265652390375,7.02369190709301,919.203978752211,1.66844075096345e-17,1.37538902197688,1.05941639412561,0.885913811061347,0.936255546297262,0.907177408603272,0.879909238620978,0.0165494020931153,0.0123150066182689,0.00600877496281637,0.00958036376929485,0.00981951900843661,0.0121846777419019,1963.67576294136,21.6104509946883,17.3232166618681,9.61966224235265,124.38296891162,120.2854639312,2608.29859746102,490.319550728694,26.6362974878111,0.380370914096067,0.364510514039306,0.0350625917099432,0.380370914096067,0.364510514039306,0.896581489825531,0.69462263013878,0.692559362255919,0.585225786457405,0.828821169811199,0.231388024499586,1.34598684393527e-15,0.199129162962059,0.0653047039043742,0.0256545911027906,0.0366395542002874,0.0451517999017459,0.0628268820106541,0.0356117130465141,0.00707471973891714,0.00292044648142595,0.00270628356055362,0.00237985735349789,0.00296446570184054,0.866845937175304,0.00605312585399
11.67,4.298,1.22512,0.2,0.0175760094761943,0.0493498834596201,0.0759569957782568,0.129811619652233,0.186293478348475,0.246691101866892,0.0175760094761943,0.0493498834596201,0.0759569957782568,0.129811619652233,0.186293478348475,0.246691101866892,0.0175760094761943,0.0493498834596201,0.0759569957782568,0.129811619652233,0.186293478348475,0.246691101866892,0.25,1,150.000015727529,64.1267253411103,-3.24301565878555,221.86951567545,95.6597076783669,2235.12967399229,-13.2357474889386,1.26934496406624,-0.100013786201437,-0.0237630111446724,1.26934496406624,-0.100013786201437,0.240914992698677,-0.0486602603788147,-35.6643474638058,0.171856465582752,2.87446172273721,697.205051557137,-9.84642141443601e-18,0.537616175398396,0.425834860951984,0.383093740235392,0.460149463597542,0.494240974898448,0.56516966982606,0.0121235397354442,0.0105400084366212,0.00680886199354235,0.0069881656077492,0.00864404437037809,0.0104106658681387,180.985116133736,2.62593719404231,17.3232166618681,2.54267225007972,120.929503067208,121.105526947768,2489.11478090362,83.1384447497314,10.7610849194644,0.0642151765867215,0.323167817310671,0.00270691272193002,0.0642151765867215,0.323167817310671,0.225976365571234,0.0505284061725995,0.373180996197547,0.514735795800615,0.181977962889485,0.0801723400707132,1.07138157557651e-15,0.0940275177020229,0.0692378169954525,0.0554152110903339,0.0598875337088,0.0617247592479399,0.0600331266606313,0.00581781292885167,0.00248281912824407,0.00142017097225348,0.00154498345948143,0.00133242543831018,0.000772269347989593,0.26000863277153,0.00359381888350646
2.13,16.926,1.23216,0.2,0.0173383218603672,0.0482084213671697,0.0862409762366972,0.120616491348097,0.159236969173694,0.206783523134161,0.0173383218603672,0.0482084213671697,0.0862409762366972,0.120616491348097,0.159236969173694,0.206783523134161,0.0173383218603672,0.0482084213671697,0.0862409762366972,0.120616491348097,0.159236969173694,0.206783523134161,0.25,1,150.000015727529,172.657566920112,-12.1387310498906,618.293438183523,244.033456453494,5098.66836787835,-31.6568265701489,1.9226989167795,-0.58496104337444,-0.0571885138006458,2.00381803978752,-0.153899784856786,2.41526127205499,-0.429794009551089,-101.067090928028,0.228795020053744,3.87701926882617,1173.63555879596,12.5300374960941,1.48102978856369,0.905130913446516,0.565851630038537,0.492587105509843,0.358017289865639,0.282147672117488,0.0219573857860639,0.011764388646391,0.00681188959483387,0.00707105166128529,0.00786647974169358,0.00791781512342464,4999.98156442037,43.0931923757942,17.3232166618681,39.4511198784374,122.017083381852,118.786185919371,2533.42675304239,1188.88689984947,19.9079719650315,0.556097588543812,0.453314127562578,0.0315932697200758,0.621820166811675,0.35788213077378,1.73009328862972,0.388367305197687,1.44244194169773,0.570364438371468,1.29872107464722,0.601198475534823,0.00608778234634478,0.201934938852135,0.145229649343466,0.113334681813511,0.10046144442006,0.0913211248321698,0.0853150108363556,0.0323097909060273,0.00927614598800154,0.00355639552650354,0.00212719408685812,0.00108831069276682,0.00110613754319385,2.19809901066058,0.00809869898185937
-0.870000000000001,19.082,1.14832,0.2,0.0187355712195951,0.0527416749915528,0.10348248413731,0.145160647598,0.20136881208616,0.238130527722337,0.0187355712195951,0.0527416749915528,0.10348248413731,0.145160647598,0.20136881208616,0.238130527722337,0.0187355712195951,0.0527416749915528,0.10348248413731,0.145160647598,0.20136881208616,0.238130527722337,0.25,1,150.000015727529,162.137274242266,-10.7068499545881,618.953004895324,176.062381179044,4509.52036246224,-31.9202689303197,1.45993229871888,-0.507109677497136,-0.035451046661806,1.54170326007707,-0.108265058118946,0.48901028156442,-0.611581396520311,-101.106711800854,0.147550477538798,2.76002416414957,1173.67951255078,15.1379095927506,1.56705020310384,0.961523872513279,0.571772179981252,0.459641120716592,0.287143880845745,0.191153471513384,0.0317180282559109,0.012116971282783,0.00721803864180815,0.0072656236850328,0.00780684334965108,0.00909006155608791,4999.98666805541,43.0934173523592,17.3232166618681,42.3793942256618,120.114110012601,118.004009834681,2491.09326026984,1230.18373975992,17.1735141966113,0.55161182036659,0.470986105782584,0.0237521131203036,0.63356883362787,0.353120374698414,2.01964455676246,0.460321445547554,1.52214689705148,0.562462794945317,1.32157269393853,0.819226014216152,0.00604966877973868,0.178926737743094,0.128622575733722,0.102585502285123,0.0958877499483669,0.0915747818856032,0.0926596113580251,0.0387284221892971,0.00923251381445929,0.0034385453153772,0.00211054486979898,0.00125539911658263,0.00111400672904444,3.04641684181141,0.0101343920898561
-5.37,4.122,1.33712,0.2,0.0195563034789329,0.0458668418085461,0.0851905525195169,0.130569014641209,0.165167552505805,0.20044456305503,0.0195563034789329,0.0458668418085461,0.0851905525195169,0.130569014641209,0.165167552505805,0.20044456305503,0.0195563034789329,0.0458668418085461,0.0851905525195169,0.130569014641209,0.165167552505805,0.20044456305503,0.25,1,150.000015727529,66.4860733256953,-3.73639307988752,220.919001145714,104.899550821789,2343.10790542652,-15.4249488594938,1.34939808353297,-0.106439753326737,-0.027006242058119,1.34939808353297,-0.106439753326737,0.358183003593376,-0.0508121066611811,-35.5864941151964,0.183656580168732,3.06989271950838,696.446245182785,-1.05557676179565e-17,0.501472627851265,0.398485584834913,0.363328601187377,0.440117685657745,0.477880762420581,0.56028258514738,0.0120120554108947,0.0103712525778565,0.00615666618060618,0.00598575262993438,0.00856461868555359,0.00943642787209666,175.742880949901,2.55265753567333,17.3232166618681,3.19076150400749,121.493799803763,120.890548493996,2512.52879909789,89.7646472553239,10.7143790012626,0.124948508779924,0.334870605009644,0.00534324018828792,0.124948508779924,0.334870605009644,0.225429800602827,0.05147032057557,0.384233949989768,0.535161183329906,0.232104238772936,0.059448103102376,1.06458353874848e-15,0.0272548901319395,0.0210627685565004,0.0197943352221505,0.0234465423378714,0.0284314872339686,0.0308025032942343,0.00241782631726743,0.00104470078523803,0.000563945452547352,0.000491430464254619,0.000619082861225631,0.000502939568965695,0.231452819374557,0.00322328729221095
-13.17,5.75,1.172,0.2,0.0195845233063244,0.061314212458924,0.0997163418163734,0.138393676413976,0.182729189260158,0.227862888846124,0.0195845233063244,0.061314212458924,0.0997163418163734,0.138393676413976,0.182729189260158,0.227862888846124,0.0195845233063244,0.061314212458924,0.0997163418163734,0.138393676413976,0.182729189260158,0.227862888846124,0.25,1,150.000015727529,86.2059941672742,-2.41275877314863,250.083420477034,128.865977075305,3052.45641079054,-9.85391681270701,1.71271430059369,-0.138939791760233,-0.0427422081033226,1.71271430059369,-0.138939791760233,0.963257199302155,-0.082125561000729,-40.2752036246225,0.236771898573065,3.85049161545672,741.031736277464,-1.67500998541819e-17,0.885418008540777,0.688740339547964,0.590442630975941,0.658891219664619,0.673611696698261,0.702142724716176,0.0125561823510051,0.0115600149984377,0.00675867982501823,0.00795216800333298,0.00913903030934278,0.0100866866993022,502.299822935113,6.85685991042598,17.3232166618681,3.89562071882852,123.182815762459,119.638949589602,2558.90277798222,205.945620858576,13.8900176980131,0.205638349446741,0.346579916382652,0.01073717639495,0.205638349446741,0.346579916382652,0.368837270204808,0.0631654010831899,0.438116782722974,0.554857574959796,0.42349720108961,0.126589871013404,1.13745976376197e-15,0.0845220651518505,0.0259806524297671,0.0157336060881026,0.0331813337489019,0.0433497566271292,0.0550844859192842,0.010658417127807,0.00261067651516965,0.00129100077660148,0.00133657422189196,0.00123723663932387,0.00100290252567192,0.524548387006798,0.00647598592496223
8.97,16.486,1.3896,0.2,0.0161064544411611,0.0557799006388991,0.0886909372592764,0.135491951931037,0.173557613655476,0.21698941836108,0.0161064544411611,0.0557799006388991,0.0886909372592764,0.135491951931037,0.173557613655476,0.21698941836108,0.0161064544411611,0.0557799006388991,0.0886909372592764,0.135491951931037,0.173557613655476,0.21698941836108,0.25,1,150.000015727529,176.691500885324,-12.2202372044579,617.932350796792,240.834286011874,5218.61576919071,-39.6247763774607,1.97061289449016,-0.587627991381106,-0.0614381208207478,2.05043899593792,-0.15586527362983,2.57426658538694,-0.40784734764285,-101.059980210395,0.23143220104989,3.96554910946776,1173.62962191438,12.2566680554105,1.401463670451,0.847720049994791,0.526793156962816,0.463199198000209,0.333078231434226,0.265611519633371,0.0303434757952297,0.0121926860793667,0.0066784938415165,0.00707380876991979,0.00817817279450057,0.00812965430684304,4999.98385584835,43.093216331632,17.3232166618681,45.5513396099119,123.330435642151,119.173510003903,2565.31585987067,1412.3073323456,22.8933286118533,0.656514507786168,0.477000560854535,0.0374748068423945,0.724424083728176,0.365708880065052,1.8951150090455,0.420040729615022,1.514929670268,0.582820410561937,1.5122232132104,0.574903572308479,0.0048230252067828,0.331510933613096,0.226165536653644,0.163011407704214,0.133084652721423,0.111447371683889,0.0959127161179244,0.051656529728252,0.0135348094033769,0.00477893192422026,0.00263819061469578,0.00126864868751221,0.00126741673188207,2.012008160823,0.00717402489889826
-13.65,13.142,1.2264,0.2,0.0177653631069483,0.0545111190358119,0.092723861178272,0.134254930377837,0.150425953970001,0.193494705414262,0.0177653631069483,0.0545111190358119,0.092723861178272,0.134254930377837,0.150425953970001,0.193494705414262,0.0177653631069483,0.0545111190358119,0.092723861178272,0.134254930377837,0.150425953970001,0.193494705414262,0.25,1,150.000015727529,231.069596916988,-26.4553969909385,605.555275492136,770.517319737527,7887.98770961358,-11.0662178960525,3.99653338193938,-0.686703947505467,-0.22717009686491,4.03686178523071,-0.38414209736465,10.8721288407458,-0.296783923512134,-100.390229142798,0.630995150641599,8.74294885949381,1173.62472659098,4.31389511509217,1.40458243932924,0.989911342568481,0.769082189355274,0.782169857306531,0.715777783564213,0.677675669201125,0.019851345193209,0.0123286018956359,0.00603492408269972,0.00791532069576086,0.00846659337569003,0.00937392875742109,4999.98562649724,43.0934590146855,17.3232166618681,22.845319668689,125.536879623572,119.54662738137,2635.9120697946,852.686055976796,35.2865850791372,0.525066853437006,0.411918421656571,0.0621965260826602,0.549555150552567,0.378639965019602,1.69688499891542,0.263050433611869,1.19285052918968,0.608059637806529,1.18135022854721,0.484218647593446,0.00775151450858838,0.236482154233163,0.0829216469116546,0.0264237199989181,0.0228568433787356,0.034383217671129,0.050557931928306,0.0435028770723148,0.00793822566647025,0.00260792340208929,0.00189384025361823,0.00146386247676804,0.00114299916271432,1.50755100993776,0.0064341708404468
-0.27,12.614,1.15152,0.2,0.0154886215251273,0.0523230080031752,0.0928162742240473,0.124060061637288,0.151676591161779,0.215520276244789,0.0154886215251273,0.0523230080031752,0.0928162742240473,0.124060061637288,0.151676591161779,0.215520276244789,0.0154886215251273,0.0523230080031752,0.0928162742240473,0.124060061637288,0.151676591161779,0.215520276244789,0.25,1,150.000015727529,239.12040412457,-31.528983151755,603.505770232267,954.450598135611,8236.41308197063,-3.75940987115926,4.24078627226331,-0.643402520570773,-0.252181897718987,4.26750244766171,-0.431995196924279,11.8087024268305,-0.388486227342985,-100.266507655453,0.71035025339027,9.27278502239349,1173.71482137277,2.84674242266431,1.47848213727737,1.07887370065618,0.8667052390376,0.883757389855223,0.818964159983335,0.771906249349026,0.0167558368502239,0.0123790640370795,0.0060443348451203,0.00864802338975108,0.00873715227580461,0.0100603426726383,5000.0286428497,43.0929621914387,17.3232166618681,17.2149743828835,125.606445031023,119.830553126214,2614.42091955756,667.077658500501,36.3954232831853,0.407596291209038,0.374560200056763,0.049811338562185,0.419843901323317,0.360797973328429,1.51376452025906,0.225603305594945,1.05433813172488,0.576923646771368,0.89360376637513,0.639920317195676,0.0415768189761043,0.124010608243535,0.0802789861523392,0.0685657694802926,0.0635483400797752,0.054767555345153,0.0487973076283406,0.0229485456334192,0.00730688843772588,0.00364842928989991,0.00279358727388851,0.00179472777344309,0.00120682814420553,1.43531076833594,0.0183455128354894
-0.81,22.778,1.20912,0.2,0.0156659978720084,0.0485195404301121,0.0906066661399104,0.112415874369198,0.157764201515588,0.204324954509504,0.0156659978720084,0.0485195404301121,0.0906066661399104,0.112415874369198,0.157764201515588,0.204324954509504,0.0156659978720084,0.0485195404301121,0.0906066661399104,0.112415874369198,0.157764201515588,0.204324954509504,0.25,1,150.000015727529,153.696932611186,-8.62097495781689,620.389292782002,60.8997857514842,3725.98729299031,-41.9960993646495,0.769445228613687,-0.316390666659723,-0.014605511155088,0.831284209155297,-0.0334882128215811,-2.42390958941777,-1.04847701598688,-101.058495990001,0.0137299930840537,1.01561811812624,1173.68055410895,20.0455973336117,1.59169617748151,0.972841506093115,0.51068526195188,0.339404020414541,0.141213149153213,0.0200702279397979,0.048329279561504,0.0121180658800854,0.00690188480366629,0.00635012561191543,0.00849283532965316,0.00909818008540778,4999.96760754088,43.0933559004274,17.3232166618681,50.7615282540222,115.798751388506,117.384433069339,2396.79491147327,1413.81655371086,15.4368687847377,0.564287860412967,0.501616673790042,0.0121830003921669,0.674057393402484,0.340129743382527,3.50458404116389,0.647893873121186,1.68323987205774,0.54005736588651,1.37526222957076,1.06854941841638,0.00624332386550907,0.189568436067546,0.15793431758099,0.125181723258532,0.117742136629166,0.0996872626868776,0.0934142777676413,0.0520127250584186,0.0107574336469141,0.0035095149388928,0.00137409323815259,0.00143896795245528,0.00180783086591455,4.39771396515201,0.0147551999599603
0.630000000000001,9.754,1.26992,0.2,0.0176169121952737,0.0597724765686138,0.0952072284990383,0.150953317871497,0.188770431241181,0.253937458476738,0.0176169121952737,0.0597724765686138,0.0952072284990383,0.150953317871497,0.188770431241181,0.253937458476738,0.0176169121952737,0.0597724765686138,0.0952072284990383,0.150953317871497,0.188770431241181,0.253937458476738,0.25,1,150.000015727529,211.233642328924,-28.4522080054161,481.273534006875,907.77915094261,7549.16966982606,-5.15454406207687,4.13585043224664,-0.423388511388397,-0.239473898552234,4.13585043224664,-0.423388511388397,9.35678366836788,-0.412979726955525,-80.6415852515363,0.705777101282158,9.16530923862095,1052.32309134465,3.7812352739298e-17,1.31304478700135,1.00771944589105,0.849076533694407,0.904363482970524,0.863961639412561,0.841773711071764,0.0121916483128528,0.0122904838079367,0.00600391607051349,0.0107894159983335,0.0100470554108947,0.011688048953234,2946.79616706593,28.325654619311,17.3232166618681,9.18110261129572,124.615690387521,120.234258024089,2587.89978881044,460.001592910269,34.823178661278,0.326943408906124,0.351029240724493,0.0384077306386374,0.326943408906124,0.351029240724493,1.1181732227201,0.181157243239407,0.799988650471029,0.561578353268208,0.711697568089154,0.467681632373414,1.36800372006745e-15,0.110431407227513,0.0716608110879042,0.0626469608060397,0.0627004236903626,0.052484455398912,0.0467138867030307,0.0171266927027847,0.00602445317559011,0.00324215025185574,0.00307118839184075,0.00198900049780352,0.00154082482581679,1.17091928575485,0.00624425333834957
1.05,15.65,1.3544,0.2,0.0203308588244316,0.0563020536342221,0.0926641266410521,0.125131992686591,0.151004946503192,0.192819716142417,0.0203308588244316,0.0563020536342221,0.0926641266410521,0.125131992686591,0.151004946503192,0.192819716142417,0.0203308588244316,0.0563020536342221,0.0926641266410521,0.125131992686591,0.151004946503192,0.192819716142417,0.25,1,150.000015727529,183.444714092282,-13.038503750651,616.819018852203,274.571560722841,5587.92552859077,-33.8029059472972,2.26295219247995,-0.630288944901574,-0.0766875346318092,2.34202666388918,-0.182068006221227,3.80318072009374,-0.33158389079575,-101.018774086033,0.278895334225602,4.67701041558171,1173.60254140194,11.1184543276742,1.39628132486199,0.845557400270805,0.545471388397042,0.496603885011978,0.382509780231226,0.322104041245704,0.0159704641988543,0.0118703556524737,0.00703699604207896,0.00720547786688886,0.00768498312675762,0.00741734277679408,4999.98291844599,43.0932850744713,17.3232166618681,36.4470033836805,122.669963632558,119.071390423612,2546.993622175,1122.12595529985,21.7898891179525,0.542168659668468,0.440425885087213,0.0362450890580721,0.599212009397032,0.358982551368543,1.70562846764974,0.351334993225308,1.37657416977621,0.572597270928601,1.25480372415032,0.54860599760066,0.00578667851157915,0.171076489088686,0.119472587884867,0.0941925492289557,0.08467394052893,0.0778314633061642,0.072651557065787,0.0256697532975956,0.00747136232806695,0.00302427077477381,0.00194895289476027,0.00101333300493072,0.000957263837984421,1.99632993017662,0.00730431344574761
-5.91,11.426,1.32752,0.2,0.0162721438382536,0.0495163983220641,0.103788270148367,0.143672658740838,0.175015286537598,0.237643355046321,0.0162721438382536,0.0495163983220641,0.103788270148367,0.143672658740838,0.175015286537598,0.237643355046321,0.0162721438382536,0.0495163983220641,0.103788270148367,0.143672658740838,0.175015286537598,0.237643355046321,0.25,1,150.000015727529,278.600156233726,-40.9711165222373,576.043985001563,1308.42148765754,9878.09311530049,-1.43486269971878,5.34142516404541,-0.567883941256118,-0.39821632121654,5.34142516404541,-0.567883941256118,15.6169199041766,-0.653979811342568,-96.7977471096762,0.941839684407874,11.7716723257994,1157.60764503698,1.18593873242371e-17,1.45246870117696,1.1106985730653,0.93479019893761,0.975189688574114,0.915760337464847,0.879329049057389,0.0155369804008332,0.0124382823039267,0.00604599870638475,0.012611360932507,0.0106200858243933,0.01224133142381,4776.25351525883,41.7371732111238,17.3232166618681,15.7684063404408,125.936166198745,121.389136395765,2648.46640746542,706.479651360866,45.7827646889602,0.484927465417978,0.375575527485604,0.0736868304128931,0.484927465417978,0.375575527485604,1.74053150728587,0.334207530317481,0.988017320718531,0.603260134745347,1.04986338561347,0.57653769520138,1.28231299933329e-15,0.104365548895808,0.0393784094693863,0.0304917781058135,0.0358387845357059,0.0342436841751308,0.0408545224039644,0.0218545911730208,0.00569036683861582,0.00302891903826685,0.00292989761875078,0.00234872323501871,0.00236421144798256,6.99676222635042,0.0523339446785228
-1.47,15.034,1.26928,0.2,0.0182836900880669,0.0621201683673579,0.0829453241115234,0.126149392850415,0.167523815289113,0.210249092561834,0.0182836900880669,0.0621201683673579,0.0829453241115234,0.126149392850415,0.167523815289113,0.210249092561834,0.0182836900880669,0.0621201683673579,0.0829453241115234,0.126149392850415,0.167523815289113,0.210249092561834,0.25,1,150.000015727529,190.976908655348,-15.2576562628893,615.120664514113,355.844037100302,6012.49526091032,-25.5889882853869,2.61059098010624,-0.662938702218519,-0.0995230538485574,2.6845127590876,-0.2192308896792,5.26192247682533,-0.270351339842725,-100.942652848662,0.345088417517966,5.51595365066139,1173.57962712217,9.57995917091969,1.41618373086137,0.887087803353818,0.60436339964587,0.569457483595459,0.461394219352151,0.405360931153005,0.0159271754530778,0.0122095112033122,0.00650806030621811,0.00781672200812415,0.00806464764087074,0.00838177096135819,4999.99052182064,43.0934392250805,17.3232166618681,31.1088903936789,123.133645510441,119.096929011695,2555.12163163214,969.187624166195,23.7857242834662,0.485809254275242,0.419357807861495,0.0377560908172183,0.532941998161992,0.35755584268157,1.60579562979791,0.289832315005644,1.28505735653221,0.570547229014955,1.11623078186025,0.522152502577208,0.00519412724262271,0.142258284724608,0.0908729258026541,0.0732014207075783,0.0688886704860365,0.0651030081143641,0.0628088801073637,0.0236545198877877,0.00660484109779786,0.00277095457660959,0.00193803911873143,0.0013015589370287,0.0013323899900392,1.93800094291983,0.0073840818927907
-1.71,17.278,1.24496,0.2,0.0172313044202924,0.0529516102288485,0.108615901224224,0.148299899461683,0.175199065197445,0.225717079007028,0.0172313044202924,0.0529516102288485,0.108615901224224,0.148299899461683,0.175199065197445,0.225717079007028,0.0172313044202924,0.0529516102288485,0.108615901224224,0.148299899461683,0.175199065197445,0.225717079007028,0.25,1,150.000015727529,170.95865014061,-11.6037898406416,618.755994167273,221.837087178419,4974.22258098115,-33.3181057181544,1.80925306738881,-0.566624040745756,-0.0507778709509426,1.89056797208624,-0.142155440002083,1.92638607637746,-0.466930788169982,-101.0806374336,0.207491950369753,3.59426351421727,1173.66357671076,13.0895917091971,1.4928483491303,0.899741599833351,0.554965389021977,0.475517883553796,0.332569867722112,0.253766951359233,0.0204712951195709,0.0119264374915113,0.00761084012082074,0.00738850838454328,0.00766382480991563,0.00830308488699093,5000.008540777,43.093275700448,17.3232166618681,38.135226967259,121.020766745518,118.602838287047,2510.54398518123,1133.61787319701,18.9556447930142,0.530133260592734,0.450289202908172,0.0284712304347906,0.598452856450612,0.354466597351986,1.71928671645154,0.400695848783488,1.4443985952532,0.565137298040633,1.25178436705157,0.646090226522245,0.00635248884995128,0.162728959596271,0.106783191007638,0.0847690897679126,0.0802980095613844,0.0773962297024835,0.0780317236260264,0.0291101489810755,0.00757333406766971,0.00294209721201676,0.00200522812557094,0.000999234434107051,0.00100404645434409,2.36249558324728,0.00878373983630744
5.97,16.046,1.26608,0.2,0.0195987725364607,0.0532538861812696,0.0941807908365915,0.124054185907648,0.173113504555737,0.237264856741317,0.0195987725364607,0.0532538861812696,0.0941807908365915,0.124054185907648,0.173113504555737,0.237264856741317,0.0195987725364607,0.0532538861812696,0.0941807908365915,0.124054185907648,0.173113504555737,0.237264856741317,0.25,1,150.000015727529,180.283272575773,-13.4989582408082,617.035892094574,291.471399541714,5483.06843037184,-30.0897550538486,2.21116946151443,-0.620981172273722,-0.0736434954692219,2.28956296219144,-0.181102924660973,3.60760938371003,-0.347198773117384,-101.029456306635,0.277186575692115,4.56368336631601,1173.60004166233,11.1643516300382,1.43908281429018,0.89413970419748,0.581781793563171,0.525330288511614,0.40111912300802,0.33235298406416,0.0241575664347464,0.0120172157738777,0.0069231805228622,0.00714323497552338,0.00804209728153318,0.00824879356317051,4999.97354442246,43.0932132069574,17.3232166618681,38.1345225997929,123.283068270095,119.099040329705,2560.51566555658,1168.37026612042,22.0405614715185,0.552350803317636,0.441706376953875,0.0358575436311467,0.60885323681332,0.359875194470562,1.706014471966,0.347501604267429,1.38446649479143,0.573274282590162,1.26780206901196,0.538338491655033,0.00495804162646703,0.26213853242059,0.181451045689315,0.135810705662911,0.114484493342303,0.0983554000323444,0.0852652390075904,0.0401984602696455,0.0113348835292432,0.00439622643029505,0.00253808760314515,0.00136701359574511,0.00128561113632301,1.95787087491593,0.0070428196690983
-5.85,22.382,1.17392,0.2,0.015709076851335,0.0511813193189421,0.0975874490257509,0.131925446061199,0.16321279140798,0.206577830803597,0.015709076851335,0.0511813193189421,0.0975874490257509,0.131925446061199,0.16321279140798,0.206577830803597,0.015709076851335,0.0511813193189421,0.0975874490257509,0.131925446061199,0.16321279140798,0.206577830803597,0.25,1,150.000015727529,154.745334860952,-8.46382032079991,620.284866159775,64.8922562233101,3869.03385064056,-38.7821466513904,0.90043984584939,-0.361758149182377,-0.0150661809082387,0.969359526611812,-0.0448060323737111,-1.86410310812416,-0.957999427143004,-101.080945734819,0.0348164755942089,1.35918558134705,1173.73284032913,19.2415977502344,1.59573554838038,0.985125861889386,0.530230496823249,0.366448015831684,0.160521616330591,0.052242375026091,0.0637833464798458,0.0124232817696073,0.00760229028226227,0.00603803093427768,0.00914389980210396,0.0092626990938444,4999.96271221748,43.0934621393609,17.3232166618681,41.4908746959653,115.515127966677,117.495349274562,2383.66901073184,1071.63475655569,14.9292056674211,0.425418563562769,0.44296728717745,0.0111786610843996,0.516392366092343,0.332474321140729,2.43845824093161,0.550060224656493,1.48734460017145,0.52788423502794,1.04787264165465,1.03207595429798,0.00678456053143415,0.233222312923862,0.139363769752525,0.0830160912304369,0.0760082413326986,0.0836588421404062,0.0700776964723084,0.0727893933075855,0.0113539683113475,0.00325101188042506,0.00101520312662728,0.00109521041203323,0.00146350350542237,3.86855177162939,0.0132520379236928
-9.27,3.682,1.22832,0.2,0.0176863823776098,0.0501346133847863,0.0759468622939434,0.113544650968087,0.172933283122339,0.218577122112461,0.0176863823776098,0.0501346133847863,0.0759468622939434,0.113544650968087,0.172933283122339,0.218577122112461,0.0176863823776098,0.0501346133847863,0.0759468622939434,0.113544650968087,0.172933283122339,0.218577122112461,0.25,1,150.000015727529,55.7728153317362,-2.25776262472659,209.020809290699,60.7759990625976,1928.41724820331,-15.6392578898031,1.10442202895532,-0.0829819412873658,-0.0185874304759921,1.10442202895532,-0.0829819412873658,0.0118063268882825,-0.0393126722150818,-34.3448213727737,0.143744371400896,2.51397344026664,684.042735131767,2.57676947193001e-18,0.381420247890845,0.305212748672014,0.292144891157171,0.37019878137694,0.414158129361525,0.504987386730548,0.0120330707217998,0.00848379543797521,0.00600016769086554,0.00599899760441621,0.00753841964378711,0.0097345741068639,91.6172127903343,1.35487761691492,17.3232166618681,4.06919993929989,122.477002158206,119.927318175605,2533.07145025175,100.484810473035,8.71797470667324,0.128337334206118,0.338506758992232,0.00452477436488369,0.128337334206118,0.338506758992232,0.17933788983698,0.048995164204354,0.369304035576592,0.541218323658152,0.226492115901063,0.0537507513901654,1.02072203866353e-15,0.0221188167061489,0.0119630399545614,0.0141943565366929,0.0242443381615131,0.0300578899583844,0.0378071118234457,0.00159057668161647,0.000621449131251587,0.000304852736992543,0.000382076200534781,0.00111456548382539,0.000514015192455738,0.173411424997674,0.00253120524394615
-10.23,21.37,1.28592,0.2,0.0186030360266652,0.0495698750218677,0.0835716722243818,0.136448828132012,0.163854783758047,0.242517776825259,0.0186030360266652,0.0495698750218677,0.0835716722243818,0.136448828132012,0.163854783758047,0.242517776825259,0.0186030360266652,0.0495698750218677,0.0835716722243818,0.136448828132012,0.163854783758047,0.242517776825259,0.25,1,150.000015727529,159.978689719821,-8.91481110103114,620.084626601395,76.8088390480158,4083.60347880429,-43.6731725861889,1.0201204457869,-0.389926544023331,-0.0170413239245912,1.09071763357984,-0.0550200903760026,-1.42995687425268,-0.853152806374336,-101.09412873659,0.0517067975523383,1.6232340592959,1173.70180189564,18.0310842620559,1.53307322153942,0.948829663576711,0.51268714717217,0.367540152067493,0.174950955108843,0.0739629037893969,0.0772654416206645,0.0125013858406416,0.00741714446411832,0.00603889386522237,0.00908714519320903,0.00935366847203418,4999.9719820852,43.0935110925951,17.3232166618681,34.7757521484628,115.595426954551,117.579569419538,2381.29531949161,863.752742002631,17.5354416271347,0.357780203898592,0.411825746631115,0.0107804347849308,0.435066538604134,0.329122620168386,2.43916081802956,0.485164392792447,1.37210262678313,0.523144526325396,0.889806682211857,0.988962989449325,0.00710642924866736,0.319143992372117,0.178287653699428,0.0808101796611723,0.049947155440544,0.0600321181411648,0.0530893357574711,0.0973913863654993,0.0138904482068787,0.00336987526439265,0.000930264566582218,0.000753593446677363,0.00174039103453753,3.80834422656519,0.0124194952118249
-14.97,24.142,1.35056,0.2,0.0195692511744396,0.0694178328815782,0.105115388345724,0.134166856682548,0.173401789385357,0.235536217616037,0.0195692511744396,0.0694178328815782,0.105115388345724,0.134166856682548,0.173401789385357,0.235536217616037,0.0195692511744396,0.0694178328815782,0.105115388345724,0.134166856682548,0.173401789385357,0.235536217616037,0.25,1,150.000015727529,157.205030725966,-8.11290362253932,620.606540985314,26.6302095510884,3663.69149046974,-53.0087605457765,0.630439096969066,-0.254370298354338,-0.00679964143318404,0.679676658577231,-0.0139896630246849,-3.10509339444849,-1.14088579835434,-101.05378710551,-0.0226764138193938,0.603897147859598,1173.71482137277,20.7942547651291,1.4822739193834,0.96480072909072,0.4994797833559,0.313693833975628,0.088685904530778,-0.00680426815362984,0.138949641447099,0.0157924663159046,0.00712273893761066,0.0060640810332257,0.0101117687740861,0.00889298541818562,4999.94771377981,43.0933361108223,17.3232166618681,28.7564152752186,111.680665623134,117.436814052115,2291.26803375374,518.275188746566,23.9075329530484,0.205888227926402,0.351536237621292,0.00343508229310962,0.263967646688976,0.31030082713457,3.60441348503014,0.604509662666297,1.25921116597041,0.493845318868024,0.554965909793016,1.29273534763558,0.00709674840812799,0.431111773324387,0.310177578754442,0.158344129918941,0.0764892564998043,0.0517728214472683,0.0497557039586567,0.171960729575867,0.0247846815551136,0.00539668428497247,0.00113211519018587,0.000643185050539376,0.00206175356856625,5.07150692921433,0.0167793411247592
14.07,15.87,1.18672,0.2,0.02035127598933,0.0656183885562936,0.106750461637633,0.151728955105252,0.17232554200584,0.213470297001278,0.02035127598933,0.0656183885562936,0.106750461637633,0.151728955105252,0.17232554200584,0.213470297001278,0.02035127598933,0.0656183885562936,0.106750461637633,0.151728955105252,0.17232554200584,0.213470297001278,0.25,1,150.000015727529,184.669117800229,-15.4940152577857,615.659535465056,373.459554556817,5793.08561608166,-23.662511261327,2.49363837100302,-0.647867872096656,-0.0918881699822935,2.56745776481617,-0.214782444535986,4.8115048121029,-0.29658889887845,-100.970233309031,0.337154063993333,5.25518685553588,1173.5822310176,9.78192948651177,1.42658712634101,0.9416973231955,0.650119008436621,0.601187949171961,0.480198614727632,0.417297739818769,0.0693969996199355,0.0133585823085095,0.00707463507978336,0.00793597375273409,0.00819196719091761,0.0085121279033434,4999.98062701802,43.0934277679404,17.3232166618681,35.5058481882266,124.50390733218,119.376703883795,2586.85973263038,1104.39454310305,24.6609352896685,0.528968370630525,0.42310871747603,0.0383108230668167,0.574083380551447,0.359509456983595,1.66615066698168,0.32321900892979,1.2992667354042,0.571780913442876,1.19537340508369,0.493217393288162,0.0045269478124582,0.422086312906003,0.27206961315864,0.197636323626925,0.156197237516825,0.126331516460485,0.103359890774578,0.0937468263036679,0.019625321575083,0.00733245169862795,0.00410580492221818,0.0020600074868054,0.00142547829008864,1.77987583325568,0.00644764295649777
-10.71,6.806,1.14064,0.2,0.0177804747486116,0.0562277438158327,0.0817957391475201,0.123049406605109,0.153965178893607,0.213586814159801,0.0177804747486116,0.0562277438158327,0.0817957391475201,0.123049406605109,0.153965178893607,0.213586814159801,0.0177804747486116,0.0562277438158327,0.0817957391475201,0.123049406605109,0.153965178893607,0.213586814159801,0.25,1,150.000015727529,106.14502864285,-12.5453543820435,274.659660452036,391.740084574523,3790.97104468285,-7.62960675606708,2.12078835537964,-0.205496368390793,-0.0646958795958755,2.12078835537964,-0.205496368390793,1.78063268409541,-0.11643545074888,-45.3004634933861,0.345672237001354,4.74418341839392,785.952150817624,5.17534794292264e-18,1.11320484324549,0.864211446724299,0.727051755025517,0.788619143839185,0.796320727007604,0.797038235600458,0.0127451388767837,0.0118764088115821,0.0060056879445891,0.00704185658785544,0.00866977064889075,0.0100950605145297,869.665097385689,11.1932548692845,17.3232166618681,4.55505975099306,123.955084328126,119.377750930996,2578.09155131719,262.011658445769,17.6003955209696,0.2374631681831,0.350250354401867,0.0150456339001719,0.2374631681831,0.350250354401867,0.482613264415694,0.177148876707546,0.489206461767256,0.560844424909051,0.502256139418281,0.162505796568453,1.23503318792746e-15,0.0989153238174729,0.0298175783794927,0.0163680458290938,0.0324858973911539,0.0431701155016956,0.0545372698384164,0.0154187549510858,0.00366911030843444,0.00166084623430868,0.00159742838712158,0.00145104699287018,0.00118139816618563,0.732464030256229,0.00866858152840961
-5.67,19.654,1.38,0.2,0.0149994642671053,0.0455158294756112,0.0881001017612274,0.125122210734893,0.157673050369534,0.202778718101387,0.0149994642671053,0.0455158294756112,0.0881001017612274,0.125122210734893,0.157673050369534,0.202778718101387,0.0149994642671053,0.0455158294756112,0.0881001017612274,0.125122210734893,0.157673050369534,0.202778718101387,0.25,1,150.000015727529,163.825020310384,-9.83301651807103,619.733090303093,115.850877762733,4302.14654723466,-46.1046016039996,1.18050736381627,-0.430444467971774,-0.0239140410373919,1.25428678262681,-0.0751137448272055,-0.786522426111864,-0.739552460139569,-101.099513592334,0.086182399604208,2.00725786175398,1173.69440683262,16.6062410165607,1.52183293406937,0.88901375898344,0.486569190709301,0.366610134361004,0.194928417873138,0.108850000347953,0.0305464640925946,0.0117453096344131,0.00746318435579627,0.00602594885949381,0.00885558139777107,0.00909544318300177,4999.9762524737,43.093566295178,17.3232166618681,40.7580267302,117.699534416489,117.760428650542,2434.8651185111,1149.54727985666,16.714249694937,0.499586866705191,0.457066279100835,0.01736383244529,0.583818503520921,0.342999833621407,3.02503670209287,0.516694164837912,1.5036311337225,0.54600880656883,1.2058888700674,1.02679667975374,0.0062619742600203,0.213666942933937,0.112235740311983,0.0686434439442112,0.0663982293030145,0.0762811360895418,0.0655343795232238,0.0436481227041851,0.00855821635516054,0.00225694982082406,0.000890913160744942,0.000954479732773175,0.00153659934681454,3.82021194825414,0.012264829684914
-7.95,24.362,1.3864,0.2,0.0163203839327668,0.0487765905433718,0.0782119331070823,0.107094257621811,0.150753816865619,0.212538556607272,0.0163203839327668,0.0487765905433718,0.0782119331070823,0.107094257621811,0.150753816865619,0.212538556607272,0.0163203839327668,0.0487765905433718,0.0782119331070823,0.107094257621811,0.150753816865619,0.212538556607272,0.25,1,150.000015727529,156.711807103427,-8.84015847724196,620.827611707113,30.152426518071,3462.20758254348,-55.4043745443183,0.433547266103531,-0.172731150448912,-0.00705461108217895,0.466685310988439,0.00194303647015936,-3.9675713580877,-1.29352406070201,-100.999286532653,-0.0529275766066034,0.0706926089261535,1173.57921049891,21.9615498385582,1.55223060097907,0.949305863972504,0.464056900322883,0.273490448911572,0.0636074026747213,-0.0532682073270493,0.0772532196854494,0.0124887557253724,0.00684244432871576,0.00603649463597542,0.00903018039787523,0.0086545694198521,4999.95833767316,43.0937360691599,17.3232166618681,39.700524940834,111.553079392204,117.237993561768,2299.84744944185,993.874305814959,15.6628987414964,0.421005947872407,0.43506293862762,0.00330068472109988,0.514004918871173,0.319882116227333,3.27150763331874,0.799694746536295,1.55359054601312,0.508929776731907,1.09463426302594,1.32319099841627,0.00728682031028253,0.293237645279926,0.184455626614014,0.0937412502724441,0.068964788399411,0.0579701858655357,0.0847253300208678,0.0938739281297463,0.0138808812970497,0.0030063140000203,0.000666738442123746,0.00189162573205207,0.00191686051863842,4.9684351060518,0.016978194346137
-4.59,15.694,1.39472,0.2,0.0157575258233193,0.0518355360175174,0.0910453762550013,0.127075075367267,0.17614490395144,0.246840137712599,0.0157575258233193,0.0518355360175174,0.0910453762550013,0.127075075367267,0.17614490395144,0.246840137712599,0.0157575258233193,0.0518355360175174,0.0910453762550013,0.127075075367267,0.17614490395144,0.246840137712599,0.25,1,150.000015727529,184.331309238621,-12.8272987751276,616.935600458285,263.990456827414,5592.40360379127,-35.8980608269972,2.24089146963858,-0.626172034163108,-0.0745662160191646,2.31987376314967,-0.178404687720029,3.68570952363295,-0.334012091937298,-101.025054681805,0.271867483073222,4.60957098218936,1173.61441516509,11.2145339027183,1.38727143005937,0.835238318925111,0.53385499427143,0.485836433704822,0.36801285282783,0.304822747630455,0.0155413105819185,0.0117098992188314,0.00730189521924799,0.00728253786063952,0.00754100624934903,0.00762838964691179,4999.99135506718,43.0933569419852,17.3232166618681,33.7919422848031,121.860649291533,118.859309519947,2528.49604560189,1030.89851823519,21.9421660819615,0.504910154642982,0.434254830382817,0.0337868311100826,0.56261281526102,0.356336465648454,1.67444450630398,0.346910811318709,1.36231451322633,0.568861513038033,1.17989656210988,0.577040305960785,0.00502223405079364,0.151035720338099,0.0776660347607973,0.0563730284790377,0.0561740138204212,0.0574079377985972,0.0595164593935275,0.0260440074608546,0.00595804391660433,0.00234039334925311,0.00159070444125419,0.00100229308876909,0.000854674681490158,2.13337278130625,0.00795629834246072
-8.43,20.842,1.20592,0.2,0.0217726048200805,0.0624452156290834,0.105320362409669,0.142196660753696,0.182973704029068,0.208329165395368,0.0217726048200805,0.0624452156290834,0.105320362409669,0.142196660753696,0.182973704029068,0.208329165395368,0.0217726048200805,0.0624452156290834,0.105320362409669,0.142196660753696,0.182973704029068,0.208329165395368,0.25,1,150.000015727529,159.044047495053,-9.16520426518071,619.808322049787,103.513193261119,4177.8654306843,-38.1372148734506,1.14598552234142,-0.431291093265806,-0.021793243724612,1.22239250078117,-0.0710923081970627,-0.856450124466201,-0.783204227278409,-101.101467555463,0.0811331595250495,1.9660663211228,1173.68690761379,17.2952765336949,1.55958733465264,0.958325622331008,0.537455171336319,0.398698729299032,0.209745510884283,0.111598357571086,0.0647089601708156,0.0128804131300479,0.00787721664409958,0.00603643776689928,0.00872970273929799,0.00914874356837829,4999.97396104572,43.09354233934,17.3232166618681,37.3558805643914,116.867203498714,117.632727467152,2411.37381952263,980.685626558895,16.5887527099366,0.417921900432615,0.434428370400338,0.0143556660008401,0.500227035175869,0.336388434528583,2.03225076933087,0.470578795750127,1.43044787647318,0.535124895742235,1.03285965873628,1.01298055915933,0.00549517594351145,0.274585421783894,0.14551054044614,0.0704445007063356,0.0542856740084511,0.064814770232595,0.0615225675625166,0.0787617855879483,0.0118175043820966,0.00316410472012787,0.000997147829596668,0.000818041171769615,0.00145250632875361,3.79431441794599,0.0118568942631952
10.17,8.61,1.20016,0.2,0.0165437431184365,0.0465587694575249,0.0878704766311405,0.112995027842354,0.14770488031508,0.213220474694038,0.0165437431184365,0.0465587694575249,0.0878704766311405,0.112995027842354,0.14770488031508,0.213220474694038,0.0165437431184365,0.0465587694575249,0.0878704766311405,0.112995027842354,0.14770488031508,0.213220474694038,0.25,1,150.000015727529,155.595198416831,-14.714005105614,357.709915633789,546.228997625247,5581.50400999896,-1.38602641349859,3.0858830330174,-0.299572856127174,-0.133827436725341,3.0858830330174,-0.299572856127174,4.53474658889699,-0.234257421185293,-59.5029882303926,0.501971081384856,6.86821393604833,901.877502343509,1.66286318820956e-17,1.35312371627955,1.04539454223518,0.877598396000415,0.921945432767418,0.898433236121236,0.874803207999166,0.0175079467733569,0.0126130707125299,0.00643952064003749,0.00953781439433392,0.0104031644620352,0.0122556853452765,1854.7326320175,20.803774606812,17.3232166618681,4.2052532703034,123.86233473288,119.228385521947,2549.13706905515,274.313739952315,26.0913214893231,0.200979591015605,0.33345330610865,0.0176201158581895,0.200979591015605,0.33345330610865,0.78865556542783,0.577242356745966,0.604246739033231,0.531368737280532,0.46278748301454,0.227422263778672,1.35889679614588e-15,0.2313151100118,0.143566362861256,0.11890431826302,0.111213195317516,0.0901698750532581,0.0804266993403994,0.035544421194485,0.0113392787122942,0.00568308978304185,0.00476169080259368,0.00335124628060396,0.00310366365620986,0.841666649479238,0.00511542040815316
-3.27,3.022,1.39536,0.2,0.0189477704463187,0.0436015941828107,0.0906060608361309,0.131686596526662,0.179801045349602,0.251185219146989,0.0189477704463187,0.0436015941828107,0.0906060608361309,0.131686596526662,0.179801045349602,0.251185219146989,0.0189477704463187,0.0436015941828107,0.0906060608361309,0.131686596526662,0.179801045349602,0.251185219146989,0.25,1,150.000015727529,50.7597469013645,-1.24739126132694,204.903195500469,28.8917954379753,1752.09967711697,-18.9719023018435,1.01879616706593,-0.0719611666701386,-0.0159577137798146,1.01879616706593,-0.0719611666701386,-0.0931761343848558,-0.0343245356640246,-33.3667420060411,0.126118628205395,2.33543672534111,674.273534006889,1.26871069367774e-17,0.219642151859181,0.178247401312363,0.198951234246433,0.282250432246641,0.328731882095615,0.424432454952609,0.0120104062076867,0.00806623122591397,0.00600066118112696,0.00599989636496198,0.00728400645766066,0.00920339088532446,27.5562087282575,0.413406436829497,17.3232166618681,4.0279722913253,122.300609781487,119.957250854715,2525.62602442657,60.4407126938242,8.14638787582391,0.087914967273632,0.334432935572074,0.00301933397590751,0.087914967273632,0.334432935572074,0.208318303800076,0.0489403531926865,0.35451790768547,0.53408982438849,0.130713769602169,0.0441174936329136,9.14765391285888e-16,0.0188850482942817,0.0182990087893635,0.0144430079243751,0.0128681443750408,0.0145964455964833,0.0183498999969935,0.000619638672920056,0.000229989298364817,0.000147483846157174,0.000162703407911943,0.000234730866188551,0.00170861430344789,0.130524102862178,0.00194467280356109
9.21,23.394,1.4184,0.2,0.0172897725271829,0.0466420200137359,0.0931030719261332,0.124355596686295,0.171885851974857,0.222989806964251,0.0172897725271829,0.0466420200137359,0.0931030719261332,0.124355596686295,0.171885851974857,0.222989806964251,0.0172897725271829,0.0466420200137359,0.0931030719261332,0.124355596686295,0.171885851974857,0.222989806964251,0.25,1,150.000015727529,154.040203103843,-9.86789416394126,619.868857410686,89.8728553692324,3474.76093773565,-58.0044734923446,0.481013886688887,-0.200253243404854,-0.0230313799604208,0.52083160841579,-0.0144349719912509,-3.74541221536298,-1.22576970753047,-100.982112279971,-0.0256284358327258,0.202371406395167,1173.66920112488,21.0150223935004,1.46500455160921,0.93106108738673,0.470582865326528,0.287398880916467,0.092911631701906,-0.0381653256327466,0.102801748931361,0.0135870394071451,0.0066011917698573,0.00675251098843871,0.0078974695344235,0.00932579397979378,4999.98198104364,43.0935017185715,17.3232166618681,80.471456960491,117.519793626862,116.719745878556,2444.73824619735,2490.37354838263,28.7921345411155,1.02177545866683,0.717060685357482,0.0164864609041275,1.19241075857285,0.369265214394582,3.51752181777225,0.934491589412582,2.42599417256278,0.588163932358848,2.46887726523984,1.04350085712251,0.00510739032959887,0.38101307707915,0.347779328927699,0.262383148981336,0.21552881569348,0.157864257789098,0.141819442037821,0.120020420572082,0.022144590406664,0.00678106576997605,0.00254771343821055,0.00163168352915206,0.00151930219126565,4.0338655303225,0.0124150120051443
-3.93,10.854,1.40688,0.2,0.0191955170187354,0.0576750882475081,0.0909068847985794,0.128166869756763,0.167851524951303,0.242787009618622,0.0191955170187354,0.0576750882475081,0.0909068847985794,0.128166869756763,0.167851524951303,0.242787009618622,0.0191955170187354,0.0576750882475081,0.0909068847985794,0.128166869756763,0.167851524951303,0.242787009618622,0.25,1,150.000015727529,274.871690448911,-38.8818666076451,567.277981460265,1234.12692831997,9796.10988438704,-5.25595972440372,5.34327757525258,-0.556073199666701,-0.398847942922612,5.34327757525258,-0.556073199666701,15.4810423914176,-0.630776472852827,-95.6144380793668,0.92505970419748,11.816002291428,1150.46838870951,9.33890284137069e-18,1.34820466618061,1.03154627642954,0.866101041558171,0.913587136756589,0.876639297989793,0.845267836683678,0.0127884187640871,0.0123379737712738,0.0060118550966566,0.00932160162545569,0.00936209280283304,0.0111565670242683,4413.7521091553,38.807690865535,17.3232166618681,14.5506884339712,125.755706155804,121.143672745973,2638.01989348916,657.358391204267,45.6304277969761,0.452864327694421,0.371021302070338,0.0687463347673538,0.452864327694421,0.371021302070338,1.65026555494824,0.307769696648036,0.968755225439571,0.595529137535562,0.978798894582752,0.611747494659778,1.26982553604362e-15,0.0921458472742595,0.04409109952391,0.0369232078519962,0.0397197015574311,0.0358952823659619,0.0376483503788235,0.0168772877394343,0.00504340382558209,0.00270695438160917,0.00252272544165771,0.00194563839556136,0.00160585492213649,6.93936551336533,0.0527657031217047
-2.61,16.442,1.1304,0.2,0.0162806351521387,0.0552724461769933,0.0957969526780189,0.137449381152244,0.182142673755938,0.2338658694852,0.0162806351521387,0.0552724461769933,0.0957969526780189,0.137449381152244,0.182142673755938,0.2338658694852,0.0162806351521387,0.0552724461769933,0.0957969526780189,0.137449381152244,0.182142673755938,0.2338658694852,0.25,1,150.000015727529,177.708436621185,-13.8841207270076,617.165680658266,308.368721039475,5424.04353713155,-23.2521714696386,2.2037131548797,-0.620750034371419,-0.0720979970836371,2.28207936673263,-0.183807289511509,3.60656841204041,-0.354063159158421,-101.0313446516,0.282505068742839,4.56570784293303,1173.60524945318,11.1265868138736,1.51918321008228,0.955754785959795,0.631140724924487,0.568583501718571,0.435343068430372,0.362410665555671,0.0216721824048953,0.0121494314738048,0.00662086615977501,0.00805148869909384,0.00815650296844078,0.00818926955525467,4999.99020935319,43.0933142381002,17.3232166618681,32.6869052792196,122.150257727326,118.700414788738,2532.98893982139,977.733124151297,21.0535824698745,0.471338918448964,0.425144405317241,0.031265983151595,0.526570688662595,0.354445570745508,1.58864686530077,0.322671918157064,1.33370420651422,0.565106385920197,1.09727549267395,0.568431268525451,0.00566099493092556,0.152304039647901,0.0936186597667328,0.0741995669886811,0.0714794459870227,0.0693120139006129,0.0691660909723886,0.0294015014272331,0.00752356461127382,0.00302559144756951,0.00205821351244592,0.00133585600717002,0.00140355713035335,2.13475895592848,0.00814542908407676
6.75,13.758,1.2072,0.2,0.0151569287423735,0.0545438689286198,0.0859588992544923,0.115893125893009,0.15910773856965,0.192045158010017,0.0151569287423735,0.0545438689286198,0.0859588992544923,0.115893125893009,0.15910773856965,0.192045158010017,0.0151569287423735,0.0545438689286198,0.0859588992544923,0.115893125893009,0.15910773856965,0.192045158010017,0.25,1,150.000015727529,210.200999895844,-21.250222435163,610.605395271326,577.113974277784,6969.0402041454,-14.4386452572649,3.3507332569524,-0.68821333194459,-0.15996811477971,3.40688501197792,-0.306899026852411,8.30634600562441,-0.24259912569097,-100.695372357047,0.49818825075513,7.25907957504427,1173.61462347672,6.45924789084469,1.41234381835225,0.958686428497032,0.71121644620352,0.702343797521092,0.617634236017081,0.573734642224768,0.0189569024372462,0.0121510324674409,0.00627323150713467,0.007351632121654,0.008626718675138,0.0093024975523383,4999.98208519946,43.093639204249,17.3232166618681,24.2579939367095,124.882458876065,119.593911800049,2588.8355720176,800.431551602088,29.0866518959914,0.426269558919668,0.386225066915532,0.0415503451357977,0.452629600116229,0.354955571729062,1.51665071719759,0.22746455848746,1.1269989136818,0.565617113469479,0.953901528220892,0.486709494106026,0.00533574834439844,0.237489683998682,0.155520408843459,0.117499857558932,0.0993933877711139,0.0847686349575402,0.0725215688591419,0.0361776014786947,0.0107862758341213,0.00452371627032211,0.0029060054582539,0.00170981218325111,0.00102552181566023,1.43863790666388,0.00583315062380924
14.85,8.082,1.29872,0.2,0.0151214822164839,0.0514860571288127,0.0801010224598956,0.116136364717004,0.144385712394681,0.163542191661685,0.0151214822164839,0.0514860571288127,0.0801010224598956,0.116136364717004,0.144385712394681,0.163542191661685,0.0151214822164839,0.0514860571288127,0.0801010224598956,0.116136364717004,0.144385712394681,0.163542191661685,0.25,1,150.000015727529,147.391813352776,-19.2535582053953,328.022685136965,616.138259556297,5323.83105926466,-4.05108957150297,2.98596083741276,-0.300080293805853,-0.125844498489741,2.98596083741276,-0.300080293805853,3.98571273825643,-0.204104025154671,-54.5521851890429,0.503819713928758,6.6768288719925,863.453223622539,1.02261304301635e-17,1.27753183001771,0.983160962399749,0.823550671805019,0.873774763045516,0.860626049369857,0.86007376314967,0.0158962811977919,0.0120780456549318,0.00600428482116445,0.00884451088428289,0.00968238016873242,0.0103044300593688,1594.02291427976,18.6750859285492,17.3232166618681,3.86966509814814,121.924410491011,120.914422095743,2499.17021408928,275.393855455639,24.9476995163455,0.198082888078363,0.322140672796703,0.0166690594447287,0.198082888078363,0.322140672796703,0.716415235865645,0.150118820330535,0.533326173916844,0.512420670847816,0.485332941116701,0.244851725727873,1.37113802379188e-15,0.282146156848263,0.171733530077822,0.136421213823434,0.128181655699329,0.107664990022607,0.100445868009081,0.0416292395815843,0.0125678938210007,0.00605708118662444,0.00481136925689118,0.00335583875401615,0.00273079125261199,1.26708979466945,0.0113079715104867
6.15,17.674,1.3448,0.2,0.0184896232693286,0.0562416887737015,0.101678609114925,0.14330964323669,0.189747296129621,0.233929996461314,0.0184896232693286,0.0562416887737015,0.101678609114925,0.14330964323669,0.189747296129621,0.233929996461314,0.0184896232693286,0.0562416887737015,0.101678609114925,0.14330964323669,0.189747296129621,0.233929996461314,0.25,1,150.000015727529,168.842452869493,-11.1142366263931,619.225299447974,195.331010686387,4775.15487970003,-40.967810957192,1.61763035100511,-0.527777629359441,-0.0443576869076138,1.69708828247058,-0.123190910351005,1.09175973273617,-0.532575255025518,-101.086204562025,0.172548987897094,3.10545585876471,1173.68305384856,13.9177314863029,1.45856302468493,0.8739841683158,0.521823539214665,0.434494479741694,0.283228969898969,0.203258660556192,0.0319378032267472,0.0121746453946568,0.00688614528694927,0.00707849005311947,0.00829134006874283,0.00893374575565045,4999.99843766274,43.0932652848662,17.3232166618681,48.5423906881644,121.918638394423,118.776548236228,2535.36176158284,1487.63935547137,20.829623445618,0.679383712962812,0.498969100772021,0.0317579943093186,0.760302557399834,0.363978793511116,1.96760849331068,0.479681221396695,1.61527537945805,0.580243994898757,1.58939293286885,0.664935214666954,0.00522007115702661,0.288015465280976,0.207329971069063,0.154492767434588,0.129584881515709,0.112015074363673,0.100203824234644,0.0473260080185336,0.0124331506654684,0.00451461313081717,0.00241606503239471,0.00130962382761694,0.00124810540079711,2.37181752927612,0.00845905160812676
11.13,19.346,1.30576,0.2,0.0173162924361389,0.0517237936881937,0.0902982042623539,0.111509105555047,0.142648319916301,0.203272492561608,0.0173162924361389,0.0517237936881937,0.0902982042623539,0.111509105555047,0.142648319916301,0.203272492561608,0.0173162924361389,0.0517237936881937,0.0902982042623539,0.111509105555047,0.142648319916301,0.203272492561608,0.25,1,150.000015727529,161.099366732632,-10.4797936225393,618.980616602438,167.24597654411,4371.5060931153,-43.2852637225289,1.32491728882408,-0.47397310778044,-0.0349086933444432,1.4038071065514,-0.0968897659910426,-0.102259878512655,-0.672123338870951,-101.093424643266,0.125996363255911,2.40995972496927,1173.69773981877,15.7356587855434,1.45054927611707,0.910568169982293,0.524363597541923,0.406954546401416,0.241683668201229,0.155399723191959,0.0857559008651183,0.0128113896770128,0.00659624137289761,0.00666489261535256,0.00853625611915426,0.00847901510259347,4999.98698052286,43.0934777627334,17.3232166618681,58.734426352642,121.969892729625,118.230239109416,2542.45644162925,1801.52944021108,23.7306829150492,0.774671641900708,0.549842293182433,0.0305155434538134,0.875115879765195,0.369612510659276,2.50992748253392,0.558473392602762,1.78421241371746,0.587831042963334,1.79685384643471,0.870993264066182,0.00565923085762894,0.409226567764508,0.309697712272378,0.226146547800347,0.180903551416232,0.152602939596815,0.112239530518216,0.107639508774558,0.0204456659518765,0.0065637532024285,0.00294393011183404,0.00164231961437179,0.00141124446370371,3.27508544044656,0.0109400711375256
-0.630000000000001,9.71,1.39152,0.2,0.0172833644306173,0.0586488323359689,0.0965879368748618,0.144603869131656,0.176211314453448,0.229488365382091,0.0172833644306173,0.0586488323359689,0.0965879368748618,0.144603869131656,0.176211314453448,0.229488365382091,0.0172833644306173,0.0586488323359689,0.0965879368748618,0.144603869131656,0.176211314453448,0.229488365382091,0.25,1,150.000015727529,230.506593063223,-30.505185174461,506.032840329132,963.910383592334,8272.92073742318,-7.78280638693886,4.56580210394751,-0.460780571579002,-0.292199885428601,4.56580210394751,-0.460780571579002,11.2729312571607,-0.471206622851786,-84.6660826997187,0.770064145858661,10.1467447140923,1079.8166857619,6.11734058952226e-19,1.23519518800125,0.953475877512756,0.803175950421831,0.859976523278826,0.833016300385376,0.820291698781378,0.0123452444470055,0.0121483985824393,0.00601949890636392,0.00922085043224665,0.00934898520987397,0.0106133084053745,3183.64534944277,29.8236902406004,17.3232166618681,10.6772734340431,125.42479995493,120.097423818576,2612.027562936,517.325526615132,38.5335916963391,0.367203957574089,0.358269458322986,0.0476856276498682,0.367203957574089,0.358269458322986,1.27200248290793,0.200638442439607,0.832052856039434,0.573837026291496,0.798076972275535,0.510041556818295,1.30755093883609e-15,0.0926425839234252,0.059689062678699,0.0505125504175204,0.0518931552450432,0.0452873054543039,0.0410281143551703,0.0145701935869416,0.00508243310896044,0.00267544969527981,0.00240020022340196,0.00176653636006958,0.00130439929860021,1.55768975745536,0.00684770928504686
-13.41,17.454,1.10992,0.2,0.0201310868673499,0.0497313935353632,0.0951281835334837,0.156941901504368,0.197863981965396,0.252729516611368,0.0201310868673499,0.0497313935353632,0.0951281835334837,0.156941901504368,0.197863981965396,0.252729516611368,0.0201310868673499,0.0497313935353632,0.0951281835334837,0.156941901504368,0.197863981965396,0.252729516611368,0.25,1,150.000015727529,173.94342256015,-12.9628780408291,617.77204457869,280.772314809916,5245.99458389751,-24.7532594854703,2.06995698364754,-0.60736744297469,-0.06323902614311,2.15047411727945,-0.170543322066451,3.05052149476096,-0.39050478209874,-101.053820435371,0.258982373771482,4.24845120299969,1173.59389646912,11.8184574523488,1.51233194458911,0.980391480054161,0.632945286949277,0.559110936360796,0.413331392563275,0.334795896260806,0.0653837104152692,0.0125726837652328,0.0066031336437871,0.00909446797208625,0.00831134006874284,0.00719687303405896,4999.99593792313,43.093373606916,17.3232166618681,28.9207352213459,120.628359997229,118.238185349163,2494.9857161985,820.281871505559,21.9958745808176,0.401676749860591,0.415844643371341,0.0259540034303365,0.461210000277593,0.348658331615451,1.55909089336921,0.325773564765328,1.31623771228953,0.556558507527916,0.963307287064369,0.566201003499265,0.00625878440410984,0.33726926944774,0.154834093859049,0.061309741349114,0.0248786237554831,0.0305516992815072,0.0471647333581024,0.0867877226240011,0.0129690386572493,0.00323687695523133,0.00162463364781884,0.00134075243631591,0.000759480222492421,2.28178570374443,0.0085746044125988
2.19,16.75,1.37424,0.2,0.0181430205767446,0.0573306210797547,0.100226559990378,0.147585446701987,0.182347087068719,0.222590163109335,0.0181430205767446,0.0573306210797547,0.100226559990378,0.147585446701987,0.182347087068719,0.222590163109335,0.0181430205767446,0.0573306210797547,0.100226559990378,0.147585446701987,0.182347087068719,0.222590163109335,0.25,1,150.000015727529,174.529142797625,-11.6138819341735,618.502614311009,217.555151203,5078.57837725237,-39.6239926049371,1.84914055827518,-0.569150236027498,-0.0538558466826372,1.92940389542756,-0.143693991771691,2.05527922945527,-0.446860041571711,-101.074001666493,0.209429660459327,3.66621789396938,1173.66940943652,12.8486563899591,1.42946557650245,0.84764543276742,0.518940579106343,0.449184824497449,0.312612488282471,0.241981490469743,0.0182605792558379,0.0119647317102385,0.00718539631288408,0.0071756783668368,0.00785578689719821,0.00845071919591711,4999.98604312051,43.093264243308,17.3232166618681,41.9920770129185,121.849797148982,118.856257497406,2530.94072342212,1281.57735766284,20.0788610520972,0.599932742303826,0.46706080764132,0.0324145962113205,0.669770152900287,0.359828409483834,1.82705720420376,0.421450837169159,1.49358696655531,0.573857031952412,1.40277463443608,0.646521586348928,0.00589374165319296,0.201449319741404,0.14311616546323,0.111340774862198,0.0985379538336462,0.0885119658063335,0.0837268347054198,0.0300430103641287,0.00861989909052147,0.0033859312687303,0.00209254495194639,0.00108699298276597,0.00107370198209242,2.26688409905693,0.00834976680517493
-7.83,5.838,1.10288,0.2,0.0179777077131547,0.0504007215379204,0.0916498566614527,0.127407558143116,0.164606388203807,0.216651216691597,0.0179777077131547,0.0504007215379204,0.0916498566614527,0.127407558143116,0.164606388203807,0.216651216691597,0.0179777077131547,0.0504007215379204,0.0916498566614527,0.127407558143116,0.164606388203807,0.216651216691597,0.25,1,150.000015727529,85.7094823455891,-0.924781557441933,249.494566191022,102.721308790751,3028.1199875013,-8.19357186043121,1.69145214040205,-0.134555519820852,-0.0414732798666805,1.69145214040205,-0.134555519820852,0.93466975676492,-0.0837450641724821,-40.6696187897094,0.229278358118946,3.79762347672117,744.534215185911,-1.20104750328091e-17,0.93038551192584,0.728336204562027,0.619625726486824,0.686248630351006,0.703786907613791,0.72575718154359,0.012295444422456,0.0112587924174565,0.00617524601603999,0.00750478512654932,0.00881668347047182,0.00995034329757318,529.564337048223,7.19503707947082,17.3232166618681,2.95545365819801,121.829666694334,120.831462127531,2525.31329795386,168.766613310117,13.7232834749179,0.175532937394274,0.338949249872445,0.0090537504752692,0.175532937394274,0.338949249872445,0.357423653780449,0.064568770459452,0.441214966122233,0.542049864490127,0.360922526293783,0.12215525956832,1.203616204123e-15,0.0582297139163689,0.0236439697546714,0.0225731818794397,0.033973588001823,0.0433736485431716,0.0455636912822459,0.00864004231555685,0.00254307577693184,0.00140534072792086,0.00134761371736133,0.00122662088364517,0.000904268515758915,0.510747920263348,0.00625183972680219
9.45,9.094,1.11312,0.2,0.0204279395073487,0.0553438480829124,0.103145051400027,0.1455223317392,0.190105574530158,0.215324175046688,0.0204279395073487,0.0553438480829124,0.103145051400027,0.1455223317392,0.190105574530158,0.215324175046688,0.0204279395073487,0.0553438480829124,0.103145051400027,0.1455223317392,0.190105574530158,0.215324175046688,0.25,1,150.000015727529,158.536319133424,-22.2691590094782,384.103832934069,711.329174783877,5644.45339027185,-1.51583111821685,3.09332371627955,-0.322041779671909,-0.134246314967191,3.09332371627955,-0.322041779671909,4.79719164670347,-0.249338556296219,-62.8639777106551,0.536692534036038,6.85818904280804,927.250036454535,8.91959942714304e-18,1.40933204874492,1.08530743672534,0.919322247682534,0.958000156233725,0.906035110925943,0.891602499739611,0.0190048005339027,0.0126887635175503,0.00735283074625559,0.0124634713050724,0.0121988839704197,0.0128259825018227,2015.70201020727,21.990773877721,17.3232166618681,4.31873420786036,123.553714532963,119.55221367973,2544.93839688274,268.864570809696,26.1406317049625,0.198883573534504,0.33409345718059,0.0176248511560604,0.198883573534504,0.33409345718059,0.793067897298869,0.416653905399804,0.641148724233672,0.532588634933106,0.450281709031425,0.223705183416915,1.52138525897689e-15,0.236616041261251,0.143202645092038,0.122624891049856,0.107348461830001,0.084607602553215,0.0779334993092443,0.0379656471904018,0.0119979015688401,0.00612540639535545,0.00544801790342851,0.00395489763640633,0.00346787314396165,0.839050256924924,0.00581082044311565
-10.29,6.41,1.15216,0.2,0.016210794888865,0.056046756453858,0.101719357161977,0.13025684120191,0.179679720473878,0.21826651629424,0.016210794888865,0.056046756453858,0.101719357161977,0.13025684120191,0.179679720473878,0.21826651629424,0.016210794888865,0.056046756453858,0.101719357161977,0.13025684120191,0.179679720473878,0.21826651629424,0.25,1,150.000015727529,98.9681991459225,-10.1293435892094,264.223245495261,322.429318279346,3527.2759087595,-8.44407888605354,1.97656473284033,-0.184995923117384,-0.0563575002603896,1.97656473284033,-0.184995923117384,1.47053800749922,-0.103095169287887,-43.430998854286,0.312046790946776,4.42838558483492,769.489261535258,-2.0163530205187e-18,1.03327119050099,0.806100583272575,0.684431590459328,0.746798312675764,0.752688834496407,0.766226851369648,0.0126161558271013,0.0117032950734299,0.00602656364381836,0.00747294208936569,0.00915147661701907,0.0100636652432038,730.567472138319,9.60410176023338,17.3232166618681,4.0083775027439,122.884342137744,120.288543467655,2553.52730239356,233.62414484365,16.1892037877903,0.219800587185137,0.345896383916537,0.0130417818456292,0.219800587185137,0.345896383916537,0.434117118295736,0.0861447020438829,0.471206930059593,0.553733498276318,0.461774324680193,0.14695622374149,1.26329966742678e-15,0.0840889349954934,0.0256894005718913,0.0172022975349397,0.0325667010608378,0.0423201470724667,0.0521327770354586,0.0124703620985983,0.00315365325824433,0.001532668806851,0.00148282099405019,0.00136095634569809,0.00107784525346926,0.639890253350537,0.00731311308150793
2.01,20.402,1.36656,0.2,0.0188570651346017,0.0610286730859759,0.101024399241591,0.15681428395198,0.192718052925169,0.229045111565616,0.0188570651346017,0.0610286730859759,0.101024399241591,0.15681428395198,0.192718052925169,0.229045111565616,0.0188570651346017,0.0610286730859759,0.101024399241591,0.15681428395198,0.192718052925169,0.229045111565616,0.25,1,150.000015727529,160.720868659515,-9.64380207790856,619.901999791688,99.997101334236,4099.0158316842,-47.4107436725341,1.0288180075815,-0.39030740142381,-0.0222604874596396,1.09874309570878,-0.0598641217477346,-1.39652240771691,-0.835237796375378,-101.083310071868,0.0595620302572648,1.6413357766139,1173.71409228205,17.6565743151762,1.52088678262681,0.898108665763983,0.485970805124466,0.351493386105614,0.168777940898136,0.0782968888428288,0.0323047433672534,0.0123188933075825,0.0069515646286845,0.00661364920320801,0.00886241964378712,0.0092107392979898,4999.97229455265,43.0935610873868,17.3232166618681,52.8481876269535,118.60777957432,117.729744206808,2460.49851608221,1552.90088180401,18.0831236098347,0.645696368384283,0.517289975949168,0.0195688514406016,0.748572255511385,0.352362088743268,2.61224404132231,0.562327485793386,1.70856688868661,0.560133933902101,1.52919379832524,0.812159115300988,0.00519844954972904,0.227184159863735,0.177185828463311,0.139811759939435,0.125721119931684,0.110421534462437,0.0874191473542034,0.0448246154741142,0.0108146531608294,0.00373649091389217,0.00173986381167573,0.00154751264407379,0.00125467680908533,3.07815946006101,0.0105797882296453
-3.03,17.63,1.20656,0.2,0.0191011626962597,0.0500447844615532,0.0832194424661069,0.130918218927821,0.173777096059186,0.231736661038757,0.0191011626962597,0.0500447844615532,0.0832194424661069,0.130918218927821,0.173777096059186,0.231736661038757,0.0191011626962597,0.0500447844615532,0.0832194424661069,0.130918218927821,0.173777096059186,0.231736661038757,0.25,1,150.000015727529,168.778512654932,-11.3984141795646,618.985584834913,216.801443880846,4886.69471930007,-31.8862209144881,1.75404095406728,-0.55897568904385,-0.0477810186438912,1.83580955108843,-0.137633665549422,1.70746364659931,-0.489239341496719,-101.082822622643,0.199634289459431,3.46819987501302,1173.66743047599,13.3885178627226,1.51722893448599,0.920092250807208,0.563169534423497,0.478561618581398,0.331986438912613,0.248232392459119,0.0230972631301947,0.0118927260316634,0.00685662649723987,0.00721372971565461,0.00751337329444849,0.00838286876367044,5000.00926986772,43.093288199146,17.3232166618681,37.5040260577125,120.666348889009,118.496036838149,2501.00490794971,1098.14201116696,18.6986865406048,0.510868143671557,0.446971590212776,0.0267324982445284,0.580138807997901,0.352445430864486,1.69936724529876,0.400751431558946,1.43549641917753,0.561836855184606,1.21279181674968,0.655672802502857,0.0060982339190595,0.16420764382901,0.0999494252231786,0.0765235572109027,0.0742436978992488,0.0739767636902139,0.0767830133164401,0.0315613086798703,0.00763636368375694,0.00291880169063113,0.00180225610565654,0.000946196608473492,0.000988266684267746,2.40585602795924,0.00887465699433
0.210000000000001,7.246,1.24432,0.2,0.0171993417658956,0.0606429482717763,0.093944976401185,0.139442363387363,0.175070214005473,0.223948461182682,0.0171993417658956,0.0606429482717763,0.093944976401185,0.139442363387363,0.175070214005473,0.223948461182682,0.0171993417658956,0.0606429482717763,0.093944976401185,0.139442363387363,0.175070214005473,0.223948461182682,0.25,1,150.000015727529,127.102843453807,-20.2236260858661,298.791157171128,592.58803231955,4571.49651078013,-7.26744534173524,2.55978231434226,-0.264730641992501,-0.0931058795958754,2.55978231434226,-0.264730641992501,2.79479422976773,-0.154064275086449,-49.7072638266847,0.44362106790751,5.71804916154567,823.648276221228,7.62975998854286e-18,1.18503578793876,0.919136569107385,0.775294615144256,0.836091927924175,0.823893469430267,0.820572388292887,0.0117916854684314,0.0119394508384543,0.00593019130543798,0.00844386230600979,0.00927900083324653,0.0104402721591501,1207.66680554109,14.8319612540361,17.3232166618681,3.97899736603685,122.969525466894,120.14613508975,2546.43354802806,255.483351979861,21.1375209454364,0.215297170846914,0.340649168810472,0.016122034446284,0.215297170846914,0.340649168810472,0.557376859692676,0.173259998966093,0.519732725856022,0.544404231337347,0.466607647547227,0.208345159196346,1.33425251071436e-15,0.0920218757977689,0.064364921679199,0.0564806454050882,0.0606293522530669,0.0568200183515653,0.0526744742203395,0.0135937690246314,0.00500584550663496,0.00263481908420749,0.00231955952346849,0.00172162664863523,0.00119642682739795,0.946655897419597,0.00947567932097194
12.03,4.826,1.11696,0.2,0.0180091913788689,0.058272647506009,0.105739200507098,0.135564710226698,0.175668280303346,0.207817873565775,0.0180091913788689,0.058272647506009,0.105739200507098,0.135564710226698,0.175668280303346,0.207817873565775,0.0180091913788689,0.058272647506009,0.105739200507098,0.135564710226698,0.175668280303346,0.207817873565775,0.25,1,150.000015727529,68.5178877200291,2.57505747317987,223.965380689511,-9.10111346734722,2395.24955733778,-10.0805756612853,1.34766409748985,-0.0932228612696594,-0.0266105759816686,1.34766409748985,-0.0932228612696594,0.354626109301114,-0.0575694166180606,-36.9131923757941,0.161222058466826,3.04453608999063,709.13910009374,3.86650747838769e-18,0.680286376419123,0.535846724299552,0.473632673679824,0.545820258306426,0.574307738777211,0.635001489428184,0.0128301408106968,0.0114154764087074,0.0078525725445266,0.00771685959795855,0.00900708530361421,0.00969467190917613,264.875471305073,3.77841099885428,17.3232166618681,2.19226602141298,123.132858777553,118.888641839588,2533.81981835656,86.6293481716664,11.5597546508859,0.0723089477767712,0.32915851238467,0.0031047854782782,0.0723089477767712,0.32915851238467,0.247654616555126,0.0536682123845544,0.379014848774908,0.524291880607448,0.194505572902386,0.0789394710165134,1.14228333983364e-15,0.11571959876952,0.0833381515770483,0.0670373074926276,0.0711670475958966,0.0722588895014314,0.0670925955060594,0.00927647470077022,0.00364717513841915,0.00212858317959884,0.0019881025179683,0.00134828327795696,0.000909693490534146,0.302088820469335,0.00403399872078185
11.25,22.91,1.19632,0.2,0.0155737221311092,0.0522299126354461,0.078556257371474,0.120305775526355,0.16445708223653,0.215404364937657,0.0155737221311092,0.0522299126354461,0.078556257371474,0.120305775526355,0.16445708223653,0.215404364937657,0.0155737221311092,0.0522299126354461,0.078556257371474,0.120305775526355,0.16445708223653,0.215404364937657,0.25,1,150.000015727529,150.399080304135,-8.83018720133319,619.735048432455,96.4783936903447,3704.18788667847,-43.9026835746276,0.809227896083741,-0.337405056906572,-0.0237473607436725,0.875606102343507,-0.0448587489447662,-2.21306153937402,-1.02403382804916,-101.053330903031,0.0338428349963545,1.14245065698365,1173.70659306322,19.7009040724919,1.47531781064472,0.981578179356318,0.535960252057077,0.360022102475784,0.165784291305176,0.0382442952546609,0.129600736346214,0.0162889978200083,0.00653571560658265,0.00675944630767628,0.00769207603374649,0.00890438745963963,4999.99489636496,43.0932277887721,17.3232166618681,71.0803168863538,118.873988507613,117.413402147162,2479.00929654128,2166.54771313338,26.0265726075828,0.888250387118971,0.641709539345096,0.021752387013094,1.03233923397137,0.367502833932797,2.82053063627905,0.801717587450016,2.1375526571906,0.584083200247656,2.12180744297305,0.801201744458112,0.0050368708329755,0.418044346854391,0.378764453923678,0.287628842036231,0.232112866703631,0.171196219765398,0.142455513066095,0.148334622804171,0.0272663578001541,0.00844806532280747,0.00341211856877091,0.00167381275742737,0.00126615363431644,2.94556074744058,0.00990407547613878
1.23,5.486,1.12848,0.2,0.0156052624205017,0.0515971931437118,0.0901310821718126,0.123574868708602,0.155418008659108,0.195503739149438,0.0156052624205017,0.0515971931437118,0.0901310821718126,0.123574868708602,0.155418008659108,0.195503739149438,0.0156052624205017,0.0515971931437118,0.0901310821718126,0.123574868708602,0.155418008659108,0.195503739149438,0.25,1,150.000015727529,82.0440860327049,-8.33011914488074,247.596610769712,244.343102565358,2894.16050411415,-9.67105262712215,1.62726705551505,-0.147637522585147,-0.0383941891469639,1.62726705551505,-0.147637522585147,0.809559800770752,-0.0735041699517759,-39.6050536402459,0.250005406259765,3.65687553379856,734.853671492548,5.79438026247263e-18,0.852196260806166,0.671606197271117,0.575890396833663,0.643874252682011,0.668455462972607,0.704680064576606,0.0121842137600771,0.0111374386001458,0.00664070513488178,0.00756256004582856,0.00857501333194459,0.00941905582751796,454.802624726593,6.26068180397874,17.3232166618681,1.8203415374633,122.968208579664,119.423090955938,2539.9330117298,114.994250609523,13.4579699211208,0.130379246203487,0.336161319126587,0.00656315234624742,0.130379246203487,0.336161319126587,0.322207935428157,0.0607439415775448,0.416657357901259,0.536694258452968,0.270683584933376,0.105570414834273,1.20653419079053e-15,0.0697095136499219,0.054823412863923,0.047243195028698,0.0512537431918219,0.0552568252533559,0.0453076156728001,0.00769599753905497,0.00313520871520898,0.00184997596730552,0.00156789889307958,0.00124893569508091,0.000801671210404426,0.420967865075266,0.00528542523473644
7.95,9.182,1.2328,0.2,0.0178138703659231,0.053529129920679,0.0770385521392063,0.112594896224569,0.154780530388478,0.19650159183977,0.0178138703659231,0.053529129920679,0.0770385521392063,0.112594896224569,0.154780530388478,0.19650159183977,0.0178138703659231,0.053529129920679,0.0770385521392063,0.112594896224569,0.154780530388478,0.19650159183977,0.25,1,150.000015727529,181.695469221956,-23.8727245490678,416.776887824184,772.968138818873,6521.19622955942,-3.2079898451203,3.60651109259452,-0.36718239022279,-0.182537246120196,3.60651109259452,-0.36718239022279,6.70364326632642,-0.316287558285596,-69.5342058118944,0.613826034580774,8.02193354858869,975.994510988434,4.91363830850954e-18,1.33559454223518,1.02490479116759,0.858879262576815,0.90694640141652,0.883443620456202,0.868989636496199,0.0149403267605458,0.0122583037284658,0.00604467851171753,0.00881305724403707,0.00995217289865638,0.0110577206540985,2350.58848036663,24.3633361108224,17.3232166618681,6.05803575247333,123.595770009063,120.190375984574,2547.03982786886,350.365638818862,30.2111706233143,0.250292514093643,0.335636285231335,0.0255157772286486,0.250292514093643,0.335636285231335,0.918925679756165,0.201053771429259,0.675847413230523,0.535278497253038,0.56613048146349,0.232410540381205,1.36159872771171e-15,0.195782447224063,0.125198249696401,0.104227353336138,0.0986293350009313,0.0806355856563399,0.072106814185357,0.0285572283400361,0.00963022451383909,0.00492575856649225,0.00408935249196285,0.00287699168973622,0.00239045023837897,0.910419198807466,0.00564989279376656
4.23,21.942,1.39856,0.2,0.0189022475516499,0.0540940851841205,0.100298028624246,0.133321338334632,0.178008196024567,0.239835837051159,0.0189022475516499,0.0540940851841205,0.100298028624246,0.133321338334632,0.178008196024567,0.239835837051159,0.0189022475516499,0.0540940851841205,0.100298028624246,0.133321338334632,0.178008196024567,0.239835837051159,0.25,1,150.000015727529,157.731632121654,-9.43702684741173,620.203791271742,74.5587798250182,3772.35622331007,-52.5080970732215,0.72957074967191,-0.292061691511301,-0.0180769393813144,0.785247927375274,-0.0309823120404124,-2.68508436495157,-1.03475381925841,-101.040779085511,0.00643405021039475,0.858901806655557,1173.67670034371,19.5578637641912,1.50889688574107,0.913359556296219,0.470899375065097,0.31047473804812,0.125971018607437,0.0115539110832205,0.0501252622226851,0.0122661713697531,0.00674872672638266,0.00655408811582126,0.00836279637537757,0.00952292782001874,4999.97916883658,43.0934777627335,17.3232166618681,62.0742237856931,117.474007150566,117.349114816111,2438.53576630617,1850.1935709595,20.6432677053701,0.756218019090865,0.577032357500787,0.0154965563904356,0.882772576126602,0.354320619032285,2.70159190293105,0.726556463414665,1.9345807516434,0.56330608830024,1.81191923543478,0.915405071248554,0.00641357450031178,0.271322135169633,0.230860556254047,0.178843174945564,0.156239682581618,0.117930044392613,0.105729837310229,0.0642975576519212,0.0137159452711702,0.00444855466639075,0.00175292100629724,0.00144838444823426,0.0013068804478995,3.54905846914764,0.0122294789952035
3.63,4.254,1.33968,0.2,0.0221869460004494,0.0588356378195239,0.103396338383829,0.131596751615395,0.170164389719573,0.220731924043147,0.0221869460004494,0.0588356378195239,0.103396338383829,0.131596751615395,0.170164389719573,0.220731924043147,0.0221869460004494,0.0588356378195239,0.103396338383829,0.131596751615395,0.170164389719573,0.220731924043147,0.25,1,150.000015727529,68.8318956358712,-1.35684250286428,223.947829392772,60.0505829705239,2428.53504843245,-14.409741671805,1.39250828038746,-0.103910889570878,-0.0284865524424539,1.39250828038746,-0.103910889570878,0.42403818531403,-0.0544236634065201,-35.9744766170191,0.179786036380585,3.16422153942298,700.250005207792,3.34971368753257e-18,0.539129944797417,0.426578877200292,0.388202426830538,0.461819872929903,0.497301260285388,0.571653317362775,0.0121187606499323,0.0109830710342673,0.00725174231850849,0.00698019372981981,0.00871892677846059,0.00994386095198417,202.150473908968,2.92026351421729,17.3232166618681,2.14471359051902,121.181724064908,121.029475271765,2499.79031691542,58.9615026735334,11.4148183075448,0.088466288065773,0.328543289093241,0.00399209985322373,0.088466288065773,0.328543289093241,0.241257703394276,0.051813983619274,0.381091605758014,0.524123344926011,0.184395654714724,0.0536408773499412,1.00916873483602e-15,0.0576494475443958,0.0462926807303004,0.038342351330718,0.0388270574527891,0.0411259545668732,0.0369801712307336,0.00380315027515531,0.00181882957860138,0.00141639233539299,0.00131561807874912,0.000765398619424685,0.000555263551103859,0.263407230608604,0.0036368958408681
4.53,20.974,1.24816,0.2,0.0164533261792537,0.0536650180806648,0.092259953333332,0.122178418890055,0.179697518704503,0.236038928428775,0.0164533261792537,0.0536650180806648,0.092259953333332,0.122178418890055,0.179697518704503,0.236038928428775,0.0164533261792537,0.0536650180806648,0.092259953333332,0.122178418890055,0.179697518704503,0.236038928428775,0.25,1,150.000015727529,157.057884595355,-9.34604593927716,619.813936048328,101.815755365066,4037.06415998334,-41.7735680658264,1.03882333300906,-0.401386986322258,-0.0233521496094157,1.11195366225591,-0.0618819750401,-1.29102071648787,-0.848444659587543,-101.082014373503,0.064683427305489,1.70354247525258,1173.70180189564,17.9408176231643,1.51938214769295,0.944560264555774,0.5184588272055,0.373702508072076,0.190093349260494,0.0861460591605041,0.0528087576325382,0.0123523787041037,0.00668157840537444,0.00672641204041246,0.00830402562233101,0.00918707895010937,4999.98260597854,43.0935475471306,17.3232166618681,55.2340305396955,118.940795982786,117.731930007396,2470.53464388393,1626.98914398132,19.180414308584,0.672216109907849,0.531986060055082,0.0209138063416399,0.780231670824204,0.35514073352266,2.95704214235757,0.593768529237027,1.7539431065583,0.564275550694946,1.59340028826874,0.796035674138142,0.00587616706635594,0.27022010297551,0.224671432557387,0.174299998253249,0.150571833956492,0.123388321333989,0.100878460231224,0.0672314226066955,0.0140715465566544,0.00476501976580731,0.00213549674085563,0.00173092361760085,0.00135280489462926,3.00416542761906,0.0103217536499325
-4.11,9.402,1.16176,0.2,0.0179592324839962,0.0590887336952905,0.09683508290811,0.132933836661341,0.164235631459078,0.226007815377834,0.0179592324839962,0.0590887336952905,0.09683508290811,0.132933836661341,0.164235631459078,0.226007815377834,0.0179592324839962,0.0590887336952905,0.09683508290811,0.132933836661341,0.164235631459078,0.226007815377834,0.25,1,150.000015727529,180.637204457869,-24.8836814269347,427.369024059994,797.959280241642,6451.27924174565,-3.4317190249974,3.53832132069576,-0.366191309183418,-0.176095344234975,3.53832132069576,-0.366191309183418,6.60857244037079,-0.317787368219977,-70.7827445057806,0.610356986542027,7.84405093219457,984.66646182689,2.04981799802104e-17,1.3791473804812,1.0538915737944,0.887400197896053,0.935695385897302,0.901483053848557,0.875455129673993,0.0137204523751693,0.0125150384199875,0.00600794759014686,0.0102610113009062,0.00985330465576502,0.011648351942506,2413.82210186439,24.7978710550992,17.3232166618681,8.53705178525526,124.063709940799,120.458589066843,2583.35342283386,435.580006087774,29.6639991022814,0.323727957056161,0.353191365473941,0.0329768309794406,0.323727957056161,0.353191365473941,0.946669172781365,0.195818141390452,0.735935712649825,0.565617604116719,0.700692099380896,0.241479965581078,1.32988085609383e-15,0.0931495876134966,0.0458681751148513,0.0428011697289825,0.0482924023587856,0.0450519995311681,0.0462333314894221,0.0174812911624744,0.0052763390926342,0.00284744321171792,0.00272251340621094,0.00202893495634311,0.0018763990356583,0.999069879123854,0.00624069612680121
3.57,13.23,1.23024,0.2,0.0174835575526469,0.0622908035873056,0.081427444980323,0.103116661573206,0.133272302249388,0.186623023114889,0.0174835575526469,0.0622908035873056,0.081427444980323,0.103116661573206,0.133272302249388,0.186623023114889,0.0174835575526469,0.0622908035873056,0.081427444980323,0.103116661573206,0.133272302249388,0.186623023114889,0.25,1,150.000015727529,218.946463910009,-23.137871916467,608.607467972085,647.107889917717,7356.33319445891,-12.7824292802833,3.62372023747526,-0.692987803353817,-0.186323924591188,3.67391927924175,-0.337510426934694,9.4005310905114,-0.253988950203104,-100.57966357671,0.551124893127799,7.88925059889595,1173.62170607228,5.57752057077385,1.39503562128945,0.954608478283511,0.724061431100926,0.72495944172482,0.657909311530049,0.612853296531611,0.0156225919831268,0.0123730888584522,0.00609885130298928,0.00666859837516925,0.00808335183835018,0.00923501562337256,4999.99218831372,43.0935996250385,17.3232166618681,22.3368079599238,124.988931193433,119.670319077798,2593.46158065159,763.382862597392,31.1194376596538,0.422272075424258,0.384166022221319,0.044559358508391,0.445721706248394,0.356699194907206,1.51805844004526,0.219842658139822,1.10994005156026,0.569110760988826,0.942164176082732,0.484986732479171,0.00563212684878901,0.175206589909336,0.118099232229135,0.092471617947491,0.0806418728898845,0.0711672264572655,0.0614075066819372,0.0265890160191173,0.00845449128117415,0.00369737551675076,0.00249985459259081,0.00155889975942871,0.000963682875940465,1.38580655379248,0.00568987549887693
-3.63,5.618,1.29744,0.2,0.0142212633035915,0.053755309853228,0.0969892711605056,0.141418381628511,0.160553136475035,0.217085628191598,0.0142212633035915,0.053755309853228,0.0969892711605056,0.141418381628511,0.160553136475035,0.217085628191598,0.0142212633035915,0.053755309853228,0.0969892711605056,0.141418381628511,0.160553136475035,0.217085628191598,0.25,1,150.000015727529,93.2961795646288,-1.42426056869076,248.283108009582,116.933029163629,3343.16894073534,-10.1278377671076,1.89372554942194,-0.150257354737007,-0.0517055535881679,1.89372554942194,-0.150257354737007,1.27913665564004,-0.0924867368334548,-41.0427007603374,0.257068292471617,4.26998146026455,747.936339964594,-3.75444007811687e-18,0.862700468701178,0.678838016873242,0.582704905738985,0.653166951359234,0.672091178002292,0.701500624934903,0.0122310163316321,0.0112990080199979,0.00681709071971669,0.00817529944797417,0.00871854713050724,0.0099407325278617,556.257171128007,7.52334715133836,17.3232166618681,2.69866340115865,121.468000392756,121.236543864179,2515.3994279689,173.558965717865,15.2843590410435,0.174468692816794,0.33652180821059,0.00994918261551902,0.174468692816794,0.33652180821059,0.377060501846171,0.0618740854452489,0.441513267694713,0.537956514326703,0.364519722360225,0.119212252217262,1.12345740774987e-15,0.049330624201963,0.0351720424068151,0.0327907110813853,0.0393945868263045,0.045806405964369,0.0404663688247341,0.00666948119159157,0.00248352027348074,0.00148377990864208,0.00133030680562508,0.00112443354233937,0.000792978378037218,0.502129710980789,0.00605956496469544
-9.99,18.246,1.22704,0.2,0.0168551340105235,0.0526810122480644,0.0744267664206075,0.111925559967492,0.161341500629753,0.222881723175809,0.0168551340105235,0.0526810122480644,0.0744267664206075,0.111925559967492,0.161341500629753,0.222881723175809,0.0168551340105235,0.0526810122480644,0.0744267664206075,0.111925559967492,0.161341500629753,0.222881723175809,0.25,1,150.000015727529,167.922664305802,-11.097473804812,618.409748984481,197.399014998438,4801.00614519321,-34.1816295177586,1.66797032600771,-0.545712090666014,-0.0425371677950213,1.75032362253932,-0.127568000135403,1.32861338804187,-0.517275697562754,-101.104827622123,0.181424802900739,3.25117071138423,1173.6778460577,13.9482189355276,1.50611321737319,0.920236027497135,0.551929517758567,0.459606447245079,0.311353608999062,0.223525290073951,0.0431642136711801,0.0122582890896782,0.00669007728361629,0.00666961076971149,0.00752302947609624,0.00869566868034581,4999.97291948755,43.0934017289867,17.3232166618681,33.1888097171682,119.427353605818,117.949193770866,2470.14312255394,929.865588552847,19.554514407077,0.437837414922276,0.431440681672834,0.0221635067611403,0.507846516106082,0.346310572525129,1.66396328271529,0.403292986389701,1.38498663274666,0.552409769301471,1.06592090609111,0.69105730108481,0.00629106341634317,0.28222328407898,0.128495683507304,0.0541519874353149,0.0375743669703213,0.0466185985746839,0.0613869298232676,0.0619298873817477,0.010295393877839,0.00261540910145716,0.00134259808543169,0.000668986418074813,0.000757278634945566,2.72494187756751,0.00969374546689595
-5.13,7.95,1.17008,0.2,0.0144651498941796,0.0548041813681422,0.0757104259510688,0.12091025286806,0.169865601645766,0.237985699658989,0.0144651498941796,0.0548041813681422,0.0757104259510688,0.12091025286806,0.169865601645766,0.237985699658989,0.0144651498941796,0.0548041813681422,0.0757104259510688,0.12091025286806,0.169865601645766,0.237985699658989,0.25,1,150.000015727529,136.269721903968,-14.9067274825539,316.441141547755,514.423841579002,4885.23622539319,-4.06775364753671,2.70650213519425,-0.267087292797625,-0.103900579106343,2.70650213519425,-0.267087292797625,3.2760589417769,-0.18156896187168,-53.1021404020414,0.447394798730341,6.02660618685553,851.349067805442,9.59544048536607e-18,1.31898593896469,1.01550282262264,0.848198802208103,0.903045807728363,0.881392813248622,0.858639693781897,0.0125352559844495,0.012294558537444,0.00607441781681075,0.00841928724403708,0.00960450838454327,0.0116676239975003,1473.32267472138,17.5064722424746,17.3232166618681,5.6065055976432,124.286635812135,119.378723628264,2583.3075068241,320.312027924987,22.6979694523406,0.261160824933249,0.35016921751032,0.0206438776436163,0.261160824933249,0.35016921751032,0.641265185081321,0.154624985593655,0.556411092285683,0.560411550024408,0.560921204358703,0.223437667682605,1.34280266992149e-15,0.0887965048942432,0.0400409683344069,0.0366444181120874,0.0463564545732318,0.0470140057634803,0.0493012708409349,0.016777364684845,0.00471637980819757,0.00243337279829463,0.00224832598567376,0.00174471037685984,0.00164636132560284,1.09887981377416,0.0100468426457208
-7.53,5.926,1.26224,0.2,0.0371536791219362,0.119471810168904,0.198722620255307,0.27629466368695,0.358109682021226,0.453817225537596,0.0371536791219362,0.119471810168904,0.198722620255307,0.27629466368695,0.358109682021226,0.453817225537596,0.0371536791219362,0.119471810168904,0.198722620255307,0.27629466368695,0.358109682021226,0.453817225537596,0.5,1,150.000015727529,94.0479189667742,-5.88128358191855,249.247028434538,214.820044787001,3326.04624518279,-10.8577766526404,1.83507759608374,-0.159306386975315,-0.0484277658577231,1.83507759608374,-0.159306386975315,1.16767918477242,-0.089507233644412,-41.7386678470994,0.268649006484741,4.09224841162379,754.097500260386,5.65293701593584e-18,0.940208811582127,0.719013144464118,0.644555421310281,0.702476533694405,0.663822862201856,0.665058379335485,0.0122501626705552,0.0138481083220498,0.010698322362254,0.0128201099885429,0.0129393480887408,0.0151688178314759,605.198073117384,8.11838881366532,17.3232166618681,3.03374086011802,123.722783186245,119.144775916967,2565.3111115919,188.091904471795,15.2776488884813,0.185314578035262,0.344424914273617,0.0102071347033258,0.185314578035262,0.344424914273617,0.374756086343936,0.0690375804672261,0.444018845996944,0.55075240079098,0.383615692096579,0.135469863749499,1.1950801049969e-15,0.0584625773773098,0.02350104505914,0.0237750697079262,0.032664107185617,0.0378276962463609,0.0416928380245317,0.00861789176366397,0.00252324357774673,0.001483610774263,0.00141019725112054,0.00115547545114408,0.00093087908062684,0.571496058665286,0.00679630382533128
14.97,3.11,1.37552,0.2,0.0417238807010841,0.105742405835178,0.166406493914918,0.225274967678161,0.313707022223933,0.441612274121818,0.0417238807010841,0.105742405835178,0.166406493914918,0.225274967678161,0.313707022223933,0.441612274121818,0.0417238807010841,0.105742405835178,0.166406493914918,0.225274967678161,0.313707022223933,0.441612274121818,0.5,1,150.000015727529,49.3000395792104,-1.19312099677118,205.098468909488,28.1111881574836,1678.65253619415,-18.4040387459639,0.955170909280285,-0.0676465298510572,-0.0139822143526716,0.955170909280285,-0.0676465298510572,-0.186870969021977,-0.0320805981298824,-33.3827361733153,0.117611739214665,2.17274013123633,674.456837829383,2.04217973440267e-18,0.222223726695136,0.175187337777315,0.204879710446829,0.291329517758567,0.316438995937923,0.393983220497864,0.0120511967503385,0.00813969065722321,0.00600145557754401,0.00602633517341944,0.00731048099156338,0.0101177081554005,28.6686386834704,0.429985553588167,17.3232166618681,3.85611924933604,122.090670689785,119.973524313827,2515.01585621829,105.988188640657,8.45928317435439,0.0353816988430018,0.32530124485818,0.00141433043356146,0.0353816988430018,0.32530124485818,0.229435736096407,0.0493084916198377,0.345308500463567,0.517847802929664,0.157689399555025,0.0495328137243967,9.35296401337369e-16,0.0565935737435677,0.0419932271138176,0.0357497205227931,0.0476274562956548,0.0488994037113448,0.0545770865256411,0.00140997584750807,0.000451429723126511,0.000322694205948111,0.000463538597976202,0.000903378599272207,0.00386458069723519,0.123633660630644,0.00184187591993752
8.37,7.994,1.38128,0.2,0.0272937374042381,0.102631880831159,0.19500145543816,0.280545595981784,0.324855414456705,0.427719399722911,0.0272937374042381,0.102631880831159,0.19500145543816,0.280545595981784,0.324855414456705,0.427719399722911,0.0272937374042381,0.102631880831159,0.19500145543816,0.280545595981784,0.324855414456705,0.427719399722911,0.5,1,150.000015727529,151.544287053432,-18.9538010020831,331.896219143839,606.602733444433,5407.41151963337,-6.45307450015624,2.95729403187168,-0.295511263235079,-0.122656107697115,2.95729403187168,-0.295511263235079,3.90686168107489,-0.203017124192272,-55.0847359650036,0.492962941082178,6.55211394646391,867.596073325694,-1.14540962920529e-17,1.28750771794605,0.972068284553692,0.852498468909487,0.861824393292365,0.806025486928445,0.772983085095303,0.0145928938360587,0.0140355568169982,0.0118242014373503,0.0163226830538486,0.014480300697844,0.0180409655244246,1635.9689615665,19.0747359650036,17.3232166618681,3.88998539447881,122.943274820058,120.268337883094,2535.43133477212,249.199841385284,24.8138929196186,0.192036581516177,0.334007842238238,0.0163501835471496,0.192036581516177,0.334007842238238,0.679691596295125,0.166510714585555,0.557783219882443,0.532735785163903,0.430727201145362,0.234716576511857,1.29637907561457e-15,0.19341817056308,0.122138824265604,0.104630381555887,0.0792407410778822,0.0726770444137886,0.0620241427901765,0.0266283928053539,0.00916032654371134,0.00518308917999219,0.00428221707416425,0.00337628933243912,0.00404705685433857,1.2047108291869,0.010677837597509
7.47,13.67,1.32176,0.2,0.0382978221619171,0.106135964196303,0.187608481038929,0.277526646039024,0.332134848023928,0.438694675826741,0.0382978221619171,0.106135964196303,0.187608481038929,0.277526646039024,0.332134848023928,0.438694675826741,0.0382978221619171,0.106135964196303,0.187608481038929,0.277526646039024,0.332134848023928,0.438694675826741,0.5,1,150.000015727529,217.317737735653,-21.9589162712217,610.426934694303,577.186496198313,7129.35371315488,-18.6699737456515,3.34391178002292,-0.673847390896782,-0.157863692323716,3.39766743047599,-0.302829251086345,8.15092584105822,-0.234401969905218,-100.709873971462,0.487464909435475,7.16306801374857,1173.69388605354,6.30020737423189,1.40444784918238,0.937940277054473,0.724263618373087,0.692281543589209,0.57193050723883,0.511855931673784,0.0213933505108843,0.0141436774015207,0.0104895362983023,0.012940147484637,0.0121746034788043,0.0142481196750338,4999.97812727841,43.0937569003223,17.3232166618681,24.3252780672348,124.979785034887,119.56941886005,2591.64650021454,798.806496749349,29.3589980562168,0.417164238275037,0.384602214973084,0.0402910465439272,0.442751980645097,0.354852272794465,1.51443546272196,0.228032586803181,1.12505046865988,0.565256184050867,0.924828385014114,0.460901642542303,0.00515097197446331,0.245445390034899,0.157595617045541,0.122719718813296,0.096971496762324,0.0791925764055766,0.0651407818407332,0.0376805750169948,0.011128392750073,0.00516764047135715,0.00330320179770643,0.00178469260260007,0.00121405420576289,1.38079863396096,0.00555079391237529
-9.75,18.07,1.31856,0.2,0.0363818753789962,0.113175092720575,0.191949042645059,0.284838154547265,0.35168463810175,0.452794364727927,0.0363818753789962,0.113175092720575,0.191949042645059,0.284838154547265,0.35168463810175,0.452794364727927,0.0363818753789962,0.113175092720575,0.191949042645059,0.284838154547265,0.35168463810175,0.452794364727927,0.5,1,150.000015727529,171.546818039787,-11.3963263920008,618.442120612436,193.579736173315,4854.35850432247,-38.701248828247,1.64726571190501,-0.531910209593792,-0.0410907269034475,1.72663788147068,-0.123067371695657,1.18797477823144,-0.51308243286116,-101.106840954068,0.172329570415269,3.16728267888762,1173.68347047183,13.8186595146341,1.49382439329237,0.887160243724611,0.553938475158837,0.445870086449329,0.281165982710134,0.198485204666181,0.0424111327601291,0.0145242743464222,0.0109166478491824,0.00702200864493281,0.00791021029059473,0.00936703562128945,4999.96719091761,43.0934215185919,17.3232166618681,32.8790505826707,119.539398553272,117.948814201341,2471.84286185479,919.905091800016,19.7091959398783,0.427011577571913,0.427130887973401,0.0212221690182301,0.495274274940633,0.34565884154789,1.66006604579689,0.391340045400704,1.37286548283966,0.551171261868539,1.03210600729414,0.707921456027446,0.00648755180886651,0.270741756170103,0.120409927597626,0.053599340390916,0.0383134227034461,0.0436916863158212,0.0550702595709399,0.0588570304550485,0.00981401663917996,0.00285879646734531,0.00194988518369999,0.000787064557550667,0.000807973456003347,2.79993796692904,0.0098557466012799
11.79,8.522,1.40624,0.2,0.0306473297732989,0.0984607513269405,0.184013016193004,0.248759071954672,0.328536402217794,0.44156876773331,0.0306473297732989,0.0984607513269405,0.184013016193004,0.248759071954672,0.328536402217794,0.44156876773331,0.0306473297732989,0.0984607513269405,0.184013016193004,0.248759071954672,0.328536402217794,0.44156876773331,0.5,1,150.000015727529,169.043068430372,-24.3119613040308,364.300291636288,743.842835282783,6033.40485366108,-7.09174053214248,3.28817258618893,-0.337490277141964,-0.151084355796271,3.28817258618893,-0.337490277141964,5.11830975940006,-0.246120046859702,-61.4304707842934,0.561634406075409,7.27020122903864,916.549536506614,1.16958117383605e-17,1.29680027080512,0.979930507238827,0.85552796583689,0.874003207999164,0.804782928861577,0.766699031350901,0.0152381904364129,0.0137456050701698,0.0113675434850536,0.0152955915008853,0.0149380528069993,0.0188038193938131,1946.7399229247,21.4855785855643,17.3232166618681,4.22373725217621,122.975504810834,120.127872962169,2530.47199604674,268.649112329831,27.8060945591268,0.19537564646531,0.330626877504698,0.0181627136665586,0.19537564646531,0.330626877504698,0.809429917363111,0.695139405823778,0.635627042118565,0.526811107414608,0.451955057134359,0.236374622654028,1.36746412703123e-15,0.235679292215276,0.1463893202127,0.122106234988386,0.0935200900103342,0.0818501590891605,0.0690213153527224,0.0344314502548146,0.0109896543515817,0.00598798903648391,0.00474868847483468,0.00397622631568744,0.00472570932333211,0.88114435199847,0.00540457904998028
7.59,7.686,1.2424,0.2,0.033729216120229,0.112653189648132,0.193605139729365,0.278859592967507,0.380401686182077,0.482339951517551,0.033729216120229,0.112653189648132,0.193605139729365,0.278859592967507,0.380401686182077,0.482339951517551,0.033729216120229,0.112653189648132,0.193605139729365,0.278859592967507,0.380401686182077,0.482339951517551,0.5,1,150.000015727529,128.831132173731,-16.4126951206124,312.828611602958,513.423270700968,4541.79272992397,-6.44585558681387,2.45512009165712,-0.246028710130195,-0.0847029726070201,2.45512009165712,-0.246028710130195,2.6035268201229,-0.15472930310176,-50.7678585564005,0.409282720073951,5.41952838246015,832.495698364752,-2.75860984584939e-18,1.28848907405479,0.970266295177586,0.853359181335277,0.864257233621497,0.787770305176544,0.753981501926882,0.0144573596272263,0.0144188534527653,0.0116715509842725,0.0162708296010832,0.0163213933965212,0.0201578741797729,1290.94063118425,15.6865076554524,17.3232166618681,2.89581459094544,123.409956983002,119.36435878854,2546.34292434679,193.214253251773,20.7567163831516,0.160126949810637,0.335791198367183,0.0116110036637387,0.160126949810637,0.335791198367183,0.564173169572057,0.153834106222053,0.523056598666236,0.535694487051164,0.349361365344529,0.237204276957011,1.36961862233582e-15,0.183261716770678,0.116610266259879,0.101392028673139,0.0773275968149773,0.0682249547178348,0.0581047336306229,0.0257128229211589,0.00893957750759234,0.00510278067829294,0.00425886482681061,0.00387092250828132,0.00466617109844902,1.08484636849263,0.0105780909948946
-3.21,16.398,1.36464,0.2,0.0364659981777538,0.117783959849827,0.179870333637652,0.257982312363562,0.32834834923729,0.507889196643838,0.0364659981777538,0.117783959849827,0.179870333637652,0.257982312363562,0.32834834923729,0.507889196643838,0.0364659981777538,0.117783959849827,0.179870333637652,0.257982312363562,0.32834834923729,0.507889196643838,0.5,1,150.000015727529,180.256921154046,-12.7767118112697,617.960035412978,251.315909697948,5317.87917925216,-36.7203874596396,1.99497177377357,-0.582160001226955,-0.0593101718570983,2.07219081345693,-0.157610571898761,2.62038940870743,-0.393727574322466,-101.064995312989,0.233215198875117,3.99254098531403,1173.64180814498,11.9184907822098,1.44688230392667,0.854909832309135,0.562181960212478,0.488550786376419,0.337164878658473,0.253523247578377,0.0187374052195605,0.0143494735965004,0.0103428615769191,0.0088951985209874,0.00778438048119987,0.00817608301218623,5000.00114571399,43.0932371627956,17.3232166618681,34.8921082328997,121.567738103586,118.662435810399,2520.79997515212,1037.60853829089,20.3900571058202,0.483788114922945,0.4320179588846,0.0286864621268618,0.543717820928067,0.353637417477328,1.64406858299561,0.354173811099877,1.37204537191093,0.563670309841097,1.12342727466938,0.627094674089307,0.00618660712602901,0.149811932450405,0.0871940876434996,0.0701064662937652,0.0671968128712861,0.0624678865640542,0.0592013846712541,0.0271789161686566,0.00670246601537416,0.00286288786708158,0.00296763349614812,0.00135795495726042,0.00132476134457774,2.29571583328665,0.00841866094554874
-5.01,10.238,1.25968,0.2,0.0478746762645021,0.13847450544917,0.210924282714083,0.300845380688114,0.403220168373411,0.466106015624274,0.0478746762645021,0.13847450544917,0.210924282714083,0.300845380688114,0.403220168373411,0.466106015624274,0.0478746762645021,0.13847450544917,0.210924282714083,0.300845380688114,0.403220168373411,0.466106015624274,0.5,1,150.000015727529,212.768565774398,-28.2486555504635,496.372742422664,897.335509030309,7475.46963857931,-5.99547199250078,3.98159264659931,-0.408904511074888,-0.220954473492345,3.98159264659931,-0.408904511074888,9.00579116758671,-0.409335866067076,-82.6440912404959,0.676969075684824,8.73948005416102,1064.93000729091,5.04943151755026e-18,1.39964712009166,1.03752539318821,0.922794938027288,0.89982667430476,0.8122393500677,0.783438568899073,0.0158995127107593,0.0159254218935528,0.0137041080095823,0.0185966789917717,0.0180228678262681,0.0204658962608061,3053.54890115613,29.0056337881471,17.3232166618681,10.5201554227999,124.830517174697,120.214183975195,2599.19601428723,504.279281644404,33.7400323750697,0.356106343526886,0.356583640744034,0.0404497723396502,0.356106343526886,0.356583640744034,1.14334401657535,0.194492175354658,0.84119318134479,0.571125727767961,0.767754484847313,0.433128745713669,1.39473717157737e-15,0.0922175148555434,0.0411349257387866,0.0396847495555966,0.0346157591139115,0.0347786935396881,0.0363672511619553,0.0185285366537323,0.00528407568073837,0.00319600893646725,0.00291937386114037,0.00314481581130079,0.00369445454240592,1.41064741738192,0.00729132189036175
-4.71,24.582,1.40944,0.2,0.0450224475392329,0.116015146377651,0.189654995085113,0.275883583159609,0.362837490021138,0.408220370967194,0.0450224475392329,0.116015146377651,0.189654995085113,0.275883583159609,0.362837490021138,0.408220370967194,0.0450224475392329,0.116015146377651,0.189654995085113,0.275883583159609,0.362837490021138,0.408220370967194,0.5,1,150.000015727529,156.79551817519,-8.83423821789397,620.78665763983,37.5083800020831,3378.44451619623,-57.2321851890428,0.345114832152901,-0.135100337131549,-0.00877792677846057,0.370559796406624,0.00657077255077597,-4.35597592334131,-1.36382410148943,-100.972142485157,-0.0626322226903447,-0.173137698583481,1173.70357254453,22.394974481825,1.5691358191855,0.921284626601395,0.465693625663994,0.25753544422456,0.0502889960535361,-0.0710767290444537,0.0677156323968337,0.0148388214769295,0.00890782949692741,0.0063610432246641,0.00931830205186961,0.0124173652744506,4999.94667222164,43.0937621081141,17.3232166618681,48.0219162725112,112.311242400465,116.998412890252,2320.12024836338,1302.07051151609,14.0999148665971,0.544925735503749,0.497923456429094,0.0043674077314658,0.661014818843505,0.328529205859219,3.27531722428143,0.766848908604561,1.7501055929179,0.523022625522258,1.40392086209662,1.38399961847159,0.00765954434599284,0.222377567647669,0.148952557271773,0.098814169440826,0.0894651190070805,0.0681883347817411,0.100323099630619,0.0724458691070758,0.0112002498148851,0.00354560547456117,0.000700331947562916,0.00200066262892994,0.00503808940749516,5.53854576447238,0.0175508566235964
-10.11,13.494,1.25456,0.2,0.0304985459056489,0.0823340075621262,0.152316438480394,0.248545154292876,0.354560680420924,0.425141773034861,0.0304985459056489,0.0823340075621262,0.152316438480394,0.248545154292876,0.354560680420924,0.425141773034861,0.0304985459056489,0.0823340075621262,0.152316438480394,0.248545154292876,0.354560680420924,0.425141773034861,0.5,1,150.000015727529,225.027986668056,-25.138532201854,608.349505259868,696.414029944798,7498.72513279867,-14.2181479309447,3.62378189771899,-0.666563222580982,-0.185537464847412,3.66863003853765,-0.342495833928757,9.27713852723675,-0.265520969039684,-100.589312571608,0.555477417957505,7.81104999479221,1173.58723049682,5.08900666597228,1.44405582751797,0.995293625663995,0.777732902822621,0.76681090511405,0.631336485782731,0.582138766795125,0.0199712322922612,0.0134514273721487,0.00793686203728779,0.0125789354233934,0.0127504208936569,0.0142263264243308,4999.96656598271,43.0936298302256,17.3232166618681,22.7286879341173,124.923201227636,119.436403283012,2608.68164920451,812.302276943535,32.4132443693469,0.471061540708614,0.40112317344602,0.0502994433305578,0.497267685697813,0.368128428282699,1.58749334000436,0.246233977058358,1.17067455016028,0.589551504490533,1.05311693181887,0.492357684483388,0.00650752427785341,0.187585927554006,0.06402836637796,0.0229539945143867,0.024158601919215,0.0313387668089752,0.0401219671634178,0.0356231766518844,0.006930860150019,0.00255783649186085,0.00184632279121801,0.00130903461487244,0.00101132478776738,1.48661625289787,0.00606218140591787
8.01,21.678,1.332,0.2,0.0459584989195199,0.110173241967887,0.211995897430863,0.285933808828858,0.364246098778163,0.429892985777479,0.0459584989195199,0.110173241967887,0.211995897430863,0.285933808828858,0.364246098778163,0.429892985777479,0.0459584989195199,0.110173241967887,0.211995897430863,0.285933808828858,0.364246098778163,0.429892985777479,0.5,1,150.000015727529,159.029411519633,-8.99001227892927,619.803510051036,74.1896699312572,3959.90617643995,-47.9417716904489,0.912375022081033,-0.355052212856994,-0.0223870991146756,0.978022968794918,-0.0443300636392042,-1.87351815853557,-0.917160718998021,-101.067755442142,0.0325781047495053,1.35044665076554,1173.66909696907,18.6681960212473,1.48432075825435,0.925658941776899,0.524022820539527,0.349201720654098,0.158632539854567,0.0531419629101135,0.098629845445162,0.0152760146620144,0.00959041433184044,0.00818338818873033,0.00824875002603895,0.0109912948651182,4999.97958545985,43.0933756900324,17.3232166618681,63.3057846895848,118.937101196387,117.619329278694,2477.48053434673,1896.82100524864,22.95899927943,0.772133565771617,0.579402524154143,0.0204470092509478,0.895199016015605,0.361271663071305,2.58263425891007,0.661734118037946,1.92156969606931,0.573850744189549,1.82506472902588,0.902757411970022,0.00574596858686315,0.33491489858322,0.285810906088356,0.227765126100794,0.18358528572953,0.128918871747449,0.110559124822715,0.109501979379923,0.0189455452451806,0.00725972283908928,0.00347130044901254,0.00184202643230171,0.00334354145543185,3.45090565936031,0.0107678818621513
8.79,20.534,1.12656,0.2,0.0378156020445215,0.125431308210335,0.188175800214474,0.26093461305481,0.322352316804072,0.408183339640982,0.0378156020445215,0.125431308210335,0.188175800214474,0.26093461305481,0.322352316804072,0.408183339640982,0.0378156020445215,0.125431308210335,0.188175800214474,0.26093461305481,0.322352316804072,0.408183339640982,0.5,1,150.000015727529,158.16212998646,-9.76045089261535,619.165180710343,142.265199250078,4276.24903655869,-33.7664697843975,1.28139993750651,-0.469702576455577,-0.030849763222581,1.36193632954901,-0.0879909702833039,-0.232790998500156,-0.709946096371212,-101.099984376627,0.11235111315488,2.3339162669097,1173.72086241017,16.4341516508698,1.50742676804499,0.9792886678471,0.606765326528486,0.454257087803354,0.252780531194667,0.157527715107801,0.109907229175086,0.0172900965959796,0.00961208032343506,0.00884325226538903,0.009377544422456,0.00871345318196022,4999.98458493907,43.0932871575879,17.3232166618681,53.0944036329608,120.547668256315,118.029734261255,2510.91910458909,1574.36231057324,20.2108426139618,0.658044511640357,0.518067187630555,0.0252573145965907,0.755940728229862,0.360506873947262,2.14539212710456,0.508507954342613,1.6822118406548,0.572543345332193,1.53774195758019,0.804538639741987,0.00536690472104437,0.338332495277176,0.280729058893065,0.224114219397536,0.180022089506913,0.144801198068692,0.107432206158022,0.119215901877924,0.0204176608340907,0.00790967980756591,0.0043218799396334,0.00194182580790884,0.00158325410373716,3.00842079577925,0.00989769178968548
-0.51,8.786,1.23088,0.2,0.0350356550273139,0.097625587391531,0.167490231173348,0.264471892238619,0.310339536940808,0.405259383640963,0.0350356550273139,0.097625587391531,0.167490231173348,0.264471892238619,0.310339536940808,0.405259383640963,0.0350356550273139,0.097625587391531,0.167490231173348,0.264471892238619,0.310339536940808,0.405259383640963,0.5,1,150.000015727529,162.833173627747,-26.2672479627122,376.583897510676,787.256711738361,5774.06853452765,-5.52961655515051,3.13003332986147,-0.332980667113842,-0.137400800958233,3.13003332986147,-0.332980667113842,4.79718602228935,-0.241237699171961,-62.2744630767628,0.5527166424737,6.90688584522446,922.812602853871,-7.09029142276845e-18,1.38182085199458,1.04096100406208,0.904524820331216,0.910290959275076,0.848285199458389,0.809696667013852,0.014650207112707,0.0139249059835433,0.00997343344349548,0.0169476552442454,0.0148958760545777,0.0184373106968024,1986.90521820644,21.780453077804,17.3232166618681,6.11036605729321,123.37089866757,120.275700264086,2557.89643053037,334.113659382347,26.2451025143649,0.253917176730927,0.344010012661688,0.0229566681329118,0.253917176730927,0.344010012661688,0.783531714668975,0.471812578042028,0.653474468479253,0.549934193884713,0.547488223701962,0.257676932474284,1.41597473332424e-15,0.106347591389348,0.0675039345303301,0.0648209992782327,0.0517439950775944,0.0500132326727586,0.0451320338623988,0.0178289374217739,0.00627018642260799,0.0037810400545244,0.00347413242435639,0.00310323969574045,0.00353925996211001,0.950643891871122,0.006749452999062
10.23,21.502,1.33392,0.2,0.0377780123865201,0.121304311045223,0.186695351050225,0.222148557933125,0.301119210048011,0.395149403388146,0.0377780123865201,0.121304311045223,0.186695351050225,0.222148557933125,0.301119210048011,0.395149403388146,0.0377780123865201,0.121304311045223,0.186695351050225,0.222148557933125,0.301119210048011,0.395149403388146,0.5,1,150.000015727529,159.066540985314,-9.06542785022394,619.608697010728,81.6248266222269,4008.20736381627,-48.0264712009166,0.95812414961254,-0.369900990803041,-0.0249246111238413,1.02586313451724,-0.0494317534485991,-1.6840728625539,-0.885215472836163,-101.070908238725,0.0414988086449328,1.46431291625872,1173.70346838871,18.3513113217368,1.46499942714301,0.919027601291532,0.524954681803979,0.365868317883554,0.171514213891116,0.0633520582132069,0.112500585378606,0.0171299618928237,0.00890099490944693,0.00784821049890637,0.00806864024580773,0.0106573129882304,4999.98656389959,43.0934006874284,17.3232166618681,66.4271022887638,119.703943952397,117.720860046039,2497.05721521257,2016.99473698933,25.2488962826684,0.825209750974869,0.598361378536726,0.023192174030085,0.951067045456923,0.366722817197757,2.7006703966197,0.684867464368633,1.98048999829583,0.582552515662593,1.93799789883263,0.878965686110689,0.0053753920334465,0.389067835991099,0.325435581299263,0.253013160537989,0.20650120210963,0.142602335813035,0.117066523111836,0.128953231178961,0.0223478443514686,0.00794359409170155,0.00361745690053774,0.00175399601028768,0.00295331296161034,3.39995812999723,0.010191231706426
2.37,12.57,1.19952,0.2,0.0345353049436025,0.109596848289474,0.168526210695159,0.235813799156008,0.331404574101087,0.448706240145146,0.0345353049436025,0.109596848289474,0.168526210695159,0.235813799156008,0.331404574101087,0.448706240145146,0.0345353049436025,0.109596848289474,0.168526210695159,0.235813799156008,0.331404574101087,0.448706240145146,0.5,1,150.000015727529,254.646380585356,-37.5916704457869,601.159202166442,1145.64829252161,8742.33694406833,-1.44101514571399,4.46567628372045,-0.58383811477971,-0.278235163003854,4.4792710134361,-0.475717393049682,12.5158666805541,-0.492551121745651,-100.168028330383,0.778635777898136,9.68179397979377,1173.85730653057,1.50128002282054,1.53973013227789,1.14064046453494,0.977879345901469,0.951582960108319,0.835783720445787,0.767193000729091,0.0333556364122488,0.0164624709904177,0.0140403936532653,0.0176323059056348,0.0171053540256223,0.0202027382564316,4990.22070617644,43.0064326632643,17.3232166618681,22.183959850732,125.358948262093,120.422550088172,2604.13938812105,872.134604659377,39.3619858097896,0.539589188245886,0.360966444372875,0.065612243560947,0.535367349235457,0.357513152697075,2.09157971019492,0.439807811052408,2.11915656807859,0.57179756766802,1.18171828788686,10.7481030785034,1.29719025939209,0.178071284816857,0.13420629578405,0.1332570764437,0.106097017145214,0.100145335859058,0.0906444968508207,0.0391795011083326,0.010182037477115,0.00693086461859142,0.00528739512307883,0.0051298395961934,0.00568773424344768,34.2584954847153,0.380536726041435
13.11,11.382,1.33264,0.2,0.0348202659167251,0.123506900299633,0.197061040206242,0.248697962777373,0.317540463396169,0.427260781893032,0.0348202659167251,0.123506900299633,0.197061040206242,0.248697962777373,0.317540463396169,0.427260781893032,0.0348202659167251,0.123506900299633,0.197061040206242,0.248697962777373,0.317540463396169,0.427260781893032,0.5,1,150.000015727529,258.790094781794,-36.5935860420789,567.047463805854,1155.91243255911,9083.24559941673,-2.22976770680138,4.82188834496406,-0.505711941464431,-0.321295323403812,4.82188834496406,-0.505711941464431,13.3702625768149,-0.571729116342046,-95.3163503801686,0.83546067076346,10.5604271430059,1146.30351005104,1.61790560879075e-17,1.43032954900531,1.07058158525154,0.940864982814292,0.934308738673054,0.851769503176753,0.800980616602439,0.0310519881439433,0.0161932261666077,0.0150301289449016,0.0174108238725133,0.0165890951984168,0.0201549796896157,4201.73211123841,37.0787709613583,17.3232166618681,7.54580559547921,124.405667636865,119.452397047921,2547.33492830087,398.177419479027,41.7036373320373,0.263252194574938,0.328978228687485,0.0351278713832597,0.263252194574938,0.328978228687485,1.40417524447345,0.26805858762035,0.84639696639399,0.523512637778179,0.620193268372058,0.671563141676434,1.40443648316318e-15,0.301872251613946,0.16504486739857,0.134607760752933,0.102511743289095,0.0864887116373011,0.0735173974185913,0.0525474497257874,0.0146235747396228,0.00850277257285311,0.0061161613554545,0.00536086892345616,0.00597158894806831,6.12878276136122,0.0470266960353668
-3.45,11.47,1.252,0.2,0.0405103456462117,0.0934638326896647,0.166219763108788,0.236852427575124,0.303211268552665,0.4262636470504,0.0405103456462117,0.0934638326896647,0.166219763108788,0.236852427575124,0.303211268552665,0.4262636470504,0.0405103456462117,0.0934638326896647,0.166219763108788,0.236852427575124,0.303211268552665,0.4262636470504,0.5,1,150.000015727529,257.801801895636,-38.2988134298511,570.502916362879,1200.93050834288,9017.39558379336,-1.66905507270076,4.75748692844495,-0.507969244037079,-0.313727059681283,4.75748692844495,-0.507969244037079,13.1538932402875,-0.571356971773774,-95.7398937610666,0.837314175606706,10.3924482866368,1148.62639308405,2.07181370482241e-17,1.48804655765024,1.12491354025622,0.97782600770753,0.966384886990939,0.884064055827517,0.821650828038745,0.0187348445787939,0.0144264309324029,0.012226299766691,0.0179667837725237,0.0163650568690761,0.0208092587230497,4317.81866472242,38.0268409540672,17.3232166618681,12.7739789172299,125.6406684854,120.243588593088,2619.94778471805,583.793622707399,40.7320655940317,0.394446222650809,0.361430027361114,0.0530526130658429,0.394446222650809,0.361430027361114,1.44001110577211,0.257319696453664,0.948718263173412,0.57893202599286,0.847573644819821,0.483786281208459,1.33549654180297e-15,0.0950314039041449,0.0511641018152283,0.0481358874220023,0.0389195723002128,0.0363399932433063,0.0346266085906686,0.0206418103465157,0.00617000510347436,0.00383841124846102,0.00330284165954599,0.00332462419967389,0.00384654147166825,6.40814338103069,0.0498845397485338
-4.47,22.954,1.10608,0.2,0.0402259438366933,0.111529647961347,0.211456603494193,0.300361188157067,0.369359520437603,0.516878522338636,0.0402259438366933,0.111529647961347,0.211456603494193,0.300361188157067,0.369359520437603,0.516878522338636,0.0402259438366933,0.111529647961347,0.211456603494193,0.300361188157067,0.369359520437603,0.516878522338636,0.5,1,150.000015727529,153.049255285908,-8.0829825612957,620.264139152171,62.9712696281638,3815.98625143214,-35.7648265805645,0.884023858973024,-0.360636093131965,-0.0145731630663473,0.953745036975315,-0.0438625390969691,-1.89200248342881,-0.982511857098219,-101.08185084887,0.0341333040724925,1.34158674458911,1173.77064889074,19.5599906259764,1.61310019789605,1.00316958650141,0.571772992396625,0.376905593167378,0.159771455019269,0.0498867429673993,0.0805440306754922,0.0149675318196021,0.0113555544214144,0.00681500593688158,0.0095040261431101,0.00964742495573382,4999.97448182481,43.0935558795964,17.3232166618681,43.0133311536659,115.8564813101,117.446208920966,2389.70530960223,1088.29500156711,14.1597451400391,0.411522628241465,0.444146134724362,0.0108117218180248,0.505739374851761,0.332928913224324,3.11955748360078,0.529647317639726,1.48964997323252,0.528087272250044,1.01060412650824,1.0755313055944,0.0071639953088479,0.205174217031126,0.134356142474976,0.094945296830886,0.0867502936652372,0.0848984217020956,0.0719550887683225,0.078563951725983,0.0113797638829055,0.00351185643733325,0.00157920798848735,0.00113174000853581,0.00215679540237991,3.93783395471471,0.0138729438063388
-11.49,13.318,1.14896,0.2,0.040254707022397,0.101055217716607,0.173980602515099,0.267043092751584,0.320822708851377,0.455413648701631,0.040254707022397,0.101055217716607,0.173980602515099,0.267043092751584,0.320822708851377,0.455413648701631,0.040254707022397,0.101055217716607,0.173980602515099,0.267043092751584,0.320822708851377,0.455413648701631,0.5,1,150.000015727529,234.503468388709,-31.2123105291115,605.726299343818,924.836339891678,7936.2399750026,-7.17393506468076,3.9454695344235,-0.622826647224248,-0.218321164462035,3.97383335069264,-0.404130964964066,10.5247182585147,-0.35831040678471,-100.438504322466,0.658252631309239,8.52100416623269,1173.69982293511,3.1638745963962,1.53086376419123,1.10265763982918,0.909352911155088,0.874734975523384,0.768216696177482,0.690903343401729,0.0348733298780335,0.0149267641835225,0.0102565775960837,0.0153690409332361,0.0124595620247891,0.0153619925007812,4999.9555254661,43.0927361733155,17.3232166618681,20.339257439183,125.900612682161,119.69643199457,2638.94297445689,786.434900694901,35.3981256386862,0.484199694226938,0.394707809534124,0.0555660848106608,0.500524772255862,0.37380259071935,1.60118287254849,0.251169498432237,1.12933300383413,0.599360235418277,1.0677923161361,0.569437743431855,0.0275590786124045,0.213669189842315,0.0687840004274542,0.0231849785716537,0.0202533350525785,0.0328174348251091,0.0427977555664878,0.0481250637599755,0.00838688819321545,0.00312978548004656,0.00230484770879122,0.00167333160831525,0.00131577553111353,1.48056891423337,0.0145273475118461
-11.13,21.106,1.23472,0.2,0.0376255365634765,0.141403735410633,0.200771168058846,0.255792986133313,0.319221035699667,0.37964855347686,0.0376255365634765,0.141403735410633,0.200771168058846,0.255792986133313,0.319221035699667,0.37964855347686,0.0376255365634765,0.141403735410633,0.200771168058846,0.255792986133313,0.319221035699667,0.37964855347686,0.5,1,150.000015727529,161.856192063327,-8.85555298718883,619.723716279555,83.9519830226018,4245.88886574315,-39.5972263305906,1.15748112696594,-0.428891126434746,-0.0211983480887407,1.23260282262264,-0.0662507392750755,-0.844970226382668,-0.769288739662535,-101.107441933132,0.0724912372877825,1.97185802728882,1173.65336944068,17.2550515571294,1.52748161649828,0.942402312259141,0.557714279762524,0.404156629517758,0.20474270492657,0.104326913942298,0.0937321920029163,0.0164494066177263,0.0113688676179565,0.00615304822414332,0.00904634111030101,0.00993313561087388,4999.97416935736,43.0935444224563,17.3232166618681,34.3221521250942,116.645631073892,117.612406033992,2399.96874089786,848.735792862178,18.009731632154,0.357489809091376,0.413461148868006,0.0124337056029362,0.434401255642166,0.331719731577602,2.85545150336746,0.460322165617424,1.36873888023937,0.527657384596588,0.89646460320226,1.04654259641141,0.00542946704740479,0.318181939076874,0.178338784115102,0.0849671490637733,0.0458336169845743,0.0480949279163235,0.0560109645822129,0.112460546048675,0.0148713924373656,0.00396775035660877,0.0010769282229386,0.000651307281059262,0.00132008265947924,3.98138368431528,0.0115563984072975
-7.11,14.77,1.38896,0.2,0.031000619513216,0.113607823416446,0.215372300350514,0.283142927104269,0.354468326631891,0.384273695094089,0.031000619513216,0.113607823416446,0.215372300350514,0.283142927104269,0.354468326631891,0.384273695094089,0.031000619513216,0.113607823416446,0.215372300350514,0.283142927104269,0.354468326631891,0.384273695094089,0.5,1,150.000015727529,199.60365586918,-15.9603676901365,614.39050098948,363.855368815748,6282.70617643995,-29.8427132460577,2.72297979377148,-0.66399016560775,-0.106982610144776,2.79365420268722,-0.225776311387356,5.64496232684095,-0.245808680503072,-100.919222997604,0.35491832982606,5.7329677116967,1173.58879283408,9.08356973231955,1.38588969898969,0.85690675971253,0.613877054473493,0.562900687428393,0.429971336319133,0.385432694510989,0.0162349842207062,0.0142135729611499,0.0116446814915113,0.0119110659306322,0.0106109053223623,0.00988041787313823,4999.99104259973,43.0934371419642,17.3232166618681,28.8956867846782,122.683728667547,119.029483083364,2542.03025528371,911.815172022028,25.4043464686158,0.46846403389161,0.413754196085877,0.0381229915902543,0.513762545867994,0.355946176542572,1.60684545898178,0.281501181592297,1.26503988752835,0.568668669416415,1.07724329443988,0.551187553997726,0.00558832082162635,0.158009155256649,0.0666279777252759,0.0403540857275481,0.0395720389704321,0.0413582169785056,0.0467365534663815,0.0287293294326668,0.00606190154024796,0.00238258083545975,0.00184798510324042,0.00281220226036868,0.00301097542313071,2.02677981618364,0.00767690201171354
-5.49,19.522,1.40176,0.2,0.0377868118865098,0.125658028608559,0.220812351183712,0.298982069289663,0.374594382326985,0.496202230937231,0.0377868118865098,0.125658028608559,0.220812351183712,0.298982069289663,0.374594382326985,0.496202230937231,0.0377868118865098,0.125658028608559,0.220812351183712,0.298982069289663,0.374594382326985,0.496202230937231,0.5,1,150.000015727529,168.342558066868,-10.0283140412457,619.506790959275,104.285802978856,4446.96625351526,-45.7651838350172,1.24733733986043,-0.439226660233309,-0.0256775574419331,1.32034145401521,-0.0739732298011354,-0.539700718727215,-0.690954445911884,-101.10699302156,0.0846559499843766,2.15193625543173,1173.64836996146,16.1915310905114,1.53363587126341,0.881048380377042,0.518800260389543,0.379187115925424,0.198899477137798,0.113271926977398,0.0367331142344547,0.0148971134256848,0.011426435683783,0.00617501260285387,0.00917186095198416,0.009949641808145,4999.97396104572,43.0936579522968,17.3232166618681,40.0415914898364,118.16997616026,117.804712844866,2442.89418179136,1120.51788236261,16.8845262435404,0.481459356189992,0.450308776753294,0.0175443502343186,0.562901425826985,0.343102755560868,2.55638781151537,0.488791430152488,1.47826141860028,0.546081210194985,1.15660608065711,1.06843426086071,0.00661196019758192,0.205825211295374,0.106981723574109,0.0703688152472897,0.0657035042478076,0.0678600989640752,0.0615935011207597,0.0458397693516219,0.0086126108878413,0.00262725454301742,0.000984009003255043,0.000956524821476754,0.00142424582700731,4.15335569978054,0.0118933310941387
-1.83,6.762,1.27952,0.2,0.0410058530340766,0.103307702499606,0.17639768028518,0.247985125453083,0.323993753406068,0.371677623018054,0.0410058530340766,0.103307702499606,0.17639768028518,0.247985125453083,0.323993753406068,0.371677623018054,0.0410058530340766,0.103307702499606,0.17639768028518,0.247985125453083,0.323993753406068,0.371677623018054,0.5,1,150.000015727529,115.236777419019,-9.95903766513905,286.310425997292,347.075254358921,4104.03499635455,-8.43128296227476,2.26787751275909,-0.209834604166233,-0.0731324580772836,2.26787751275909,-0.209834604166233,2.09451797729403,-0.128486659056348,-46.6486574315177,0.352632466672222,5.05354556816998,797.795052598685,1.76006336142069e-17,1.10678106447245,0.84511589417769,0.740390001041558,0.7946560358296,0.741475054681804,0.743372148734507,0.0125635243424643,0.0136639662535152,0.00930327913758984,0.0129010076033747,0.0124765206749297,0.0136857525257785,972.956212894491,12.3369253202793,17.3232166618681,3.54353583852203,122.136702291431,120.925482024037,2530.78793942732,230.775359802112,18.7283489443915,0.202765290205152,0.338946600176737,0.0136212374628639,0.202765290205152,0.338946600176737,0.553570707584436,0.478674715486381,0.507410356850132,0.541781637279321,0.434614109526332,0.173642052329648,1.21634189496254e-15,0.0727939390631191,0.0507673709746934,0.0477342894531148,0.0486598332952897,0.0485214904445231,0.0479137154735073,0.0113418170191862,0.00415592503187049,0.00245002452262199,0.00212460542053413,0.00154668613042753,0.00120530014363649,0.786101396982526,0.00880598432080971
-7.65,15.562,1.2968,0.2,0.0369817141048,0.105704555402328,0.159451226406944,0.242295134838741,0.334122406241133,0.438050393251622,0.0369817141048,0.105704555402328,0.159451226406944,0.242295134838741,0.334122406241133,0.438050393251622,0.0369817141048,0.105704555402328,0.159451226406944,0.242295134838741,0.334122406241133,0.438050393251622,0.5,1,150.000015727529,189.964034996355,-15.0685078700135,615.959264659932,336.861424643266,5863.94469326112,-28.6477603834809,2.43241026976356,-0.634144450578065,-0.0858215342151859,2.50557660660348,-0.202093327275284,4.45088069331424,-0.29434281451203,-100.99042703885,0.312488030684304,5.04685980627018,1173.59025101552,10.0007372148732,1.44454150609312,0.892126080616603,0.618606718050202,0.568597125299448,0.418677325278617,0.350948567857515,0.0208988180486408,0.0140731101968545,0.00924693386105614,0.0109745414019373,0.010028237475263,0.00808538350171857,4999.99125091136,43.0933798562649,17.3232166618681,29.4142487992714,122.14174752963,118.759074898163,2529.95169412758,899.891908997045,23.5588763967674,0.448721968129509,0.414635907439352,0.0328351739718327,0.49821591620186,0.353629201155336,1.58159082540101,0.294027707464992,1.28491733882722,0.564483307922247,1.03787523813173,0.55113968048155,0.00609938515622092,0.186527939068405,0.0760824445430564,0.0415866471917942,0.0408421711192639,0.0435700666237167,0.0483485209860913,0.0347360742935976,0.00694957640247929,0.00243495865020935,0.00176785594305505,0.00259619550533718,0.00184485273373273,2.11525375439319,0.00801056375592104
10.83,24.538,1.38512,0.2,0.0389060916301841,0.10952830787958,0.179298478191491,0.263654375784187,0.343332629317164,0.444080321051166,0.0389060916301841,0.10952830787958,0.179298478191491,0.263654375784187,0.343332629317164,0.444080321051166,0.0389060916301841,0.10952830787958,0.179298478191491,0.263654375784187,0.343332629317164,0.444080321051166,0.5,1,150.000015727529,152.457400270805,-9.4305696385793,619.63587126341,89.9516458598062,3338.29357150297,-58.9484553692324,0.368094447924174,-0.155690186446204,-0.0258598949067805,0.399601425297365,-0.00705127381522758,-4.21535417508593,-1.33595854700552,-100.955304655765,-0.0398167959941673,-0.0952385826476408,1173.72575773357,21.9152515362983,1.45303071555047,0.937731465472345,0.498921021039475,0.28858149338923,0.076094177940527,-0.062226237062806,0.140161910497865,0.0193975170358296,0.00880197794396416,0.00805981356108739,0.0100247020102073,0.0145678911571711,4999.98885532757,43.0933746484744,17.3232166618681,87.1139209674552,117.062630780914,116.344263496466,2447.96775446904,2715.99845710363,31.5972262337369,1.11016801800791,0.782781258309364,0.017514195940927,1.3048758237494,0.377500354037279,4.12511127004791,0.965637319682968,2.65549509535341,0.601796183790494,2.71082905431184,1.09691423778288,0.00514394405101438,0.412184414167371,0.388122154329917,0.307630350697044,0.243094104763713,0.171457295855165,0.159310527614675,0.156780598929991,0.0277981592207877,0.00927085659613316,0.00384452771194919,0.00304477305227149,0.0062410331423309,4.30149934519033,0.0122485602446378
-6.03,17.366,1.26032,0.2,0.0378208234275993,0.122773107996975,0.196655520231179,0.254722566274229,0.37026009264682,0.534028242153693,0.0378208234275993,0.122773107996975,0.196655520231179,0.254722566274229,0.37026009264682,0.534028242153693,0.0378208234275993,0.122773107996975,0.196655520231179,0.254722566274229,0.37026009264682,0.534028242153693,0.5,1,150.000015727529,173.871877929382,-12.2827190625976,618.73501718571,235.361341714405,5039.59650036455,-33.5514684928653,1.81103449640663,-0.55634768094261,-0.0491354817206541,1.88921062389334,-0.142386897656494,1.88129676688887,-0.456250142926779,-101.083782939278,0.206547107301323,3.56726476408707,1173.66097281533,12.766589938548,1.51395208832413,0.902396729507342,0.58864293302781,0.497076169149047,0.324594896364962,0.236035183835017,0.0288303015852203,0.014818193625664,0.0109746434746381,0.00902222914279761,0.00710637985626498,0.00855144807832518,5000.00208311634,43.0933829809396,17.3232166618681,33.7038797331518,120.604175619247,118.383803371713,2497.36226006608,966.831994456337,19.4126608762188,0.443414530618969,0.426545302042913,0.0241892462616764,0.506604836161814,0.349167693039768,1.60560465479599,0.354375040944433,1.36690133161825,0.556349052882004,1.04402052946019,0.659187197892271,0.00557294981046586,0.189627721349575,0.0886920461233856,0.0578059737424526,0.0561566957712796,0.0554868983502731,0.0573984872358916,0.0390513343414717,0.00776325934904444,0.00287158605685759,0.00283381725475046,0.00110633159358531,0.00123455638095089,2.48168202237402,0.00919307245455753
-8.61,18.51,1.15856,0.2,0.0341881025180035,0.105096623414729,0.186470834761643,0.260366748500369,0.344307889473001,0.442060304124974,0.0341881025180035,0.105096623414729,0.186470834761643,0.260366748500369,0.344307889473001,0.442060304124974,0.0341881025180035,0.105096623414729,0.186470834761643,0.260366748500369,0.344307889473001,0.442060304124974,0.5,1,150.000015727529,167.56205603583,-11.5716186428497,618.39428184564,211.439654546401,4783.6126445162,-30.5129383397563,1.65606708676179,-0.539437230269763,-0.0416058873034059,1.73700720758254,-0.127893553321529,1.28258845451515,-0.519425105707739,-101.107787730445,0.182002674838975,3.22413373606916,1173.67159670868,13.8313081970633,1.54971669617748,0.955053713154882,0.607287865847308,0.495404999479221,0.31565895219248,0.225858004374544,0.0526465676782627,0.0144306276429539,0.0105335164045412,0.00886794802624727,0.00728633163212165,0.00886268409540674,4999.97885636913,43.0934267263828,17.3232166618681,33.364294642336,119.90539296814,117.940023668491,2478.88067315131,917.424144027323,18.7960952933811,0.415691302368143,0.425528736303224,0.0210479642028087,0.483956553768564,0.345911405189124,1.6064797567566,0.374207308257422,1.3653559979679,0.551112699546634,1.00043590979772,0.690527004544967,0.00644179908950092,0.249312451933145,0.115773232032372,0.0561324053915265,0.0453568208992422,0.04949029639007,0.0592225756744593,0.0644358735039418,0.010177666507562,0.00307563198535524,0.00280596930483822,0.000986117793424639,0.000969168673876256,2.7198864069979,0.00976100181638148
11.97,15.166,1.33008,0.2,0.0362941049803778,0.117231364350058,0.189798711036645,0.225461690530412,0.340972393044385,0.427619991098786,0.0362941049803778,0.117231364350058,0.189798711036645,0.225461690530412,0.340972393044385,0.427619991098786,0.0362941049803778,0.117231364350058,0.189798711036645,0.225461690530412,0.340972393044385,0.427619991098786,0.5,1,150.000015727529,194.071232163317,-16.3695469815644,614.996083741277,384.499300687429,6079.51588376211,-28.3490689975003,2.60163972502864,-0.645405917091969,-0.0982793604832829,2.67135163003854,-0.221232634307885,5.15315759146965,-0.268925253234038,-100.95005103635,0.346022966868034,5.44643505884804,1173.58202270597,9.19834735965001,1.40188093948547,0.889759806270181,0.638172846578481,0.596154296427456,0.444225747317987,0.383236048328299,0.0429947429351109,0.0148134558748047,0.0102801603999583,0.00966304905738984,0.0100282929903135,0.0104064951567545,4999.98333506926,43.0932059160503,17.3232166618681,34.0603210225432,124.554191800034,119.402398187786,2585.07548800633,1058.59164960199,25.3563907262138,0.502629157614496,0.414069548898359,0.0377557689988582,0.544066122560886,0.357876614955968,1.62516728606115,0.347193638557716,1.26751425349449,0.569247936169593,1.12264693311533,0.544638366167002,0.00570561269320913,0.363975828952499,0.22952480507726,0.170968809530881,0.135773253604306,0.102424754482286,0.0829589717707353,0.0646345779193895,0.0157375162600264,0.00660668587066498,0.00428475331368745,0.00297413783317288,0.00343122559432766,2.16162876503369,0.00802029914217916
-2.01,23.702,1.35888,0.2,0.0324821740920011,0.0850732751755574,0.169785624645248,0.270449852147305,0.333675051705293,0.440822130638294,0.0324821740920011,0.0850732751755574,0.169785624645248,0.270449852147305,0.333675051705293,0.440822130638294,0.0324821740920011,0.0850732751755574,0.169785624645248,0.270449852147305,0.333675051705293,0.440822130638294,0.5,1,150.000015727529,156.056368086657,-8.93289989480263,620.666847203416,47.4619263410061,3511.60607228414,-52.4742047703365,0.493675988969899,-0.201578867430476,-0.0107133749609416,0.533193002395584,-0.00744725316112904,-3.68631740318717,-1.2383729461931,-101.008301218623,-0.0361356977169045,0.241692999156338,1173.74752629934,21.4110571815439,1.58366118112697,0.934873190292679,0.478097906468076,0.282390137485678,0.0798069731264452,-0.0402225773544423,0.0530958443353817,0.013470001843558,0.00867239287574212,0.00629543474638059,0.00908272888240808,0.0125338123112175,4999.95156754505,43.0933465264038,17.3232166618681,52.2382615098191,114.155194801393,117.07419413803,2362.5837829462,1451.00463741419,15.0739209700666,0.582978965646654,0.515767634033004,0.0064476400364796,0.701861749747253,0.336550028798952,4.78483568788151,0.665363959152793,1.76197005605219,0.535063968243551,1.45334819772759,1.47937218347882,0.00763059635702397,0.191208102388418,0.150047177580636,0.117157594481002,0.110156782664631,0.0845747894947376,0.0988818468833952,0.0541310313297286,0.0104000586651691,0.00360529928782608,0.000942898533963701,0.00193526480022979,0.00509641727699248,5.52236436860422,0.0186071673764868
2.73,6.982,1.31984,0.2,0.0383902767185376,0.108203933147979,0.190907167509063,0.255801325663047,0.34391983813149,0.450636909256404,0.0383902767185376,0.108203933147979,0.190907167509063,0.255801325663047,0.34391983813149,0.450636909256404,0.0383902767185376,0.108203933147979,0.190907167509063,0.255801325663047,0.34391983813149,0.450636909256404,0.5,1,150.000015727529,121.978731382148,-8.73615859212583,286.727799187585,336.236538829288,4344.02093531924,-7.85965775840017,2.38208863660035,-0.217071444255807,-0.0801788761587334,2.38208863660035,-0.217071444255807,2.35542349755234,-0.140455468343922,-48.1468451202999,0.364131763402771,5.29151671700865,810.293729819807,-1.0328906249349e-17,1.15173794396417,0.875623882928862,0.770241745651495,0.813162399750026,0.753945943130924,0.731838808457453,0.0127537350873867,0.0140511284241225,0.010245993750651,0.0136312736173315,0.0130969723987085,0.0162832881991459,1084.8337673159,13.5431038433496,17.3232166618681,3.10741312811387,122.771606041879,120.071810141541,2537.44185806915,213.874586691594,19.8632903574835,0.182467175007547,0.336819394612217,0.0127255792229574,0.182467175007547,0.336819394612217,0.510957020075539,0.237114848676768,0.50420404875468,0.537787265385493,0.396236083557796,0.188558825688586,1.35262741718055e-15,0.109910772564525,0.0766058672100553,0.0675478168814684,0.0607528645126351,0.057425990744324,0.0506820874010739,0.0146224485088242,0.00547945980992741,0.00316520940137367,0.00262343627750035,0.00171098008614232,0.00174437754214412,0.846481236021116,0.00932573426611204
13.29,14.638,1.26544,0.2,0.0312136369633738,0.0966650262595625,0.155102253099537,0.21019134937542,0.282957297038042,0.388057365665828,0.0312136369633738,0.0966650262595625,0.155102253099537,0.21019134937542,0.282957297038042,0.388057365665828,0.0312136369633738,0.0966650262595625,0.155102253099537,0.21019134937542,0.282957297038042,0.388057365665828,0.5,1,150.000015727529,202.026809707322,-18.9805737631497,613.096167065931,483.336190813457,6506.33444432872,-21.1404608259556,2.94131413394438,-0.663215602541402,-0.123596167065931,3.00379970836371,-0.261452921079991,6.55676971148839,-0.245672487524216,-100.851892511196,0.416356621207165,6.25005082803874,1173.68846995105,7.7321884178731,1.41188943860015,0.935075023435059,0.692201635246329,0.667111780022914,0.530884209978127,0.465812457035725,0.0485771468649099,0.0142517499990626,0.00923183443874597,0.010648467555463,0.0101783565253619,0.0110843246536819,4999.98989688574,43.0937589834384,17.3232166618681,28.6434319827086,124.9020030392,119.505329038669,2588.19212241926,906.338924780812,27.1142548410253,0.447888133188693,0.392651595494065,0.0379138450530004,0.479004239481846,0.354026841563049,1.56454081641628,0.270399756715532,1.17052689849983,0.562971531044652,0.995443297773866,0.46314297913605,0.00373511144506167,0.379075874214335,0.232875860141241,0.173024301383363,0.137203939864501,0.106354373012973,0.0849873773900538,0.0714175867882035,0.0168437303060171,0.00695064966441986,0.00438570992307858,0.00267509712620818,0.00329127236739226,1.37840563083455,0.00522651779867082
-10.53,20.798,1.39216,0.2,0.0314893530797143,0.0890879369431905,0.152387807074414,0.226132434762494,0.318722429173659,0.404737201226809,0.0314893530797143,0.0890879369431905,0.152387807074414,0.226132434762494,0.318722429173659,0.404737201226809,0.0314893530797143,0.0890879369431905,0.152387807074414,0.226132434762494,0.318722429173659,0.404737201226809,0.5,1,150.000015727529,165.279804187064,-9.19013878262681,619.956556608686,68.3847107801271,4230.92979897927,-47.9469784397459,1.06781425893136,-0.392932868344964,-0.0181824918237684,1.13653410061452,-0.0540018057285699,-1.29798823770441,-0.801546106728467,-101.097888761587,0.0490901599020936,1.70174167516061,1173.69951046766,17.4825945214043,1.51581501926883,0.910432767420061,0.505376325382773,0.365643693365275,0.166843329861473,0.0776934302958026,0.0721640931788356,0.0139301467829705,0.00960793354858868,0.00608299989584418,0.00953049234454744,0.00967348307467972,4999.9756275388,43.0932798666812,17.3232166618681,33.8514357986234,115.90632759826,117.626291539917,2386.98229453473,854.213715493945,18.377806156602,0.357863124104086,0.409216947164285,0.0112169278045209,0.432286255872418,0.329624493665532,2.13586276234728,0.486755485076536,1.36233700497518,0.524170630853647,0.883242833144423,1.05386627962617,0.00709217931822468,0.321651392471048,0.171117702654053,0.0779055984621502,0.0477721494228869,0.0532377629895323,0.0476113364806455,0.0907100847604105,0.0131957923940155,0.00345034477159536,0.000898122883609192,0.000661128301473395,0.00179246940947572,4.06135620877952,0.0129695838014267
12.75,20.622,1.18544,0.2,0.0324038453630432,0.111611242415322,0.177309120322638,0.226933712107188,0.316798601132046,0.382963923059272,0.0324038453630432,0.111611242415322,0.177309120322638,0.226933712107188,0.316798601132046,0.382963923059272,0.0324038453630432,0.111611242415322,0.177309120322638,0.226933712107188,0.316798601132046,0.382963923059272,0.5,1,150.000015727529,158.020399958338,-9.80464726736799,619.07965836892,144.968082911155,4246.01124882825,-38.1032515773357,1.24912965107801,-0.46036762042704,-0.0316655194146443,1.32846564178107,-0.0862209401208208,-0.38142466643058,-0.724238968305384,-101.094623476721,0.108528412144568,2.24561518566816,1173.67211748776,16.5178398083531,1.47176973231955,0.964273315279659,0.589134298510572,0.443822290386418,0.240713794898448,0.146875548691209,0.135161294018852,0.0190572680832205,0.00937248286178523,0.00846250244766171,0.00935231923757943,0.00854806436829498,4999.98489740652,43.0937069055309,17.3232166618681,59.0477110229376,121.196747227482,118.11763401076,2529.73140876894,1786.70790307625,23.706194801832,0.745067058157011,0.549370671240528,0.0278586948005675,0.84984666938276,0.366998111688834,2.75023121106388,0.544835021303145,1.78494582270338,0.582735077335691,1.7279457695756,0.73977937670308,0.00585588757547442,0.43746517581215,0.353769588501143,0.271997650820029,0.214866930711083,0.159552920015021,0.119088946391063,0.154980969216117,0.0270834306331307,0.00952613495594997,0.00470890549132917,0.00205055507730369,0.00167975191267876,2.70787451480136,0.0101712996555842
-10.35,19.742,1.18736,0.2,0.0248770243688013,0.102281462897964,0.172485871220282,0.249904318332751,0.279567331331005,0.388098686111961,0.0248770243688013,0.102281462897964,0.172485871220282,0.249904318332751,0.279567331331005,0.388098686111961,0.0248770243688013,0.102281462897964,0.172485871220282,0.249904318332751,0.279567331331005,0.388098686111961,0.5,1,150.000015727529,163.907728361629,-10.1483893063222,619.114113113217,145.71637859598,4505.31090511405,-34.4972244557859,1.40652891365483,-0.491115077643995,-0.0307302085199458,1.48661930007291,-0.097245267180502,0.219674764600562,-0.631778071638371,-101.113194458911,0.127557079751068,2.60240202062285,1173.72450786376,15.5050650973855,1.54467274242267,0.954328559525049,0.57745420268722,0.449058764712009,0.266753765232788,0.164073312154984,0.0715881185573378,0.0145697735594417,0.0101424038121029,0.00711352223726695,0.00814220602020623,0.0097564469326112,4999.97416935736,43.0934933861058,17.3232166618681,34.0487940721284,118.265461002226,117.750308420364,2440.18876006899,899.601142807434,18.1539317073158,0.401605814358325,0.42562474693443,0.0170571921928068,0.476299078931515,0.339969064054554,1.71215183316205,0.422919264647009,1.38582557095736,0.541558791776125,0.991783570757795,0.795581764317296,0.00533838609090975,0.302648768128429,0.151424862249187,0.0681257589506055,0.041615378398683,0.0468546446541354,0.0619055554053861,0.0889556718599499,0.0126636583482965,0.00339284033381664,0.0020980932366651,0.000708189921302603,0.000734229721460708,3.07892016380175,0.0105387767614108
13.53,5.662,1.26288,0.2,0.0403294111918814,0.114028844304739,0.185444446331412,0.251117651606923,0.298204558805907,0.3582863423088,0.0403294111918814,0.114028844304739,0.185444446331412,0.251117651606923,0.298204558805907,0.3582863423088,0.0403294111918814,0.114028844304739,0.185444446331412,0.251117651606923,0.298204558805907,0.3582863423088,0.5,1,150.000015727529,87.9596437871055,-2.51414685136965,250.087356525362,129.959340204145,3108.53077804395,-10.2104467665868,1.73067492969483,-0.139993228392876,-0.0429735610873868,1.73067492969483,-0.139993228392876,0.979814754121445,-0.0819695136277472,-40.2777210707218,0.237956772221644,3.87904093323612,741.047442974681,-1.42372159462556e-17,0.863145401520676,0.660257900218727,0.593017196125404,0.661748463701699,0.638965503593375,0.663175419227164,0.0131309634046454,0.0137764864076659,0.0104771078012707,0.0121086961774815,0.011631856473284,0.0130389886470159,502.424091240496,6.85841516508701,17.3232166618681,1.58974834819828,122.500476084477,119.663198483245,2518.94746414825,129.008445764822,14.7359972312556,0.108067716259094,0.327245566992316,0.00560008898875,0.108067716259094,0.327245566992316,0.352589040699972,0.0626976261714135,0.41383293944983,0.521231321263869,0.270347834379087,0.124289533042098,1.18860423785496e-15,0.161487392206364,0.108651983253523,0.0886799793093353,0.0870830031491983,0.0805380748173846,0.0733069941516906,0.0162358956926321,0.0059517056840042,0.0034113457535026,0.00276197464689271,0.00179432286236283,0.00115389852239062,0.525420238165894,0.00647135637478836
-7.77,21.898,1.20976,0.2,0.0364045296834391,0.0961764090417892,0.173593812933637,0.292912518477185,0.339850719837421,0.408716709039599,0.0364045296834391,0.0961764090417892,0.173593812933637,0.292912518477185,0.339850719837421,0.408716709039599,0.0364045296834391,0.0961764090417892,0.173593812933637,0.292912518477185,0.339850719837421,0.408716709039599,0.5,1,150.000015727529,159.528611602958,-8.55523178710551,620.030132277888,56.3937893552755,4064.50067701281,-39.1840599937507,1.01595679616707,-0.389511527611707,-0.0173449485470264,1.08696620143735,-0.0488162520362462,-1.41409798151234,-0.866002626622226,-101.093210082283,0.0425252158837621,1.6298569166441,1173.70596812832,18.4051890428089,1.57479939589626,0.97573397562754,0.553062587230497,0.379399322987189,0.174654123528799,0.076043562661077,0.0794542826206645,0.0143572083428809,0.0103487001354026,0.00618770305176544,0.00945410946776377,0.0094902733048641,4999.95729611499,43.0935235912931,17.3232166618681,38.1900475560396,116.049189809086,117.568646158998,2390.30612534641,961.668345585204,15.8139536339135,0.383212479819596,0.425523243083093,0.011629406588215,0.467004158368617,0.331397767717257,2.1241808835212,0.479782177840815,1.41297271091778,0.526358198964556,0.944823213215946,1.00648667124844,0.00510801950473745,0.261365309009825,0.148454945289651,0.0782395629629848,0.061132115558572,0.0675368724739876,0.0584521693707227,0.0902158668564526,0.0125121012977818,0.00367165272291321,0.00102750256439261,0.00085036847319445,0.00184262292355806,3.84215232930416,0.0125203871519462
-0.0899999999999999,15.254,1.22256,0.2,0.0325962494487811,0.118229949298453,0.148562017447756,0.246522875030546,0.333946454819707,0.474200647917062,0.0325962494487811,0.118229949298453,0.148562017447756,0.246522875030546,0.333946454819707,0.474200647917062,0.0325962494487811,0.118229949298453,0.148562017447756,0.246522875030546,0.333946454819707,0.474200647917062,0.5,1,150.000015727529,192.703437141964,-16.8803700156234,615.242849703156,397.221250411416,6024.47838766795,-22.9723918029372,2.56520508280388,-0.637034875533798,-0.0948437506509738,2.63391459222998,-0.220366854265181,4.99738030413499,-0.277568809160504,-100.961752942402,0.34406335587543,5.35727622122695,1173.57160712426,9.16408124153734,1.48133954796375,0.936406520154151,0.673010134361004,0.625011592542443,0.473840391625872,0.395021976877408,0.0200996834198521,0.014567482793459,0.00845288532444536,0.0113659795854598,0.0106772979897927,0.0114379309446933,4999.98406415998,43.0934329757315,17.3232166618681,29.7270847435717,123.342324606393,118.96828329592,2556.09367290928,916.582886195915,23.5779551843182,0.44909853725639,0.407766748565289,0.0340855582374447,0.49208900617309,0.354700461700474,1.5490083380433,0.292482121209624,1.25411065758017,0.565315637531778,1.01700101572494,0.510822468149064,0.00561642523838997,0.152753328207617,0.102799131578611,0.0860052444766734,0.0772342675051515,0.0669293356646642,0.059993579954163,0.0268498405528346,0.00782939429325061,0.0035993747720487,0.00251697533596872,0.00269613035788585,0.00406307698109369,2.02681404899816,0.00773014337865206
11.07,8.478,1.33136,0.2,0.040089368726968,0.11709851342186,0.186342954647415,0.214930114947973,0.323021676775234,0.412513279012652,0.040089368726968,0.11709851342186,0.186342954647415,0.214930114947973,0.323021676775234,0.412513279012652,0.040089368726968,0.11709851342186,0.186342954647415,0.214930114947973,0.323021676775234,0.412513279012652,0.5,1,150.000015727529,159.947484637017,-15.4921557381523,357.622487240912,553.095322362254,5696.36589938548,-4.26150580189564,3.09861035308822,-0.299453411023852,-0.134240777002396,3.09861035308822,-0.299453411023852,4.51398823039267,-0.231453774971357,-59.1768617852308,0.499601264119362,6.85510967607541,899.479481304029,1.72881485261952e-17,1.31747444016248,0.994041943547547,0.874607457556505,0.900531746693052,0.819052494531819,0.787843630871784,0.0176088580229143,0.0152384839589626,0.0123039337569003,0.0147082222685137,0.0153423345484845,0.0183680199979169,1839.98448078325,20.6933454848454,17.3232166618681,3.92589270307276,123.671541581135,119.409498660337,2546.40347645172,250.930460070502,26.3191035677189,0.186306011524863,0.333322076912956,0.0164844795875152,0.186306011524863,0.333322076912956,0.780387689286952,0.501473641888403,0.599008342456255,0.53123918870943,0.427413892096882,0.231889390140638,1.42730698789731e-15,0.229601621770282,0.14288932148962,0.121585775751987,0.0940901175644525,0.0802339934210375,0.0693218649767666,0.034855560871012,0.011230877287343,0.00623656527231293,0.00476106486722945,0.00415992952133094,0.00464770187902223,0.803422862190286,0.00537299407112357
-5.73,24.274,1.24752,0.2,0.0292235136395294,0.100272076074262,0.197056844773063,0.283280820891319,0.353158139991764,0.447304980478191,0.0292235136395294,0.100272076074262,0.197056844773063,0.283280820891319,0.353158139991764,0.447304980478191,0.0292235136395294,0.100272076074262,0.197056844773063,0.283280820891319,0.353158139991764,0.447304980478191,0.5,1,150.000015727529,153.540840537444,-8.22191119883345,620.706530569732,37.6694032913239,3515.38652223727,-46.8608519945839,0.552713324080825,-0.231342065170295,-0.00855320602020622,0.599060646120196,-0.0119054332361212,-3.3723434306843,-1.22408183624622,-101.029334444329,-0.0260719647234663,0.4333612126341,1173.67170086449,21.573896469118,1.58772950734298,0.96657009686491,0.509250921778981,0.302896583689199,0.0899560234413081,-0.0304253874843975,0.0760332691321737,0.0144447540672847,0.010012888969899,0.00632430236433704,0.00930627382564314,0.0120288129361524,4999.95302572649,43.0933642328926,17.3232166618681,43.5213149614129,113.196027037131,117.220107543696,2335.78231057901,1094.9546031598,14.0606697810132,0.427427110922608,0.44981930103696,0.00516029021741684,0.52785522186719,0.326192351800799,3.90306824066742,0.609976290735645,1.54519814826647,0.51808168249852,1.08778325535202,1.48145484254787,0.008880767435301,0.238555723428023,0.153327214976939,0.0944169506069257,0.0817808508224528,0.0672637450012103,0.08410248794728,0.0839894693102178,0.0122539442757206,0.00324901945922474,0.000842444078957441,0.00173986573264027,0.00475946197410171,5.69398270291613,0.019831412575694
-13.05,16.178,1.40112,0.2,0.0348974875857295,0.108881120137375,0.169453663476003,0.219773588825214,0.314911521605168,0.443014447482736,0.0348974875857295,0.108881120137375,0.169453663476003,0.219773588825214,0.314911521605168,0.443014447482736,0.0348974875857295,0.108881120137375,0.169453663476003,0.219773588825214,0.314911521605168,0.443014447482736,0.5,1,150.000015727529,185.427090928028,-13.2123439797938,617.110467659619,271.14496159775,5586.16498281429,-37.1303219456306,2.19615758775128,-0.611870956150401,-0.0702880179148006,2.27304593271534,-0.175299542641392,3.45080740518696,-0.34076494385064,-101.036221226956,0.26482683894386,4.47348151234246,1173.61108217894,11.1584334965107,1.40632079991668,0.842514988022082,0.558229976044162,0.505515737943964,0.354977085720238,0.28418812623685,0.0316051927590876,0.0142541483178835,0.0100245652536194,0.00919581001978963,0.00669168930319758,0.00773515456723257,4999.99291740444,43.0933683991252,17.3232166618681,28.5597858733249,120.786487493453,118.458533918519,2503.2356680464,849.517104538122,23.8931025473311,0.425926975178078,0.418007646493012,0.0285981178186405,0.482494243569253,0.351195998223532,1.62204647548435,0.328564702219079,1.31574234853189,0.561041926022303,1.01030016305842,0.588233660362466,0.00657044984763003,0.303888370392858,0.124678743549348,0.0476467656659559,0.0217699930427868,0.0288902248441883,0.0407390106173726,0.0569217450034276,0.00961558337087075,0.00261766666349714,0.00185612792268262,0.00071595594110481,0.000876582441253996,2.31223012802539,0.00870862821845991
3.99,18.466,1.34416,0.2,0.0344066803884791,0.105464381270569,0.196909980876433,0.269285691681215,0.357885570713941,0.448253365229023,0.0344066803884791,0.105464381270569,0.196909980876433,0.269285691681215,0.357885570713941,0.448253365229023,0.0344066803884791,0.105464381270569,0.196909980876433,0.269285691681215,0.357885570713941,0.448253365229023,0.5,1,150.000015727529,168.293528799083,-11.1162375468805,618.849036558692,169.562380970732,4624.67763774607,-41.8515737943964,1.45349459431309,-0.491302898006457,-0.0362284674513071,1.53078999062598,-0.103528551056869,0.371454856825539,-0.592005776550359,-101.104418289762,0.1372413833559,2.68772204352672,1173.70794708885,14.8070044787002,1.50243255910843,0.888619820851996,0.540697416935736,0.423585980627018,0.246676241016561,0.161254971325904,0.0357594987136757,0.0140143960001042,0.00965605509842725,0.00823512498698052,0.00828073804811997,0.00967821778981356,4999.98770961358,43.0934933861055,17.3232166618681,48.0095261292011,121.242484889026,118.173554162929,2519.38439355404,1435.14047799948,19.2648745154447,0.630181113787061,0.493161562720386,0.0264201605570445,0.714709775033144,0.359897942281013,2.21872314830212,0.493466574430768,1.59658115777081,0.57299247703589,1.47536384874762,0.864284605246882,0.00577033367947531,0.244877798729545,0.182454153310408,0.144748899720897,0.122547658812888,0.10181034315356,0.0913014721219112,0.0450798272603213,0.0115482068230038,0.00496572509026305,0.003190065250835,0.00171997220714558,0.00113543725477977,3.16577646041749,0.00971806645515713
2.43,22.03,1.25648,0.2,0.0363834320160915,0.0918267098089507,0.174570698273208,0.25589878623774,0.310929956587469,0.44064497254074,0.0363834320160915,0.0918267098089507,0.174570698273208,0.25589878623774,0.310929956587469,0.44064497254074,0.0363834320160915,0.0918267098089507,0.174570698273208,0.25589878623774,0.310929956587469,0.44064497254074,0.5,1,150.000015727529,157.17672013332,-8.78632414706802,620.131371732111,64.2718745339028,3889.93677741902,-43.2601978960525,0.874187636423289,-0.34614571280075,-0.0179544669201125,0.939359703197584,-0.0403209419142798,-2.0128773264962,-0.956030415894178,-101.070347880429,0.0260315848573065,1.26721227637746,1173.63878762629,19.1439839600043,1.5525743151755,0.950210613477762,0.524344797416936,0.353024847411728,0.154937358973024,0.0429143169985418,0.0576062041297782,0.013808311127518,0.00881955535881679,0.00749394136027497,0.00860726809707321,0.01096373231955,4999.98573065306,43.093438183523,17.3232166618681,54.2332970352556,117.418870145611,117.514259467572,2436.0113501497,1554.89917125623,17.665522469111,0.62134031916098,0.52144680709775,0.0156152152260643,0.732613995335963,0.348200337834378,2.5519715742851,0.614232743236036,1.73834923005514,0.552779032217732,1.48617798841497,0.983049861399151,0.00581228520965656,0.218107230705574,0.19610441542403,0.160164462416316,0.14179735811016,0.108841782226459,0.0944392017020844,0.0601292576568871,0.0126702089959089,0.00487893667994996,0.00260777891245568,0.00186974561543805,0.00314520462132536,3.91329258611312,0.0132602380333109
-9.57,3.77,1.12016,0.2,0.0363610497518403,0.107030973835233,0.183476547386162,0.274741953781241,0.360888136052974,0.450378928147072,0.0363610497518403,0.107030973835233,0.183476547386162,0.274741953781241,0.360888136052974,0.450378928147072,0.0363610497518403,0.107030973835233,0.183476547386162,0.274741953781241,0.360888136052974,0.450378928147072,0.5,1,150.000015727529,52.9106301426935,-2.10169995104676,208.924037079471,56.0489707738777,1787.5663993334,-14.5867846057702,0.987998562649722,-0.0743221844859909,-0.0149691646703468,0.987998562649722,-0.0743221844859909,-0.162815765139048,-0.0347845098945943,-34.2911050932194,0.127197560880117,2.22084647432559,683.506311842516,-1.13824790907197e-17,0.409994365170295,0.320657337777315,0.319680064576607,0.398285616081659,0.406305905634829,0.471511332152902,0.0120403030934278,0.00918082074783875,0.00600026028538694,0.00607747651286324,0.00954571023851681,0.014660718675138,88.1430892615353,1.30449307363815,17.3232166618681,3.72018320684105,122.351297429382,119.987987572681,2528.65749290995,78.2988278970016,7.94779962174126,0.112597126110529,0.336568262585854,0.00361112163006893,0.112597126110529,0.336568262585854,0.164381020443873,0.048920898810619,0.367223390084425,0.537806311883602,0.191451053825111,0.0503503375769844,9.54667090606541e-16,0.0241333428690899,0.011981128240355,0.0149632098980855,0.0245236572933091,0.0278766045411712,0.0323858037106631,0.00183142316394013,0.000830632736263635,0.000363497745371679,0.000440411296279973,0.00292780481322831,0.000580332146377325,0.141570349305149,0.00206996853329892
-9.87,4.782,1.40816,0.2,0.0322085823928105,0.0975068732772956,0.177846194616135,0.250564411765118,0.311725397849701,0.440988939614133,0.0322085823928105,0.0975068732772956,0.177846194616135,0.250564411765118,0.311725397849701,0.440988939614133,0.0322085823928105,0.0975068732772956,0.177846194616135,0.250564411765118,0.311725397849701,0.440988939614133,0.5,1,150.000015727529,78.3024205811895,-0.523313752942408,222.263595458806,58.0269392323717,2773.44047495053,-14.9060621500885,1.55709748984481,-0.115993700687429,-0.0353919154254765,1.55709748984481,-0.115993700687429,0.662760443236122,-0.0647842212069576,-37.4727559629205,0.198840581406104,3.50387886678471,714.393396521199,4.15415809707322e-18,0.659764316217061,0.512425007811686,0.469787949171961,0.547652046661806,0.539520310384335,0.567445120299969,0.011941269346943,0.0124744825539006,0.0105399081345693,0.0113890000000001,0.0118290673888137,0.0145665274450578,302.586022289343,4.28465722320598,17.3232166618681,3.17079875165702,122.211770928661,120.329817999532,2532.85416416401,151.318956123947,12.5002011226289,0.166301001810192,0.340130028701065,0.00787615363822002,0.166301001810192,0.340130028701065,0.284248281549449,0.0552958037073846,0.405791520418882,0.54393038803085,0.331624266257837,0.0847799476609863,1.10760781817178e-15,0.042565777326999,0.0144058941410293,0.0165332221593599,0.0285390380704715,0.0349275949875164,0.037213227058576,0.00460624721480545,0.00136873321920185,0.000960325230009704,0.00118899760950839,0.000884541890578076,0.000717514955202606,0.336353638184274,0.00448112850335846
11.73,21.238,1.25712,0.2,0.0351520189523887,0.0986997669192403,0.151913991556514,0.259623239304465,0.372586956696949,0.493382203733784,0.0351520189523887,0.0986997669192403,0.151913991556514,0.259623239304465,0.372586956696949,0.493382203733784,0.0351520189523887,0.0986997669192403,0.151913991556514,0.259623239304465,0.372586956696949,0.493382203733784,0.5,1,150.000015727529,158.370699927091,-9.44881566711801,619.416081658161,107.66473804812,4103.56644099573,-43.0711716487866,1.08345013264452,-0.410721361229039,-0.0268408526299344,1.15690358076242,-0.0642736634985939,-1.11154251976565,-0.81437514948547,-101.085286949276,0.0691360649536507,1.80926792215394,1173.64805749401,17.581153004896,1.46929538589731,0.956359806270181,0.560222695552547,0.399537617956463,0.200549285837934,0.0967002437210707,0.129518181380065,0.017672327624362,0.00810151995800438,0.00850482960108321,0.00855631017602333,0.00917267888761588,4999.98698052286,43.0935892094573,17.3232166618681,62.817606201155,120.362039113598,117.896775444044,2510.97936342235,1889.67720416431,24.5605954590994,0.767544144097383,0.568045581614831,0.0246744748760378,0.882200997458961,0.365407837270138,2.93962438107173,0.610794965274094,1.8666684905438,0.57987770717173,1.78474753043133,0.613374059358655,0.00517341195248184,0.418671170794872,0.350764130806355,0.268922226389558,0.212341630822691,0.148300296733942,0.114393792597475,0.147713491337106,0.0256257469993426,0.00871284530066234,0.00435621239169834,0.00241066013940977,0.00170580544168933,2.42859211112635,0.00920663167968592
5.07,17.41,1.2584,0.2,0.0346766437207344,0.0964168427343394,0.172481952473394,0.241232982696194,0.318473938347387,0.413567046268323,0.0346766437207344,0.0964168427343394,0.172481952473394,0.241232982696194,0.318473938347387,0.413567046268323,0.0346766437207344,0.0964168427343394,0.172481952473394,0.241232982696194,0.318473938347387,0.413567046268323,0.5,1,150.000015727529,171.183407978336,-12.0423235256744,618.807686699302,231.862053733986,4944.96875325487,-34.6453198625143,1.7665859910426,-0.552550155181752,-0.0492047827309655,1.84571980002083,-0.139498093867306,1.72748501317571,-0.475533776137902,-101.081656077492,0.201952041329028,3.4766382668472,1173.66722216436,13.0459212582022,1.48922768461619,0.90461566503489,0.577771471721695,0.48773933965212,0.320179116758671,0.238673633996459,0.03519355894386,0.0137562798258515,0.0092923939173003,0.00867355140089574,0.00894375075512968,0.0084893721487345,4999.97729403187,43.0932017498177,17.3232166618681,42.4426711219712,122.097849944834,118.707623891961,2537.04017218695,1271.95463225838,19.8771155445849,0.573948365085168,0.462063277670547,0.0296578302814521,0.643520369648631,0.358892432610244,1.76592324978341,0.404953179117961,1.48151964030911,0.571370042278315,1.32976224686896,0.646285445121065,0.00491465147120689,0.257277196141274,0.185691966771132,0.144922859119697,0.122555762270781,0.0995080304040155,0.0878816174629671,0.046085467708274,0.011958669971462,0.00501237662948971,0.00348371101208425,0.00193757248107858,0.00154663144901914,2.2336221073943,0.00815333655246885
0.99,16.794,1.28656,0.2,0.0374711424391902,0.105483349983106,0.20696496827462,0.290321295195999,0.402737624172321,0.476261055444673,0.0374711424391902,0.105483349983106,0.20696496827462,0.290321295195999,0.402737624172321,0.476261055444673,0.0374711424391902,0.105483349983106,0.20696496827462,0.290321295195999,0.402737624172321,0.476261055444673,0.5,1,150.000015727529,176.525372357046,-12.8954553043433,618.243568378293,256.269762889282,5178.12238308509,-33.9547808561608,1.92724635975419,-0.573750978461618,-0.0562010123945424,2.00494728674096,-0.153807961618581,2.38369704600042,-0.418471094801583,-101.069171961254,0.227402711592542,3.85655348401208,1173.65295281741,12.1921008228308,1.48647765857723,0.896237871055098,0.590313842308093,0.497026861785231,0.332279200083324,0.26207843974586,0.0233618175807728,0.0139569101239454,0.0110075622331007,0.00945616623268409,0.00906981387355483,0.00797519154254766,4999.99677116967,43.0931392563275,17.3232166618681,37.316582104025,121.958596068124,118.680054332606,2530.81042145805,1108.23726519113,19.7587397516499,0.507699722454876,0.439049447887949,0.0289521878508335,0.569464397022528,0.35528321762873,1.64999251263197,0.357252362689264,1.39500157247119,0.565841833965249,1.17498638772195,0.637184463383836,0.00572209172400064,0.179911527290084,0.127707676473332,0.105172636378221,0.0914823446891675,0.0766138981192495,0.0714592649674648,0.030503172485381,0.00867846370061614,0.00381100070337866,0.00352207068422192,0.00260189723728171,0.00156507194239438,2.27231755561773,0.00833530902178003
6.69,9.006,1.19312,0.2,0.0391126069578658,0.0917336836170921,0.170381105039034,0.261138029282418,0.330335105011611,0.400889126110059,0.0391126069578658,0.0917336836170921,0.170381105039034,0.261138029282418,0.330335105011611,0.400889126110059,0.0391126069578658,0.0917336836170921,0.170381105039034,0.261138029282418,0.330335105011611,0.400889126110059,0.5,1,150.000015727529,161.621758150192,-22.941843418394,383.928403291324,718.539698625144,5710.2539318821,-3.63790432757005,3.08182251848766,-0.320577277289866,-0.132756521195709,3.08182251848766,-0.320577277289866,4.72868753254869,-0.244821983334028,-62.8626153525674,0.532205922206019,6.79488344964068,927.192042495569,-2.44622505707739e-17,1.40324226643058,1.06707398187689,0.928229361524841,0.925001301947714,0.849345536923236,0.818110842620561,0.0174640267972086,0.0140696997256536,0.0119041470575982,0.0176201033225706,0.0166784596396209,0.0191470534319342,2015.37225289032,21.9877366940945,17.3232166618681,4.4700371074432,123.66933250877,119.534988263733,2553.15275229231,263.327030696083,26.141041024246,0.200405028830029,0.337822249822079,0.0178619538166087,0.200405028830029,0.337822249822079,0.778032547961365,0.412801038133197,0.650442319734638,0.539053149020912,0.439806318236144,0.250497847350577,1.48459377192131e-15,0.191024431380376,0.119925885124883,0.106882381388855,0.0774721951289391,0.067278292957357,0.0589370684866522,0.030460681460056,0.010111765363893,0.00611242929838302,0.00487980759705988,0.00454188563136468,0.00475174133587701,0.964017643877152,0.00668735095371683
5.19,23.086,1.1912,0.2,0.0391690466126489,0.122628424917848,0.199432683632747,0.276787352827952,0.365458378520317,0.455725777692248,0.0391690466126489,0.122628424917848,0.199432683632747,0.276787352827952,0.365458378520317,0.455725777692248,0.0391690466126489,0.122628424917848,0.199432683632747,0.276787352827952,0.365458378520317,0.455725777692248,0.5,1,150.000015727529,152.894030830122,-8.29967636183731,620.132663264244,64.0432286636809,3717.17274242267,-42.2172612227893,0.775472273202791,-0.320662892584106,-0.0177244770336423,0.838431704426622,-0.0348885828809499,-2.38112230164566,-1.04844890855119,-101.056568065826,0.0165188288615769,1.04049434756796,1173.65805645245,20.0828559525051,1.5206096239975,0.9655489740652,0.544982314342256,0.35155537548172,0.144559888630455,0.0237863986319133,0.0894720351465472,0.015786968652432,0.00943358618893866,0.0080366949276117,0.00839103812102906,0.0119070297885637,4999.97916883658,43.0934048536616,17.3232166618681,59.7609939690379,117.140481520772,117.352887816335,2436.31495240577,1740.40333133877,19.5740929800688,0.695127696204998,0.562846280481338,0.0153853997674986,0.822016473429636,0.352538905880056,2.40015107195704,0.648119543663695,1.87640202631284,0.559659798879717,1.67670296883055,1.05358511627183,0.00642334432553755,0.268842746568266,0.247825726391971,0.207363515740117,0.17427659772993,0.124529255160254,0.113506216495884,0.0934985073490981,0.0166589100605133,0.00655756933453091,0.00322787030001083,0.001689883778303,0.00425983576829701,4.1402223391297,0.0144920787767955
7.05,15.43,1.16048,0.2,0.0322129088823222,0.111559801277798,0.177381874518553,0.270983903862073,0.347115227310951,0.43397883672216,0.0322129088823222,0.111559801277798,0.177381874518553,0.270983903862073,0.347115227310951,0.43397883672216,0.0322129088823222,0.111559801277798,0.177381874518553,0.270983903862073,0.347115227310951,0.43397883672216,0.5,1,150.000015727529,191.164993229872,-17.6076197896053,615.087095094261,429.757872732007,6011.97823143423,-19.9322522022706,2.5983355900427,-0.63746834808874,-0.0973795958754297,2.66560264555775,-0.228676265016144,5.17228751171753,-0.280813167033747,-100.949272992396,0.359252856563899,5.45737662743464,1173.5944172482,8.88132934069372,1.49755671284241,0.977927945005728,0.714524559941672,0.650685043224664,0.499647849182376,0.43024134985939,0.0395323235881679,0.0147239856343089,0.0101203615248412,0.0120631611290491,0.0109384923445474,0.0113860334340173,4999.98895948339,43.0935517133627,17.3232166618681,29.9989628019046,124.062656485823,119.061275107908,2572.47265547639,922.617749624358,23.9147617745777,0.44751760239227,0.403963089616489,0.0340927734834671,0.487259894406637,0.355017856568486,1.54474038458573,0.29301921139746,1.2341147690031,0.565086002393088,1.00636044580806,0.491030036049189,0.00448419242922875,0.270977310199015,0.179746967229965,0.141887627613063,0.113442500905473,0.0912432677528444,0.0770062701479194,0.0518103290936032,0.0131314592624365,0.0057873998521046,0.00379781253790879,0.00304319741386573,0.00367626078393335,1.58162725095468,0.00588152628925197
9.15,24.934,1.14192,0.2,0.0355307262138965,0.109022238071624,0.185447722356544,0.268509860755674,0.300851907940002,0.386989410828524,0.0355307262138965,0.109022238071624,0.185447722356544,0.268509860755674,0.300851907940002,0.386989410828524,0.0355307262138965,0.109022238071624,0.185447722356544,0.268509860755674,0.300851907940002,0.386989410828524,0.5,1,150.000015727529,148.054593271534,-7.74909203655868,619.931507134674,57.274351817519,3448.26856304552,-43.644568899073,0.580857652338299,-0.254272911260285,-0.020160178835538,0.633755850859284,-0.0201817843766274,-3.16882537830643,-1.23126809905218,-101.018227267993,-0.0106137244037079,0.54580496678471,1173.65638995938,21.8177450265595,1.48483064264139,0.997543922508073,0.557436714925528,0.339066686750339,0.121498859276117,-0.0221319942422664,0.138504168824081,0.0200295493302781,0.00943381492657014,0.00824187480470785,0.00899714779710447,0.0124737964795334,5000.00333298615,43.0934819289662,17.3232166618681,72.9745830462543,116.315865351755,116.96529106743,2427.08906873784,2204.03337319855,24.9343182626055,0.888214108496199,0.672109081385019,0.0155428800627689,1.05341319797901,0.361918279110151,2.89957253686761,0.786278961692514,2.25196480943357,0.575288620704631,2.17534904133968,1.04140482422344,0.00635970243848465,0.358538023138315,0.353047656578264,0.290501661118241,0.233731520520985,0.168519690212209,0.153164120433547,0.147769150359072,0.0265731446778058,0.00927895743346924,0.0041458506827298,0.00224010167773502,0.00425247350224844,4.05752764090558,0.0139914375403448
5.73,12.966,1.268,0.2,0.0309772430502547,0.10464601600635,0.185632548448095,0.248120123274575,0.303353182323557,0.431040552489578,0.0309772430502547,0.10464601600635,0.185632548448095,0.248120123274575,0.303353182323557,0.431040552489578,0.0309772430502547,0.10464601600635,0.185632548448095,0.248120123274575,0.303353182323557,0.431040552489578,0.5,1,150.000015727529,231.729194875534,-27.3637008926154,606.760181231122,779.986372971565,7795.86147276325,-11.2462295886887,3.83185574419331,-0.658895604624517,-0.205384428705343,3.87032632017499,-0.371235396916988,10.1007525257786,-0.296876686865952,-100.492536194146,0.604166829017811,8.28114831788355,1173.62899697948,4.27779272992398,1.43094188105406,0.998648984480782,0.808625934798459,0.793136017081554,0.683023112175815,0.616415206749297,0.0193687878209561,0.0142793972391105,0.0107200885324445,0.0131579156337882,0.0117714707842933,0.0144080127070097,4999.99468805333,43.0935954588057,17.3232166618681,18.8838777871175,125.216580551765,119.654818021502,2595.10841326757,670.109332634015,33.0067771267699,0.379251935174928,0.370514199999827,0.0417416279556096,0.395432877869158,0.353178951349729,1.47465446983922,0.208416782692734,1.05320655933798,0.563138595444201,0.835737804951119,0.483098424335085,0.00659412248196492,0.206236704008209,0.131871344859535,0.107284114738543,0.0821496564745386,0.0716224415492799,0.0587601353312546,0.0325824827218704,0.0101035413523188,0.00496914595448281,0.00331061283028509,0.00184206456733038,0.00111569072787004,1.31350077285222,0.00555732214069033
-12.15,19.962,1.33456,0.2,0.0313319957440169,0.0970390808602242,0.181213332279821,0.224831748738396,0.315528403031175,0.408649909019007,0.0313319957440169,0.0970390808602242,0.181213332279821,0.224831748738396,0.315528403031175,0.408649909019007,0.0313319957440169,0.0970390808602242,0.181213332279821,0.224831748738396,0.315528403031175,0.408649909019007,0.5,1,150.000015727529,166.408874075617,-9.7118277529424,619.44609936465,110.901707499219,4445.61347776273,-43.3146995104677,1.27717336735757,-0.452005125403603,-0.0252896883657952,1.35246088949068,-0.0795534433288199,-0.399545817789813,-0.683588712759088,-101.114480783252,0.094542848361629,2.23632770544735,1173.6784709926,16.1225945214041,1.50179981251953,0.914266732632017,0.532269555254661,0.406468732423706,0.216460243724612,0.118955332539319,0.078575245221852,0.0143309191469638,0.0106814739089678,0.00606008634517238,0.0088831650869701,0.0102924124570357,4999.97312779919,43.0935631705033,17.3232166618681,32.4996283695559,117.153450894178,117.678515923867,2413.64053834538,839.982891108998,19.3618933231782,0.377409094228336,0.416005171885271,0.0142573665581589,0.450925365510561,0.334905622531777,2.09520280738269,0.455386214562624,1.37397734836619,0.533568239695111,0.943948973867582,1.00770159036601,0.00634322532169966,0.345798861520873,0.180332517258166,0.0798298610268276,0.0393810818232583,0.0403929694984032,0.0575497669043657,0.100324828975482,0.0140516971175913,0.00362730889402578,0.00100812976199639,0.000559838019480593,0.000562288632201594,3.78496294252268,0.0112564978322239
-3.81,10.194,1.27824,0.2,0.0352338243905474,0.119544953137228,0.190414456998077,0.301906635742994,0.377540862482361,0.507874916953477,0.0352338243905474,0.119544953137228,0.190414456998077,0.301906635742994,0.377540862482361,0.507874916953477,0.0352338243905474,0.119544953137228,0.190414456998077,0.301906635742994,0.377540862482361,0.507874916953477,0.5,1,150.000015727529,213.961504009999,-28.3621153750234,496.8710134361,897.50224054786,7507.5663993334,-6.27329284657849,3.97962712217477,-0.408304525684824,-0.220232132069576,3.97962712217477,-0.408304525684824,8.98370846786793,-0.408022211383189,-82.7512925736902,0.67489775273409,8.71498323091344,1065.61545672326,-1.46934624726591e-17,1.3911766482658,1.03826207686699,0.9131718675138,0.896181928965733,0.820156921154046,0.764063868347048,0.0151700408672326,0.0150652896959692,0.0118267360691595,0.0185135645245287,0.0169038585564004,0.0220830767628372,3059.20049994792,29.0415227580465,17.3232166618681,10.2540965994597,124.723601464974,120.214441322164,2594.45855318511,491.120420772792,33.7456370543237,0.34323386541003,0.354569368531022,0.0388621205852292,0.34323386541003,0.354569368531022,1.13444087021801,0.192900772174627,0.83898972351427,0.567598668304212,0.737463086950528,0.48651248509465,1.39402311910593e-15,0.0927716430299315,0.0465510188554219,0.0453779220723667,0.0378045193157561,0.0375426458657758,0.0352200573417951,0.0176053980450893,0.00539169584983155,0.00323180518106205,0.00302945365337473,0.00295360013909437,0.00398933248792464,1.43835255878358,0.00716136391053109
6.03,7.906,1.1336,0.2,0.0406617176488632,0.112604107268444,0.185328253282104,0.250263985373181,0.302009893006385,0.385639432284835,0.0406617176488632,0.112604107268444,0.185328253282104,0.250263985373181,0.302009893006385,0.385639432284835,0.0406617176488632,0.112604107268444,0.185328253282104,0.250263985373181,0.302009893006385,0.385639432284835,0.5,1,150.000015727529,126.772513279867,-12.5271034090199,315.396239975002,441.236562680971,4473.45911884179,-3.56984355861889,2.42591261326945,-0.235798398397042,-0.0828290959275076,2.42591261326945,-0.235798398397042,2.58031686282679,-0.158933672602854,-51.2720195812938,0.393225669326112,5.36516800333299,836.563660035411,1.76972761691487e-18,1.34884980731174,1.01599385480679,0.891536048328299,0.903641797729404,0.841208269971878,0.810517935631705,0.0163014158379336,0.0149019897510676,0.011947673679825,0.0162545850432247,0.0148278820956151,0.0177161483178836,1329.68867826268,16.0787470055203,17.3232166618681,2.93399145531301,123.383135898651,119.363648305933,2546.45120896751,196.169300871972,20.4997619848822,0.164834772601527,0.336275587032487,0.0118287753863577,0.164834772601527,0.336275587032487,0.568781362323937,0.15691927410561,0.53086006673121,0.536563351750263,0.359570810714348,0.240093511807456,1.43707200784442e-15,0.171045007911582,0.110777885041718,0.0990134498195792,0.0753884705048424,0.0693742868306919,0.0608317544128581,0.0258965521777542,0.00894659230409448,0.00530075512064318,0.00437058889118041,0.00378844506931016,0.00412999315431226,1.12428029419351,0.0109953895471047
-8.13,15.342,1.38448,0.2,0.0325442876765073,0.0990327966441282,0.207576540296733,0.287345317481675,0.350030573075197,0.475286710092642,0.0325442876765073,0.0990327966441282,0.207576540296733,0.287345317481675,0.350030573075197,0.475286710092642,0.0325442876765073,0.0990327966441282,0.207576540296733,0.287345317481675,0.350030573075197,0.475286710092642,0.5,1,150.000015727529,192.06699302156,-14.869010134361,615.903239245912,327.009029788564,5911.47620039579,-33.1371502762733,2.43986261847724,-0.634488371003021,-0.0862734423497552,2.51300166649308,-0.200857611290491,4.46018673377773,-0.289845506014061,-100.989309446933,0.309908305623373,5.05166055619206,1173.5865014061,10.0069911467553,1.4050870742631,0.860077877304448,0.595098968857411,0.533937256535777,0.397873836058744,0.330261056139986,0.0183934207203416,0.0136885073429851,0.0113387102385168,0.0114350709301114,0.00975007051348822,0.00676847661701907,4999.99385480679,43.0934350588479,17.3232166618681,29.4967605744126,122.062239670365,118.783016300232,2530.41324002528,906.868858284498,23.9272863758887,0.45353867666222,0.416538784579105,0.0332499403472685,0.503534701921217,0.354480526953732,1.59601337795087,0.306974645864228,1.29195869232344,0.565999946820421,1.04992442291262,0.543753408248987,0.006128861431394,0.188414790424256,0.0757186561535665,0.0392424697391525,0.0373774920620367,0.041087333646882,0.0456994993235825,0.0333969545145933,0.00667341213312304,0.00238216544970737,0.00233825425644451,0.00276473452751462,0.00105793495374443,2.05509117380875,0.00773999191962182
-10.47,4.166,1.15024,0.2,0.0365673801761338,0.124240336734716,0.165890648223047,0.25229878570083,0.335047630578227,0.420498185123668,0.0365673801761338,0.124240336734716,0.165890648223047,0.25229878570083,0.335047630578227,0.420498185123668,0.0365673801761338,0.124240336734716,0.165890648223047,0.25229878570083,0.335047630578227,0.420498185123668,0.5,1,150.000015727529,59.1835704614103,-4.74896224247474,215.81498281429,119.505952879908,2026.12936152484,-14.1687297156546,1.12471847724195,-0.0926056602864286,-0.019068994896365,1.12471847724195,-0.0926056602864286,0.0195876650015623,-0.0406306942278929,-35.0891865430684,0.157511227689824,2.52547328403292,691.472981981037,1.53695961524841e-17,0.512404197479429,0.396813748567858,0.378684439120925,0.460522039370898,0.461163441308197,0.518020758254349,0.0121184713050724,0.0132058659514634,0.00611247682533069,0.006753920841579,0.0118944280804083,0.0140779064680762,141.719456306635,2.07322643474639,17.3232166618681,3.47532483200886,123.047127933509,119.394466655016,2545.77045741054,94.834869275596,9.07976049839933,0.127771948661692,0.339880658042676,0.00456895511168343,0.127771948661692,0.339880658042676,0.19694653868332,0.0508356304738132,0.375836753527676,0.543233332413666,0.230781761852819,0.057383510518715,1.02747155154809e-15,0.0328901415397431,0.0118578008131297,0.0154449765808764,0.0273346038636415,0.0316949508135418,0.0366020946760563,0.00290378957829866,0.00102757121602752,0.000523889758510561,0.00137376395215237,0.000995614767502844,0.000634190586496576,0.219066571388846,0.00309026918429326
11.19,10.15,1.35568,0.2,0.0344626088405849,0.105903220457697,0.217231802448449,0.296599798923366,0.35039813039489,0.451434158014055,0.0344626088405849,0.105903220457697,0.217231802448449,0.296599798923366,0.35039813039489,0.451434158014055,0.0344626088405849,0.105903220457697,0.217231802448449,0.296599798923366,0.35039813039489,0.451434158014055,0.5,1,150.000015727529,221.269388605353,-29.2653420518696,500.903312154984,922.680614324549,7813.14363087178,-6.46686625551505,4.19,-0.426721673114259,-0.243660222893449,4.19,-0.426721673114259,9.80936944068326,-0.431640417071139,-83.6944516196229,0.707732968829288,9.2169317779398,1072.22935110926,-1.40951198833455e-17,1.32968154358921,1.00551866472242,0.882250223935007,0.873138287678366,0.807110436412873,0.76888447036767,0.0166528445332778,0.0144220101889803,0.0142023054890116,0.0176742605978544,0.0160676105613999,0.0194508051244662,3116.92032079992,29.405432767421,17.3232166618681,6.64892811937189,123.798059925081,120.104779079679,2544.72958955486,363.056634834278,35.7429615909918,0.248326471102055,0.332292186600957,0.0290749663927919,0.248326471102055,0.332292186600957,1.14454861547549,0.193188108862303,0.786840089758906,0.529405705911082,0.57236858847637,0.458821958185983,1.39885175119235e-15,0.2412987548683,0.145860895003339,0.11733211749578,0.0884843845836709,0.0780496783534048,0.0660279765315208,0.0363674899559637,0.0114618567405249,0.00658794796730331,0.00520850214875064,0.00441714009115448,0.00497306822499521,1.44027071427907,0.00693441636700692
7.35,18.026,1.2808,0.2,0.0391975450729214,0.106507772362539,0.188361581673183,0.248108371815296,0.346227009111474,0.474529713482634,0.0391975450729214,0.106507772362539,0.188361581673183,0.248108371815296,0.346227009111474,0.474529713482634,0.0391975450729214,0.106507772362539,0.188361581673183,0.248108371815296,0.346227009111474,0.474529713482634,0.5,1,150.000015727529,168.940266638892,-11.8186682324758,618.357473179878,213.258141613374,4775.5048432455,-37.6232999687532,1.61281012394542,-0.52521233814186,-0.0429370470784293,1.69161906051453,-0.124275042746589,1.06386873554838,-0.527263027891366,-101.101212373711,0.174220672190397,3.09261442558067,1173.6894073534,13.8362597646082,1.48467908551192,0.907877116966982,0.572528361628997,0.468280429121966,0.291099075096344,0.202068945943131,0.0544997977365275,0.0143428798461619,0.00942500333298614,0.00861273658993855,0.00914370565566088,0.00905299447974168,4999.99541714405,43.09358191855,17.3232166618681,46.9873483081676,122.32717140329,118.37167052969,2545.21238177271,1413.98543950339,20.462410191536,0.6250161540459,0.484897062378427,0.0291382389822577,0.702979072044462,0.362755760435356,1.87752240817878,0.447802610073696,1.55503387181658,0.577308702785826,1.44734725231744,0.657157129219056,0.00544468535848645,0.308121573649031,0.224306900673729,0.17287249163254,0.141965599498256,0.112005278060617,0.0949463624221662,0.0670663637769165,0.0147332822303302,0.00602013697224342,0.00370082706475351,0.0020237513749785,0.00162994603255201,2.40008242814907,0.00875784066006677
-4.83,3.99,1.16752,0.2,0.0314181537026699,0.102362638637884,0.195174898051502,0.263850892122398,0.326425582815961,0.413155661607193,0.0314181537026699,0.102362638637884,0.195174898051502,0.263850892122398,0.326425582815961,0.413155661607193,0.0314181537026699,0.102362638637884,0.195174898051502,0.263850892122398,0.326425582815961,0.413155661607193,0.5,1,150.000015727529,58.014111030101,-4.36508010623893,213.359120924903,109.01398990626,1985.66368086658,-14.3980616602437,1.10517950213519,-0.0896490201193624,-0.0183891980002083,1.10517950213519,-0.0896490201193624,-0.00564608184918237,-0.0393935472310176,-34.8667597125298,0.152799581843558,2.48514061035309,689.258848036668,2.21274881783148e-18,0.477698187688782,0.373998406415998,0.362975408811582,0.440176502447661,0.445719133423602,0.506805801479013,0.0120432093531924,0.012054460681179,0.00599931548797001,0.00600462941360276,0.0110643367357567,0.0139913404853661,126.604989063639,1.85810634308927,17.3232166618681,3.13187811793302,123.196904939483,119.160726933809,2545.7686253855,61.0962551920449,9.04737137528019,0.103719743452619,0.33778204035906,0.00374750482299837,0.103719743452619,0.33778204035906,0.183711477975072,0.0504568808811878,0.369588072309453,0.539494675021071,0.179441098790111,0.0492134586155142,1.01839101210606e-15,0.0263595665122775,0.0215254392270764,0.0210962359498591,0.0249137369632536,0.0278234596294021,0.0279150956526692,0.00218323848257392,0.00100887270202765,0.00049222795398691,0.000493233529613255,0.00183967941722457,0.000521511969337049,0.155654205375944,0.0022029909523254
-12.33,18.95,1.19824,0.2,0.0353727647552196,0.100269226769573,0.151893724587887,0.227089301936173,0.345866566244678,0.437154244224923,0.0353727647552196,0.100269226769573,0.151893724587887,0.227089301936173,0.345866566244678,0.437154244224923,0.0353727647552196,0.100269226769573,0.151893724587887,0.227089301936173,0.345866566244678,0.437154244224923,0.5,1,150.000015727529,167.346057702323,-10.973897010728,618.591792521612,186.798529434434,4725.71263410061,-33.6774624518279,1.58708489740652,-0.526140444624519,-0.0379007533590251,1.66784401624831,-0.118202585324445,0.972350019060514,-0.545991786480575,-101.112609103218,0.164500980656182,3.04337173211124,1173.68784501614,14.2872211227999,1.51540037496094,0.947458587647121,0.587725591084261,0.481708051244662,0.292760389542756,0.202775423393397,0.0784166197369545,0.0145534052809082,0.00926126507655454,0.00750461118633476,0.00773860681179044,0.00929807384647433,4999.98000208312,43.0934142276847,17.3232166618681,31.2946614078784,119.024756345013,117.815633368257,2455.22617213749,828.38064281549,19.7567548178115,0.37726210998485,0.416004867700871,0.0184868947031741,0.446012234148667,0.341254442744377,1.62845907877677,0.380514083847541,1.34269523494895,0.543889174755452,0.925478495511921,0.702337726912191,0.00597964913526355,0.332138503827634,0.164761544984477,0.0709341278804017,0.0340429481005838,0.0356991692336564,0.0514211327249717,0.0986975391587282,0.0135946194858441,0.00348355333538275,0.00238769447658106,0.000704929747882318,0.00073971850069827,2.78347355684627,0.00980476933530705
8.13,9.534,1.3288,0.2,0.0372060720533305,0.0991397500437354,0.167143344448764,0.272897656264024,0.327709567516093,0.485035553650517,0.0372060720533305,0.0991397500437354,0.167143344448764,0.272897656264024,0.327709567516093,0.485035553650517,0.0372060720533305,0.0991397500437354,0.167143344448764,0.272897656264024,0.327709567516093,0.485035553650517,0.5,1,150.000015727529,196.797125299448,-26.4988287032601,441.736569107384,834.139575117175,6960.88011665452,-5.93899470284345,3.73087542964275,-0.38195514835364,-0.193401020727008,3.73087542964275,-0.38195514835364,7.40642912196646,-0.341965108640767,-74.4406540985314,0.632962882471617,8.19920456202479,1009.90219768774,-5.34622719508388e-19,1.35002208103323,1.02044827622123,0.887856056660765,0.891939943755858,0.826056744089158,0.764507238829289,0.0160539956251432,0.0140675100624935,0.010577640214561,0.0169643569419852,0.0154658726174357,0.0210736464951568,2603.76669096969,26.0823643370484,17.3232166618681,6.00448999237812,123.209554404116,120.428841943847,2541.04896282441,330.931060452656,31.5915039066817,0.23250595355591,0.33539301709485,0.0244369609701781,0.23250595355591,0.33539301709485,0.95356622170067,0.191594498817687,0.732798182501302,0.534984848073233,0.516877975630309,0.297062638734913,1.3380771143488e-15,0.197440214927736,0.125550445270837,0.107905513341102,0.0791380695969929,0.0707006045219766,0.056259403849954,0.0295818242106675,0.00982599880837289,0.00546644899150322,0.00460257745109284,0.00396053379568877,0.00505606828099707,1.0930360894901,0.00637319867529022
6.93,8.918,1.36528,0.2,0.0391385023488792,0.138835665763156,0.210230776691449,0.268333713365097,0.346803578770714,0.471072435232075,0.0391385023488792,0.138835665763156,0.210230776691449,0.268333713365097,0.346803578770714,0.471072435232075,0.0391385023488792,0.138835665763156,0.210230776691449,0.268333713365097,0.346803578770714,0.471072435232075,0.5,1,150.000015727529,180.850640558275,-24.4985447130507,401.458212686178,765.630758650141,6420.93865222373,-6.89215258733465,3.46799729194876,-0.353585136940944,-0.167695417144047,3.46799729194876,-0.353585136940944,6.03397948130403,-0.287080071347776,-67.0284918237683,0.58727458316842,7.64446203520467,957.884084991149,-2.11008422351841e-18,1.31962774710968,0.983436464951568,0.874783762108112,0.879738089782313,0.808286001458182,0.763066638891782,0.0149746796585772,0.0154936661806062,0.013191645245287,0.0162378541818561,0.0154489905218206,0.0198595958754296,2222.17258618894,23.4671961254038,17.3232166618681,5.50814433513917,122.997158115551,120.573572826118,2538.46313344857,313.138596655259,29.2982518415402,0.227907315757961,0.335874700735654,0.0224642929129447,0.227907315757961,0.335874700735654,0.854363471938674,0.233154383135777,0.671917898755137,0.535936238654315,0.505838619729223,0.245833655362901,1.33251460811746e-15,0.179510918182389,0.113283279926006,0.0987841701105414,0.0750584809641279,0.0668497030180669,0.0552129079907545,0.0257039709017926,0.00882962903163918,0.00527074058709283,0.00422085814753961,0.0036477476754804,0.00448710532424112,0.977615332333398,0.00627760317737577
-1.77,5.53,1.18032,0.2,0.04070255197866,0.131236777112587,0.213500923275267,0.303457910210504,0.344651084011679,0.426940594002556,0.04070255197866,0.131236777112587,0.213500923275267,0.303457910210504,0.344651084011679,0.426940594002556,0.04070255197866,0.131236777112587,0.213500923275267,0.303457910210504,0.344651084011679,0.426940594002556,0.5,1,150.000015727529,83.2745828559525,-7.02960683220498,248.819918758463,217.008204666181,2912.14186022289,-10.830813018748,1.60392334131861,-0.142226114324549,-0.0371869315696282,1.60392334131861,-0.142226114324549,0.758722867815852,-0.0728155885230706,-39.7491948755338,0.239651630017706,3.57749192792418,736.188532444548,-5.78805131757108e-18,0.869935485886886,0.664633663160087,0.604350619727112,0.658278346005624,0.634770794708885,0.64780804082908,0.0123176512160192,0.0141230968649099,0.0113959968753255,0.0132173832934069,0.0125588891782106,0.014426887824185,465.00152067493,6.38947505468182,17.3232166618681,2.10431508934465,123.290911122598,119.178318544164,2549.3198457843,127.373349182293,13.3379785535906,0.141420419899324,0.338754748479467,0.0069869906910692,0.141420419899324,0.338754748479467,0.324775437445352,0.064238434409372,0.420063397545026,0.541070128356277,0.289008290975437,0.112771626780022,1.19006985342541e-15,0.0555978573290283,0.0419204091106819,0.0403661241260497,0.043001134927046,0.0451304945764183,0.0423619530298711,0.00704991179094841,0.00286488397030744,0.00185905320352375,0.00163760547514886,0.0012256205091744,0.0008411961478669,0.457335785435834,0.00572636697286744
-8.49,7.466,1.24688,0.2,0.0355609494972231,0.112455487631665,0.16359147829504,0.246098813210218,0.307930357787215,0.427173628319602,0.0355609494972231,0.112455487631665,0.16359147829504,0.246098813210218,0.307930357787215,0.427173628319602,0.0355609494972231,0.112455487631665,0.16359147829504,0.246098813210218,0.307930357787215,0.427173628319602,0.5,1,150.000015727529,126.680356212895,-20.5761246234767,302.307207582543,597.732474856786,4502.622435163,-8.48945452557025,2.46463076762837,-0.258200575189043,-0.0862010207270076,2.46463076762837,-0.258200575189043,2.57823464222477,-0.148199294174565,-49.911955004687,0.429858201291532,5.45795990001042,825.29748984481,2.59865655348401e-17,1.22831830017706,0.929672398708467,0.810244599520882,0.853732465368191,0.797306738881366,0.763564139152172,0.0126724147871263,0.0142452029996875,0.00827238492188314,0.0137662973648578,0.0123772219560462,0.0163655587959587,1223.05645245287,14.9910800958234,17.3232166618681,5.21234387437801,123.102141416645,120.247905093167,2558.51586565951,301.831315046077,20.5620324829463,0.25091009056849,0.346779076199683,0.0181439934178093,0.25091009056849,0.346779076199683,0.566710320295085,0.167865982751813,0.533555976109236,0.554986914878754,0.536257838283964,0.220063794079285,1.3231318622716e-15,0.0962264501896972,0.0304148947640135,0.0231279790029062,0.03090230801545,0.0398639422938543,0.0432554597024927,0.0166513080459049,0.00415009444660793,0.0021611230808093,0.00208014074463783,0.00158099108749898,0.0021808799597071,1.02334229623574,0.0101154760058114
12.33,11.25,1.12272,0.2,0.0299989285342106,0.0910316589512224,0.176200203522455,0.250244421469786,0.315346100739068,0.405557436202773,0.0299989285342106,0.0910316589512224,0.176200203522455,0.250244421469786,0.315346100739068,0.405557436202773,0.0299989285342106,0.0910316589512224,0.176200203522455,0.250244421469786,0.315346100739068,0.405557436202773,0.5,1,150.000015727529,218.538162691387,-33.0664965652536,536.325289032392,1027.34013669409,7638.48057494011,-1.08712606457661,4.04081439433391,-0.432345332851786,-0.225853994375586,4.04081439433391,-0.432345332851786,9.94786126445163,-0.459191623424643,-89.8822028955318,0.713381029495469,8.84076158733465,1110.51255077596,-2.13197664930736e-17,1.48133736069159,1.12528858452245,0.977346349338609,0.961977106551402,0.877462410165608,0.831171138423081,0.0402504191219665,0.015254240272055,0.0146268717425268,0.018425595667118,0.0175685884803666,0.020595225497344,3462.622435163,31.5413300697844,17.3232166618681,5.65984409007399,123.558623459007,119.659364343045,2536.58053689017,310.041942832475,34.7020426032762,0.211439408492397,0.329926034244624,0.023870047848794,0.211439408492397,0.329926034244624,1.14205483874846,0.230252018807585,0.861016653727313,0.525436597796852,0.490071663049715,0.506904169063782,1.50262793919276e-15,0.306715628047233,0.169743368969915,0.138484004451832,0.10144991931984,0.0838230532156806,0.072204194398924,0.0581957144626859,0.0153368585176839,0.00897744742777889,0.00631197985697286,0.00571239915807314,0.00610211809825761,2.03460498484677,0.00737334027124374
13.71,11.822,1.1976,0.2,0.0326407678655336,0.0975531810867436,0.156423866214165,0.214188515243623,0.301507633731239,0.425077113214544,0.0326407678655336,0.0975531810867436,0.156423866214165,0.214188515243623,0.301507633731239,0.425077113214544,0.0326407678655336,0.0975531810867436,0.156423866214165,0.214188515243623,0.301507633731239,0.425077113214544,0.5,1,150.000015727529,246.719633371523,-36.5131233225705,569.396187897094,1154.23318851161,8611.43339235496,0.685714326632642,4.52951150921779,-0.485718625143214,-0.282874950525987,4.52951150921779,-0.485718625143214,12.2685996250391,-0.548841765045308,-95.4298187688786,0.799924909905218,9.8828672013332,1145.89438600146,-1.62674147380481e-17,1.4988051244662,1.145466284762,0.99535084886991,0.988822580981147,0.890882460160401,0.82731120716592,0.058700233151755,0.0171561766983648,0.014007792944485,0.0173694488074159,0.0174201437350276,0.021675334860952,4179.6821164462,36.8982480991564,17.3232166618681,6.56352888053139,124.216964838991,118.993690475447,2543.06032585532,346.348156011165,39.3498753500218,0.226197749716701,0.328163480572605,0.028328415772274,0.226197749716701,0.328163480572605,1.32830869564766,0.253563089107286,0.87769748992379,0.522209983277934,0.533899648779472,0.652631484635366,1.45072044550392e-15,0.339421511298372,0.184442238992652,0.151512592874453,0.110883955108315,0.0895454587220293,0.0752999473868985,0.0755183179034827,0.0176664260408086,0.00995479874296672,0.00671393064264742,0.00592875821671408,0.00664080189018069,6.3367793754811,0.0489539888439149
-7.05,3.066,1.34864,0.2,0.0315150516466387,0.103671072035035,0.182090752510003,0.254150150734535,0.35228980790288,0.493680275425198,0.0315150516466387,0.103671072035035,0.182090752510003,0.254150150734535,0.35228980790288,0.493680275425198,0.0315150516466387,0.103671072035035,0.182090752510003,0.254150150734535,0.35228980790288,0.493680275425198,0.5,1,150.000015727529,49.0676564941152,-1.07522599520884,205.432325799396,26.4400748984481,1663.14144359963,-19.0678140818665,0.939156900322882,-0.0664709858379335,-0.013696921987293,0.939156900322882,-0.0664709858379335,-0.212462717654411,-0.0315397995734819,-33.4424049578168,0.115263651594626,2.13061722737215,675.064180814513,3.06191696594105e-18,0.226610363503802,0.18020395792105,0.20998581397771,0.293710051036351,0.316078752213311,0.388498510571815,0.012013045516092,0.00813185074471409,0.00600008676179565,0.00614093688157484,0.00729940631184252,0.0102909775023435,32.5926476408708,0.488400645766067,17.3232166618681,4.12820591166123,122.412273153939,119.867760362533,2528.36251209789,74.746539718956,7.50720055043779,0.101041695676295,0.335733057857529,0.00313262949167989,0.101041695676295,0.335733057857529,0.134393664245568,0.0461724677731027,0.356355155463503,0.536340168572743,0.158332091763967,0.0479493896663892,8.71971053255637e-16,0.0151517471449643,0.01377288107417,0.0131179621125314,0.0179665568953675,0.0199212986039532,0.022973560184983,0.000634035746651745,0.000216285975118682,0.000158454763105352,0.000216013716228815,0.000418626607439123,0.00416173669183938,0.114585528904298,0.00170484530078521
3.39,23.482,1.21232,0.2,0.043545209640161,0.124890431258167,0.210640724819337,0.284393321507391,0.365947408058135,0.416658330790736,0.043545209640161,0.124890431258167,0.210640724819337,0.284393321507391,0.365947408058135,0.416658330790736,0.043545209640161,0.124890431258167,0.210640724819337,0.284393321507391,0.365947408058135,0.416658330790736,0.5,1,150.000015727529,153.209934381835,-8.15872692115404,620.274960941569,50.2457382564316,3645.43962087283,-43.7541787313821,0.692530963826684,-0.288371219299031,-0.0157566873242371,0.749744593357671,-0.0253343394667222,-2.74834951917509,-1.11124300943131,-101.042628892823,-0.00104946121237372,0.813415343172587,1173.70367670034,20.6718487657534,1.54413717321113,0.961398541818561,0.53256187897094,0.332477678366837,0.125294515337777,0.0027507753661077,0.0785198924066347,0.0155097899416415,0.00973046870117697,0.00774473961045724,0.00862672586188938,0.0119439714613061,4999.9878137694,43.0933923549635,17.3232166618681,58.9252428805088,116.281541875103,117.240139315553,2414.98298737616,1699.46451230687,18.4455245422989,0.67790062800578,0.559023865897441,0.0129490819213729,0.806554176215983,0.348609250518869,2.48567653183136,0.645678049587964,1.86809902950457,0.553574245861854,1.65153377666205,1.16207251156418,0.00719146200853639,0.229980091607332,0.219944989471702,0.185708736064846,0.159482162737637,0.115787995132065,0.11173781776235,0.0771900649448232,0.0145436771172355,0.00590024447864632,0.00283342441400835,0.00173207753592773,0.00392215409963311,4.64804589553303,0.0160747310723167
4.59,24.186,1.31024,0.2,0.033087486236873,0.0931175389150499,0.175740953262281,0.225990055684709,0.295409760630161,0.426440949388076,0.033087486236873,0.0931175389150499,0.175740953262281,0.225990055684709,0.295409760630161,0.426440949388076,0.033087486236873,0.0931175389150499,0.175740953262281,0.225990055684709,0.295409760630161,0.426440949388076,0.5,1,150.000015727529,152.925800437454,-8.8499893448599,620.300937402354,59.7700277991876,3426.20007085929,-51.6116487865848,0.455958328590772,-0.191196750640558,-0.0164285075512968,0.494352881545672,-0.00810349618789709,-3.81625370631497,-1.28270950817623,-100.991034267264,-0.0354987696833663,0.152283359597958,1173.68409540673,21.811310280179,1.51749651078013,0.946080762420582,0.492635746276429,0.294595135834809,0.0834882293979793,-0.0509908189386522,0.0779022492748672,0.0142981441934069,0.00844648994896364,0.00710208186647224,0.00938440797833559,0.0133535805645245,4999.97062805958,43.0933454848458,17.3232166618681,67.9908495714326,115.522866154886,116.810027319809,2402.38629577027,2028.81256545785,21.6648094566196,0.818971361735069,0.634110545483028,0.0108872356070926,0.973366210672183,0.354074913834154,2.6333960897675,0.755672045551268,2.14741186348353,0.563264583096165,2.01448962605787,1.25676757035527,0.00712914116018936,0.265108747367061,0.253510188367092,0.207289432751416,0.181184682393963,0.129764101768171,0.12898999644985,0.0836691924433912,0.0159356707397852,0.00574963432602892,0.00237092407146922,0.00192096344596243,0.00521220117810458,4.8411400722609,0.0158861280772983
-12.93,10.282,1.18288,0.2,0.0378955408926374,0.0872031883656215,0.181212121672262,0.263373193053323,0.359602090699204,0.502370438293978,0.0378955408926374,0.0872031883656215,0.181212121672262,0.263373193053323,0.359602090699204,0.502370438293978,0.0378955408926374,0.0872031883656215,0.181212121672262,0.263373193053323,0.359602090699204,0.502370438293978,0.5,1,150.000015727529,192.784126653474,-27.9198235707739,464.154525570252,866.009623320488,6749.71857098219,-5.00773144839079,3.56647932507031,-0.374859199486512,-0.177928122070618,3.56647932507031,-0.374859199486512,7.08112467451308,-0.342312089744818,-76.3610425997293,0.618449853731903,7.79632621601917,1022.93073638163,-1.16194302895532e-17,1.45360431205083,1.09849703155921,0.952685199458388,0.939594229767733,0.8504131548797,0.782323382980939,0.0225604805201541,0.0142834182449745,0.0121384976513905,0.0182676837829393,0.0176172664305801,0.023374579731278,2705.61920633267,26.7582949692742,17.3232166618681,11.5807221317998,124.870610587178,120.155751512128,2609.72767693862,557.943583578237,30.3872374575349,0.396634282135585,0.362333184882837,0.0406219256875737,0.396634282135585,0.362333184882837,1.09114835884821,0.172321292291796,0.797655631599612,0.580977975334801,0.856948904805312,0.253915113313382,1.29440628414535e-15,0.194735133092544,0.0583859698520325,0.0210305020715028,0.0266538292283545,0.0339703632605852,0.0412283589198129,0.038396929001459,0.00731690231879547,0.0031345477775671,0.00281145899589899,0.00358969618617054,0.00519443797217691,1.02570191171376,0.00623989722651702
2.85,14.066,1.22768,0.2,0.0345795450543659,0.0932840400274718,0.186206143852266,0.24871119337259,0.343771703949713,0.445979613928503,0.0345795450543659,0.0932840400274718,0.186206143852266,0.24871119337259,0.343771703949713,0.445979613928503,0.0345795450543659,0.0932840400274718,0.186206143852266,0.24871119337259,0.343771703949713,0.445979613928503,0.5,1,150.000015727529,210.406134777627,-21.5086884004687,611.710342672639,562.096527955421,6844.87563795438,-16.3674388511613,3.15727747109676,-0.66009531298823,-0.141080099989584,3.2126924278721,-0.287748955852516,7.39934454744298,-0.243297172997604,-100.782775752526,0.460856521752942,6.73041516508696,1173.64024580773,6.69068815748359,1.46199500052078,0.979180543693365,0.747031559212582,0.71592558066868,0.574179887511717,0.509912998645975,0.0201410413633996,0.0137131844475575,0.0102509922924695,0.0123025682741381,0.0124809349026143,0.0145035433808978,5000.00010415582,43.093712113321,17.3232166618681,24.7017809510215,124.635374022894,119.312144587812,2587.1494913005,804.246199057936,27.8399915682902,0.419582722378361,0.390910824843868,0.038699749308921,0.449041362787102,0.356697715687065,1.50049848301313,0.234996837463,1.16219832672627,0.568707836288971,0.934203326322307,0.479953233387311,0.00525192765707947,0.177763078445261,0.120042111866681,0.0979076853882219,0.0823297076276919,0.0684370502924939,0.059080389757806,0.0291276545433517,0.00898604757412283,0.00431608453999675,0.00285950638546047,0.00161689722083411,0.00111078177491228,1.47326875432956,0.00587278576377129
3.15,4.65,1.29488,0.2,0.0383910340374707,0.115350176495016,0.181813769597159,0.256333739513526,0.335703049902605,0.485574019237244,0.0383910340374707,0.115350176495016,0.181813769597159,0.256333739513526,0.335703049902605,0.485574019237244,0.0383910340374707,0.115350176495016,0.181813769597159,0.256333739513526,0.335703049902605,0.485574019237244,0.5,1,150.000015727529,72.2546620143734,2.52940891500885,223.986435787939,-11.0710562024789,2524.4104780752,-13.222025010301,1.39881762316426,-0.0958374420279137,-0.028532947609624,1.39881762316426,-0.0958374420279137,0.417343295915738,-0.0582626981591917,-36.8982783043432,0.164672054791168,3.13839818768878,709.007697114886,1.64764369440684e-17,0.653079991667535,0.504853754817207,0.467016841995626,0.543871586293095,0.533348984480783,0.555784189146964,0.0123647815852515,0.0133016213936048,0.0100824045411936,0.0105704898448078,0.0123426393084054,0.0155784251640454,263.930590563482,3.76562337256539,17.3232166618681,1.83809244214158,123.398707482225,118.860220497577,2546.72633193571,76.7337274456187,11.723963585476,0.102682170260429,0.335596241707022,0.00451057803463434,0.102682170260429,0.335596241707022,0.248372976408984,0.0544863957336245,0.385774929034998,0.535526538331909,0.209062357306495,0.0769342137871903,1.03772481241072e-15,0.0630301130135424,0.0494545154948156,0.0433619843423857,0.0460785632199019,0.0462065108739634,0.0381010825796445,0.00513861958657373,0.00241028933262269,0.00184271842273746,0.002350753423268,0.00104367670001723,0.00067195130872708,0.242758786209227,0.00328142047487845
-3.57,4.694,1.39728,0.2,0.0325612703042773,0.110544892353987,0.191593905356038,0.274898762304487,0.364285347511877,0.467731738970399,0.0325612703042773,0.110544892353987,0.191593905356038,0.274898762304487,0.364285347511877,0.467731738970399,0.0325612703042773,0.110544892353987,0.191593905356038,0.274898762304487,0.364285347511877,0.467731738970399,0.5,1,150.000015727529,76.9220268722008,0.87524591292574,222.555861889387,27.1514749911468,2714.91302989272,-14.5594750606697,1.51870148942819,-0.109174954726591,-0.0335740943651703,1.51870148942819,-0.109174954726591,0.602967512488282,-0.0633322263805854,-37.3017571086346,0.187466923728778,3.41552827830434,712.788928236638,-7.85124798458526e-19,0.655602333090303,0.508361441516509,0.470557691907093,0.543385324445371,0.530366284762004,0.560596521195708,0.0120690086449328,0.0130051723778773,0.0107832436204562,0.0115201295698364,0.0129356077491928,0.0151620362462243,291.018050203105,4.13011634204776,17.3232166618681,2.30249883181899,122.511630859902,119.889797946773,2533.59891339473,112.246102558526,12.40715135161,0.135175896392403,0.336999991020708,0.00629298593467449,0.135175896392403,0.336999991020708,0.266838995143406,0.0549066831495535,0.397526972037924,0.538337159582064,0.269416833675928,0.076276000727488,1.13739196705164e-15,0.0372077913096096,0.0288969855435675,0.0280834294158582,0.0328652372738125,0.0364003057112527,0.0322493789084378,0.00383629322809198,0.0016444098276343,0.001216087888527,0.00181839315396219,0.000905530581044401,0.000634438752247008,0.273317180633387,0.00363156081476332
12.63,5.266,1.41328,0.2,0.030313857484747,0.10908773785724,0.171917798508985,0.231786251786017,0.318215477139301,0.384090316020034,0.030313857484747,0.10908773785724,0.171917798508985,0.231786251786017,0.318215477139301,0.384090316020034,0.030313857484747,0.10908773785724,0.171917798508985,0.231786251786017,0.318215477139301,0.384090316020034,0.5,1,150.000015727529,87.6203937089887,-10.7944734277679,243.997788772003,289.727022726799,3113.16092073742,-13.7626395760525,1.75163410061452,-0.161024234996354,-0.0441263378814707,1.75163410061452,-0.161024234996354,0.993742463258356,-0.0752088075959796,-39.3351775856683,0.272282798260598,3.93254410998854,732.341745651489,-1.66659120049995e-17,0.762498021039475,0.587110915529632,0.529693521508176,0.607395781689408,0.586255233829809,0.617606478491824,0.0119193003344964,0.013003826893032,0.00986874513071555,0.0109128074158942,0.01187028361629,0.01339745443183,435.670753046555,6.01789730236436,17.3232166618681,1.51802341713726,122.153912920393,120.024952665128,2513.08756443567,133.828510593416,14.8727085031069,0.112407117024948,0.326888693522479,0.00588529739973471,0.112407117024948,0.326888693522479,0.339878821502544,0.0583961761706213,0.404477276120113,0.520774359318303,0.277022658062744,0.105765238697613,1.13835822721903e-15,0.136259206173075,0.0939074602201841,0.0765867934635259,0.0788565364675772,0.0724325703237012,0.0646539228291017,0.0120238743587283,0.00467530734137136,0.00274847124555434,0.00240759483537928,0.00156265101719245,0.00100288947060034,0.414531293485151,0.0052452830012947
5.91,22.294,1.34928,0.2,0.0302429644329677,0.102972114257625,0.160202044919791,0.232272729434008,0.288771424789362,0.32708438332337,0.0302429644329677,0.102972114257625,0.160202044919791,0.232272729434008,0.288771424789362,0.32708438332337,0.0302429644329677,0.102972114257625,0.160202044919791,0.232272729434008,0.288771424789362,0.32708438332337,0.5,1,150.000015727529,157.819638579315,-8.96618311977921,620.054192271638,58.6418763670451,3802.83017394022,-49.8715456723258,0.760707415375482,-0.302841029017811,-0.0194165167795021,0.818248504666181,-0.0293586692500635,-2.5397742058119,-1.02209399428914,-101.046397250287,0.00474601671700865,0.945251183045516,1173.66607645037,19.65314967191,1.50988511613374,0.921384918237684,0.499102843453807,0.327814681803979,0.131998787749193,0.0180408869034476,0.076423123637121,0.0145693837095094,0.0080676419123008,0.00745367472138319,0.0085329939589626,0.0106691396729507,4999.98021039475,43.0933902718471,17.3232166618681,64.2162772933891,117.789297224315,117.376957799505,2449.32186398681,1920.58882260451,22.0426972167613,0.782092287490817,0.591914734543174,0.0168866124963369,0.913300599239017,0.357650616086293,2.94087814143438,0.710340416085531,1.97793858076005,0.568443576983884,1.87281278531616,0.934603363948991,0.00566930626144851,0.293583606115003,0.258039862960519,0.205965056899924,0.176329493235809,0.12502069710686,0.113248951257212,0.0850750787479571,0.0163546349616006,0.00577942293148083,0.00272849677018537,0.00160015140714772,0.00226951673273782,3.59797744073846,0.012445492203465
10.59,18.642,1.27376,0.2,0.0369792465386572,0.112483377547403,0.203357218229851,0.28661928647338,0.379494592259243,0.467859992922628,0.0369792465386572,0.112483377547403,0.203357218229851,0.28661928647338,0.379494592259243,0.467859992922628,0.0369792465386572,0.112483377547403,0.203357218229851,0.28661928647338,0.379494592259243,0.467859992922628,0.5,1,150.000015727529,166.601365482762,-11.4877658785543,618.492136235809,200.38743580877,4653.99010519738,-38.9681454015207,1.52723022601812,-0.510270020081241,-0.0405187297156546,1.60607115925424,-0.115497666164983,0.722345836360796,-0.565807884022498,-101.10068846995,0.159043388865743,2.89307280595771,1173.70513488178,14.3620768669932,1.46756605561921,0.921569013644412,0.582572752838246,0.456862878866785,0.276301778981356,0.18946465264035,0.0894357362181022,0.015275363486616,0.00985566651390481,0.00906112852827832,0.00961593271534214,0.00914072690344755,4999.99656285804,43.0936412873657,17.3232166618681,51.2501021501,122.407637077292,118.37434814863,2551.3873277156,1557.2409498339,22.068914908666,0.682596977756672,0.507349795566184,0.0300025581087569,0.767480051197315,0.366487637788651,2.45055224931253,0.494979555232586,1.63345452407153,0.583072739566733,1.58027891593165,0.753342333809248,0.00564936641136954,0.381895598782618,0.278131074591257,0.2139405919662,0.166341780076327,0.128448808098797,0.106959658601613,0.107172112826598,0.0194114627443042,0.0076942517761698,0.00435594122240671,0.00228638806327556,0.00170854977697769,2.70726042673362,0.00873033858693466
11.49,12.878,1.21296,0.2,0.0346325848722778,0.103447587376387,0.180596408524708,0.223018211110095,0.285296639832602,0.406544985123217,0.0346325848722778,0.103447587376387,0.180596408524708,0.223018211110095,0.285296639832602,0.406544985123217,0.0346325848722778,0.103447587376387,0.180596408524708,0.223018211110095,0.285296639832602,0.406544985123217,0.5,1,150.000015727529,241.765951463389,-32.2542517879388,604.254515154671,964.231932850745,8253.71555046349,-5.27174469846891,4.16739006353505,-0.628091417560671,-0.241226018123112,4.19286761795646,-0.426154238552651,11.4249212582023,-0.388594951821685,-100.363827726279,0.696754951765649,9.03871180085409,1173.97166961775,2.76999958337674,1.47671359233413,1.07229143839183,0.898134246432664,0.884543370482241,0.780058202270597,0.713088480366629,0.043835530589522,0.0151659806909176,0.0129049973336111,0.0145741168628268,0.0125477471096761,0.0148840756171232,5000.16706593063,43.0848047078426,17.3232166618681,13.3735760127223,124.926601710541,119.590776263773,2575.40637006914,526.290686092328,35.8201700445527,0.322153648999599,0.348219189025391,0.0378151041261304,0.328530801882669,0.342002159858296,1.47420193234874,0.221819748418233,1.05147636440483,0.544446808229306,0.722380137804951,2.23094463680809,0.202410604238414,0.308887539715138,0.176420231324078,0.143543179943561,0.104053884808811,0.0915294032655236,0.0760368959411651,0.0610254626825449,0.0151967093151475,0.00792368994972678,0.00516988215584263,0.00310921056831523,0.00215980538815379,2.60496373629718,0.0800282885057972
0.690000000000001,15.914,1.12528,0.2,0.0345667288612346,0.117297664671938,0.193175873749724,0.289207738263311,0.352422628906897,0.458976730764182,0.0345667288612346,0.117297664671938,0.193175873749724,0.289207738263311,0.352422628906897,0.458976730764182,0.0345667288612346,0.117297664671938,0.193175873749724,0.289207738263311,0.352422628906897,0.458976730764182,0.5,1,150.000015727529,186.155535881679,-16.5174094339131,616.046068117904,388.288803353817,5767.20122903864,-20.0980532168524,2.41642245599417,-0.623929521924799,-0.0847017821060306,2.48689719820852,-0.20915913810853,4.42646687761692,-0.306507357602333,-100.99348505364,0.325131650744714,5.03105686907614,1173.58129361525,9.6703349651078,1.54322466409749,0.98784183939173,0.710950432246641,0.630716123320488,0.477349546922196,0.398960514529737,0.0285397595554005,0.0147680801601916,0.0106383019477138,0.0124446672221644,0.0109528985522341,0.0113016343089261,4999.98323091345,43.0934381835224,17.3232166618681,30.2153313531046,123.182325517653,118.80572737758,2552.82585831089,914.173065149221,22.3914643322874,0.441115795280191,0.409119897944496,0.0317238577046916,0.486489333080926,0.353973125031261,1.52865557219339,0.298369569768289,1.26609881419367,0.563878376341823,1.00357117859949,0.516881709277145,0.00542408548564217,0.166843839287777,0.116023813873451,0.0977773757172736,0.0840817610425201,0.0732422597165629,0.066236559014718,0.0321388635647192,0.00903349287437038,0.00421660219449625,0.0028433557290377,0.00291560606809127,0.0038346503849365,2.02634472267452,0.00776749075957411
-11.67,4.562,1.35504,0.2,0.0402621737346998,0.0994627870707264,0.190256367066967,0.313883803008736,0.395727963930793,0.505459033222737,0.0402621737346998,0.0994627870707264,0.190256367066967,0.313883803008736,0.395727963930793,0.505459033222737,0.0402621737346998,0.0994627870707264,0.190256367066967,0.313883803008736,0.395727963930793,0.505459033222737,0.5,1,150.000015727529,70.9704905738985,1.26581950630143,225.007563795438,8.33413437141965,2476.48286636809,-15.3070732215394,1.37678887615873,-0.0961777826465993,-0.0279483835017186,1.37678887615873,-0.0961777826465993,0.389359763847516,-0.0556151643318404,-36.3735287990834,0.165288681086345,3.09333236121237,704.084428705347,-1.04913400604104e-17,0.607744130819706,0.469299520883242,0.436925695240079,0.50618404332882,0.497125872304968,0.530060066659722,0.012268048953234,0.0124833064264139,0.0105210680137485,0.0107229417768982,0.0135337402353922,0.0159237891886262,228.977200291636,3.28980835329651,17.3232166618681,3.16866065274097,122.942026599904,119.582828935079,2546.68935820191,136.153793033649,11.1726045652484,0.158170435847687,0.341708375774988,0.00671868070903763,0.158170435847687,0.341708375774988,0.262738155319394,0.0537059653201502,0.39148076851007,0.546458015665231,0.308935851694195,0.0741072501575911,1.01512317658209e-15,0.0456037053179477,0.0131506172930053,0.0155345034351771,0.0284563179046667,0.0341687245721499,0.0381959192431455,0.00439361429639881,0.00125765833746746,0.0011852493910648,0.00293770836627047,0.000900846140913448,0.00072571692637047,0.277011421214449,0.00377540519439108
8.85,5.442,1.10352,0.2,0.0362860411534893,0.114661242159509,0.200453119980756,0.295170893403973,0.364694174137438,0.445180326218671,0.0362860411534893,0.114661242159509,0.200453119980756,0.295170893403973,0.364694174137438,0.445180326218671,0.0362860411534893,0.114661242159509,0.200453119980756,0.295170893403973,0.364694174137438,0.445180326218671,0.5,1,150.000015727529,76.4479470888449,-12.5708602081033,236.578191855015,322.036616914905,2652.79002187272,-10.6865427615844,1.45569607332569,-0.145066595760858,-0.0306873346526404,1.45569607332569,-0.145066595760858,0.505455438417873,-0.0612466114653681,-38.816102489324,0.242719187750234,3.23801072804916,727.250276012916,-1.12409622851786e-17,0.853967982501822,0.654907780439537,0.590953421518592,0.649182689303198,0.621276991980002,0.636442776794084,0.0117041503666285,0.0132833185084887,0.0107895804603687,0.0128851814394334,0.0128904259972919,0.0147772513279867,397.302895531717,5.52634892198733,17.3232166618681,1.78270237388825,122.180123272191,119.971278492244,2518.29141172299,80.5138074882809,12.1862147859777,0.0945841904193718,0.330174618045484,0.00436470643693252,0.0945841904193718,0.330174618045484,0.280586526162932,0.0624310846827707,0.406627511155084,0.52652650930563,0.206715225787548,0.109049763375546,1.22036089763947e-15,0.122078676064958,0.086014753948088,0.0721999294134171,0.0698074961523371,0.0644784143204856,0.0576243975398466,0.0119189919923144,0.00464373793827506,0.00282837872088584,0.00231387509219591,0.00151040280077559,0.000966539271196552,0.439651792167478,0.00561802448358711
2.55,11.998,1.25264,0.2,0.0359554154263094,0.100801443075841,0.183299713322905,0.254815116286233,0.329212776407614,0.433302433383194,0.0359554154263094,0.100801443075841,0.183299713322905,0.254815116286233,0.329212776407614,0.433302433383194,0.0359554154263094,0.100801443075841,0.183299713322905,0.254815116286233,0.329212776407614,0.433302433383194,0.5,1,150.000015727529,269.518914696386,-41.750108339548,580.925674408916,1310.02439747943,9386.67315904593,2.25893312113321,4.92321653994376,-0.535539953129882,-0.334600281220706,4.92321653994376,-0.535539953129882,13.9536035829601,-0.614500507228414,-97.2095500468703,0.881080398916779,10.7310271846683,1158.08217893969,-2.28105269034476e-17,1.56999604207895,1.18562435163004,1.03612515362983,0.999346422247684,0.901806374336006,0.840097979377148,0.0315344488537652,0.0160198521966462,0.0169475586448286,0.0206497569003229,0.0196206089990626,0.0232113331944589,4801.9653161129,41.9437131548797,17.3232166618681,10.4682597899711,124.628764515569,120.542643967661,2583.72861596545,489.484403519523,42.1281504248946,0.329173573895903,0.349266077138828,0.0456432355672328,0.329173573895903,0.349266077138828,1.48084454835031,0.265181575882872,0.928868748364246,0.558272426695251,0.710963336336749,0.637227132499787,1.38199196634295e-15,0.156739746424872,0.0923230968114318,0.0808548704826781,0.0626234743490179,0.0496523202817714,0.0420482497416162,0.0319465749068258,0.00975455508822595,0.00648503106041634,0.00458169932719889,0.00465993148769582,0.00483208367252066,6.61483064051283,0.0505932781566829
0.81,18.29,1.12144,0.2,0.0408558790146975,0.110687696165825,0.206290102800054,0.291044663478399,0.380211149060315,0.430648350093376,0.0408558790146975,0.110687696165825,0.206290102800054,0.291044663478399,0.380211149060315,0.430648350093376,0.0408558790146975,0.110687696165825,0.206290102800054,0.291044663478399,0.380211149060315,0.430648350093376,0.5,1,150.000015727529,166.502103947505,-12.0468306072284,618.293896469118,231.550539600042,4772.20081241537,-28.5731120716592,1.67561005103635,-0.543436451599313,-0.0439434482866368,1.75649913550672,-0.133011068194355,1.39423244576607,-0.513951336734923,-101.101108217894,0.19149488673784,3.28832059160504,1173.66805541089,13.6384668263722,1.56097885636913,0.970197104468285,0.62953751692532,0.50721717529424,0.326755712946568,0.243470420789501,0.0388695530126029,0.0144822816092074,0.0112422879908343,0.0096854251640454,0.00909556973231955,0.00840257421101968,4999.9920841579,43.0935235912926,17.3232166618681,39.0354970100669,121.329090931284,118.171593325101,2517.10043597994,1128.78851211679,18.0051524983863,0.504189554262176,0.448872063900973,0.0252054021524664,0.574843936417277,0.353897107540444,1.66142159811575,0.389382569238671,1.43217079581726,0.563278915615617,1.18529525757382,0.681381301912494,0.0062302327755431,0.183753942902097,0.138231533071745,0.11537913913955,0.100656763422469,0.0862497145461127,0.083314989618903,0.0422979621809322,0.0100862446055635,0.00441054692053021,0.00365555904862262,0.00242249674745147,0.00151580178327671,2.53466381720535,0.0094785773071671
13.95,11.03,1.11632,0.2,0.03242158977773,0.112093512907716,0.203438714323953,0.260513682403819,0.359359440947756,0.43653303258848,0.03242158977773,0.112093512907716,0.203438714323953,0.260513682403819,0.359359440947756,0.43653303258848,0.03242158977773,0.112093512907716,0.203438714323953,0.260513682403819,0.359359440947756,0.43653303258848,0.5,1,150.000015727529,203.837871055099,-29.3188918321009,505.109696906572,926.22010348922,7117.98062701802,-0.984996428184565,3.76080252057078,-0.398314819172795,-0.195647182585147,3.76080252057078,-0.398314819172795,8.40811967503385,-0.402787885125508,-84.0197177377359,0.657330147148213,8.22684512029997,1073.10873867305,-2.64616597437769e-18,1.48484418289761,1.12956753463181,0.983503645453599,0.965414602645558,0.864699635454641,0.823064357879388,0.055315397039371,0.0175855450193313,0.0168257076346214,0.0192738884491199,0.0195870587438808,0.0222140329132382,3124.20820747839,29.4509290698878,17.3232166618681,4.69903081856124,123.461264077293,119.407677110122,2533.02536266678,261.844492733089,32.4320455491078,0.18183796346238,0.328352910855945,0.0192492746786755,0.18183796346238,0.328352910855945,1.05819961055585,0.185807944948118,0.817054117385367,0.522800513842063,0.430486927634215,0.450055184733265,1.42096693473691e-15,0.341009498110881,0.18501318349719,0.140855670617277,0.107952604672099,0.0856040911750645,0.074816386771261,0.0732758435704669,0.0174629053565106,0.00972442837675397,0.00687038058622186,0.00637964520707973,0.00678197079000025,1.45454722518094,0.00635341686773494
7.83,12.35,1.2136,0.2,0.0377141302692033,0.122057346171952,0.202048798483182,0.31362856790396,0.385436105850338,0.458090223131233,0.0377141302692033,0.122057346171952,0.202048798483182,0.31362856790396,0.385436105850338,0.458090223131233,0.0377141302692033,0.122057346171952,0.202048798483182,0.31362856790396,0.385436105850338,0.458090223131233,0.5,1,150.000015727529,263.258608478283,-41.7003340891574,582.045068222061,1305.73170568691,9130.41308197063,3.05417863347568,4.76971221747735,-0.523866887824185,-0.313411238412665,4.76971221747735,-0.523866887824185,13.3778898031455,-0.602396420664513,-97.2358681387355,0.861138079366732,10.3862097698156,1157.66399333403,-1.97117465022393e-17,1.5850797833559,1.21611518591813,1.06068632434121,0.996091053015312,0.892889292782002,0.842328580356212,0.0705871584900531,0.0204754761122383,0.0194472969794813,0.0245563976669097,0.0231241642537236,0.0254466003541298,4778.69711488387,41.7569024059994,17.3232166618681,7.42705338476385,123.781548487425,120.024808741507,2551.0549384511,367.524784838398,40.7887298753222,0.253703552780457,0.337564815907011,0.0340945722974091,0.253703552780457,0.337564815907011,1.42624949428167,0.250999621395815,0.920037430684641,0.538520678283939,0.562845577505092,0.478282789385336,1.43422136298566e-15,0.25229774384766,0.140800582698062,0.105743111120371,0.082356046619145,0.0636910926687833,0.0552225782039812,0.0737330753181123,0.0158764041240168,0.00870601035980108,0.00616874646453553,0.00587321302211337,0.00603946886664746,6.10883248940182,0.0469060203518937
-2.49,9.578,1.26672,0.2,0.0382023253925194,0.100089568923106,0.166438884932214,0.261836437855642,0.347554192118372,0.463473322077514,0.0382023253925194,0.100089568923106,0.166438884932214,0.261836437855642,0.347554192118372,0.463473322077514,0.0382023253925194,0.100089568923106,0.166438884932214,0.261836437855642,0.347554192118372,0.463473322077514,0.5,1,150.000015727529,193.000010415582,-24.9563764941152,440.507874179773,802.131759754192,6818.7375273409,-5.43925593688158,3.653527340902,-0.372757622770544,-0.186198864701594,3.653527340902,-0.372757622770544,7.16196302468493,-0.33666822742631,-74.1804030830123,0.617915140885325,8.03162139360483,1007.93167378398,1.3487603062181e-17,1.38153223622539,1.03765200499948,0.901943714196436,0.908875617123216,0.830924216227476,0.782679116758671,0.0148594421688678,0.0141457658835955,0.00978521997718988,0.0167031091552963,0.015884613894386,0.0203409124049578,2588.68742839288,25.9815373398611,17.3232166618681,8.4229906728484,123.568017354323,120.719781598712,2566.93962570065,424.766191393485,30.6810807419162,0.306145835529037,0.348404363789265,0.0318905434612305,0.306145835529037,0.348404363789265,0.969765946411909,0.187596103308001,0.758519016191305,0.557422790406184,0.659745767698765,0.257224367505668,1.29677281217705e-15,0.0944197246523514,0.0540199659692904,0.0523818085303633,0.0433863951433902,0.0421681676195236,0.038530656629535,0.0168650984305017,0.00552048353186826,0.00322046411073526,0.00300174772368124,0.00286099102959582,0.00359931005262543,1.16211788554255,0.00671060156006264
13.05,5.574,1.36336,0.2,0.0343986835317912,0.121285896543553,0.18788995280237,0.278884726774726,0.350140428010946,0.447896922365364,0.0343986835317912,0.121285896543553,0.18788995280237,0.278884726774726,0.350140428010946,0.447896922365364,0.0343986835317912,0.121285896543553,0.18788995280237,0.278884726774726,0.350140428010946,0.447896922365364,0.5,1,150.000015727529,90.3843828767836,-2.55051170503073,249.980957191959,129.621945161962,3198.26601395688,-11.8170441525883,1.77680689511509,-0.142789141164462,-0.0451989803145506,1.77680689511509,-0.142789141164462,1.05004662485335,-0.083314565693157,-40.2902999687534,0.242558229286533,3.9780675971253,741.179470888456,1.52596398291845e-17,0.836146797208624,0.640361535256744,0.57830517654411,0.642780002083116,0.616043776689928,0.629694292261224,0.0130231905887928,0.0139830718675138,0.0106332903864181,0.0127317485678575,0.0127267857514842,0.0149751713363192,503.444672429955,6.87112529944791,17.3232166618681,1.5357368199196,122.520529080461,119.691242285404,2520.17508519496,132.215587284065,15.1302840041923,0.112153228508824,0.327934273626996,0.0059555389267513,0.112153228508824,0.327934273626996,0.356051937410193,0.0628527702665792,0.41449999196949,0.522469041809358,0.274214919727185,0.128607814738452,1.15181535365601e-15,0.152452383257314,0.103347102173216,0.0848116251568278,0.082489234310454,0.0750112464280755,0.0669180831527247,0.014846496458143,0.00557562694373179,0.0032376913368235,0.00265742528914743,0.00170423582607092,0.0011024411994501,0.535952228397447,0.00660769961834362
4.29,16.97,1.412,0.2,0.0360183827577378,0.116545295012018,0.211478401014196,0.271129420453397,0.351336560606693,0.41563574713155,0.0360183827577378,0.116545295012018,0.211478401014196,0.271129420453397,0.351336560606693,0.41563574713155,0.0360183827577378,0.116545295012018,0.211478401014196,0.271129420453397,0.351336560606693,0.41563574713155,0.5,1,150.000015727529,175.04701593584,-11.7998068617852,618.741974794293,214.124021164462,5021.10582231018,-42.3554804707843,1.76879353192376,-0.548440076169149,-0.049657333715238,1.84688485574419,-0.135780119810436,1.69039335965004,-0.467585931017602,-101.080973856889,0.194547536089991,3.45293526715967,1173.67909592751,13.0226403499637,1.43937569003229,0.840279762524737,0.534215581710238,0.443347411727945,0.286221154046453,0.216229741693574,0.0239873520622852,0.0142603953754817,0.0100926744089157,0.00844403926674305,0.00821165378606395,0.00892147140922821,4999.97698156442,43.0932475783773,17.3232166618681,43.7626160107557,122.046785717006,118.814307764679,2536.0895091621,1327.73694544532,20.3701475457208,0.604477830999299,0.46976668952656,0.0310143376198761,0.675451572201425,0.360336133201648,1.83319096603615,0.425838102833656,1.50737945187024,0.574126273434015,1.4012906335678,0.65877842701556,0.00522780156574877,0.238846540229908,0.167960557894138,0.132794433974791,0.1113529113516,0.0908343569783374,0.0826121775399463,0.0363452429403468,0.0103340138742627,0.0047510882515461,0.00325562939015824,0.00141280788787439,0.00133501359670049,2.29169499056135,0.00830499665235071
1.89,20.358,1.348,0.2,0.0311474442622183,0.104459825270892,0.157112514742948,0.24061155105271,0.328914164473059,0.430808729875314,0.0311474442622183,0.104459825270892,0.157112514742948,0.24061155105271,0.328914164473059,0.430808729875314,0.0311474442622183,0.104459825270892,0.157112514742948,0.24061155105271,0.328914164473059,0.430808729875314,0.5,1,150.000015727529,163.182319550047,-9.62430654931779,619.758056452453,88.6914405259869,4205.88178314759,-45.1233642328924,1.09358434329757,-0.404562420477034,-0.0231673223830851,1.16446599770857,-0.0600373815956672,-1.13821426138215,-0.791834796687844,-101.089702114363,0.0606620917925216,1.79474145701802,1173.73231955005,17.350465576502,1.53251046765962,0.904561764399542,0.512747328403291,0.372124632850745,0.17753263070826,0.0885909436714926,0.0378209271795646,0.0140456911315488,0.00842629715654618,0.00731273190292677,0.00908329798979273,0.00924810405166128,4999.9719820852,43.0935038016877,17.3232166618681,50.7556830410435,118.756808055069,117.792925862566,2462.57775507806,1474.2730034249,17.8070636959726,0.604834081764603,0.500534571776227,0.0194799804157459,0.702451630387474,0.350591409663983,2.97391265641811,0.527500088605013,1.64481887769492,0.556947711433778,1.4235221917877,0.773120115426545,0.00661610151632964,0.217215954178766,0.171845624160451,0.139733065668219,0.125675748416448,0.105041818774095,0.0816534762748631,0.0467891120620136,0.0109886075423742,0.0042057208658417,0.00243062928910049,0.00139461526401741,0.00171940285919064,3.03770512306228,0.0109788248424264
-12.63,16.354,1.24048,0.2,0.0312105248410034,0.103194386287424,0.180262164343625,0.247149737417204,0.310836017318216,0.391007478298875,0.0312105248410034,0.103194386287424,0.180262164343625,0.247149737417204,0.310836017318216,0.391007478298875,0.0312105248410034,0.103194386287424,0.180262164343625,0.247149737417204,0.310836017318216,0.391007478298875,0.5,1,150.000015727529,184.034840120821,-14.1857990004166,616.718050203104,312.487763691282,5625.24039162587,-28.390615436215,2.28653494427664,-0.623798700135403,-0.0761832225809813,2.36255067180502,-0.189142780739506,3.88070002332049,-0.327614755119258,-101.019684407875,0.290377238506405,4.72220195812936,1173.5888969899,10.6826278512655,1.46739495885845,0.914034527653369,0.623316237891887,0.558501874804708,0.407898385584835,0.339297552338299,0.0410887576721175,0.0143006803457973,0.0101694697427351,0.0113418238725133,0.009749302364337,0.00665014967190918,4999.99531298823,43.0933954796376,17.3232166618681,28.2009495924258,121.297061817346,118.46305019125,2511.84908892876,839.155274863268,23.6562031491249,0.422046362052179,0.414914689557958,0.0296348758445556,0.476016182060171,0.35169830704159,1.57669588475353,0.308707276793666,1.29946080740228,0.561738121802895,0.995464036025996,0.556811647081224,0.00602252121010856,0.300920242463986,0.12370198823857,0.0477049291200089,0.0225144462564537,0.0302477230633711,0.0431373277216689,0.0624974618029592,0.0103283213117903,0.00289254623766451,0.00141441031467064,0.00241136280860266,0.00100000758111301,2.21361292829142,0.00833983515409823
10.35,3.418,1.1656,0.2,0.0356277407318461,0.107058259841358,0.154077104278413,0.225189792449138,0.309561060776955,0.39300318367954,0.0356277407318461,0.107058259841358,0.154077104278413,0.225189792449138,0.309561060776955,0.39300318367954,0.0356277407318461,0.107058259841358,0.154077104278413,0.225189792449138,0.309561060776955,0.39300318367954,0.5,1,150.000015727529,49.8892469534423,-0.849014675554632,206.984859910426,25.6888371003021,1683.09103218415,-14.9993460056244,0.940522289344861,-0.0668374025809811,-0.0135407415894178,0.940522289344861,-0.0668374025809811,-0.216748962050828,-0.0327001413071555,-33.8199073013229,0.115446978869909,2.12610769711489,678.84093323613,-2.5421036489949e-17,0.316303697531507,0.248650192688261,0.260401354025622,0.346854963024684,0.364988324132903,0.444017060722841,0.0120701899802104,0.00804127320070826,0.00600500145818144,0.006005367878346,0.00785600520779086,0.0116561143630872,57.2397489844807,0.852966440995731,17.3232166618681,3.48190485246392,122.151947583529,119.98649328676,2518.06687107855,60.4256744186185,8.06408732482176,0.0329698366093922,0.32817120552288,0.00146274022670507,0.0329698366093922,0.32817120552288,0.146065106073278,0.0467571542930007,0.353015966573836,0.522940908034973,0.0980789109601205,0.049173627548596,9.75430946101776e-16,0.0571961965689314,0.0438067262031751,0.0364493784846384,0.0416893217817973,0.0412975619754757,0.0436503743844359,0.00207064757140017,0.00070885620018527,0.000446641981436146,0.000505338213750381,0.00169051082170633,0.00271116795508314,0.115978578774901,0.00170600066214891
-12.69,11.734,1.36912,0.2,0.0378044951032999,0.108188170368241,0.200596057248491,0.266642676669265,0.356016392049134,0.479671674102318,0.0378044951032999,0.108188170368241,0.200596057248491,0.266642676669265,0.356016392049134,0.479671674102318,0.0378044951032999,0.108188170368241,0.200596057248491,0.266642676669265,0.356016392049134,0.479671674102318,0.5,1,150.000015727529,274.992740339548,-41.0888235030726,575.028007499219,1279.2894998021,9615.45661910218,-4.8788540985314,5.06102572648683,-0.539608333506926,-0.356474096448287,5.06102572648683,-0.539608333506926,14.3627688782418,-0.607668854286012,-96.5053983960004,0.888828470992605,11.0432806999271,1154.55494219352,1.43404019539631e-17,1.47500020831163,1.10947484637017,0.974629757316946,0.945972607020102,0.853864545359859,0.790015560879075,0.0236676075229663,0.0151998931535257,0.0148766778460577,0.018829362774711,0.0175668080408291,0.0220022112279971,4616.45359858348,40.4498364753671,17.3232166618681,18.4363837063249,125.874697396259,121.823884075017,2654.78030424623,816.323997805984,43.3845923748104,0.550507418834883,0.381163044040372,0.0791316036526775,0.550507418834883,0.381163044040372,1.71010896126232,0.255742623208332,1.00620415532912,0.612753633213079,1.19475098296821,0.49699807101795,1.24931255981835e-15,0.199778854820249,0.0596071498222933,0.0243582755622845,0.0288608491220631,0.0352600949068143,0.0445312188657256,0.0410592902803633,0.00768306753315182,0.00348580128235391,0.0031036290750617,0.0038188618942311,0.00536310577343434,5.76461528574083,0.0449963462247292
-2.37,24.318,1.31664,0.2,0.0443738920008988,0.117671275639048,0.206792676767657,0.263193503230791,0.340328779439146,0.441463848086294,0.0443738920008988,0.117671275639048,0.206792676767657,0.263193503230791,0.340328779439146,0.441463848086294,0.0443738920008988,0.117671275639048,0.206792676767657,0.263193503230791,0.340328779439146,0.441463848086294,0.5,1,150.000015727529,154.509583376732,-8.44449592646599,620.686751380065,41.4765092177899,3440.52802833038,-51.0580616602437,0.449199095458806,-0.18575288590876,-0.0101251778981356,0.486072034694303,-0.00417753197583585,-3.85081368469951,-1.29399971386314,-101.000144776585,-0.0419491722737215,0.132332849536506,1173.71898760546,21.9739391730034,1.5880718675138,0.937857702322675,0.487803187168003,0.283004303718363,0.0734072495888866,-0.0523643154945318,0.0636992925492448,0.0148437463805854,0.00953730403083012,0.00627713311113426,0.00916451098843871,0.0128811213415268,4999.95094261014,43.0935256744092,17.3232166618681,52.0600916353055,113.629701259763,117.031147018101,2350.34040807418,1429.84506761541,14.5525676393789,0.573346107537595,0.515211479190075,0.00569068344603109,0.694497523692854,0.33442307058574,3.62260461587892,0.683333982276955,1.77112836852317,0.531628479605908,1.44342240382324,1.41155309557141,0.00778634272456185,0.192208484467229,0.149389597499051,0.117082254100515,0.110088478568741,0.0836453855220501,0.103009497771223,0.061476927178132,0.0107299297990162,0.00403125966982734,0.000943887964633293,0.00180036370240764,0.00536298490122764,5.3326421489236,0.0184169190817671
10.65,10.37,1.14768,0.2,0.0329066523585074,0.10733003616133,0.184519906666664,0.24435683778011,0.359395037409006,0.47207785685755,0.0329066523585074,0.10733003616133,0.184519906666664,0.24435683778011,0.359395037409006,0.47207785685755,0.0329066523585074,0.10733003616133,0.184519906666664,0.24435683778011,0.359395037409006,0.47207785685755,0.5,1,150.000015727529,191.86613894386,-22.5192187230497,470.195323403812,759.649190813456,6709.11248828247,-0.882372514633894,3.54291375898344,-0.359844563076763,-0.173747297156546,3.54291375898344,-0.359844563076763,7.13127174252682,-0.351727715477554,-77.5997041974793,0.594535531635246,7.75089501093637,1030.94125611915,-1.66271108946985e-17,1.46552786168107,1.10659165711905,0.968923778773044,0.96017411727945,0.857190969690658,0.802499125091135,0.0326099842412249,0.0161145234738048,0.0150626108530361,0.018211683366316,0.0191763137173211,0.0233084439120925,2770.17508592855,27.1820497864808,17.3232166618681,4.82059602308427,123.290210640398,119.744961602436,2536.35637927498,270.110736263978,30.4866661808749,0.190860075434978,0.332037791467598,0.0192007181190607,0.190860075434978,0.332037791467598,0.968289971850275,0.176550962811966,0.771788329136786,0.529221741283265,0.430434693092709,0.299455834807584,1.40468856038751e-15,0.272897076675476,0.152377090395059,0.128212112256615,0.0958203728544893,0.0762191608449172,0.0637566115302388,0.0486994215787727,0.0137253107127166,0.00835572541637848,0.00595567430582166,0.00588131263077778,0.00659945495502001,1.2474424065742,0.00680731991179279
-4.77,12.702,1.25584,0.2,0.0359184649679924,0.118177467390581,0.19367016581622,0.265867673322683,0.328471262918157,0.452015630755667,0.0359184649679924,0.118177467390581,0.19367016581622,0.265867673322683,0.328471262918157,0.452015630755667,0.0359184649679924,0.118177467390581,0.19367016581622,0.265867673322683,0.328471262918157,0.452015630755667,0.5,1,150.000015727529,241.327049265701,-30.7780062524737,604.49372981981,904.208707790855,8193.09759400062,-9.31297215081763,4.09256587855432,-0.639937412769504,-0.234079325070305,4.12194646391001,-0.410111849800021,11.1003971461306,-0.352667984838038,-100.361988334548,0.669208670226747,8.85721456098324,1173.66159775023,3.20517831475889,1.46162889282367,1.03283397562754,0.858765014061036,0.838546901364441,0.731565368190814,0.665744682845537,0.0172870228929278,0.0150551509279242,0.0109877428497032,0.0143012081033226,0.0124770904072492,0.0151112102905947,5000.00031246745,43.0934308926151,17.3232166618681,19.0989642097683,125.679431623267,119.747487413852,2622.91258363607,724.776288728864,35.8884527948979,0.43757001851392,0.384075374907785,0.0517922607092773,0.452757231499681,0.366037266133966,1.54255621577336,0.233887170660949,1.0918798555842,0.585886758388005,0.960270486308652,0.499117042313996,0.0175805074500521,0.108780197313747,0.0519187832070741,0.0430833338066849,0.0366948263700013,0.0395657975652102,0.0393803659981977,0.0228023284168939,0.00598987961989647,0.0030207213274666,0.00232049273189377,0.00153742750511767,0.0011174229063836,1.41203897574418,0.00943390603339388
-9.09,5.97,1.30512,0.2,0.0349671151052939,0.124581607174611,0.162854889960646,0.206233323146413,0.266544604498777,0.373246046229777,0.0349671151052939,0.124581607174611,0.162854889960646,0.206233323146413,0.266544604498777,0.373246046229777,0.0349671151052939,0.124581607174611,0.162854889960646,0.206233323146413,0.266544604498777,0.373246046229777,0.5,1,150.000015727529,98.5707082595566,-9.50633900843662,253.09590563483,296.337816227476,3515.59597958546,-11.2466695792105,1.96168294969274,-0.179163581182897,-0.0553647755442141,1.96168294969274,-0.179163581182897,1.39708223414228,-0.0957363923028852,-42.2856514946359,0.302125487615873,4.38711623789189,759.126736798255,-1.62496535673367e-17,0.932722393500676,0.712768888657433,0.633638673054893,0.705705103635038,0.68352034163108,0.686013769399021,0.0120416961774815,0.0139332507030517,0.00905790428080407,0.0106605074471409,0.0109975994167274,0.0133610592646599,645.640881158212,8.60353004895326,17.3232166618681,3.67858444502087,123.748073445235,119.273758983863,2568.6441419493,215.405495955886,16.1751995085558,0.204881205646016,0.34651455079838,0.0120092287218574,0.204881205646016,0.34651455079838,0.391600183869814,0.0710680323713359,0.452958394647191,0.554376768254067,0.426808921957291,0.13937608889304,1.22404482634829e-15,0.0647771512615537,0.0211746985344587,0.0188075113282974,0.0318328508088243,0.0385381752796273,0.043637411915892,0.00896599519168785,0.00244772722322748,0.0013605191280596,0.00136220426911822,0.00119319672315227,0.000944141614514566,0.599687778608719,0.00704826796747635
11.31,4.342,1.1144,0.2,0.028442526607183,0.107510619706456,0.193978542321011,0.282836763257022,0.32110627295007,0.434171256383197,0.028442526607183,0.107510619706456,0.193978542321011,0.282836763257022,0.32110627295007,0.434171256383197,0.028442526607183,0.107510619706456,0.193978542321011,0.282836763257022,0.32110627295007,0.434171256383197,0.5,1,150.000015727529,60.1848005416102,-4.23962315540048,219.813958962608,112.804533006978,2055.00552025831,-12.5798335944589,1.1327095094261,-0.0926803371107175,-0.0190323414227685,1.1327095094261,-0.0926803371107175,0.0285731426674305,-0.0422050005973336,-35.4353015310905,0.15732840782731,2.53675523382981,694.935465055714,-1.84229663003854e-17,0.560196698260598,0.435516727424227,0.411814758879283,0.485406968024164,0.487450015623372,0.532298708467868,0.0121041061347776,0.0123952792417456,0.00839494500572856,0.00896073481928965,0.0113513635038017,0.0143787220081242,165.337110717633,2.40671846682638,17.3232166618681,2.56218417246881,121.588561575937,120.515337153453,2504.50686646618,55.3261416392851,9.61992486014901,0.0587393082662969,0.3266532115092,0.00234710628942002,0.0587393082662969,0.3266532115092,0.201062706259528,0.0501188280362387,0.371804433370149,0.520602778252813,0.143698144559866,0.0642862645112773,1.05421333377011e-15,0.0944664635517409,0.0685191007535913,0.057250703779032,0.0608085720244269,0.058796215388494,0.0525692661954851,0.00615396068739177,0.00283640771767214,0.00263863617366535,0.00317705572131471,0.0016263037519099,0.000763253645247305,0.226340325272578,0.00316119070116526
-12.99,24.846,1.28016,0.2,0.033710268021047,0.105362024496129,0.148853532841215,0.223851119934985,0.322683001259506,0.445763446351618,0.033710268021047,0.105362024496129,0.148853532841215,0.223851119934985,0.322683001259506,0.445763446351618,0.033710268021047,0.105362024496129,0.148853532841215,0.223851119934985,0.322683001259506,0.445763446351618,0.5,1,150.000015727529,153.968419956255,-7.69185794034996,620.70177064889,29.5813093225706,3520.4866159775,-50.4933767315905,0.550861386033746,-0.230294685951463,-0.00607337563795438,0.596963286178523,-0.0109578419747943,-3.39262535107801,-1.22983736796167,-101.036251432142,-0.0278229795125508,0.424790064509946,1173.64399541714,21.6363232996558,1.4969555254661,0.968668544943236,0.510179866680554,0.310474596396209,0.0741199935475472,-0.0260054201749818,0.133531053251015,0.0169734311340485,0.00831744141235289,0.00614867784605771,0.0103450887407562,0.0107435589001145,4999.95927507551,43.0936183730868,17.3232166618681,31.9961157553583,111.70701114462,117.343742727429,2293.63109773165,612.816337743393,20.8885592877376,0.238779208478899,0.371242343728769,0.00328096245008216,0.311342383808041,0.312891298895337,3.59551893629566,0.583738844385746,1.32394487033711,0.497710177724778,0.655526739918836,1.22522006253799,0.00633288768607736,0.373347204356717,0.27658426269941,0.144198580147248,0.0734663447848607,0.050649828823053,0.0609092904413312,0.158040835051476,0.0223501992212541,0.00532972858124297,0.00102497104484396,0.000935066217374073,0.00448951178232554,4.92008084023318,0.015459954044602
-4.35,16.134,1.13872,0.2,0.0289302997883592,0.109608362736284,0.151420851902138,0.24182050573612,0.339731203291531,0.475971399317979,0.0289302997883592,0.109608362736284,0.151420851902138,0.24182050573612,0.339731203291531,0.475971399317979,0.0289302997883592,0.109608362736284,0.151420851902138,0.24182050573612,0.339731203291531,0.475971399317979,0.5,1,150.000015727529,184.426413915217,-15.7550254452661,616.45816060827,360.451729226122,5672.62035204666,-21.5794928398083,2.33243724612019,-0.617865057806478,-0.0790086043120508,2.40468628267889,-0.198774348901156,4.06495036674305,-0.319395656409749,-101.011834183939,0.306592775462972,4.82426893031976,1173.59785439017,10.1116248307469,1.5436765961879,0.975586532652846,0.685581054056869,0.622473179877096,0.457049723987085,0.371985116133736,0.0264641754403708,0.014456950546818,0.00849552223726694,0.0113996683678783,0.0106517542964275,0.0108244483907926,4999.98448078325,43.0933111134257,17.3232166618681,29.8316724888567,122.48611990097,118.663971681908,2535.96284869897,893.832069610908,22.2327625992997,0.432629959814677,0.410584976879253,0.0303311520746715,0.48114613111596,0.352480916590959,1.53545280905296,0.292352181785943,1.27787467597655,0.561882724421113,0.993218942463819,0.573940672786731,0.00679960660894821,0.15605983922814,0.0804298917203879,0.061934341294946,0.0602288100737325,0.0571828299202149,0.0564587612988966,0.0327636984861307,0.00749095826774727,0.00307973891036072,0.00208058550658631,0.00270415675753292,0.00385924393092791,2.25957886094361,0.008644842538796
1.47,12.174,1.11184,0.2,0.0557305186829043,0.179207715253356,0.298083930382961,0.414441995530425,0.537164523031838,0.680725838306394,0.0557305186829043,0.179207715253356,0.298083930382961,0.414441995530425,0.537164523031838,0.680725838306394,0.0557305186829043,0.179207715253356,0.298083930382961,0.414441995530425,0.537164523031838,0.680725838306394,0.75,1,150.000015727529,227.15816060827,-30.7653815644204,567.201447765858,971.643106655557,7739.77908551193,1.7387538059473,3.91509894802625,-0.411148414861993,-0.210123008019998,3.91509894802625,-0.411148414861993,9.79878304343297,-0.468612667736694,-94.4287657535672,0.671239465780648,8.42858743880846,1137.85949380273,-2.14413180085407e-18,1.60871909176127,1.20989178210603,1.03751370690553,0.961805655660865,0.830112769503178,0.742484230809291,0.0545790391865431,0.0237608188469951,0.0263012930944693,0.0314574460993647,0.0324163139256328,0.0387546213936048,3777.30507238829,33.5819372981982,17.3232166618681,7.8233030848838,123.892584894962,120.03566503417,2566.05654937537,384.601270316682,33.4996373642935,0.268152293870979,0.344706201060817,0.0298089912112806,0.268152293870979,0.344706201060817,1.22087710193496,0.158311404873087,0.95238403024221,0.550700556961725,0.570652443739941,0.347529546088248,1.43242966582634e-15,0.153728110701465,0.0866735172943125,0.0655006385434615,0.0556951199265713,0.0426192907887903,0.0358517303925495,0.0437824993517429,0.0110446667551672,0.00668328526605142,0.00489651469987366,0.00491341399735022,0.00550543984816349,4.9818152959736,0.040647066127104
-8.79,20.578,1.23344,0.2,0.0625858210516261,0.158613608752768,0.249609740872377,0.337912451517241,0.4705605333359,0.662418411182727,0.0625858210516261,0.158613608752768,0.249609740872377,0.337912451517241,0.4705605333359,0.662418411182727,0.0625858210516261,0.158613608752768,0.249609740872377,0.337912451517241,0.4705605333359,0.662418411182727,0.75,1,150.000015727529,164.142131028018,-9.52705279241746,619.537308613686,106.236003499635,4347.0511405062,-38.3092365378607,1.22579772940319,-0.441790245539944,-0.0236759365691074,1.30087308613686,-0.0740331233413185,-0.5695344073534,-0.719022599625039,-101.110211436309,0.0861211477137797,2.13602523695448,1173.65545255703,16.562162274763,1.55500562441412,0.950014165191125,0.584428434538069,0.41584275596292,0.2173005353609,0.112746932485158,0.0853809284651598,0.016854066659723,0.0132362800749922,0.00693462347672117,0.0089820511405062,0.0107231493594417,4999.97635662952,43.0935850432249,17.3232166618681,35.8982315430242,117.794310349463,117.649719248166,2426.72142236798,919.672251622941,16.8543306455882,0.379776497985232,0.422617813941244,0.0140437797541235,0.457764478690264,0.33657606095408,2.66902931666705,0.439000413199835,1.38809492015977,0.5352716821657,0.931440728228939,1.04941635855758,0.00648484753032656,0.265493963305564,0.13970539460084,0.0710159905389354,0.0499307450987085,0.0523415483766325,0.0575173010471148,0.094472603396324,0.0121652492316457,0.00368894545904097,0.00178377362346738,0.000907495934787152,0.000775457693869305,3.96444659014798,0.0116126852882916
14.91,10.414,1.29168,0.2,0.0409406061063571,0.153947821246738,0.29250218315724,0.420818393972677,0.487283121685058,0.641579099584366,0.0409406061063571,0.153947821246738,0.29250218315724,0.420818393972677,0.487283121685058,0.641579099584366,0.0409406061063571,0.153947821246738,0.29250218315724,0.420818393972677,0.487283121685058,0.641579099584366,0.75,1,150.000015727529,196.935912925737,-25.8548699479221,466.951921674825,811.908989928132,6839.53077804395,-5.32749155317154,3.57151755025518,-0.365392537539839,-0.175866670138527,3.57151755025518,-0.365392537539839,7.09420049994792,-0.342466417089887,-76.7821060306216,0.601836921862307,7.78142943443393,1025.56379543798,-6.24310205186956e-18,1.44013658993855,1.07833674617227,0.934890469742735,0.876340506197271,0.793118050203103,0.719221893552755,0.0480469843040308,0.0191198425884179,0.0207711039475055,0.0257714363087179,0.0237537131548797,0.0300277200291636,2727.5067180502,26.9024716175408,17.3232166618681,4.09636649492579,123.717927002149,118.926426129704,2540.28546575113,217.881975685588,31.2572793458449,0.154103543144423,0.329703822721851,0.0156927806332918,0.154103543144423,0.329703822721851,0.993533849712605,0.177716937546714,0.759055101758981,0.525074264951398,0.364293729707715,0.495939270290901,1.37391781606996e-15,0.344997754056088,0.184771646892621,0.124389685840667,0.0971812852767209,0.0783544201594985,0.0619911277236973,0.0694144347707285,0.0170838799259465,0.00936276485475545,0.00777789284000187,0.00752918081620623,0.00886129148313654,1.26811115631352,0.00690447104373041
-6.45,15.21,1.37936,0.2,0.0574467332428756,0.159203946294454,0.281412721558393,0.416289969058536,0.498202272035893,0.658042013740111,0.0574467332428756,0.159203946294454,0.281412721558393,0.416289969058536,0.498202272035893,0.658042013740111,0.0574467332428756,0.159203946294454,0.281412721558393,0.416289969058536,0.498202272035893,0.658042013740111,0.75,1,150.000015727529,198.188511613374,-16.7137377710655,615.275919175087,374.091228309551,6114.29424018331,-31.2374262118425,2.54019862514322,-0.628027759608375,-0.0923852859077179,2.60803989167795,-0.212467150716592,4.82301490469743,-0.270548908144985,-100.971301947714,0.328744299166754,5.25489240704093,1173.59483387147,9.22973648578274,1.45261181126966,0.893865576502446,0.660881137381523,0.553451640454119,0.416016956567024,0.339487855431726,0.0224056335085928,0.0161551967503385,0.0147201997708572,0.0149379154254765,0.0125674831788355,0.0104167455473388,4999.97646078533,43.0933277783564,17.3232166618681,28.567650197293,122.550504431822,118.860364132541,2534.50268002836,882.685768441708,24.2255899700018,0.437803170459941,0.405453068084169,0.0330717821659067,0.481734447694981,0.352128988845371,1.56212794395902,0.277514413949232,1.24924844596884,0.561768556351948,0.996592074263612,0.574084757101186,0.00597664995550659,0.161321991106749,0.0688373247175861,0.0461723618561244,0.0421950212513559,0.0425396237586584,0.043354196745076,0.031156776206198,0.00659190098717531,0.00280962175577142,0.00219516490594779,0.00428877299092172,0.00453107754374548,2.21012537675766,0.00837143880450313
11.55,24.054,1.26352,0.2,0.0545728130684943,0.169762639080862,0.287923563967589,0.427257231820898,0.527526957152626,0.679191547091891,0.0545728130684943,0.169762639080862,0.287923563967589,0.427257231820898,0.527526957152626,0.679191547091891,0.0545728130684943,0.169762639080862,0.287923563967589,0.427257231820898,0.527526957152626,0.679191547091891,0.75,1,150.000015727529,149.556908655348,-8.61626652536195,619.899354233934,107.102080074992,3470.2041754536,-51.5287470055203,0.590949655223414,-0.260541968516821,-0.0206434330798875,0.644993345182792,-0.032928013894386,-3.1431788554838,-1.1864119005864,-101.021508176232,0.0102392581606082,0.576071787730445,1173.6735756692,20.8699583376734,1.46021982085199,0.946659452140401,0.540430757212791,0.311645138807416,0.112699545197375,-0.010473424780752,0.162432277131549,0.0250389246406208,0.0120701335096761,0.0094176412873659,0.00927470315592126,0.0151663985001562,5000.00083324654,43.0933079887517,17.3232166618681,74.4277524851064,117.544752898551,116.958390613926,2462.13591109824,2251.93536374321,26.8143922087299,0.905911726884818,0.669590918137875,0.0156776003834002,1.06455725837159,0.368428559312702,3.68375433166181,0.793391090984517,2.25326070122112,0.585478019265372,2.18911451627711,1.20065026423518,0.00755661503163816,0.414222205645474,0.381450763203337,0.303128259992504,0.22697210435377,0.158848993597417,0.139309253715889,0.176046718325568,0.030956409756376,0.011560604208885,0.00507412542887722,0.00342761548410472,0.00905315070918763,4.63878568581929,0.0161868589875097
-4.05,15.386,1.41968,0.2,0.0459709946599483,0.147691126990411,0.276019524289506,0.373138607932007,0.492804603326691,0.662353151599965,0.0459709946599483,0.147691126990411,0.276019524289506,0.373138607932007,0.492804603326691,0.662353151599965,0.0459709946599483,0.147691126990411,0.276019524289506,0.373138607932007,0.492804603326691,0.662353151599965,0.75,1,150.000015727529,192.101958129361,-15.3585815491095,616.362045620247,333.271593369441,5827.10436412874,-35.8689725028643,2.33374023539215,-0.610769858348089,-0.07869473804812,2.40461087386731,-0.192930404797417,3.97823293102802,-0.306904233381002,-101.01340589522,0.294274154481825,4.77061493594417,1173.57171128008,10.0789251119678,1.42445234871368,0.859414685970212,0.614336204562025,0.519860993646495,0.372655619206333,0.296970930111447,0.0177079923173628,0.0155061688365795,0.0142504625559837,0.0119768653265285,0.0105621209249036,0.00668381220706177,4999.98979272992,43.0933465264034,17.3232166618681,30.9007119375697,122.473030379319,118.795305694915,2538.2155752395,936.760132241437,22.7545022204919,0.448982493179841,0.413866346076093,0.031122371947226,0.497694464738906,0.35379227501798,1.5763352163062,0.300588790443301,1.28925207756386,0.564059963261775,1.02448257435045,0.526077939376655,0.00640236899111542,0.135957626077,0.0749167377335208,0.0610069157412487,0.0549347916682821,0.0504730894670448,0.0480169984187394,0.0257440790341789,0.00628854216349163,0.00301450376877475,0.00378063570672517,0.00411605619407358,0.00160911827649523,2.03487816198367,0.00758408494436144
-3.33,5.09,1.11952,0.2,0.0505938241803435,0.168979784472198,0.290407709594047,0.41828938945126,0.570602529273115,0.723509927276327,0.0505938241803435,0.168979784472198,0.290407709594047,0.41828938945126,0.570602529273115,0.723509927276327,0.0505938241803435,0.168979784472198,0.290407709594047,0.41828938945126,0.570602529273115,0.723509927276327,0.75,1,150.000015727529,69.0750130194772,0.0461723356942024,222.871579002187,43.7482339048016,2350.28247057598,-11.8538092415686,1.24943026768045,-0.0930839809613583,-0.0228118091865431,1.24943026768045,-0.0930839809613583,0.17730652021352,-0.0528584800614519,-37.3689730236434,0.156743178929278,2.7598776169149,713.369846890947,4.79165311530048e-18,0.786481918550151,0.59437405478596,0.565885970211436,0.590768242891366,0.544892479950006,0.534847776273305,0.0120698231434226,0.0153688259556296,0.0144825949380273,0.0158135100510364,0.0173549953129882,0.0208638339756275,295.232486199355,4.18648890740549,17.3232166618681,2.25004321771856,122.167106647825,120.086936975044,2524.71406404809,76.8209782680635,10.4100104573643,0.108973846042397,0.334380160063902,0.00430834790545283,0.108973846042397,0.334380160063902,0.239012722210646,0.0592509253726781,0.398774538692857,0.533845183548975,0.207288652708376,0.0970828012841413,1.16158385579705e-15,0.0452021131293709,0.0334970369134955,0.0345049977361183,0.0362769798553113,0.0358172702713783,0.0340211012262724,0.00540423632305112,0.00224345199302724,0.00168621936949305,0.0014695895087036,0.00103454701363231,0.000788707815258416,0.366438028301597,0.00485374714179978
-8.01,6.85,1.31216,0.2,0.0546989972666306,0.176675939774741,0.269805500456477,0.386973468545343,0.492522523855934,0.761833794965757,0.0546989972666306,0.176675939774741,0.269805500456477,0.386973468545343,0.492522523855934,0.761833794965757,0.0546989972666306,0.176675939774741,0.269805500456477,0.386973468545343,0.492522523855934,0.761833794965757,0.75,1,150.000015727529,109.420091657119,-13.3419207842933,276.163535048432,396.207381543589,3798.54410998854,-11.2263435279658,1.99955775440058,-0.194918082486512,-0.0564625643162171,1.99955775440058,-0.194918082486512,1.49349985105718,-0.10602615996115,-45.4302010207271,0.322078125610874,4.36842183105926,786.979585459846,-2.26499458806376e-18,1.15278918862618,0.853340443703782,0.783044984897405,0.770769794813042,0.702405978543901,0.609183220497865,0.0126058593852307,0.016605993750651,0.0147796995104677,0.0174072356004583,0.0164485741068639,0.0271900770753046,878.537454431831,11.2925768149151,17.3232166618681,3.5427072145839,123.558047726274,119.374173087721,2558.88697679501,221.791169038538,16.9755728555258,0.191088800317523,0.342465816931648,0.0112776305471021,0.191088800317523,0.342465816931648,0.461590226254157,0.200995488636979,0.4833972995061,0.547211900770614,0.39568495459143,0.187566307756038,1.22292228841666e-15,0.0829275507834118,0.0283143254483445,0.0260604455645565,0.030184039174454,0.0361112174065985,0.0310178717080005,0.0140320741560768,0.00365795674981302,0.00210870028572321,0.00189825870221324,0.00138599851113447,0.00429899532525435,0.861508571871285,0.00983536136749366
-6.99,19.302,1.34096,0.2,0.0718120143967532,0.207711758173755,0.316386424071124,0.45126807103217,0.604830252560117,0.699159023436411,0.0718120143967532,0.207711758173755,0.316386424071124,0.45126807103217,0.604830252560117,0.699159023436411,0.0718120143967532,0.207711758173755,0.316386424071124,0.45126807103217,0.604830252560117,0.699159023436411,0.75,1,150.000015727529,170.386147276325,-10.6897985938965,619.081512342464,138.368135819186,4608.93063222581,-41.9621268617852,1.39893289240704,-0.474262109080252,-0.0304716283720446,1.47435940006249,-0.0905996101562338,0.125398234746381,-0.612974887990833,-101.111388397043,0.115122541341527,2.54454998437663,1173.71471721696,15.2110769711487,1.54423382980939,0.901394063118424,0.577985439016768,0.40515907717946,0.224457889803145,0.141864865118217,0.0590981636954484,0.0183500749921883,0.0154940537444016,0.00735602416414956,0.00865765086970108,0.0104912480991564,4999.97104468285,43.0934746380587,17.3232166618681,36.4089428940939,119.03816875598,117.817340753088,2457.89017104097,989.213092342904,17.4204073478058,0.429433705900934,0.432705162302692,0.0178060381265037,0.504048681475616,0.342897596817743,1.71299268763178,0.422234613826069,1.40547969986627,0.545840988337803,1.03686262872078,0.861056186298519,0.00674740782264647,0.217068655626335,0.107538286157767,0.0611089848007013,0.0517364640423623,0.0508907134669146,0.0583668362602092,0.0617510695846655,0.00953126073504317,0.0034694225464866,0.00236006875377414,0.00126183979964587,0.000845702713664045,3.27662094780698,0.0110975132085192
11.61,3.814,1.41136,0.2,0.0675336713088494,0.174022719566477,0.28448249262767,0.413825374739413,0.544256235031708,0.612330556450791,0.0675336713088494,0.174022719566477,0.28448249262767,0.413825374739413,0.544256235031708,0.612330556450791,0.0675336713088494,0.174022719566477,0.28448249262767,0.413825374739413,0.544256235031708,0.612330556450791,0.75,1,150.000015727529,59.3093563170503,-3.62370644047494,211.180439537548,90.4382416414957,2038.33444432872,-18.100254556817,1.13563201749818,-0.0886983943318404,-0.0191966701385272,1.13563201749818,-0.0886983943318404,0.0379129388904281,-0.0397188308815019,-34.648361628997,0.15157022604937,2.55469409436516,687.062462243532,4.67712751171753e-18,0.420817716904489,0.319074992188314,0.335005395271326,0.388852692427872,0.386299687532548,0.439075054681804,0.0120779993750651,0.0103085029684408,0.00599824184980732,0.00615212352879909,0.0112601441516509,0.0173356296219144,111.867492969484,1.64707592959066,17.3232166618681,2.56884452020017,122.773747321983,119.426210851332,2530.73083762167,56.4266606416945,9.74040427422817,0.0566187017448568,0.330262602129795,0.00227729754507053,0.0566187017448568,0.330262602129795,0.184146191321255,0.0501767736235385,0.36026170007951,0.526364834485933,0.13936752392324,0.0484245467231462,9.62075022257889e-16,0.0749507281460311,0.0534908259907174,0.046597983370757,0.0475071852820935,0.0443106120414251,0.0415827085903257,0.00368120141232786,0.00279446213455748,0.00078214344608427,0.000768423573616171,0.00494951011578938,0.0017364712727653,0.187317843677376,0.00268261469404547
-14.37,19.434,1.12976,0.2,0.0457478188584733,0.123501011343189,0.22847465772059,0.372817731439313,0.531841020631386,0.637712659552292,0.0457478188584733,0.123501011343189,0.22847465772059,0.372817731439313,0.531841020631386,0.637712659552292,0.0457478188584733,0.123501011343189,0.22847465772059,0.372817731439313,0.531841020631386,0.637712659552292,0.75,1,150.000015727529,166.872752838246,-11.6680933631913,618.450338506407,212.708571930007,4720.47672117488,-30.7799181335278,1.60267791896677,-0.525623663661805,-0.0380334545359858,1.68218964691178,-0.122850355342152,1.06114565816061,-0.538901948567857,-101.113991250911,0.173193532702843,3.09591542547651,1173.65128632434,13.9810259347985,1.52695750442662,1.00453041349859,0.657611727945005,0.498515779606292,0.302828278304344,0.213521997708572,0.117940510597959,0.016459523977919,0.0124881499843766,0.0111868380377044,0.00685190886366003,0.00903705218206437,4999.98260597854,43.0933871471723,17.3232166618681,29.7051106225541,119.337614885752,117.769319364082,2457.30178303918,746.952856684464,20.444716187394,0.327428231487264,0.403695709077175,0.0167508591616483,0.39379293978177,0.33927053713543,1.54706919771542,0.341100379938971,1.30063075464309,0.540371994445647,0.803224270474777,0.666028857443389,0.00629644858758994,0.357671480822749,0.194460753671975,0.0918990377281376,0.0348725569625041,0.0267478998249559,0.0408497869411059,0.138272019241887,0.0175381454713623,0.00466778137475421,0.00335172211969007,0.000915661796942956,0.000945766551801191,2.63213504906217,0.00937444428331357
7.41,4.474,1.18224,0.2,0.0689377483792799,0.16525986295183,0.317993846146295,0.428900713243287,0.546369148167245,0.644839478666219,0.0689377483792799,0.16525986295183,0.317993846146295,0.428900713243287,0.546369148167245,0.644839478666219,0.0689377483792799,0.16525986295183,0.317993846146295,0.428900713243287,0.546369148167245,0.644839478666219,0.75,1,150.000015727529,62.995060931153,-2.63853339756275,222.998060618685,81.7560428351213,2139.85678575148,-13.7750869180294,1.15796969065722,-0.0903014206718049,-0.0197728944901573,1.15796969065722,-0.0903014206718049,0.0585903599697948,-0.0441146506909697,-35.7698698052286,0.152773315276534,2.57653723570461,698.232246640986,-1.45808080304135e-17,0.614624559941673,0.464096573273617,0.459895469221956,0.494587240912405,0.474993042391418,0.499980189563587,0.0121261841474846,0.0147833111134257,0.0112393073638163,0.0118430622851786,0.0165426643058015,0.0189317164878659,188.15907717946,2.72596469117797,17.3232166618681,2.35357525438594,121.006605648077,121.16581484654,2495.5122845553,46.9024320624833,9.65771474383862,0.0779309818712348,0.327670908135241,0.0030475482642835,0.0779309818712348,0.327670908135241,0.214544815226695,0.0520564335803499,0.380397973790901,0.522661943419912,0.1563673222663,0.0755234786576631,1.01151527739309e-15,0.0834383913989623,0.0606984396398676,0.053722315130787,0.0510623524753191,0.0477382427008994,0.042331201396516,0.00593214092629461,0.00291830988462115,0.00421042914694633,0.00455911579721004,0.00121881694034359,0.000713633448764722,0.2807043640206,0.00386284424449433
-9.81,7.07,1.364,0.2,0.0567234030667823,0.188146962315502,0.282263700321711,0.391401919582215,0.483528475206109,0.612275009461473,0.0567234030667823,0.188146962315502,0.282263700321711,0.391401919582215,0.483528475206109,0.612275009461473,0.0567234030667823,0.188146962315502,0.282263700321711,0.391401919582215,0.483528475206109,0.612275009461473,0.75,1,150.000015727529,120.161514425581,-7.11047832621602,287.42466409749,291.500849619831,4231.94646391001,-10.1235774867201,2.2808519945839,-0.202795193038537,-0.073692436204562,2.2808519945839,-0.202795193038537,2.11960265597333,-0.131749083881887,-47.5701041558171,0.339018315571295,5.03889261535257,805.46865951463,-1.03282268097073e-17,1.16863201749818,0.857025747317987,0.786834215185918,0.771570753046559,0.706503353817311,0.670844203728779,0.0124989242848453,0.0170345311946672,0.0153463504843246,0.0176245141131132,0.0162814758879284,0.0211948609519842,1041.26809707322,13.077141964379,17.3232166618681,4.67870652509248,124.096202843705,119.085154301249,2575.93608712068,277.154499347545,19.3392323021056,0.23290254414944,0.347711555422731,0.0156278019998188,0.23290254414944,0.347711555422731,0.523040209239678,0.281308558600827,0.507041489903706,0.556212608885867,0.493437275046014,0.197584277364902,1.30903709320348e-15,0.0990752654329343,0.0290732245002149,0.0189947126697784,0.0261830816627827,0.0339249433062764,0.0363003947693432,0.0160876521043889,0.00381042113041802,0.00207431020134858,0.00187847435453886,0.00142346570861797,0.0028025044498807,0.960789504648356,0.0099403193199453
-4.29,23.13,1.39792,0.2,0.0525534825409709,0.146438381087296,0.251235346760022,0.396707838357928,0.465509305411212,0.607889075461445,0.0525534825409709,0.146438381087296,0.251235346760022,0.396707838357928,0.465509305411212,0.607889075461445,0.0525534825409709,0.146438381087296,0.251235346760022,0.396707838357928,0.465509305411212,0.607889075461445,0.75,1,150.000015727529,156.398464743256,-9.02577440579107,620.743328819915,72.098506329549,3560.67524216227,-54.7333840224977,0.551117921862306,-0.22932363250703,-0.00941054567232579,0.59661165756692,-0.0193280157724612,-3.42463390368712,-1.18363566540985,-101.022662222685,-0.0150183215780648,0.412113446380585,1173.69909384439,20.7379918758465,1.56659889594834,0.900232454952609,0.481066920112488,0.270329760441621,0.0835923486063951,-0.025335426812832,0.0606997471897719,0.0158993994375586,0.0103094723466306,0.00671202655973336,0.00941323028851162,0.0125501787313822,4999.95083845433,43.093427767941,17.3232166618681,45.6609853348229,114.314244186871,117.189902195473,2362.90577017795,1209.5813675523,14.1700896585948,0.482818184544466,0.468725215562565,0.00581318124914748,0.585270811975371,0.332072108762076,3.9077935518929,0.621848829045881,1.60117162030353,0.527742038320143,1.2082433103992,1.5767081384316,0.00867517630894299,0.208254744430824,0.134518090708337,0.0959719320045731,0.0833939162144843,0.0661219939190534,0.0841154493507036,0.0628572483575765,0.0102650010387093,0.00424399109834162,0.000761218653447882,0.00186280711203527,0.00657624836264708,5.94140481906472,0.0203323740135724
10.89,3.33,1.33904,0.2,0.0566670185797801,0.181956466567835,0.280043026575338,0.333222836899687,0.451678815072016,0.592724105082219,0.0566670185797801,0.181956466567835,0.280043026575338,0.333222836899687,0.451678815072016,0.592724105082219,0.0566670185797801,0.181956466567835,0.280043026575338,0.333222836899687,0.451678815072016,0.592724105082219,0.75,1,150.000015727529,51.2581824809915,-0.836153991250919,206.848394958858,24.9038947609624,1734.54910946776,-18.0120948859494,0.965545672325803,-0.068270584780752,-0.0141931194667222,0.965545672325803,-0.068270584780752,-0.185813847911676,-0.0331480639141756,-33.7950817623165,0.117697921289449,2.17784991146756,678.578200187498,4.76239034475575e-18,0.292341797729403,0.22407265909801,0.257411530048953,0.324436819081346,0.336903301739402,0.396221810228101,0.0120644450578065,0.00808903135090095,0.00600511780022915,0.00636752057077387,0.00711760077075305,0.0129053725653577,55.5837589834392,0.828599875013021,17.3232166618681,3.28226512209134,122.197485001481,119.971423415539,2519.94367675388,55.9001892279203,8.30148019758474,0.037442559372498,0.328772528108168,0.00157797120115156,0.037442559372498,0.328772528108168,0.147070193165789,0.0473434450980403,0.35332683182156,0.523980246501064,0.100812022225787,0.0412907617286518,9.2601854999156e-16,0.0558183820869927,0.0416341245167016,0.0365901110183583,0.0395337605914957,0.0378655074261398,0.0375039072033088,0.00185782257515541,0.000618728265406432,0.000440854037608626,0.000471078148173076,0.0010154006464381,0.00525848070676009,0.1084373082552,0.00159650725054517
10.47,19.17,1.284,0.2,0.0518029574154038,0.164395272434211,0.252789316042738,0.353720698734012,0.49710686115163,0.673059360217719,0.0518029574154038,0.164395272434211,0.252789316042738,0.353720698734012,0.49710686115163,0.673059360217719,0.0518029574154038,0.164395272434211,0.252789316042738,0.353720698734012,0.49710686115163,0.673059360217719,0.75,1,150.000015727529,166.94235183835,-11.2976501148839,618.713206957608,180.615065514009,4584.25236954484,-40.1473673575669,1.4388068326216,-0.487311794405791,-0.0360315065097386,1.51558442870534,-0.103238034433913,0.328541902093532,-0.599368777168004,-101.106311842516,0.137135142683054,2.66231537996042,1173.7204457869,14.8140516612854,1.47648469951047,0.929143485053642,0.60227478387668,0.448360566607645,0.258024366211853,0.161415142889282,0.1068525691178,0.0184522571536715,0.0117558765753567,0.00983924007915843,0.0100884229767732,0.00942400635350484,4999.9957296115,43.0935954588062,17.3232166618681,51.111121756399,121.842279411813,118.237284889573,2539.94430725965,1529.88465420016,21.5888306863935,0.648857668885912,0.501887228737002,0.0268747413238246,0.73528176075443,0.363688186258261,2.64209965694607,0.490097991966078,1.6245401048689,0.577925679075384,1.49444057143076,0.798675758941015,0.0056068259737804,0.373915199917591,0.28117791660986,0.221035931573065,0.1668629453544,0.125252050813952,0.0984700574439585,0.121221553595393,0.0204581309844603,0.008879652861087,0.00485907362091807,0.0029565001187583,0.00198327257993293,2.91984633075366,0.00888634698336419
14.67,24.714,1.11248,0.2,0.0522303988750877,0.18526035044945,0.295591560309364,0.373046944166059,0.476310695094253,0.640891172839549,0.0522303988750877,0.18526035044945,0.295591560309364,0.373046944166059,0.476310695094253,0.640891172839549,0.0522303988750877,0.18526035044945,0.295591560309364,0.373046944166059,0.476310695094253,0.640891172839549,0.75,1,150.000015727529,146.629166753463,-7.33467875044265,619.574992188313,95.4367578273096,3551.680864035,-43.6707172169566,0.734408361545673,-0.324227372450787,-0.0231473238829289,0.801544397675241,-0.0447054007665868,-2.45352590245808,-1.11569962681804,-101.050573898552,0.0339015273200708,0.992157231538382,1173.72648682429,20.6283501718568,1.45916734715134,0.965810571815437,0.597978674096449,0.37800546286116,0.161634173117384,0.0247805323778773,0.216929214382773,0.0473177241988335,0.0144484629822935,0.00997428059577128,0.0100498260597854,0.014098029580252,5000.01937298198,43.0932100822834,17.3232166618681,73.2861036476036,117.460011699623,117.288125769062,2464.33002217568,2226.04437230626,27.0930792924504,0.904224894547946,0.666969471373533,0.0194662457970995,1.06101038267881,0.369749193863245,3.23495079455987,0.786137587382758,2.23017028819687,0.587441397385846,2.1842053360077,0.882335584340863,0.0057686899348297,0.478959146793567,0.418944461478905,0.350527479590792,0.274208286334292,0.189131507257539,0.156766481014727,0.233599163423066,0.0577717826194771,0.0155898582615591,0.0065219387285185,0.0032595658747485,0.00835927471479782,3.22733114432664,0.0117094391412931
5.49,5.046,1.35632,0.2,0.0607655184693175,0.140195749034497,0.249329644663182,0.355278641362687,0.454816902828997,0.639395470575601,0.0607655184693175,0.140195749034497,0.249329644663182,0.355278641362687,0.454816902828997,0.639395470575601,0.0607655184693175,0.140195749034497,0.249329644663182,0.355278641362687,0.454816902828997,0.639395470575601,0.75,1,150.000015727529,79.535559837517,-9.05325332986146,226.84393500677,241.432555573378,2777.99156337881,-14.5786044200604,1.52133933965212,-0.137933150609312,-0.0333868805332778,1.52133933965212,-0.137933150609312,0.593763144245392,-0.0616326534911988,-38.2286126445162,0.231599840037496,3.38261149880221,721.547036767,-4.86123539214674e-19,0.757475179668784,0.575194990105197,0.538368617852307,0.584688834496406,0.557713977710656,0.549483470471826,0.0120074409124049,0.0141556431621706,0.0127366385793147,0.013957163420477,0.0147682980939485,0.0189249317779398,354.946120195814,4.97619268826158,17.3232166618681,1.68336097386156,122.204901047752,120.044907562986,2521.71888645915,92.5860637442232,12.7120503985874,0.108521582161978,0.332132531175511,0.00510785466903641,0.108521582161978,0.332132531175511,0.277813813831995,0.0591310892325329,0.402341288639714,0.529961705187718,0.226504230757611,0.102091766329212,1.16666289372186e-15,0.0863297198700732,0.0635568120931188,0.0557698948569019,0.0539944258533713,0.0504302576008351,0.0426684080619128,0.00762728863213398,0.0032842286963842,0.0022255210190039,0.0018484556493359,0.00122152445699929,0.000782017341846989,0.384200736553343,0.00498325870954403
-6.33,21.766,1.23984,0.2,0.06033891575504,0.167294471942021,0.31718490524129,0.450541782235601,0.554039280656405,0.775317783507955,0.06033891575504,0.167294471942021,0.31718490524129,0.450541782235601,0.554039280656405,0.775317783507955,0.06033891575504,0.167294471942021,0.31718490524129,0.450541782235601,0.554039280656405,0.775317783507955,0.75,1,150.000015727529,157.280502031038,-9.07108874731799,620.219300072908,101.184383866264,3946.62430996771,-42.8567065930632,0.952909623997499,-0.375227072810125,-0.0154536704093324,1.02256667013853,-0.0564507772836163,-1.64379573086658,-0.905220053015311,-101.089895844184,0.0549920948390793,1.49780644359963,1173.71502968441,18.3336402458079,1.57414831788355,0.943741651911259,0.555670784293303,0.348426226434747,0.15524317206541,0.0618008771884179,0.0779342452008125,0.0169988226226435,0.014969417977294,0.00634802218518904,0.0100018831371732,0.0101543578793876,4999.96844078742,43.0934871367571,17.3232166618681,38.9919902164484,116.541687259575,117.460667935456,2401.85543525957,964.009850393033,14.938787271111,0.360608650465713,0.422635183812194,0.0104887654858335,0.445096062477253,0.332482349092838,2.6325552351032,0.48742443703357,1.40590417584217,0.527517141218763,0.87714953237658,1.00583305111877,0.00610390422376619,0.225803594320036,0.129915327053736,0.0768513961425679,0.0649937345186888,0.0667690324957687,0.0523055968453954,0.0802484768085231,0.0111612808321285,0.00337505489661614,0.00108750035355715,0.000917871964841315,0.00229390645652434,3.76014513182038,0.0124793607165889
-13.95,24.098,1.39984,0.2,0.0603820605335955,0.151582826574911,0.260970903772648,0.400564639127376,0.481234063277066,0.683120473052446,0.0603820605335955,0.151582826574911,0.260970903772648,0.400564639127376,0.481234063277066,0.683120473052446,0.0603820605335955,0.151582826574911,0.260970903772648,0.400564639127376,0.481234063277066,0.683120473052446,0.75,1,150.000015727529,154.712623685033,-8.28102193396521,620.78543901677,75.4651683887095,3504.15540047912,-58.2625393188209,0.536220625769086,-0.229697046357671,-0.00581893150713467,0.582924312101864,-0.0221830223527758,-3.46080477408604,-1.21657712144568,-101.034023539215,-0.00966039161545673,0.397344379908343,1173.67617956463,21.0092740339547,1.4719439641704,0.916524039162587,0.492587376314967,0.270494167274243,0.0646395020851994,-0.0232228196854494,0.142862854617227,0.0186171338918863,0.0107950146859702,0.00680923330903031,0.0107358675138007,0.00888648974065203,4999.96656598271,43.093211123842,17.3232166618681,30.4214354423978,112.457896980747,117.30197821061,2310.09610071018,576.666900181415,22.6544589845911,0.227076705289412,0.369732656636584,0.00334192700473437,0.298265192494848,0.315125990737259,4.41775267161325,0.5902951036393,1.3154377230397,0.501590040442516,0.63012403934141,1.11187914634931,0.00695850810657457,0.397588685056125,0.278166328148841,0.147558019150522,0.0664865957930051,0.0441346649970424,0.0571243181644867,0.169302098004032,0.0220286689308999,0.00647666658773156,0.000895132396829035,0.000833629351058121,0.00295028506972278,4.34923685451986,0.0138146248440053
2.25,7.73,1.35952,0.2,0.0564383048452148,0.212105603115949,0.301156752088269,0.383689479199969,0.478831553549501,0.56947283021529,0.0564383048452148,0.212105603115949,0.301156752088269,0.383689479199969,0.478831553549501,0.56947283021529,0.0564383048452148,0.212105603115949,0.301156752088269,0.383689479199969,0.478831553549501,0.56947283021529,0.75,1,150.000015727529,137.631923757942,-10.8630745449432,314.917373190293,407.614209478179,4856.15415060931,-7.21831182730965,2.61658150192689,-0.243324884749505,-0.0960456546193105,2.61658150192689,-0.243324884749505,2.99418954275596,-0.170438287265389,-52.039889594834,0.405880511844496,5.77667347151339,842.835590042707,-1.35616944068326e-17,1.30102124778669,0.942768753254868,0.851623320487448,0.829170003124673,0.752481085303614,0.720797979377148,0.0154988274580356,0.0186425196333715,0.0171222572648682,0.0202869085511926,0.0193689698989689,0.0233997354442245,1390.12915321321,16.6843641287364,17.3232166618681,3.77076397774419,121.94824781355,121.027662765133,2521.40890502839,236.249676335117,21.8467149056891,0.194086125769255,0.335392004768308,0.0148522099657155,0.194086125769255,0.335392004768308,0.595323848121943,0.150728954426028,0.545216134796801,0.535599385005446,0.419503613826954,0.256175575047358,1.30865305863157e-15,0.124241281411686,0.0793115587322506,0.0643098708310517,0.0561882536850637,0.0515234072059842,0.0449290333711583,0.0179137359777352,0.00658480829300916,0.00404907226985593,0.00390585236442418,0.0039370924724596,0.00483162264548219,1.24623808986384,0.01192923145548
6.27,4.386,1.40432,0.2,0.046500929269824,0.170411735124669,0.323058450525772,0.424714390656404,0.531702489947837,0.576410542641133,0.046500929269824,0.170411735124669,0.323058450525772,0.424714390656404,0.531702489947837,0.576410542641133,0.046500929269824,0.170411735124669,0.323058450525772,0.424714390656404,0.531702489947837,0.576410542641133,0.75,1,150.000015727529,69.7498468909488,-0.627022101864393,224.527653369441,43.4650473284033,2422.66045203625,-16.0999059368816,1.34263857931465,-0.0978843456296219,-0.0263453567336736,1.34263857931465,-0.0978843456296219,0.331887791219664,-0.0521345767457557,-36.0845224455787,0.167601966362879,3.01355452557025,701.307290907187,5.28471646703465e-18,0.578535183835018,0.440309009478179,0.441264326632642,0.478374148526196,0.463699000104156,0.505587970003125,0.0122142934069368,0.0147262733048641,0.0104670366628476,0.0110683256952401,0.0160547703364233,0.0174342547651286,209.522945526508,3.02219820851994,17.3232166618681,1.89759218800348,121.531192419719,120.70535005862,2506.67590195558,68.8047441690661,11.1553713957327,0.0919642830749061,0.329350030265838,0.00395038466485632,0.0919642830749061,0.329350030265838,0.242082856352888,0.0528882012813721,0.381493697443159,0.525368746877485,0.193234795031918,0.0836844497802075,1.00794423929472e-15,0.0733683168413687,0.0546383697317722,0.0487603377627415,0.0468670315934526,0.044859711660354,0.0394592989417252,0.00499513777855186,0.00257982012976938,0.00414571104942474,0.00450685207275349,0.00147862424509631,0.000681580034188674,0.299112419729609,0.0040933356557049
10.71,14.022,1.35312,0.2,0.0566802178297647,0.188487042912838,0.331218526775568,0.448473103934494,0.561891573490478,0.744303346405846,0.0566802178297647,0.188487042912838,0.331218526775568,0.448473103934494,0.561891573490478,0.744303346405846,0.0566802178297647,0.188487042912838,0.331218526775568,0.448473103934494,0.561891573490478,0.744303346405846,0.75,1,150.000015727529,222.651713363191,-25.0547811290491,610.498281429018,657.824245943131,7212.77596083741,-20.4832453160192,3.30279731277992,-0.632946213936048,-0.151730943651703,3.34865066138944,-0.309188922657015,7.85608290803041,-0.254331897557546,-100.740482241434,0.493393936086865,6.98133413186127,1173.70700968649,5.57338277262783,1.47786761795646,0.995623789188626,0.79121552963233,0.7026272784085,0.566471471721695,0.475260306218102,0.0551064379929174,0.0186355992875742,0.0180859288615769,0.0191312175815019,0.0172091011352984,0.0208987667951255,4999.98791792522,43.093352775752,17.3232166618681,20.7392331863507,124.921447361756,119.252327249148,2588.35440655314,677.344085310702,29.3454441289162,0.359756327771931,0.372396234169231,0.0341415847709495,0.380683686542808,0.350971529843003,1.48009735779178,0.210563225617623,1.09618020811771,0.558700819905355,0.794509907906085,0.455157739152391,0.00581214882982769,0.314122478890006,0.183275060140304,0.130142712673167,0.0990904071447009,0.0817749514012546,0.0626241188416882,0.0679371907105914,0.0151425748281668,0.00735175384423969,0.00477474534297458,0.00211106887280072,0.00130402545024269,1.33129786609274,0.00578768581888661
14.01,24.23,1.37872,0.2,0.0615087795511149,0.154961553749409,0.26459652042777,0.371977688179624,0.485990630109102,0.557516434527081,0.0615087795511149,0.154961553749409,0.26459652042777,0.371977688179624,0.485990630109102,0.557516434527081,0.0615087795511149,0.154961553749409,0.26459652042777,0.371977688179624,0.485990630109102,0.557516434527081,0.75,1,150.000015727529,152.245253931882,-8.87711040089575,619.44134985939,102.717471180085,3443.91829798979,-59.2277606499323,0.49736950865691,-0.215625276408708,-0.0271726684720342,0.541640589683367,-0.0223318235777523,-3.61973999572961,-1.23271729406312,-100.988294969274,-0.0110897960545777,0.279894831830018,1173.68951150922,21.0770190605151,1.4290739193834,0.932339266743047,0.523394073669409,0.302970066305593,0.0973779946984689,-0.0283302510009374,0.187258529343818,0.0276754745710864,0.0118701920717009,0.00909682231017602,0.0104776681595667,0.0153975191125924,5000.00312467451,43.093231955005,17.3232166618681,87.4059513435459,118.060235741367,116.64243062137,2479.66429992227,2727.49533351037,33.5670730982107,1.12108525762094,0.775336795068744,0.0191857235237661,1.30797251808097,0.383659517249161,3.64356216160976,0.892798001988562,2.61704792316662,0.611341555873394,2.7141300102433,0.917164664478818,0.00542261383703467,0.481118984009047,0.437508701232096,0.343459297580762,0.257055171802176,0.177645522496919,0.159302105143382,0.208570736817021,0.0382904736802828,0.0130362500142464,0.00521009419327502,0.00514094690249233,0.00814448879624502,3.4800009916749,0.011706535017017
13.59,9.798,1.41072,0.2,0.0554725711572001,0.158556833103492,0.239176839610415,0.363442702258111,0.5011836093617,0.657075589877433,0.0554725711572001,0.158556833103492,0.239176839610415,0.363442702258111,0.5011836093617,0.657075589877433,0.0554725711572001,0.158556833103492,0.239176839610415,0.363442702258111,0.5011836093617,0.657075589877433,0.75,1,150.000015727529,197.935600458285,-25.1984143828768,439.12588272055,791.710685553588,6919.86730548901,-7.11826182793459,3.63125382772628,-0.366194372964274,-0.181945464014165,3.63125382772628,-0.366194372964274,7.0073495469222,-0.328572608648348,-73.9451484220393,0.603934211465473,7.92198062701801,1006.16342047703,-8.72137683574628e-18,1.39127197166962,1.02745066138944,0.911994531819602,0.872795000520777,0.766243849599001,0.697504166232684,0.0277042085818144,0.0174312087820019,0.0166778254348505,0.0216421026976357,0.0229377887720029,0.0293514144359962,2575.62639308405,25.8940193729821,17.3232166618681,4.43045557951059,122.706956484122,120.235665361018,2522.35358560318,251.86137699867,31.494484249347,0.174358807617914,0.328431572007554,0.0178113285139853,0.174358807617914,0.328431572007554,0.938993694119342,0.183579302069012,0.732589216232014,0.523197889550487,0.401968316848043,0.369768124349322,1.34752921677876e-15,0.296134201029768,0.163879769158387,0.126534501216945,0.0948914823627632,0.0742872863304732,0.058177872595378,0.0482898462946716,0.0138222746576234,0.00787178107410836,0.00646518379721286,0.00688179134076863,0.00843861322527754,1.18263794088418,0.00673758423436282
4.11,9.886,1.2232,0.2,0.0583591374452762,0.16429246181937,0.268947717287237,0.39548156367628,0.514998943975747,0.666120481576749,0.0583591374452762,0.16429246181937,0.268947717287237,0.39548156367628,0.514998943975747,0.666120481576749,0.0583591374452762,0.16429246181937,0.268947717287237,0.39548156367628,0.514998943975747,0.666120481576749,0.75,1,150.000015727529,177.719300072909,-25.4385206041038,420.876679512551,778.13383804812,6151.89261535257,-3.61165831298823,3.19221039475055,-0.333161216849286,-0.140866159775023,3.19221039475055,-0.333161216849286,5.42041433184044,-0.277775776736798,-69.7931340485367,0.547417996781585,6.93546161858141,976.870544734931,3.2577633788147e-18,1.51216800333299,1.11939384439121,0.980533329861474,0.916481908134567,0.80440511405062,0.724829923966253,0.0281730148098115,0.0184904318330382,0.0203927986668056,0.0265129913550672,0.0270603770440579,0.0340914748463702,2356.94500572857,24.4067284657859,17.3232166618681,4.92872229995269,123.882199274826,119.371429182433,2559.02414146759,268.496408318317,27.4027095915157,0.202623881089499,0.340059057848936,0.0186916849698349,0.202623881089499,0.340059057848936,0.842801594249546,0.152694183886163,0.712424601016334,0.542860333513848,0.431053216951713,0.224710473683255,1.38368308665474e-15,0.167336540269721,0.100361813998052,0.0766813238578205,0.0648033005263516,0.0501114447994211,0.0408902858686669,0.0306007200756437,0.00991653310941029,0.00647292810815283,0.00542621060118041,0.00640505369834292,0.0070211166098849,0.94818703239642,0.00601855732904764
12.93,9.666,1.1048,0.2,0.056731235141399,0.184159661995463,0.294983280346768,0.382083849411344,0.55539013897023,0.801042363230539,0.056731235141399,0.184159661995463,0.294983280346768,0.382083849411344,0.55539013897023,0.801042363230539,0.056731235141399,0.184159661995463,0.294983280346768,0.382083849411344,0.55539013897023,0.801042363230539,0.75,1,150.000015727529,136.9964691178,-18.6864574121446,336.318362670555,584.623447338819,4661.78637641912,-0.686703124049578,2.35196260806166,-0.246668589473701,-0.0761854588063744,2.35196260806166,-0.246668589473701,2.49037861681075,-0.166602318875304,-55.4848536610769,0.402026193722737,5.05066222268514,869.926788876156,1.76215734194354e-17,1.57934621393605,1.22497390896782,1.05286524320383,0.991216352463284,0.83437642953859,0.689163899593792,0.138648303501719,0.0325834038437131,0.0273475429642746,0.0301352869492761,0.0333655806686803,0.0460128715758775,1659.7259660452,19.2999395896264,17.3232166618681,3.57642556517522,122.338743784166,119.573040602047,2521.42131255776,97.6287562540466,20.1606960757326,0.0937965693093158,0.331273961264607,0.00714591208462892,0.0937965693093158,0.331273961264607,0.648324224592722,0.126572126456332,0.580037015646578,0.528401390416524,0.185830009010298,0.159200443967923,1.4848057679538e-15,0.335055959129852,0.176606606731068,0.118252873111527,0.0950368691354523,0.0690292325727573,0.0498639085490857,0.136550356618542,0.0268559918728619,0.0119993193129015,0.00812224938078049,0.00739872876459595,0.00781838539737861,0.908066665649386,0.00790941528853894
7.89,23.526,1.15344,0.2,0.0512821537770053,0.157644935122093,0.279706252142465,0.390550122750553,0.516461834209501,0.663090456187461,0.0512821537770053,0.157644935122093,0.279706252142465,0.390550122750553,0.516461834209501,0.663090456187461,0.0512821537770053,0.157644935122093,0.279706252142465,0.390550122750553,0.516461834209501,0.663090456187461,0.75,1,150.000015727529,149.176876367045,-8.32649653890219,620.11437350276,97.4611868451203,3604.04918237684,-42.5776652432038,0.740369312384127,-0.31833963346214,-0.0176020143526716,0.804782789484429,-0.0425632796489949,-2.46901112235184,-1.08738077155296,-101.053755858765,0.0299096561837309,0.988933715154672,1173.6607645037,20.2392657014896,1.49240689511509,0.974861399854182,0.567867399229248,0.345697378398083,0.141861658928237,0.0195683258493907,0.127458387146235,0.0202600578814707,0.0118785720237475,0.00925567940839496,0.00809885657743985,0.0128590579106343,4999.98177273201,43.0934340172904,17.3232166618681,61.7816176888589,117.251654646036,117.269512136421,2443.45930359837,1798.249457996,20.5388541664027,0.712656886672635,0.573844844868592,0.0150172278214847,0.843384841822917,0.354790452479475,2.81768576679205,0.701196970017772,1.91859271786784,0.563002105082228,1.71944973517727,1.03763101524893,0.00716998369579462,0.323041549546962,0.302519757191367,0.247469963458522,0.193587672752316,0.133279945193599,0.121773890466081,0.132830427681251,0.0222577417692065,0.0093643000557105,0.00438266501561382,0.0018961820756761,0.00644637854278311,4.17599551788879,0.0146539259882842
-1.41,5.178,1.39088,0.2,0.0544411574705668,0.175847046525086,0.284698066554967,0.338192535795618,0.511458589566578,0.64142998664818,0.0544411574705668,0.175847046525086,0.284698066554967,0.338192535795618,0.511458589566578,0.64142998664818,0.0544411574705668,0.175847046525086,0.284698066554967,0.338192535795618,0.511458589566578,0.64142998664818,0.75,1,150.000015727529,83.9334246432664,-12.7436670503073,237.03909488595,323.733978752213,2934.05843141339,-15.3546337065826,1.60598635558796,-0.15482263310176,-0.0371711415477554,1.60598635558796,-0.15482263310176,0.726706139277158,-0.0655227476721175,-38.88193625664,0.259085396312884,3.56687001354026,727.915342151865,7.04893656910703e-20,0.781403697531507,0.589252275804603,0.561663316321216,0.603097739818769,0.556895698364754,0.557539912509114,0.0118544658889699,0.0154412655973336,0.0140807459639621,0.0137062898656389,0.0159662983022602,0.0189905145297365,402.279637537757,5.59046057702323,17.3232166618681,2.04175487218638,122.330617255726,120.077835548376,2529.06109870863,122.319462295448,13.2846519280937,0.136049731720833,0.335742383957714,0.00668047997970453,0.136049731720833,0.335742383957714,0.300153621052352,0.0616508388647009,0.413438969824682,0.536164751720296,0.276925584501975,0.111761511819057,1.14028770371718e-15,0.0509066146024774,0.0393937573216103,0.0387659551830065,0.0403281764880261,0.0386771140775654,0.0364138603212066,0.00566547761835405,0.00248537797562913,0.00181396017296544,0.00151083526671728,0.00107913291010568,0.000783792041550716,0.450893688808606,0.00575033810965435
-11.61,9.622,1.15536,0.2,0.0487232611380016,0.127609912763336,0.254678436967872,0.405674778220958,0.500512577557939,0.661233195957441,0.0487232611380016,0.127609912763336,0.254678436967872,0.405674778220958,0.500512577557939,0.661233195957441,0.0487232611380016,0.127609912763336,0.254678436967872,0.405674778220958,0.500512577557939,0.661233195957441,0.75,1,150.000015727529,154.88434538069,-26.1436063386106,365.231944589105,763.525252629934,5358.76669096969,-3.35023636464952,2.78541370690553,-0.302036076728466,-0.108428983439225,2.78541370690553,-0.302036076728466,3.78519560462451,-0.208544333094469,-60.9090136444122,0.495868949182376,6.05144359962504,911.881981043645,4.45493542339342e-18,1.55660399958338,1.17421893552755,1.01526552442454,0.934925122383087,0.829243672534111,0.740104634933861,0.0410799491804187,0.0173279995312988,0.0208845054681804,0.0292753244453703,0.028960292677846,0.0361889803145505,1917.15133840225,21.2672877825222,17.3232166618681,7.71395149166106,123.933665836189,119.877584336322,2576.59711220033,400.415712024673,23.7124139100131,0.291226076763571,0.349838495930115,0.0232943417469743,0.291226076763571,0.349838495930115,0.766662798993042,0.541485301487463,0.654469135955223,0.559656889786808,0.621322509325638,0.228979329614308,1.29513984893091e-15,0.198319123197104,0.0545663489454974,0.0180482166379641,0.022358495822993,0.0270828227735975,0.0312191141432641,0.049357785339897,0.00824588196157449,0.00340856012039851,0.00279248869764858,0.0036590455705344,0.00524028884896148,0.857995805492569,0.0061523526740609
-3.69,10.986,1.29808,0.2,0.0575854150778064,0.162305899721969,0.286360751263595,0.38370198849457,0.515879757197234,0.675955363884606,0.0575854150778064,0.162305899721969,0.286360751263595,0.38370198849457,0.515879757197234,0.675955363884606,0.0575854150778064,0.162305899721969,0.286360751263595,0.38370198849457,0.515879757197234,0.675955363884606,0.75,1,150.000015727529,231.060806166024,-34.574061548797,534.070659306322,1032.77497532549,7979.30882199771,-6.72133151484221,4.11002874700552,-0.431908401035309,-0.232946057702323,4.11002874700552,-0.431908401035309,10.0057563795438,-0.445372770544735,-89.5924143318406,0.708003325111968,8.90092375794188,1108.80304134986,1.2687332812207e-17,1.46791730028122,1.08546314967191,0.946161004062077,0.898785189042808,0.78747039891678,0.706638745963961,0.0200874712154984,0.0173343001770649,0.0190012876783668,0.0246777533590251,0.0253790657223206,0.0326993802728882,3446.92979897927,31.4461868555356,17.3232166618681,10.7454960592037,124.60306236866,120.242383535961,2588.45620858921,502.636063392994,34.9677697881095,0.340516620688609,0.352675388744452,0.0394350344095673,0.340516620688609,0.352675388744452,1.21367330615796,0.170038478474452,0.898232978071156,0.564195719008157,0.726386102578977,0.397721530589147,1.33591617294412e-15,0.0903118130518414,0.0488417988705562,0.0383358710934257,0.0373060699846021,0.03270575457038,0.0293575546894474,0.020337430616569,0.0059654893442136,0.0036969078102437,0.00353899848179706,0.00466715542291209,0.00566677595371904,1.39808963828138,0.00691240416727253
-10.41,12.526,1.37808,0.2,0.0468204554450607,0.144997539389344,0.232653379649306,0.31528702406313,0.424435945557063,0.582086048498743,0.0468204554450607,0.144997539389344,0.232653379649306,0.31528702406313,0.424435945557063,0.582086048498743,0.0468204554450607,0.144997539389344,0.232653379649306,0.31528702406313,0.424435945557063,0.582086048498743,0.75,1,150.000015727529,253.377148213728,-32.6521975512968,602.56156650349,955.964800624935,8600.85824393292,-13.465553929799,4.28323914175607,-0.632422337256536,-0.255773409019894,4.30830580147902,-0.429638430642641,11.758376419123,-0.376536873973305,-100.263793354859,0.699971267611707,9.23810457244037,1173.67076346214,2.7041790438496,1.43196792000833,1.0095836579523,0.860862680970732,0.822206551400894,0.70487320070826,0.629644547442975,0.0197295235954588,0.016146219247995,0.0135689008436621,0.0158448288719925,0.014644734610978,0.0181158181439434,5000.03176752422,43.0937818977192,17.3232166618681,20.5295663472986,126.047495924306,119.967679361828,2644.14981762053,803.005131136963,38.2465982303923,0.493947384694899,0.393351470304304,0.0609740164958631,0.507917285359911,0.375095705479511,1.64208631674076,0.255515808677121,1.11825717478584,0.601442366824401,1.08132233009564,0.661932406530162,0.0397226284476999,0.168995541151535,0.0529881130596098,0.0188949855522565,0.0208145131606853,0.030275240768624,0.0368343499063977,0.0323454303955137,0.00646352243355841,0.00272191631146612,0.00211386931517766,0.0015389466858384,0.00124701872807706,1.5651581025409,0.0180761678213782
-4.17,6.102,1.1592,0.2,0.0472340296195715,0.133631905414786,0.228581710611622,0.339198652143741,0.478083643760489,0.607105801840213,0.0472340296195715,0.133631905414786,0.228581710611622,0.339198652143741,0.478083643760489,0.607105801840213,0.0472340296195715,0.133631905414786,0.228581710611622,0.339198652143741,0.478083643760489,0.607105801840213,0.75,1,150.000015727529,89.0882251848764,-5.19802167378398,249.144449536507,197.341840016665,3094.90178106447,-9.9418334834913,1.66382168524112,-0.144905903274659,-0.0396819091761275,1.66382168524112,-0.144905903274659,0.867105673325696,-0.0821036996031664,-41.6221549838559,0.242511734152692,3.67705884803667,752.976752421628,1.27086224747422e-17,1.01508538693886,0.769735350484324,0.695108165816062,0.7255263097594,0.659628486615979,0.639198791792521,0.0123460334118321,0.0146591464430788,0.0121109216748255,0.0149057259660452,0.01570394646391,0.0190462222685137,596.243953754818,8.01017383605879,17.3232166618681,2.25526511184454,123.292737885904,119.350199054922,2551.73717101366,146.949040337807,13.9761808538148,0.151929562464106,0.339932992781968,0.00766944750362872,0.151929562464106,0.339932992781968,0.347287979971089,0.0741049919769255,0.441295714509179,0.5430410120369,0.309232568518229,0.137246410284821,1.20608492484698e-15,0.0581117304564624,0.0361547362360233,0.0370029150312851,0.0401946252031842,0.0400474296393644,0.0390589900636215,0.00911985015614669,0.00315943615189913,0.00198100761879896,0.00170889115163217,0.00123831435193852,0.00105102830013035,0.58281567943432,0.00695333304084243
5.43,17.234,1.11824,0.2,0.0486057680445649,0.167416863622983,0.265963680483957,0.340400568160782,0.47519790169807,0.574445884588907,0.0486057680445649,0.167416863622983,0.265963680483957,0.340400568160782,0.47519790169807,0.574445884588907,0.0486057680445649,0.167416863622983,0.265963680483957,0.340400568160782,0.47519790169807,0.574445884588907,0.75,1,150.000015727529,175.477658577232,-14.3523489496927,617.864722424747,312.748095437975,5227.97916883658,-24.7640708030413,2.01405103635038,-0.581831652323091,-0.060427332569524,2.08960379127174,-0.168863609842725,2.77608471315488,-0.396335479897927,-101.062266430581,0.254268789887512,4.08339558379336,1173.60847828351,11.4934610978026,1.54551265493178,0.983596396208728,0.701920414540152,0.577583762108114,0.395781908134569,0.31395212998646,0.062822755030726,0.0173636014715748,0.0145401534215186,0.0116915425476513,0.0111942930944693,0.0103167639829184,4999.99073013228,43.0932715342152,17.3232166618681,35.1340240747319,122.65797901548,118.602073505222,2545.28436774912,1032.44998556396,20.1149923326786,0.469678031229926,0.425182899139342,0.0280810031545407,0.525202616141895,0.354315135854948,1.58039054588985,0.31245937046281,1.34376441397194,0.563581278323,1.0747614568462,0.582493729197478,0.00528645793542676,0.24819294844444,0.178813731958738,0.147373573861756,0.118111690175423,0.0928678881459677,0.0798019789456363,0.0665519698982245,0.0135458558963307,0.0064915258406554,0.00474114373915186,0.00403551979979077,0.00414192332760882,2.13965960546715,0.00806316928941063
-2.91,9.49,1.28144,0.2,0.0373155365532019,0.153422194346947,0.258728806830424,0.374856477499127,0.419350996996508,0.582148029167942,0.0373155365532019,0.153422194346947,0.258728806830424,0.374856477499127,0.419350996996508,0.582148029167942,0.0373155365532019,0.153422194346947,0.258728806830424,0.374856477499127,0.419350996996508,0.582148029167942,0.75,1,150.000015727529,182.780408290803,-25.4622454181856,420.884699510468,787.338604728674,6403.73804811999,-6.01329319423914,3.387166857619,-0.349727708433496,-0.159700052077909,3.387166857619,-0.349727708433496,6.00717883553797,-0.293279310644724,-69.9569096969065,0.577579160504114,7.41033808978232,978.42081033226,2.1141032246641e-17,1.42548422039371,1.05304173523591,0.932143037183626,0.883679554213103,0.817696781585253,0.743116706593063,0.0160721594596396,0.0166921602958025,0.0169095892094573,0.0228944474533903,0.019930372981981,0.0269360379127174,2368.18925111968,24.4844984897411,17.3232166618681,7.52768989021741,124.366197576525,119.668225106942,2579.77282696842,386.612798356743,28.7598844278004,0.282176071048382,0.348511179453599,0.0273871729973897,0.282176071048382,0.348511179453599,0.903300562863041,0.197703980676846,0.71564542625195,0.557315503287018,0.604642619700591,0.260244695674214,1.32195331989037e-15,0.0946196221828208,0.052711582541509,0.0438875824990155,0.0414571173479446,0.0401157437279812,0.0352070103700102,0.0184748788180864,0.00584018948171405,0.0036402489511628,0.00366061601848167,0.00404859826796252,0.00528778614554924,1.05756849244066,0.00627503509370306
8.91,22.514,1.34992,0.2,0.0604941167878221,0.171043266457108,0.278166669497119,0.376676477410384,0.44730683820886,0.5374295134632,0.0604941167878221,0.171043266457108,0.278166669497119,0.376676477410384,0.44730683820886,0.5374295134632,0.0604941167878221,0.171043266457108,0.278166669497119,0.376676477410384,0.44730683820886,0.5374295134632,0.75,1,150.000015727529,156.194974481825,-8.79649066868035,619.944141235288,82.6920125507759,3751.90408290803,-52.0376075408812,0.750790092573691,-0.305724018748047,-0.0205915587959588,0.809839667128424,-0.036222542300802,-2.54363207750755,-1.03367404285491,-101.046055619207,0.016721526195188,0.944775907707531,1173.68159566712,19.595340068742,1.46956050411416,0.910819247995,0.52205535881679,0.317358963962088,0.131581856725029,0.0190640972023748,0.119960715218207,0.0194398202806999,0.0113099384439121,0.00876538100197896,0.00831430903030934,0.0127377573169462,4999.98677221123,43.0934069367779,17.3232166618681,67.5148351838156,118.235427811397,117.3253102724,2467.09758614046,2031.99137668876,24.1780236999627,0.827776257691332,0.613857684849875,0.0176048078108447,0.964373916923588,0.363332154111232,2.8781513731959,0.752032086105334,2.05456412972587,0.577490401688758,1.98037810410034,0.982749011827484,0.00576731699928853,0.352093336714376,0.309225283676631,0.249217794222157,0.191680419525235,0.133206319422965,0.120463453259761,0.130045016195503,0.0214058055509374,0.00889032447659991,0.00390779387096446,0.0017097185953916,0.00574281599686139,3.74621086442168,0.013267516322813
-11.55,20.49,1.34608,0.2,0.0546067945251587,0.144264613562684,0.260390719400455,0.439368777715777,0.509776079756132,0.613075063559398,0.0546067945251587,0.144264613562684,0.260390719400455,0.439368777715777,0.509776079756132,0.613075063559398,0.0546067945251587,0.144264613562684,0.260390719400455,0.439368777715777,0.509776079756132,0.613075063559398,0.75,1,150.000015727529,167.45133840225,-9.64192913134049,619.54915113009,92.0004450786376,4396.24268305385,-44.6234204770336,1.21817727320071,-0.43307401289449,-0.0229404323507968,1.29105260910322,-0.068639660983231,-0.637526613779814,-0.712848619536507,-101.110220810332,0.0763236462451827,2.09472347672118,1173.64878658473,16.5279043849596,1.51466972190397,0.928792427872096,0.560753577752318,0.373801937298198,0.197844775544215,0.105308672822883,0.0944496182678887,0.0164235557860431,0.0136512220602021,0.00621908894906781,0.00940643745443183,0.0107824866159775,4999.97156546193,43.0936964899492,17.3232166618681,33.080067174996,117.141484930254,117.634223617986,2409.81864638179,828.621664557353,18.8433042210167,0.354284332040343,0.41099408633326,0.012900619831105,0.428427654970419,0.332996859317925,2.83482770901883,0.44737205316321,1.35561355004701,0.529990741023612,0.884367732945899,1.04730350005146,0.00649227285407766,0.323085251534611,0.1754488304676,0.0823414459226059,0.0389624917441525,0.0399386657442557,0.0531111673736613,0.112676786005846,0.01444801822074,0.00404955452581628,0.00102074924504205,0.000675247973948845,0.000903431483436102,3.91566348905144,0.011212491042877
13.65,20.666,1.19056,0.2,0.0488943741731717,0.17734492394768,0.222843026171634,0.36978431254582,0.50091968222956,0.711300971875592,0.0488943741731717,0.17734492394768,0.222843026171634,0.36978431254582,0.50091968222956,0.711300971875592,0.0488943741731717,0.17734492394768,0.222843026171634,0.36978431254582,0.50091968222956,0.711300971875592,0.75,1,150.000015727529,160.720519737527,-10.2632891313405,618.979304239143,155.884076762837,4330.25424434955,-38.1021367925945,1.29185117175294,-0.46424157975211,-0.0311271118425164,1.36982209144881,-0.0893037710321841,-0.22297391440475,-0.690434956379544,-101.102056035829,0.113904387230497,2.34033064543277,1173.70805124466,16.036576398292,1.47930365586918,0.972854327674201,0.632191907093011,0.451478429330279,0.248256835135924,0.147827158498282,0.162263685195396,0.02562714247995,0.0117345985787939,0.0103881995625456,0.0106030431205083,0.00862159295906675,4999.98750130195,43.093488178315,17.3232166618681,55.3018602135008,121.115880384847,118.128046467661,2529.81445706845,1642.06054618344,22.8851193618297,0.664838319703975,0.519321370776923,0.0254556456390376,0.761194235180018,0.363709254627513,3.158519522099,0.517274553117267,1.68534357939551,0.576735151378176,1.52192249747314,0.864018448321762,0.00551103260753725,0.445831762334656,0.355671579770622,0.281343116182073,0.207242081167249,0.153699654910332,0.102289650953678,0.179394700349345,0.0310533030985187,0.0115216169399915,0.00589547309012777,0.00316662125001666,0.00238696541688055,3.29419470679476,0.0102930038347189
-8.73,15.782,1.19568,0.2,0.060134053090452,0.17564777013279,0.279514431971123,0.32239517242196,0.484532515162851,0.618769918518978,0.060134053090452,0.17564777013279,0.279514431971123,0.32239517242196,0.484532515162851,0.618769918518978,0.060134053090452,0.17564777013279,0.279514431971123,0.32239517242196,0.484532515162851,0.618769918518978,0.75,1,150.000015727529,194.241912300802,-17.568684834913,615.310092698678,412.204486470159,6035.47599208416,-22.2451610048016,2.53506749296948,-0.623456829496927,-0.0919076533694407,2.60140662430997,-0.218894665403604,4.83082917404437,-0.280182032763254,-100.973487136757,0.340100506603479,5.25962628892824,1173.56816998229,9.00699385480678,1.53265034892199,0.974594188105407,0.735647515883761,0.643430996771169,0.467112467451307,0.386810248932403,0.0420193953389231,0.017365761379023,0.015016851369649,0.0136402950734299,0.0149661918550151,0.0138480662430997,4999.99218831372,43.0934892198727,17.3232166618681,27.1984245761783,122.721754015691,118.697070884957,2538.45904981796,834.493989063396,24.1584315407798,0.418010495565073,0.402622064771601,0.0318275038557953,0.461157975298177,0.352374991359788,1.54314142748305,0.347995677635981,1.24702735078688,0.562203407748116,0.953195844969518,0.495356852282294,0.00532304969599192,0.205796456688533,0.0808173772411293,0.0386644208533152,0.0349355181539279,0.0380115256611483,0.0428822513687009,0.0486289329209625,0.00836990239924875,0.00308401390457889,0.00189582109193091,0.00168199962416399,0.00568932990064031,1.90379046585162,0.00722777580945588
14.43,14.682,1.32304,0.2,0.0438352704592941,0.150408114111393,0.295585267159594,0.424921231336979,0.529737209987646,0.670957470717287,0.0438352704592941,0.150408114111393,0.295585267159594,0.424921231336979,0.529737209987646,0.670957470717287,0.0438352704592941,0.150408114111393,0.295585267159594,0.424921231336979,0.529737209987646,0.670957470717287,0.75,1,150.000015727529,210.963305905635,-21.9127700843662,612.397177377356,557.117940943651,6753.9762524737,-22.7465545207687,3.02819383397563,-0.63884232892407,-0.128848867826268,3.08258868867826,-0.275196463961045,6.81240172898657,-0.245987827411728,-100.835860847828,0.436936505310905,6.38816331632122,1173.67711696698,6.81119154254767,1.45212845536923,0.985067972086241,0.762385959795855,0.663458795958754,0.524776752421623,0.448188740756172,0.0770929552832309,0.0177518943747735,0.0167304745339027,0.0172503792313301,0.0156804551609207,0.0165392234142277,4999.99198000208,43.0939110509312,17.3232166618681,24.3807673575884,124.855819320574,119.249819895701,2585.95167724954,767.938367249827,27.8700422753492,0.387214085147966,0.378964312611459,0.0336646355393802,0.412897279489149,0.350797915127864,1.51251080738327,0.264814080355937,1.13329986057001,0.557814317686686,0.857981082245797,0.487239524178263,0.00452924240876793,0.398692333968447,0.239281475772915,0.16581004469453,0.123040298259555,0.0974973044238171,0.075516182932366,0.0969320771235867,0.01930559077311,0.00869364281037457,0.00515823821482259,0.00286946335003289,0.00470065788205688,1.55175916503391,0.00529779865345033
0.0899999999999999,20.314,1.17072,0.2,0.0523462313785943,0.163321680206062,0.254180495214005,0.329660383237822,0.472367282407752,0.664521671224104,0.0523462313785943,0.163321680206062,0.254180495214005,0.329660383237822,0.472367282407752,0.664521671224104,0.0523462313785943,0.163321680206062,0.254180495214005,0.329660383237822,0.472367282407752,0.664521671224104,0.75,1,150.000015727529,162.304946359754,-10.0866396906572,619.397083637122,127.794716966983,4337.88084574524,-34.4633373606915,1.25933739193834,-0.45325887827518,-0.0267681050932194,1.3359974377669,-0.0805591712873659,-0.390236062555984,-0.704791521185294,-101.106961774815,0.0983297421518592,2.24137541006145,1173.71836267056,16.343791271742,1.58457535673367,0.965583210082283,0.606989428184564,0.439004332881991,0.234861589417769,0.129890627095303,0.058176093875638,0.0166998726174357,0.0127434888032497,0.00906822705968128,0.00837317498177272,0.0101367547130507,4999.98166857619,43.0934902614312,17.3232166618681,43.7620016904855,119.263175696471,117.795738647785,2471.1878570545,1220.95537667945,16.1332263288257,0.501011624796136,0.463965053464506,0.018780170074623,0.587468351204004,0.348073877918958,3.3071670697678,0.464263963808091,1.51132967376728,0.552996402433584,1.18674064728245,0.938552335003057,0.00583628831618149,0.176836249503544,0.142241579881679,0.123028323787045,0.106802339725343,0.0918362973016534,0.0796673584580415,0.0524505169634083,0.0106346627214149,0.00471281949864152,0.00367586396430329,0.00182903200081442,0.00154040078670527,3.53601667471983,0.0107758475084514
0.450000000000001,14.11,1.36208,0.2,0.0516100205827187,0.158196571905854,0.29536497131465,0.403928537521823,0.536828356070911,0.672380047843535,0.0516100205827187,0.158196571905854,0.29536497131465,0.403928537521823,0.536828356070911,0.672380047843535,0.0516100205827187,0.158196571905854,0.29536497131465,0.403928537521823,0.536828356070911,0.672380047843535,0.75,1,150.000015727529,215.638006457661,-21.7183334965108,611.990584314134,538.488751796688,6900.76606603479,-23.1520588181439,3.08596729507343,-0.645472575773357,-0.133969894802625,3.14075429642746,-0.274711452869493,7.00961847724195,-0.232931350689511,-100.81891782106,0.435703088484533,6.50224320383294,1173.68971982085,6.81510519737527,1.46087792938236,0.951536589938548,0.744318831371732,0.65717838766795,0.508819904176648,0.437707415894178,0.0201584978269034,0.0162320386418082,0.0156132740339548,0.0160716664930737,0.0164643516300385,0.0178015053640246,4999.99239662535,43.0935329653154,17.3232166618681,25.0597530527944,124.35770988187,119.24371971968,2580.41067264033,812.581478644367,27.59110388551,0.420222541455052,0.391916173492124,0.0378338726033434,0.450827069971735,0.356276014830053,1.52892095444665,0.270571100714656,1.17539433348277,0.568172329219723,0.933575468244659,0.502563775629326,0.00478726338243565,0.142657611278002,0.0959883646789822,0.0779245567408578,0.0663567852482581,0.0552572580133822,0.0481945518316001,0.0249984253397316,0.00770629634191706,0.00405250653978519,0.00260690136289136,0.00148842033114869,0.00326105114092793,1.64552565542802,0.00561769726398012
10.77,24.494,1.31728,0.2,0.0545751480241372,0.137740064713426,0.261856047409812,0.383848179356609,0.466394934881203,0.660967458811109,0.0545751480241372,0.137740064713426,0.261856047409812,0.383848179356609,0.466394934881203,0.660967458811109,0.0545751480241372,0.137740064713426,0.261856047409812,0.383848179356609,0.466394934881203,0.660967458811109,0.75,1,150.000015727529,149.586189980211,-8.947809158421,619.907249244871,108.29842121654,3334.94223466306,-55.5821039475055,0.441171154015207,-0.197885838818873,-0.021332175398396,0.48306430509322,-0.020918733241329,-3.81571669567753,-1.30148994479742,-100.983303822518,-0.0133424933486095,0.1569553931153,1173.72034163108,21.6795573377772,1.45563873554838,0.942093448599103,0.516957635662952,0.288196573630424,0.0848708831194667,-0.0428421062649724,0.151408662693782,0.0215403321699823,0.011201722033257,0.00873910603062181,0.0106700948859494,0.0164026338923029,4999.97937714821,43.0931996667018,17.3232166618681,79.8074586693065,117.006055155703,116.613377071528,2451.85736034195,2436.38700096266,28.3452997898613,0.975601097972581,0.71484881896326,0.0145071065346674,1.15111955041657,0.371108807135641,3.03932014090604,0.806305367008362,2.41150378400832,0.590083542032757,2.36970471372554,1.35547183049892,0.00715468003560102,0.40173980681482,0.38023682460709,0.303905059576063,0.229294865411529,0.164511582944573,0.142981834559955,0.165038318377163,0.0284321231084582,0.0107051286305284,0.00446000842382964,0.00466067857515314,0.00973503356161892,5.20418418073523,0.0161648610641173
-13.59,17.146,1.29936,0.2,0.0545415746277605,0.16054646075285,0.275214821079243,0.412112930671862,0.541332204079462,0.675568392220609,0.0545415746277605,0.16054646075285,0.275214821079243,0.412112930671862,0.541332204079462,0.675568392220609,0.0545415746277605,0.16054646075285,0.275214821079243,0.412112930671862,0.541332204079462,0.675568392220609,0.75,1,150.000015727529,180.451859181335,-13.7939512561191,617.929559420894,285.372673888137,5318.39610457244,-35.0961015519217,2.00275512967399,-0.576423504843245,-0.0582810446828455,2.0776765961879,-0.162906347078429,2.66106253578794,-0.391955048819915,-101.068510571816,0.242459596773253,4.01750859285491,1173.58348088741,11.5734673471515,1.48590157275284,0.915118633475679,0.634404301635247,0.501485428601187,0.338485897302364,0.26115572336215,0.0648860901687325,0.0168120050098948,0.0144125720237475,0.0141254607853349,0.0058305767107593,0.00723859597958546,4999.99583376732,43.0933683991252,17.3232166618681,27.9716936706289,120.683834627185,118.220642026465,2495.11310491563,790.569040484336,22.6884317523499,0.378897565767817,0.407720018011028,0.0234726575131884,0.435161938587134,0.347024813829544,1.56001052241384,0.308265088143669,1.29415532705285,0.553592273867856,0.898432997034576,0.561372951338112,0.00565751724599604,0.329688381592226,0.14411745596636,0.0606567798082155,0.0228306003796196,0.0259911183758325,0.0369680985614642,0.0827953965222286,0.0122526609305778,0.00354505776487442,0.00221536812021646,0.000921729922242713,0.00135567787202123,2.37258283466858,0.0086858719835157
-6.81,17.014,1.27696,0.2,0.0483128735892158,0.146260309915943,0.266769291924203,0.375846617647677,0.467588096774551,0.6614834094212,0.0483128735892158,0.146260309915943,0.266769291924203,0.375846617647677,0.467588096774551,0.6614834094212,0.0483128735892158,0.146260309915943,0.266769291924203,0.375846617647677,0.467588096774551,0.6614834094212,0.75,1,150.000015727529,178.050286428497,-13.4107054129778,618.263493386106,269.496509519842,5209.95833767316,-33.4616622226852,1.9241078012707,-0.566492381106135,-0.054508282470576,1.99978470992605,-0.154831162962191,2.33656761389439,-0.414976494805645,-101.074209978128,0.228156684845329,3.82937631496719,1173.63878762629,11.9782897614832,1.51627445057806,0.911507395063014,0.622288511613374,0.498715519216748,0.34039610457244,0.249625559837517,0.0325781772950734,0.0157715873346526,0.0139491796687845,0.0113943881887303,0.00779899843766274,0.00766344057910635,4999.99791688366,43.0933350692637,17.3232166618681,31.7403835202365,121.045006665944,118.380994249161,2506.05863378528,910.897149182645,20.2888974121716,0.419765093959517,0.417497446887362,0.0244515225339215,0.478081695859807,0.349218002794495,1.5680542199358,0.322876366521251,1.32876861983992,0.556416065795526,0.980101668481284,0.637648306929604,0.00642843523237589,0.195448852490536,0.0865380867950099,0.0534783907126192,0.0478712129568717,0.0489681285105328,0.0499913101277945,0.0418201138835053,0.00791412093338428,0.00301357152815724,0.00384492451427068,0.00184867045988959,0.00167119089911551,2.45543526219713,0.00901047470412343
5.55,22.338,1.22064,0.2,0.052728028428583,0.14804965037886,0.22787098733477,0.389434858956698,0.558880435045424,0.740073305600677,0.052728028428583,0.14804965037886,0.22787098733477,0.389434858956698,0.558880435045424,0.740073305600677,0.052728028428583,0.14804965037886,0.22787098733477,0.389434858956698,0.558880435045424,0.740073305600677,0.75,1,150.000015727529,152.307396104572,-9.10719958962608,620.210123945422,115.096037496094,3734.97144047495,-44.1360535360899,0.820292172565356,-0.339836929543797,-0.0169256223310072,0.886451870128112,-0.050805082748672,-2.16820882885116,-1.00360639048016,-101.067296114988,0.0440940699020935,1.17794384510988,1173.65826476409,19.2237756483706,1.50724476617019,0.946006665972294,0.549451796687845,0.343160317675242,0.144941769849807,0.0353925447463806,0.0906579267920009,0.0167457656975211,0.0103294829705239,0.00889696802416415,0.00854976814915113,0.00993146943026769,4999.97968961566,43.0933746484746,17.3232166618681,56.0460755085182,117.726728524604,117.396394915524,2445.75095939532,1598.36664562573,18.4730868116534,0.623371326688968,0.525157214109943,0.0146172902335289,0.736309890853723,0.349620243198787,3.03175038569141,0.626752145146108,1.75325824678253,0.554404637090175,1.48136098417014,0.982437799715279,0.00558674721428761,0.276252078951359,0.244080467779365,0.20582602315414,0.161558931125228,0.110898398272637,0.09913498165342,0.0959402362714369,0.0165384366998929,0.00693258920762012,0.00386239155199943,0.00210651829918025,0.00222242414145188,3.76846895683794,0.0125509851432676
14.13,4.958,1.2616,0.2,0.0520149655811015,0.144625264101509,0.258722928710092,0.361849474044291,0.477710907521081,0.620350569402484,0.0520149655811015,0.144625264101509,0.258722928710092,0.361849474044291,0.477710907521081,0.620350569402484,0.0520149655811015,0.144625264101509,0.258722928710092,0.361849474044291,0.477710907521081,0.620350569402484,0.75,1,150.000015727529,71.9690500989482,1.20244633059056,222.937110717634,19.4199861160297,2490.6881574836,-12.865447891855,1.35714758879284,-0.0971490767076346,-0.0267187220081242,1.35714758879284,-0.0971490767076346,0.348376279804187,-0.0569931035287991,-37.2201041558171,0.165389540704093,3.02524018331423,711.990126028535,-9.17622277366943e-18,0.716823403812103,0.543849036558691,0.514652400791585,0.561039850015624,0.534277606499323,0.541947838766796,0.0130784549559942,0.0146243414227685,0.0118984810957192,0.0125674944276638,0.01526920841579,0.0185366211852932,285.319570878034,4.05373690240601,17.3232166618681,2.01751285458788,122.396689850431,119.676038866849,2519.91177081635,76.4760626652671,11.6270614262724,0.0761216254497535,0.328617237774034,0.00332139223473881,0.0761216254497535,0.328617237774034,0.253517204636557,0.0573896015740296,0.386886220333278,0.52375817446047,0.182111667933807,0.082502492074418,1.10668864547573e-15,0.135330933821797,0.0918211918585906,0.0769250597897894,0.0734873749739426,0.0650065444024335,0.0567214292412693,0.0113573637114225,0.004614085475079,0.00358583818172292,0.00376870955649874,0.00149679648137698,0.000927217386820356,0.310891297994159,0.00414509518735635
14.61,8.214,1.13104,0.2,0.0562067136587852,0.158225024974658,0.310447452411929,0.435481942793999,0.604106436258481,0.71439158316701,0.0562067136587852,0.158225024974658,0.310447452411929,0.435481942793999,0.604106436258481,0.71439158316701,0.0562067136587852,0.158225024974658,0.310447452411929,0.435481942793999,0.604106436258481,0.71439158316701,0.75,1,150.000015727529,114.422518487658,-15.6346654119362,289.587334652641,469.823403083012,3929.87084678679,-5.18096331007187,2.04584574523487,-0.208698736780544,-0.0584730892615352,2.04584574523487,-0.208698736780544,1.67700559316738,-0.121698468469534,-48.7066763878763,0.343751452963233,4.4570719716696,814.651380064572,3.04159000104154e-18,1.45833702739298,1.0835333715238,0.932817341943546,0.875413665243202,0.745516248307468,0.690881876887825,0.0498748715847308,0.0189319598225185,0.021708074575565,0.0268135965003646,0.0294440329132382,0.0346289678158525,1124.534735965,13.9637631496719,17.3232166618681,2.97157946748177,122.102670077263,120.076375330408,2516.02433701387,84.1218497738645,17.5225842634963,0.0853140378669037,0.329669415052463,0.00570802628042033,0.0853140378669037,0.329669415052463,0.491828062774233,0.156493401736501,0.511190852684642,0.525607862521653,0.1732734343421,0.240291536069637,1.38926277463631e-15,0.33809300082823,0.181263096011871,0.121331140446029,0.0946345004957229,0.0682292991845512,0.055433579330149,0.0660971895264869,0.0164301877910268,0.00916807628601031,0.00766270288823866,0.00856155913714999,0.00931882441548119,1.14348997753184,0.0117026412721749
4.17,23.658,1.40048,0.2,0.0586689104367986,0.137600525425638,0.255571657558551,0.391707043923627,0.495502657517416,0.601333689165089,0.0586689104367986,0.137600525425638,0.255571657558551,0.391707043923627,0.495502657517416,0.601333689165089,0.0586689104367986,0.137600525425638,0.255571657558551,0.391707043923627,0.495502657517416,0.601333689165089,0.75,1,150.000015727529,154.262111238413,-9.28185020518696,620.406593063223,86.4008228413706,3422.53439790647,-57.0753858973024,0.440214216633684,-0.187013674322466,-0.0153066850328091,0.478095826882616,-0.0136591205478596,-3.88994209715654,-1.27317556806583,-100.98706697219,-0.0267301089678158,0.115069867732528,1173.65607749193,21.3810894698466,1.50715425476513,0.910074606811791,0.484356869076138,0.264475196427456,0.0728511097073222,-0.0462954312384127,0.0760053583084054,0.0158317852918238,0.0103064925528591,0.00721774190188522,0.00973707738777211,0.015098169149047,4999.95802520571,43.0934913029896,17.3232166618681,65.6834066955723,115.839916575464,116.80121274728,2412.14111045966,1945.2124038057,20.563851874495,0.787088743970885,0.614830663861988,0.00984228495223511,0.933838895698784,0.354212093194683,4.08816519562678,0.725770914365534,2.08936039370547,0.563524119747743,1.9352550461913,1.44201710137608,0.00782892703244347,0.253169909709183,0.236660837775009,0.197705053517619,0.158033772039278,0.113353706900736,0.118822774456722,0.0792598089881625,0.0148413134817134,0.00632876892387813,0.00198476165719676,0.00228104391309981,0.00843972883228052,5.74193350998731,0.0186792317935125
8.55,17.498,1.35824,0.2,0.0587535699189733,0.183942637376772,0.29914902544912,0.415181029241927,0.548187567780475,0.683588666538372,0.0587535699189733,0.183942637376772,0.29914902544912,0.415181029241927,0.548187567780475,0.683588666538372,0.0587535699189733,0.183942637376772,0.29914902544912,0.415181029241927,0.548187567780475,0.683588666538372,0.75,1,150.000015727529,174.231455056765,-12.6278597445058,618.847911675867,238.588273096552,4967.56525361941,-40.8933067388814,1.73279860431205,-0.535868563950629,-0.0471743169461514,1.80868782418498,-0.135643873513176,1.54706066644308,-0.476145264121446,-101.084605770232,0.194184571814394,3.36994613061139,1173.65264034996,12.8951140506198,1.46742962191438,0.883359170919696,0.595030413498594,0.456346370169774,0.289478773044475,0.209946627434642,0.063272235014061,0.017565758417769,0.0129756460785335,0.0105595202583064,0.0101964781793563,0.00844249317779398,5000.0030205187,43.0931163420476,17.3232166618681,43.4816131645666,122.431757701894,118.683438784576,2546.83537281639,1297.91147743887,20.7946324454364,0.570349294020531,0.46077010035123,0.0286651740046948,0.638882215835681,0.359773155424557,1.75856317801187,0.391303431720057,1.47767725716326,0.572165437404968,1.30473645568905,0.610375189187652,0.0049989594185043,0.324719571126304,0.224238167273057,0.173651574831872,0.132016031734786,0.0996721457736284,0.0819054810667177,0.075669681920083,0.0154525263219174,0.0076220320302491,0.00504325282037701,0.00359836863247429,0.0024674746055727,2.10621383265083,0.00740466523785254
-5.61,10.106,1.1176,0.2,0.0483193633234832,0.167339701916697,0.266072811777829,0.40647585579311,0.520672840966427,0.65096825508324,0.0483193633234832,0.167339701916697,0.266072811777829,0.40647585579311,0.520672840966427,0.65096825508324,0.0483193633234832,0.167339701916697,0.266072811777829,0.40647585579311,0.520672840966427,0.65096825508324,0.75,1,150.000015727529,166.083460056244,-25.0405741599834,406.386438912613,760.404931705031,5724.70753046558,-1.44410432892407,2.9601120716592,-0.314546334240183,-0.121752480991563,2.9601120716592,-0.314546334240183,4.61750026038954,-0.251019824640142,-67.1074919279241,0.516234991521716,6.42381918550151,957.558035621282,-4.43504493698572e-18,1.60150442662223,1.18398354338089,1.02955035933757,0.949216196229561,0.828448672013332,0.751693344443287,0.0381605832798667,0.0203704943547547,0.0231094078741798,0.0300990844703677,0.0309969013644412,0.0365442703885012,2219.88667847099,23.4515790021865,17.3232166618681,6.87433749426785,123.502902218347,120.249993232132,2562.47426018198,359.932481334108,25.1414744862449,0.263648607566906,0.345720792070667,0.0224901921274002,0.263648607566906,0.345720792070667,0.820949702215453,0.154191541546679,0.699526938784972,0.552718609799066,0.560256367666665,0.231386795534352,1.44861024854455e-15,0.123848229558512,0.0433157368918598,0.0352492828846386,0.0361676065807488,0.0328877301803173,0.0324819650356002,0.0323083444093174,0.00720137875363038,0.00435685188231763,0.00353686065560051,0.00428475022263541,0.00529287471231048,0.940229702455298,0.00612255331099163
-2.97,12.438,1.11376,0.2,0.0532960893208448,0.163533357107436,0.278171583534816,0.40276479113351,0.451277861910004,0.580484116242785,0.0532960893208448,0.163533357107436,0.278171583534816,0.40276479113351,0.451277861910004,0.580484116242785,0.0532960893208448,0.163533357107436,0.278171583534816,0.40276479113351,0.451277861910004,0.580484116242785,0.75,1,150.000015727529,240.103114258932,-37.6564125622331,572.475783772524,1162.3984054161,8240.1723778773,2.80388768492865,4.22897958545985,-0.462432463821477,-0.246488678262681,4.22897958545985,-0.462432463821477,11.0960114571398,-0.51746903187168,-95.6826226434747,0.756964058050202,9.14906759712529,1146.34246432663,4.87822717112823e-19,1.64130496823248,1.23641547755442,1.06278880324966,0.979355942089364,0.881944130819706,0.799603832934069,0.0602695477116967,0.0230514286287887,0.0264608627226331,0.0317793021560254,0.0291848422039371,0.0343465857723154,4201.48640766587,37.0767711696699,17.3232166618681,10.5202456447262,125.599798586675,119.384463071575,2612.14918103155,494.372909362901,36.4436076568319,0.338014210130092,0.356070880553094,0.0405010586272743,0.338014210130092,0.356070880553094,1.30874179083464,0.184162780562601,0.957255765295456,0.569589494832941,0.722859452476289,0.474558708832033,1.41457687362221e-15,0.127999082456434,0.0577560689993155,0.0446231917074675,0.0399966236381061,0.0345929154773953,0.0321790267147266,0.0408827947538115,0.00862623219254334,0.00505378029503935,0.00388505211414593,0.00377358977502881,0.00449843065785188,6.07827823243345,0.0487216864998752
1.17,15.826,1.22192,0.2,0.046465864575382,0.156969024009526,0.278448822672142,0.372180184911863,0.455029773485336,0.646560828734366,0.046465864575382,0.156969024009526,0.278448822672142,0.372180184911863,0.455029773485336,0.646560828734366,0.046465864575382,0.156969024009526,0.278448822672142,0.372180184911863,0.455029773485336,0.646560828734366,0.75,1,150.000015727529,189.332059160504,-16.6619521367566,616.204499531299,378.374052713259,5796.71325903552,-25.1370677242995,2.36610040620769,-0.60958876367045,-0.0807213998541818,2.43499437558587,-0.201998474553692,4.148152564837,-0.306819096806583,-101.009067805437,0.310664985528591,4.86774450578064,1173.61493594417,9.70507822101863,1.52437412769503,0.956712811165503,0.703323403812102,0.593604176648266,0.441956535777523,0.348038464743256,0.0286711822559837,0.0162569781272784,0.0148799664618269,0.0138381633163212,0.0118859552129987,0.0120269506301427,4999.99177169045,43.0932829913551,17.3232166618681,30.5248605514669,123.120502609093,118.788529436076,2550.20984952354,919.013769710165,22.2985473640369,0.43572110073518,0.407047481808406,0.0304839757717511,0.480628263935199,0.352888397059662,1.53005910833978,0.316290820269421,1.26593862397541,0.561904811797482,0.984241341416527,0.609936658733718,0.00620843055864859,0.170551206916146,0.118222429522096,0.0989911512623536,0.0825360847489071,0.0704368829700718,0.0598564075038567,0.0318658401101998,0.0090761986087227,0.00461822245382806,0.00345735301663835,0.00393767370683956,0.00567212536975962,2.37127668592312,0.00898911443826391
13.23,12.834,1.26416,0.2,0.0469979936160253,0.145558621290336,0.271819998419731,0.337247623107593,0.473292604546763,0.612974863528511,0.0469979936160253,0.145558621290336,0.271819998419731,0.337247623107593,0.473292604546763,0.612974863528511,0.0469979936160253,0.145558621290336,0.271819998419731,0.337247623107593,0.473292604546763,0.612974863528511,0.75,1,150.000015727529,267.00699927091,-42.5185443932924,584.30231225914,1319.1923985939,9171.74304759921,2.55078173138215,4.69250098948026,-0.517763614206853,-0.301149213623581,4.69250098948026,-0.517763614206853,12.9976880533278,-0.591157142047704,-97.5868763670451,0.846227403395481,10.1303475679617,1159.34933861056,1.65549023122591e-17,1.57544037079471,1.23440497864806,1.05510412457036,1.00338534527654,0.864900395792106,0.777823851682116,0.130159157160712,0.0279121509857307,0.0250674046453494,0.0266879109467764,0.028007850223935,0.0338439850015624,4864.21351942506,42.4429673992292,17.3232166618681,5.95742332487548,122.926053729209,119.209718366357,2520.54086357989,270.169183317453,40.5121367881964,0.183586292221748,0.327386644514872,0.0242379633283952,0.183586292221748,0.327386644514872,1.43144536987968,0.224278647623554,0.924804710367258,0.521523790992176,0.432813738706496,0.477222683452688,1.44983216872397e-15,0.342611567916247,0.184457367765907,0.121795959043131,0.100982027582099,0.0755954322490894,0.0619544769518017,0.133151736874283,0.0260206414581532,0.0117893216813588,0.00796410472353178,0.00730087641306267,0.00777325649083286,5.63427277526626,0.0432855812164482
-8.67,3.506,1.30768,0.2,0.0528507365858211,0.179317429705841,0.285621685497115,0.45285995361449,0.566311293723542,0.761812375430215,0.0528507365858211,0.179317429705841,0.285621685497115,0.45285995361449,0.566311293723542,0.761812375430215,0.0528507365858211,0.179317429705841,0.285621685497115,0.45285995361449,0.566311293723542,0.761812375430215,0.75,1,150.000015727529,52.0031298823039,-1.222143276742,207.700923862098,34.4200685032809,1743.25611915425,-18.4038936569107,0.948315456723257,-0.0683661542651808,-0.0137895861889386,0.948315456723257,-0.0683661542651808,-0.221373639048016,-0.0325368001273826,-34.0197729403186,0.116626213671492,2.11907363816269,680.816810748897,1.44584584668264e-17,0.341519154254765,0.262202156025414,0.288859983335069,0.343331527965837,0.347687490886366,0.380488980314551,0.0120256428497031,0.00798876460785335,0.00600079845849389,0.00647930913446517,0.00696691480054162,0.0185503730861368,70.3092240391629,1.04466149359441,17.3232166618681,3.50166006237037,122.145931757598,120.114503439039,2521.63408390404,62.1579030934855,7.73036856096638,0.100633543481112,0.334345734314102,0.00313240416185743,0.100633543481112,0.334345734314102,0.150464889939692,0.0491513390362042,0.362972982380963,0.533988107727149,0.166060206494581,0.0456055839174286,9.21315634795255e-16,0.019556503094486,0.012856072840986,0.0153019858651219,0.020462325764084,0.0229401251169381,0.0233062445899638,0.00128701731430708,0.00040513433729003,0.00030168979947283,0.000377878599675338,0.00185308587902233,0.00401380523334265,0.114794163202629,0.00169735867667287
4.41,6.718,1.17968,0.2,0.0609925764732949,0.168906160902666,0.277992379923156,0.375395978059772,0.453014839509577,0.578459148427252,0.0609925764732949,0.168906160902666,0.277992379923156,0.375395978059772,0.453014839509577,0.578459148427252,0.0609925764732949,0.168906160902666,0.277992379923156,0.375395978059772,0.453014839509577,0.578459148427252,0.75,1,150.000015727529,101.768492865327,-10.498491046766,269.93148630351,334.723505780648,3549.9762524737,-8.65501106365587,1.908473804812,-0.181405784966149,-0.0516379512550776,1.908473804812,-0.181405784966149,1.34192324424539,-0.101824033185189,-44.554647432559,0.302239568240808,4.21117633579835,779.278835537963,4.67371452973649e-18,1.15621388397042,0.856072075825434,0.782319362566399,0.773169430267679,0.715768524112072,0.683709394854704,0.0126278352326737,0.0162277423185085,0.015258927090928,0.0174281033225706,0.0160162837204458,0.020707137798146,812.642203937088,10.5488990730134,17.3232166618681,2.0671309850995,122.616250908277,120.055417703525,2532.23902651915,141.334421153033,15.985336800514,0.137210255956988,0.334700134491723,0.00793093466014296,0.137210255956988,0.334700134491723,0.411998890206494,0.120606131533447,0.469061522212973,0.534179169306523,0.288933728067436,0.16387221308157,1.33216121930172e-15,0.126717571286859,0.0848413146602777,0.0734786304184895,0.0612995293261087,0.057810359949568,0.0489262060537177,0.0165196943222098,0.0061281633501817,0.0037981333333374,0.00304077538702274,0.00205498246148095,0.00328353411526572,0.728704541513223,0.00843148366830825
6.87,14.198,1.29552,0.2,0.0488164315147609,0.148549194966192,0.3113648104451,0.431017976222513,0.525045859612795,0.712930065138963,0.0488164315147609,0.148549194966192,0.3113648104451,0.431017976222513,0.525045859612795,0.712930065138963,0.0488164315147609,0.148549194966192,0.3113648104451,0.431017976222513,0.525045859612795,0.712930065138963,0.75,1,150.000015727529,216.733715237996,-23.8866238433496,611.51260285387,616.893045641079,6979.14352671597,-19.0651923139256,3.15885043224664,-0.631871346734715,-0.139417755442141,3.20809821893553,-0.292752557074576,7.29726195188002,-0.25041844842204,-100.791299864598,0.465717501914384,6.6625097385689,1173.70867617956,6.09778439745857,1.50272981981044,1.01424818248099,0.792480804082908,0.698224903655869,0.563459222997605,0.469304447453391,0.0382683188201229,0.0165342488422039,0.0169239467763775,0.0179825505676492,0.0163080074992188,0.0200115373398604,4999.98343922508,43.0936735756686,17.3232166618681,22.4162437298488,124.797382997782,119.182236885654,2587.93347402754,724.932274295056,28.0805273879937,0.379285272093654,0.38014200372025,0.0347025155094005,0.404263445764271,0.353463816597438,1.47906569573889,0.220563919630246,1.12823700864491,0.563030689020245,0.838693937230894,0.454396036221242,0.00527722803202684,0.246737349631941,0.155248733774622,0.112570277878695,0.0882133927825115,0.0744984468139294,0.0583805834054419,0.0473538883836055,0.0124404790828154,0.00617080131323959,0.00389172363280531,0.00189505759541597,0.00141158120223621,1.40016244730107,0.00557835274882624
-13.35,13.714,1.36592,0.2,0.0548510702642008,0.186360505102074,0.24883597233457,0.378448178551245,0.50257144586734,0.630747277685502,0.0548510702642008,0.186360505102074,0.24883597233457,0.378448178551245,0.50257144586734,0.630747277685502,0.0548510702642008,0.186360505102074,0.24883597233457,0.378448178551245,0.50257144586734,0.630747277685502,0.75,1,150.000015727529,229.349078221019,-25.2316039454224,608.696823247578,676.439922383085,7542.2509113634,-20.1440053326945,3.54814290178107,-0.654954108946985,-0.177049121966462,3.59289948963649,-0.330687076027497,8.86749682324758,-0.253479935437975,-100.634423497553,0.532027912929903,7.56993000729091,1173.58014790126,5.19989813561086,1.44439225080721,0.958321039475052,0.78957168003333,0.71703520466618,0.577743953754817,0.511003916258723,0.0294158813066347,0.0177223585043225,0.0138397062805958,0.0158958138735549,0.0159172388292886,0.0185895177585668,4999.97125299448,43.0935912925734,17.3232166618681,23.473754258618,124.767206576497,119.437023526482,2606.23791658597,839.733213248567,32.6348593320714,0.481965088848374,0.403387795970009,0.050210699211442,0.508941328479142,0.368759039054326,1.62428068195308,0.256708330743495,1.18257786186836,0.590603182540387,1.0752055769017,0.493560215633583,0.00674737894040033,0.247986774845509,0.0845651179873301,0.0287940296361522,0.0173141434262776,0.0261052124255456,0.0356528763927679,0.0488926400903714,0.00846055809301085,0.00291311370615188,0.0018156929683317,0.00129797431525388,0.00104036328126396,1.55684194988595,0.00630287824512167
3.03,11.118,1.36144,0.2,0.0516939132608773,0.158854830686546,0.325847703672673,0.444899698385048,0.525597195592335,0.677151237021083,0.0516939132608773,0.158854830686546,0.325847703672673,0.444899698385048,0.525597195592335,0.677151237021083,0.0516939132608773,0.158854830686546,0.325847703672673,0.444899698385048,0.525597195592335,0.677151237021083,0.75,1,150.000015727529,245.381824809915,-29.9204891855015,564.442183105926,949.737554213102,8470.07582543485,-6.52805489636497,4.37276700343714,-0.439613464482867,-0.262966701385273,4.37276700343714,-0.439613464482867,11.4890662430997,-0.503974166010832,-94.0318810540569,0.722390697139881,9.4905591084262,1136.94740131236,2.61893754817207e-17,1.438025622331,1.06598740756171,0.915131444641183,0.859018560566608,0.771945411936256,0.69798726174357,0.0191197340610353,0.0173547199875013,0.0207674737006562,0.0266730413498594,0.0245084866159775,0.0312268263722529,3736.35412977815,33.2419143839185,17.3232166618681,8.93059335951735,123.643355211197,120.735966099516,2557.34140949066,427.098237235772,37.3982227286131,0.289011695947494,0.342766446369571,0.0355625650035037,0.289011695947494,0.342766446369571,1.28856226347872,0.210866407365085,0.924767348454221,0.547520748095358,0.622843845858284,0.547002976715635,1.32548037876796e-15,0.141615307000201,0.0919582578467299,0.0662257685378072,0.0556433588172883,0.0452411155647297,0.035993190953451,0.0242453628612587,0.00834156950668667,0.00540890842171899,0.00508777073391621,0.00576855024311541,0.00658805756495198,5.75427340072052,0.0464148117787453
3.69,24.406,1.30448,0.2,0.058796317609382,0.159761658543809,0.282542372509775,0.372162557722943,0.51934051366721,0.711794570223951,0.058796317609382,0.159761658543809,0.282542372509775,0.372162557722943,0.51934051366721,0.711794570223951,0.058796317609382,0.159761658543809,0.282542372509775,0.372162557722943,0.51934051366721,0.711794570223951,0.75,1,150.000015727529,149.808441828976,-8.85018547505468,620.523757941881,97.8875410998855,3297.11223470368,-53.1047036767004,0.402727021010311,-0.181305385105718,-0.013451789292782,0.441344745755651,-0.0168077834079783,-3.97829276731591,-1.34318195833767,-100.983849599,-0.0205651417883554,0.0578894033527758,1173.71919591709,22.0565024476618,1.52081283199667,0.921565441099886,0.496663868347047,0.269729957814811,0.0658447775283825,-0.054122641254661,0.0817887012390376,0.016888120454536,0.0109981745651495,0.00736310238516821,0.0102029086553484,0.0158470117696073,4999.96573273617,43.0934381835227,17.3232166618681,63.6934258506534,115.128424803549,116.755027296657,2397.68407926672,1845.99720260173,19.0644473485715,0.727324052322259,0.596154991813011,0.00829075225728907,0.872972646293236,0.349745840862479,3.67942601548815,0.716599393544958,2.03014498452955,0.555581323454284,1.79514179272943,1.58393471668397,0.00875328624289142,0.238779445099425,0.230945906679049,0.197437226088216,0.162009855161971,0.117368545435995,0.11569377573036,0.0809036843392465,0.0148461642682678,0.00677877771276704,0.00231217300765507,0.00319549802692676,0.0100639350167321,6.10489665205829,0.0203137001233166
-9.51,6.674,1.21808,0.2,0.0471272305540049,0.153543957956826,0.292762347077253,0.395776338183597,0.489638374223941,0.619733492410789,0.0471272305540049,0.153543957956826,0.292762347077253,0.395776338183597,0.489638374223941,0.619733492410789,0.0471272305540049,0.153543957956826,0.292762347077253,0.395776338183597,0.489638374223941,0.619733492410789,0.75,1,150.000015727529,101.519234454744,-9.81044932590354,268.276830538486,316.398820633267,3540.52286220185,-10.1369366488387,1.90083387147172,-0.178129756426414,-0.0515132132069576,1.90083387147172,-0.178129756426414,1.31753517404437,-0.100270979893761,-44.1906488907407,0.296843319249036,4.19278460577024,776.103905843142,-5.26996728569939e-18,1.11672575773357,0.834924986980523,0.760279595875428,0.753099229246952,0.690601385272368,0.659164670346839,0.0125548252447037,0.0155938317883554,0.0154695685866056,0.017224227788772,0.016301552963233,0.0207195979585459,785.831309238621,10.2424986980523,17.3232166618681,3.29469290857222,122.897180503925,120.061250327547,2547.78064162441,211.641387737151,15.9833003760239,0.193165820396028,0.341906867640159,0.0109416752838848,0.193165820396028,0.341906867640159,0.422192260963077,0.112525357339776,0.473598025031365,0.546618640566143,0.403180002005505,0.170496679733741,1.2777782099115e-15,0.0888686067321398,0.0272879013476809,0.0202252440571183,0.0281160100341284,0.034638051107693,0.0368791721032201,0.0143266202200214,0.00355549144132088,0.0020017168999669,0.00176224420362533,0.00133836676530413,0.00223983671391744,0.760730764549686,0.00921590695553529
-0.390000000000001,13.45,1.23536,0.2,0.0530591471328293,0.150403840154359,0.22784058688183,0.340633952904259,0.518799849367018,0.655731366337384,0.0530591471328293,0.150403840154359,0.22784058688183,0.340633952904259,0.518799849367018,0.655731366337384,0.0530591471328293,0.150403840154359,0.22784058688183,0.340633952904259,0.518799849367018,0.655731366337384,0.75,1,150.000015727529,228.42667430476,-28.5780260836371,608.544078741798,799.390093740235,7537.75325486928,-12.378288460577,3.57551775856681,-0.621268749088637,-0.177866878450161,3.61183543380898,-0.353463565863973,8.9751711280075,-0.299503688855328,-100.6270617644,0.569315264438079,7.62206707634622,1173.59837516925,4.26787980418706,1.52827611707114,1.05819675033851,0.878001031142589,0.805575179668785,0.644454900531195,0.566826632642433,0.0267233316227476,0.0166055421601292,0.014111675971253,0.0168213829809395,0.0165973065305697,0.0194672221643579,4999.96187897094,43.0936423289236,17.3232166618681,19.2545285763899,125.121690553446,119.351033530417,2600.24249870001,682.734972102156,31.4789729720102,0.387205108386553,0.377426569215826,0.040051003534227,0.405601370907218,0.357583714301698,1.46250104856931,0.222030523138684,1.10041648424082,0.57089236338906,0.848644981156409,0.490252342829725,0.00779707005622323,0.12968051005807,0.0834657905463187,0.073330126482765,0.0556890524618198,0.0508440676356909,0.0445898797842082,0.0257331847871754,0.00785883215600826,0.00437088085559978,0.00308186503285043,0.0016368312867041,0.0011082515891749,1.44784493959139,0.00633548009826768
-7.17,15.518,1.17904,0.2,0.0558091080799957,0.148709625065603,0.250715016673145,0.409346484396037,0.49156435127414,0.727553330475776,0.0558091080799957,0.148709625065603,0.250715016673145,0.409346484396037,0.49156435127414,0.727553330475776,0.0558091080799957,0.148709625065603,0.250715016673145,0.409346484396037,0.49156435127414,0.727553330475776,0.75,1,150.000015727529,198.818612644516,-19.7683249349026,614.681585251537,477.56197753359,6211.62368503281,-19.6798370586397,2.6362100822831,-0.614497345068222,-0.0984507905426518,2.6966784709926,-0.234768314955734,5.19913738152276,-0.270268833115301,-100.950901989376,0.365911904376627,5.46545880637433,1173.59004270389,8.14580970732218,1.56514613061139,1.02818457452349,0.786497448182481,0.663459722945526,0.513771950838454,0.400940693677741,0.0427591107160712,0.0165094605770232,0.0139639762524737,0.016229690761379,0.0155371336319133,0.0170703254869284,4999.98573065306,43.0934913029888,17.3232166618681,25.9599986034613,123.33107676315,118.750898980927,2554.00347732497,808.974955407434,24.7781581103072,0.407078283736683,0.39711428408877,0.0319686285307236,0.445354632151909,0.353653408955202,1.52190541529476,0.314185520414116,1.22024209469423,0.564079317558157,0.915326011136078,0.497536439462346,0.00511646988571354,0.177370885546229,0.0723481602978834,0.0443861603424523,0.0394986813530726,0.0420404756310818,0.0415674852285665,0.0443144372164285,0.00799951285981247,0.0032218570276994,0.00206089378301803,0.00134998045964062,0.00573480079301885,1.79684460407536,0.00653334016634086
-12.39,15.958,1.38192,0.2,0.0587077535233188,0.208253498644735,0.315346165037173,0.402500570047645,0.520205368156072,0.706608652848112,0.0587077535233188,0.208253498644735,0.315346165037173,0.402500570047645,0.520205368156072,0.706608652848112,0.0587077535233188,0.208253498644735,0.315346165037173,0.402500570047645,0.520205368156072,0.706608652848112,0.75,1,150.000015727529,190.931767524216,-15.388827779398,616.467565878554,338.643970940527,5785.6102489324,-35.6683290282262,2.31103301739402,-0.607891900843662,-0.076751967503385,2.38185501510259,-0.192808224182898,3.88560988348088,-0.313467937115925,-101.022530986356,0.293855625324445,4.71861076971149,1173.56816998229,10.1092865326529,1.45205134881783,0.871052994479741,0.632517300281221,0.528610092698676,0.378414008957401,0.295999447974169,0.0398330519588585,0.018299689615665,0.015669963545464,0.014689141235288,0.0108943839183418,0.00545597052390375,4999.99156337882,43.0933746484741,17.3232166618681,27.5029273648452,121.60277451822,118.509075865528,2517.03844939154,825.519307236329,24.3298443689698,0.409466561075389,0.407834522199723,0.0287388848777043,0.459097525062874,0.351028252719067,1.56561195007108,0.292585948212859,1.27592001516846,0.560305430274359,0.950239114011049,0.528326046209181,0.00680236439188605,0.281779557693346,0.109713458094829,0.0419373538452785,0.021366919505827,0.027952282937839,0.0357001632919268,0.0578528889180928,0.00960149230687961,0.0030211893950831,0.00155980659252748,0.00378990683860431,0.00159393482322634,2.21105924449694,0.00829320372754266
3.21,11.514,1.17136,0.2,0.06105382796799,0.196855165668881,0.3202513849129,0.455186865315755,0.516976626017519,0.640410891003834,0.06105382796799,0.196855165668881,0.3202513849129,0.455186865315755,0.516976626017519,0.640410891003834,0.06105382796799,0.196855165668881,0.3202513849129,0.455186865315755,0.516976626017519,0.640410891003834,0.75,1,150.000015727529,221.286657639829,-35.5511732158109,539.519081345693,1057.10232463285,7608.67305489012,-2.95227173544422,3.92100604103739,-0.423038700042704,-0.21173617331528,3.92100604103739,-0.423038700042704,9.44271377981461,-0.438711304759921,-90.1461722737217,0.693536071313404,8.49918779293824,1111.75804603687,-1.02960373190293e-17,1.56211550880117,1.14651840433288,0.987394021456099,0.910146557650245,0.818154463076764,0.747228799083429,0.0376901945224456,0.0214314755442141,0.0246824471409228,0.0313542703885012,0.0288616977398188,0.0342579314654724,3474.40672846578,31.6124872409128,17.3232166618681,7.0910711229838,124.231037540264,119.526348186767,2568.91993863448,353.701808366304,33.5925676704713,0.251000828279182,0.3434091942077,0.027970956676464,0.251000828279182,0.3434091942077,1.12197081361822,0.160972378650728,0.901376772814052,0.548443747837826,0.537653703063263,0.428288860813656,1.4427265696103e-15,0.161655417639374,0.094335968229887,0.0710143683501441,0.0583020516798172,0.046298601975898,0.0387428442143587,0.0345561399064096,0.0102358159111044,0.00686460329047243,0.00536034418509817,0.00578555805907082,0.00620928056016845,1.28900499987353,0.0056495269622389
10.11,22.162,1.1944,0.2,0.0533414242458347,0.168683231447498,0.24538721744256,0.369148219815327,0.461895536680822,0.640760442479402,0.0533414242458347,0.168683231447498,0.24538721744256,0.369148219815327,0.461895536680822,0.640760442479402,0.0533414242458347,0.168683231447498,0.24538721744256,0.369148219815327,0.461895536680822,0.640760442479402,0.75,1,150.000015727529,153.608349130299,-8.84922368565775,619.773554838037,111.476452161233,3882.4297260702,-42.2234048536611,0.950399396122279,-0.381472881836267,-0.022052512550776,1.02239280171857,-0.05911103667118,-1.61381997926258,-0.917694875169253,-101.079415685866,0.0599580030444746,1.5100578526716,1173.69274033955,18.5606895115091,1.48468313717321,0.955620185397355,0.577621258202271,0.376138582439329,0.181935591736277,0.0681414719279242,0.138603768826164,0.0215443707795438,0.011325799875013,0.00944053869388606,0.0080714446411832,0.00955363347567962,4999.99135506718,43.0935819185501,17.3232166618681,60.6506650632793,118.941110936322,117.632492444501,2478.97508670603,1785.94604891731,22.0120707533468,0.712398727942768,0.556411942006216,0.0199241305574321,0.829712172298019,0.358721330010396,2.89765945632236,0.621940474922613,1.84310222015983,0.568979602874926,1.67608460179415,0.809551316166492,0.0052225017333747,0.371682839021265,0.324675653898123,0.26285380240481,0.199851584245609,0.139716929683741,0.112425477527128,0.148458275991513,0.0247573714305483,0.00980229257235254,0.00470626085000824,0.00198536896179555,0.00197183319298526,2.99722584356801,0.00964752678291776
-5.97,3.374,1.13744,0.2,0.044998392801316,0.136547488426834,0.264300305283682,0.375366632204679,0.473019151108601,0.60833615430416,0.044998392801316,0.136547488426834,0.264300305283682,0.375366632204679,0.473019151108601,0.60833615430416,0.044998392801316,0.136547488426834,0.264300305283682,0.375366632204679,0.473019151108601,0.60833615430416,0.75,1,150.000015727529,47.9852879908344,-0.830678875117171,206.910580147901,24.4716536402457,1590.95635871263,-15.8777341943548,0.866888324132902,-0.061618236105614,-0.0117300252057077,0.866888324132902,-0.061618236105614,-0.324486874022497,-0.0298070603312155,-33.7698614727632,0.105484346859702,1.94233017394022,678.357681491511,2.44084649932298e-18,0.312053515258827,0.243391115508801,0.269167586709718,0.333723226747214,0.344997146130612,0.401543943339236,0.0120204750546818,0.00804766295177586,0.00600167899177169,0.00645438881366524,0.0060667831475888,0.0158107890844704,54.0689990625977,0.806292584105818,17.3232166618681,3.7617921680351,122.336043931366,119.917643924934,2525.74178309195,53.9784184442235,7.07446970295937,0.0884388041371072,0.334309163051036,0.00261466946197914,0.0884388041371072,0.334309163051036,0.132720125901363,0.0470707629514661,0.358860220547692,0.533833519158291,0.1334454778445,0.0494089967358471,8.98665781425284e-16,0.0187390660449079,0.0165862207876275,0.0166991590762082,0.0188002662338069,0.020812695348943,0.0221290913126467,0.00105859706639828,0.000371239720019281,0.000271987109194505,0.000296929209008398,0.000626665883408748,0.00329330248246814,0.10678613800468,0.00157275209917251
-8.07,17.19,1.10544,0.2,0.0489611517983004,0.146329771630115,0.234635799321247,0.321282772865434,0.452261450596858,0.637615669821815,0.0489611517983004,0.146329771630115,0.234635799321247,0.321282772865434,0.452261450596858,0.637615669821815,0.0489611517983004,0.146329771630115,0.234635799321247,0.321282772865434,0.452261450596858,0.637615669821815,0.75,1,150.000015727529,177.869232371628,-14.8130301531091,617.66620143735,327.450291084262,5325.0883241329,-23.4766316434746,2.06328538693886,-0.583913345484846,-0.06199534735965,2.13719800020831,-0.174656288234559,2.94368568638684,-0.380570441853973,-101.060063535049,0.263384490221852,4.18006436829497,1173.59889594834,11.1298260597854,1.57358973023644,1.00238644932819,0.710074252682013,0.595789688574107,0.414721029059472,0.314665232788251,0.0557757501327986,0.0163448594938027,0.0127213313196542,0.0132995982710135,0.0117183927715863,0.00746659681283199,4999.99281324862,43.0933402770546,17.3232166618681,29.6150861598347,121.664380146912,118.325211987611,2515.16530964517,845.18709979292,20.8888345249348,0.394473132275796,0.408174592103768,0.0249015235177877,0.447850356169335,0.348781278079937,1.52008624461114,0.301440299627162,1.29080224816954,0.555709221386185,0.915359280113346,0.579183000104122,0.00682221799100914,0.215427365695156,0.0936525760830164,0.0499276537803106,0.0429681304854356,0.0453204155433757,0.0486082387721643,0.0602961722484964,0.00941262764529128,0.00325530552235296,0.00192793091733975,0.0038154083488296,0.00192155085435194,2.31017910818424,0.00874867439281919
-13.23,18.202,1.1464,0.2,0.047272577469958,0.155506608052552,0.273136128765004,0.381225226101802,0.52843471185432,0.740520413137797,0.047272577469958,0.155506608052552,0.273136128765004,0.381225226101802,0.52843471185432,0.740520413137797,0.047272577469958,0.155506608052552,0.273136128765004,0.381225226101802,0.52843471185432,0.740520413137797,0.75,1,150.000015727529,173.119529215707,-13.5184297817936,617.673409019893,280.685243380898,5037.86199354234,-29.3035380384439,1.82895229663577,-0.553864282887199,-0.0488256108738673,1.9050329132382,-0.150625635312988,1.96308489472972,-0.44629299509426,-101.100272888241,0.220681068733465,3.61685793146547,1173.63232996563,12.3270982189359,1.53379387563795,0.99013276742006,0.68603300697844,0.538747724195396,0.353736871159254,0.250324205811894,0.0954521594448494,0.0173122963192793,0.0145956093115301,0.0144193176752422,0.00726472179981252,0.00710305738985522,4999.99166753463,43.093514217269,17.3232166618681,28.9252331240102,120.65854813221,117.951733826332,2490.3151145289,774.814454276894,20.973096576857,0.350276549397023,0.404963725767209,0.0201324781878328,0.409728055086467,0.344695790641064,1.55646061724371,0.313060521444225,1.28980531820022,0.549164670822346,0.832271970660891,0.627007175220526,0.0060307923362091,0.325215743949287,0.156225376163523,0.0697918104004156,0.0278000488098599,0.0287640633133198,0.0381630221530079,0.11325371177654,0.0143857182337633,0.00413784468772602,0.00164589064317173,0.00194498062870407,0.00159774692690527,2.419739427319,0.00894561292235143
-11.73,23.174,1.15728,0.2,0.0653178144602416,0.18733564688725,0.315961087229006,0.426589982261087,0.548921112087203,0.624987496186105,0.0653178144602416,0.18733564688725,0.315961087229006,0.426589982261087,0.548921112087203,0.624987496186105,0.0653178144602416,0.18733564688725,0.315961087229006,0.426589982261087,0.548921112087203,0.624987496186105,0.75,1,150.000015727529,155.026518071034,-7.78499795750443,620.183595458806,66.9428087595042,3872.77033642329,-40.0287292990313,0.914330153109053,-0.368858176342048,-0.0133257398187689,0.984755390063536,-0.0480045951046766,-1.77707494363504,-0.95640254036038,-101.090690553067,0.0411935984803666,1.41423000956151,1173.68232475784,19.1792677846057,1.52451348817831,0.981632986147277,0.586337996042078,0.365652921570669,0.155515264034997,0.058489303185814,0.137449223324758,0.0202960620566608,0.0150995144255807,0.00652176242058119,0.0101269235496303,0.0100229246953442,4999.97187792938,43.0934808874081,17.3232166618681,34.3278044018547,115.392408949741,117.442931241396,2366.40506772587,724.88645408205,17.703760176447,0.25206963343503,0.386988072726407,0.00735263432924488,0.3302621503448,0.322834422880142,2.71774280417143,0.473595451410948,1.30264335110195,0.512067519687016,0.645628843406668,0.982613994203576,0.0068841040159146,0.306977396783148,0.213834046820213,0.10702880532198,0.0532610229206809,0.0465638486490992,0.0448204642654642,0.148732156013104,0.0189759090458382,0.00571423412699824,0.00118552134738799,0.000687760399767291,0.00223556547718158,3.74294345848695,0.0122485915127319
8.25,16.882,1.36784,0.2,0.0496312293553096,0.139676308372575,0.263611429893422,0.338985083527063,0.443114640945241,0.639661424082113,0.0496312293553096,0.139676308372575,0.263611429893422,0.338985083527063,0.443114640945241,0.639661424082113,0.0496312293553096,0.139676308372575,0.263611429893422,0.338985083527063,0.443114640945241,0.639661424082113,0.75,1,150.000015727529,177.624132902823,-13.0737857629413,618.323612123737,256.04402489324,5159.86876367045,-39.1577373190292,1.87260089574003,-0.55788395977294,-0.0538765272367462,1.94827202374753,-0.148681574914072,2.11092237402354,-0.427478033204874,-101.078451203,0.216896612154984,3.69584949484429,1173.64701593584,12.2254317258619,1.4506735756692,0.87866478491824,0.590410248932403,0.479154640141652,0.319592282053953,0.231625877512759,0.0466522222028955,0.0155457138047183,0.012193049578169,0.00988279575044267,0.00988138923028851,0.00803399322987189,4999.99250078117,43.0930923862097,17.3232166618681,42.136476278485,122.908166590351,118.823939926688,2555.74709402677,1266.18924527835,21.3609671116734,0.560686307602148,0.453148615214439,0.0304620522403099,0.624510591830847,0.360131387974088,1.73002530530836,0.378394895953903,1.44861762658795,0.57279199418052,1.27316149307541,0.605765442656517,0.00498158584504023,0.314777856595288,0.215971129929196,0.168101795669911,0.129327922729306,0.0998559572365888,0.0789294819589982,0.0605264853008905,0.0142618964748822,0.0068750585123298,0.00444826522392048,0.00300873146487932,0.00239397727734273,2.05855582610528,0.00728931190619738
7.23,17.938,1.2648,0.2,0.056843311338956,0.130804782548432,0.271818182508393,0.395059789579985,0.539403136048806,0.753555657440967,0.056843311338956,0.130804782548432,0.271818182508393,0.395059789579985,0.539403136048806,0.753555657440967,0.056843311338956,0.130804782548432,0.271818182508393,0.395059789579985,0.539403136048806,0.753555657440967,0.75,1,150.000015727529,171.047255494219,-12.6701632632017,619.157233621498,241.053779689616,4846.29559420894,-36.462261431101,1.65635749401104,-0.522707843803771,-0.0429130596812832,1.73195412977815,-0.130689216800333,1.23690640804083,-0.505736697668993,-101.091718570982,0.185271082634101,3.19104387043017,1173.67503385064,13.1991136339966,1.50254348505364,0.9405674825539,0.624657150296844,0.477796437871055,0.299907801270701,0.202631920633267,0.0687829273804812,0.0156321512754088,0.013075004582856,0.0106755673367358,0.0103592416414957,0.00832454213102803,4999.98729299031,43.0931902926778,17.3232166618681,42.1371941922333,122.027538956153,118.499874648371,2537.05121840305,1234.28812525951,19.4563228639438,0.530055256768035,0.453111418862785,0.0256660822169608,0.59901901475791,0.356997291618735,1.69682074229676,0.382780708054303,1.45973380291504,0.567393283685628,1.21148081463012,0.635749689834665,0.00551094578722938,0.296894442888761,0.217878192897826,0.172475225784879,0.131219872851104,0.100050627374805,0.078867158175805,0.0777844474243836,0.0151668155876442,0.0072673872546423,0.00500175200101504,0.00370233872264928,0.00275226898620347,2.20677106086814,0.00787785223002361
-2.25,22.118,1.14576,0.2,0.0518693175815488,0.139926060041208,0.2793092157784,0.373066790058885,0.51565755592457,0.668969420892754,0.0518693175815488,0.139926060041208,0.2793092157784,0.373066790058885,0.51565755592457,0.668969420892754,0.0518693175815488,0.139926060041208,0.2793092157784,0.373066790058885,0.51565755592457,0.668969420892754,0.75,1,150.000015727529,154.635306738881,-8.7736931379023,620.160712425789,93.7903446411832,3902.02791375898,-37.3143151755026,0.953411030101031,-0.380722059422977,-0.016672159337569,1.02512464534944,-0.0552501318091866,-1.60355545811686,-0.920315843252786,-101.088282470575,0.0539370973193418,1.51922046665347,1173.79064680762,18.6834725549424,1.6067435683783,0.979672648682428,0.578045266118113,0.37508404332882,0.164673543732945,0.0669759813979794,0.0710333933277784,0.0159032260181231,0.0133671944589105,0.00796857535673367,0.00956757889803144,0.0097008544943235,4999.97843974586,43.0934756796171,17.3232166618681,44.2266153953156,117.019998356385,117.489392526839,2417.3230758993,1152.651317729,14.441893966723,0.437582819737436,0.452089610473995,0.0126451017974727,0.530837412431177,0.337741102781025,2.53970720843789,0.524243612218505,1.50476693163274,0.535640369681514,1.05451541031937,0.965185651578495,0.00601928340685263,0.177654333334823,0.133733436122924,0.110106836322418,0.0975037985453633,0.0871771552780148,0.0704750127660589,0.0624558673465907,0.0105793091403473,0.0043915603590147,0.0029732930674543,0.00133493192439121,0.00215607653523826,3.52329357377727,0.0123799088378044
-11.01,14.946,1.32624,0.2,0.0575865510562061,0.173025264742524,0.272720654395738,0.384500609270289,0.503554574853908,0.728361028855867,0.0575865510562061,0.173025264742524,0.272720654395738,0.384500609270289,0.503554574853908,0.728361028855867,0.0575865510562061,0.173025264742524,0.272720654395738,0.384500609270289,0.503554574853908,0.728361028855867,0.75,1,150.000015727529,208.467888761587,-19.888983179148,613.469451098844,474.79794262056,6573.04916154567,-24.8096211718779,2.83584157900219,-0.633466602437245,-0.113582648682429,2.89520747838767,-0.247104998968857,5.96472377877305,-0.240457485742006,-100.899182376836,0.386880593701697,5.90417341943547,1173.57723153838,7.71360743672533,1.48540589521925,0.952848515779606,0.739471065514009,0.642397833559003,0.49209695865014,0.392395781689407,0.0351763265093219,0.0171566128528278,0.0147484438079367,0.0153065236954484,0.0158520185397354,0.0171291546713884,4999.98812623685,43.0934204770331,17.3232166618681,25.6528754278988,123.196542164577,118.930585510172,2553.33364190145,828.971468949861,26.942509817702,0.431700367254504,0.40042104682917,0.0363465618034453,0.469141202169703,0.355822724927067,1.58776397960902,0.338850114953191,1.22161201055793,0.568300246275995,0.972693168061439,0.494025009308132,0.00547339615985256,0.233421351678481,0.0854179581170764,0.0325831377050816,0.0228841208932317,0.0299830030517162,0.0348055055498265,0.0491888325203781,0.0084867742748274,0.00291439233760542,0.00172525481073507,0.00121788529498454,0.0056283352120035,1.8473699320194,0.00664008921732839
-3.09,15.606,1.15792,0.2,0.048841905456416,0.16581733853098,0.287390858034057,0.412348143456731,0.546428021267815,0.701597608455599,0.048841905456416,0.16581733853098,0.287390858034057,0.412348143456731,0.546428021267815,0.701597608455599,0.048841905456416,0.16581733853098,0.287390858034057,0.412348143456731,0.546428021267815,0.701597608455599,0.75,1,150.000015727529,196.213175710863,-19.5997872476825,614.975752525779,472.637554317259,6113.52577856473,-19.2811264743256,2.59200687428393,-0.612871045724404,-0.0954489855223413,2.65342256014998,-0.231215768253307,5.05366236850328,-0.278076056111655,-100.958983439225,0.360684346672221,5.38326726382668,1173.61139464639,8.32302624726591,1.58741547755442,1.03230879075096,0.787708155400479,0.665734454744298,0.49699360483283,0.407279168836579,0.0384219512550776,0.0171854203416311,0.0156224792209145,0.016381621289449,0.0165375585876471,0.0162044668263723,4999.991459223,43.0935996250386,17.3232166618681,26.3874195152581,123.460476156939,118.743297159596,2556.52631905145,810.657227441478,23.9830947829236,0.402980916828253,0.396127194311096,0.0310714782569947,0.441297187830174,0.352941049953101,1.509328265827,0.316773601591681,1.2172090976204,0.562536149667972,0.906685336139798,0.493827886861578,0.00469804243019751,0.139785071501169,0.0801851489640152,0.0646988779779643,0.0588491495640642,0.0530200428369396,0.049349826888593,0.0339017022718053,0.00792300980302991,0.00388569877665878,0.00250025955550553,0.00150462918927494,0.00601436118987369,1.67727766957744,0.00611518736638987
-0.210000000000001,16.266,1.3,0.2,0.0454707862271205,0.163631606785859,0.257876697763477,0.347679377679026,0.477323215708951,0.576135474030051,0.0454707862271205,0.163631606785859,0.257876697763477,0.347679377679026,0.477323215708951,0.576135474030051,0.0454707862271205,0.163631606785859,0.257876697763477,0.347679377679026,0.477323215708951,0.576135474030051,0.75,1,150.000015727529,182.429434433913,-14.1831734683887,617.472752838245,297.628807592959,5441.73284032913,-32.6162127903344,2.10710186438913,-0.591774973440267,-0.0654907697114884,2.18182262264347,-0.172255754443287,3.107449047193,-0.364062750373919,-101.049553171545,0.259452646101448,4.27267409644828,1173.60566607645,11.1734788042909,1.48547130507239,0.889629101135299,0.62428946984689,0.520015113009061,0.357852400791584,0.288453744401625,0.0228050650383293,0.0162004329757317,0.0135508385584835,0.0109249682324758,0.0101387039891678,0.00725053546505573,4999.97729403187,43.0932048744922,17.3232166618681,34.0047171694436,122.326677742782,118.708082291244,2536.97328477425,1012.26059616868,20.7183788236643,0.470092411169582,0.424008456297899,0.0294134863884251,0.524718722162801,0.354161931400077,1.59500574757374,0.320746939559131,1.33523393639723,0.564096136748593,1.07885816227002,0.571461190487548,0.00528567183400528,0.159546609028701,0.10808051277922,0.092995761275157,0.0793743926729406,0.0669056525912623,0.0621402999502342,0.0282308435206301,0.00796628437211529,0.00393921363556767,0.00397581156064539,0.00375255760052862,0.0016715321024741,2.12590789671312,0.00788515226465896
-0.15,17.586,1.28784,0.2,0.0453644466494516,0.154458171386438,0.240303067379687,0.348409094151012,0.433157137184043,0.490626574985055,0.0453644466494516,0.154458171386438,0.240303067379687,0.348409094151012,0.433157137184043,0.490626574985055,0.0453644466494516,0.154458171386438,0.240303067379687,0.348409094151012,0.433157137184043,0.490626574985055,0.75,1,150.000015727529,171.719987501302,-11.8612303916259,619.070815540048,217.890156421206,4900.20299968753,-36.600826893032,1.71076804499531,-0.54090628253307,-0.0454684189146963,1.78935716071243,-0.132284353485053,1.48817000671284,-0.494064715524425,-101.088694927611,0.189283323273617,3.33838714717217,1173.68190813457,13.3175096344132,1.51219206332674,0.885918237683574,0.580702385168211,0.456648026247266,0.293640547859598,0.220157399229247,0.0271598131694616,0.0158581092594521,0.0121352577856473,0.00948908082491406,0.00781693719404228,0.00885412582022706,5000.01551921675,43.0933569419853,17.3232166618681,38.9393334431888,121.055019314224,118.513276894456,2511.10124075075,1141.83355422656,18.4736778620011,0.516477998038579,0.447907725401768,0.0261139036382145,0.58516692449233,0.353481338510132,1.69516645684593,0.389857462866015,1.44226034070089,0.56296642535577,1.21043056655705,0.673033202729648,0.00583412517378685,0.171081319551559,0.119583453137243,0.10162785164889,0.0872637439300975,0.0757302661346493,0.0740308558016512,0.0314869412011325,0.00849473551741746,0.0038260566778857,0.00385069806557417,0.00141735326890211,0.00137342323418868,2.45498403840496,0.00909043544873293
-5.19,10.502,1.11568,0.2,0.0554688698079858,0.168725066321105,0.305035827344776,0.429928929710071,0.569241888388864,0.701789989383942,0.0554688698079858,0.168725066321105,0.305035827344776,0.429928929710071,0.569241888388864,0.701789989383942,0.0554688698079858,0.168725066321105,0.305035827344776,0.429928929710071,0.569241888388864,0.701789989383942,0.75,1,150.000015727529,172.247838766795,-25.432116937819,424.654358920946,773.824719602125,5902.15362983023,-0.707727994063119,3.02013123632954,-0.319734226647224,-0.126300464534944,3.02013123632954,-0.319734226647224,4.95719643787105,-0.267419818300177,-70.1162858035621,0.523445100482242,6.52951182168523,978.866930528076,1.63387485574419e-17,1.62303260077076,1.2101875846266,1.03266923237163,0.953901072804915,0.814400093740236,0.733124153733988,0.0505043153775649,0.0216802178314759,0.0270826384751588,0.0325536985730653,0.0346140849911467,0.0403526913863139,2371.42433079887,24.5066076450371,17.3232166618681,7.05423378822967,123.653845788964,120.096155052281,2564.5129238367,363.670441814541,25.8124834437364,0.262357239084863,0.345548434606419,0.022782173191921,0.262357239084863,0.345548434606419,0.862649011132652,0.153628130874278,0.732230365031718,0.552312189063522,0.556908941437414,0.240375236752836,1.41762321018111e-15,0.128602943037523,0.0454272095867933,0.0367501117221127,0.0366335383945819,0.0318196734379777,0.0309517493594687,0.0379732243026214,0.00751290334331824,0.00455060995360039,0.00369554810948918,0.00405808624316222,0.00499363546442053,0.968314489492309,0.00625675467373659
-10.17,7.598,1.22896,0.2,0.0519488773084167,0.155171381064581,0.270894612787062,0.334527316665142,0.427944959748902,0.609817477684825,0.0519488773084167,0.155171381064581,0.270894612787062,0.334527316665142,0.427944959748902,0.609817477684825,0.0519488773084167,0.155171381064581,0.270894612787062,0.334527316665142,0.427944959748902,0.609817477684825,0.75,1,150.000015727529,121.826601395688,-17.4113784980731,291.82344547443,518.904223935007,4270.4111030101,-8.28623992021664,2.27943151755025,-0.233270226839913,-0.0734054494323507,2.27943151755025,-0.233270226839913,2.15114787001354,-0.13420020337569,-49.0930215602542,0.386251793125716,5.00357764816165,818.084189146961,-1.6611097906468e-18,1.28691823768357,0.953012936152482,0.860959306322257,0.845516227476305,0.773214165191125,0.704552411207165,0.0140607111665243,0.0161146984689095,0.0156970388501198,0.0177686177481513,0.0165806825330695,0.0247145880637434,1156.10457244037,14.2953171544632,17.3232166618681,4.77447342213801,122.900016494457,120.18112397389,2549.49597673325,283.233390285367,19.13550995596,0.232327974716148,0.343721117541173,0.0154592399745997,0.232327974716148,0.343721117541173,0.53478034722785,0.200791230389956,0.524270588983025,0.549714068854327,0.491488495368416,0.210614159589755,1.33609227177664e-15,0.118616730839543,0.0345906648553988,0.0189581796082964,0.0268591190903248,0.0347399390014786,0.0355350830557524,0.0201840524722854,0.00466876540240729,0.00237895296731104,0.0022123394923685,0.00218310717958088,0.00466423758055858,0.996086575359405,0.0100812287644954
13.89,10.062,1.37488,0.2,0.051850093291852,0.175946497007907,0.289763810624585,0.433811607394967,0.528633943360345,0.688465096146272,0.051850093291852,0.175946497007907,0.289763810624585,0.433811607394967,0.528633943360345,0.688465096146272,0.051850093291852,0.175946497007907,0.289763810624585,0.433811607394967,0.528633943360345,0.688465096146272,0.75,1,150.000015727529,196.414352671596,-29.128804663056,443.557150296844,870.471721633163,6831.71721695657,-7.43289220799916,3.56552577856473,-0.371275720807208,-0.175248151234246,3.56552577856473,-0.371275720807208,6.851227788772,-0.323404516217061,-74.4895021351943,0.610909956910739,7.76178720966566,1009.74252682012,-1.23563653786065e-18,1.43603689199042,1.05640469742735,0.926032798666805,0.862856681595668,0.768780199979169,0.693120393708989,0.0375852121411311,0.0187270992387876,0.0199948592854911,0.0258121653994376,0.0250578970940527,0.0318407457556504,2603.20987397146,26.0787657535675,17.3232166618681,4.00820281581322,123.18980315337,119.60357668305,2532.64809585164,219.128847951581,31.007774446763,0.157364910938784,0.329955586655111,0.0159750270920623,0.157364910938784,0.329955586655111,0.935146192939569,0.174390944742951,0.741441741657078,0.525664276262115,0.362679230155781,0.437264972507128,1.359596101834e-15,0.317507779860861,0.170151763244533,0.118438959261767,0.0916946253388317,0.0722830457775312,0.0561688184988193,0.0571043121380974,0.0151754509867911,0.00856067729589594,0.00736919896484506,0.0075868731525956,0.00898595846225973,1.23945989360894,0.00718704114312766
1.35,5.134,1.22576,0.2,0.0603932606020497,0.14919418060609,0.285384550600451,0.470825704513103,0.593591945896189,0.758188549834105,0.0603932606020497,0.14919418060609,0.285384550600451,0.470825704513103,0.593591945896189,0.758188549834105,0.0603932606020497,0.14919418060609,0.285384550600451,0.470825704513103,0.593591945896189,0.758188549834105,0.75,1,150.000015727529,73.5855577544007,-4.8575755129674,223.748487657536,149.363618998021,2521.34069367774,-13.3918053774919,1.34721883137174,-0.113619055778252,-0.0263042214352671,1.34721883137174,-0.113619055778252,0.320509019268826,-0.0554402222207062,-37.8404364128737,0.19025374393709,2.97479158420998,717.807874179761,1.06555639506301e-17,0.798131121758151,0.6047841683158,0.571100229142798,0.584357556504531,0.542487553379855,0.526362618477242,0.0120730249557338,0.0146171860222894,0.0142781858139777,0.0171343974585981,0.0178304801583168,0.0217595865014061,327.471825851474,4.61494229767733,17.3232166618681,2.04578925372299,121.706697784917,120.518247702215,2513.62990254431,76.9249543596036,11.2035832730977,0.104654847014727,0.332093003797432,0.00445055791686593,0.104654847014727,0.332093003797432,0.252238790825221,0.0602869104967323,0.403133516890659,0.530058340661154,0.203849247290329,0.0985227934758406,1.10690173260142e-15,0.0656816315970603,0.050675176197671,0.0474951251659664,0.0440705753761741,0.0408237687386141,0.0360793112660778,0.00656839962221836,0.002871149934836,0.00208121896049196,0.00171632973653381,0.00110534856335335,0.000835341974533645,0.396727353484062,0.00520650667547795
8.07,6.542,1.16368,0.2,0.0544290617302339,0.171991863239264,0.300679679971134,0.44275634010596,0.547041261206157,0.667770489328006,0.0544290617302339,0.171991863239264,0.300679679971134,0.44275634010596,0.547041261206157,0.667770489328006,0.0544290617302339,0.171991863239264,0.300679679971134,0.44275634010596,0.547041261206157,0.667770489328006,0.75,1,150.000015727529,93.8847370065619,-11.3181955910843,260.327876262889,332.700494198521,3240.9756275388,-9.70101801166546,1.7249445891053,-0.166869345130716,-0.0422459722945526,1.7249445891053,-0.166869345130716,0.978378901479013,-0.0862760358958442,-42.8867232579939,0.277155445641079,3.79352879908343,764.472981981044,-1.96474569315696e-18,1.12912946568066,0.835882616394126,0.761542714300594,0.737775554629727,0.671661764399542,0.640955942089366,0.0125513949054265,0.0161542011248828,0.0157982430996771,0.019402314342256,0.0186233454848454,0.0237637173211124,689.217362774711,9.11995760858251,17.3232166618681,1.97954112319785,121.833611978457,120.641057388487,2513.66394314748,103.001042822818,14.4698826545175,0.109953911046006,0.330890036915712,0.00592232049598373,0.109953911046006,0.330890036915712,0.371373744240731,0.0783857626838594,0.453918071913922,0.52785469557149,0.228972708136949,0.156728110474122,1.27723086090926e-15,0.161262207733683,0.104410520936129,0.0840362089573504,0.067940991057706,0.0604657697015006,0.0502075732413114,0.0199877944976229,0.00714395256040196,0.00427667875009585,0.00356498441112936,0.00275296827955426,0.00454748315954379,0.688745510077294,0.00797937279994647
0.33,22.206,1.3128,0.2,0.0539331231394641,0.151202164613761,0.274949569984358,0.382222674429349,0.493819164611421,0.64995365007479,0.0539331231394641,0.151202164613761,0.274949569984358,0.382222674429349,0.493819164611421,0.64995365007479,0.0539331231394641,0.151202164613761,0.274949569984358,0.382222674429349,0.493819164611421,0.64995365007479,0.75,1,150.000015727529,155.980303093428,-9.07035902510155,620.428851161337,88.0229436100406,3749.50640558275,-48.2422810123946,0.760682340370794,-0.310694996645557,-0.0141330344026664,0.820758153137173,-0.0389756788792834,-2.48464922872618,-1.03061486108114,-101.058582439329,0.0221160286720133,0.985481067530464,1173.68690761379,19.4988949067805,1.5604829705239,0.914165576502448,0.514328007499218,0.313185737943964,0.124570544846683,0.0183163919706281,0.0538954184868243,0.0159890280179148,0.0113854152692428,0.00665070419747943,0.0091291706072284,0.0105199963545464,4999.96937818977,43.0934069367779,17.3232166618681,50.7511556393649,116.548000299273,117.362449918435,2413.93114159316,1409.34646622468,15.5621623331702,0.553546952304638,0.495061978129601,0.0115062545041365,0.659287599729361,0.341811307855798,3.09332872889552,0.628674511313695,1.6631541321825,0.542486107151396,1.33465275409726,1.12420547346476,0.00740337029769304,0.18899909762397,0.161335430513132,0.137771159966893,0.11708676593254,0.0868098690229536,0.0852598469338787,0.0516603097883948,0.0108676660246762,0.00541042941479041,0.00125025603510844,0.00167277119875676,0.00272263755726241,4.52102722918823,0.0154051503089963
11.37,21.634,1.12464,0.2,0.0612838185220462,0.166031544248737,0.309435154200081,0.436566995217598,0.570316723590473,0.645972525140064,0.0612838185220462,0.166031544248737,0.309435154200081,0.436566995217598,0.570316723590473,0.645972525140064,0.0612838185220462,0.166031544248737,0.309435154200081,0.436566995217598,0.570316723590473,0.645972525140064,0.75,1,150.000015727529,156.228282470576,-9.3003189094886,619.337662743464,131.118804603687,4121.5328611603,-36.3385776481616,1.16951262368503,-0.44357252207895,-0.026904554806791,1.24839785959796,-0.0776952692491407,-0.666632715685866,-0.780699209978127,-101.097556504531,0.0948819407284658,2.0781462821477,1173.68472034163,17.2093542339335,1.49606225393188,1.00317768982398,0.627806426413915,0.426647975210916,0.222453923987084,0.130522974437038,0.164990781821581,0.0244973436556609,0.0137903174669305,0.0109342802833038,0.0102751820643683,0.00872212800749921,4999.99229246953,43.0935381731071,17.3232166618681,54.6398333910134,119.747562937131,117.912028640155,2497.44483890335,1594.4232157835,20.7864341034312,0.645581602219238,0.521189511600892,0.0228023050978658,0.748262047800387,0.358500362094367,2.5523854349137,0.518689215535775,1.70012373555808,0.568655927261161,1.51022479928769,0.71068104617136,0.00564206901313857,0.386019427045241,0.334253491103241,0.255121699585359,0.195886001734703,0.143075778347869,0.108295986858513,0.171909219805274,0.0288453185660769,0.0114557577218582,0.00595600852846271,0.00340937356962621,0.00197705434099779,2.55944797195004,0.00977831497262101
3.45,5.002,1.14256,0.2,0.0486323846665951,0.168140269361574,0.30515807148593,0.390770523605729,0.539039161421634,0.654799548882721,0.0486323846665951,0.168140269361574,0.30515807148593,0.390770523605729,0.539039161421634,0.654799548882721,0.0486323846665951,0.168140269361574,0.30515807148593,0.390770523605729,0.539039161421634,0.654799548882721,0.75,1,150.000015727529,69.5681626913864,0.720200418914694,222.956584730757,29.7649737839808,2380.97094052703,-11.7664017852411,1.2790748880325,-0.0933295978835539,-0.0238597333611082,1.2790748880325,-0.0933295978835539,0.227383042703885,-0.0542101070294761,-37.291046765962,0.157968335623373,2.8374464118321,712.643078845955,-6.48663341318635e-19,0.762618133527758,0.577231455056765,0.553882491407145,0.583779335485887,0.543076939902093,0.548645891053017,0.012388547859598,0.0153862974690136,0.0149851927924175,0.0150386855535881,0.0166365316112905,0.0192902708051245,290.018508488697,4.11672711175914,17.3232166618681,2.13518621333411,122.337741210559,119.862292744682,2524.99441122318,63.7490105253334,10.7027276669811,0.0947912515497346,0.332767923223203,0.00389084693165421,0.0947912515497346,0.332767923223203,0.239783529039129,0.0584335588410932,0.394181084127018,0.530997133863838,0.185684050281791,0.0927039358396809,1.13066009811664e-15,0.0748218090372002,0.0564389545960324,0.0518085986134758,0.049516003684163,0.0450005949433986,0.0410233895433473,0.00684551375059333,0.00310464920291643,0.00228111812966208,0.00177071852799478,0.00116424805412191,0.000771529952965932,0.346154626088272,0.00462739839624951
2.67,15.738,1.10416,0.2,0.056571195403805,0.183086019257928,0.303073197724773,0.47044285185594,0.578154158775507,0.687135334696849,0.056571195403805,0.183086019257928,0.303073197724773,0.47044285185594,0.578154158775507,0.687135334696849,0.056571195403805,0.183086019257928,0.303073197724773,0.47044285185594,0.578154158775507,0.687135334696849,0.75,1,150.000015727529,195.389324028747,-20.632543625664,614.747849182377,514.597095156754,6122.73190292678,-16.5002330530882,2.64118529319863,-0.612015593167378,-0.099004080824914,2.7003386105614,-0.241989247479012,5.2946650348922,-0.281001806472242,-100.948713675659,0.380132055811895,5.520956150401,1173.71388397042,7.92545172377873,1.58125549421935,1.07258309551088,0.825883605874389,0.683126059785439,0.524201989376107,0.443883855848349,0.0595866647100302,0.0189546943173628,0.017033432246641,0.0190150317675242,0.0173423268409541,0.0175078488699094,4999.99020935319,43.0933913134042,17.3232166618681,25.02224109774,123.864776192656,118.736642326834,2568.0542696429,768.28808913593,23.9530394992681,0.386974368951425,0.39137394754799,0.0303279623634026,0.422197406456321,0.353077691672036,1.46336738974532,0.257735016395382,1.19816396927994,0.562405452997105,0.871071764082144,0.501356417085094,0.00481680947710139,0.187606719149583,0.125220210906295,0.0991683012187932,0.0803405395798628,0.0702765356852269,0.0610508133457086,0.0549668913364982,0.0113122041097516,0.00576548076956163,0.00370478385862048,0.0018188269977508,0.0041820409615316,1.63716853131153,0.00605339811195892
14.73,11.778,1.23152,0.2,0.0573034880887791,0.15013435338466,0.249658327398321,0.392754656783463,0.521331288177558,0.695209983116271,0.0573034880887791,0.15013435338466,0.249658327398321,0.392754656783463,0.521331288177558,0.695209983116271,0.0573034880887791,0.15013435338466,0.249658327398321,0.392754656783463,0.521331288177558,0.695209983116271,0.75,1,150.000015727529,229.918487657536,-30.7132140918655,561.825934798458,960.921247890845,7875.05957712738,-3.29302765514009,4.00804239141757,-0.415819532987606,-0.219646078533486,4.00804239141757,-0.415819532987606,9.96573971461307,-0.464210965368191,-92.7322508072075,0.679910096391001,8.64542245599417,1128.1199875013,1.27527677012811e-17,1.48884793250703,1.1295826893032,0.985348505364024,0.915796323299654,0.797195656702426,0.706476866993022,0.0766112825257785,0.02139823476867,0.0201195921258202,0.0260108821997708,0.0265153338193938,0.0340618477241954,3629.80335381731,32.5486272263309,17.3232166618681,4.99517046381624,123.874540005931,118.613836233663,2541.32029299215,246.23332767627,35.5283262314439,0.16296803167681,0.329372953764683,0.0183709656990113,0.16296803167681,0.329372953764683,1.21000877056682,0.206406193035506,0.907095264432496,0.524528340591793,0.381758470834648,0.448582768108381,1.46476875348081e-15,0.354831186678588,0.191451870916405,0.132379064283316,0.101029462565492,0.0755212135408024,0.0586731527831647,0.0920669201195863,0.0195455034999415,0.01021385770652,0.00799694897958335,0.00817975612255589,0.00927633692982094,1.56892784539985,0.00699186166074898
-9.03,16.222,1.3736,0.2,0.0515980252976869,0.181928844815329,0.281834929203555,0.418327090162089,0.525210642016419,0.671845383548046,0.0515980252976869,0.181928844815329,0.281834929203555,0.418327090162089,0.525210642016419,0.671845383548046,0.0515980252976869,0.181928844815329,0.281834929203555,0.418327090162089,0.525210642016419,0.671845383548046,0.75,1,150.000015727529,185.736329549005,-14.4168312572649,617.30505155713,302.616176856577,5538.00906155609,-36.5392438287678,2.1425925424435,-0.591882047703363,-0.0666700906155609,2.21593490261431,-0.175097352569837,3.21774854794397,-0.351903725382773,-101.048891782107,0.263551245329653,4.33586970107281,1173.60181231122,10.9245589001144,1.46540787417977,0.869720258306425,0.617311842516404,0.496860577023227,0.347673950630143,0.27307052390376,0.029125167348922,0.0170848863660036,0.0145484624518279,0.0130676029580252,0.00785596771169669,0.00671204364128737,4999.99604207895,43.0933006978441,17.3232166618681,29.5972462617113,121.420405785378,118.492359319863,2515.13459558257,872.591512166706,22.4056966219396,0.419103501539551,0.413114872594091,0.0271763189070105,0.472462465475007,0.350851520267697,1.56587878378127,0.306898646482235,1.30378904577843,0.559605546277757,0.975357930667637,0.585299822187392,0.00522770007971549,0.222006743226396,0.0877600290860438,0.0428049929957381,0.0343259793323561,0.0379150539241075,0.0426693555853525,0.0438484922930965,0.00793394469063561,0.00278524725785091,0.00361268881525699,0.00209100466527633,0.00168131726385625,2.31790695813324,0.00863556650648747
-0.57,20.226,1.28912,0.2,0.0540275741366067,0.174817942518027,0.317217601521295,0.406694130680095,0.527004840910039,0.623453620697325,0.0540275741366067,0.174817942518027,0.317217601521295,0.406694130680095,0.527004840910039,0.623453620697325,0.0540275741366067,0.174817942518027,0.317217601521295,0.406694130680095,0.527004840910039,0.623453620697325,0.75,1,150.000015727529,164.594662014373,-9.95035262160192,619.562597646078,107.003868242891,4320.72627851265,-41.2571471721696,1.20485207790855,-0.434934670700968,-0.0249204004791168,1.27896337881471,-0.0713649633569421,-0.641473340172899,-0.728520478356421,-101.102772627851,0.0819399117071138,2.09188356408707,1173.67930423914,16.6553067388819,1.5683300697844,0.921590053119467,0.563481751900843,0.386573096552442,0.197738547026351,0.116128870659202,0.0475645167695865,0.0169150103114259,0.0137605257785647,0.00856481970628059,0.00908880283303823,0.00974640152067493,4999.97552338298,43.0935558795961,17.3232166618681,44.3221384105527,118.801191302309,117.780790780839,2460.40730218273,1240.04204786991,16.1278370099943,0.508191169717928,0.46485653436064,0.0182301711363366,0.595269831041631,0.34641689742714,2.89091567806672,0.493256540562856,1.52368003642519,0.550284741870061,1.20340667833588,1.02558813169147,0.00631401923957754,0.17634290961577,0.133911487184661,0.109884755294531,0.0975313793312394,0.0862948469560604,0.068331447498244,0.0458613816769206,0.00981360868648512,0.00506800351173778,0.00359817861570429,0.00157289627643836,0.00171408742542308,3.87402202705999,0.0118822445910063
-13.11,7.334,1.29232,0.2,0.0467211663933275,0.156689737906338,0.235668772114422,0.360917326579066,0.493371246709589,0.646213094812971,0.0467211663933275,0.156689737906338,0.235668772114422,0.360917326579066,0.493371246709589,0.646213094812971,0.0467211663933275,0.156689737906338,0.235668772114422,0.360917326579066,0.493371246709589,0.646213094812971,0.75,1,150.000015727529,117.96973231955,-7.32778962712217,287.351817519009,295.175446193105,4128.76710759296,-9.04846644142276,2.20130538485574,-0.197529389955213,-0.06861912300802,2.20130538485574,-0.197529389955213,1.96437716904489,-0.130809838389751,-47.6778585564003,0.32897586461202,4.84249557337777,806.277533590252,-4.76651689407355e-18,1.22652536194147,0.904317539839602,0.81225004687012,0.804413009061556,0.721280491615457,0.669895698364754,0.0133017262304968,0.0158580898864702,0.0129054141235288,0.0173737401312363,0.017157777314863,0.0238456712842412,1048.54036037913,13.1552796583688,17.3232166618681,4.89981743082567,123.919217449878,119.208237704196,2572.38475210495,288.381930499832,18.7247968169127,0.238564838454961,0.34753363601785,0.0154210517854103,0.238564838454961,0.34753363601785,0.527542542640269,0.309157766057504,0.511042599732766,0.555953672137678,0.504885044884587,0.194680292246762,1.21822424469181e-15,0.140881833638739,0.0426108453358842,0.0155487744107015,0.0231581699162885,0.0319102538315135,0.0353753095868998,0.0220419691114405,0.00483562112183107,0.0021747414859646,0.00198561182648624,0.00175702738334461,0.00430364096457112,0.960827028370208,0.00991040129779183
-3.51,9.314,1.32112,0.2,0.0468157872615051,0.154791579431135,0.270393246515438,0.370724606125806,0.466254025977324,0.586511217448313,0.0468157872615051,0.154791579431135,0.270393246515438,0.370724606125806,0.466254025977324,0.586511217448313,0.0468157872615051,0.154791579431135,0.270393246515438,0.370724606125806,0.466254025977324,0.586511217448313,0.75,1,150.000015727529,181.271523799604,-23.4792873971461,412.061858139777,740.526481961254,6358.07530465576,-6.65973387043016,3.37105655660869,-0.342020982830955,-0.158349890636392,3.37105655660869,-0.342020982830955,5.85421029059473,-0.285584115633788,-68.4829590667637,0.565702473184043,7.38583720445787,968.039350067697,3.46953503280907e-18,1.40652515362983,1.0376239766691,0.917606343089261,0.876711269659411,0.790688386626393,0.736240412457038,0.0161761483025414,0.016662003437142,0.0169935815019269,0.0221510659306322,0.0212132736173315,0.0264763253827726,2293.62660139569,23.9675460889493,17.3232166618681,7.60259902521562,123.992244229254,120.057260640692,2572.5998118436,391.627361222099,28.4939519239511,0.286732631029065,0.347934879312672,0.0277272643769952,0.286732631029065,0.347934879312672,0.887035731760053,0.214495317361461,0.706020245291731,0.556495220951293,0.615748322550713,0.263895801805696,1.32612631421906e-15,0.0911250389662686,0.0489569714142885,0.0400410994891835,0.0397481766099388,0.0377422331346531,0.034914646431164,0.0179693819388913,0.00556680311540811,0.00343475780772935,0.0034950788360992,0.00417482927807393,0.00516328036030536,1.0364385133888,0.00659534128223575
-5.07,8.17,1.38064,0.2,0.0534416110977692,0.160587389762037,0.231115656417619,0.337784688673706,0.464341591165433,0.58950477551931,0.0534416110977692,0.160587389762037,0.231115656417619,0.337784688673706,0.464341591165433,0.58950477551931,0.0534416110977692,0.160587389762037,0.231115656417619,0.337784688673706,0.464341591165433,0.58950477551931,0.75,1,150.000015727529,151.321591500885,-19.0993018779294,333.092719508385,603.381344234976,5334.3056973232,-7.53014452973647,2.85341787313821,-0.286313931861265,-0.114132029996875,2.85341787313821,-0.286313931861265,3.64867888761587,-0.195580810139569,-55.2175773356942,0.474768187511717,6.27112269555255,868.469742735132,-3.38198609103221e-18,1.34911363399646,0.993545870221852,0.893537100302052,0.866492969482348,0.774483824601603,0.723572148734507,0.0151606385978856,0.0166113094469326,0.0141575309863556,0.0191740406207687,0.0194617394021456,0.0252609655244245,1644.85303614207,19.1589615665036,17.3232166618681,6.1369172676674,123.421013619896,120.224993822821,2559.90733580999,336.541989049775,23.9904005032245,0.257857478701286,0.34536225788332,0.0213051042014568,0.257857478701286,0.34536225788332,0.69155508992193,0.186609580517073,0.577511295779522,0.552312036121501,0.551026924200835,0.251892889057809,1.25672116463507e-15,0.0889969937608556,0.0405187863562928,0.0411317586200032,0.0368083262142097,0.0373197573594859,0.035851938860535,0.016889129202104,0.0049510795674575,0.00299119822380025,0.0028680727821599,0.00335054393519396,0.00485281698206469,1.31409165381682,0.0119135200596839
5.01,22.426,1.12208,0.2,0.0567067426549498,0.162282255552362,0.300894085872737,0.399964015003897,0.5340245880737,0.719507511153477,0.0567067426549498,0.162282255552362,0.300894085872737,0.399964015003897,0.5340245880737,0.719507511153477,0.0567067426549498,0.162282255552362,0.300894085872737,0.399964015003897,0.5340245880737,0.719507511153477,0.75,1,150.000015727529,151.725116133736,-8.71531644089157,620.047703364233,110.216004822414,3821.71700864493,-37.8736106655557,0.928508305853557,-0.379212433340277,-0.0184613230600979,1.00125664018852,-0.0584103178064784,-1.67027698068014,-0.94586156025414,-101.082547651286,0.0595020057691907,1.47784864829705,1173.68826163941,18.8768617852306,1.52826528486616,0.981864576606602,0.588871732111239,0.37889828038746,0.17287744988522,0.0648852580876993,0.102197882185085,0.0180210875837309,0.0127614477658577,0.00945203499635454,0.00860248234558901,0.0094138038745964,4999.99520883241,43.0934131861266,17.3232166618681,52.3916956658125,117.849704060625,117.507018660881,2446.91818165639,1465.89888315556,17.0781093299857,0.569002666848822,0.503898383140276,0.0157420750065186,0.675815313959471,0.347769335873543,2.28975931764615,0.558453202720959,1.67257232293958,0.551288149823243,1.35303545898507,0.824619046310274,0.00547099919462719,0.25380955403762,0.233025130820714,0.193807079470608,0.157092906941611,0.117309380224629,0.0943412678058533,0.0993142334890922,0.0166363560559138,0.00794386719997502,0.00429475260504802,0.00203320555151572,0.00206438541469004,3.14148617308033,0.0111581896802884
-3.87,23.57,1.156,0.2,0.0665608380013482,0.176506913458572,0.310189015151486,0.394790254846186,0.510493169158719,0.662195772129441,0.0665608380013482,0.176506913458572,0.310189015151486,0.394790254846186,0.510493169158719,0.662195772129441,0.0665608380013482,0.176506913458572,0.310189015151486,0.394790254846186,0.510493169158719,0.662195772129441,0.75,1,150.000015727529,151.124176648266,-7.87930568419956,620.513165295282,72.762331548797,3625.87115925424,-41.1770663472555,0.728419517635663,-0.310878021924799,-0.0114098137485679,0.791127601551921,-0.0368419204457869,-2.53776852005,-1.09960609728153,-101.062808040828,0.020086284530778,0.948705513311113,1173.74075617123,20.4464670346837,1.59349671909177,0.965077741901886,0.553696104572441,0.332411363399646,0.12110258729299,0.0135737434152693,0.0873211944589106,0.0175366403499635,0.0137700850953026,0.00639890855119259,0.00992534392250806,0.0101642243516301,4999.96521195709,43.0934913029897,17.3232166618681,44.7573433510688,115.260548889626,117.289814808904,2377.91084625006,1126.3568397171,13.4874513275564,0.42110955599492,0.451381679342892,0.00844942932236566,0.520553370590197,0.331813756987307,3.32409569157432,0.561750837788222,1.52035456717131,0.526205339303863,1.04493632880862,1.25605790862213,0.00746074320804536,0.197066573498085,0.134689029122582,0.0985462747659227,0.0890878259022224,0.0809425706481177,0.0764763515730252,0.0807719327325673,0.011174866346363,0.0042885596855602,0.00112369432452495,0.00163815075918854,0.00246942167434053,4.81082092779811,0.0166613685030904
6.51,9.358,1.24304,0.2,0.049359978537761,0.160995054241994,0.276779859999996,0.366535256670165,0.539092556113509,0.708116785286325,0.049359978537761,0.160995054241994,0.276779859999996,0.366535256670165,0.539092556113509,0.708116785286325,0.049359978537761,0.160995054241994,0.276779859999996,0.366535256670165,0.539092556113509,0.708116785286325,0.75,1,150.000015727529,160.721581085304,-25.4621214529736,379.846974273513,748.602967254453,5550.97416935736,-4.46233545141131,2.8698385584835,-0.305202431520675,-0.11387110509322,2.8698385584835,-0.305202431520675,4.06995583793355,-0.221804039437559,-62.2415081762316,0.500569526999271,6.22202812207061,922.173440266631,1.57636811477971e-17,1.5030889490678,1.11490248932403,0.973649671909176,0.926911530048952,0.791025143214248,0.702768669930215,0.029536283223935,0.0181782804342256,0.0206371780022914,0.0247410613477763,0.0278244797416936,0.0358963753775649,1982.80460368712,21.7506061868556,17.3232166618681,3.77160261580877,123.178075138683,119.62505299311,2542.12753489341,211.61786057902,24.6046502218948,0.167860748267491,0.336300436569704,0.0141584890075374,0.167860748267491,0.336300436569704,0.73968599906729,0.30034875340917,0.648607800858255,0.536655950432732,0.3538272934414,0.217741070423709,1.47468695271461e-15,0.206568715372325,0.11827206126594,0.0879258935135308,0.074895965062673,0.054834575971002,0.0434313025985615,0.0380779108048369,0.0114341627028012,0.00726718709142331,0.00588326775593351,0.00703886111338858,0.00773571400674023,0.830125273994193,0.00599020026533698
-5.31,12.79,1.15088,0.2,0.0538776974519887,0.177266201085872,0.29050524872433,0.398801509984024,0.492706894377235,0.678023446133501,0.0538776974519887,0.177266201085872,0.29050524872433,0.398801509984024,0.492706894377235,0.678023446133501,0.0538776974519887,0.177266201085872,0.29050524872433,0.398801509984024,0.492706894377235,0.678023446133501,0.75,1,150.000015727529,247.914425580669,-40.5925088324133,577.300541610249,1230.77778801167,8451.30246849287,3.74349888980314,4.26404853661077,-0.472264022830956,-0.249638714717217,4.26404853661077,-0.472264022830956,11.2016747213832,-0.524061473159046,-96.3437558587648,0.769033655382773,9.1546559733361,1150.42620560358,-2.48519467451307e-17,1.64965763982918,1.26028799083429,1.08170713467347,1.00124232892407,0.874320195812937,0.758138902197687,0.0829432542443496,0.0268465476512863,0.0291882331007187,0.0329105134881783,0.0325513373606916,0.0406997177377356,4406.49494844287,38.7488219977086,17.3232166618681,12.4643464532219,125.164711593622,120.437184205253,2607.80222102449,565.044762573386,36.8837561137074,0.372572941038331,0.357717427155934,0.044755997107161,0.372572941038331,0.357717427155934,1.3935110486927,0.209078283344701,0.975579590750467,0.572325359032854,0.793838219420364,0.494550160724635,1.38259861874737e-15,0.138949112261062,0.0509246386680675,0.0341481308683135,0.0331895467628823,0.0301823966942927,0.0286623671315956,0.0561977903378479,0.00951280829877348,0.00463359189340373,0.00370698998751716,0.00339015706415107,0.00411075056932871,6.68588380002557,0.0530997261391283
-11.43,13.89,1.316,0.2,0.0524506726579408,0.186872410761917,0.244282334940969,0.309349984719619,0.399816906748165,0.559869069344666,0.0524506726579408,0.186872410761917,0.244282334940969,0.309349984719619,0.399816906748165,0.559869069344666,0.0524506726579408,0.186872410761917,0.244282334940969,0.309349984719619,0.399816906748165,0.559869069344666,0.75,1,150.000015727529,222.035881678992,-23.231112300802,609.912852827831,614.554807311739,7277.48890740548,-18.8867607316946,3.39332423705864,-0.66222686178523,-0.162441786272263,3.4433112175815,-0.311138787996042,8.27404728674097,-0.240326626913863,-100.699082387251,0.49929724073534,7.23124403707947,1173.57889803146,5.87957743985002,1.44534913029893,0.943238964691178,0.7651158316842,0.715044911988335,0.582733506926362,0.504760337464847,0.0254804464593271,0.0176153076762837,0.0133028200187481,0.0138128937610666,0.0137106494115196,0.017058483491303,4999.95323403812,43.0934881783145,17.3232166618681,23.9531954826351,124.47986986442,119.310139540978,2595.8216310138,832.436272652738,30.9547243494583,0.467270348858002,0.403670444863746,0.0467853285593106,0.497413291028558,0.365884794475924,1.59677855822707,0.254885725225274,1.19551598936016,0.585562412013698,1.04666635299994,0.493761575937385,0.00639393164023115,0.217736384408618,0.0738205548055758,0.0256628301926801,0.0204101573822903,0.0292597794741736,0.0369177745081703,0.042253864339479,0.00761004141331759,0.00271462645183827,0.00175497869329529,0.00124613502269346,0.000998307626249781,1.58179756932563,0.00643946902119029
11.91,15.078,1.21424,0.2,0.0426637899107745,0.161265929559684,0.290967813481517,0.424255144885533,0.481659409425105,0.651256884574795,0.0426637899107745,0.161265929559684,0.290967813481517,0.424255144885533,0.481659409425105,0.651256884574795,0.0426637899107745,0.161265929559684,0.290967813481517,0.424255144885533,0.481659409425105,0.651256884574795,0.75,1,150.000015727529,203.80627018019,-21.3346082345589,613.351817519008,543.841316008749,6490.61545672326,-19.251724148422,2.87967628372044,-0.630439541714404,-0.116976410790543,2.93604530778044,-0.263879735705656,6.2379403187168,-0.258840026504531,-100.880467659618,0.41766777406416,6.05998312675763,1173.70815540048,7.21313384022497,1.49711026976356,1.01858896989897,0.788168284553693,0.677642433079887,0.547116206645142,0.455058837621082,0.0810061733642329,0.0187194660646808,0.0168476396208728,0.0176986635767107,0.0150508355379648,0.0164510850953026,5000.00020831163,43.0936537860632,17.3232166618681,24.6111462775997,124.54802454378,119.063859673244,2581.50129577146,767.787691077031,26.2385062870013,0.386931862526881,0.383350199533336,0.0323179754089408,0.415807757975756,0.351817201390802,1.49831051753587,0.261106835518569,1.15558044578834,0.559699413533627,0.86170829251083,0.467289550687279,0.00426515698361572,0.357119474675406,0.220232748194455,0.156038021692847,0.117325681506279,0.0975784044575641,0.0752217022046524,0.0963323610719654,0.0183229626758157,0.00835242590136672,0.00494717219559307,0.00239880468817533,0.00438009893273777,1.45552108307247,0.00514199605451371
13.35,18.994,1.27888,0.2,0.0505654020315706,0.158043036744193,0.223280299261823,0.335776679902477,0.484024501889259,0.668645169527427,0.0505654020315706,0.158043036744193,0.223280299261823,0.335776679902477,0.484024501889259,0.668645169527427,0.0505654020315706,0.158043036744193,0.223280299261823,0.335776679902477,0.484024501889259,0.668645169527427,0.75,1,150.000015727529,167.24895219248,-11.6848414311009,618.46072284137,204.849250328091,4649.6943026768,-39.9132697531507,1.50633301739402,-0.501423353067388,-0.0391856648265806,1.58354553692324,-0.113388724459952,0.616702576679512,-0.569519837707531,-101.104917196125,0.154854920138527,2.83100826163941,1173.70680137486,14.315754608895,1.45868133527758,0.934698687636705,0.612192365378606,0.466603687115926,0.27566065514009,0.178097126341006,0.127843897436725,0.0200230295921258,0.0111517518432455,0.00991561878970942,0.0104902939277158,0.00897558650140611,4999.99927090928,43.0936402458075,17.3232166618681,51.9442110570512,122.525997054274,118.375249453531,2557.57825245018,1568.38368551095,23.1793841063308,0.668595405476527,0.504415375530589,0.0288635991843991,0.752893844487946,0.366888504609167,2.74266688836817,0.487093399650543,1.62619575745982,0.582968457408249,1.52996466204389,0.722095177116402,0.00533812797395213,0.436632045612503,0.323345690938162,0.248883426123553,0.184516567263585,0.1352075863478,0.102994484273439,0.147321853389172,0.0248521568543782,0.00981799448272797,0.00528309536890593,0.00317173057540714,0.0024424840117698,2.60993683864279,0.00855054462824289
10.53,11.602,1.26864,0.2,0.0433954496825388,0.164412544104426,0.227131277853206,0.36273075860418,0.509596804937297,0.713957098976968,0.0433954496825388,0.164412544104426,0.227131277853206,0.36273075860418,0.509596804937297,0.713957098976968,0.0433954496825388,0.164412544104426,0.227131277853206,0.36273075860418,0.509596804937297,0.713957098976968,0.75,1,150.000015727529,238.4465264035,-30.4932675950422,565.486615977502,963.257194021456,8171.61243620456,-2.72645103249662,4.14398187688782,-0.425208602048745,-0.234539308405374,4.14398187688782,-0.425208602048745,10.5896000416623,-0.484282653265285,-94.276723257994,0.694467543674618,8.92172961149881,1137.63493386106,-2.06577181335278e-17,1.500964691178,1.1141057494011,0.986425976460785,0.92482600770753,0.799762326840954,0.694877877304447,0.0439087150578065,0.0200853784569524,0.018486681074888,0.0243666300385377,0.0258476179564629,0.0351291532132069,3765.42318508489,33.4833652744508,17.3232166618681,6.07792407898897,123.263624974005,120.013531203323,2536.33722615461,303.820678484022,36.1036592096609,0.201994188975455,0.332664686849097,0.0234608770638478,0.201994188975455,0.332664686849097,1.24896071004055,0.197685581745996,0.928074671121196,0.530337166152529,0.444224550254833,0.481473777301891,1.40821705980098e-15,0.279849845346852,0.153426262732648,0.116380100569155,0.0878363321253626,0.0648380723286371,0.0485702839333753,0.0549988651157879,0.0145033371434842,0.00844164818870212,0.00667757190543695,0.0073637787119812,0.00846959161879293,5.37125449926219,0.0433752617457305
13.47,8.434,1.30192,0.2,0.0743073582438724,0.238943620337808,0.397445240510615,0.5525893273739,0.716219364042451,0.907634451075192,0.0743073582438724,0.238943620337808,0.397445240510615,0.5525893273739,0.716219364042451,0.907634451075192,0.0743073582438724,0.238943620337808,0.397445240510615,0.5525893273739,0.716219364042451,0.907634451075192,1,1,150.000015727529,124.836923237163,-21.5783758931361,302.761910217686,585.796832829914,4238.34506822206,-7.98564156577439,2.15000937402354,-0.227984306593376,-0.0640182106030622,2.15000937402354,-0.227984306593376,1.85902896573274,-0.124037754052703,-49.716157691907,0.372288243773565,4.63115258827206,823.37402353922,-2.01304263566295e-17,1.47087199250078,1.07329369857306,0.910718841787314,0.831951744609935,0.698576877408603,0.596860483282991,0.0604057603187168,0.0240084112175815,0.0263255530673888,0.0336140412457036,0.0353484939068847,0.0456752223726695,1205.09707322154,14.8053296531612,17.3232166618681,3.1053428539982,122.569087898963,119.561050357376,2526.54873055231,89.2512066847583,18.6084568550885,0.0906434056920405,0.331816164499544,0.00632211498315438,0.0906434056920405,0.331816164499544,0.536214904332775,0.0980900207890934,0.51967844196901,0.529156343254041,0.173763875182848,0.191529335949303,1.43697810679971e-15,0.320718353478884,0.169270583610717,0.109332450848281,0.0832038198450033,0.058378712432616,0.0429476377980568,0.0741021636107587,0.0172258209452191,0.00997018190302972,0.00842803404937742,0.00947578200940589,0.00988434640263665,0.949974109160621,0.00933732233066733
14.55,17.894,1.14704,0.2,0.0834477614021682,0.211484811670357,0.332812987829836,0.450549935356322,0.627414044447866,0.883224548243636,0.0834477614021682,0.211484811670357,0.332812987829836,0.450549935356322,0.627414044447866,0.883224548243636,0.0834477614021682,0.211484811670357,0.332812987829836,0.450549935356322,0.627414044447866,0.883224548243636,1,1,150.000015727529,177.653421518592,-15.4516111967503,617.819841683158,351.434966628476,5247.15029684408,-27.6161058491824,1.9779726070201,-0.560279377377565,-0.057542831996667,2.04866243099677,-0.171130002170607,2.55400027956359,-0.396652110309343,-101.070393708989,0.255420323924591,3.95166243099677,1173.62430996771,11.0403437141966,1.50358350171857,1.02993142381002,0.742662993438184,0.596695115092178,0.404520445786897,0.283324799500052,0.176443473045724,0.0289521957977919,0.0184067459639621,0.0147079800020831,0.0130083335069264,0.0129616783668368,4999.99416727424,43.0935777523176,17.3232166618681,35.0654909153678,122.894648255514,118.501331519488,2557.19887269751,1022.40981988845,21.5748350690514,0.448615015421961,0.418598698433712,0.0259708512525301,0.500633264698619,0.354736511200107,1.59891851486493,0.345012262664663,1.32591507362918,0.563364259594962,1.00516766848345,0.631457148646438,0.0068058319289403,0.420245397291208,0.300719837710534,0.212711925383048,0.162192974268853,0.119354395838128,0.0831708779694695,0.186941177614134,0.0305326802441463,0.0118236567534532,0.00786011220293483,0.0057352487347625,0.00767133369356331,2.49619863841664,0.00898728388645512
-5.79,19.126,1.19696,0.2,0.0545874748084761,0.205263761662318,0.39000291087632,0.561091191963569,0.64971082891341,0.855438799445821,0.0545874748084761,0.205263761662318,0.39000291087632,0.561091191963569,0.64971082891341,0.855438799445821,0.0545874748084761,0.205263761662318,0.39000291087632,0.561091191963569,0.64971082891341,0.855438799445821,1,1,150.000015727529,168.608176231642,-12.3269163076763,618.679637537756,209.018352036246,4679.02780960317,-34.3213147588793,1.53304097489845,-0.503852391061348,-0.0355508574106864,1.60968006457661,-0.114041423841267,0.749399620358296,-0.557318319904176,-101.113696489949,0.157348185794188,2.91244984897407,1173.68867826268,14.1413706905531,1.60140849911467,0.978320195812937,0.631888876158733,0.44939555254661,0.282021164462035,0.180988877200292,0.0689281507527133,0.018735500572857,0.0178475967086762,0.0121224847411728,0.00674244464118321,0.00908154213102803,4999.98948026247,43.0933559004272,17.3232166618681,34.7401407898789,120.120739253539,117.86020573877,2481.83596100188,924.056290311389,17.3191321333723,0.388906798946375,0.420762816209469,0.018304947483814,0.457806701604276,0.34453167603216,1.56920297609274,0.362944736108392,1.35549463264228,0.547889715014058,0.922242874176313,0.778517509915571,0.00663765860075432,0.194472944740627,0.100031408918457,0.0622934880993238,0.0544656677604626,0.0536794577206733,0.0527867916485904,0.0656421839269787,0.00968191948069446,0.00380423173812258,0.00592944217805673,0.00180940299439561,0.00191548637413604,2.9679527439401,0.0104576172808034
11.01,5.31,1.10736,0.2,0.0765956443238341,0.212271928392605,0.375216962077858,0.555053292078048,0.664269696047857,0.877389351653482,0.0765956443238341,0.212271928392605,0.375216962077858,0.555053292078048,0.664269696047857,0.877389351653482,0.0765956443238341,0.212271928392605,0.375216962077858,0.555053292078048,0.664269696047857,0.877389351653482,1,1,150.000015727529,67.5736256639932,-0.0235205884803639,222.903133006978,42.8809127174252,2265.1163420477,-12.021690458848,1.17585824393292,-0.0875335038267889,-0.0201198104364129,1.17585824393292,-0.0875335038267889,0.0571110819383398,-0.0495600675325487,-37.340731173836,0.146165556205604,2.57470367670035,713.102020622848,2.11524456994063e-17,0.853060660347881,0.627265149463598,0.58761692532028,0.584951838350172,0.538226559733361,0.495713384022498,0.0130993188398084,0.0173312318508489,0.0171698364753671,0.0196568919904177,0.0194323289240704,0.0250876377460681,293.311977918967,4.16080064576608,17.3232166618681,2.60620221560184,122.078123937674,120.034138973807,2517.08855101746,39.6082628242055,9.96204697100084,0.0702561133683342,0.330400203030229,0.00285271983988881,0.0702561133683342,0.330400203030229,0.234832212210069,0.0586601194668504,0.393804872784901,0.526992615102478,0.127659083744644,0.0990900263631827,1.22367138076311e-15,0.137714342364387,0.0911196340206851,0.0731956545696443,0.0628638157299613,0.0531324197634904,0.0414295841988663,0.0133858255884146,0.00529064844696419,0.00344200408621299,0.00250033201247425,0.00138947340614386,0.00144365708301582,0.38269365186667,0.00509724635624727
3.81,20.71,1.40304,0.2,0.0727637507579924,0.226350185441149,0.383898085290118,0.569676309094531,0.703369276203501,0.905588729455854,0.0727637507579924,0.226350185441149,0.383898085290118,0.569676309094531,0.703369276203501,0.905588729455854,0.0727637507579924,0.226350185441149,0.383898085290118,0.569676309094531,0.703369276203501,0.905588729455854,1,1,150.000015727529,160.131696698261,-10.1811921290491,620.073450682221,135.921230600979,4009.58306426414,-52.1652806999271,0.980680808249141,-0.377357489891678,-0.0188364895531716,1.04882194065202,-0.0641076206770129,-1.54962932158004,-0.861816112904906,-101.085378606395,0.0674272645453599,1.55535413540256,1173.70471825851,17.5483647536718,1.50937319029268,0.878369451098845,0.515943901676909,0.31767562649724,0.146240868150193,0.0633689470263515,0.0634596257980419,0.0190239150088532,0.0130441006145193,0.00901340172898657,0.00940778783460056,0.00994602083116343,4999.97510675971,43.0933381939383,17.3232166618681,49.7199162549794,118.63608441698,117.598373794108,2460.45031950846,1392.88538749927,17.1249343705206,0.539728999791015,0.480412576997996,0.0155334517510518,0.633737333293143,0.347100889139497,3.3093593384065,0.525342076311487,1.58913833599001,0.550298308437082,1.25744257512125,0.732139861900917,0.00574571065232629,0.239250274263858,0.193576346875832,0.153432817499985,0.120614190043285,0.0926128036280966,0.0709929949077579,0.067058722084754,0.0130646010624234,0.0071141646606934,0.0042000809449235,0.0018562780040205,0.00242835245171996,2.87150241082467,0.0102586898341263
0.0299999999999994,14.374,1.3224,0.2,0.0612946595465978,0.196921502653881,0.368026032386008,0.497518143909343,0.657072804435587,0.88313753546662,0.0612946595465978,0.196921502653881,0.368026032386008,0.497518143909343,0.657072804435587,0.88313753546662,0.0612946595465978,0.196921502653881,0.368026032386008,0.497518143909343,0.657072804435587,0.88313753546662,1,1,150.000015727529,218.090990521821,-24.8217099303198,612.078106447245,627.696999083429,6926.0840537444,-21.490395695865,3.04632486199354,-0.608053050723882,-0.128934517237788,3.09341516508697,-0.283832637839808,6.75268180397874,-0.253793410119779,-100.839823976669,0.44718570062004,6.34434340172899,1173.68774086033,6.04565295281744,1.55390834288095,1.03300152067493,0.800588313717321,0.695880429121967,0.535272336214977,0.423646651390481,0.0340426178533486,0.0186123409019894,0.0187603404853661,0.0201668586605562,0.0191852098739715,0.0236479981251953,4999.99000104156,43.0933788147065,17.3232166618681,22.4537627012901,124.495067299909,119.028341380834,2583.92096823489,732.882752614677,27.5264919682868,0.382957629531247,0.383662332484045,0.0339445529540262,0.409501608303716,0.355186693611328,1.48712288577191,0.223756173327259,1.15073060136994,0.566289271146296,0.842211755142653,0.52040119732085,0.00654700662188789,0.142068108424906,0.0921143194158069,0.0702331344143671,0.059047727599368,0.0524328644876978,0.0426943290228659,0.0299989794598193,0.00846975264232735,0.00448587475796659,0.00315586087134587,0.00156077157742119,0.00132302560144534,1.67900764652289,0.00678840349198052
12.09,7.51,1.18608,0.2,0.0674584322404579,0.225306379296264,0.387210279458729,0.557719185935014,0.760803372364154,0.964679903035103,0.0674584322404579,0.225306379296264,0.387210279458729,0.557719185935014,0.760803372364154,0.964679903035103,0.0674584322404579,0.225306379296264,0.387210279458729,0.557719185935014,0.760803372364154,0.964679903035103,1,1,150.000015727529,99.1687251327985,-10.6272697583585,268.598757421102,312.116992188314,3322.59972919488,-8.43751073919383,1.66411540464535,-0.156702676832622,-0.038711674825539,1.66411540464535,-0.156702676832622,0.842337140704093,-0.0847617410228101,-44.1101343610041,0.255913738747005,3.57586438912613,775.285928549107,1.66983442349755e-18,1.37814747422144,0.997888803249662,0.86093282991355,0.790118935527549,0.650327195083846,0.550326757629414,0.0246456961275909,0.0201862196646183,0.0230606216019165,0.0307046141026977,0.0343116737839808,0.0453956775335903,778.944037079472,10.1635746276428,17.3232166618681,2.92556741995651,122.687554207937,119.694497404449,2530.33910256018,68.5965034635634,14.4204143092766,0.0826206618450484,0.332709602992982,0.00460068892111105,0.0826206618450484,0.332709602992982,0.412309318805246,0.0819863081522349,0.464211936003991,0.530685741385281,0.144961664269472,0.176283669060888,1.39042458428491e-15,0.265411192413703,0.146917672640138,0.101324423888079,0.0768204676078698,0.0536227142571943,0.0380734249454878,0.0424776010776786,0.0126541663928564,0.00779226599908176,0.00763704069264869,0.00947875712449889,0.0107191112282069,0.796374671218449,0.00935257751512591
9.81,7.202,1.18352,0.2,0.0729319963555075,0.235567919699654,0.359740667275303,0.515964624727125,0.656696698474579,1,0.0729319963555075,0.235567919699654,0.359740667275303,0.515964624727125,0.656696698474579,1,0.0729319963555075,0.235567919699654,0.359740667275303,0.515964624727125,0.656696698474579,1,1,1,150.000015727529,96.4233642328927,-11.2215875481721,265.03141235288,319.394234090199,3229.81429017811,-9.06835320445787,1.60715206749297,-0.153728311360275,-0.0361017529424018,1.60715206749297,-0.153728311360275,0.724880257764817,-0.0795368512332049,-43.3756827413811,0.250093397632538,3.43692417456514,768.814498489742,-7.64353511509216e-18,1.31528066868035,0.951710363503804,0.840689667742944,0.785435142172691,0.683635371315487,0.522886834704718,0.0173600329768774,0.0195952486199354,0.0200400130194771,0.0269053171544631,0.0277014227684616,0.0452420654098532,724.965545255703,9.53883168419953,17.3232166618681,2.60107048746436,122.476737041622,119.936520877299,2526.80415932216,75.5940969086622,13.8759882565632,0.0894034173828688,0.332649209445769,0.00470515509173603,0.0894034173828688,0.332649209445769,0.397757208335781,0.0793461743843826,0.458205029348017,0.530678653973089,0.15976060306462,0.175286019309654,1.35474970290569e-15,0.208523411538356,0.12754702239878,0.0923191620565128,0.0718551547262435,0.0568132951061902,0.0341991040573231,0.0314367308273707,0.0103118682277669,0.00610128978180855,0.00638625495415794,0.00740238965895602,0.01078791919494,0.779662211218898,0.00891847334695015
9.87,10.678,1.12592,0.2,0.0957493525290042,0.27694901089834,0.421848565428165,0.601690761376227,0.806440336746823,0.932212031248548,0.0957493525290042,0.27694901089834,0.421848565428165,0.601690761376227,0.806440336746823,0.932212031248548,0.0957493525290042,0.27694901089834,0.421848565428165,0.601690761376227,0.806440336746823,0.932212031248548,1,1,150.000015727529,116.018706384751,-13.233826893459,252.436959691699,338.055520122904,3860.86199354234,3.88614814581814,1.9324098531403,-0.175562261414436,-0.051819214665139,1.9324098531403,-0.175562261414436,1.23491642591397,-0.0788467926257682,-41.8505020310384,0.287571247609624,4.1650536402458,755.211342568483,8.86844162066452e-18,1.53623966253515,1.2243495469222,1.03458374127695,0.902494896364961,0.806605291115507,0.700928382460161,0.550135350484325,0.315857022185189,0.207563802728882,0.156531199875013,0.149385594208936,0.126991599833351,614.271909176127,8.22783418393919,17.3232166618681,6.86202533523341,120.146796760005,120.667200878574,2488.61068826587,123.993976727637,15.1430452845729,0.0811232512830866,0.330640093614634,0.00519669982695925,0.0811232512830866,0.330640093614634,0.683924212284119,0.418328456514675,0.485219213797827,0.527623588082667,0.150656798640456,1.71409824428825,9.3779687272558e-16,0.199940132585697,0.126327969702761,0.0755091978475783,0.0483728173817714,0.0421889215948277,0.0398312551268101,0.232449787656309,0.178996850765815,0.116122155914787,0.0808911427771256,0.0798831046427079,0.0618803986281421,7.51719843304342,0.089244821290481
-12.45,23.306,1.3416,0.2,0.0900448950784659,0.232030292755303,0.379309990170227,0.551767166319218,0.725674980042277,0.816440741934389,0.0900448950784659,0.232030292755303,0.379309990170227,0.551767166319218,0.725674980042277,0.816440741934389,0.0900448950784659,0.232030292755303,0.379309990170227,0.551767166319218,0.725674980042277,0.816440741934389,1,1,150.000015727529,155.518175190084,-8.16443034975523,620.578106447245,88.8430151025935,3678.36121237371,-53.6282855952505,0.717583074679722,-0.300942754671388,-0.00865728124153733,0.777125132798667,-0.0396352572544527,-2.63636449390689,-1.07878770846787,-101.066443078846,0.0234685543901677,0.898978576351422,1173.76314967191,19.833087178419,1.48992427872097,0.913461233204874,0.517177783564212,0.292205624414124,0.0967081669617748,0.016886532828247,0.142799415176544,0.0215615235985835,0.0136270777002396,0.00695935475471305,0.0112333527757525,0.00961245286949274,4999.98073117384,43.0931423810026,17.3232166618681,32.2361640514664,114.582577737707,117.324639106437,2349.37383033887,638.857912061591,19.576599255076,0.219110513948735,0.373984526425916,0.00464892018321786,0.293155156928719,0.319269484815662,3.51881212493633,0.514937611076273,1.27771113026798,0.506757657705609,0.576770373831379,1.09731691496432,0.00653433265898449,0.335140871803471,0.225308359127691,0.11145933370481,0.0520026074028601,0.0411432171805002,0.0436147376249175,0.158411898644388,0.0189599829247805,0.00721927708026714,0.00109229879553139,0.000478385759410892,0.00269197409265261,4.15197537408348,0.014368275112387
4.47,13.274,1.26736,0.2,0.0609970918112978,0.164668015124252,0.304632876960787,0.497090308585751,0.709121360841849,0.850283546069722,0.0609970918112978,0.164668015124252,0.304632876960787,0.497090308585751,0.709121360841849,0.850283546069722,0.0609970918112978,0.164668015124252,0.304632876960787,0.497090308585751,0.709121360841849,0.850283546069722,1,1,150.000015727529,259.797677325279,-43.0859619695865,581.261837308614,1265.59941789397,8703.81345693157,4.47434576294136,4.2614239141756,-0.469676228068951,-0.246329767732528,4.2614239141756,-0.469676228068951,11.1165394229768,-0.517573277127383,-96.8913321529008,0.759581480555358,9.05216977398188,1153.5420268722,-3.76873794396428e-19,1.60307790855119,1.3162752838246,1.11092114363087,0.972872232059161,0.77661053015311,0.677868544943237,0.159610674128736,0.0349895997523175,0.0336798337673159,0.0425077939797938,0.046075852515363,0.0521992261222789,4567.71596708676,40.0560702010206,17.3232166618681,6.93616247019586,123.224717557227,119.891565538228,2549.18845475629,331.445871790894,36.251067798443,0.241938924082889,0.341164203892877,0.0293500061264581,0.241938924082889,0.341164203892877,1.37795567679868,0.214952547199116,0.969388137229075,0.544917482982218,0.520963484331796,0.498256560111833,1.40140258287812e-15,0.207417626150621,0.106412370748997,0.0779038678087741,0.0564912466274892,0.0438584246532255,0.0355669671777949,0.105867226868718,0.0200307035437295,0.0100998493271491,0.00827615532516767,0.00519046942770234,0.00526676680696683,6.78446787895566,0.0536730347067932
-11.91,24.89,1.188,0.2,0.0919169978390399,0.220346483935773,0.423991794861727,0.571867617657716,0.728492197556327,0.859785971554959,0.0919169978390399,0.220346483935773,0.423991794861727,0.571867617657716,0.728492197556327,0.859785971554959,0.0919169978390399,0.220346483935773,0.423991794861727,0.571867617657716,0.728492197556327,0.859785971554959,1,1,150.000015727529,148.79013644412,-7.22643776179564,620.64530778044,86.2906057181543,3453.39245911884,-47.7113009061556,0.622027414852619,-0.280517378908447,-0.00716866139985418,0.68139269927716,-0.0362325048192897,-2.93306115946255,-1.20657864689095,-101.0562076867,0.0186746867617956,0.709835267649203,1173.69690657223,21.2306593063227,1.4997247161754,0.966237089886469,0.531078356421206,0.294789334444329,0.0877280517395064,-0.00157693581783147,0.162345916668055,0.0230624446280596,0.014809110509322,0.00687307040933237,0.0113257653369441,0.00908675460889491,4999.97125299448,43.0935392146658,17.3232166618681,35.2141754658802,113.931843771423,117.237191122987,2335.87830257649,679.741420597909,18.1766277591,0.215334717782726,0.381943634551734,0.00432703928254614,0.301284418729848,0.318553087614098,3.54613718201898,0.499762255422369,1.31092994274233,0.505510620029218,0.591363831448558,1.245324511138,0.00787616784316824,0.306562097336611,0.24016105145868,0.12010271440975,0.0587560206381786,0.0489513918880672,0.0548368979214377,0.171111368878545,0.0213712997927121,0.00798654405001879,0.00129196439935808,0.000982193541067653,0.00292793557601204,4.95624675101277,0.0174443683775454
-10.05,12.482,1.21936,0.2,0.075631204089043,0.25086261642067,0.376351600428949,0.52186922610962,0.644704633608145,0.816366679281964,0.075631204089043,0.25086261642067,0.376351600428949,0.52186922610962,0.644704633608145,0.816366679281964,0.075631204089043,0.25086261642067,0.376351600428949,0.52186922610962,0.644704633608145,0.816366679281964,1,1,150.000015727529,235.684637016977,-31.0735574627643,566.075783772524,957.508726372253,7975.79866680554,-0.604082722591396,3.97373804811998,-0.408740072605666,-0.216791209249037,3.97373804811998,-0.408740072605666,9.9186955525466,-0.46035773849599,-94.3110082283094,0.664788053692323,8.50475877512759,1137.29382356005,-6.51543024684932e-18,1.57021643578794,1.1878575148422,1.01010385376523,0.913337527340902,0.777418904280803,0.6718218102281,0.0772218086527445,0.0294182521612332,0.0331615383814186,0.0388856962816373,0.0392935569211541,0.0469358129361525,3748.48849078221,33.3427997083637,17.3232166618681,14.1399712840055,124.937390621757,120.988663010445,2605.42891295647,629.237046600794,34.447027528737,0.404873706927932,0.359068569175347,0.0451748847974695,0.404873706927932,0.359068569175347,1.37517336123411,0.172836689773355,0.961988112817992,0.574718869255628,0.861730707242408,0.455535826562909,1.3304321251061e-15,0.188119765222415,0.0531183790779145,0.0188635821354344,0.0208929244125929,0.0230450934737948,0.0254946389236587,0.0728375823840433,0.00990146848786056,0.00382245958363889,0.00316304760690997,0.0033306315628437,0.00446213888454892,6.01973298680608,0.0492156646802102
-6.21,3.286,1.24112,0.2,0.0700713100546279,0.195251174783062,0.334980462346696,0.528943784477237,0.620679073881617,0.810518767281927,0.0700713100546279,0.195251174783062,0.334980462346696,0.528943784477237,0.620679073881617,0.810518767281927,0.0700713100546279,0.195251174783062,0.334980462346696,0.528943784477237,0.620679073881617,0.810518767281927,1,1,150.000015727529,47.7428632434121,-0.814213492344549,206.949841683158,24.5113995833767,1573.82741381106,-18.1554861993542,0.846879981251953,-0.0603269420288511,-0.0112064443287158,0.846879981251953,-0.0603269420288511,-0.356382051185293,-0.0289627435506718,-33.7738277262784,0.102733461097802,1.88785793146547,678.395031767507,-8.8384535381731e-18,0.289079491719613,0.22027405478596,0.260766607645037,0.30777180502031,0.31636218102281,0.351718956358713,0.0120179144880741,0.008113806374336,0.00600156160816581,0.00684203197583586,0.00561142360170816,0.0160883169461514,54.3497510675971,0.810427986668053,17.3232166618681,3.63985129030934,122.306470178806,119.925174569117,2524.25331105296,48.4570310351141,6.97794294055996,0.0855812977113456,0.333736034511513,0.00248706394047474,0.0855812977113456,0.333736034511513,0.128617614161303,0.0471531927667919,0.358436627223475,0.53284098393795,0.128549571428415,0.0364477584343213,8.91145284800598e-16,0.0178731814690323,0.0157602965914588,0.0165664092694971,0.0179425562490961,0.019736570534188,0.0197001183634947,0.000936619490441259,0.000322070503903048,0.000256542963793099,0.000317342909494771,0.000839082275975008,0.00591279758323112,0.121706916166956,0.00179096081005576
2.31,9.842,1.38832,0.2,0.0755560247730401,0.242608622090447,0.37339070210045,0.444297115866249,0.602238420096021,0.790298806776292,0.0755560247730401,0.242608622090447,0.37339070210045,0.444297115866249,0.602238420096021,0.790298806776292,0.0755560247730401,0.242608622090447,0.37339070210045,0.444297115866249,0.602238420096021,0.790298806776292,1,1,150.000015727529,190.379075096344,-24.3692095469222,431.617654410999,748.659465055723,6566.63410061452,-6.64168687480471,3.36925986876367,-0.338839672807,-0.156289803145506,3.36925986876367,-0.338839672807,5.99140933236122,-0.292622594488189,-71.286693052807,0.555457525663993,7.28815206749296,987.676960733254,4.02667605457765e-17,1.47624309967712,1.06305445266118,0.917269534423495,0.878978127278408,0.751565295281741,0.65424336006666,0.0252168770523904,0.0218191638371003,0.0244387851265493,0.0280705186959691,0.0300515560879075,0.0394805082803875,2436.05041141548,24.9499937506503,17.3232166618681,6.20750626079405,122.911029450367,120.570743021117,2541.27915811442,320.961777578255,28.7366776733593,0.230524170512243,0.339238163302,0.0222190289872966,0.230524170512243,0.339238163302,0.934761589776363,0.135283794145424,0.73017160543106,0.541736236593269,0.488710495417688,0.21567329512203,1.31238852179517e-15,0.137037967140708,0.0843479790758628,0.0638009723335805,0.0566749621257119,0.0429724312015708,0.0339169782324002,0.0247315686822557,0.00850089254608796,0.00615637255129895,0.00517991580144824,0.00663990448720247,0.00743295872925382,0.912049025255564,0.00605873701978391
-7.35,8.874,1.17584,0.2,0.0690706098872051,0.219193696578948,0.337052421390318,0.471627598312016,0.662809148202173,0.897412480290292,0.0690706098872051,0.219193696578948,0.337052421390318,0.471627598312016,0.662809148202173,0.897412480290292,0.0690706098872051,0.219193696578948,0.337052421390318,0.471627598312016,0.662809148202173,0.897412480290292,1,1,150.000015727529,127.529236537861,-11.1820852222685,313.793688157483,383.577148422039,4309.36350380169,-2.50391911790438,2.1503039266743,-0.202193621289449,-0.0641227945005729,2.1503039266743,-0.202193621289449,1.91769004270388,-0.137308262659098,-51.3708749088637,0.32952532254661,4.60797448182481,836.976221226956,-4.34732637225291e-18,1.5958318925112,1.16364253723571,0.999156275387979,0.918805395271327,0.756530340589523,0.621307738777211,0.0477773944380793,0.0237813856889907,0.0277624278720967,0.034048294969274,0.0387264180814498,0.0504143901676908,1333.62691386314,16.1185553588169,17.3232166618681,4.35883899994957,122.321514046115,120.493305976542,2531.36280405812,254.590058429669,18.4860110548376,0.195449988046272,0.337981080466648,0.0122705307262782,0.195449988046272,0.337981080466648,0.579701196146206,0.113715575155879,0.546943157730379,0.539777059424219,0.404603093674845,0.202531197728987,1.37040025927215e-15,0.141055267933985,0.0413896112013038,0.0298986484581799,0.0325141572378559,0.0287874152404785,0.025955091574617,0.0393341629571564,0.00731681912967191,0.00418114652719878,0.00350775372669615,0.00435288644557911,0.00532557949560452,1.0315646215905,0.0100346422186926
10.05,12.218,1.19248,0.2,0.0696405318334503,0.247013800599266,0.394122080412485,0.497395925554745,0.635080926792338,0.854521563786065,0.0696405318334503,0.247013800599266,0.394122080412485,0.497395925554745,0.635080926792338,0.854521563786065,0.0696405318334503,0.247013800599266,0.394122080412485,0.497395925554745,0.635080926792338,0.854521563786065,1,1,150.000015727529,217.613842308092,-31.1853134256848,531.107332569524,944.408118216853,7346.09728153317,-0.36652468722008,3.63933111134257,-0.383946707028435,-0.180039652119571,3.63933111134257,-0.383946707028435,8.19244589105302,-0.400253360114571,-88.8392334131862,0.622897264046454,7.76366378502239,1102.79262576815,-3.2685294448495e-18,1.59021997708572,1.20709618789709,1.01159546922195,0.936155212998643,0.794060504114154,0.659661045724404,0.139167686448599,0.0378548102217478,0.0347429996875326,0.0379102281012395,0.0382542412248724,0.0494370117696074,3390.50734298511,31.1017269034474,17.3232166618681,4.64992014220465,122.524026194263,119.443010915853,2524.4492888187,205.190976374005,31.2263715806096,0.156680745066814,0.332583610649053,0.0165981960441679,0.156680745066814,0.332583610649053,1.13363157706312,0.154444811937479,0.902008647288618,0.530548878733109,0.338326690415808,0.408263332144127,1.47684422994502e-15,0.286872987902964,0.145929700976645,0.0968732926585629,0.0764176012403701,0.0577921132731723,0.0428422418724364,0.122477897548764,0.024512166559285,0.0118643814000975,0.00805628894999932,0.00672113965331063,0.00711936891783949,1.40199754515469,0.00718916966722238
-12.51,17.85,1.31152,0.2,0.0810206912924234,0.186927665379329,0.332439526217576,0.473704855150249,0.60642253710533,0.852527294100801,0.0810206912924234,0.186927665379329,0.332439526217576,0.473704855150249,0.60642253710533,0.852527294100801,0.0810206912924234,0.186927665379329,0.332439526217576,0.473704855150249,0.60642253710533,0.852527294100801,1,1,150.000015727529,176.679554213103,-13.0674649515675,618.801416519113,254.680794396417,5057.79283407978,-38.2080013540256,1.77641547755442,-0.538340299552131,-0.0459290969690658,1.85083657952297,-0.140929332850745,1.69317832302885,-0.457708592677846,-101.093703780856,0.202630146620144,3.45770857202375,1173.62066451411,12.5049807311735,1.50376804499531,0.925313019477137,0.624364191230081,0.473417529424019,0.306514706801375,0.207034058952193,0.0820263248317884,0.0179998859493803,0.016173973231955,0.0123005884803666,0.00606756921154046,0.00818585897302363,5000.0036454536,43.0934590146861,17.3232166618681,29.0124980189788,120.346129734378,118.083248847624,2484.11530069006,785.286005153734,21.0431817992417,0.354045976248736,0.404652846675333,0.0195150081039961,0.413423710540166,0.343763222300775,1.56494644894747,0.317240153606806,1.3009591451099,0.547643486439748,0.839480542668633,0.625371569582184,0.00500022327904755,0.307845206711812,0.141676723547162,0.0583931544655002,0.0268075729346321,0.0296431354536054,0.0359853606558779,0.0954433389858519,0.0124718345993504,0.00370120454911473,0.00364134450333776,0.00117886130069528,0.00159330837531826,2.55601562513808,0.00914709723012697
12.45,18.158,1.35376,0.2,0.0804518876733867,0.223059295922695,0.422913206988387,0.600722376314134,0.738719040875207,1,0.0804518876733867,0.223059295922695,0.422913206988387,0.600722376314134,0.738719040875207,1,0.0804518876733867,0.223059295922695,0.422913206988387,0.600722376314134,0.738719040875207,1,1,1,150.000015727529,175.002228934486,-13.8878719018852,618.021778981357,271.814004697427,4928.8763670451,-42.6298203312155,1.6810982918446,-0.517216224652641,-0.0435080186438913,1.75366226434747,-0.135102967674201,1.30547660474951,-0.48351220213207,-101.106156650349,0.192084078374128,3.23156744089158,1173.70388501198,12.6960618685554,1.47277411727945,0.94549908342881,0.621706353504843,0.457952109155297,0.292045755650453,0.187778896989897,0.134294035594209,0.0232131395081762,0.0164737592959067,0.0136683199666701,0.0121781219664618,0.00764501638371003,5000.00760337465,43.0935631705028,17.3232166618681,42.1047448735254,122.566504269772,118.333621867026,2553.59244769112,1224.64935288669,21.1040951272473,0.512171077903499,0.447536893317945,0.0250055630853951,0.577979127701134,0.358524373559953,1.69327710113267,0.369788287995846,1.42955224562032,0.569182813874271,1.15166517923424,0.593817547829039,0.0055640143077162,0.394653239177834,0.282903849720466,0.195527279808246,0.143758504581682,0.104795873094606,0.0728835108337979,0.146292982473624,0.0231154493205378,0.0106395155630865,0.00764476603525972,0.00586497444270306,0.00382311905731832,2.13269305871052,0.00828530285788426
7.77,3.946,1.38384,0.2,0.080509414044794,0.202110435433214,0.347961205030197,0.534086185503169,0.641645417702755,0.910827297403262,0.080509414044794,0.202110435433214,0.347961205030197,0.534086185503169,0.641645417702755,0.910827297403262,0.080509414044794,0.202110435433214,0.347961205030197,0.534086185503169,0.641645417702755,0.910827297403262,1,1,150.000015727529,58.6980502031038,-3.98149503593376,211.913694406833,96.229855952505,1975.98104364129,-18.5542369544839,1.05516578481408,-0.0836715530059369,-0.0165839360483283,1.05516578481408,-0.0836715530059369,-0.095641780137069,-0.0359013609648995,-34.7112811165504,0.140670424952609,2.33373336110821,687.70479116757,3.03352669513591e-18,0.473120945734819,0.354039745859807,0.37365694198521,0.404650151025935,0.396222424747422,0.387008322049787,0.0120580458285595,0.0119247410686387,0.00631368774086033,0.00746690094781794,0.0143916844078742,0.0235719310488491,116.142995521301,1.70845182793457,17.3232166618681,2.57850492654743,122.933422271763,119.296258345321,2535.48408248591,33.8852145576656,9.01461282280014,0.0703277487689422,0.333003893517444,0.00258783791587233,0.0703277487689422,0.333003893517444,0.179437755706409,0.0527607134445827,0.363655979009584,0.531248579015302,0.128466970221774,0.0422783512999892,9.67438378128938e-16,0.066757178778931,0.048614934340544,0.0428005288370472,0.0410567742612301,0.0389431283010236,0.0309039463584821,0.00372841110025207,0.00350956046191887,0.00100509106354884,0.00265833230641571,0.00548664901903699,0.00197581720430524,0.123689568075779,0.00171931340522619
-8.91,6.938,1.1112,0.2,0.075251073126953,0.282807470821265,0.401542336117692,0.511585972266625,0.638442071399334,0.75929710695372,0.075251073126953,0.282807470821265,0.401542336117692,0.511585972266625,0.638442071399334,0.75929710695372,0.075251073126953,0.282807470821265,0.401542336117692,0.511585972266625,0.638442071399334,0.75929710695372,1,1,150.000015727529,93.3571180085407,-11.0699600468701,263.475881678992,327.320082728882,3190.50703051765,-9.44607277494011,1.6715164045412,-0.162041768920946,-0.0398186272263305,1.6715164045412,-0.162041768920946,0.884049157400271,-0.0851808062337256,-43.1930153109052,0.267981260926987,3.65515925424435,767.2183939173,1.82356058087699e-17,1.24293146547234,0.877258785543172,0.788771325903552,0.75661547755442,0.671000895740024,0.627134017289865,0.0146204875605666,0.0211691660243725,0.0195731153004895,0.0237221362358087,0.0229575877512759,0.0300375190084366,711.784366211854,9.38488657431519,17.3232166618681,2.40888440109594,122.134952201932,120.478713375694,2525.86706414549,167.952209154693,14.1044147214701,0.160685963679381,0.336524554487386,0.00809406935603446,0.160685963679381,0.336524554487386,0.386299171376094,0.0905797189494379,0.462477657878071,0.537627015565559,0.329167547177134,0.173190536393669,1.25076483439773e-15,0.0994888786206576,0.030509064502482,0.0230077972653232,0.0274794889418215,0.031315082548684,0.0314470929200159,0.0168837966647558,0.00424786309515048,0.00234483539137439,0.00256467514767554,0.00321372062303959,0.00566081203780633,0.775701521769109,0.00891739568337518
5.79,18.554,1.33072,0.2,0.062001239026432,0.227215646832892,0.430744600701029,0.566285854208538,0.708936653263783,0.768547390188178,0.062001239026432,0.227215646832892,0.430744600701029,0.566285854208538,0.708936653263783,0.768547390188178,0.062001239026432,0.227215646832892,0.430744600701029,0.566285854208538,0.708936653263783,0.768547390188178,1,1,150.000015727529,170.705947297157,-12.3686944377669,618.553515258827,208.90920502031,4726.38516821164,-41.9576606603479,1.55428593896469,-0.506726521134778,-0.0388137797104468,1.63071201958129,-0.115511532503906,0.83554976419123,-0.545530740137486,-101.106449328195,0.15988602668472,2.95993277783564,1173.69680241642,14.0053244453699,1.5223452765337,0.91510748880325,0.580904395375482,0.421121112384127,0.251469857306531,0.180475129673992,0.0703146265836893,0.0195393930944693,0.0159019224039163,0.0118666656598271,0.00922919352150818,0.00901692073742318,4999.99843766274,43.0935444224559,17.3232166618681,43.1700897014855,121.528931306698,118.17207325895,2525.71858295991,1255.70119918315,18.7109770668919,0.544293308149215,0.462796884268575,0.0247280617490305,0.619108650478396,0.356561035134139,1.75001665656322,0.405853007432951,1.48499377305085,0.567013704986625,1.26677944531163,0.686354487657419,0.00544110850255933,0.264272379690974,0.195365048630004,0.147000002449871,0.115288105202123,0.0881462680634347,0.0791999159766913,0.0740884172745004,0.0141725358551435,0.00783330160794013,0.00621210538170541,0.00317121639048077,0.00238390987959471,2.47918368127794,0.00898310511357377
1.41,5.398,1.33328,0.2,0.0755736237730196,0.251316057217117,0.441624702367424,0.597964138579325,0.749188764653971,0.992404461874461,0.0755736237730196,0.251316057217117,0.441624702367424,0.597964138579325,0.749188764653971,0.992404461874461,0.0755736237730196,0.251316057217117,0.441624702367424,0.597964138579325,0.749188764653971,0.992404461874461,1,1,150.000015727529,77.2031569628164,-10.4516913175711,228.602152900739,264.264132277888,2606.65961878971,-16.1384968753255,1.3484609936465,-0.127868180837413,-0.026134098531403,1.3484609936465,-0.127868180837413,0.296370216758671,-0.0532358130184356,-38.3156962816374,0.210773834444329,2.93367847099261,722.36232684095,1.97590652215394e-17,0.87734506822206,0.639446703468389,0.588874752629934,0.586770003124674,0.521470867617956,0.456933142381002,0.0119098190133319,0.0184631798770961,0.0189658681387356,0.0209128715758775,0.021352442453911,0.0285313029892719,360.962858035622,5.05483282991359,17.3232166618681,2.03582813341343,122.400656408694,119.837606029733,2528.00209360934,77.8151586789468,11.4162301489494,0.102481195247653,0.334011439917264,0.00437770149001816,0.102481195247653,0.334011439917264,0.260342497096302,0.0590485906412061,0.405960277505342,0.533084644298144,0.192492483738531,0.107074554620578,1.21412763893818e-15,0.0719980491843503,0.0527803897632334,0.046090183110621,0.0426939080608745,0.0372648926908099,0.0286825481457772,0.00790058399448773,0.00345052438071544,0.00243946559612841,0.00188902546884446,0.00113682579032474,0.00210923948082212,0.428178698031774,0.00556820112344837
-10.65,21.15,1.13232,0.2,0.0820117060681531,0.206615404999213,0.35279536057036,0.495970250906165,0.647987506812136,0.743355246036108,0.0820117060681531,0.206615404999213,0.35279536057036,0.495970250906165,0.647987506812136,0.743355246036108,0.0820117060681531,0.206615404999213,0.35279536057036,0.495970250906165,0.647987506812136,0.743355246036108,1,1,150.000015727529,161.788657431518,-9.59143170523902,619.337798146026,129.570929694823,4333.05353608999,-34.0961794604729,1.28063261118633,-0.462394905806687,-0.0252743479845849,1.35896671180086,-0.0838124084470367,-0.264453184137069,-0.702240038714717,-101.115893136132,0.105118083052807,2.3182527340902,1173.72773669409,16.3238829288619,1.54092865326529,0.999736392042495,0.635523049682325,0.432821570669721,0.23414768253307,0.138598529319862,0.128727374267264,0.0201622424747422,0.0168771685241121,0.00886362483074679,0.00832848515779607,0.0106494986980523,4999.98864701594,43.0935444224561,17.3232166618681,34.5849928840686,118.387169730263,117.6149541464,2432.98791490397,835.154594875656,17.3977906848284,0.33385638523227,0.411877164113382,0.013436410925938,0.410618900325205,0.335392784968716,1.79411851457808,0.390031051670751,1.34760788708322,0.533142484517375,0.82929304352354,0.864478631312585,0.00554944077550773,0.257831000069063,0.160580082125652,0.0774549361518154,0.0414006138022059,0.0396582394903321,0.0524175305299449,0.128611397424424,0.0154530739410422,0.00461384385162975,0.00463688379455787,0.00121185715012361,0.000774914282103303,3.2279986466839,0.0104865156660758
-2.31,17.982,1.16304,0.2,0.0739634282096001,0.211409110804656,0.318902452813887,0.484590269677481,0.668244812482267,0.876100786503244,0.0739634282096001,0.211409110804656,0.318902452813887,0.484590269677481,0.668244812482267,0.876100786503244,0.0739634282096001,0.211409110804656,0.318902452813887,0.484590269677481,0.668244812482267,0.876100786503244,1,1,150.000015727529,172.401270700969,-13.9375373731903,618.92405999375,285.146675919175,4940.26768044995,-30.3791193625664,1.74335043224664,-0.532567605676492,-0.0449853952713259,1.81720995729611,-0.143784499553172,1.60562362727841,-0.472802067732528,-101.092577856474,0.208313899294865,3.40693052806999,1173.6686803458,12.4631871680031,1.5892436204562,0.984744287053432,0.68951193625664,0.518922226851369,0.328937777314863,0.22843800645766,0.0581433957681492,0.018906958962608,0.0160365247370066,0.0139219719820852,0.0110673455890011,0.00630255160920737,4999.99031350901,43.0934485991044,17.3232166618681,33.1397452158052,121.301958504039,118.181952752834,2511.125672227,917.876037839376,18.0451590458125,0.395788645083656,0.415071875520724,0.0210165882740202,0.455765738269134,0.348153989283964,1.53549171654422,0.319930724842091,1.33180613180514,0.55363027814315,0.913747406440815,0.681685425066456,0.00582087353032547,0.154286680934306,0.100388572872875,0.0823001573206938,0.0723225849758032,0.0615129681518525,0.0545225461405681,0.0465325324135644,0.00897107533697322,0.00427730176922778,0.00511673377044893,0.00554004156974604,0.00318752733361937,2.55347188394912,0.00936703485889272
13.41,3.902,1.2776,0.2,0.0778121832603682,0.21905661575916,0.358596956382982,0.527308751568374,0.686665258634329,0.888160642102332,0.0778121832603682,0.21905661575916,0.358596956382982,0.527308751568374,0.686665258634329,0.888160642102332,0.0778121832603682,0.21905661575916,0.358596956382982,0.527308751568374,0.686665258634329,0.888160642102332,1,1,150.000015727529,54.5103968336632,-2.86548269555254,209.9756723258,71.633596292053,1815.89865638996,-17.313062076867,0.966200270805125,-0.0745306998573065,-0.0140657150296844,0.966200270805125,-0.0745306998573065,-0.212302061436309,-0.0331715341512342,-34.4522091448808,0.125503716792001,2.13783824601604,685.126122278937,1.90167625101552e-17,0.445938287678367,0.331925101551922,0.356235058848037,0.390216362878867,0.376682293511093,0.384334444328717,0.0121276444120404,0.0111297184668264,0.00611629507342985,0.00721880856160816,0.0134222830955109,0.0219373794396417,98.8703280908237,1.45980824914071,17.3232166618681,2.89612584951978,122.458678943906,119.739644879998,2525.00115054427,36.3561153622908,8.33547569978889,0.0538157136277128,0.330579410687185,0.00199058119957886,0.0538157136277128,0.330579410687185,0.166070849888858,0.0509755966881794,0.361000872003374,0.527185664441085,0.103371954709308,0.0459035815193851,9.65373702656887e-16,0.0859964282237019,0.0588729587849673,0.0502522404135625,0.0493395338439333,0.0437109777042823,0.0363796591220923,0.00447099216824902,0.00358835963774443,0.000942143875195522,0.00220559977514942,0.00660755043549097,0.00345798223418629,0.12242466497891,0.00179692986635236
-9.45,12.086,1.20464,0.2,0.0756416468551987,0.245546215993951,0.393311040462357,0.509445132548459,0.740520185293641,1,0.0756416468551987,0.245546215993951,0.393311040462357,0.509445132548459,0.740520185293641,1,0.0756416468551987,0.245546215993951,0.393311040462357,0.509445132548459,0.740520185293641,1,1,1,150.000015727529,201.039568794917,-32.0966686782627,483.394552650766,913.035278679304,6693.96323299656,0.524614987917925,3.20995510884283,-0.343677216494115,-0.140230298927195,3.20995510884283,-0.343677216494115,5.99407634621394,-0.307716728174149,-80.4005280699925,0.552074018803978,6.74848369961462,1048.29632329966,-7.19762300802001e-18,1.62691375898344,1.25593323612124,1.05594651598792,0.965431121758152,0.755659910425996,0.588329861472762,0.136172075825435,0.0374551067597126,0.0388232423705865,0.0418207311738361,0.0478577523174669,0.0611362993438184,2912.29569836475,28.1040964482863,17.3232166618681,11.0693562454663,124.688197786145,120.149919659905,2587.25557902334,500.928525758794,28.0497738718503,0.317869811474877,0.350120749800292,0.0285233612767713,0.317869811474877,0.350120749800292,1.15751643999476,0.176990893775256,0.839256467970133,0.559398683741562,0.664513039571317,0.456659087430785,1.29406604664476e-15,0.164873141445311,0.046481645351904,0.0205282907582231,0.0220936441671645,0.0226525556402284,0.0214796053189507,0.0911180148399183,0.0120395372761805,0.00441567492204622,0.0034836910811182,0.00300451072859298,0.00401094561034352,1.50539004990071,0.00850114385003674
-8.97,20.138,1.26096,0.2,0.068376205036007,0.210193246829458,0.372941669523286,0.520733497000738,0.688615778946002,0.884120608249948,0.068376205036007,0.210193246829458,0.372941669523286,0.520733497000738,0.688615778946002,0.884120608249948,0.068376205036007,0.210193246829458,0.372941669523286,0.520733497000738,0.688615778946002,0.884120608249948,1,1,150.000015727529,166.181658160608,-10.7501411852932,619.317341943548,149.387632434121,4438.94563066347,-40.1738756379544,1.30511531090511,-0.456205166685762,-0.0261342410165608,1.37980968649099,-0.0870080516503489,-0.228766279897927,-0.666589942818456,-101.115011977919,0.10898691888345,2.33891240495781,1173.74294344339,15.6592646599314,1.55453536089991,0.9519604207895,0.596366159775023,0.409816373294448,0.222257264868243,0.125709725028643,0.0921776709134466,0.0191570761379023,0.0172122247682533,0.00799641495677533,0.00849705499427142,0.0109427750234351,4999.98166857619,43.0935548380379,17.3232166618681,34.5612156180916,118.665191528054,117.655754172291,2444.59825639828,874.503473026456,17.2058996322468,0.357083974409571,0.415674766735157,0.0142848904667888,0.431227792727632,0.338137727261623,1.70131576370875,0.39499529645248,1.35822255262555,0.537659238517873,0.868736460583497,0.854862587537828,0.00670205580334198,0.252735798777798,0.132003605166953,0.0632315086238252,0.043674196312628,0.0435497407854123,0.0489943448965394,0.0987601069216972,0.0121615936335258,0.00392097278191998,0.00365014330401921,0.00135576004402524,0.000889315301231951,3.24147557817373,0.0108367304502499
2.79,10.018,1.13168,0.2,0.0725882099607557,0.234462728700115,0.37959742207329,0.450923381060824,0.681944786088771,0.855239982197573,0.0725882099607557,0.234462728700115,0.37959742207329,0.450923381060824,0.681944786088771,0.855239982197573,0.0725882099607557,0.234462728700115,0.37959742207329,0.450923381060824,0.681944786088771,0.855239982197573,1,1,150.000015727529,147.039506301427,-19.1020911446724,354.508030413498,599.381550932195,4977.39152171649,0.373356067284658,2.48939922924696,-0.256743681304031,-0.0852881501926883,2.48939922924696,-0.256743681304031,2.95281876887824,-0.18602904637017,-59.224810957192,0.417892272469534,5.33392979897927,898.724487032603,1.92995575877513e-17,1.6066254556817,1.24188469951047,1.041935308822,0.98198921987293,0.78141972711176,0.669528851161338,0.116759370431205,0.0349625212998646,0.035545206749297,0.0364845474429747,0.0430140589521925,0.0514875700447869,1835.37121133215,20.658289761484,17.3232166618681,3.23304270482721,122.285080017429,120.169625733991,2527.44301097108,182.807767679452,21.121787326152,0.158455502676848,0.335647515998957,0.0117484839666808,0.158455502676848,0.335647515998957,0.697772205895742,0.400315088686863,0.634918406986226,0.535808702376879,0.326634604828245,0.203047895272361,1.40303775601822e-15,0.181912036074052,0.0924199221862489,0.0670840326182311,0.0589772709346725,0.0436567165075111,0.0356938483673837,0.0789260237110259,0.0158358736361725,0.00805861281108735,0.00568887247962561,0.00505913511138755,0.00560202291782048,0.7782862324395,0.00570378057696797
-6.39,5.354,1.2008,0.2,0.0649643481840022,0.170146550351115,0.339571249290496,0.54089970429461,0.667350103410586,0.881644261276588,0.0649643481840022,0.170146550351115,0.339571249290496,0.54089970429461,0.667350103410586,0.881644261276588,0.0649643481840022,0.170146550351115,0.339571249290496,0.54089970429461,0.667350103410586,0.881644261276588,1,1,150.000015727529,73.313598583481,-7.37187912925737,225.374266222268,201.221504457869,2482.12894490157,-13.8391179026851,1.29856244141235,-0.116822174315175,-0.0244626643058014,1.29856244141235,-0.116822174315175,0.233082336367045,-0.0524739145511926,-38.0319258410582,0.193725483824602,2.84163899593792,719.627924174565,-4.29519551192585e-18,0.85137508592855,0.639295937923133,0.59977082595563,0.592941058223102,0.54101570669722,0.496746797208623,0.0119686801374857,0.015466698156442,0.0161334111030101,0.0192362066451411,0.0194500406207686,0.0249558577231538,340.816258723051,4.79084480783251,17.3232166618681,2.10090219630313,122.02386021711,120.246637955017,2523.32079499487,93.0789563837091,10.9250904367385,0.118476670003165,0.334885546733307,0.00480562968956568,0.118476670003165,0.334885546733307,0.253835705424495,0.0617967279553846,0.406893911644315,0.534737016959275,0.226361180960484,0.105930170001617,1.10718483055983e-15,0.0471783713030423,0.0248411235437224,0.0267529869016803,0.0303472699809507,0.0314036568853687,0.0284279319141957,0.00659219465141591,0.00221790340940815,0.00161336571677995,0.00143579133400134,0.00100390261833496,0.000983277224475306,0.424022406705988,0.00554006960386528
9.39,7.774,1.29296,0.2,0.0767805534370752,0.216407866295959,0.381814335018126,0.511602651326093,0.687839676262979,0.901273818512808,0.0767805534370752,0.216407866295959,0.381814335018126,0.511602651326093,0.687839676262979,0.901273818512808,0.0767805534370752,0.216407866295959,0.381814335018126,0.511602651326093,0.687839676262979,0.901273818512808,1,1,150.000015727529,115.946255598375,-8.0371635381731,287.621539422977,290.082654733882,3946.31663368399,-7.63115503270492,2.00591042599729,-0.179351256993022,-0.0559207697114884,2.00591042599729,-0.179351256993022,1.52829896781585,-0.113708056772211,-47.4013154879699,0.29447841558171,4.33469846890949,803.824289136555,4.18451827934564e-19,1.39113040308301,1.01184041245703,0.871285366107697,0.816741620664514,0.689714540152067,0.585759493802729,0.0243098255733778,0.0201394296427455,0.023079655452557,0.0289959004270389,0.031490511405062,0.0426424122487241,1026.54046453494,12.9185241120715,17.3232166618681,2.52139073497399,123.748829771042,118.641538452692,2552.68234053521,105.66109020196,17.4232220733554,0.10560149391618,0.33607426751287,0.00663044167718606,0.10560149391618,0.33607426751287,0.485549297524342,0.162468008006266,0.494103131671725,0.536099268332838,0.205799481713869,0.201952906370144,1.29770899738894e-15,0.220964935174335,0.129110464081782,0.0901714030298329,0.0723551473983699,0.0531197468483108,0.0382266841207649,0.0353432677151982,0.0113058271208494,0.00713836984641391,0.00681688334548257,0.00839680641045675,0.00982151736798426,0.988292378727785,0.0104232645840496
-7.71,6.63,1.32048,0.2,0.0624272739267475,0.193330052519125,0.310204506199075,0.42038269875084,0.565914594076084,0.776114731331657,0.0624272739267475,0.193330052519125,0.310204506199075,0.42038269875084,0.565914594076084,0.776114731331657,0.0624272739267475,0.193330052519125,0.310204506199075,0.42038269875084,0.565914594076084,0.776114731331657,1,1,150.000015727529,104.237072179981,-10.0700568305385,268.361469638579,317.009481986251,3610.7095094261,-11.8667236691803,1.90296167065931,-0.177179805271326,-0.0512641391521717,1.90296167065931,-0.177179805271326,1.29865445489011,-0.0985010246536819,-44.2231090511406,0.293578166452453,4.16544766170191,776.380991563383,9.89693254869284e-18,1.11588563691282,0.821126049369857,0.752908728257473,0.742935871263412,0.662155160920738,0.594640089574003,0.0124447709747943,0.0170981138423081,0.0160076181647745,0.0179750744714093,0.0180470211436309,0.0265425309863556,788.156046245183,10.2692886157691,17.3232166618681,3.12813756156284,122.78825289359,120.07600831104,2542.2638786022,202.879691571803,16.0620418830241,0.180830666616705,0.339789492088277,0.010207906887913,0.180830666616705,0.339789492088277,0.422177084137583,0.108270012848923,0.471461324724285,0.542905179339729,0.373865110750467,0.176062536331979,1.23821008825389e-15,0.0765020740659269,0.0278286637956498,0.025607270225327,0.0307305373128276,0.0344880573030608,0.0310527002642332,0.0128038023863768,0.00346599600843337,0.00208621746604831,0.00182846780608545,0.00133311272672534,0.00381022196828577,0.798784983288893,0.00931419864655302
-10.83,19.038,1.23856,0.2,0.0629787061594286,0.178175873886381,0.304775614148829,0.452264869524988,0.637444858347319,0.809474402453618,0.0629787061594286,0.178175873886381,0.304775614148829,0.452264869524988,0.637444858347319,0.809474402453618,0.0629787061594286,0.178175873886381,0.304775614148829,0.452264869524988,0.637444858347319,0.809474402453618,1,1,150.000015727529,170.172315383814,-11.8961449011561,618.6403187168,201.080149463598,4733.88094990105,-36.2633349651078,1.54606398291845,-0.505093724797417,-0.0355312163316321,1.62246698260598,-0.114177201377982,0.767700462555984,-0.548615610238516,-101.114948442871,0.15666022819498,2.92280991563379,1173.69805228622,14.0667274242267,1.53852963232997,0.95671632121654,0.633230017706489,0.459176762837205,0.269449744818248,0.177809610457244,0.0887260615092177,0.0178174927611707,0.0154310897823144,0.0094793878762629,0.00719062503905844,0.0096114079783356,4999.98146026456,43.0934267263828,17.3232166618681,31.6839249814822,119.598698254232,117.793750772725,2465.67602756751,822.772215777103,18.9580356975796,0.352683299500253,0.409833131986099,0.0169435959395175,0.419586109618441,0.341016176727689,1.58853808249831,0.348302790915579,1.32149100606565,0.542767104316707,0.848976475435767,0.741455043152217,0.00594747556041909,0.286443153868049,0.140808588543272,0.0624023176727177,0.0350788908892468,0.0361217905464088,0.0436786816139835,0.101567473723073,0.0127082240751878,0.00384513263556192,0.00462279961323435,0.00129357627111095,0.00126228683567385,2.89227959270979,0.00995856364104455
8.73,17.762,1.27568,0.2,0.0648076907260865,0.223222484830644,0.354618240645276,0.453867424214376,0.633597202264093,0.765927846118543,0.0648076907260865,0.223222484830644,0.354618240645276,0.453867424214376,0.633597202264093,0.765927846118543,0.0648076907260865,0.223222484830644,0.354618240645276,0.453867424214376,0.633597202264093,0.765927846118543,1,1,150.000015727529,173.659452140402,-13.2379234735965,618.747703364233,262.566820174982,4982.55181751901,-36.6839781272784,1.76904220393709,-0.541085358559525,-0.0480878422039371,1.84447693990209,-0.142042148577231,1.7183320782106,-0.464603114640141,-101.086949276117,0.205840225269243,3.47038548067909,1173.65753567337,12.603673575669,1.49545442141444,0.921423372565358,0.630774138110613,0.490502426830538,0.308095990001041,0.22666921987293,0.0864464751359233,0.0199296208848453,0.0151159694823456,0.0118026830538486,0.011302358191855,0.00796288782418497,5000.00291636288,43.0932715342149,17.3232166618681,40.3279462200199,122.325299819927,118.558260902894,2543.58862573273,1185.03236587616,20.098626304529,0.51824572978814,0.445153123072878,0.0268574461042851,0.582567035704055,0.356877546604324,1.66760490656709,0.362159796241477,1.42742314242518,0.567254095479415,1.18358865427774,0.566051500714951,0.00482110147065388,0.32208651622966,0.222601647229978,0.169151280444118,0.133424610452188,0.0975439349812512,0.0793185263048463,0.0962692784699711,0.0166178822197931,0.00823581606480739,0.00581531102738829,0.00487108949572178,0.00267576468871881,1.98294599706471,0.00677573112830078
-14.91,19.786,1.25392,0.2,0.0497540487376026,0.204562925795929,0.344971742440565,0.499808636665503,0.55913466266201,0.776197372223922,0.0497540487376026,0.204562925795929,0.344971742440565,0.499808636665503,0.55913466266201,0.776197372223922,0.0497540487376026,0.204562925795929,0.344971742440565,0.499808636665503,0.55913466266201,0.776197372223922,1,1,150.000015727529,169.445401520675,-11.0686614321425,618.726674304761,166.920170610353,4678.41651911259,-38.3415819185502,1.4995951046766,-0.499431740744714,-0.0331628433496511,1.5771322883033,-0.104319068263723,0.577956985126549,-0.573458979918759,-101.1189292782,0.139975010804083,2.81204541193626,1173.68930319758,14.6354535985833,1.5147764816165,0.951025591084262,0.616599708363712,0.434902281012395,0.268815602541402,0.165742918445995,0.123368159354234,0.0201349347546922,0.0166278178314759,0.00872925799395897,0.00774386126445162,0.0101687597125299,4999.98333506926,43.0934819289659,17.3232166618681,29.8189112593927,118.712111060975,117.702735232091,2441.92907366151,729.935864858178,20.9908922595408,0.31225629786315,0.399869834087203,0.0148523432185463,0.379954792282174,0.336201184777637,1.6002359288232,0.353996914219751,1.29847395177392,0.535258739600485,0.772077521218481,0.724007326044305,0.00510156816341123,0.377468073750608,0.203482617849543,0.0939820115873154,0.0359386962700111,0.0257291024076241,0.0372689767551729,0.145991970618424,0.0180888576231282,0.00512372449422768,0.0046154526914119,0.000818805830234154,0.000816904511750559,2.82594625765503,0.00975800480522077
12.39,22.602,1.10672,0.2,0.0806588223837627,0.228057688609478,0.370888892662825,0.502235303213846,0.596409117611813,0.7165726846176,0.0806588223837627,0.228057688609478,0.370888892662825,0.502235303213846,0.596409117611813,0.7165726846176,0.0806588223837627,0.228057688609478,0.370888892662825,0.502235303213846,0.596409117611813,0.7165726846176,1,1,150.000015727529,152.541264451619,-8.28304586397251,619.50322883033,122.880158931361,3943.10905114051,-38.2605780647849,1.05898626375378,-0.422521474751588,-0.0242255694615144,1.13789710591605,-0.0719316066868035,-1.08522445547339,-0.867107853431934,-101.092123737111,0.0846835297469013,1.82848604886991,1173.69096969066,18.1343735027597,1.48431272784085,0.988957858556401,0.614929465680658,0.40512163420477,0.211877182372669,0.104531195465056,0.199731767735444,0.034037025612957,0.0155269888553276,0.0116337506509739,0.0100167629413603,0.00865586032704926,5000.00354129778,43.0934215185918,17.3232166618681,57.1255320489899,118.697061107294,117.797930213099,2477.49159051984,1662.86453556128,21.2153091613544,0.668295807557673,0.536744742306751,0.0213571483917319,0.779113820222872,0.357345189258019,2.85015018709196,0.565609937990165,1.76479556762841,0.566703333140878,1.5771330203735,0.605711278871443,0.00505033640692894,0.402554857147427,0.353961653468278,0.26878420885655,0.207922194524994,0.14720994491069,0.115616435696448,0.204006219851521,0.0364339802797306,0.0130896241033922,0.00663243900783191,0.0037786739326677,0.00205257195432388,2.20382904461836,0.00934580517676098
-11.85,9.226,1.17328,0.2,0.0728090593668783,0.192352818083578,0.347187625867274,0.58582503695437,0.679701439674842,0.817433418079198,0.0728090593668783,0.192352818083578,0.347187625867274,0.58582503695437,0.679701439674842,0.817433418079198,0.0728090593668783,0.192352818083578,0.347187625867274,0.58582503695437,0.679701439674842,0.817433418079198,1,1,150.000015727529,132.458441828976,-17.7012707509635,314.448203312155,534.63292505989,4510.93448599104,-3.14322161482137,2.30142453911051,-0.233870624182897,-0.0740588959483388,2.30142453911051,-0.233870624182897,2.28928770961358,-0.149339805589001,-52.6929340693677,0.383262001775857,4.97752827830435,847.556692011247,1.88838508592855e-17,1.58268617852307,1.19627361733153,1.00996708676179,0.87110826997188,0.756044203728779,0.671920633267368,0.0759413022955942,0.0233211814394334,0.0298757775231746,0.0422251161337361,0.040903142381002,0.0470718956358713,1436.08926153526,17.1400906155609,17.3232166618681,5.73745731910197,124.381060904073,118.944122381542,2578.06160490673,315.347666901101,19.9327579133061,0.236004737235864,0.34637343575672,0.0157001514479726,0.236004737235864,0.34637343575672,0.5874750697556,0.124570220632181,0.55346996749917,0.553599955551001,0.49750111291463,0.222217174712518,1.34260483624099e-15,0.197599703592866,0.0607329281630428,0.0188600651162514,0.0188420372310721,0.0222430275590687,0.0256763482738933,0.0731351412855763,0.00971594682603003,0.00348164284768444,0.0028751804199822,0.00335272483856982,0.00451311531007393,1.18517328481101,0.0114164590817289
-14.49,16.09,1.18864,0.2,0.0651924988975622,0.236459898596906,0.297124034895512,0.493045750061093,0.667892909639414,0.948401295834123,0.0651924988975622,0.236459898596906,0.297124034895512,0.493045750061093,0.667892909639414,0.948401295834123,0.0651924988975622,0.236459898596906,0.297124034895512,0.493045750061093,0.667892909639414,0.948401295834123,1,1,150.000015727529,204.621768565774,-22.3143520258306,614.262274763045,547.839753254869,6363.55275492136,-20.2928081272784,2.661517654411,-0.588064664097489,-0.0990995135923341,2.71472565357775,-0.24446515980627,5.18623044474534,-0.269709584667222,-100.9540662431,0.378548958535569,5.44937891886262,1173.57952296636,7.31370596812833,1.56665170294761,1.07717632538277,0.860421414435996,0.705771159254245,0.520699468805332,0.38146870117696,0.115123909454744,0.0235147734610978,0.0169374941151963,0.0197989261535257,0.0194169399020935,0.0242905978543902,4999.98281429018,43.0936256639931,17.3232166618681,24.81461386959,123.999568835892,118.69322943689,2567.58011914735,789.437271859521,26.2256082423743,0.400986574907437,0.394271487681255,0.0316456826778757,0.43560004296893,0.35565658383466,1.54725153686071,0.260015355333839,1.20732943299584,0.567491246111456,0.889695119332388,0.507191430739135,0.00600980923874188,0.292660536304197,0.125771704318429,0.0474839039144581,0.0160669257326889,0.0220587884207815,0.0284081765017862,0.121160352738328,0.0145397011052292,0.0044756690063693,0.00206551945213554,0.00130736859976776,0.00236061364656867,1.86274227612919,0.00700067434543532
9.57,8.698,1.396,0.2,0.080178737453936,0.234197026843721,0.37268590929483,0.429860229895947,0.646043353550468,0.825026558025304,0.080178737453936,0.234197026843721,0.37268590929483,0.429860229895947,0.646043353550468,0.825026558025304,0.080178737453936,0.234197026843721,0.37268590929483,0.429860229895947,0.646043353550468,0.825026558025304,1,1,150.000015727529,148.263930840538,-20.1861874356838,331.655587959588,603.765261118634,5107.42860118738,-6.70815953129884,2.62499395896261,-0.266239589095927,-0.0951681251952924,2.62499395896261,-0.266239589095927,3.06107821060306,-0.175392093297573,-54.7776023330903,0.436544785583793,5.68134777627329,864.690417664815,-2.31057144120405e-17,1.4705828559525,1.0650042703885,0.917104072492448,0.885833236121237,0.730724226643058,0.637995885845225,0.0386190139595875,0.022359868451203,0.0248238578273096,0.0271073513175711,0.0318261712321633,0.0410104905738986,1606.49744818248,18.793988126237,17.3232166618681,3.01227833295938,122.827768423151,119.804721362301,2533.10420717392,156.437392064856,22.5838398897044,0.132884156806478,0.333696995313249,0.0104612647351905,0.132884156806478,0.333696995313249,0.64975422425535,0.122406348430304,0.567861302544811,0.532292160465054,0.275699396190667,0.218407690542072,1.33110244838151e-15,0.247435105199763,0.137117939033077,0.0947128070310703,0.0801380703096445,0.0551892894055718,0.0421222938639817,0.0464600944841436,0.0130466726591689,0.00833390422891719,0.00671968299215079,0.00831714650870977,0.00896744199050443,1.12055545566279,0.0103561306641229
-0.989999999999998,13.846,1.1784,0.2,0.0584470272790589,0.200544152148524,0.394113689546126,0.566561641782638,0.706316279983529,0.894609960956383,0.0584470272790589,0.200544152148524,0.394113689546126,0.566561641782638,0.706316279983529,0.894609960956383,0.0584470272790589,0.200544152148524,0.394113689546126,0.566561641782638,0.706316279983529,0.894609960956383,1,1,150.000015727529,246.714821372774,-40.6798817975211,576.942880949901,1200.63179194876,8219.76044162067,6.40942895385897,4.00069638579315,-0.443703198481408,-0.217406207686699,4.00069638579315,-0.443703198481408,10.0565050515571,-0.484426959785439,-96.2117602333092,0.716474259770857,8.47867524216228,1148.58410582231,1.15223300593688e-17,1.61277439850016,1.35333569419852,1.10561526924279,0.960627830434329,0.806863878762629,0.672016112904906,0.228275349442767,0.0519437392979898,0.0525224809915635,0.0558430944693261,0.0492979023018436,0.0581483470471826,4317.80554108947,38.0265982710134,17.3232166618681,8.12231507508952,124.891990412608,119.294447060935,2590.63402688338,386.399058214611,33.6917960280593,0.283027585883976,0.349241427413412,0.0322010983411634,0.283027585883976,0.349241427413412,1.39823022134251,0.244036372729379,0.972745708680301,0.558094154423019,0.613452510506201,0.492901121389609,1.38566054084709e-15,0.190734134701495,0.0653704324867124,0.0463233212296204,0.0315632953426324,0.0345365634948958,0.0288560666233679,0.102974349999391,0.0204528778837082,0.0152424240017199,0.0115841759146337,0.00454143703569741,0.00460483818558037,8.72511906087605,0.0696802963625796
0.27,4.034,1.34224,0.2,0.0697949751714591,0.21776224027475,0.338907326952006,0.439547177650429,0.629823043210336,0.886028894965472,0.0697949751714591,0.21776224027475,0.338907326952006,0.439547177650429,0.629823043210336,0.886028894965472,0.0697949751714591,0.21776224027475,0.338907326952006,0.439547177650429,0.629823043210336,0.886028894965472,1,1,150.000015727529,59.8785407770024,-4.51443627747109,213.445756692012,108.628640245808,2017.70211436309,-17.6983004895323,1.07550969690657,-0.0867899549588585,-0.0172211977918967,1.07550969690657,-0.0867899549588585,-0.0704245496705551,-0.0368483462572649,-34.869092802833,0.145652513852724,2.37596323299656,689.285345276554,-3.6582338298094e-19,0.503484814081867,0.376617362774712,0.394226601395688,0.433806301426934,0.413105624414123,0.403590480158317,0.0120336408707426,0.0139515043224664,0.00650667305489012,0.0074841717529424,0.0163589331319654,0.0238892313300698,126.784866159774,1.86067065930632,17.3232166618681,2.58012493754917,123.103001837635,119.181686539278,2541.15632305458,44.4190251645696,9.06517523215037,0.0878051178315851,0.335330478245034,0.00313697721118252,0.0878051178315851,0.335330478245034,0.184651476673475,0.0531633628852308,0.367286020231603,0.535193449564683,0.155462359465392,0.0353672406217203,9.61769336715143e-16,0.0407989733401941,0.0331220913119575,0.0318312731870515,0.0322079061023255,0.0322586197722821,0.027203682214543,0.00277493183402993,0.00302128278588732,0.00106797858918142,0.00231342092049711,0.00361925806538598,0.000665808509697038,0.0668573208838169,0.00096989178555474
-14.01,16.706,1.31792,0.2,0.0688133607769582,0.210928762541139,0.393819961752866,0.538571383362431,0.715771141427881,0.896506730458046,0.0688133607769582,0.210928762541139,0.393819961752866,0.538571383362431,0.715771141427881,0.896506730458046,0.0688133607769582,0.210928762541139,0.393819961752866,0.538571383362431,0.715771141427881,0.896506730458046,1,1,150.000015727529,189.804489115717,-16.654971190501,616.823601708155,367.214502655973,5675.04124570357,-34.6083551713363,2.21348276221227,-0.582055904593271,-0.0698877533590251,2.28098885532757,-0.188171841241537,3.4649116480575,-0.332603669294865,-101.041030101032,0.284632985168212,4.47393063222581,1173.5694198521,10.0170730132278,1.51539693781898,0.962119445891053,0.679568909488595,0.544259337569003,0.371318862618477,0.283502468492865,0.0846397496564941,0.0193864913029893,0.0182792830955109,0.0185614769294865,0.0161520201020727,0.00622477814810957,4999.99531298823,43.0939412561192,17.3232166618681,26.556252866398,121.685627088853,118.345270004697,2509.05110520584,776.136814860594,23.7223724139499,0.375483369776705,0.397537967014574,0.0253486936461559,0.422776532013801,0.346815477576049,1.54270136469657,0.289519193407066,1.24963241729905,0.553103941477724,0.865026238270229,0.551511339088656,0.00727535664738114,0.31942720060517,0.135808769268997,0.0528218823317674,0.0194883549774681,0.0219990129844401,0.0303671444428718,0.100098690423038,0.0128718639569003,0.00380586822607188,0.00178928738891178,0.0056037038902029,0.00213759041556958,2.25413483690873,0.00896092715424424
9.33,23.218,1.25072,0.2,0.072766864032183,0.183653419617901,0.349141396546416,0.511797572475479,0.621859913174937,0.881289945081479,0.072766864032183,0.183653419617901,0.349141396546416,0.511797572475479,0.621859913174937,0.881289945081479,0.072766864032183,0.183653419617901,0.349141396546416,0.511797572475479,0.621859913174937,0.881289945081479,1,1,150.000015727529,148.692427872097,-8.93830176304552,620.226080616602,138.771102770545,3516.40625976461,-49.6824570357254,0.673671407561712,-0.297616265178627,-0.0164378365066139,0.734903645609832,-0.048204594198521,-2.75768562014374,-1.12159386220185,-101.043192375794,0.0381161402978856,0.826034344818247,1173.67940839496,20.0825216123322,1.47258577231538,0.937095000520778,0.53130986355588,0.30605697594261,0.121592117116967,0.00787455915842099,0.143226454810853,0.0219704665310905,0.0125715336944068,0.00986046213936048,0.00812605634829706,0.0112224155817102,4999.98677221123,43.0935485886891,17.3232166618681,63.7195379492775,117.399809345744,117.168428212256,2446.28569169798,1850.5471526133,21.6395773693195,0.719928173114425,0.572257850953983,0.0135769993368134,0.848579826053257,0.354516733822854,4.53938980414497,0.768822672994143,1.92333205481837,0.562031373639141,1.71475883170704,1.06013064444927,0.00650522038315761,0.353196312772211,0.32481323899602,0.250799720775845,0.18965684081791,0.132381914521725,0.110831742082728,0.149875879111935,0.0241037259587324,0.00992672442766741,0.00498038362167104,0.00225508676829822,0.00399416302910975,4.21640298999567,0.0143664814737316
-1.65,18.73,1.19888,0.2,0.0727220995036806,0.214061947670467,0.366953094772324,0.549483907562482,0.721776272105949,0.900757856294145,0.0727220995036806,0.214061947670467,0.366953094772324,0.549483907562482,0.721776272105949,0.900757856294145,0.0727220995036806,0.214061947670467,0.366953094772324,0.549483907562482,0.721776272105949,0.900757856294145,1,1,150.000015727529,169.303749609416,-12.9712514300594,618.579397979378,237.935367149255,4718.77158629309,-34.306248307468,1.56511037391938,-0.506311868591814,-0.037157288719925,1.64045271325904,-0.121843891855015,0.877420492523695,-0.539719727830434,-101.110843662119,0.170413121889386,2.98675158837621,1173.6699302156,13.678454327674,1.5925822310176,0.976434246432663,0.649228976148318,0.466061597750234,0.281338173106968,0.188092931986251,0.0624148666940944,0.0189510853036142,0.0172182899697948,0.0128610198937611,0.0083341796687845,0.00823102437246121,4999.99218831372,43.0933704822416,17.3232166618681,35.8310402343038,120.802662531781,117.937184430297,2501.29236104335,980.059296573892,16.9238296743823,0.411359617152219,0.425689504031129,0.0195685134557237,0.478923558954939,0.347929182148006,1.56482449958601,0.351158815494623,1.36440874581633,0.553052758999936,0.959879942174751,0.775739489484895,0.0066290256847971,0.159292339128609,0.110169408034368,0.0890787212706381,0.0764138060517988,0.0642328329201957,0.0577823484710481,0.0503218215893734,0.00945292927390289,0.00453463035087026,0.00607137371349145,0.00292576644408263,0.00271395928223987,2.87848365252743,0.0104539226821564
6.81,19.566,1.10928,0.2,0.0644171647856211,0.195013746554591,0.35569238923227,0.501128823530236,0.623450795699401,0.881977879228267,0.0644171647856211,0.195013746554591,0.35569238923227,0.501128823530236,0.623450795699401,0.881977879228267,0.0644171647856211,0.195013746554591,0.35569238923227,0.501128823530236,0.623450795699401,0.881977879228267,1,1,150.000015727529,165.002562233101,-12.204895702531,618.615050515572,222.758125611916,4596.36548276221,-30.5376636808666,1.50657437766899,-0.502252659525049,-0.0358943530882199,1.58386048328299,-0.115829969675867,0.660808828319967,-0.574358743568378,-101.11266534736,0.160360023039267,2.8606119570878,1173.69232371628,14.2544037079468,1.52732371627955,1.02534044370378,0.680752671596708,0.497298406415998,0.308741235287991,0.189937141964379,0.118626983998854,0.0213872790916571,0.0165643188209562,0.0128257907509634,0.0114975582751797,0.0077681138423081,5000.00677012811,43.0934860951984,17.3232166618681,40.9247061394574,121.089819214087,118.05314911584,2517.18150995084,1158.57702720662,17.6310814285957,0.483132753615757,0.449760322034343,0.0216973770761416,0.55749982810791,0.353404870366746,1.66539278913277,0.38913932224622,1.44703528427383,0.561214619606125,1.11829792090235,0.710569332903922,0.00587199593406652,0.279793847451752,0.223488359317873,0.170291384499595,0.13600596195021,0.1058086521967,0.0801173195784466,0.115840234389162,0.0184446597781905,0.00830770712940882,0.00639923784366983,0.0047973497301423,0.00363713709398973,2.59403482254789,0.00956785195387959
-11.97,23.262,1.2904,0.2,0.0703040379047773,0.197399533838481,0.303827983113027,0.519246478608931,0.745173913393898,0.986764407467569,0.0703040379047773,0.197399533838481,0.303827983113027,0.519246478608931,0.745173913393898,0.986764407467569,0.0703040379047773,0.197399533838481,0.303827983113027,0.519246478608931,0.745173913393898,0.986764407467569,1,1,150.000015727529,151.979543797521,-8.7084916258723,620.670003124675,120.533864389126,3588.11915425476,-51.1382085199459,0.69007448182481,-0.298270940974898,-0.00815247505468179,0.750370838454327,-0.0459863026663889,-2.71758375044266,-1.10455546807624,-101.063641287366,0.0343207144370378,0.854388696854494,1173.7570044787,19.8687334652643,1.50107447140923,0.923119112592438,0.532765857723154,0.295574825539006,0.0929778373398605,0.0089638264118321,0.128801272742423,0.0194638648221644,0.0126401660243725,0.00691048088740755,0.0112857160712426,0.00985719404228729,4999.98250182273,43.0931715446314,17.3232166618681,32.704981403198,114.397295769856,117.278374036991,2348.95061371952,642.893132780079,18.6726919289533,0.207361599614269,0.375454358907322,0.00451313749707008,0.285553704455329,0.320036740185394,3.18913927241626,0.531201315611785,1.28612845638056,0.507958937885464,0.549559489481704,1.09658995340893,0.00747355711834122,0.332617334834789,0.216754765735487,0.113687581422072,0.0530063350236444,0.0428267418795797,0.0469919814339243,0.145802003538222,0.0182218239660782,0.0064297253461734,0.00104444841327566,0.000495190357128176,0.00310415233154687,4.42103235853692,0.0150752503641215
14.19,9.93,1.11888,0.2,0.0693532874414687,0.192833685468679,0.344963904946789,0.482465965392389,0.636947876694774,0.827134092536646,0.0693532874414687,0.192833685468679,0.344963904946789,0.482465965392389,0.636947876694774,0.827134092536646,0.0693532874414687,0.192833685468679,0.344963904946789,0.482465965392389,0.636947876694774,0.827134092536646,1,1,150.000015727529,136.397771065514,-17.9383834610978,334.269524007916,564.404393604833,4624.25476512863,-0.851088974690135,2.33360816581606,-0.242291313685033,-0.0750510498906364,2.33360816581606,-0.242291313685033,2.44308058535569,-0.164347172856994,-55.0672086241017,0.395371533560046,5.01908228309551,866.651557129471,-2.28290132975731e-17,1.59269190709301,1.22696301426935,1.05492482033122,0.955053504843244,0.806218310592647,0.68527503385064,0.181967605025518,0.047490652423383,0.0381317100302052,0.0408038256431622,0.0397894906780544,0.0493083345484846,1626.38725132799,18.9834923445479,17.3232166618681,5.01889940936591,121.931190141603,119.520540503995,2512.29922257261,107.78265593917,19.827250646586,0.0827744147768249,0.329938994874971,0.006501062083238,0.0827744147768249,0.329938994874971,0.657372986757796,0.120125281986501,0.575340134102385,0.526381717835804,0.162810438405487,0.134062804356479,1.47246292693268e-15,0.348500935953607,0.174797934691856,0.122892104326364,0.0868874839978418,0.0677807757290906,0.0511395314165222,0.169108560657819,0.0413473991234928,0.0205391713267872,0.0129276422153596,0.00797925802216685,0.0080122023649181,0.824886328188221,0.0076239868679671
-7.59,20.27,1.16112,0.2,0.0749422848783803,0.210966699966211,0.413929936549239,0.580642590391999,0.805475248344642,0.952522110889346,0.0749422848783803,0.210966699966211,0.413929936549239,0.580642590391999,0.805475248344642,0.952522110889346,0.0749422848783803,0.210966699966211,0.413929936549239,0.580642590391999,0.805475248344642,0.952522110889346,1,1,150.000015727529,164.398125195292,-11.451877574211,619.128330382252,184.403856421206,4445.73888136652,-34.9540235392147,1.36115759816686,-0.471078660577023,-0.0282110199979169,1.43705299447974,-0.0977107885312988,0.0527234986241017,-0.64239381913134,-101.115533798563,0.128755615050516,2.50627657535673,1173.71232163316,15.2003749609414,1.5533227788772,1.01272119570878,0.64011065514009,0.443443766274347,0.240262524737006,0.1496371638371,0.0996660610560358,0.019775820643683,0.0186599583376732,0.0117096278512655,0.00672490542651807,0.00994322768461619,4999.99416727424,43.0934111030103,17.3232166618681,34.9550614871162,119.509589336715,117.679303287816,2462.01997951466,872.195097773881,16.6229187584199,0.345110903984172,0.414257203131078,0.0147724821397272,0.418467333753037,0.339986111702007,1.56463720100715,0.356353267094119,1.34309201290662,0.540230472645707,0.830847369888228,0.808124909821909,0.00659900671668975,0.209435528740414,0.117114672986864,0.0619243741557488,0.0482814075557424,0.0447198649656024,0.0485333180088166,0.0959439742554353,0.0119046250148102,0.00405973580338229,0.00608719820313938,0.00228426898846872,0.00169819306569148,3.07184243993185,0.010505883155499
1.95,10.898,1.2552,0.2,0.0782252139157315,0.183467367234184,0.340762210078068,0.522276058564836,0.660670210023222,0.801778252220118,0.0782252139157315,0.183467367234184,0.340762210078068,0.522276058564836,0.660670210023222,0.801778252220118,0.0782252139157315,0.183467367234184,0.340762210078068,0.522276058564836,0.660670210023222,0.801778252220118,1,1,150.000015727529,198.692552859077,-23.6866070450995,470.216862826789,751.705540985314,6767.32465368191,-1.71167254181856,3.41716508697011,-0.342018263003854,-0.160209426101448,3.41716508697011,-0.342018263003854,6.66302051869596,-0.331402358108531,-78.1933184043328,0.558959681993959,7.35955400479117,1034.22122695553,-7.05168885741067e-18,1.58771815435892,1.18305172377877,0.999328486615977,0.893152484116238,0.757188167899177,0.672799385480678,0.0525008858607437,0.0225796363807937,0.0275925471305072,0.0367267242995521,0.0378224101656078,0.0444819393813145,2797.56733673576,27.3614488074164,17.3232166618681,6.26751892638934,122.970196174501,120.371608735506,2543.50939324722,319.341369568952,29.107797166288,0.229335443305114,0.339809038244917,0.0224271542929776,0.229335443305114,0.339809038244917,1.02249806677475,0.136525523568151,0.802587720779243,0.542659420513444,0.4852790011779,0.415094611010544,1.33081187919811e-15,0.147815208159016,0.0892952503717602,0.0665385270279796,0.0534670105875789,0.0402292329395364,0.033633549821282,0.0385678923920389,0.0104033942367796,0.00688930254533345,0.00534540912137873,0.00567672522444323,0.00613808963807755,0.933224517484803,0.00579823149083817
-10.77,14.462,1.3576,0.2,0.0783380932252978,0.245256849835696,0.398865367265494,0.553574705655903,0.730916757040633,0.911451555384496,0.0783380932252978,0.245256849835696,0.398865367265494,0.553574705655903,0.730916757040633,0.911451555384496,0.0783380932252978,0.245256849835696,0.398865367265494,0.553574705655903,0.730916757040633,0.911451555384496,1,1,150.000015727529,224.218935527549,-26.2714578533486,610.973096552442,678.396237996042,7161.84991146756,-23.1702653254869,3.19390021872722,-0.607657547130507,-0.141964188105406,3.23714883866264,-0.301921905979585,7.33278096031663,-0.25909290026768,-100.789512550776,0.477838832725757,6.67573106968024,1173.59327153422,5.44377471096761,1.55173825643162,1.03365862930944,0.814006572232059,0.697526309759401,0.532207895010937,0.435799864597437,0.0577361236039787,0.021425199875013,0.0199428467867931,0.0224732881991459,0.0209257504426622,0.0246670909280283,4999.97698156442,43.0936589938547,17.3232166618681,22.9550890724718,124.672473150415,119.197483623484,2593.02863133094,790.601449235698,30.0629031274192,0.430180471867325,0.391488024014562,0.0400150974246704,0.455956567320008,0.36114037169118,1.5570994206095,0.250934204772538,1.16561195116635,0.577033815820746,0.947067091825574,0.511811055337455,0.00794112253178914,0.21136416225873,0.0726840504108089,0.0241209084079822,0.0189984579257841,0.0261015787388869,0.0302044069801632,0.0588332549532687,0.00890900174218376,0.00321330392527859,0.002043692131993,0.00130308095721178,0.00103058828515662,1.74469173870275,0.00745374308849153
-14.67,14.154,1.1368,0.2,0.0644258177646443,0.223119602555596,0.354763749037106,0.541967807724146,0.694230454621902,0.86795767344432,0.0644258177646443,0.223119602555596,0.354763749037106,0.541967807724146,0.694230454621902,0.86795767344432,0.0644258177646443,0.223119602555596,0.354763749037106,0.541967807724146,0.694230454621902,0.86795767344432,1,1,150.000015727529,241.715998333507,-39.3331771315488,575.319737527341,1175.5849203208,8079.03353817311,4.64230671763359,3.94428517862723,-0.437633556195605,-0.213555879595875,3.94428517862723,-0.437633556195605,9.84614519320904,-0.477759158181439,-95.9778210603062,0.707019793821477,8.36549723987085,1146.9847932507,1.01441771273826e-17,1.61364899489637,1.3125462972607,1.12335517133632,0.977928174148527,0.807825382772627,0.683229059472971,0.224218475158838,0.0617941485261952,0.0416731642537236,0.0483859816685762,0.0477512738256432,0.0558153723570461,4239.657743985,37.3888188730342,17.3232166618681,19.3687491063138,128.420801302482,120.321406739468,2683.09902478224,791.41519636771,34.6191977200394,0.472643621380153,0.370766472389084,0.0519542998005988,0.472643621380153,0.370766472389084,1.55795626174167,0.253282435368802,0.987192136429,0.593139008638343,0.998454464836408,0.422268158110988,1.35643805852158e-15,0.219305934311524,0.0850300079817828,0.0282357243903578,0.0148522709013247,0.020795356012567,0.0260820463322135,0.151688909899119,0.0355088531112668,0.00640818638921773,0.0040677201995914,0.0031896455184627,0.00406531726793125,6.50204572563124,0.0520268420507289
13.77,10.942,1.30704,0.2,0.071061452427793,0.218044476143248,0.370895444713088,0.537019721511347,0.601703815880005,0.773978821657047,0.071061452427793,0.218044476143248,0.370895444713088,0.537019721511347,0.601703815880005,0.773978821657047,0.071061452427793,0.218044476143248,0.370895444713088,0.537019721511347,0.601703815880005,0.773978821657047,1,1,150.000015727529,201.940808249141,-26.0328842934695,472.077877304447,813.380398770962,6931.69378189772,-4.57996569992709,3.5476936777419,-0.361362368494948,-0.172605332777836,3.5476936777419,-0.361362368494948,7.15731048849078,-0.346574630663472,-78.992655973336,0.59224744178221,7.67428267888762,1039.87126341006,1.76895615248412e-17,1.52246963857931,1.13049680241641,0.954995010936361,0.862654233933965,0.771714560983229,0.676719529215706,0.092210544865639,0.0271899775692116,0.0273013557962712,0.0349001124882825,0.0315529330278096,0.0399629371940423,2842.14290178106,27.6511363399656,17.3232166618681,4.0017502853958,123.60359444249,118.732071576942,2542.38004616329,184.71157858232,30.9692910901987,0.136978621395457,0.331889500233773,0.01411974152473,0.136978621395457,0.331889500233773,1.00889108376442,0.152244512137556,0.790553463343347,0.528901459938995,0.310948421635577,0.334925609718652,1.36052931388427e-15,0.341232932631748,0.178938811501723,0.113200406558008,0.0852655437261482,0.0664906116214088,0.0513264841361489,0.0981333956613352,0.020374942765227,0.0106629998021615,0.00854405519985553,0.00850197645897422,0.00905586091395102,1.04612074850671,0.00629072176392182
0.930000000000001,21.986,1.27504,0.2,0.0619544861005093,0.209292032012701,0.371265096896189,0.49624024654915,0.606706364647114,0.862081104979155,0.0619544861005093,0.209292032012701,0.371265096896189,0.49624024654915,0.606706364647114,0.862081104979155,0.0619544861005093,0.209292032012701,0.371265096896189,0.49624024654915,0.606706364647114,0.862081104979155,1,1,150.000015727529,154.063710030205,-9.35684369961463,620.383835017185,120.974860014582,3762.6900322883,-46.9659941672742,0.830641546066034,-0.341760561242579,-0.0147180965316113,0.896621104514113,-0.0532497093136132,-2.13060816132695,-0.989623413465263,-101.072571607124,0.048328204618269,1.20490963237163,1173.65816060827,18.9656712842412,1.5620079158421,0.912053348609519,0.522928632434121,0.319051015519217,0.136407397394751,0.0350414984818248,0.0625019362641391,0.018404934485991,0.0132338902197688,0.00771545078637642,0.00941957598166859,0.00974340506197273,4999.98500156234,43.0934517237792,17.3232166618681,48.4524301300262,117.097192932945,117.391880402775,2424.43714025902,1312.61467957471,15.0271780241102,0.501393646170317,0.474839869661985,0.0119539002649135,0.600482529785756,0.341007480092241,2.33597705612028,0.5801624064571,1.58895849690856,0.540656723063656,1.19741316948926,1.0322953346559,0.00598347179272146,0.189614610624637,0.16326131772753,0.132713236787594,0.113774461881006,0.0888203082252219,0.0765161730582981,0.0569399969461095,0.0114023472194041,0.00643029013956515,0.00238776309058719,0.00164168721660641,0.0025594641665321,4.02608474286973,0.0135447171204137
-9.93,8.566,1.38256,0.2,0.0626639914880338,0.194078161720448,0.362426664559642,0.449663497476791,0.631056806062351,0.817299818038014,0.0626639914880338,0.194078161720448,0.362426664559642,0.449663497476791,0.631056806062351,0.817299818038014,0.0626639914880338,0.194078161720448,0.362426664559642,0.449663497476791,0.631056806062351,0.817299818038014,1,1,150.000015727529,145.369055306739,-20.4435145223414,321.439027184669,600.137152713259,5018.82501822727,-7.46548804749505,2.58837839808353,-0.26272136409124,-0.0933446922195605,2.58837839808353,-0.26272136409124,2.92315747317988,-0.165276947560671,-53.668399125091,0.431161878114779,5.60924059993751,855.73170503072,1.67015905478596e-17,1.45998156442037,1.06875283824601,0.91220242683054,0.869771211332152,0.735165378606395,0.63949775023435,0.0217601895948755,0.0186967480470784,0.0224970361420685,0.0282207332569524,0.0314699812519529,0.0411339235496303,1516.68284553692,17.9290136444119,17.3232166618681,6.30120835246794,123.222670399056,120.120360145613,2553.81371368724,341.207018970678,21.995608222121,0.251549552830336,0.343737641299508,0.0187165999848049,0.251549552830336,0.343737641299508,0.636320477670441,0.0942835226371311,0.563853232838625,0.549455912197595,0.532405600808544,0.197929119427628,1.24775231165145e-15,0.142820984881753,0.0415280433426692,0.0195317784687301,0.0254598702675984,0.0261549536653049,0.0262563368371274,0.0291905214140102,0.00609993990221015,0.00296077996759404,0.0029863422449453,0.00464679291730492,0.00623026117613898,1.03043602522242,0.00986660620361886
-1.29,6.498,1.4152,0.2,0.0704676487810949,0.239089906274455,0.380828913996153,0.603813271485987,0.755081724964722,1,0.0704676487810949,0.239089906274455,0.380828913996153,0.603813271485987,0.755081724964722,1,0.0704676487810949,0.239089906274455,0.380828913996153,0.603813271485987,0.755081724964722,1,1,1,150.000015727529,99.3679564628683,-11.6982561352984,256.655741068639,322.218326976357,3371.35496302468,-14.4435702154046,1.71768315800437,-0.161253163566295,-0.0414812102905947,1.71768315800437,-0.161253163566295,0.914226122476825,-0.080515228333507,-42.5476554525569,0.264505486761795,3.71195927507551,761.384834913033,-1.37146888761586e-18,1.13597484637017,0.822725820227059,0.743902708051245,0.685021883137173,0.594905738985522,0.497434829705239,0.0119221100168941,0.0188104580772837,0.0182067649203208,0.0250985439016769,0.0248155577544006,0.0385424789084471,663.964524528696,8.82145339027183,17.3232166618681,2.19800431987466,122.388557886449,120.116984903499,2528.21890427201,140.692914076934,14.6323096283774,0.133670606563395,0.334886891615369,0.00693021881070221,0.133670606563395,0.334886891615369,0.367483906010198,0.0780047516965306,0.451962724799319,0.534546176370189,0.265793408001668,0.198008828542957,1.22646702381784e-15,0.0781331672500268,0.0524459553067545,0.0477974436964541,0.0391199963684826,0.0365915541737746,0.026630126996479,0.0115531895827381,0.00435738189851639,0.00284229491561589,0.00318047636047759,0.0034975584644599,0.00773033330325238,0.871969576977506,0.0101925595419049
-3.75,14.33,1.11056,0.2,0.0813234352977265,0.225208214536888,0.370656506564208,0.500527970746362,0.60401978601277,0.77127886456967,0.0813234352977265,0.225208214536888,0.370656506564208,0.500527970746362,0.60401978601277,0.77127886456967,0.0813234352977265,0.225208214536888,0.370656506564208,0.500527970746362,0.60401978601277,0.77127886456967,1,1,150.000015727529,250.8736902406,-41.6993271138423,585.408509530257,1295.68695447245,8456.28674096448,8.80307727736695,4.20976596187897,-0.480975951925008,-0.242494729715655,4.20976596187897,-0.480975951925008,11.0626843037184,-0.541945252567441,-97.3814415165088,0.780497715858347,8.99384022497656,1156.43203832934,4.07832559108427e-18,1.52648619935423,1.33076606603479,1.13874013123633,1.01666049369857,0.882801801895636,0.756035923341321,0.287662170607228,0.0765261337360692,0.0572674252682013,0.0536412894490157,0.0445898562649724,0.0519007290907198,4713.50713467347,41.232502864285,17.3232166618681,10.5159207383118,125.793779682152,120.250797422326,2617.0664273232,481.299950611419,35.4783883613152,0.3426747414818,0.356008285331712,0.041027347146603,0.3426747414818,0.356008285331712,1.50212341565076,0.281810144419642,0.984209520451328,0.569236293836462,0.746634234477821,0.549232894011317,1.39784023371961e-15,0.0913259914294063,0.0665458696629578,0.0342166392080098,0.0251858030554497,0.0316881029509157,0.0294438983846817,0.0868293654725826,0.0332632059778586,0.0159426873171024,0.0102213913530064,0.00393134752133474,0.00386459132024824,8.98592511279723,0.0706109913623232
2.49,20.754,1.22384,0.2,0.0650885753530146,0.198065593288256,0.415153080593467,0.57469063496335,0.700061146150393,0.950573420185284,0.0650885753530146,0.198065593288256,0.415153080593467,0.57469063496335,0.700061146150393,0.950573420185284,0.0650885753530146,0.198065593288256,0.415153080593467,0.57469063496335,0.700061146150393,0.950573420185284,1,1,150.000015727529,159.193028851162,-10.5378664774503,619.752890323925,154.319141662327,4133.28601187376,-40.8883199666701,1.13273642328924,-0.423584457421102,-0.0219926285803562,1.20680723882929,-0.0782465464607854,-0.867857026593063,-0.779680672784085,-101.102142485158,0.0942377742735133,1.96260861681075,1173.71586293094,16.7936683678787,1.5592472659098,0.961533569419853,0.575144505780647,0.378049942714301,0.195842488282471,0.102912690577023,0.0762194624186023,0.018496412873659,0.0155946131652953,0.0107359186543068,0.00848982178939694,0.0100099414644308,4999.97718987605,43.0931913342363,17.3232166618681,44.4117781732797,119.059671968266,117.649303397097,2468.15208282926,1201.50980413756,15.6527986927826,0.457930717300296,0.454446789248851,0.0159183956021456,0.54468533383265,0.345736962595308,2.75562578039176,0.461153555896368,1.48960156966973,0.548084632887123,1.06641262533826,0.921438756986448,0.00595643982143053,0.202673790905158,0.173838986825985,0.13717032882389,0.11204125809201,0.0927408635069015,0.0619286414697598,0.0687371411333491,0.0127492697428101,0.00706716264810131,0.00564699839040128,0.00261562159398587,0.00206398215293033,3.45540043179475,0.0113137891485001
-11.37,3.638,1.20784,0.2,0.0731347603522677,0.248480673469432,0.331781296446094,0.504597571401661,0.670095261156454,0.840996370247336,0.0731347603522677,0.248480673469432,0.331781296446094,0.504597571401661,0.670095261156454,0.840996370247336,0.0731347603522677,0.248480673469432,0.331781296446094,0.504597571401661,0.670095261156454,0.840996370247336,1,1,150.000015727529,50.4436548276221,-1.28666806895116,207.836622226851,35.281322435163,1667.13373606916,-17.2183503801687,0.888989178210604,-0.0644046693494845,-0.0122213856889907,0.888989178210604,-0.0644046693494845,-0.308168900520779,-0.0303924868930215,-34.029976044162,0.109081363274659,1.97268524112072,680.934548484516,7.05427299239663e-18,0.374193948547026,0.278722466409749,0.312365732736173,0.355225580668681,0.348876356629518,0.373308936569107,0.0120413531923758,0.00783323903760025,0.00599944266222269,0.00629971315487969,0.0094161510259348,0.0204760702010207,71.0623632954901,1.05568065826477,17.3232166618681,3.47291443789319,122.123736581637,120.112222388047,2520.80384249009,61.3963763545326,7.30357242753875,0.100193509117782,0.334173413628491,0.00293838918235105,0.100193509117782,0.334173413628491,0.147518797941462,0.0499519384752237,0.363068045517721,0.533693050171635,0.16520164723713,0.0475550861287692,9.81613205802649e-16,0.0251302092410927,0.00995428437907632,0.0145073666131721,0.0221964256164041,0.0240728704772849,0.0245691726162295,0.00167726855449209,0.000469081481506757,0.000350332189185843,0.000484140273882105,0.00442344701855225,0.00383608155963278,0.0921110498400628,0.00138062856457087
-4.89,12.306,1.2104,0.2,0.0689252176811698,0.211806440915394,0.434463604896898,0.593199597846731,0.700796260789781,0.90286831602811,0.0689252176811698,0.211806440915394,0.434463604896898,0.593199597846731,0.700796260789781,0.90286831602811,0.0689252176811698,0.211806440915394,0.434463604896898,0.593199597846731,0.700796260789781,0.90286831602811,1,1,150.000015727529,219.423414227684,-30.2856437444016,529.503822518488,907.90968183835,7361.50453077804,1.05858067295073,3.61666211852932,-0.37411289576896,-0.178576169149047,3.61666211852932,-0.37411289576896,8.06160347880429,-0.391082207990522,-88.4615883762109,0.606195979450057,7.69964743255911,1100.37537756484,-3.61029717737737e-18,1.62760983230913,1.2530968649099,1.01252835121341,0.899702603895428,0.766775408811581,0.637861160295803,0.0959897558587647,0.0309035415060931,0.0397747474221435,0.0455784314133945,0.0442554306843037,0.053983788147068,3368.60024997396,30.9675908759509,17.3232166618681,9.94303753723351,124.35950289251,120.099321366436,2580.31481629594,462.798374480916,31.3925863223274,0.308502154218658,0.349261426809777,0.0314139331936969,0.308502154218658,0.349261426809777,1.18927622805164,0.160293144846809,0.907793517573357,0.558217847733264,0.652767994099551,0.484245467231359,1.38484250336744e-15,0.120272520600713,0.0512208757852875,0.0324822281582555,0.0303285129095107,0.0280545836718731,0.0250270306507832,0.0585692515950916,0.0100289514314585,0.00487333571818475,0.00405263532543288,0.00350730061865189,0.00431073672073931,1.56982481108773,0.00780075424193351
-9.15,8.39,1.28848,0.2,0.0783950901458427,0.213015544725079,0.376723163346366,0.496216743630591,0.692454018222947,0.949059426965267,0.0783950901458427,0.213015544725079,0.376723163346366,0.496216743630591,0.692454018222947,0.949059426965267,0.0783950901458427,0.213015544725079,0.376723163346366,0.496216743630591,0.692454018222947,0.949059426965267,1,1,150.000015727529,126.26260806166,-21.8757305759817,300.877023226747,587.023953025726,4274.83230913447,-7.29087360684304,2.13955285907718,-0.226313839631288,-0.0636183460056244,2.13955285907718,-0.226313839631288,1.8125726070201,-0.121175877011145,-49.5969992709093,0.367918101104051,4.57825841058223,822.336569107389,-1.30196855431726e-17,1.50421747734611,1.0965670242683,0.930580970732215,0.868058327257577,0.717348640766586,0.578253911050933,0.030199845812457,0.0204165512967399,0.0250735433808978,0.0323358650140611,0.0368881658160608,0.05058632121654,1195.44432871576,14.7052817414851,17.3232166618681,4.56234835700205,122.90287773762,119.907661301018,2543.48645426152,264.392778759515,18.3837136139593,0.20155982967844,0.339943418955506,0.0125065490382979,0.20155982967844,0.339943418955506,0.545928858364695,0.0894824286164569,0.52418095326929,0.542967428804778,0.416295693923821,0.188511324371716,1.31711702309905e-15,0.136830998219253,0.0407615642076516,0.0223765597532533,0.0270842383375763,0.025985473435416,0.0232955870187003,0.0311062441040984,0.00648172683897607,0.00341536498864234,0.00321540867090695,0.00484219148475173,0.00605714100657033,0.94485965109537,0.00952990298832702
-7.89,20.446,1.2872,0.2,0.0628363074053399,0.204725277275768,0.390349796103004,0.527701784244796,0.652851165631922,0.826311323214386,0.0628363074053399,0.204725277275768,0.390349796103004,0.527701784244796,0.652851165631922,0.826311323214386,0.0628363074053399,0.204725277275768,0.390349796103004,0.527701784244796,0.652851165631922,0.826311323214386,1,1,150.000015727529,164.58915737944,-10.2862164149568,619.580918654307,128.593277106551,4321.31819602125,-42.5145776481617,1.21345892094573,-0.436377646539944,-0.0232199053223623,1.28724254765129,-0.0769449893344443,-0.600612390084366,-0.720962897415894,-101.109898968858,0.0914438738360587,2.1190578585564,1173.65118216852,16.359001145714,1.56509311530049,0.937425632746588,0.567259504218311,0.381469982293511,0.201602296635767,0.107143129847932,0.0801394702510155,0.0186318962608062,0.017582840537444,0.0067818440787418,0.0091702758046037,0.011109129257369,4999.97416935736,43.0936475367152,17.3232166618681,36.224552564069,118.076492797999,117.620721797994,2434.17079907584,924.16141328409,16.541271182234,0.374578482880872,0.421929178131271,0.0137934888185851,0.452123714129275,0.337508180992362,3.28469584161807,0.4390467079673,1.38547796363143,0.53650459859516,0.913635061531316,1.06069990073316,0.00669048599534175,0.24410171521377,0.126135355579904,0.0638732498742954,0.0491099563786215,0.0499313878035183,0.0558144466452459,0.0852991497844266,0.0113206882232388,0.0038360453660104,0.00166861150697425,0.0012048829144218,0.00110889934725984,4.04592894669839,0.0119367397848832
-6.93,18.906,1.41392,0.2,0.0707455295104391,0.200538453539145,0.303787449175774,0.454178603872346,0.691733132489357,0.874308488449845,0.0707455295104391,0.200538453539145,0.303787449175774,0.454178603872346,0.691733132489357,0.874308488449845,0.0707455295104391,0.200538453539145,0.303787449175774,0.454178603872346,0.691733132489357,0.874308488449845,1,1,150.000015727529,173.618154358921,-11.397525012707,619.040756171233,150.017492136236,4684.02228934486,-45.1419008436622,1.409140089574,-0.466996330323925,-0.0303159363607957,1.48169336527445,-0.0913703706634725,0.115866564299552,-0.593222655994167,-101.114083949589,0.115184141508176,2.53842814290178,1173.70763462139,14.8071336319134,1.53314477658577,0.89021388397042,0.575779283407978,0.405556431621706,0.215704864076659,0.13026702739298,0.0520253883491303,0.0179555256744089,0.0151086483699615,0.00737766555567129,0.00864760910321841,0.0108112037287783,4999.97073221539,43.0934913029894,17.3232166618681,35.5037836388826,119.200957641091,117.818867963228,2462.00144836176,962.183618306021,17.7286296712925,0.408926069820838,0.425622961308953,0.0170851303675098,0.480579065022882,0.342666290834149,1.69168346381944,0.4035374354135,1.38255031434727,0.545270849656954,0.974881514863462,0.861220692670931,0.00632387630215146,0.213540997908029,0.103768278419629,0.0604915072460846,0.0515742136647797,0.04780014271994,0.0504326174104717,0.0557891063164288,0.00912211817155561,0.00337019978925114,0.00239115982795438,0.001429324516816,0.000991503583342959,3.26449931958256,0.0109742668880035
-1.05,23.922,1.34544,0.2,0.0744121441066609,0.198279500087471,0.334286688897527,0.545795312528049,0.655419135032187,0.970071107301035,0.0744121441066609,0.198279500087471,0.334286688897527,0.545795312528049,0.655419135032187,0.970071107301035,0.0744121441066609,0.198279500087471,0.334286688897527,0.545795312528049,0.655419135032187,0.970071107301035,1,1,150.000015727529,147.668859493803,-9.33747029476096,620.935829601083,145.906682116446,3221.41383189251,-56.2029642745548,0.397725569648995,-0.191909242610145,-0.0082337131548797,0.440523212023747,-0.0308936797646079,-3.93216662523695,-1.35056827623164,-100.993286116029,0.00441383193417353,0.098872931298823,1173.63576710759,21.7477200291636,1.55397781481096,0.883417643995419,0.470646870117696,0.231018978231434,0.054186045915113,-0.0461836630392668,0.0622214374058952,0.0178123492344548,0.0113722553900635,0.00704322726799293,0.00943817571086346,0.0118151738360587,4999.94865118217,43.093681908135,17.3232166618681,50.7043221033427,114.173056928508,116.953139634097,2365.9863223263,1342.10226286362,13.4813590995305,0.502451653207023,0.487106526277461,0.00470529353882001,0.615006753402803,0.333908983342806,3.38083573170408,0.699744296232749,1.68470096329682,0.529433933762518,1.2440624711085,1.33912586441879,0.0080038495841586,0.185353758131848,0.153345088454898,0.126417778981228,0.105180953198462,0.0812402750931837,0.0831807245280092,0.0567464348400917,0.010590261666198,0.00567785589219007,0.000999507802105056,0.00208771054728059,0.00649773398726488,5.43403323424855,0.0192444379070578
14.49,19.39,1.18096,0.2,0.0782770046977584,0.277671331526313,0.420461553382898,0.536667426730193,0.693607157541429,0.94214487046415,0.0782770046977584,0.277671331526313,0.420461553382898,0.536667426730193,0.693607157541429,0.94214487046415,0.0782770046977584,0.277671331526313,0.420461553382898,0.536667426730193,0.693607157541429,0.94214487046415,1,1,150.000015727529,168.711863347568,-12.6746971502968,618.101281116551,257.294457993959,4760.83324653682,-35.0236121442871,1.62263537131549,-0.520139969294865,-0.0414127164878658,1.69887213831892,-0.131614115602541,1.12659321980002,-0.521438583366316,-101.109058431413,0.187261110030205,3.13063109051141,1173.70867617956,13.3436412873658,1.49982054994271,0.990080887407562,0.672570326007707,0.510734298510571,0.321252702843454,0.205638884491199,0.193346260604625,0.0369298762264348,0.019166506249349,0.0142534676596188,0.0127133843349651,0.0095729653161129,5000.01718570982,43.0934850536399,17.3232166618681,42.6024451821292,121.712015919927,118.329793195685,2538.70760919121,1238.27566002535,20.850930552202,0.522277640363571,0.453873291335679,0.0247698403377186,0.592240645732814,0.357796334966884,1.73583898925861,0.36308050552304,1.45191482361153,0.567987414739979,1.18859979677987,0.602094198942531,0.00559483200604351,0.43229093319,0.319988070279392,0.22688963180455,0.173590350116871,0.126345966980038,0.0883070137096006,0.202248021451159,0.0361397250981388,0.0135781957277116,0.00830154640357124,0.00561559237337771,0.00425153202202662,2.07244230815052,0.00828018534160897
-14.85,21.062,1.1688,0.2,0.0814051039573201,0.262473554225175,0.427001846550533,0.606915820421007,0.689302168023359,0.853881188005112,0.0814051039573201,0.262473554225175,0.427001846550533,0.606915820421007,0.689302168023359,0.853881188005112,0.0814051039573201,0.262473554225175,0.427001846550533,0.606915820421007,0.689302168023359,0.853881188005112,1,1,150.000015727529,164.626747213832,-10.10270150401,619.0114467243,150.595803614207,4462.62941360275,-36.678555254661,1.37663130923862,-0.481153291596708,-0.0282146075408811,1.45524517237788,-0.094296608371003,0.127854342849703,-0.646231463774607,-101.122347672118,0.123570751588376,2.55015969169878,1173.70846786793,15.5576533694407,1.52649442766378,0.992012748672014,0.633614092282054,0.428281481095719,0.253213384022498,0.152660897823143,0.172711897981783,0.0260997232407041,0.019258337673159,0.0102691955004687,0.00750522091448807,0.0104337180502031,4999.99010519738,43.0934965107803,17.3232166618681,31.0566202539066,118.853479671227,117.62535952478,2438.45012090194,715.144892330509,20.2123859776029,0.282874548815453,0.396641986544145,0.0127509197075855,0.354805490480163,0.333849340696867,1.60281038499347,0.344552518405543,1.29692713282647,0.530893410412451,0.708810049252198,0.75463854222411,0.00574302487713878,0.34839976319594,0.21924242092078,0.103767573081681,0.0409576424331422,0.0258751542872879,0.0369381809895781,0.184938401476864,0.0217711766435722,0.00598212382043771,0.00606907773128159,0.0011143639086399,0.000894376258312759,2.87043224085663,0.00964214994347296
8.31,5.794,1.41008,0.2,0.0711218989944462,0.224910975263331,0.327182956590081,0.492197626420437,0.615860715574429,0.854347256639203,0.0711218989944462,0.224910975263331,0.327182956590081,0.492197626420437,0.615860715574429,0.854347256639203,0.0711218989944462,0.224910975263331,0.327182956590081,0.492197626420437,0.615860715574429,0.854347256639203,1,1,150.000015727529,90.5995437975211,-1.46687003957921,249.693656910738,103.338236829497,3119.87657535673,-14.0893624127695,1.64284543276742,-0.128980781475888,-0.0382595604624518,1.64284543276742,-0.128980781475888,0.797635462451828,-0.0773074255282783,-40.6243464222478,0.215417750092282,3.60561014477659,744.099468805332,1.44900075015103e-17,0.935455254660972,0.685285897302364,0.646534267263827,0.639871357150297,0.582179991667534,0.522600770753047,0.0130752312008124,0.0179967916883658,0.0161488699093844,0.0186240724924487,0.0186475148422039,0.0258054879700031,526.169294865119,7.15308322049793,17.3232166618681,1.80263408544948,121.662504984746,120.650081111101,2509.19377481961,99.4901841587264,13.8447674460199,0.105211219410362,0.33001714845988,0.00536417273974157,0.105211219410362,0.33001714845988,0.33795468276093,0.0648394843580077,0.429570415720704,0.526461128603261,0.217274694552555,0.139196837138994,1.17473967734632e-15,0.131504446786903,0.0877446113436215,0.0730018148933001,0.0629093306897716,0.0537291943709371,0.0403920837880297,0.0138989424857361,0.00547728581170091,0.00342791466976336,0.00254675580734477,0.00147414820405347,0.00277823678981796,0.592249254804385,0.00725205794658636
12.51,18.686,1.10864,0.2,0.0599978570684213,0.182063317902445,0.352400407044909,0.500488842939572,0.630692201478135,0.811114872405546,0.0599978570684213,0.182063317902445,0.352400407044909,0.500488842939572,0.630692201478135,0.811114872405546,0.0599978570684213,0.182063317902445,0.352400407044909,0.500488842939572,0.630692201478135,0.811114872405546,1,1,150.000015727529,170.210123945422,-13.9618221612332,617.679918758462,296.912275283825,4922.62587230497,-28.3880672494844,1.77997576294136,-0.545255400963441,-0.0483308035621289,1.85565853556921,-0.1488549435589,1.80575038998021,-0.464444447192313,-101.099339652119,0.218465776224352,3.52447328403291,1173.70773877721,12.4450869701072,1.51892315383814,1.04318298093948,0.715556806582647,0.546636079575044,0.363635371315488,0.259439881262368,0.159804193351005,0.0255990241517029,0.0179870530153109,0.0142220522862202,0.0125925461931049,0.0114044051661285,5000.01176960733,43.093490261431,17.3232166618681,38.581553769192,122.383709959278,118.387583979283,2547.51282974017,1119.57608951881,20.13445177525,0.486641880843222,0.437507694326103,0.0255614618260689,0.548966612676624,0.356194480139854,1.64122701839121,0.331095994393046,1.38716459960426,0.565782094417684,1.11028389675594,0.629973131772725,0.00634061297608852,0.388670599381043,0.293366277959234,0.207677822193438,0.157767707782556,0.119076579057301,0.0899259034100347,0.166523247091395,0.0278676936393691,0.0112881301837373,0.0076862724540773,0.00537235733267765,0.00593651347770993,2.27348094968497,0.00924741709120632
-12.27,4.518,1.23664,0.2,0.0652815357310672,0.195106362173487,0.312847732428329,0.428377030487245,0.603015267462478,0.850154226429087,0.0652815357310672,0.195106362173487,0.312847732428329,0.428377030487245,0.603015267462478,0.850154226429087,0.0652815357310672,0.195106362173487,0.312847732428329,0.428377030487245,0.603015267462478,0.850154226429087,1,1,150.000015727529,62.7464222476825,-3.98652421518592,220.737407561712,105.1582134361,2112.33142381002,-15.5320744714092,1.11797931465473,-0.0901070774794293,-0.0185449119883346,1.11797931465473,-0.0901070774794293,-0.0169533715535882,-0.0402590375251536,-35.5174398500157,0.150853725244246,2.46294938027289,695.751307155513,-1.60697925007811e-17,0.611392792417457,0.45695627538798,0.456304353713155,0.492740808249141,0.463100729090719,0.443455265076555,0.0121563978752213,0.0158386209769816,0.0128337742943443,0.0130809944797417,0.0178980293719404,0.023278757421102,170.977721070722,2.48591261326943,17.3232166618681,2.75115765035466,121.544195974739,120.800018051433,2513.88496530088,85.8597132254099,9.22721419729067,0.118734177056307,0.334457346105935,0.00420452168244982,0.118734177056307,0.334457346105935,0.212127208688152,0.0535787606388776,0.383650159584627,0.534169694251328,0.219337155662334,0.0643930761016303,9.84216439534686e-16,0.0471961318829416,0.0134347820677953,0.0156161771690943,0.0260325859727764,0.0287216821315947,0.0280570348730907,0.00452244236175862,0.00139609268517438,0.00233774913756748,0.00342458278086402,0.000973185336692792,0.00073873298598807,0.255979437859799,0.00357085544333495
5.37,23.79,1.32432,0.2,0.0630301032932774,0.20734214407007,0.364181505020005,0.50830030146907,0.704579615805761,0.987360550850396,0.0630301032932774,0.20734214407007,0.364181505020005,0.50830030146907,0.704579615805761,0.987360550850396,0.0630301032932774,0.20734214407007,0.364181505020005,0.50830030146907,0.704579615805761,0.987360550850396,1,1,150.000015727529,146.349740652015,-9.45543074888032,620.65980627018,157.222844370378,3252.20207270076,-55.572491407145,0.450886808644932,-0.216480803266326,-0.0118968207478388,0.498778986970107,-0.0371601212529945,-3.68469056809812,-1.30498712435163,-101.001430059369,0.0160309016039996,0.249751393969378,1173.71982085199,21.3869669826057,1.49022935110926,0.889843328819915,0.480813050723883,0.255264969021977,0.0653429325278617,-0.0329950505378606,0.0909209179015103,0.0190968080997813,0.0119494733881887,0.00799139589626081,0.00930937839808354,0.0125351211332153,4999.96604520363,43.0934329757321,17.3232166618681,61.4917183585981,115.756182714909,116.873883987203,2408.3567872018,1741.43930876842,18.700556593782,0.65556008325469,0.554995125804144,0.00797859888799214,0.785965902752187,0.346455229142326,3.4735960398259,0.729558365313541,1.88788311965205,0.548921411010917,1.57787250474562,1.40001183372477,0.00798226245526929,0.277275747784143,0.250966668693941,0.204180456871373,0.161223940705963,0.113836666976601,0.0956522482001394,0.0959447324843569,0.0164899044743416,0.00775501918160272,0.00308011546398491,0.00207454998926172,0.00704652984708403,5.32721912618332,0.0186336644272625
-2.55,7.378,1.236,0.2,0.0870904192803221,0.249780862516334,0.421281449638675,0.568786643014783,0.73189481611627,0.833316661581473,0.0870904192803221,0.249780862516334,0.421281449638675,0.568786643014783,0.73189481611627,0.833316661581473,0.0870904192803221,0.249780862516334,0.421281449638675,0.568786643014783,0.73189481611627,0.833316661581473,1,1,150.000015727529,106.952047703364,-13.7337221653994,277.667805436934,395.33824172482,3649.46890948859,-9.45806620581189,1.89155327570045,-0.185337357051349,-0.0503814123528799,1.89155327570045,-0.185337357051349,1.29993772429955,-0.101102673570461,-45.516363920425,0.305500353256952,4.1195121341527,787.685532757006,1.14015229663578e-18,1.34718966774294,0.962006915946255,0.830634131861263,0.77160297885637,0.656886897198209,0.611645984793252,0.018189234207895,0.0202498466826372,0.0219577106551401,0.0301267284657848,0.0314690678054369,0.0374845661910217,884.610853036143,11.3605926465993,17.3232166618681,2.50822944985916,123.111401673765,119.486533314891,2543.44233763506,163.121169485512,16.0878492464491,0.150001307285789,0.337545969791997,0.00853202881700584,0.150001307285789,0.337545969791997,0.442774727843669,0.162653233891917,0.481255861919065,0.538950349378726,0.30568092106605,0.172161654880635,1.26321748891491e-15,0.0844003120150237,0.052163010781888,0.0426656325212267,0.0400823051082663,0.0341488427568495,0.030672527996893,0.0159595153641249,0.00536619788434896,0.00360621640770316,0.00455478199648812,0.00651365294782219,0.00760454801978577,0.791181152457224,0.00917723542732415
-14.73,10.634,1.32688,0.2,0.0661749724737461,0.1862350778301,0.351481906524562,0.451980111369417,0.590819521260321,0.852881898776151,0.0661749724737461,0.1862350778301,0.351481906524562,0.451980111369417,0.590819521260321,0.852881898776151,0.0661749724737461,0.1862350778301,0.351481906524562,0.451980111369417,0.590819521260321,0.852881898776151,1,1,150.000015727529,193.555629621914,-24.9019494919279,436.407197166962,759.941332782002,6625.78033538173,-5.01606823637122,3.33548640766587,-0.336466435095303,-0.153637732527862,3.33548640766587,-0.336466435095303,5.97145161962295,-0.293264367982502,-73.2234840120822,0.548280550460369,7.15554608894906,1000.58754296427,7.57416725445269e-18,1.53919883345485,1.13882168524112,0.963723518383503,0.904912082074785,0.777650317675243,0.634215915008854,0.055496871890428,0.020138830330174,0.0257413196542027,0.0312795771273826,0.0328630850953026,0.0457550411415477,2532.76939902094,25.6061722737213,17.3232166618681,12.176649264657,123.675752654156,121.130596006213,2576.61020960799,568.412160808448,28.4534772187105,0.374785186873233,0.353593505696879,0.0351846067779427,0.374785186873233,0.353593505696879,1.05151662214321,0.148843451265804,0.763135483807035,0.565867379179745,0.798677396664821,0.492302216898583,1.24595900938128e-15,0.249100289673267,0.071858481235931,0.0224916296688647,0.0206221847030069,0.0241942850120193,0.0258953057767126,0.0673001895697302,0.00999437054589258,0.00376060723958442,0.00275734020546252,0.00363894403781677,0.00534784328227228,1.08797640103231,0.00634454374561815
3.75,14.506,1.1432,0.2,0.0757910817852747,0.174406376731243,0.362424243344524,0.526746386106647,0.719204181398407,1,0.0757910817852747,0.174406376731243,0.362424243344524,0.526746386106647,0.719204181398407,1,0.0757910817852747,0.174406376731243,0.362424243344524,0.526746386106647,0.719204181398407,1,1,1,150.000015727529,159.891990417665,-8.057247093634,288.74111030101,369.925976283721,5278.13675658786,6.56709407773148,2.5954530778044,-0.251190028840642,-0.0925311436308717,2.5954530778044,-0.251190028840642,2.63017414123529,-0.151550988084575,-48.8313061139464,0.409035894333923,5.55844953650661,816.097896052495,-9.05833540256223e-18,1.50885314029789,1.2776145193209,1.07883449640662,0.940595021351942,0.963070659306319,0.788304551609209,0.930035610873865,0.583924112071659,0.472511405061973,0.372244953650661,0.245346870117696,0.0720073080961358,1137.74231850849,14.1028705343194,17.3232166618681,4.09445348997577,122.070220673729,120.01140703759,2527.00912325224,170.513787149859,20.5788773676729,0.169669073465928,0.339876474978525,0.0132863042572783,0.169669073465928,0.339876474978525,0.750287372901553,0.869453494751254,0.562091019962062,0.543050641698733,0.364370079126354,0.448785107756253,1.24661782492814e-15,0.100580691553173,0.0630985541435039,0.0384012700457157,0.025784300581177,0.048003754610888,0.0719491107275762,0.174855476428226,0.121642942556302,0.0994947095542574,0.0921051309295097,0.0240928169370714,0.0706402298485278,1.97284946180861,0.0200553610719151
-8.55,22.646,1.18992,0.2,0.0691590901087317,0.186568080054944,0.372412287704533,0.49742238674518,0.687543407899427,0.891959227857006,0.0691590901087317,0.186568080054944,0.372412287704533,0.49742238674518,0.687543407899427,0.891959227857006,0.0691590901087317,0.186568080054944,0.372412287704533,0.49742238674518,0.687543407899427,0.891959227857006,1,1,150.000015727529,153.585011977919,-8.70128073846473,620.344412040413,109.103724507864,3796.72732007083,-42.5904780752005,0.875838048119988,-0.359159430121862,-0.0128161907093011,0.945020560358296,-0.0551090051973753,-1.91786796937819,-0.974606628580355,-101.083748567859,0.052837583689199,1.33461318587647,1173.71846682637,18.9599572961147,1.5449762524737,0.966409790646808,0.558382668472035,0.345818279345902,0.14031595667118,0.0493466287548172,0.107299141526924,0.0185648077283616,0.0170351347776273,0.00635793625663994,0.0104688226226435,0.0104121060306218,4999.96458702218,43.0934819289662,17.3232166618681,36.9424589074342,115.977806663158,117.366428610848,2384.48412436513,832.680943056569,15.444295332695,0.286555529102968,0.403191389144098,0.00801874159181042,0.370655062510588,0.327559029444995,2.85335838064004,0.473631928093498,1.34597158174258,0.519415371968553,0.713873038423159,0.995616215784868,0.00695882601604435,0.245014154052366,0.157361921206497,0.0804140605165136,0.0555399237992129,0.0541977814621652,0.047337310354182,0.110989764331339,0.0140763956117926,0.00455953343228959,0.00115087588560251,0.000835466835251303,0.00265362073892408,3.69819719012326,0.0123317810735262
-9.39,4.078,1.13808,0.2,0.0767820680749414,0.230700352990032,0.363627539194318,0.512667479027052,0.671406099805211,0.971148038474489,0.0767820680749414,0.230700352990032,0.363627539194318,0.512667479027052,0.671406099805211,0.971148038474489,0.0767820680749414,0.230700352990032,0.363627539194318,0.512667479027052,0.671406099805211,0.971148038474489,1,1,150.000015727529,53.3420060410374,-3.01056228361629,210.185236954484,73.4306835329653,1750.62306009791,-15.5613323612124,0.906511717529424,-0.0705705458306426,-0.0125422285178627,0.906511717529424,-0.0705705458306426,-0.304676517329445,-0.0306517075607749,-34.4645068222061,0.117600268122279,1.9840474950526,685.25970211437,-2.94406139985417e-18,0.508035673367358,0.377089209457348,0.39401613373607,0.426940474950526,0.407670128111655,0.38093526715967,0.0120698378293928,0.0156068680345797,0.00594923143422559,0.00719837860639517,0.0177328778252265,0.0256911040516612,99.7829496927403,1.47299677116967,17.3232166618681,3.06679168614588,122.626967995654,119.679299082784,2533.41144304387,49.3451775490083,7.62718941901845,0.0927035256160386,0.335438357964769,0.00280754962824628,0.0927035256160386,0.335438357964769,0.163755437320066,0.0518320503751091,0.366398048831906,0.535508565470199,0.152244828983839,0.0490522128780449,9.32985070880009e-16,0.0301963166418792,0.0134810686013904,0.0167207040162921,0.0238273387087409,0.0266570405661244,0.0232355524523209,0.00272096953145268,0.00155106919177949,0.000544361418865524,0.0021016409159166,0.00302086521452755,0.000722434476343442,0.142087291502147,0.00206005915940183
-13.83,13.934,1.31536,0.2,0.0651225406085547,0.221089784707973,0.383187810712076,0.549797524608975,0.728570695023754,0.935463477940798,0.0651225406085547,0.221089784707973,0.383187810712076,0.549797524608975,0.728570695023754,0.935463477940798,0.0651225406085547,0.221089784707973,0.383187810712076,0.549797524608975,0.728570695023754,0.935463477940798,1,1,150.000015727529,266.856629517759,-43.8343066555567,581.816706593063,1276.44238440787,8898.88042912197,4.05554117341944,4.30007072179981,-0.47144634776794,-0.252532757004479,4.30007072179981,-0.47144634776794,11.176174252682,-0.514187120138527,-97.0506988855329,0.759298783179877,9.07627215915009,1154.58920945735,-1.84671811165504e-17,1.61279200083325,1.30634923445475,1.08872607020102,0.960074544318301,0.775162639308408,0.633807780439537,0.194308291844599,0.0456609884387043,0.0411399645870222,0.0465633767315905,0.0484493396521196,0.0584972294552651,4620.657743985,40.4840183314237,17.3232166618681,21.1116208632118,127.184231011503,121.814151271629,2660.41278756957,856.854291916844,37.8887502991857,0.505555455351246,0.370393999961424,0.0602581080020928,0.505555455351246,0.370393999961424,1.70463257311373,0.270891117122368,0.986366480789364,0.592759963548254,1.0662412923564,0.492002932302122,1.30021308269036e-15,0.20559617012323,0.0707339557903956,0.0249913059145673,0.0152270621162051,0.0208672477339888,0.0244120649150535,0.133597872282749,0.0206415531743609,0.00565201895701106,0.00359725780581487,0.00311686579711553,0.00416924447721434,7.27961871379261,0.0574568432007066
3.87,8.302,1.3768,0.2,0.0606277149694939,0.218175475714479,0.343835597017969,0.463572503572034,0.636430954278602,0.768180632040068,0.0606277149694939,0.218175475714479,0.343835597017969,0.463572503572034,0.636430954278602,0.768180632040068,0.0606277149694939,0.218175475714479,0.343835597017969,0.463572503572034,0.636430954278602,0.768180632040068,1,1,150.000015727529,142.18654306843,-17.5596947425268,317.450640558275,541.552603109051,4926.87480470784,-7.0807764762004,2.56780741589418,-0.254537450959275,-0.091667490886366,2.56780741589418,-0.254537450959275,2.87870028122071,-0.165629998848037,-53.2312654931779,0.419515775523383,5.59363253827726,852.161972711168,-2.89899845953546e-17,1.43118404332882,1.04104651598792,0.907640047911676,0.853658191855014,0.725171148838662,0.660028757421102,0.019345365079575,0.0198880117696073,0.0216568664722425,0.0277669117800229,0.0304057191959171,0.0371878304343298,1481.34975523383,17.5848265805645,17.3232166618681,3.33471046601192,124.032921934484,118.794983172411,2561.58044774459,197.531260056494,22.0338318107507,0.16422785014018,0.339515147749454,0.0124260276396606,0.16422785014018,0.339515147749454,0.592271899694413,0.118054494123041,0.548410916901609,0.541919793533975,0.342114090313671,0.216416418828557,1.30616224462729e-15,0.145361220970467,0.0935160246550691,0.0698343207703494,0.0597065029245582,0.0450342275943951,0.0370769353423786,0.0248802498305437,0.00862286455796248,0.0057430902472451,0.0054790973379734,0.0071825668582205,0.00791705108260505,1.10082932396444,0.0102242372201226
6.63,19.698,1.28272,0.2,0.0604859288659355,0.205944228515251,0.320404089839582,0.464545458868015,0.577542849578723,0.654168766646741,0.0604859288659355,0.205944228515251,0.320404089839582,0.464545458868015,0.577542849578723,0.654168766646741,0.0604859288659355,0.205944228515251,0.320404089839582,0.464545458868015,0.577542849578723,0.654168766646741,1,1,150.000015727529,166.065443183002,-10.6722003808978,619.036444120404,145.774234131861,4475.8915737944,-40.6135966045204,1.35006124362046,-0.469779171034267,-0.0319182691386314,1.426673804812,-0.0892727451494636,-0.0197744064576606,-0.647824322448704,-101.106576398292,0.113740397101344,2.45789891407145,1173.73252786168,15.6057525257785,1.51437621081137,0.92398988647016,0.59388392875742,0.411115373398604,0.229806931569628,0.147515035109884,0.087275452925737,0.0190289869678159,0.0133110357254453,0.0104940480158317,0.00886855765024477,0.00960349244870326,4999.99218831372,43.0935006770127,17.3232166618681,49.0407474879938,120.666595593812,118.050380442968,2509.83131548937,1438.82830840064,19.2136405551733,0.608152720860882,0.493718356725866,0.0239971586184884,0.696862328988086,0.357767615439367,3.01538369680303,0.49521463100788,1.60369088505664,0.568590704580835,1.42165157898254,0.907442121019138,0.00563645131829658,0.286236632716736,0.222697105885058,0.178542157833885,0.137900809850356,0.10882092738369,0.0911639643618887,0.091789569068912,0.0159696755584742,0.00789966744610404,0.00512206067817665,0.00216237308289268,0.00174524605481405,3.41614448433718,0.00962982695846275
-6.15,17.102,1.36272,0.2,0.0739584930773144,0.224966755094806,0.406714436459702,0.573238572946761,0.758989184518486,0.935719985845255,0.0739584930773144,0.224966755094806,0.406714436459702,0.573238572946761,0.758989184518486,0.935719985845255,0.0739584930773144,0.224966755094806,0.406714436459702,0.573238572946761,0.758989184518486,0.935719985845255,1,1,150.000015727529,180.229309446933,-14.6224716435788,618.459233413186,294.752640516613,5180.79679200083,-40.0301958129361,1.85924049578169,-0.541890692772211,-0.0503597604416207,1.93063430892615,-0.151849203819394,2.03483970731174,-0.425072078960525,-101.083842308093,0.221657335925424,3.65260993646495,1173.64576606603,11.7519393813143,1.53638725132798,0.913958743880844,0.617382210186438,0.468545963962087,0.298218706384752,0.215992709092803,0.0426804690945735,0.0190196219143839,0.0182366101447766,0.0141681814394334,0.00735610957191959,0.00638081741485261,4999.98406415998,43.0934444328717,17.3232166618681,31.0327572096568,121.263436770007,118.265663851541,2509.47268438912,871.644196962293,20.0063057148862,0.388444778048636,0.409442215949393,0.0219213773295826,0.444380563614801,0.347934465527618,1.52891146973661,0.305681452882247,1.3056027246885,0.553892035602771,0.897322876336656,0.659407119327042,0.00648787908273461,0.178279710064796,0.082996732307947,0.0518034944943186,0.0467720494193465,0.0432501842003945,0.0423735028860859,0.0430564528965073,0.00797253569167006,0.00329468311794694,0.00584061337962044,0.0026757949323661,0.00281237059018811,2.53596139347907,0.00930945198965075
-2.79,6.586,1.19504,0.2,0.0692651697445556,0.206895174752775,0.361192817049415,0.44603642222019,0.570593279665203,0.813089970246434,0.0692651697445556,0.206895174752775,0.361192817049415,0.44603642222019,0.570593279665203,0.813089970246434,0.0692651697445556,0.206895174752775,0.361192817049415,0.44603642222019,0.570593279665203,0.813089970246434,1,1,150.000015727529,94.9464462035204,-11.4630118279346,261.048703260077,332.45707770024,3251.27653369441,-10.6446131355067,1.69372648682429,-0.163894814886991,-0.0406451577960629,1.69372648682429,-0.163894814886991,0.901893727528382,-0.0833804117446098,-42.952478908447,0.270313900510363,3.69009144880742,765.051921674823,1.26152689303197e-17,1.15110342672638,0.842125486928444,0.757797021143631,0.74878776169149,0.672818143943339,0.586316769086554,0.0122168161743568,0.0176370986355588,0.017704015415061,0.0194912259139673,0.0187929080304135,0.0298628830330174,693.958931361317,9.17577419018859,17.3232166618681,2.19278724231247,121.874397266833,120.701069393718,2519.43965401648,144.809152710214,14.2539325796458,0.141936736844565,0.334474319715276,0.0072921504828961,0.141936736844565,0.334474319715276,0.37456466389319,0.0810384845249498,0.45962201431119,0.534052154390285,0.286565281558283,0.175442014726228,1.30013253427486e-15,0.0725192692045681,0.0461536471488492,0.0433914278866478,0.0411718554658382,0.0418363601320235,0.0328185797544894,0.0119165498580348,0.00417331875429586,0.00269688114765075,0.00243752318516735,0.00186442661560551,0.00536134037187419,0.779251553025338,0.009009153009629
-14.31,8.83,1.27056,0.2,0.0691334577224693,0.234595329343876,0.386351747499447,0.578415476526623,0.704845257813794,0.917953461528363,0.0691334577224693,0.234595329343876,0.386351747499447,0.578415476526623,0.704845257813794,0.917953461528363,0.0691334577224693,0.234595329343876,0.386351747499447,0.578415476526623,0.704845257813794,0.917953461528363,1,1,150.000015727529,128.763180918654,-15.7917501890428,312.313373606916,467.843016467035,4358.67242995521,-5.71403123033018,2.19274252682012,-0.214949689542756,-0.0670991938339757,2.19274252682012,-0.214949689542756,1.98130402041454,-0.133034607128216,-50.5084199562548,0.350947409734402,4.71402530986355,830.117050307257,-1.36449533069471e-17,1.56029507342985,1.12695229663577,0.953294365170294,0.846431475887928,0.722425341110301,0.601890126028539,0.0611555027753358,0.0235818902197687,0.0285758993854807,0.0389560452036247,0.039672551817519,0.0501969794813041,1268.3952713259,15.4565347359649,17.3232166618681,5.96625889948657,123.486633853334,119.607909639001,2558.9013175517,326.591928226222,19.0465662366296,0.238895916040137,0.34376229217567,0.015158384542337,0.238895916040137,0.34376229217567,0.592907566840876,0.121177430964945,0.534404451501895,0.5493778432055,0.502147111044341,0.213233749063675,1.28804423254584e-15,0.243245562022074,0.0663515622083259,0.0199384759561437,0.0169330788448314,0.0208079243331213,0.0230642603301703,0.0669244536603397,0.00982754325056355,0.00362728605587231,0.00266215048050877,0.00368039493012852,0.00513964036927842,1.08709021581101,0.0103773123204129
0.57,22.822,1.4056,0.2,0.0805243474693997,0.198925574141453,0.380512734133935,0.627767606017471,0.791455927861586,1,0.0805243474693997,0.198925574141453,0.380512734133935,0.627767606017471,0.791455927861586,1,0.0805243474693997,0.198925574141453,0.380512734133935,0.627767606017471,0.791455927861586,1,1,1,150.000015727529,150.54074575565,-9.86148121133215,620.840714508905,155.584990761379,3386.38388709509,-58.196838870951,0.522553026882616,-0.238509561320696,-0.0097165322362254,0.572985721664411,-0.0404451300281221,-3.41771596021248,-1.2175430217269,-101.019385480679,0.0222980805124466,0.423991535904593,1173.74679720862,20.4968680345797,1.53630059368816,0.875124393292366,0.467262316425373,0.237176483699614,0.0717472752098739,-0.0190994794313092,0.0589659176151441,0.0177344827622123,0.0119619534423498,0.00696319706280595,0.00954600343714196,0.0097300766586814,4999.95260910322,43.0935485886891,17.3232166618681,51.0986358924462,115.517502264681,117.062745058784,2391.86735926977,1374.36774430468,14.3354911676105,0.518100532737522,0.485659766508986,0.0067103493169776,0.625060505404812,0.337029462431578,3.72909619133259,0.646271120461278,1.64726370252609,0.53435990622403,1.25763599395474,1.39916135648309,0.00820773136421698,0.190921619630559,0.166182309247972,0.134090877822531,0.106570421067035,0.0761850912103117,0.078789263815083,0.0536605908246947,0.0109780335597549,0.00624108814474178,0.00137378704268973,0.00223393846884652,0.00317559220250694,5.27819252859862,0.0177605590171515
4.71,23.35,1.40496,0.2,0.0725720823069785,0.229322484319019,0.400906239961511,0.590341786807946,0.729388348274876,0.890360652437341,0.0725720823069785,0.229322484319019,0.400906239961511,0.590341786807946,0.729388348274876,0.890360652437341,0.0725720823069785,0.229322484319019,0.400906239961511,0.590341786807946,0.729388348274876,0.890360652437341,1,1,150.000015727529,150.446704509947,-9.61395963545464,620.593448599104,140.969366711801,3354.93487136757,-59.2124487032601,0.480639976031663,-0.219535166369128,-0.0128239528174148,0.527363429923966,-0.0331658667638788,-3.61076432584106,-1.25486376194355,-101.004827622123,0.00885612733673576,0.296127208717842,1173.71065514009,20.950678054369,1.49463691282158,0.87413532965316,0.4695202166441,0.244223417859598,0.0705208113842309,-0.0278102034152693,0.0844272779887511,0.0196607533009061,0.0122912563274659,0.00742941297781481,0.0090440913446516,0.0128922279970837,4999.95990001042,43.0935142172694,17.3232166618681,60.8996665266344,115.999368894207,116.916608724408,2412.41028089345,1744.78634987344,18.6146059719998,0.682575295042362,0.560600035412189,0.00865845867819697,0.811863004789497,0.34793731483097,3.41155646289663,0.740204170253548,1.90684585604612,0.552134267025634,1.65755466814072,1.42654156306904,0.00804858855415822,0.260934481375373,0.232560765839674,0.18588666235156,0.143977190268171,0.103849617785483,0.0989362311687828,0.0872558939977666,0.0152757852575235,0.00760630197667928,0.0018989386756034,0.00205041779378036,0.00708816669537683,5.40917008329386,0.0190510014755966
10.29,14.814,1.11504,0.2,0.0719108308526187,0.201602886151682,0.366599426645811,0.509630232572466,0.658425552815228,0.866604866766387,0.0719108308526187,0.201602886151682,0.366599426645811,0.509630232572466,0.658425552815228,0.866604866766387,0.0719108308526187,0.201602886151682,0.366599426645811,0.509630232572466,0.658425552815228,0.866604866766387,1,1,150.000015727529,153.092427872097,-8.11482489219873,262.874457868972,300.646752265389,5078.00124986981,8.35349960473909,2.54122768461619,-0.229581137943964,-0.088909025101552,2.54122768461619,-0.229581137943964,2.28875401541506,-0.120452719233413,-43.5945401520674,0.376848035860848,5.49113321529007,771.30395792105,4.0199248408499e-18,1.525578585564,1.23643276742006,1.07951161337361,0.971470190605146,1.02434577648162,0.890003228830331,1.02015126549318,0.743521872721592,0.547014519320904,0.419458348088741,0.289324955733778,0.139892218518904,745.596146234768,9.77861337360687,17.3232166618681,6.47064573273588,121.541848910727,119.380302891555,2504.62436160158,130.074597981713,19.837216445333,0.10315762225505,0.33330251151567,0.00848347818111615,0.10315762225505,0.33330251151567,0.752590943934101,0.268454009434901,0.46046889539036,0.532251256314295,0.192760301988431,0.530140468708542,1.08998262775358e-15,0.118559465106646,0.0902185603429307,0.0471988506824108,0.0406319538773457,0.0643720998143123,0.0840901898632667,0.288351037804315,0.23378586393917,0.144323250962324,0.115774934919276,0.0217986434989996,0.0578570667969653,2.42914116790547,0.0277304038219426
-2.07,3.462,1.3352,0.2,0.0817117580293949,0.22137539233165,0.412580205600108,0.582089326956798,0.760422298120631,0.861296700186752,0.0817117580293949,0.22137539233165,0.412580205600108,0.582089326956798,0.760422298120631,0.861296700186752,0.0817117580293949,0.22137539233165,0.412580205600108,0.582089326956798,0.760422298120631,0.861296700186752,1,1,150.000015727529,51.3855702530987,-1.27759468992812,207.820356212894,35.5465910946776,1710.07228413707,-19.2600608269972,0.921350619727112,-0.066604639186543,-0.0130045025518175,0.921350619727112,-0.066604639186543,-0.260917238068951,-0.0315805346432663,-34.0382980939486,0.113258542969482,2.05251348817831,681.00797833559,-4.01614040204146e-19,0.34356943026768,0.258251171752942,0.293212623685033,0.332062587230497,0.323667263826684,0.358866951359234,0.0120398625143214,0.00796142912196646,0.00606974669305281,0.0064347088844912,0.00774002603895428,0.0198106515987918,71.5655879595877,1.06303510051036,17.3232166618681,3.17766754906515,122.096868889151,120.126310816722,2519.45256201855,32.7775771851113,7.64080011711032,0.0801554480361524,0.332406818668783,0.0025323108815983,0.0801554480361524,0.332406818668783,0.14361294106732,0.0488451425259765,0.361138707028304,0.530576296834133,0.128001648957185,0.0519503564049919,9.33748928584749e-16,0.0262469147746128,0.0230469615434935,0.0214427468555059,0.0223928180016616,0.0235878374843829,0.0211167832729934,0.00135181810007081,0.000487763191989879,0.000357552239766779,0.000480723210743042,0.0033786908665668,0.00506650203153841,0.144396122541477,0.0021352978697364
1.83,7.642,1.17264,0.2,0.0648431795554601,0.224187025815432,0.406877428647906,0.521027364807639,0.718718881895511,0.873066065176961,0.0648431795554601,0.224187025815432,0.406877428647906,0.521027364807639,0.718718881895511,0.873066065176961,0.0648431795554601,0.224187025815432,0.406877428647906,0.521027364807639,0.718718881895511,0.873066065176961,1,1,150.000015727529,106.181116550359,-13.5392179735444,281.262639308405,390.860093104885,3592.271638371,-7.50548240183313,1.82944693261118,-0.179981563325695,-0.0468754348505364,1.82944693261118,-0.179981563325695,1.18000721365483,-0.0985546898073118,-45.8440787417976,0.295044708040829,3.95504114154775,790.527934590145,1.4557639766691e-17,1.41404187063848,1.02419217789814,0.871301531090511,0.820064357879387,0.68066254556817,0.60370566607645,0.018199996346943,0.0196785219247995,0.0237532257056557,0.0301021466513905,0.0337222862201854,0.0423277783564212,909.23009061556,11.6347182585147,17.3232166618681,2.28335705045271,122.226928605825,120.234472104128,2523.48094379581,128.684841751372,15.5664868668913,0.126086121036115,0.333758840345766,0.0070821968299737,0.126086121036115,0.333758840345766,0.436730108395946,0.120255957277103,0.486486090550475,0.532673476207455,0.249809355381986,0.152986908114529,1.3113359495988e-15,0.123510163704586,0.0815909877341447,0.0609017302944986,0.0538930093867183,0.0404916185403771,0.0331584896302425,0.0212647637078604,0.00756498391493964,0.00549130683823585,0.00552965103119758,0.00776853260300185,0.0084930995943787,0.705574294839295,0.00838564553072181
-6.75,12.746,1.40368,0.2,0.0754282605384066,0.244114692343903,0.404097596966365,0.627257135807921,0.770872211700676,0.916180446262466,0.0754282605384066,0.244114692343903,0.404097596966365,0.627257135807921,0.770872211700676,0.916180446262466,0.0754282605384066,0.244114692343903,0.404097596966365,0.627257135807921,0.770872211700676,0.916180446262466,1,1,150.000015727529,261.89104259973,-39.6214575637955,570.028965732736,1140.55039902093,8779.10498906364,-0.647338157066972,4.30862930944693,-0.450604414782835,-0.253273731902927,4.30862930944693,-0.450604414782835,11.1281792521612,-0.490068380293719,-95.5255265076553,0.73011981580502,9.17351286324341,1145.46870117696,-9.82617342256013e-18,1.62937204457869,1.2225980627018,1.02069092802833,0.872116446203521,0.71966814915113,0.624375825434851,0.0929253963128841,0.032152790438496,0.0368245203624623,0.0472023174669305,0.0474338860535362,0.0538888313717321,4156.80470784293,36.7109363607956,17.3232166618681,14.0065218799418,126.126146981805,119.780451301637,2625.68865111136,612.350305871687,37.7127329433771,0.389847312487039,0.360293812432999,0.0468832602224063,0.389847312487039,0.360293812432999,1.44354527554657,0.18318639381854,0.950770748935644,0.576366043482885,0.826151671951886,0.499045412061532,1.27275998703746e-15,0.147108189020008,0.0481574608315935,0.025378833043485,0.0235582411561053,0.0222386839670071,0.0224639213033074,0.0631288301202036,0.00960968534738066,0.00415461780502869,0.00356408384582035,0.00320009236376049,0.00413082251050954,7.03671048861413,0.056586661153166
5.25,21.282,1.30128,0.2,0.0764046507850388,0.200179137846213,0.332877769864428,0.523672875711283,0.695108384236744,0.926946644155028,0.0764046507850388,0.200179137846213,0.332877769864428,0.523672875711283,0.695108384236744,0.926946644155028,0.0764046507850388,0.200179137846213,0.332877769864428,0.523672875711283,0.695108384236744,0.926946644155028,1,1,150.000015727529,156.12396937819,-9.80299846036871,620.114050619727,142.358013956879,3902.28184564108,-47.5800979064681,0.939423318281429,-0.372654608163732,-0.0180650184980731,1.00857860272784,-0.0645032523528799,-1.68287812071659,-0.903378664462036,-101.083605874388,0.0683508965628581,1.47589381651182,1173.67336735757,17.9779127174258,1.4983751692532,0.91376997187793,0.546891834183939,0.335466450369753,0.150176805767107,0.0586978348901156,0.0864461782354963,0.0185994425573378,0.0126171414435996,0.00973978533486095,0.0090321101968545,0.00979413373606914,4999.98666805541,43.0934183939174,17.3232166618681,51.2308115011398,118.490304021837,117.535534544599,2459.66877066854,1433.08289992406,17.4562022200921,0.548038302002779,0.488204305664878,0.0151056450008631,0.646323492495902,0.347786239381637,2.64917146609574,0.539360029447365,1.6202762484575,0.551101832707414,1.27802207070496,0.841976842598349,0.00556562044686716,0.265715184815816,0.222614211495305,0.180879651247441,0.138913166973949,0.101030300232866,0.0774547570948977,0.0902237651976533,0.0153108222225035,0.00757042121944237,0.00470128150351245,0.00208369701805798,0.00240603823640221,3.14851640841717,0.0105741839304617
-12.09,9.974,1.22128,0.2,0.0687973670635825,0.242571793087105,0.37577990560474,0.557769453549452,0.700280856021892,0.895793844730729,0.0687973670635825,0.242571793087105,0.37577990560474,0.557769453549452,0.700280856021892,0.895793844730729,0.0687973670635825,0.242571793087105,0.37577990560474,0.557769453549452,0.700280856021892,0.895793844730729,1,1,150.000015727529,148.776679512551,-19.0671736161858,349.782710134361,584.591132548693,5036.47963753776,-1.61330771184252,2.51833184043329,-0.254947964426622,-0.0879442922612227,2.51833184043329,-0.254947964426622,2.94224404749505,-0.180112315497344,-57.5288730340589,0.415152821060306,5.3975426518071,886.030257264867,-2.40485221237375e-18,1.57873367357567,1.2182162274763,1.03406525361941,0.912076429538588,0.76123299656286,0.638510634308925,0.102021039063597,0.0318511477971045,0.034895974377669,0.0427489803145506,0.0438205551505051,0.0530848557441933,1758.65389021977,20.078603270493,17.3232166618681,7.54913742687739,123.571822736828,120.340249003382,2563.13804788329,384.275193311645,21.8469667267056,0.269123054017654,0.345587941296032,0.0194131281509659,0.269123054017654,0.345587941296032,0.739047643690169,0.213210131566134,0.609274637566788,0.552353657053106,0.567793324963707,0.249198771180538,1.30170831788692e-15,0.210189374930515,0.0595023171045317,0.0197218453555935,0.0183278295791894,0.0220330182781833,0.0243264496918072,0.0903583882356736,0.0119930780850146,0.00403891462717317,0.00298358430829709,0.00293328176104726,0.00418052390837069,0.887346066479738,0.00657623449521778
6.45,20.886,1.18928,0.2,0.0720367655154756,0.233090590024036,0.422956802028393,0.542258840906793,0.702673121213386,0.8312714942631,0.0720367655154756,0.233090590024036,0.422956802028393,0.542258840906793,0.702673121213386,0.8312714942631,0.0720367655154756,0.233090590024036,0.422956802028393,0.542258840906793,0.702673121213386,0.8312714942631,1,1,150.000015727529,159.461881054057,-10.1124978189772,619.454535985835,148.577649234455,4207.114467243,-38.9952733048641,1.20692048744922,-0.445824896292053,-0.0256990291636288,1.28396668055411,-0.082637250671805,-0.540058170794709,-0.74384786035413,-101.105053640246,0.102932079470888,2.15495045411936,1173.7253411103,16.5915623372561,1.51175085928549,0.967372742422664,0.594255921258202,0.406692906988856,0.211740555150505,0.127603625089366,0.116075488557754,0.0222455346313822,0.0155920762420581,0.0115727207582543,0.008974376419123,0.00931805676492033,4999.98531402979,43.0930538485577,17.3232166618681,47.4585730269351,119.553843249451,117.812891248227,2485.53662279751,1336.50012966082,17.4907162217228,0.531280666095313,0.477196505354465,0.0194388500065157,0.621639864668368,0.351472031496484,2.76540280752227,0.483704437180911,1.55866639702875,0.557423958849688,1.23948828074591,0.902584512886442,0.00612342616814108,0.278997441754888,0.232001047495994,0.176717149854493,0.141893312065999,0.108689982482164,0.0788827140730293,0.114793933456046,0.0179457273919883,0.00898600904196694,0.00603069823599045,0.00259391879373704,0.00208069045266187,3.38521493160273,0.0106039554348437
-4.95,7.554,1.24368,0.2,0.0622948885244366,0.208919650541784,0.314225029485896,0.481223102105421,0.657828328946119,0.861617459750627,0.0622948885244366,0.208919650541784,0.314225029485896,0.481223102105421,0.657828328946119,0.861617459750627,0.0622948885244366,0.208919650541784,0.314225029485896,0.481223102105421,0.657828328946119,0.861617459750627,1,1,150.000015727529,112.301781064473,-9.98637909488595,287.185907717946,327.067636642016,3827.73367357567,-8.03741689637538,1.95568971982085,-0.181091846427456,-0.0535483772523696,1.95568971982085,-0.181091846427456,1.43255555833038,-0.109880054690137,-46.7179991667535,0.297482550062493,4.23276877408603,798.117456514947,5.50110674929695e-18,1.36580804082908,0.988110071867512,0.879906936777418,0.814917289865639,0.695033850640559,0.59930919695865,0.0167066923247578,0.0188378330382252,0.018051062076867,0.026290840537444,0.0285001749817727,0.0394024080824914,975.799562545568,12.3675690032289,17.3232166618681,3.10132699326363,122.373576526271,120.305553194821,2529.90390437956,198.931720385028,16.5939135584858,0.169118159714883,0.336747807217983,0.00982035488113418,0.169118159714883,0.336747807217983,0.494946589460122,0.199383648673385,0.497670810709889,0.537787980557667,0.346133916864567,0.162927095178268,1.25025897778071e-15,0.0875866221349186,0.0425066746916128,0.0368250825101059,0.0376204728310186,0.0341189603912757,0.0286439484553976,0.0176442450292275,0.00523133564750039,0.00319186988197165,0.00378791515762166,0.00569040517474033,0.00763808479161288,0.762639206055968,0.00862325184796522
-0.690000000000001,19.478,1.33648,0.2,0.0624210496820068,0.206388772574847,0.36052432868725,0.494299474834409,0.621672034636432,0.78201495659775,0.0624210496820068,0.206388772574847,0.36052432868725,0.494299474834409,0.621672034636432,0.78201495659775,0.0624210496820068,0.206388772574847,0.36052432868725,0.494299474834409,0.621672034636432,0.78201495659775,1,1,150.000015727529,168.45651494636,-10.9608913592334,619.252546609728,139.773713863139,4495.36506613894,-42.8475742110196,1.32148238725133,-0.456484738851162,-0.028666336006666,1.39553285074471,-0.0847364998618894,-0.181980307816894,-0.651614991521716,-101.109717737736,0.104871456692011,2.36351686699302,1173.70732215394,15.5815987917929,1.5604671388397,0.910394917196124,0.567864649515675,0.393110759295907,0.216472165399438,0.125627208540777,0.0455748260233309,0.0181169587542964,0.0151318208519946,0.0095043757941881,0.0085384732840329,0.010570293302781,4999.98073117384,43.0934496406625,17.3232166618681,42.1398843078399,119.575498508523,117.864281564749,2477.48211886917,1185.75853858068,16.4888524578077,0.498051770302262,0.456905016525781,0.019248404156514,0.579112231861449,0.34848802894729,2.43856369188164,0.46294318249245,1.4896314887928,0.554042683356145,1.17791199617198,0.956097496149576,0.00638812819794765,0.172621204363987,0.125309145363227,0.101007323941368,0.0877488735199328,0.0759548528756566,0.071408331246534,0.0434683872022972,0.00945190447697395,0.00490970914952227,0.00458581172279118,0.00195238625760774,0.0011906808602845,3.6330002991553,0.0112904269057735
5.61,5.706,1.3704,0.2,0.0712554814636923,0.214116519682716,0.308154208556825,0.450379584898275,0.61912212155391,0.78600636735908,0.0712554814636923,0.214116519682716,0.308154208556825,0.450379584898275,0.61912212155391,0.78600636735908,0.0712554814636923,0.214116519682716,0.308154208556825,0.450379584898275,0.61912212155391,0.78600636735908,1,1,150.000015727529,89.0921289449017,-1.95069680554109,250.148777210707,113.203385345277,3075.62014373503,-13.5910593289241,1.63437829392772,-0.129956367429434,-0.0380310811373815,1.63437829392772,-0.129956367429434,0.790921623958963,-0.0766090684022498,-40.44534735965,0.217712309239663,3.60110696802416,742.508322049784,1.87245495510884e-17,0.917563628788669,0.675569190709301,0.641002468492866,0.64371157171128,0.575192729923966,0.545006488907406,0.0127611348163733,0.0174883418393917,0.0155380859285491,0.0172905426518071,0.0186264816164983,0.0230701385272367,513.768617852307,6.999474950526,17.3232166618681,1.78249990896348,122.246035328961,120.093908875272,2522.38800719566,106.244179087708,13.7500159060019,0.113611368836034,0.332395892636186,0.00573333622678398,0.113611368836034,0.332395892636186,0.331774090257051,0.0661343998511962,0.426881139115879,0.530360225315632,0.234582839211403,0.132690534477053,1.14871989516062e-15,0.107074851631918,0.0743238774487853,0.0640819143195976,0.0580604953765744,0.0486325659201098,0.0406467759660143,0.0113893895814931,0.00465982453188158,0.00301464229950581,0.00225634593685196,0.00136779477890072,0.00132983465904282,0.550412209062831,0.00676698654007004
0.390000000000001,13.582,1.14448,0.2,0.0756089902065997,0.216376340736482,0.401192114496983,0.53328535333853,0.712032784098267,0.959343348204636,0.0756089902065997,0.216376340736482,0.401192114496983,0.53328535333853,0.712032784098267,0.959343348204636,0.0756089902065997,0.216376340736482,0.401192114496983,0.53328535333853,0.712032784098267,0.959343348204636,1,1,150.000015727529,233.255337985627,-34.0688808665764,570.447422143527,1024.90111272784,7727.84491198833,5.9175775709822,3.69776231642538,-0.396436640239246,-0.184746453494428,3.69776231642538,-0.396436640239246,8.79700791584211,-0.435041932590356,-95.0074263097594,0.636983791220706,7.77694469326112,1140.509113634,2.01123866565983e-17,1.60620872825747,1.33171898760546,1.09219910425997,0.977609280283303,0.797997687740859,0.628913352775753,0.227032091448808,0.0512637834600562,0.0508551723778773,0.0509809249036559,0.0490786688886574,0.0616497396104573,3910.64691178002,34.6858545984793,17.3232166618681,7.07851259187678,124.349458422113,119.188869830748,2577.11563812402,340.487341614002,31.3183166881776,0.251175164561109,0.346084713322638,0.0264509073208855,0.251175164561109,0.346084713322638,1.30464274170326,0.21371450280836,0.968671131419339,0.552871915691016,0.537489294431383,0.49994297143788,1.40645472695831e-15,0.200693731141865,0.0714996269137699,0.0523115041246274,0.0386055170700041,0.0374400678705702,0.0288417979534011,0.108102913849683,0.0205629168823871,0.0147770258183231,0.0102679491926884,0.00469210743550181,0.00512256779023212,8.7192975092982,0.0711950175423968
-6.87,14.99,1.30256,0.2,0.0887477840017976,0.235342551278095,0.413585353535314,0.526387006461582,0.680657558878292,0.882927696172589,0.0887477840017976,0.235342551278095,0.413585353535314,0.526387006461582,0.680657558878292,0.882927696172589,0.0887477840017976,0.235342551278095,0.413585353535314,0.526387006461582,0.680657558878292,0.882927696172589,1,1,150.000015727529,212.587511717529,-22.8616878554317,613.022851786272,563.388262639308,6690.42318508489,-23.0668247724195,2.89473273617331,-0.610738733465265,-0.117240215602541,2.94675138006458,-0.262979078096032,6.16645974377669,-0.25056781118946,-100.887261743568,0.412384660816582,6.01232069576086,1173.62170607228,6.81396083741278,1.55848557441933,1.02534246432663,0.778386386834704,0.67199670867618,0.506957514842204,0.403119164670346,0.0512677501301948,0.0205083145505676,0.0198883224664097,0.0203196489948964,0.0196070575981669,0.0228860410373919,4999.98375169253,43.0934777627327,17.3232166618681,24.1789200386388,124.083862556835,118.937587408585,2573.82148950652,783.223494444526,27.0458244792405,0.406519484491138,0.391970514046124,0.0345925260305208,0.438121740066832,0.356290611440054,1.52983105435327,0.245944805113721,1.18777931413513,0.568487453647404,0.902617686208295,0.550571337201172,0.00602521848555445,0.162423372398359,0.0636461839793619,0.0363048095854726,0.0351497383169404,0.0365044631693397,0.0357089263958442,0.0446832550714466,0.00771068156438181,0.00326233629598297,0.00220139120115726,0.00133963612041464,0.00236171956288896,1.88014475462313,0.00685396404723446
1.11,13.098,1.29424,0.2,0.0658133047170147,0.214660072322659,0.369039813333328,0.488713675560221,0.718790074818012,0.9441557137151,0.0658133047170147,0.214660072322659,0.369039813333328,0.488713675560221,0.718790074818012,0.9441557137151,0.0658133047170147,0.214660072322659,0.369039813333328,0.488713675560221,0.718790074818012,0.9441557137151,1,1,150.000015727529,255.916862826789,-41.4911577127383,575.695531715447,1198.96623193417,8527.00697843975,3.55311029267785,4.10170263514217,-0.445731298984794,-0.227235194250599,4.10170263514217,-0.445731298984794,10.3220138527237,-0.480577102357046,-96.1527049265702,0.716836270943131,8.63820987397145,1148.47651286324,2.16969253619415e-17,1.61613467347152,1.2814177689824,1.06919813561087,0.97538857410686,0.768003030934278,0.621003760024996,0.140991561068639,0.0367889914383919,0.0371104926570149,0.0402886147276325,0.0462848078325175,0.0575663545464014,4311.03864180815,37.9714654723466,17.3232166618681,8.33298553383594,124.432110997864,119.386988838779,2577.95959555181,396.981960722142,35.3464585910058,0.272668383378229,0.346887826576871,0.0314850072088928,0.272668383378229,0.346887826576871,1.37862417713721,0.197947067424606,0.968056130703915,0.554088879292487,0.57607956591154,0.499474061999789,1.35184624409423e-15,0.184155666394856,0.0799027151503443,0.0572009840174569,0.0473093276089437,0.0364533312689547,0.0282414550392812,0.0864793748683387,0.0156813259734915,0.00764997839573292,0.00556654016550262,0.00424415970126463,0.00480229834091106,6.78152103059897,0.0543425485578165
4.77,6.19,1.38768,0.2,0.0718369299359849,0.236354934781162,0.38734033163244,0.531735346645366,0.656942525836313,0.904031261511334,0.0718369299359849,0.236354934781162,0.38734033163244,0.531735346645366,0.656942525836313,0.904031261511334,0.0718369299359849,0.236354934781162,0.38734033163244,0.531735346645366,0.656942525836313,0.904031261511334,1,1,150.000015727529,95.6566347255493,-8.25637189146964,250.908240808249,254.223545880637,3282.7253411103,-13.9744748510572,1.7101157171128,-0.153450173192376,-0.0413207842933028,1.7101157171128,-0.153450173192376,0.905112476408707,-0.0808931233371522,-41.9617831475887,0.253789185876471,3.72948797000312,756.0480054161,-4.01900122174772e-18,1.0511952713259,0.763757535673368,0.695345974377669,0.677342370586397,0.607664524528695,0.526450203103843,0.0125207105573378,0.0185672900739506,0.0180876335798354,0.0209950848869909,0.0201457014894281,0.0307040329132382,620.824601603999,8.30653213206953,17.3232166618681,1.94119350014319,123.822474106666,118.688098030434,2556.75013400291,111.37953167198,14.6246262848672,0.116644397475068,0.337595113924574,0.00612587168792354,0.116644397475068,0.337595113924574,0.347419214197272,0.0704006629166232,0.438293907350003,0.538728825192434,0.231588539777567,0.15759398773642,1.29780637583855e-15,0.113176997149983,0.0765942318169899,0.0635700618796806,0.0530606638116198,0.0475666598674237,0.0340571231262393,0.0138416462545693,0.00539179599618663,0.00336833640681454,0.0027701800512297,0.00168757486563772,0.00551594845884036,0.69236679684128,0.0082169561556712
7.29,4.914,1.3512,0.2,0.0699342302105877,0.249163214349222,0.325709779921292,0.412466646292825,0.533089208997554,0.746492092459555,0.0699342302105877,0.249163214349222,0.325709779921292,0.412466646292825,0.533089208997554,0.746492092459555,0.0699342302105877,0.249163214349222,0.325709779921292,0.412466646292825,0.533089208997554,0.746492092459555,1,1,150.000015727529,75.0094188105405,-0.544967003437133,222.58222685137,56.3009389449016,2592.80981147797,-14.5498559872826,1.39813894386002,-0.104599844599521,-0.0282339912509113,1.39813894386002,-0.104599844599521,0.39929153340277,-0.0577735543047599,-37.4474190188522,0.176758937256536,3.10037787730444,714.117581501925,-3.28573889178222e-19,0.730295667118008,0.535555067180502,0.529302593479846,0.559063524632851,0.527962170607228,0.50907405478596,0.0125078485574419,0.0182955608790751,0.014639621914384,0.014794370690553,0.0164882168524112,0.0212492729923966,300.635892094575,4.25864514113114,17.3232166618681,1.89386782243384,121.901623287341,120.271379782431,2514.09955921973,73.3982974908697,11.7515087224131,0.0932166532471146,0.330395880001571,0.0041143668312905,0.0932166532471146,0.330395880001571,0.257027002806879,0.0558914386440899,0.39495564667746,0.527068061584651,0.19270504260104,0.0763982455587497,1.03900726111442e-15,0.0945381471284168,0.0659433053810728,0.0575247909649815,0.0555244019800513,0.0500614414998008,0.041280554727992,0.00794671679883037,0.00377458524769977,0.00297647562730707,0.00251271013610703,0.00123573314408362,0.000800445886514648,0.27671653369807,0.00365838073005224
-9.69,21.81,1.1016,0.2,0.056885053214366,0.215021239412912,0.387957084642022,0.565673526514044,0.64221254590014,0.868342512766394,0.056885053214366,0.215021239412912,0.387957084642022,0.565673526514044,0.64221254590014,0.868342512766394,0.056885053214366,0.215021239412912,0.387957084642022,0.565673526514044,0.64221254590014,0.868342512766394,1,1,150.000015727529,157.054369336527,-9.60772459431309,619.670659306322,134.180201434226,4121.38037704406,-34.8064566191022,1.15239941672742,-0.435640261940423,-0.0208779146963858,1.22957087803354,-0.0772515112665349,-0.760155146859702,-0.785260501301948,-101.112135194251,0.0935228714186023,2.02670587438808,1173.71003020519,17.11292157067,1.54860618685554,1.00922769503177,0.625452046661806,0.406658025205708,0.221989303197584,0.10786786953859,0.116294888014165,0.0207317247161754,0.017871449848974,0.00854583782939278,0.00867075492136237,0.011273518800125,4999.98177273201,43.093518383502,17.3232166618681,35.8966228088938,117.80661103856,117.517010862934,2422.36662632034,840.157079364666,16.3153802676026,0.315617926177617,0.410667036782786,0.0116473824576648,0.396134974432313,0.333672670396449,3.06745883930706,0.414393144278442,1.35300042453945,0.529859886681902,0.786048409330699,0.962349776763884,0.00619265309589324,0.251553369087394,0.154603155741392,0.0767793968418904,0.0449089932810395,0.0456810856320735,0.0579535568444901,0.119444939042797,0.0152186544783841,0.00467428013417243,0.00467598947909357,0.00126759521742657,0.00150071247866835,3.68648729353936,0.0114516602022006
-12.21,18.598,1.36016,0.2,0.0674205360420941,0.210724048992258,0.29770706568243,0.44770223986997,0.645366002519011,0.891526892703236,0.0674205360420941,0.210724048992258,0.29770706568243,0.44770223986997,0.645366002519011,0.891526892703236,0.0674205360420941,0.210724048992258,0.29770706568243,0.44770223986997,0.645366002519011,0.891526892703236,1,1,150.000015727529,174.067315904593,-12.0669838551192,618.591219664618,199.102111623789,4828.80366628476,-42.3535860847829,1.56146631600875,-0.500757849271109,-0.0357984860951984,1.63583503801687,-0.113946574929695,0.770206719925008,-0.531108106655556,-101.11535881679,0.154746670336423,2.92268138735548,1173.69951046766,13.7964159983336,1.50503895427559,0.901475054681803,0.603316060826997,0.43953702739298,0.255972075825435,0.159935918133528,0.0820911258082491,0.0188456414956775,0.0151227290907197,0.00793191823768358,0.00766930798875118,0.0100518409540673,4999.97718987605,43.0934871367567,17.3232166618681,30.2271208308361,119.411312000117,117.794362215569,2461.26719966441,790.138203952252,20.223509617602,0.343377198310309,0.405311785323484,0.0165751341299387,0.408086568072216,0.340074309268701,1.61537313186643,0.347649415025019,1.30791153453687,0.541505298283078,0.825584757558488,0.731443186674892,0.00581820510925301,0.317431273636368,0.149266591992173,0.0659859344887704,0.0309052355778276,0.0312723747957775,0.0376259134866014,0.0982405883260939,0.0128349258239158,0.00380366469208705,0.00364525113324995,0.001070659275394,0.0011563219714599,2.8693423423113,0.00987342108363358
9.69,13.538,1.12784,0.2,0.0578605995767184,0.219216725472569,0.302841703804275,0.48364101147224,0.679462406583063,0.951942798635958,0.0578605995767184,0.219216725472569,0.302841703804275,0.48364101147224,0.679462406583063,0.951942798635958,0.0578605995767184,0.219216725472569,0.302841703804275,0.48364101147224,0.679462406583063,0.951942798635958,1,1,150.000015727529,228.175169253203,-33.1266423570461,573.11802937194,993.046113123633,7565.82470575982,4.14146349474013,3.6170444745339,-0.386730986919071,-0.176096292052911,3.6170444745339,-0.386730986919071,8.44867128424122,-0.421136086980523,-94.4543766274346,0.620991403691886,7.59991594625558,1137.26236850328,-9.37444777627332e-18,1.61458066868035,1.26706843037184,1.11786920112488,0.982074721383187,0.80876699302156,0.627997937714822,0.207676690022914,0.07385716377669,0.0461950291636288,0.049360633267368,0.0462008561608166,0.0603956973231955,3748.95833767316,33.3463660035412,17.3232166618681,7.89752413965634,122.926103854262,117.996739471689,2534.12429707919,219.595098509875,31.112939870326,0.14549774053564,0.334654854887136,0.0157272119138463,0.14549774053564,0.334654854887136,1.26480307651087,0.283448208441175,0.962800163916166,0.534268888981785,0.321249001160676,0.801307118364261,1.44734460102217e-15,0.267289314182706,0.128680495819283,0.0954881535097705,0.0614330181434759,0.0573345321792858,0.0401873467586072,0.152660248629736,0.0581456763943391,0.0265459986615369,0.0179430568174182,0.00723397652403196,0.00744069054504533,20.5198971911748,0.169494133951947
