WindDirection,WindSpeed,AirDensity,WindShear,B1Er1,B1Er2,B1Er3,B1Er4,B1Er5,B1Er6,B2Er1,B2Er2,B2Er3,B2Er4,B2Er5,B2Er6,B3Er1,B3Er2,B3Er3,B3Er4,B3Er5,B3Er6,Alpha,Style,Timemean,RootFxb1mean,RootFyb1mean,RootFzc1mean,RootMxb1mean,RootMyb1mean,RootMzc1mean,TipDxc1mean,TipDyc1mean,TipDzc1mean,TipDxb1mean,TipDyb1mean,TipALxb1mean,TipALyb1mean,TipALzb1mean,TipRDxb1mean,TipRDyb1mean,HSShftVmean,B1Pitchmean,B1N1Clmean,B1N2Clmean,B1N3Clmean,B1N4Clmean,B1N5Clmean,B1N6Clmean,B1N1Cdmean,B1N2Cdmean,B1N3Cdmean,B1N4Cdmean,B1N5Cdmean,B1N6Cdmean,GenPwrmean,GenTqmean,Timesd,RootFxb1sd,RootFyb1sd,RootFzc1sd,RootMxb1sd,RootMyb1sd,RootMzc1sd,TipDxc1sd,TipDyc1sd,TipDzc1sd,TipDxb1sd,TipDyb1sd,TipALxb1sd,TipALyb1sd,TipALzb1sd,TipRDxb1sd,TipRDyb1sd,HSShftVsd,B1Pitchsd,B1N1Clsd,B1N2Clsd,B1N3Clsd,B1N4Clsd,B1N5Clsd,B1N6Clsd,B1N1Cdsd,B1N2Cdsd,B1N3Cdsd,B1N4Cdsd,B1N5Cdsd,B1N6Cdsd,GenPwrsd,GenTqsd
-1.66666666666667,25,1.24222222222222,0,0.0391755263706483,0.121086095476339,0.206556180946425,0.29202626641651,0.377496351886596,0.487893475088597,0.0391755263706483,0.121086095476339,0.206556180946425,0.29202626641651,0.377496351886596,0.487893475088597,0.0391755263706483,0.121086095476339,0.206556180946425,0.29202626641651,0.377496351886596,0.487893475088597,0.555555555555556,1,150.000015727529,150.35366732632,-7.44609677658577,621.125934798458,27.1613590042704,3346.91240495782,-47.3013738152276,0.465569701072805,-0.20241482465264,-0.00400788407457557,0.507634735965004,-0.00584387271117591,-3.67264384126653,-1.35106135642121,-101.016068117904,-0.0354353209978128,0.247911913847516,1173.65232788251,22.8383220497862,1.58774075617123,0.945163805853556,0.49375602541402,0.281818081449849,0.0637508439308405,-0.0216144002870534,0.0659966102416414,0.0148463668367878,0.00955866961774815,0.00638165784814082,0.00994520591605042,0.00747288386626393,4999.95333819394,43.0938110613485,17.3232166618681,34.8329595677317,111.467316190813,117.172371531146,2297.65786755196,520.416063650495,14.7142800579183,0.0858018051578038,0.331178529101857,0.00178252722793531,0.147285422425005,0.308784525334261,2.96359097923462,0.600201447785697,1.1151792490191,0.487577369721357,0.233900366166413,1.50566535928422,0.00763809137140665,0.201952457725747,0.157073353701295,0.106709562400476,0.0742963186343069,0.0431278060165231,0.0456335941331353,0.067045368078164,0.0120306357808929,0.00448892532865639,0.000950807386351591,0.00179105264230006,0.00189121109277866,5.90976500793815,0.0178805447847791
-1.66666666666667,25,1.42,0,0.0391755263706483,0.121086095476339,0.206556180946425,0.29202626641651,0.377496351886596,0.487893475088597,0.0391755263706483,0.121086095476339,0.206556180946425,0.29202626641651,0.377496351886596,0.487893475088597,0.0391755263706483,0.121086095476339,0.206556180946425,0.29202626641651,0.377496351886596,0.487893475088597,0.555555555555556,1,150.000015727529,154.12034163108,-8.54093497864806,621.256775335903,39.3161030850953,3239.33319445891,-57.7072940318717,0.275612519529216,-0.108652187226331,-0.00252072065409853,0.296113779814603,0.00920140591709198,-4.60280053546506,-1.47014118289762,-100.958570982189,-0.0666660800479117,-0.326258566978439,1173.73492344547,23.2959077179465,1.56526559733361,0.901825393188209,0.450075367149255,0.239752307051349,0.0415606645547339,-0.0650246383429851,0.0550744751191543,0.0146667664826581,0.00857424143318404,0.00643725872304968,0.00898027226330593,0.0114541487345068,4999.94073534007,43.0933579835438,17.3232166618681,32.2353568133389,110.24751263252,117.436943550999,2270.25613962912,424.215859841097,15.4327048892217,0.107375893872469,0.298073190935075,0.000893437186816682,0.0992014130375098,0.30089179894573,2.4878992860862,0.621230507846427,1.01996504198038,0.474169973555983,0.212827703240157,1.66240225805197,0.00852761591158012,0.206221569941269,0.157676246714702,0.10581693916871,0.0730358693777976,0.0319231074479336,0.0433847728816923,0.0592450208496561,0.0114531170631553,0.00368527143146593,0.000725515245742921,0.00231268933027438,0.00548945953321765,6.37839189510587,0.0204739127981629
-1.66666666666667,12.7777777777778,1.42,0,0.0391755263706483,0.121086095476339,0.206556180946425,0.29202626641651,0.377496351886596,0.487893475088597,0.0391755263706483,0.121086095476339,0.206556180946425,0.29202626641651,0.377496351886596,0.487893475088597,0.0391755263706483,0.121086095476339,0.206556180946425,0.29202626641651,0.377496351886596,0.487893475088597,0.555555555555556,1,150.000015727529,232.933454848453,-24.3195842278929,607.343255910843,661.313893865222,7778.73179877096,-17.8748088786376,3.76814435996251,-0.686895385897303,-0.196867805436934,3.81461035308822,-0.345703862061244,9.82247734610977,-0.249103978989688,-100.53428809499,0.561345706634725,8.13137548172065,1173.64034996355,5.15266055619207,1.35140766586814,0.906856108738673,0.729066940943651,0.711783158004375,0.596540079158421,0.546118050203104,0.014713825180877,0.0144986808665764,0.0111334872409124,0.013322589417769,0.0132404961983127,0.0155278918862619,4999.98791792522,43.0935923341313,17.3232166618681,12.6662087128126,123.027812851465,116.813967373439,2526.51727347796,248.979377154229,34.6853068873855,0.0950225729306661,0.343441600306975,0.0136059659810372,0.121796613822535,0.334876308643685,1.43309405255591,0.269851322152247,1.10994723781927,0.532970066067351,0.174017257102923,0.479922782864867,0.00602204935208531,0.114330832271505,0.0584336327100228,0.0394445335606632,0.0309311234281261,0.0267350582053553,0.0256925571702759,0.0198591528942307,0.00572908630564406,0.00276241364704188,0.00199171031652355,0.00138962437056263,0.00108975077099929,1.53285539922384,0.00577350626237427
-1.66666666666667,12.7777777777778,1.42,0,0,0,0,0,0,0,0,0,0,0,0,0,0,0,0,0,0,0,0,1,150.000015727529,219.798489740652,-18.9933911661285,608.292677846057,510.677704358921,7426.20289553172,-19.9850311404021,3.70514092282054,-0.751575960837412,-0.193765441099885,3.76685220289552,-0.322187957702322,9.81102833038226,-0.203385279977086,-100.534520362462,0.529926710728049,8.14789230288511,1173.65597333611,6.57799927090926,1.22739579210499,0.813614685970211,0.591348067909592,0.602430611394646,0.585920758254348,0.566106936777419,0.0124210830409759,0.00848451132090407,0.00602071887303406,0.00601153775648371,0.00602821601916468,0.00597927080512446,4999.99354233934,43.0935246328502,17.3232166618681,14.4692608372789,122.671760763987,116.727174095932,2520.61351018335,272.595308401389,34.0605497619883,0.0903923210299968,0.342831801898382,0.0130032735195673,0.120255681291601,0.333533029054466,1.54716425767886,0.258824179129919,1.11697586591118,0.530224209843895,0.178081684394521,0.475074547787644,0.00516660949124646,0.110625516943237,0.0601025741001705,0.0371255145119506,0.0310786467981352,0.0312776710371524,0.0319732199107228,0.0176984932208057,0.00479886859872215,0.0019662648531644,0.00147247211577175,0.00119458441003801,0.000931181796714232,1.63463807235987,0.00580343311047771
15,12.7777777777778,1.42,0,0,0,0,0,0,0,0,0,0,0,0,0,0,0,0,0,0,0,0,1,150.000015727529,228.476512863243,-21.2877852963233,605.862660139569,597.100900177065,7827.30475992084,-15.840227156442,4.00661608165816,-0.752413227788772,-0.22630194771378,4.06095990001041,-0.35742585523383,11.0366421206124,-0.22832501313634,-100.37579210499,0.591367220612436,8.85458181439434,1173.6650348922,5.60590313509006,1.24353863139256,0.837297698156442,0.621073992292469,0.638618331423809,0.632868961566504,0.617753723570461,0.0152722223159046,0.00867005737693991,0.00600385553588168,0.0059826808665764,0.00595943849599,0.00584687792938235,4999.9884387043,43.0936725341102,17.3232166618681,8.86590316448044,123.106408146333,117.386081134567,2500.9047979433,125.384514541134,35.8086346676387,0.14376637402288,0.300131405432838,0.0130507070912275,0.115286964228355,0.312173143829728,1.70043888502371,0.231526302525349,0.965411710588717,0.492243791621558,0.414238109111272,0.472002848388197,0.00505455565589301,0.283474163909756,0.152314262600638,0.0881044577924619,0.0668289306532525,0.0617622179803205,0.0623571379980725,0.0391653759227689,0.00893021657740482,0.00303699513888434,0.00190040798525867,0.0013758931256919,0.00103191711134206,1.48792769398193,0.00542281491367923
15,12.7777777777778,1.42,0.277777777777778,0,0,0,0,0,0,0,0,0,0,0,0,0,0,0,0,0,0,0,1,150.000015727529,228.286272263306,-22.4494190386418,605.711207165921,631.770796292053,7804.00416623268,-17.8224316862827,3.98034069367774,-0.736270461410269,-0.228455733777731,4.03178523070514,-0.360501947776273,10.9131333194459,-0.238771830370795,-100.378259556297,0.595298925996563,8.77459514633892,1173.6742006041,5.37045328611603,1.26447567961671,0.864715946255598,0.639912686178524,0.650527986668056,0.638163253827727,0.614787428392876,0.0194251905093219,0.00929825853582023,0.00614300208603271,0.00603217849182377,0.00609813436100406,0.00594203572544526,4999.99739610457,43.0938985522333,17.3232166618681,29.8055890149753,126.046117403196,121.808892872071,2612.52093270484,1096.84959418979,34.4203830027389,0.618387042416177,0.392038727485199,0.0696439147159615,0.637805423825333,0.35958018200624,1.84233212366575,0.218803750026493,1.03576714811946,0.573159184031743,1.3944346895686,0.468697162537257,0.00496031436779962,0.36328954412126,0.238763235119331,0.170286890115752,0.143785440953549,0.132821286147006,0.113785293770314,0.0545380978765046,0.0146506338860417,0.00593897740015781,0.00362420241016829,0.00226338171255688,0.00123509476697582,1.17610475115481,0.00515567234012681
5,15.2222222222222,1.1,0.222222222222222,0.0548457369189076,0.169520533666875,0.289178653324995,0.408836772983114,0.528494892641234,0.683050865124036,0.0548457369189076,0.169520533666875,0.289178653324995,0.408836772983114,0.528494892641234,0.683050865124036,0.0548457369189076,0.169520533666875,0.289178653324995,0.408836772983114,0.528494892641234,0.683050865124036,0.777777777777778,1,150.000015727529,201.786272263306,-22.8284598604312,613.49384439121,596.864746338923,6424.41058223102,-13.7377909763566,2.84911821685241,-0.612945414019373,-0.114607845016144,2.90175231746693,-0.270272347286741,6.10921768565775,-0.27395222944485,-100.891079054265,0.42766256221227,5.98264691178002,1173.69805228622,6.82012936152481,1.57752661181127,1.09106536819081,0.856258983439226,0.740895927507552,0.581761785230706,0.486003999583377,0.0719620849996875,0.0191985865778565,0.0175520154150609,0.0185641235287991,0.0165292646599312,0.0192755306738881,4999.98031455057,43.0936100406203,17.3232166618681,23.9402197991083,124.486284057739,119.0328596816,2585.48647315572,776.088346794147,25.3705239688509,0.407541999985875,0.388962240173771,0.0338359468042024,0.436884987607691,0.355691936457467,1.48999797717414,0.229025827491588,1.1726561827836,0.566805572832882,0.911486162072171,0.472322892044403,0.00550010731889752,0.222195041820123,0.152125066767626,0.117220777216398,0.0959978391416776,0.0844210382108884,0.0699377062600592,0.0683436008418903,0.0137274441845083,0.00703899503410672,0.00472421876065123,0.00214815135660533,0.0018168940393228,1.51551969393816,0.0061090437747733
5,15.2222222222222,1.1,0.222222222222222,0.0156702105482593,0.0484344381905357,0.0826224723785699,0.116810506566604,0.150998540754638,0.195157390035439,0.0156702105482593,0.0484344381905357,0.0826224723785699,0.116810506566604,0.150998540754638,0.195157390035439,0.0156702105482593,0.0484344381905357,0.0826224723785699,0.116810506566604,0.150998540754638,0.195157390035439,0.222222222222222,1,150.000015727529,189.159108426206,-17.3785497812728,614.627632538277,439.844217237788,6038.94021456098,-16.7080910998854,2.69876408707427,-0.658584450578065,-0.106417440891574,2.76757900218727,-0.239925255957817,5.67014588063744,-0.27462052365087,-100.91634933861,0.381457377491928,5.74750619727113,1173.59139672951,8.7592651807103,1.49357868971982,0.98898051244662,0.694507624205812,0.655123768357463,0.547361920633267,0.484293292365379,0.0268995364847412,0.0120817886399333,0.00638381558171024,0.00744119820851995,0.00807796969065722,0.00856062910113531,4999.98396000417,43.093577752317,17.3232166618681,31.2288399126248,124.266347743383,119.350274210291,2581.05401906816,996.518296144295,24.2499440422363,0.50425354595692,0.414729891374184,0.0398809445127812,0.545015178910074,0.359477051271787,1.59871841612729,0.286945893909666,1.25595492157687,0.572976995491994,1.14567063738346,0.491601270706392,0.00447873272988884,0.237813948374897,0.166481511893926,0.13043122677053,0.113512504100164,0.100266289708427,0.0887302888721562,0.040107822487253,0.0116633573298184,0.00483332156198303,0.00302862901185313,0.00182924156175961,0.00141175312696031,1.5677588117225,0.00600524256982145
5,3,1.1,0.222222222222222,0.0156702105482593,0.0484344381905357,0.0826224723785699,0.116810506566604,0.150998540754638,0.195157390035439,0.0156702105482593,0.0484344381905357,0.0826224723785699,0.116810506566604,0.150998540754638,0.195157390035439,0.0156702105482593,0.0484344381905357,0.0826224723785699,0.116810506566604,0.150998540754638,0.195157390035439,0.222222222222222,1,150.000015727529,44.8160222893449,-1.55259833767316,204.387406520154,33.9384330361421,1495.70044787001,-14.9460913446516,0.844878991771691,-0.0609586745130716,-0.0112209947922091,0.844878991771691,-0.0609586745130716,-0.33226894179773,-0.0283083024098532,-33.2361181126966,0.105795794240183,1.92112050828039,672.986668055408,-5.00956365691077e-18,0.214446578481408,0.173971607124258,0.195292927820019,0.277673742318509,0.328354306843037,0.416077439850015,0.0120146307676284,0.00807787063847516,0.00600103603791272,0.00600120404124571,0.00727958066868034,0.0081292780752005,19.2314925528591,0.28906765961879,17.3232166618681,3.70114942437973,121.980837921238,120.177681389293,2515.91891476875,45.8859324939687,7.08840435268588,0.0474371692924796,0.329513268069594,0.00171391635807377,0.0474371692924796,0.329513268069594,0.199376300878396,0.047668372389959,0.349327064699072,0.525448576031388,0.0867164245615652,0.0580171590032937,9.03268963304049e-16,0.0353770823446348,0.0310088928442681,0.0247776368210811,0.0249480910893802,0.0271353557121748,0.0522591890379413,0.000849720635223181,0.000319375506087823,0.00020684171069798,0.000235441890230548,0.000364585395771134,0.00146948834856571,0.163945593019684,0.0024535885350092
5,3,1.1,0.5,0.0156702105482593,0.0484344381905357,0.0826224723785699,0.116810506566604,0.150998540754638,0.195157390035439,0.0156702105482593,0.0484344381905357,0.0826224723785699,0.116810506566604,0.150998540754638,0.195157390035439,0.0156702105482593,0.0484344381905357,0.0826224723785699,0.116810506566604,0.150998540754638,0.195157390035439,0.222222222222222,1,150.000015727529,44.5624622435163,-1.50144436308717,204.510023955838,33.1402508072076,1482.52827830434,-15.1872819497969,0.832342922612227,-0.060036941449849,-0.0111281076971149,0.832342922612227,-0.060036941449849,-0.351143730538486,-0.0275887116758671,-33.2536923237162,0.10396029693886,1.88822851786272,673.182376835726,1.4632682668472e-17,0.215385647328403,0.174238757421102,0.195992532027914,0.27836528486616,0.328997302364337,0.410305676492032,0.0120299364649516,0.00808648953234039,0.00600379137589834,0.00600187001354026,0.00733399895844184,0.00837814608894907,20.4051723778773,0.306626226434748,17.3232166618681,0.975700431771289,122.100855616422,120.252668949892,2519.73447407755,108.638807413815,6.89477616637047,0.127444591000033,0.331612588224083,0.00329608748108776,0.127444591000033,0.331612588224083,0.279519413884033,0.0520895406780181,0.35426664379924,0.529132101607336,0.293065533525888,0.0381036970650977,9.05057339111713e-16,0.0570703550838439,0.0605214617101136,0.0549508265733882,0.0595238429639105,0.0663517828510558,0.0934696567634782,0.00132918971484367,0.000617115667777491,0.000447324178580014,0.000516799614592955,0.000814429072775676,0.00137735459504411,0.0852944286199605,0.00127535028618492
5,3,1.27777777777778,0.5,0.0156702105482593,0.0484344381905357,0.0826224723785699,0.116810506566604,0.150998540754638,0.195157390035439,0.0156702105482593,0.0484344381905357,0.0826224723785699,0.116810506566604,0.150998540754638,0.195157390035439,0.0156702105482593,0.0484344381905357,0.0826224723785699,0.116810506566604,0.150998540754638,0.195157390035439,0.222222222222222,1,150.000015727529,47.9125726486824,-1.39164247370066,204.646364961983,31.1925211436309,1628.87292990314,-17.4132651807103,0.933137673159045,-0.0664920567586711,-0.0137647514842204,0.933137673159045,-0.0664920567586711,-0.21085264790126,-0.0311007407999167,-33.3008322049787,0.115916600770753,2.12931517550255,673.633340277059,-2.21785189751067e-18,0.214771971669618,0.173720818664722,0.195585918133528,0.277941026976357,0.32853629830226,0.409764472450786,0.0120310988438704,0.00808770878033538,0.00600439225080722,0.00600254952609103,0.00731917019060515,0.00836729660452037,23.3570003124675,0.350746609728153,17.3232166618681,0.870861203037541,122.189892655941,120.228334136436,2521.7481387556,141.086856734337,7.70650068534439,0.148642450140296,0.332130278733647,0.00418904215064735,0.148642450140296,0.332130278733647,0.287117304375128,0.0524087364035581,0.354678206659779,0.530026633333906,0.345853396849573,0.047145361775745,9.40205868782342e-16,0.0569365263066912,0.0603487435190636,0.0547309612218141,0.0591576468971133,0.0658152121473777,0.0927502872814244,0.00132396952488833,0.000614507767084577,0.000445275533703508,0.000513707550831488,0.000819940706564896,0.0013749962106171,0.100209888587582,0.0014962589510541
-11.6666666666667,3,1.27777777777778,0.5,0.0156702105482593,0.0484344381905357,0.0826224723785699,0.116810506566604,0.150998540754638,0.195157390035439,0.0156702105482593,0.0484344381905357,0.0826224723785699,0.116810506566604,0.150998540754638,0.195157390035439,0.0156702105482593,0.0484344381905357,0.0826224723785699,0.116810506566604,0.150998540754638,0.195157390035439,0.222222222222222,1,150.000015727529,47.3203770440579,-1.61000722424748,204.095888969899,34.8737686178523,1606.77200291636,-18.5350312467451,0.921022997604416,-0.0660971027778358,-0.0137953020518696,0.921022997604416,-0.0660971027778358,-0.228304949441517,-0.030218722580877,-33.2148744922405,0.115192078325175,2.10216758670971,672.769586501418,2.19977112800752e-18,0.196930684303719,0.159591555046349,0.184965086970107,0.268084751588376,0.318941808144985,0.398001406103531,0.0120077304447454,0.00809145859806269,0.00599875169253203,0.00599530548901155,0.00736385147380481,0.00828686043120508,17.7556546193105,0.266977481512342,17.3232166618681,3.65123400993732,122.279225035623,120.327179187205,2530.44686829014,194.636069561669,6.74849375031065,0.20822867474399,0.34155231308968,0.00580754040572873,0.20822867474399,0.34155231308968,0.282965800152128,0.0534662120918319,0.364355377368024,0.547021441828618,0.441924332389158,0.046006406268748,9.48132517059814e-16,0.0222893534011666,0.0379045236986453,0.040942572862731,0.0530431230694586,0.0643004067980673,0.102622676958593,0.000577389351448164,0.000334719028905951,0.000295248776464265,0.000432055534022239,0.000818924517037033,0.00141854696942923,0.088261632093189,0.00132073888343831
1.66666666666667,12.7777777777778,1.31333333333333,0.277777777777778,0.0626808421930373,0.193737752762143,0.33048988951428,0.467242026266416,0.603994163018553,0.780629560141755,0.0626808421930373,0.193737752762143,0.33048988951428,0.467242026266416,0.603994163018553,0.780629560141755,0.0626808421930373,0.193737752762143,0.33048988951428,0.467242026266416,0.603994163018553,0.780629560141755,0.888888888888889,1,150.000015727529,266.375221331111,-43.1351919597854,582.102124778669,1289.09945179669,9023.13477762733,1.72230360774919,4.50065743151755,-0.493178705104989,-0.277253890219769,4.50065743151755,-0.493178705104989,12.1003043432976,-0.550319966670138,-97.1543651702947,0.801099684095407,9.62421383189252,1156.00270805124,1.93085125403604e-17,1.60759483387147,1.24550994688053,1.05085019268826,0.954624184980732,0.808450317675242,0.696389178210603,0.0973074948259347,0.0294169877367983,0.0303581455056765,0.0359035194250599,0.0363987584626602,0.0442433486095199,4692.90657223206,41.0665024476617,17.3232166618681,14.0560212303699,124.435287489799,121.284603651844,2589.24928490083,631.946770701272,38.1032531709075,0.405197651653417,0.353850312778774,0.0504998201494326,0.405197651653417,0.353850312778774,1.51754091703173,0.157499094839459,0.933953355573373,0.565964757695984,0.87437205765547,0.143588529118965,1.37357207825194e-15,0.182390770937864,0.105111651600053,0.0826313988332519,0.0714482439895651,0.0579020541891749,0.0479832383989626,0.0724881344368497,0.0160812540006832,0.00896774744561337,0.00688762171987595,0.00671817321555925,0.00791365085655138,4.4423060276093,0.0351377530117773
1.66666666666667,12.7777777777778,1.31333333333333,0,0.0626808421930373,0.193737752762143,0.33048988951428,0.467242026266416,0.603994163018553,0.780629560141755,0.0626808421930373,0.193737752762143,0.33048988951428,0.467242026266416,0.603994163018553,0.780629560141755,0.0626808421930373,0.193737752762143,0.33048988951428,0.467242026266416,0.603994163018553,0.780629560141755,0.888888888888889,1,150.000015727529,269.92862201854,-43.421581530049,582.698645974378,1298.22154108947,9157.56358712634,4.46507098927195,4.57689855223413,-0.499657931465473,-0.284457837725237,4.57689855223413,-0.499657931465473,12.3917566920113,-0.561391135517134,-97.2916362878864,0.812060512446619,9.79456546193108,1157.04187063848,-1.2001037413811e-17,1.63377419018852,1.25271961254036,1.06394909905219,0.970143224664098,0.820965430684302,0.709876127486719,0.08446574664712,0.0283971350900948,0.0321849713571503,0.037613696489949,0.0394556858660556,0.0478757868971982,4746.12561191543,41.4950338506404,17.3232166618681,8.63365154659678,123.09752036963,117.542603997089,2528.81753212558,179.442781453117,40.7201005589401,0.0981491622002559,0.333531107141092,0.0142637778886736,0.0981491622002559,0.333531107141092,1.41656884325121,0.381846622597673,1.05032712136095,0.531839337804316,0.143485833761842,0.729523817532497,1.33631724599005e-15,0.148242115601306,0.0575726562673913,0.0319059574092148,0.024626134368467,0.0200065507929177,0.0183100083868653,0.055849712628134,0.010376956799542,0.0049440595121941,0.00358977115553653,0.00257386653266564,0.00228430536213947,7.75685524787324,0.0586550775708984
1.66666666666667,12.7777777777778,1.13555555555556,0,0.0626808421930373,0.193737752762143,0.33048988951428,0.467242026266416,0.603994163018553,0.780629560141755,0.0626808421930373,0.193737752762143,0.33048988951428,0.467242026266416,0.603994163018553,0.780629560141755,0.0626808421930373,0.193737752762143,0.33048988951428,0.467242026266416,0.603994163018553,0.780629560141755,0.888888888888889,1,150.000015727529,236.741245703573,-36.6252388982398,571.716883657952,1108.8010249974,7996.61785230705,4.57008140219769,3.97613488178314,-0.432026142776794,-0.214779137589835,3.97613488178314,-0.432026142776794,10.010312050828,-0.480409722289345,-95.4500260389544,0.701466986412874,8.49586418081449,1144.00322883033,-1.42317985324446e-17,1.6368519945839,1.27025132798667,1.07804301635246,0.981705155712949,0.83033100718675,0.717248494948445,0.101396576492032,0.030139813769399,0.0331899666701385,0.0384930215602541,0.040232929903135,0.0487357337777315,4085.56296219144,36.1264899489637,17.3232166618681,8.07526887259661,124.250864733312,116.732873071545,2554.40531930465,165.422811462311,35.5338094183107,0.0968296239579747,0.336947473445651,0.0123602836370977,0.0968296239579747,0.336947473445651,1.22152156845365,0.317123197310314,1.01764991184194,0.537369122058137,0.13803318928031,0.69438971303493,1.41304970603377e-15,0.157608239488343,0.0565346322192277,0.0305014535757561,0.0230176580648608,0.018795656577054,0.0168974226361597,0.0637536178468338,0.0107174947834381,0.00490179757195143,0.00341002801864921,0.00231402850119802,0.00198317946677845,7.19156181862983,0.0562056411018904
1.66666666666667,25,1.13555555555556,0,0.0626808421930373,0.193737752762143,0.33048988951428,0.467242026266416,0.603994163018553,0.780629560141755,0.0626808421930373,0.193737752762143,0.33048988951428,0.467242026266416,0.603994163018553,0.780629560141755,0.0626808421930373,0.193737752762143,0.33048988951428,0.467242026266416,0.603994163018553,0.780629560141755,0.888888888888889,1,150.000015727529,145.259158420998,-7.0804196687845,621.038818873034,68.0315829601083,3323.07322153942,-43.5820529111551,0.560553504843245,-0.261584652463285,-0.00570051244662014,0.617956077491928,-0.0278827088157484,-3.13570567847099,-1.30200325174461,-101.039066763879,0.00557093074679721,0.582173275852516,1173.72377877304,22.4328049161547,1.57497469013644,0.94998190813457,0.528712144568274,0.287594708884491,0.0737977450265598,0.00467584706124362,0.0790923814061035,0.0178941697739819,0.012359642953859,0.00685884345380689,0.0111157587751276,0.00714616737839808,4999.94948442871,43.0934621393609,17.3232166618681,39.7871654064893,113.164989557857,116.895529026904,2340.92847889385,697.926301888111,12.4894487978734,0.0947303521980075,0.38068225309335,0.00327133089367505,0.22535831608793,0.321099406729321,2.8343659026385,0.573934735684609,1.26404918310679,0.507725380970598,0.335569461677987,1.45928997097455,0.00738638674605119,0.182644151074827,0.149741885300257,0.0972142342993595,0.0613443231644232,0.0381855020967816,0.0333763403003791,0.0677094244389696,0.0112440710675174,0.00506752902244655,0.00088105822024989,0.000256645446360993,0.00200898667274135,5.77475197833139,0.0180708054366976
1.66666666666667,25,1.13555555555556,0,0.023505315822389,0.0726516572858036,0.123933708567855,0.175215759849906,0.226497811131957,0.292736085053158,0.023505315822389,0.0726516572858036,0.123933708567855,0.175215759849906,0.226497811131957,0.292736085053158,0.023505315822389,0.0726516572858036,0.123933708567855,0.175215759849906,0.226497811131957,0.292736085053158,0.333333333333333,1,150.000015727529,150.658869909384,-6.80985163212166,620.919664618269,-9.40351454848457,3499.89896885741,-40.0991407145089,0.612518550151026,-0.261156625971253,-0.00621959775023435,0.665828705343194,-0.00741909488000208,-3.01819552754921,-1.24281145297365,-101.044878658473,-0.0293958779387564,0.645115310759296,1173.68930319758,22.4532184147479,1.59543839183418,1.00265719195917,0.525760972815333,0.330327559629205,0.0913486449328195,0.00766031783668369,0.0652105745356421,0.0130515333077388,0.00824323987084678,0.00601516894073534,0.0101769986459744,0.00707881210290595,4999.95927507551,43.0935944172487,17.3232166618681,38.6081508776516,112.629260992093,117.007874471176,2324.2062983186,659.78103391073,13.4309679480657,0.0816007368904497,0.369559085825231,0.0031500970183226,0.206821227162697,0.316947393282836,3.2974163828158,0.545495024621065,1.23837667951996,0.5012814026038,0.300042971138029,1.38045099206716,0.00703377998388631,0.188033287669356,0.159374355824154,0.101892444869636,0.0691908267400459,0.0470326888693192,0.0313165247516375,0.0617023726101624,0.0114830997546298,0.003291794400516,0.000939393671026365,0.000510193157966339,0.00160813202035758,5.47327861594519,0.0170820832696022
-15,25,1.13555555555556,0,0.023505315822389,0.0726516572858036,0.123933708567855,0.175215759849906,0.226497811131957,0.292736085053158,0.023505315822389,0.0726516572858036,0.123933708567855,0.175215759849906,0.226497811131957,0.292736085053158,0.023505315822389,0.0726516572858036,0.123933708567855,0.175215759849906,0.226497811131957,0.292736085053158,0.333333333333333,1,150.000015727529,149.78923133007,-6.74533011873764,620.296510780127,14.9224007811686,3605.9092802833,-40.0019302199771,0.72667448182481,-0.307692818794917,-0.0104132242578898,0.788820258306427,-0.0222253286047287,-2.54868869119884,-1.14052435731695,-101.068769919799,-0.00355199268097073,0.941353767940839,1173.69024059994,21.3351859181335,1.47190957191959,1.01932019581294,0.57272558066868,0.376077325278616,0.15704673133007,0.0293570933672117,0.174726565151547,0.0239128537730445,0.00763575764159983,0.00742031038433497,0.00821842787209667,0.0097913805853557,4999.96385793147,43.0933663160095,17.3232166618681,38.8459473298149,111.117031530152,117.216677768989,2263.2849276244,1031.12110507524,29.5145857365386,0.436922625426026,0.330057197347844,0.00824230184375915,0.46117118806471,0.295229115215947,3.23726619925423,0.556695404800625,1.07392737052455,0.466962312149952,0.969690646353499,1.08381922809526,0.00499680247895806,0.446956878870688,0.408946937650793,0.28912753112406,0.204470889557483,0.128163915070909,0.0809893168974274,0.210148625924997,0.040130141075406,0.0107691605237383,0.00442318036453333,0.00190910953469099,0.00188088052466295,4.46213769190066,0.0139977701594655
8.33333333333333,17.6666666666667,1.42,0.222222222222222,0.0626808421930373,0.193737752762143,0.33048988951428,0.467242026266416,0.603994163018553,0.780629560141755,0.0626808421930373,0.193737752762143,0.33048988951428,0.467242026266416,0.603994163018553,0.780629560141755,0.0626808421930373,0.193737752762143,0.33048988951428,0.467242026266416,0.603994163018553,0.780629560141755,0.888888888888889,1,150.000015727529,174.004543276742,-12.5536977782522,619.093052807,226.806839495886,4879.1302989272,-45.3856025414019,1.63731555046349,-0.514651355975419,-0.0436305802520571,1.71168605353609,-0.125764649650037,1.12818766394855,-0.505921955806687,-101.09079158421,0.176079485564004,3.12507116966983,1173.69409436517,13.2469065722323,1.46284448494949,0.871908874075615,0.576085959795855,0.428585470263514,0.26405576294136,0.180245317154463,0.0647278377450265,0.0179893896420165,0.0131102541401937,0.0108266292052911,0.0102575960837413,0.00881130923862098,4999.99750026039,43.0931246745129,17.3232166618681,46.875729322351,122.351465394541,118.736150089978,2547.74987920002,1422.09154351068,21.0146701986059,0.625051409201369,0.477461682371527,0.0293155335803684,0.698039903206842,0.362500447905335,1.8602284584252,0.419570453477907,1.54212217765947,0.576611379823915,1.42845330020649,0.621033677168666,0.00463372145360502,0.326744828878757,0.23087215545169,0.178258670268149,0.137730288782968,0.105311378166446,0.0849972006495282,0.0769710374061544,0.0158396834483876,0.00797721710790524,0.00536608136197452,0.00373046325647048,0.00272446534324608,2.16087221988039,0.00728625821758479
-8.33333333333333,17.6666666666667,1.42,0.222222222222222,0.0626808421930373,0.193737752762143,0.33048988951428,0.467242026266416,0.603994163018553,0.780629560141755,0.0626808421930373,0.193737752762143,0.33048988951428,0.467242026266416,0.603994163018553,0.780629560141755,0.0626808421930373,0.193737752762143,0.33048988951428,0.467242026266416,0.603994163018553,0.780629560141755,0.888888888888889,1,150.000015727529,176.172825747318,-12.278553948547,619.166826372253,213.647780710343,4951.06853452765,-44.1190542651807,1.66866199354234,-0.520643531295698,-0.0421411433184044,1.74348329340694,-0.125550506226435,1.23793353439225,-0.494458836652432,-101.093215290074,0.175707644664097,3.19148619935424,1173.67680449953,13.2100354129777,1.49617206540985,0.864053577752317,0.568520747838767,0.4226482345589,0.260896312884074,0.178835107801271,0.038862072963233,0.0175613385064056,0.0158273968336632,0.00844773159045932,0.00757673002812208,0.00951994906780544,5000.00031246745,43.0936402458078,17.3232166618681,34.4725436341456,120.049552994167,118.365054907917,2485.04957398312,999.130532164106,19.2584266118451,0.458171238869523,0.429735942107554,0.0226502974522383,0.522999321940313,0.347949031265098,1.6501977785455,0.369414875873477,1.38667130072326,0.554502503805911,1.08090868121559,0.688153050597341,0.0066987868894582,0.223583513421146,0.0952738497916687,0.0515669107073422,0.0484388083399386,0.0503009696823738,0.0537577654387731,0.0488393757654251,0.0083997738916112,0.00308601185371292,0.00369845986725821,0.00153128367317509,0.00147723886637982,2.73089955918449,0.00976853691396902
-8.33333333333333,5.44444444444444,1.42,0.222222222222222,0.0626808421930373,0.193737752762143,0.33048988951428,0.467242026266416,0.603994163018553,0.780629560141755,0.0626808421930373,0.193737752762143,0.33048988951428,0.467242026266416,0.603994163018553,0.780629560141755,0.0626808421930373,0.193737752762143,0.33048988951428,0.467242026266416,0.603994163018553,0.780629560141755,0.888888888888889,1,150.000015727529,86.3052400791585,-10.3230658598063,245.515977502343,276.24547734611,2986.71784189147,-16.137787211228,1.60287563795438,-0.148319844563066,-0.0370035600458285,1.60287563795438,-0.148319844563066,0.722896913540256,-0.0677898504457869,-39.4153931882096,0.247337077450266,3.53663014269347,733.051963337141,2.13085903989168e-17,0.83883933965212,0.624530975940006,0.592035912925737,0.602199083428809,0.551547776273304,0.526449359441725,0.0124781526924279,0.0163469520883241,0.0158092987188835,0.0171448588688678,0.0180186970107281,0.0223595625455681,441.082814290179,6.08674565149458,17.3232166618681,2.62129927373052,122.771546343399,119.830073405206,2543.01030868041,172.501390282346,13.4058666736655,0.168737945097728,0.3399550263844,0.00815397519438137,0.168737945097728,0.3399550263844,0.323983910613311,0.0641761937073957,0.421742928797976,0.543237886710491,0.346320727378765,0.11934957892274,1.10761189329747e-15,0.0499783847355257,0.022080504381117,0.0268118306777826,0.0343665780166789,0.036528601543607,0.0360637870922258,0.00697951238092122,0.00225074571285924,0.00166212217440017,0.00154789791039894,0.00114280005175538,0.00102036328103296,0.49428234570851,0.00621757322157245
-8.33333333333333,5.44444444444444,1.42,0.5,0.0626808421930373,0.193737752762143,0.33048988951428,0.467242026266416,0.603994163018553,0.780629560141755,0.0626808421930373,0.193737752762143,0.33048988951428,0.467242026266416,0.603994163018553,0.780629560141755,0.0626808421930373,0.193737752762143,0.33048988951428,0.467242026266416,0.603994163018553,0.780629560141755,0.888888888888889,1,150.000015727529,85.7901406103531,-9.07767850609311,247.04126445162,251.041740433288,2962.89501093636,-16.6597410670243,1.58525872304968,-0.143804024103739,-0.0372884449536507,1.58525872304968,-0.143804024103739,0.706435186214978,-0.0691497008762629,-39.5519810436413,0.239837335965003,3.49517456514947,734.358139777111,7.42194371003021e-18,0.828873263201749,0.614979043849598,0.582020851994584,0.590102676804499,0.537608394958858,0.511427143005938,0.0122568313238204,0.0161993093427768,0.0149230710342673,0.015018878137694,0.0171780397875221,0.0235372190396834,451.005082803874,6.21260014581818,17.3232166618681,8.23973711219863,123.482255653748,120.019602673484,2564.43400711035,441.538561709109,12.8523569423444,0.320658887314455,0.347001877931509,0.014504217244058,0.320658887314455,0.347001877931509,0.3670261820267,0.0632601304571791,0.427415137842924,0.555032279954949,0.703547043368222,0.096050321240096,1.13369512761494e-15,0.0518799366995003,0.0727917496495586,0.0920719118890177,0.105660042787197,0.10459559954463,0.0941520290134373,0.00654044653491961,0.00424244902222432,0.00432644761346268,0.00547222196771093,0.00324927772276652,0.00436581722910547,0.37627726357077,0.00471201876185439
-8.33333333333333,5.44444444444444,1.42,0.5,0.023505315822389,0.0726516572858036,0.123933708567855,0.175215759849906,0.226497811131957,0.292736085053158,0.023505315822389,0.0726516572858036,0.123933708567855,0.175215759849906,0.226497811131957,0.292736085053158,0.023505315822389,0.0726516572858036,0.123933708567855,0.175215759849906,0.226497811131957,0.292736085053158,0.333333333333333,1,150.000015727529,94.1569721903967,-0.923936441204042,248.725032809082,102.956592542443,3378.05832725758,-13.4041640272888,1.91375179668784,-0.149393456188939,-0.0549073554838037,1.91375179668784,-0.149393456188939,1.31287199250078,-0.0924718473065306,-40.789044891157,0.255868643266326,4.31564337048224,745.700541610223,1.63162165222373e-17,0.794831173836059,0.618587355483805,0.541164462035204,0.613815946255599,0.614094990105198,0.645392886157692,0.0123077700885324,0.0119495802520571,0.00822715352567441,0.00881106176439954,0.0100303637121133,0.0115799821893553,538.762108113742,7.30846307676291,17.3232166618681,10.8861386255717,122.357012027733,121.877308766514,2550.55551092954,568.157893193059,14.8658299195363,0.418568011639525,0.351452469919091,0.0231013380978691,0.418568011639525,0.351452469919091,0.473555882421206,0.0587935190300282,0.448996211664129,0.563543977537661,0.935433011525752,0.0313534680875096,1.19173737324962e-15,0.050165053095248,0.0734572326148548,0.0901951309051926,0.116718808872644,0.128171884742482,0.12285743616592,0.00595000417780009,0.0036467327090838,0.00308817191905434,0.00326666182852066,0.00253088814812601,0.00168651132945208,0.115169680877957,0.00140761177444068
-8.33333333333333,5.44444444444444,1.24222222222222,0.5,0.023505315822389,0.0726516572858036,0.123933708567855,0.175215759849906,0.226497811131957,0.292736085053158,0.023505315822389,0.0726516572858036,0.123933708567855,0.175215759849906,0.226497811131957,0.292736085053158,0.023505315822389,0.0726516572858036,0.123933708567855,0.175215759849906,0.226497811131957,0.292736085053158,0.333333333333333,1,150.000015727529,85.0560618685553,-5.53124958754296,249.390026038954,188.262883314238,3008.04718258515,-12.2442785033851,1.68678627226331,-0.144435744374544,-0.0428513071555046,1.68678627226331,-0.144435744374544,0.917783898927195,-0.0785436771548798,-39.8976200395792,0.245200860556192,3.78846984689095,737.604822414356,2.70854296427455e-18,0.811104176648265,0.630430132277888,0.550119081345693,0.62206515987918,0.621037537756484,0.651455515050515,0.0123245935873346,0.0118262655973336,0.00809379700031246,0.00871895437975209,0.00997495927507551,0.0115245258827205,475.926455577551,6.52693396521199,17.3232166618681,8.95211881576583,124.146203909964,119.668235731165,2583.64391689746,483.741611428807,13.355288831276,0.365428010670177,0.353201212034469,0.0179017618956417,0.365428010670177,0.353201212034469,0.408490790352663,0.0592119976616146,0.433203055485191,0.565849120991327,0.812115058268677,0.0302192030152862,1.17300319173819e-15,0.0506086442740973,0.0738727458995733,0.0914736979639375,0.118671170588091,0.130421930675737,0.125524913218817,0.00623980167171717,0.00381439540426471,0.00326067095171367,0.00335520179351559,0.00263579868440203,0.00175577454251613,0.113321207977513,0.00140208676117873
15,25,1.31333333333333,0.277777777777778,0.0156702105482593,0.0484344381905357,0.0826224723785699,0.116810506566604,0.150998540754638,0.195157390035439,0.0156702105482593,0.0484344381905357,0.0826224723785699,0.116810506566604,0.150998540754638,0.195157390035439,0.0156702105482593,0.0484344381905357,0.0826224723785699,0.116810506566604,0.150998540754638,0.195157390035439,0.222222222222222,1,150.000015727529,144.55899355588,-10.4470513311114,618.266743047599,159.869680210395,3174.97056400375,-57.3781661719613,0.346615920477034,-0.162681878682429,-0.0467001490469742,0.38230395711905,-0.0212920160295802,-4.21403916821165,-1.36773108354338,-100.920732215394,-0.0151696159056348,-0.0995825563066347,1173.69753150713,21.9549421935208,1.41969793771482,0.951016717008645,0.516518272367461,0.304136734631809,0.0904433068210604,-0.0657074684462036,0.181150605478596,0.0305749958696074,0.00776321728984481,0.00736201827210708,0.00751075887928341,0.00899663410061453,5000.00447870014,43.093523591292,17.3232166618681,110.885835454961,118.428566107647,115.905724859984,2474.31298969727,3637.38477093704,39.7326404057707,1.5581889332337,0.993880565847042,0.0329642496451012,1.80345644166775,0.404074800039798,4.11974957656003,1.25186714249573,3.3714855490651,0.646995684378366,3.80222359631746,0.703831145167808,0.00499992622241926,0.540575753888,0.51302222780253,0.424370536690068,0.344633113365184,0.267922118745646,0.239317968318177,0.21247388415702,0.0501576994612827,0.0136592330702014,0.0055788306159192,0.00220372787422258,0.0018988510391044,2.70733585636426,0.00702597047398244
15,25,1.31333333333333,0,0.0156702105482593,0.0484344381905357,0.0826224723785699,0.116810506566604,0.150998540754638,0.195157390035439,0.0156702105482593,0.0484344381905357,0.0826224723785699,0.116810506566604,0.150998540754638,0.195157390035439,0.0156702105482593,0.0484344381905357,0.0826224723785699,0.116810506566604,0.150998540754638,0.195157390035439,0.222222222222222,1,150.000015727529,152.164538068951,-7.71823212686178,620.501385272368,31.5112908030413,3478.9953858973,-55.029610457244,0.545346730548901,-0.230559257999584,-0.0102524458389751,0.592001680189564,-0.0098790117654411,-3.38131562016457,-1.24990601978961,-101.023578793876,-0.0291234115123425,0.422300302786168,1173.72450786376,21.9615883762105,1.44450106238933,0.976225747317988,0.506076773252787,0.309013902093532,0.102655117197167,-0.016982310518071,0.158244945317155,0.0176663102010207,0.00653041953077804,0.00657868440787418,0.00841553567336736,0.00837298041870637,4999.97573169462,43.0934746380589,17.3232166618681,62.8222749446938,116.390287445946,116.893413002141,2422.39669435072,1639.97815148574,28.0070424237799,0.514438139509208,0.531985271133025,0.0081431831079272,0.653943334560741,0.346431329863852,3.03108757405905,0.703860842883084,1.78029650013706,0.547407423061524,1.22054895018196,1.05939857641692,0.00627393137302647,0.488609363317761,0.414615313661258,0.268952943601826,0.177372902050048,0.0955014035400742,0.0542921003921621,0.183387012954245,0.0307468270461598,0.00766804241729596,0.00227429970622268,0.00169330640839503,0.00190042834059628,3.98668807675466,0.0135718998699488
15,25,1.31333333333333,0,0.0548457369189076,0.169520533666875,0.289178653324995,0.408836772983114,0.528494892641234,0.683050865124036,0.0548457369189076,0.169520533666875,0.289178653324995,0.408836772983114,0.528494892641234,0.683050865124036,0.0548457369189076,0.169520533666875,0.289178653324995,0.408836772983114,0.528494892641234,0.683050865124036,0.777777777777778,1,150.000015727529,149.288601187376,-7.44788258420997,620.606905530674,79.0064631913343,3379.68206436829,-56.997594000625,0.519062726635767,-0.234938996698261,-0.00899600076033746,0.569224478387668,-0.0247019779825018,-3.42690838756379,-1.28178030101031,-101.02325174461,-0.00374448185605665,0.40266822091553,1173.72981981044,21.86725549422,1.43554829705239,0.931938579314654,0.518645483803771,0.287128608478284,0.0896622464497866,-0.0152993698894907,0.181707696742319,0.0244892425955005,0.0114391540360379,0.0082250487449224,0.00911962972607023,0.00846619445891054,4999.98666805541,43.093537131549,17.3232166618681,59.663085749197,115.738426596262,116.845280968469,2411.35065050759,1511.49204851846,26.1044714189874,0.460042975772825,0.507546562125615,0.00679904743169053,0.592892607915685,0.343108043851863,3.32986533471041,0.656000348615271,1.70186387652545,0.542134204791919,1.09661074766072,0.900645173164785,0.00516783191846421,0.475059675483277,0.391669147044924,0.266502908302685,0.163708455593132,0.0819998149188737,0.0529618317217166,0.202253034267215,0.0314786917293291,0.0100224664328049,0.00331199644017125,0.00232393837789153,0.00247002825481362,3.41107713790509,0.0118492220762716
15,25,1.13555555555556,0,0.0548457369189076,0.169520533666875,0.289178653324995,0.408836772983114,0.528494892641234,0.683050865124036,0.0548457369189076,0.169520533666875,0.289178653324995,0.408836772983114,0.528494892641234,0.683050865124036,0.0548457369189076,0.169520533666875,0.289178653324995,0.408836772983114,0.528494892641234,0.683050865124036,0.777777777777778,1,150.000015727529,147.597498177273,-6.60985130298926,620.402291427976,62.9369368815748,3536.84324549526,-45.0352942401833,0.717673742318508,-0.318370868301219,-0.0106197104468284,0.784219453060098,-0.0376184170315592,-2.5071555220175,-1.15246597781481,-101.065840016665,0.023029296167066,0.965220609801062,1173.74304759921,21.1763732944482,1.46139968753255,0.987781460264557,0.581457421101968,0.347662610144776,0.128902431710238,0.0269596648351526,0.199350211665764,0.0290043950513489,0.0123967067597125,0.00912751963337153,0.00976993375690033,0.00932803385064055,5000.00416623268,43.0930215602544,17.3232166618681,53.0568851364841,115.949412714053,117.086916624996,2414.23581622988,1277.02400627904,22.0004784924143,0.3562639932384,0.464887450183865,0.00861146018710062,0.47741798682462,0.339284550781923,2.88499833606868,0.60369079501194,1.55120300258735,0.535310159029626,0.838234341774603,0.903644151664954,0.00552002144372834,0.456807190396363,0.383856334787173,0.263509945897396,0.164503545077615,0.0942875773476848,0.0418209289072343,0.214211369017623,0.0351677795486255,0.0108173559054422,0.0042652837755651,0.00148246153118546,0.00270409339158552,3.41424456857309,0.012350120347876
15,12.7777777777778,1.13555555555556,0,0.0548457369189076,0.169520533666875,0.289178653324995,0.408836772983114,0.528494892641234,0.683050865124036,0.0548457369189076,0.169520533666875,0.289178653324995,0.408836772983114,0.528494892641234,0.683050865124036,0.0548457369189076,0.169520533666875,0.289178653324995,0.408836772983114,0.528494892641234,0.683050865124036,0.777777777777778,1,150.000015727529,236.494354754713,-35.6042796342048,570.488855327571,1102.74616494115,8072.8294969274,2.98799586126445,4.0916327465889,-0.442800171023852,-0.228629132382044,4.0916327465889,-0.442800171023852,10.5114929694823,-0.499131679527132,-95.3229319862513,0.722548363712112,8.80787636704509,1143.64462035205,-1.41656363920427e-18,1.58891355067181,1.23520625976461,1.0599764816165,0.982457660660347,0.850671648786584,0.756345130715551,0.131679146742006,0.0272303240904906,0.0265752187272159,0.0321743672534111,0.0334442516404541,0.0405776023330903,4068.15394229768,35.9835329653162,17.3232166618681,14.0148799422098,122.726849915804,115.762569848232,2496.61241161666,398.909431539926,36.5202363063914,0.164737142601628,0.317351548754259,0.0176471258922686,0.164737142601628,0.317351548754259,1.32349959646825,0.314573480054354,1.0160956814253,0.50456369823236,0.381787227808195,0.601512385677338,1.46547554287104e-15,0.32290387505531,0.141742765289284,0.0804313748441988,0.0588965529543276,0.0438118454097554,0.0400264576234439,0.126808408033293,0.0201817277058195,0.00832571168611299,0.00535078803562561,0.00445120986418343,0.00490976864702006,6.7690354532301,0.0523376077903488
-1.66666666666667,12.7777777777778,1.13555555555556,0,0.0548457369189076,0.169520533666875,0.289178653324995,0.408836772983114,0.528494892641234,0.683050865124036,0.0548457369189076,0.169520533666875,0.289178653324995,0.408836772983114,0.528494892641234,0.683050865124036,0.0548457369189076,0.169520533666875,0.289178653324995,0.408836772983114,0.528494892641234,0.683050865124036,0.777777777777778,1,150.000015727529,245.748765753567,-40.477753403083,577.730955108843,1227.77778793876,8369.21851890428,5.08143844078742,4.22440974898448,-0.46916084140225,-0.243361358191855,4.22440974898448,-0.46916084140225,11.0664974481825,-0.523080555671285,-96.3613311113426,0.764264857303926,9.07531142589314,1150.29496927403,-4.72006366836793e-18,1.64484814081866,1.27354431830018,1.09283907926257,1.00856656598271,0.867715185918132,0.768659775023436,0.0860008559525049,0.0270258754296427,0.0299014488074159,0.0343645089053223,0.035774787001354,0.0429470628059577,4403.94438079367,38.7280356212894,17.3232166618681,7.13671761527852,123.749167599674,117.846994879369,2549.81499441219,158.575601563359,37.620573838193,0.120790168460078,0.33909380748362,0.0161486195355864,0.120790168460078,0.33909380748362,1.26580421250466,0.356211646036043,1.03964047213032,0.541114968605784,0.192823315832942,0.706417532926982,1.38913502120467e-15,0.127333808595309,0.0580493175675535,0.0333943270778959,0.0265867490641494,0.0215558197040583,0.0199202585981218,0.0551515024976162,0.0110676525496744,0.0053250301969712,0.00369921044376207,0.00260994139839659,0.00230699613881179,7.58736819863431,0.0582469167795595
11.6666666666667,5.44444444444444,1.42,0.277777777777778,0.023505315822389,0.0726516572858036,0.123933708567855,0.175215759849906,0.226497811131957,0.292736085053158,0.023505315822389,0.0726516572858036,0.123933708567855,0.175215759849906,0.226497811131957,0.292736085053158,0.023505315822389,0.0726516572858036,0.123933708567855,0.175215759849906,0.226497811131957,0.292736085053158,0.333333333333333,1,150.000015727529,92.7777700239557,-2.03346191271741,249.679657327362,121.139941339444,3322.19404228726,-11.9540232770545,1.88208988647016,-0.149100241224872,-0.0511291865430684,1.88208988647016,-0.149100241224872,1.24193524372461,-0.08887093163108,-40.3844162066453,0.255141190004479,4.24428549109467,742.07840849911,4.27426424330786e-19,0.799550942610145,0.623199406311843,0.545995521299865,0.619566399333402,0.621650130194771,0.654667847099262,0.012996143659348,0.0121829426101448,0.00831509832309134,0.00928308238725132,0.010116547859598,0.0115651244662014,510.44093323612,6.95815779606284,17.3232166618681,2.82320718104526,122.384998053609,120.203352300025,2519.76444812276,239.42515434091,15.9263099669373,0.18592362887419,0.329092704883973,0.0100699346982889,0.18592362887419,0.329092704883973,0.368304960542061,0.0583995355411863,0.414910852980072,0.524469627734715,0.438828297912571,0.0944027728817408,1.22989252666888e-15,0.147980205198607,0.111174020668151,0.0938219742314622,0.0998463618622511,0.0977305777072533,0.0857730411490597,0.0137515101191523,0.00549086546310266,0.00330297492152249,0.00281067039044646,0.00196409645316074,0.00121958457221194,0.404211325479986,0.00497238141894696
11.6666666666667,5.44444444444444,1.42,0,0.023505315822389,0.0726516572858036,0.123933708567855,0.175215759849906,0.226497811131957,0.292736085053158,0.023505315822389,0.0726516572858036,0.123933708567855,0.175215759849906,0.226497811131957,0.292736085053158,0.023505315822389,0.0726516572858036,0.123933708567855,0.175215759849906,0.226497811131957,0.292736085053158,0.333333333333333,1,150.000015727529,94.4902364337049,-1.55642336527445,249.376108738673,115.043911144672,3396.94844287053,-11.078888786793,1.93186865951464,-0.152174952728882,-0.0533160014581815,1.93186865951464,-0.152174952728882,1.31818578054369,-0.0913078558493907,-40.50483491303,0.260763339277158,4.36146182689303,743.187605457777,1.68087502249766e-17,0.794560202062285,0.623276023330903,0.549477960629102,0.62804902614311,0.635930580147901,0.670138131444641,0.0126932237795542,0.0119404550567649,0.00823098968857413,0.00943576669096969,0.0100871900843662,0.0115230444745339,519.050348921985,7.06498448078327,17.3232166618681,6.7307481642343,121.389401840028,119.853094259799,2487.87737839619,182.851584704879,16.6015575137022,0.0594761553934011,0.318972740938355,0.00297197470821134,0.0594761553934011,0.318972740938355,0.432292172284955,0.067645071488282,0.414128095538429,0.507397635932962,0.197933052197042,0.114330045570728,1.09832847080951e-15,0.104300549436876,0.0578187740564671,0.0408732210831925,0.0449884712470345,0.043705969035596,0.0502793227153715,0.00962689683761733,0.00303635163928372,0.00163802046035436,0.00148497808827085,0.00116989120888867,0.00096984211075445,0.452820021631957,0.00554202399509033
11.6666666666667,17.6666666666667,1.42,0,0.023505315822389,0.0726516572858036,0.123933708567855,0.175215759849906,0.226497811131957,0.292736085053158,0.023505315822389,0.0726516572858036,0.123933708567855,0.175215759849906,0.226497811131957,0.292736085053158,0.023505315822389,0.0726516572858036,0.123933708567855,0.175215759849906,0.226497811131957,0.292736085053158,0.333333333333333,1,150.000015727529,172.070055202583,-10.4161107801271,619.424414123529,169.614038995938,4893.16883657952,-43.4057139881262,1.68344234975523,-0.54291068326216,-0.0401998708467868,1.76453306947193,-0.123037108004375,1.34531538698052,-0.510609616331632,-101.100607228414,0.172968388598063,3.25962951775857,1173.66388917821,13.8857806478491,1.4184931673784,0.844080252057076,0.506535163003853,0.427519404228726,0.279835454640142,0.208793167378398,0.0435746152837204,0.0127414214963858,0.00765002989271952,0.00701469701072805,0.00793404030830122,0.00901103155921259,5000.00177064889,43.0934121445683,17.3232166618681,32.0396368140158,120.99748327916,117.751486339402,2497.14665810193,671.879235282458,20.7094057825852,0.172092395949999,0.376866763523198,0.0107361575860493,0.241448882131058,0.33667085597466,1.58883411705358,0.349024590027428,1.22717347829008,0.532691414972912,0.382281799581292,0.658151639860125,0.00493894013143644,0.360079920982797,0.209672088881213,0.12128660258049,0.0762711430625088,0.046390348461049,0.0265633279317637,0.0632143790602989,0.0125778817289816,0.00372923882521092,0.00194625143720789,0.000707762448039055,0.000383142689564101,2.51948593258145,0.00901975923518856
-5,17.6666666666667,1.42,0,0.023505315822389,0.0726516572858036,0.123933708567855,0.175215759849906,0.226497811131957,0.292736085053158,0.023505315822389,0.0726516572858036,0.123933708567855,0.175215759849906,0.226497811131957,0.292736085053158,0.023505315822389,0.0726516572858036,0.123933708567855,0.175215759849906,0.226497811131957,0.292736085053158,0.333333333333333,1,150.000015727529,171.298198104364,-10.146363420477,619.738214769294,153.043546963858,4813.94563066347,-42.1158099156337,1.60554619310488,-0.527179029267785,-0.0360253046557651,1.68601958129361,-0.114136058844912,0.996966763045516,-0.542181840557234,-101.108806374337,0.156924005386939,3.06259754192272,1173.69773981877,14.3047078429331,1.44648359545881,0.840736214977607,0.500056358712634,0.418099281324863,0.26780748880325,0.193831153004895,0.0217747650578065,0.0125858995937923,0.00844277106551401,0.00666725122383084,0.00808466336839913,0.00919373304864077,5000.01051973753,43.0937183626707,17.3232166618681,23.4842553170097,117.536262287228,117.274770894842,2413.4323127743,395.456928704422,22.6037092493275,0.110995437107492,0.333252000749019,0.00645214621054726,0.145067447071582,0.319889366496823,1.62985382130858,0.32339826723957,1.09297525518316,0.506818315774796,0.257914257575311,0.730214077775837,0.00501669607646914,0.214285667408963,0.124858260246891,0.0783908577353868,0.0568129512679558,0.0423863380991287,0.0337506617097728,0.0385471058049369,0.0092456439455923,0.00323229227591791,0.00173775859508641,0.000782602474254348,0.000522351531019787,2.87028485640855,0.00978654716871821
-5,17.6666666666667,1.42,0,0.0626808421930373,0.193737752762143,0.33048988951428,0.467242026266416,0.603994163018553,0.780629560141755,0.0626808421930373,0.193737752762143,0.33048988951428,0.467242026266416,0.603994163018553,0.780629560141755,0.0626808421930373,0.193737752762143,0.33048988951428,0.467242026266416,0.603994163018553,0.780629560141755,0.888888888888889,1,150.000015727529,175.074221435267,-11.7023393896469,619.509467763774,192.124738506406,4907.18466826372,-42.6026684720342,1.64637975210915,-0.521289923966253,-0.0377654640141652,1.7227606499323,-0.120080868263723,1.15292379647953,-0.511011716554525,-101.104994271431,0.167101694448495,3.15131694615145,1173.67222164358,13.5820633267373,1.4928154358921,0.861189011561296,0.567617946047286,0.423608967815852,0.263641589417769,0.184622549734403,0.0343101477764816,0.0174397501301948,0.0157853192375794,0.00857800093740235,0.00762394563066348,0.00967362587230497,4999.99395896261,43.093768357463,17.3232166618681,24.2588941803766,118.413884989197,117.153145955314,2429.58414827887,428.483802395042,21.5477593920114,0.104323056647673,0.346985182800188,0.00740051598255864,0.161584297521688,0.32430143300094,1.57909806955302,0.282130068708495,1.12860065571102,0.514483556278253,0.254728947963333,0.697277556550474,0.00622348958704051,0.207453094837223,0.118514648835562,0.0756578432386943,0.0511028811136081,0.0348298939241158,0.025402189800583,0.0438052664395948,0.0098583087001395,0.00408833521087915,0.00404742691213339,0.00133311512020168,0.00100068997405818,2.7895200008961,0.00969353751108847
-5,17.6666666666667,1.24222222222222,0,0.0626808421930373,0.193737752762143,0.33048988951428,0.467242026266416,0.603994163018553,0.780629560141755,0.0626808421930373,0.193737752762143,0.33048988951428,0.467242026266416,0.603994163018553,0.780629560141755,0.0626808421930373,0.193737752762143,0.33048988951428,0.467242026266416,0.603994163018553,0.780629560141755,0.888888888888889,1,150.000015727529,173.201551921675,-12.869635667118,619.057879387563,251.036282783043,4976.4427663785,-33.0788042912197,1.7718714717217,-0.545726329549005,-0.0440331028017915,1.84864712009166,-0.140941207511613,1.72961901749818,-0.472030681429017,-101.096505572336,0.204505479945943,3.48707770023956,1173.58046036871,12.758765753567,1.5424049578169,0.93189622955942,0.637104666180605,0.488354442245599,0.319730048953234,0.23302393500677,0.0474981366755547,0.0178412243516301,0.0161363853765233,0.0122708569940631,0.00698157827309655,0.00766929299031351,5000.01229038642,43.093457973128,17.3232166618681,24.2771610496976,119.444849335205,117.046859760678,2452.57870672848,441.088344184034,21.0936270649288,0.106986061882351,0.353785443764186,0.00844672783209776,0.169541765516541,0.328431330600902,1.51344178625857,0.269088754144726,1.14620131039592,0.521214881542331,0.259225569412132,0.564403664385599,0.00625894509692688,0.203479620581728,0.118314275071871,0.0758195008521851,0.0513696887492175,0.035577844347637,0.0261196270785485,0.0517074708224573,0.0106571109841756,0.00433494025675032,0.00525249976729982,0.00159763740330539,0.00143927602789049,2.50878767482101,0.00878798476707664
-11.6666666666667,22.5555555555556,1.20666666666667,0.166666666666667,0,0,0,0,0,0,0,0,0,0,0,0,0,0,0,0,0,0,0,1,150.000015727529,151.810696802416,-8.80844370076033,620.506343089261,99.9311624414123,3761.96625351526,-42.7034913029892,0.842909124049578,-0.348443423153838,-0.011069609936465,0.91066316008749,-0.05092380451203,-2.10260033861056,-0.999305036246224,-101.080762420581,0.0438868441589417,1.2216182175013,1173.78720966566,19.2590282262264,1.51939183418394,0.978753723570461,0.510803374648474,0.348708238725133,0.157539513592334,0.0455955901115509,0.0941789249363608,0.0102286090326008,0.0062199537548172,0.00602737464847412,0.00588682053952713,0.00629575887928341,4999.97666909697,43.0934704718264,17.3232166618681,30.2118030388483,113.926967118117,117.420970969,2343.92078878892,570.194198558166,19.1923381939565,0.196773188579711,0.36206726533201,0.00519373915185602,0.262003247741425,0.318061468710787,2.84782729218913,0.481940712998835,1.22881995473474,0.504646135340879,0.514056115278069,1.09326867251674,0.00709631176718932,0.357289382877026,0.239027597824625,0.11465830524444,0.0578207011825465,0.0495823490357083,0.0380548793338586,0.120144500930408,0.0182135623164516,0.00383398798203683,0.00109316563357819,0.000419757779334008,0.00115641472785167,3.93251369299531,0.0132073364979888
-11.6666666666667,22.5555555555556,1.20666666666667,0.444444444444444,0,0,0,0,0,0,0,0,0,0,0,0,0,0,0,0,0,0,0,1,150.000015727529,149.464905738986,-9.00773945422352,619.507478387668,125.507692115405,3674.8188522029,-45.6686220185397,0.799196498604312,-0.34000565987918,-0.0286686928444954,0.86676899785439,-0.0551269433697532,-2.24679866755546,-1.02460746096553,-101.038144984898,0.0503641292469535,1.12408780039163,1173.69971877929,19.4074502655983,1.54497510675971,0.93594658889699,0.464850098948026,0.301051445161963,0.133041610141652,0.00973816206540985,0.072247701414436,0.00972727075804602,0.00617190980106239,0.00607821810228101,0.005826298406416,0.00607850598895948,4999.98937610666,43.0933840224976,17.3232166618681,64.4283614274249,115.716374888795,117.64004130851,2399.05893900918,2155.95795759725,15.0995451161799,1.04477746630211,0.665527167270422,0.0244053469742015,1.18534972846023,0.359786515870394,3.00127813631572,0.831515927717691,2.22747061012648,0.576726905621046,2.58156604042631,0.689753068791044,0.00436823884495108,0.322426967998587,0.149366220589553,0.104309892558986,0.150667606562597,0.169206545919114,0.19517843028381,0.0915930479932881,0.0111165454749565,0.00265692836172963,0.00126928890703014,0.00109020563418032,0.00118572289588398,2.56350420085479,0.00846778890026767
5,22.5555555555556,1.20666666666667,0.444444444444444,0,0,0,0,0,0,0,0,0,0,0,0,0,0,0,0,0,0,0,1,150.000015727529,141.732249837517,-10.5771167128424,618.569992709093,194.194564441204,3347.8702483283,-46.7114508588689,0.606339953145506,-0.280979072783148,-0.0468583005936881,0.666076452369545,-0.0540793021351943,-2.99336883343402,-1.16436626539944,-100.968466826373,0.0464715624309968,0.661229317362774,1173.65545255703,20.2218873034066,1.49182145609832,0.925228663680865,0.462900750968649,0.289827333356942,0.117529211030101,-0.0191329821383189,0.0735795038829288,0.0106343313615457,0.00630398488167899,0.00611537760649932,0.0061530907197167,0.00603907145089054,4999.99073013228,43.0935090094784,17.3232166618681,99.0756633020885,119.162530670708,116.970369540796,2485.63821554308,3341.83879409468,28.544571778088,1.53065480608865,0.9100675315045,0.0371206317104541,1.73571127078608,0.397998807619264,4.00522606606946,1.19470246068816,3.06072911098,0.638674128797062,3.72404471523852,0.696137936720618,0.00414077868941469,0.333865256693607,0.361249210923555,0.317715728281303,0.302376519495883,0.279649701367806,0.270852162236962,0.0891727065971602,0.0214849782209334,0.00755176844746916,0.00349532794407444,0.00201385240216521,0.00159920274619446,2.22706306465141,0.00875286542772448
5,22.5555555555556,1.38444444444444,0.444444444444444,0,0,0,0,0,0,0,0,0,0,0,0,0,0,0,0,0,0,0,1,150.000015727529,143.397065251536,-11.9248694094365,618.088896989897,223.201625748151,3183.33897242996,-57.1823468388709,0.388605984616186,-0.191040014148735,-0.0550757005520259,0.431036589053224,-0.041429155792105,-4.00294652923654,-1.28869256069784,-100.901863347568,0.0191309941776898,0.0382490485366107,1173.69659410478,20.6887990834292,1.47355196333715,0.88023843349651,0.418920218199667,0.245115116933653,0.0721690518800126,-0.064261421898344,0.0645357480487449,0.0102894614923237,0.0063235917915842,0.00610805895219248,0.00610889782314343,0.00612468055410895,4999.98750130195,43.0933131965423,17.3232166618681,110.755005998978,118.850215078014,116.112228521061,2472.47353228381,3761.45255401128,31.1797830416352,1.72028166866252,1.0078374703643,0.0397833838086776,1.9519214771238,0.406321785924124,4.24827934874245,1.34785954600467,3.42304996744972,0.653790812766371,4.19411091351476,0.689442606025144,0.00329857027005337,0.344421121857853,0.360166833226001,0.312994536077548,0.298671929188982,0.274751412940016,0.26889361532617,0.082025726396712,0.0202977887285984,0.00685742094383815,0.00313810230816719,0.00191579179591311,0.00166466919991066,2.39940314097923,0.00822032046464598
5,22.5555555555556,1.38444444444444,0.444444444444444,0.0391755263706483,0.121086095476339,0.206556180946425,0.29202626641651,0.377496351886596,0.487893475088597,0.0391755263706483,0.121086095476339,0.206556180946425,0.29202626641651,0.377496351886596,0.487893475088597,0.0391755263706483,0.121086095476339,0.206556180946425,0.29202626641651,0.377496351886596,0.487893475088597,0.555555555555556,1,150.000015727529,151.428787376523,-10.6918466159775,618.329194875533,145.804487813769,3469.23125882721,-55.6965587959587,0.528260606688886,-0.227338818873034,-0.0479740603062181,0.574260360053744,-0.0310781643891261,-3.48672198073222,-1.17121446298511,-100.949535465056,0.00342249585459847,0.356807971544631,1173.6650348922,20.1868253306951,1.47956584730757,0.889582033121549,0.47572758173107,0.283914455367149,0.0845754007082596,-0.0384654377773149,0.086847207016665,0.01672263646391,0.00947929677069055,0.00987513456931571,0.0115092177898136,0.0156430218727216,4999.98083532965,43.0935579627125,17.3232166618681,103.977132114847,119.342661984521,116.781037151566,2499.67727785603,3501.97005718066,31.0683702064781,1.57633129051367,0.936630633038869,0.0345774036019613,1.78828193742188,0.405141254056652,3.94809157294727,1.12364606602501,3.1610342177603,0.64975895744628,3.8103439621169,0.687140225053505,0.00467301740018235,0.324159888948747,0.339615077270502,0.323898448690503,0.296669938679678,0.250089007640899,0.241846325624938,0.098236050145063,0.0216416441007098,0.00924855057570523,0.00509010890254874,0.00484687224858724,0.00857470758839021,2.49504662825194,0.00942658029275206
5,10.3333333333333,1.38444444444444,0.444444444444444,0.0391755263706483,0.121086095476339,0.206556180946425,0.29202626641651,0.377496351886596,0.487893475088597,0.0391755263706483,0.121086095476339,0.206556180946425,0.29202626641651,0.377496351886596,0.487893475088597,0.0391755263706483,0.121086095476339,0.206556180946425,0.29202626641651,0.377496351886596,0.487893475088597,0.555555555555556,1,150.000015727529,236.038214769295,-31.5663330725966,528.833840224976,989.037124970316,8292.06634725549,-8.71546203291324,4.4037923133007,-0.450278294411624,-0.274380304134986,4.4037923133007,-0.450278294411624,11.0920211436309,-0.472883762108114,-89.1413040308301,0.74474135194563,9.65107322153943,1107.08509530257,-3.81305205707739e-18,1.33458790750964,1.00139873971461,0.880441641495678,0.868581449848973,0.785084657848141,0.740031277991875,0.0162843209783356,0.0152819343585876,0.0146144459952088,0.0181718451203,0.0181839918758463,0.0220640818664722,3430.61233204874,31.3467378398076,17.3232166618681,26.3028270997172,125.927600770031,123.831120135832,2642.91549631265,1123.01867799179,36.3524477741588,0.697632008107957,0.373979788779301,0.083536656328669,0.697632008107957,0.373979788779301,1.65676588741401,0.155854636947953,0.822990461260919,0.600042922162557,1.53814229380516,0.342094823872916,1.3582707614885e-15,0.208563043393074,0.164971183946732,0.160065431312391,0.138206837161364,0.125319981626244,0.110270312847764,0.0308525910366224,0.0127802907484568,0.00867355262384264,0.00719513559077628,0.00635958735522078,0.00704318483485138,1.30914650494082,0.00613416952065154
-15,15.2222222222222,1.17111111111111,0.166666666666667,0.023505315822389,0.0726516572858036,0.123933708567855,0.175215759849906,0.226497811131957,0.292736085053158,0.023505315822389,0.0726516572858036,0.123933708567855,0.175215759849906,0.226497811131957,0.292736085053158,0.023505315822389,0.0726516572858036,0.123933708567855,0.175215759849906,0.226497811131957,0.292736085053158,0.333333333333333,1,150.000015727529,198.652286220185,-18.2144969701073,613.434194354755,460.150412873659,6402.69617748151,-18.5406670294761,2.90299895844183,-0.670494063118426,-0.120472886157692,2.96843391313405,-0.25572576591605,6.43976304551609,-0.247342039639621,-100.864157900218,0.407978690131236,6.19078585564004,1173.56744089157,8.08154869284449,1.46284459952088,0.972147245078636,0.700266795125508,0.671639818768878,0.548079627122175,0.487826778460577,0.0451747495436934,0.0133373592710134,0.00702620611540465,0.00950197271117593,0.00998780002083115,0.0112615743151755,4999.97302364337,43.0934975523382,17.3232166618681,23.3735655805813,122.773631630978,118.428574485141,2549.21439019075,721.81906642969,28.0157513963394,0.391218479825849,0.404464846945627,0.0353705973710931,0.434558768119779,0.357493465349257,1.53766331185262,0.28175271546529,1.23917058184023,0.571909195764781,0.906595308450293,0.495456652020998,0.00573886136804014,0.333348264479521,0.140492557917386,0.0596575728588147,0.0233331690484202,0.0187971218848156,0.032476781137417,0.0703965184370585,0.0119571565668695,0.00350656499361575,0.00178688363297584,0.00110294174020926,0.000934285798932027,1.82134374397364,0.00713232220598577
-15,15.2222222222222,1.17111111111111,0.444444444444444,0.023505315822389,0.0726516572858036,0.123933708567855,0.175215759849906,0.226497811131957,0.292736085053158,0.023505315822389,0.0726516572858036,0.123933708567855,0.175215759849906,0.226497811131957,0.292736085053158,0.023505315822389,0.0726516572858036,0.123933708567855,0.175215759849906,0.226497811131957,0.292736085053158,0.333333333333333,1,150.000015727529,196.591459222998,-18.0986208519946,613.027622122696,463.926906642017,6316.43005936882,-21.7331371663368,2.84759650036454,-0.664738422326842,-0.127321938339756,2.91312582022706,-0.253795706801375,6.2164116133736,-0.252078276470159,-100.853976669097,0.404115434496406,6.06041933131966,1173.65555671284,8.16058618893867,1.45701395687949,0.942397541922716,0.671507176335798,0.643264045411936,0.519956129569837,0.460109446932612,0.0286852458699094,0.0129894148670972,0.00726190906569107,0.00911000968649099,0.00910688522028956,0.00996686803457973,4999.9963545464,43.0936517029469,17.3232166618681,46.4079383920201,124.963067354382,121.229598461716,2630.70215651661,1709.51996963831,25.1726674089857,0.94708672027051,0.502288743671907,0.0777975322348736,0.996969245597687,0.394096563808189,2.36145176152508,0.38097773346885,1.49148098137018,0.633750051264747,2.17274595946035,0.475211142696274,0.0041055466629161,0.257743081084346,0.065775657701315,0.068321572678668,0.104563609472335,0.117758318496762,0.128731663893819,0.0505591117153925,0.00700810704274446,0.00329673534053653,0.00319606459672965,0.00227673183467719,0.00215305570478235,1.31406146835568,0.00544261057398736
-15,15.2222222222222,1.34888888888889,0.444444444444444,0.023505315822389,0.0726516572858036,0.123933708567855,0.175215759849906,0.226497811131957,0.292736085053158,0.023505315822389,0.0726516572858036,0.123933708567855,0.175215759849906,0.226497811131957,0.292736085053158,0.023505315822389,0.0726516572858036,0.123933708567855,0.175215759849906,0.226497811131957,0.292736085053158,0.333333333333333,1,150.000015727529,195.341235287991,-15.4908406384751,613.885136964899,364.273066555567,6161.02020622852,-32.3043328707426,2.67486699302156,-0.664564280097906,-0.115890789501094,2.74699000104156,-0.22489256952505,5.47236067237788,-0.253984268138735,-100.902925736902,0.35353119957921,5.63531580043745,1173.66805541089,9.27223914175613,1.3732271638371,0.846944016248308,0.577548932402875,0.548291407145089,0.429063982918446,0.374077825226539,0.0208773359785439,0.0127402721383189,0.00809755733777731,0.00838413706905531,0.0088955365066139,0.00959791396729508,4999.9908342881,43.0936839912504,17.3232166618681,50.4069010703452,124.051835689983,121.178194738611,2605.50623507605,1840.76936926973,23.8849487553164,1.00757872951024,0.527264393676904,0.0775583523791761,1.06698042942456,0.39342748688538,2.50068946672822,0.407394141954214,1.59027093197624,0.633170471036843,2.32772636413762,0.47093574784251,0.00417810426669075,0.24941543522548,0.0663910450935822,0.067240856775876,0.102029821488769,0.115240984465386,0.12587370164383,0.0437910455168839,0.0062561504012816,0.00291681150982051,0.00271251979519691,0.00184137339282889,0.00193980814646645,1.52579191929118,0.00579688520399123
-15,3,1.34888888888889,0.444444444444444,0.023505315822389,0.0726516572858036,0.123933708567855,0.175215759849906,0.226497811131957,0.292736085053158,0.023505315822389,0.0726516572858036,0.123933708567855,0.175215759849906,0.226497811131957,0.292736085053158,0.023505315822389,0.0726516572858036,0.123933708567855,0.175215759849906,0.226497811131957,0.292736085053158,0.333333333333333,1,150.000015727529,47.8000031246745,-1.7297666284762,203.761508176231,36.7696108842829,1626.64597437767,-19.817484637017,0.931862451827936,-0.066986418406416,-0.0140704338089782,0.931862451827936,-0.066986418406416,-0.214387530602021,-0.0304333864607854,-33.1702655973336,0.116640438604312,2.12533371523799,672.317800229151,-6.19958916779502e-18,0.187065524424539,0.150375135923342,0.181664941151963,0.267852025830642,0.306662451827935,0.379468961566504,0.0120115373398605,0.00812997771065513,0.00599736027497136,0.00599321674825539,0.00750574950525987,0.00910367242995521,14.8272815331736,0.223095844182897,17.3232166618681,4.1682887963256,122.204217312156,120.385227458287,2529.49262304292,195.411545330967,6.78110293507185,0.20812966533657,0.342288621403784,0.00592717856370643,0.20812966533657,0.342288621403784,0.259346081160551,0.0528459666178494,0.36455732612861,0.548357458974148,0.433656836389719,0.059079696208707,9.49263337486228e-16,0.0147023921968803,0.0277019475346643,0.0337286187816194,0.0505780467066097,0.0605356839959946,0.0984350029580364,0.000486798181665973,0.00023902469651649,0.000242429840969694,0.000423015142058926,0.000881813968745684,0.00216929770175339,0.168712541526454,0.00252931364584384
-15,3,1.34888888888889,0.444444444444444,0.0626808421930373,0.193737752762143,0.33048988951428,0.467242026266416,0.603994163018553,0.780629560141755,0.0626808421930373,0.193737752762143,0.33048988951428,0.467242026266416,0.603994163018553,0.780629560141755,0.0626808421930373,0.193737752762143,0.33048988951428,0.467242026266416,0.603994163018553,0.780629560141755,0.888888888888889,1,150.000015727529,45.370304134986,-1.39772328715758,204.703862097698,31.8120636912822,1498.87876262889,-20.788714717217,0.819470857202375,-0.0590880532944485,-0.0108636027497136,0.819470857202375,-0.0590880532944485,-0.380084874867201,-0.0268639134348505,-33.2829371940422,0.10117677641079,1.8381272784085,673.472534111025,-1.23214228580356e-17,0.188575981668576,0.144860579106343,0.197383376731591,0.257424924487032,0.271864243307989,0.313148182480992,0.0120119050098949,0.00827673367357567,0.00599756994063117,0.00700412425788981,0.00719882303926674,0.0120059280283304,22.3550661389439,0.335777804395375,17.3232166618681,2.92230871044777,122.299714327654,120.146098005023,2527.48179217558,127.556066463479,6.34863124306146,0.151748882370213,0.337733992457695,0.00385023126928337,0.151748882370213,0.337733992457695,0.200955080163012,0.0481944068523171,0.360058324431613,0.539902201447174,0.297217893287376,0.0559643162711097,9.22808989189404e-16,0.0150938899109208,0.0274234285526311,0.0367756184897661,0.0467750636085108,0.049795082834059,0.0628948558366001,0.000491521940991387,0.000233040522675093,0.000293251135491704,0.000455801788148316,0.0016666317202277,0.00682506727161037,0.17826542213607,0.00266346500737007
1.66666666666667,3,1.34888888888889,0.444444444444444,0.0626808421930373,0.193737752762143,0.33048988951428,0.467242026266416,0.603994163018553,0.780629560141755,0.0626808421930373,0.193737752762143,0.33048988951428,0.467242026266416,0.603994163018553,0.780629560141755,0.0626808421930373,0.193737752762143,0.33048988951428,0.467242026266416,0.603994163018553,0.780629560141755,0.888888888888889,1,150.000015727529,46.5699677116967,-1.10969732215394,205.447481512343,26.962094844287,1542.46984689095,-19.9833506926362,0.841661233204874,-0.0599918579262577,-0.0112162134152693,0.841661233204874,-0.0599918579262577,-0.353205991816477,-0.0279759014383918,-33.4185355692115,0.102697212407041,1.88605863972503,674.83703780856,-1.20212041933132e-17,0.218337766899282,0.167511552963233,0.216399020935319,0.274000697843975,0.286072523695448,0.324532819497969,0.0120282970523904,0.0082182607020102,0.0060047739818769,0.00690826840954068,0.00704007509634413,0.012788795021352,31.1694052702844,0.467225205707739,17.3232166618681,1.36424176475702,122.370242543795,119.992926613884,2525.90527086815,92.2180418450585,6.8764632057189,0.116207976369865,0.333471464507363,0.00307020785900076,0.116207976369865,0.333471464507363,0.208440701363703,0.0490521555004119,0.356078059399539,0.532269574208267,0.240868045649877,0.068700251148465,9.03671264391884e-16,0.046130159157859,0.0485378933879085,0.05075230334551,0.0516068625779359,0.0520750865655294,0.0612511765436117,0.00109896834466877,0.000492201133352224,0.000461713868097786,0.000548925930160874,0.00154002104256645,0.00708888195632342,0.244039081589516,0.00363130113588102
-8.33333333333333,10.3333333333333,1.13555555555556,0.277777777777778,0.070515947467167,0.217954971857411,0.371801125703565,0.525647279549719,0.679493433395872,0.878208255159475,0.070515947467167,0.217954971857411,0.371801125703565,0.525647279549719,0.679493433395872,0.878208255159475,0.070515947467167,0.217954971857411,0.371801125703565,0.525647279549719,0.679493433395872,0.878208255159475,1,1,150.000015727529,151.597281533174,-27.3320199000104,369.712134152693,770.323196781586,5113.98968857411,-1.38218592636184,2.54853390271846,-0.282437255159983,-0.0902179033434019,2.54853390271846,-0.282437255159983,3.15709506301427,-0.192653578511613,-60.9441089469847,0.458585125246328,5.44718112696594,911.96981564421,-1.51095110925945e-17,1.64776085824393,1.25416227476305,1.04938131444641,0.939611905009895,0.780622278929277,0.653382658056452,0.108221344651599,0.0319373160087491,0.0352579929174045,0.0410825299447974,0.0424925184876575,0.051975146338923,1917.67742943443,21.2716779502128,17.3232166618681,8.76528426431044,124.199973345216,119.748363487587,2577.05721556056,434.384469678452,21.7625629286703,0.294088642606036,0.347454470804338,0.0212328865802711,0.294088642606036,0.347454470804338,0.729282380692229,0.450252767797428,0.647587349484725,0.555318252250762,0.627200595737737,0.222010832527154,1.36866976074418e-15,0.163041990670901,0.0492660434696988,0.0408866123512784,0.0459354877668776,0.0439393507013467,0.0406627773104674,0.0745755632677497,0.010308410224066,0.00547752337420388,0.00525608376122018,0.00542906695005928,0.00717771243023757,0.854765986398844,0.00602311711640575
-8.33333333333333,22.5555555555556,1.13555555555556,0.277777777777778,0.070515947467167,0.217954971857411,0.371801125703565,0.525647279549719,0.679493433395872,0.878208255159475,0.070515947467167,0.217954971857411,0.371801125703565,0.525647279549719,0.679493433395872,0.878208255159475,0.070515947467167,0.217954971857411,0.371801125703565,0.525647279549719,0.679493433395872,0.878208255159475,1,1,150.000015727529,152.928545984793,-8.81835343610041,620.044359962504,120.822772992397,3849.40162483075,-39.6055702530986,0.944428325174461,-0.383121497902302,-0.016952922060202,1.01724948135403,-0.0626729820383293,-1.60570764868243,-0.929399928132486,-101.089522966358,0.0668200579106343,1.52001737454432,1173.78221018644,18.5551692532028,1.54785314029789,0.973091761274867,0.578271669617749,0.357985157796063,0.158258241398813,0.0594713584428705,0.105396943017436,0.0198667185709822,0.0167328770961358,0.00768918737631496,0.00956730028122072,0.00988248890740548,4999.98177273201,43.0935215081766,17.3232166618681,43.3967120239516,117.048929946098,117.575292480097,2411.13180599595,1155.9810689651,14.380749410029,0.46682933004785,0.45379291516603,0.0128813181835896,0.557256925797201,0.336627476486026,2.93037586416415,0.503475093370302,1.51332704024891,0.534446014257881,1.135763430699,0.910448693173003,0.00507187879744535,0.227977119860702,0.133567009282138,0.0814847122127161,0.0820351654240081,0.0848188137626327,0.0831448650700734,0.106078844822266,0.0125308685336352,0.00400902628762809,0.00254252846333441,0.00174245297555179,0.0024649965458704,3.42803713011208,0.0119060462955526
-8.33333333333333,22.5555555555556,1.31333333333333,0.277777777777778,0.070515947467167,0.217954971857411,0.371801125703565,0.525647279549719,0.679493433395872,0.878208255159475,0.070515947467167,0.217954971857411,0.371801125703565,0.525647279549719,0.679493433395872,0.878208255159475,0.070515947467167,0.217954971857411,0.371801125703565,0.525647279549719,0.679493433395872,0.878208255159475,1,1,150.000015727529,154.389494844287,-9.09698014040205,620.408124153734,116.982882118529,3693.12634100615,-51.0405114050619,0.748641936964901,-0.313322914883866,-0.0131351107280492,0.81018503750651,-0.0473243507363816,-2.49747297495053,-1.04256328165816,-101.060306218101,0.0366047207988751,0.98274793446516,1173.71471721696,19.3682585147384,1.55225903551714,0.903517456514947,0.508406551400896,0.29371084262056,0.113121559281012,0.0117206308634517,0.0895669708260599,0.0190899945838975,0.0138142282053953,0.00672763305905635,0.0096394402666389,0.0102102647640871,4999.96021247787,43.0934204770341,17.3232166618681,44.5875181901771,115.728925690917,117.429002320869,2386.04191206907,1228.23107742685,14.4700434540244,0.51324360023811,0.46611242245467,0.00992241957118604,0.607312439060641,0.334444316823267,3.02097061118067,0.622079988644986,1.57974234119176,0.531440902707613,1.26001355590443,1.16938420659317,0.00725346444825528,0.257642829073076,0.13698380604347,0.0812842668240069,0.0818315297840651,0.0735001640081577,0.0890238020094679,0.0963164401434461,0.0116049972124966,0.00472221245510471,0.00111402282967084,0.00190445649929517,0.00251560678686926,4.5769895624579,0.0153625340188634
-8.33333333333333,22.5555555555556,1.31333333333333,0,0.070515947467167,0.217954971857411,0.371801125703565,0.525647279549719,0.679493433395872,0.878208255159475,0.070515947467167,0.217954971857411,0.371801125703565,0.525647279549719,0.679493433395872,0.878208255159475,0.070515947467167,0.217954971857411,0.371801125703565,0.525647279549719,0.679493433395872,0.878208255159475,1,1,150.000015727529,153.518931361317,-8.46955817102385,620.705311946673,99.1874017706488,3695.07822101864,-50.054183939173,0.784062962191438,-0.329138724247475,-0.00967009144880743,0.849043287157587,-0.0470741057712738,-2.31499742697636,-1.04922771794605,-101.075410894699,0.0383130854785959,1.10316311842516,1173.63805853557,19.5977533590244,1.50692844495365,0.901815862930944,0.51856710759296,0.308100447870013,0.117866608686595,0.0393835297923133,0.103389793131965,0.0197415750215603,0.0129022114363087,0.00725839714613061,0.0106393544422456,0.0101487649203208,4999.96937818977,43.0933704822419,17.3232166618681,32.7246841476923,114.197832232863,116.858946994287,2343.31877025085,626.9436099257,20.4622078589183,0.188264300339242,0.352095444048146,0.00494616918415686,0.244605999034216,0.315564539552853,3.33971298495383,0.423460629729157,1.15112430566184,0.501076516469032,0.451923768757224,0.938263767279707,0.00593049985747644,0.291719637423518,0.216104328232067,0.145945330979252,0.0966725069435862,0.0647465100845041,0.0310554545695111,0.117636538746713,0.0178698263048089,0.00796652621986197,0.00183033855915038,0.000966002658340083,0.00259768239515265,3.62909247706112,0.0114652154847251
-8.33333333333333,22.5555555555556,1.31333333333333,0,0.0313404210965186,0.0968688763810715,0.16524494475714,0.233621013133208,0.301997081509277,0.390314780070878,0.0313404210965186,0.0968688763810715,0.16524494475714,0.233621013133208,0.301997081509277,0.390314780070878,0.0313404210965186,0.0968688763810715,0.16524494475714,0.233621013133208,0.301997081509277,0.390314780070878,0.444444444444444,1,150.000015727529,157.964118321008,-8.04463233517341,620.583949588585,29.7189045307781,3843.33173627747,-46.0925622331007,0.8151131548797,-0.32404415035413,-0.0101616426413915,0.876688594938027,-0.028827589981252,-2.28860186605562,-1.01548958233517,-101.076814915113,0.00619370204145403,1.11042902822623,1173.72981981044,19.7963055931679,1.51791323820435,0.936588386626392,0.512962983022602,0.345870148942818,0.133215533798563,0.039568936043433,0.0874116271284242,0.0145389101540465,0.00847412904905739,0.00685300656181647,0.00980391886261849,0.00930351130090615,4999.94813040308,43.0937183626712,17.3232166618681,30.9411454902045,112.974861668124,117.012495556311,2315.99481837463,619.928360311694,22.4924370830348,0.226100474851276,0.328269717479558,0.00504028209227195,0.253034620107676,0.30798524619554,4.7040146986953,0.493574583313997,1.08502898387286,0.488848656510829,0.504408283503205,1.01381871881104,0.00589897051087951,0.312029435164547,0.231065492266061,0.156688628677017,0.113063961232812,0.0804117528144786,0.0433689652804635,0.107698164055545,0.0180549306662791,0.00577579835218608,0.00218830355347343,0.00100115374744352,0.00254770899704977,3.84835149962417,0.0125849383054592
8.33333333333333,22.5555555555556,1.31333333333333,0,0.0313404210965186,0.0968688763810715,0.16524494475714,0.233621013133208,0.301997081509277,0.390314780070878,0.0313404210965186,0.0968688763810715,0.16524494475714,0.233621013133208,0.301997081509277,0.390314780070878,0.0313404210965186,0.0968688763810715,0.16524494475714,0.233621013133208,0.301997081509277,0.390314780070878,0.444444444444444,1,150.000015727529,158.72259139673,-8.11452518591813,620.552390376002,30.1254424539111,3865.23268409541,-47.3384762003958,0.813805478595981,-0.321805563329237,-0.0106224656806583,0.874665972294553,-0.0283122345016144,-2.30547506561816,-1.00615713226018,-101.072051869597,0.00461131762316426,1.0923291601604,1173.64305801479,19.7214321424856,1.50780793667326,0.943866649307363,0.517617144047495,0.350028882408083,0.136451828976148,0.0315123809322988,0.0870664216289971,0.0141186256598271,0.00855802416414957,0.00611226330590564,0.00986108363712115,0.0103258734506823,4999.97104468285,43.0933986043124,17.3232166618681,42.3430903576247,116.488886089299,117.136839301858,2411.49166846791,907.775310981452,17.6150038053703,0.214885172575724,0.405440258492453,0.00639635888416981,0.317683240638563,0.331109576343917,3.01246987771371,0.452904529755475,1.33513556498679,0.523135910744182,0.516839300222687,1.11082551025715,0.0063983074001149,0.306402143132467,0.230634091203177,0.144565856409404,0.0930839471821607,0.0566099012013755,0.0267900214279046,0.0956691665437919,0.014919373802084,0.00447342920024721,0.00109852685847356,0.000701694882635327,0.00182032056189181,4.28898723503282,0.0127426594118019
-11.6666666666667,15.2222222222222,1.42,0.5,0.00783510527412966,0.0242172190952679,0.041311236189285,0.0584052532833021,0.0754992703773191,0.0975786950177194,0.00783510527412966,0.0242172190952679,0.041311236189285,0.0584052532833021,0.0754992703773191,0.0975786950177194,0.00783510527412966,0.0242172190952679,0.041311236189285,0.0584052532833021,0.0754992703773191,0.0975786950177194,0.111111111111111,1,150.000015727529,187.294297469014,-13.4463552650766,614.630809290699,306.425085616082,5817.21362358088,-39.8084455785855,2.46075360899906,-0.657215648174149,-0.109391485574419,2.5388859910426,-0.203257729174044,4.643253669649,-0.288849845284866,-100.930009374023,0.316849472049891,5.16258980314551,1173.72190396834,10.3765232788251,1.31813279866681,0.7872568899073,0.499991969586501,0.465588251223831,0.377532548692844,0.326481476929487,0.0157305980920737,0.0103068195694199,0.00620465211957087,0.00611978887615874,0.00696389636496198,0.00756456473284032,4999.98510571815,43.0936600354121,17.3232166618681,62.1239447402717,124.270658718526,121.628994627194,2617.21042154068,2274.77876004958,22.4131826249267,1.24202235154327,0.600479327269482,0.0880504825769641,1.31789010079898,0.4078809816942,3.0157881130115,0.527736199035611,1.84208311371359,0.658356245745389,2.89618303149003,0.448084301436258,0.00476256066434076,0.176930320465931,0.0801067477694689,0.107238365594117,0.135098601551306,0.155122960622686,0.164237528153351,0.0290971842874188,0.00555932666984959,0.00283879408658852,0.00214018846991947,0.00136782648646353,0.00108094371856737,1.21539046013753,0.00497898035482551
-11.6666666666667,15.2222222222222,1.42,0.5,0.047010631644778,0.145303314571607,0.24786741713571,0.350431519699812,0.452995622263915,0.585472170106316,0.047010631644778,0.145303314571607,0.24786741713571,0.350431519699812,0.452995622263915,0.585472170106316,0.047010631644778,0.145303314571607,0.24786741713571,0.350431519699812,0.452995622263915,0.585472170106316,0.666666666666667,1,150.000015727529,196.582001874805,-16.1276636392042,614.399375065098,364.476897458598,6069.40829080304,-36.7683051871368,2.52354098531403,-0.631207961168628,-0.106041586188939,2.59269981251953,-0.211143800520779,4.77064799622956,-0.270155795653578,-100.938951150922,0.326657510382252,5.22330319758358,1173.67409644829,9.38741349859388,1.39597656494115,0.838732809082387,0.601387907509634,0.523242120612436,0.38432076866993,0.318072690344756,0.0192123108260598,0.0154095816060827,0.0122980344755754,0.0110428643891261,0.0114509479220915,0.012384809811478,4999.98187688782,43.0935267159669,17.3232166618681,56.5440967574607,124.447210637072,121.539509058205,2609.85420268403,2043.11940387477,23.0146528591589,1.07589355549635,0.535953222250548,0.0772574053661505,1.13572327920818,0.393595213308984,2.57867755087576,0.429711783152342,1.62198964553344,0.632239645004955,2.45125626189902,0.489179562580815,0.00506283857491528,0.177528881373072,0.0769410875044579,0.11394682992796,0.132387552484184,0.13169378670278,0.130793135634501,0.0319950795277264,0.00643564391569451,0.00468338767782366,0.00459434951400262,0.00358996767304911,0.00453369498003004,1.872466248541,0.00677145815594815
-11.6666666666667,3,1.42,0.5,0.047010631644778,0.145303314571607,0.24786741713571,0.350431519699812,0.452995622263915,0.585472170106316,0.047010631644778,0.145303314571607,0.24786741713571,0.350431519699812,0.452995622263915,0.585472170106316,0.047010631644778,0.145303314571607,0.24786741713571,0.350431519699812,0.452995622263915,0.585472170106316,0.666666666666667,1,150.000015727529,48.1756442037288,-1.42122096969066,204.578182480992,31.6489562649724,1626.00177064889,-21.0896187897094,0.912146599312572,-0.0650997311248828,-0.0133470647849182,0.912146599312572,-0.0650997311248828,-0.248155550232267,-0.0300925269867722,-33.2867638787626,0.112504541146756,2.06364472450786,673.494885949379,1.49206543068431e-18,0.198436839912509,0.15519095094261,0.197578106447245,0.271068336631601,0.292030819706281,0.346286574315176,0.0120083262160191,0.00820320924903656,0.00599887970003125,0.00653979502135194,0.00735379481304032,0.0117370547859598,22.4706218102281,0.337504187063847,17.3232166618681,3.0324529029147,122.35342483939,120.203493581624,2529.78428563833,175.37016177987,6.90910087165208,0.186254801361901,0.33933010322862,0.0051254350337486,0.186254801361901,0.33933010322862,0.239574349179417,0.0501076486327704,0.362033515039404,0.542810179497732,0.389414942996127,0.0761159341307964,1.00136375631632e-15,0.0226368975617495,0.0372684695570782,0.0439266506258529,0.0542666085697273,0.0582112979534193,0.0800758194355441,0.000586823759947303,0.000329164301460704,0.000345363557847249,0.000481127573886986,0.00138203177445465,0.00493581535132772,0.201293108165923,0.00300702219258025
5,3,1.42,0.5,0.047010631644778,0.145303314571607,0.24786741713571,0.350431519699812,0.452995622263915,0.585472170106316,0.047010631644778,0.145303314571607,0.24786741713571,0.350431519699812,0.452995622263915,0.585472170106316,0.047010631644778,0.145303314571607,0.24786741713571,0.350431519699812,0.452995622263915,0.585472170106316,0.666666666666667,1,150.000015727529,48.7935975419229,-1.22921561920632,205.063549630247,28.4428017394021,1648.28392875742,-20.2020836371211,0.923315571294656,-0.0654781756473284,-0.0134062159150089,0.923315571294656,-0.0654781756473284,-0.234361270869701,-0.0306811748664722,-33.3711030101031,0.113139891948755,2.08764659931257,674.340506197277,-1.04749040724924e-18,0.216438725132799,0.169050631184252,0.208806009790647,0.28135334860952,0.301131330069785,0.354857900218728,0.0120381231121758,0.00817498895948338,0.00600552817414853,0.00650858316841996,0.00765290667638789,0.0119679633371524,27.9614831788355,0.419446078533487,17.3232166618681,0.99544599201093,122.313115937591,120.116543868093,2524.57438056713,142.343677418645,7.61945097108819,0.144849081569293,0.3328703422512,0.00402578395641002,0.144849081569293,0.3328703422512,0.257812600421479,0.0507009364486193,0.355515034129332,0.531243034444367,0.326576326886143,0.0546553023133648,9.22067305881313e-16,0.0574141596229351,0.0589248629308042,0.0583132565181679,0.0623845446228155,0.0628867347199801,0.0786357313842788,0.00136336047669908,0.000606976969877299,0.000518034071497403,0.00059618096576599,0.00124843471747216,0.00500027333706092,0.24238370912954,0.00361275856711301
5,3,1.24222222222222,0.5,0.047010631644778,0.145303314571607,0.24786741713571,0.350431519699812,0.452995622263915,0.585472170106316,0.047010631644778,0.145303314571607,0.24786741713571,0.350431519699812,0.452995622263915,0.585472170106316,0.047010631644778,0.145303314571607,0.24786741713571,0.350431519699812,0.452995622263915,0.585472170106316,0.666666666666667,1,150.000015727529,45.6655692115405,-1.3413406124362,204.909193833976,30.3635379647954,1513.9811477971,-17.8458578273097,0.833676481616498,-0.0597613247734611,-0.0110949057389855,0.833676481616498,-0.0597613247734611,-0.357345241579002,-0.0277153954613061,-33.3189928132487,0.102667645047391,1.87551348817831,673.837402353929,-1.96339344339131e-17,0.21710395792105,0.169586597229455,0.209255931673784,0.281806811790438,0.301568794917196,0.355257098218936,0.012036881574836,0.00817325726486823,0.00600490323924592,0.00650619445891053,0.00768635183835016,0.0119850264555776,24.6854463076763,0.370581501926883,17.3232166618681,0.929847048032794,122.233071952599,120.140116883787,2522.76050548048,112.929206985575,6.89685833745861,0.126756334058347,0.332390914590643,0.00326422785726346,0.126756334058347,0.332390914590643,0.242959350473561,0.0502329887058015,0.35500495309105,0.530422857101282,0.281798079398042,0.0514567118909265,8.8070544537222e-16,0.0575550876783848,0.0591002596524996,0.0585434957822416,0.0627370129111304,0.0633365493078421,0.0791368671977256,0.00136929060991869,0.000609833225712484,0.000520640133744555,0.000600138215672822,0.00126172457925857,0.00500479692067687,0.21687633586803,0.00323675690864286
5,3,1.24222222222222,0.222222222222222,0.047010631644778,0.145303314571607,0.24786741713571,0.350431519699812,0.452995622263915,0.585472170106316,0.047010631644778,0.145303314571607,0.24786741713571,0.350431519699812,0.452995622263915,0.585472170106316,0.047010631644778,0.145303314571607,0.24786741713571,0.350431519699812,0.452995622263915,0.585472170106316,0.666666666666667,1,150.000015727529,45.8203260077075,-1.22469147380482,205.160968649099,28.9467702843454,1522.07770023956,-17.7014917196125,0.842414967190917,-0.0603237220602021,-0.0111073942297677,0.842414967190917,-0.0603237220602021,-0.346155725372357,-0.028189517251328,-33.3629038641808,0.10387470020727,1.89944005832726,674.273669409451,-2.14511361670659e-18,0.215407967920008,0.168703666284762,0.208124393292365,0.280475565045308,0.300146432663264,0.367348422039371,0.0120171763357983,0.008188149776065,0.00600193042391416,0.00655596458702219,0.00732705655660869,0.0102289152171649,27.5224778668888,0.412902666388918,17.3232166618681,3.5073995809989,122.214203722766,119.970695880456,2521.43548947452,33.4879829746515,7.06694900046447,0.049700914435768,0.330765770464674,0.00170347528877367,0.049700914435768,0.330765770464674,0.115756616334877,0.0456666631190915,0.351212934026886,0.527545230726487,0.072619478959367,0.044044989671449,9.42711555745428e-16,0.0355748361445836,0.030225572663011,0.0264863336755386,0.0260890934019843,0.0253881114736773,0.0255403953298208,0.000860467650858115,0.000312957435308371,0.000241472444408599,0.000265101239301373,0.000627649817132811,0.00481449488172378,0.121140479552114,0.00180413505766509
-1.66666666666667,15.2222222222222,1.34888888888889,0,0.047010631644778,0.145303314571607,0.24786741713571,0.350431519699812,0.452995622263915,0.585472170106316,0.047010631644778,0.145303314571607,0.24786741713571,0.350431519699812,0.452995622263915,0.585472170106316,0.047010631644778,0.145303314571607,0.24786741713571,0.350431519699812,0.452995622263915,0.585472170106316,0.666666666666667,1,150.000015727529,192.449599000104,-15.4817075481721,616.013623580877,347.805087864806,5927.4896364962,-30.0541584973534,2.45569690657224,-0.631330903030935,-0.0840573346526404,2.52725424434955,-0.205004443791272,4.52189580043746,-0.292577284041246,-100.998794917196,0.31711322677846,5.09146609728153,1173.61076971149,9.78027309655241,1.43032809082387,0.876626403499634,0.635696948234558,0.554055306738881,0.411372023747526,0.344681741485262,0.0175074807450578,0.0154192638266847,0.0130168253306947,0.0139300713467347,0.0116916477450266,0.00677963722528903,4999.99177169045,43.0932444537024,17.3232166618681,19.654917538187,121.501787153426,117.0143102529,2503.40060254026,359.109330673768,25.1628937462359,0.094188244576865,0.352882973519709,0.0102471679588281,0.14606486444012,0.334755923787256,1.44574600573104,0.35805284934758,1.15152141919903,0.531740225773309,0.208338231912742,0.569762963490816,0.00502966140385693,0.133721131040928,0.0760545074249883,0.0497792938468807,0.0347157786114039,0.0264541452438196,0.0227802169502454,0.0254836425205094,0.00679318316565651,0.00291545797964059,0.00187395235437607,0.00335499848088443,0.00240661402595915,2.18661529641955,0.00739675651862361
15,15.2222222222222,1.34888888888889,0,0.047010631644778,0.145303314571607,0.24786741713571,0.350431519699812,0.452995622263915,0.585472170106316,0.047010631644778,0.145303314571607,0.24786741713571,0.350431519699812,0.452995622263915,0.585472170106316,0.047010631644778,0.145303314571607,0.24786741713571,0.350431519699812,0.452995622263915,0.585472170106316,0.666666666666667,1,150.000015727529,200.870721799813,-17.3098373086137,614.404134985939,406.24429955213,6322.46870117696,-27.0842362408082,2.73478158525154,-0.650718133527758,-0.103870505155713,2.80153119466722,-0.232164015033851,5.65416394646391,-0.250070008212686,-100.928019997917,0.364513916381627,5.73725622331008,1173.73159045933,8.64687136756594,1.41979629205291,0.909854681803978,0.679968690761379,0.60088672013332,0.459678814706801,0.392946255598375,0.0528462715822518,0.0158035050911259,0.0134000106238933,0.0139125434850536,0.0138625427559629,0.0124881784189147,4999.99093844391,43.093328819914,17.3232166618681,18.8122622905744,123.411375829651,117.299507239055,2543.56365028884,314.083245806463,26.2550261110641,0.0499090140742301,0.342845977592489,0.00691073593411303,0.089939851953957,0.334578111262776,1.48664248206776,0.312582070519214,1.10628749748881,0.529644556669136,0.0972112764006494,0.568194198543918,0.0045397794887694,0.372454510386279,0.193706918826498,0.119655033145829,0.0728426948099014,0.04721208934482,0.0342508212308612,0.0723596967708367,0.0138241725170063,0.00514732296610453,0.00246651106398489,0.0017149718491585,0.00518809099377853,2.02325572110428,0.00598618997089689
15,3,1.34888888888889,0,0.047010631644778,0.145303314571607,0.24786741713571,0.350431519699812,0.452995622263915,0.585472170106316,0.047010631644778,0.145303314571607,0.24786741713571,0.350431519699812,0.452995622263915,0.585472170106316,0.047010631644778,0.145303314571607,0.24786741713571,0.350431519699812,0.452995622263915,0.585472170106316,0.666666666666667,1,150.000015727529,46.8452931986251,-1.43031156546193,204.575348401208,32.2400439329236,1572.98823039267,-18.8301953963129,0.8826605353609,-0.0633181807592959,-0.0120774781793563,0.8826605353609,-0.0633181807592959,-0.288236140152068,-0.0292092352363295,-33.2749557337777,0.109495933103843,1.99895229663577,673.385564003735,-2.00266934392251e-17,0.193152900739506,0.152360847828351,0.195923560045829,0.270406280595771,0.292848255390063,0.363421831059264,0.0120198791792522,0.0082154707842933,0.00599931142589314,0.00657065034892198,0.00744315477554421,0.0106579725028643,21.7141933131965,0.326200666597228,17.3232166618681,6.07471016969505,121.902956644538,120.034702272084,2511.49930122212,158.555939021413,7.84969904292672,0.0441188018036342,0.324995518972437,0.00129951200727421,0.0441188018036342,0.324995518972437,0.163189400151311,0.0454671081521937,0.343194491473564,0.517450702076677,0.150577442752288,0.0351472659553415,8.87621732811389e-16,0.0374968234233948,0.0200978511307249,0.0196764634957544,0.0364613264742019,0.0390207181257569,0.0446611210536847,0.000805122070186148,0.000206290224374291,0.000190729366194119,0.000356320562488642,0.000957225932491229,0.00523006996880719,0.0763368202515365,0.00113990934095737
15,3,1.34888888888889,0.277777777777778,0.047010631644778,0.145303314571607,0.24786741713571,0.350431519699812,0.452995622263915,0.585472170106316,0.047010631644778,0.145303314571607,0.24786741713571,0.350431519699812,0.452995622263915,0.585472170106316,0.047010631644778,0.145303314571607,0.24786741713571,0.350431519699812,0.452995622263915,0.585472170106316,0.666666666666667,1,150.000015727529,46.4138735548381,-1.52245161545672,204.375346318092,33.5348287053432,1553.59816685762,-18.9947039891678,0.86817940839496,-0.062432885075513,-0.0117308478283512,0.86817940839496,-0.062432885075513,-0.3073058577544,-0.0285624050567649,-33.2410030205187,0.107787378950109,1.96323466305593,673.048619935435,-6.53366812831972e-19,0.195560748880325,0.152598691802937,0.195157098218935,0.268170773877721,0.289553161129049,0.350559077179461,0.0120434090198938,0.00820663024684927,0.00600101479012603,0.00655949640662431,0.00747072054994272,0.0108834883866264,19.516735756692,0.293336819081346,17.3232166618681,2.96797919190706,121.925942017459,120.211840586244,2513.04837851718,80.2614891358607,7.62120221880173,0.0495154349873178,0.326574395287426,0.00166502037977634,0.0495154349873178,0.326574395287426,0.180045449098101,0.0476028951641209,0.347138487151322,0.520201102469598,0.156841104008741,0.0499835536955767,8.80063776616972e-16,0.0588334105597778,0.0465611603406488,0.0417780712998712,0.0487146281495076,0.0485270238356936,0.0599179489415037,0.00128366256286045,0.000430867159702422,0.000346776813415915,0.000453082718041781,0.00117478215184576,0.00504818457895752,0.173166435659554,0.00259012778108903
15,3,1.34888888888889,0.277777777777778,0.00783510527412966,0.0242172190952679,0.041311236189285,0.0584052532833021,0.0754992703773191,0.0975786950177194,0.00783510527412966,0.0242172190952679,0.041311236189285,0.0584052532833021,0.0754992703773191,0.0975786950177194,0.00783510527412966,0.0242172190952679,0.041311236189285,0.0584052532833021,0.0754992703773191,0.0975786950177194,0.111111111111111,1,150.000015727529,48.3334225601499,-1.65707801166545,203.891600874909,35.5838700552026,1658.67982501823,-17.6416304551609,0.966050234350588,-0.0691377202103948,-0.0144712135194251,0.966050234350588,-0.0691377202103948,-0.160830795183835,-0.0320334368899073,-33.1930705134882,0.121178667435684,2.21704968232476,672.540256223319,-2.76686124640661e-18,0.193298105405687,0.1575522435163,0.179419050098948,0.259432861160296,0.322080252057077,0.408407009686491,0.012027082595563,0.00807321987292991,0.00600034371419643,0.00599902103947506,0.00680279793771483,0.00711570429121966,16.2656171232163,0.244654233933965,17.3232166618681,3.27215302678453,121.723821759125,120.372166865628,2505.87812762649,141.824643700014,8.76008338877057,0.0932211010414067,0.322566754623299,0.00289483641122224,0.0932211010414067,0.322566754623299,0.300040461674404,0.0525706101013592,0.343111297732232,0.513057523213804,0.289218555857405,0.0576004283211361,9.36563915046896e-16,0.0582525589005515,0.0482061614533897,0.0397121506460041,0.0510561755388774,0.0621914006949095,0.0984662372752755,0.00123995252696011,0.000442816015552764,0.00029777896405149,0.000430800797903116,0.000506643852556455,0.0010726430921212,0.235697892912583,0.00353253317970065
15,3,1.17111111111111,0.277777777777778,0.00783510527412966,0.0242172190952679,0.041311236189285,0.0584052532833021,0.0754992703773191,0.0975786950177194,0.00783510527412966,0.0242172190952679,0.041311236189285,0.0584052532833021,0.0754992703773191,0.0975786950177194,0.00783510527412966,0.0242172190952679,0.041311236189285,0.0584052532833021,0.0754992703773191,0.0975786950177194,0.111111111111111,1,150.000015727529,45.102393500677,-1.73323054588063,203.830359337569,36.9732343818353,1516.06613894386,-15.5189397979377,0.866171544630768,-0.0626879466368087,-0.0117950004166232,0.866171544630768,-0.0626879466368087,-0.299846771735975,-0.0285749261734194,-33.1620060410374,0.109176205787418,1.97693084053744,672.245995208831,1.18343157233621e-17,0.193696968024164,0.157884980731174,0.179660847828351,0.259657379439642,0.32229811477971,0.408389751067597,0.0120271992500781,0.0080725279658369,0.00599997041974794,0.00599839902093531,0.00680134506822206,0.00711730362462243,14.35517654411,0.216015737943964,17.3232166618681,3.34672021346637,121.688799604317,120.393515970052,2505.84211800289,120.770920807471,7.83353397707043,0.0747706186488001,0.323359827309547,0.00223287381178938,0.0747706186488001,0.323359827309547,0.287171656088837,0.0524907637860114,0.344268119174821,0.514497474577533,0.243779840925107,0.0502789259402442,9.24135464140364e-16,0.0583091622308757,0.0482205071453671,0.0397093505107984,0.0511014469581369,0.0622838222339524,0.0994276200054514,0.00124232733491061,0.000442986022016729,0.000297477394379109,0.000431109842483956,0.000508112346069271,0.00105656557355827,0.205549144001535,0.00308272795853274
1.66666666666667,22.5555555555556,1.31333333333333,0.222222222222222,0.0626808421930373,0.193737752762143,0.33048988951428,0.467242026266416,0.603994163018553,0.780629560141755,0.0626808421930373,0.193737752762143,0.33048988951428,0.467242026266416,0.603994163018553,0.780629560141755,0.0626808421930373,0.193737752762143,0.33048988951428,0.467242026266416,0.603994163018553,0.780629560141755,0.888888888888889,1,150.000015727529,153.100799916676,-9.28716656389959,620.433298614728,113.862592646599,3614.92605978544,-50.3953338193938,0.684191797663786,-0.290286009059473,-0.0145250346943027,0.742113911932819,-0.0406699490459327,-2.77104357160712,-1.09137361461306,-101.044560983231,0.0243768264357879,0.811436764212061,1173.71211332153,19.8538193938129,1.54593125716071,0.903435933756901,0.509289032392459,0.294609954171441,0.111315846832309,0.00331665995000521,0.0643749761418187,0.0178145317154463,0.0120297646078534,0.00765718623060098,0.00891078491823769,0.0115492211227997,4999.97083637121,43.0933913134052,17.3232166618681,55.4744606828004,116.675827573071,117.243337419283,2420.27929582947,1586.79406744975,16.3196831009722,0.636665510714191,0.529212690117884,0.0115730880313165,0.752050807167734,0.346161899104093,3.40115542940912,0.695456508486463,1.78322943158801,0.549581803516701,1.53949522595614,1.25475268233371,0.00763246102779609,0.204758429473847,0.186548638503154,0.159172321627874,0.135199122985159,0.0978442037671553,0.100449784704735,0.0609395379640078,0.012402050423538,0.0065016692519916,0.0023440251136982,0.0018039620222714,0.00406334261099514,4.94003452020599,0.0170531608615095
-15,22.5555555555556,1.31333333333333,0.222222222222222,0.0626808421930373,0.193737752762143,0.33048988951428,0.467242026266416,0.603994163018553,0.780629560141755,0.0626808421930373,0.193737752762143,0.33048988951428,0.467242026266416,0.603994163018553,0.780629560141755,0.0626808421930373,0.193737752762143,0.33048988951428,0.467242026266416,0.603994163018553,0.780629560141755,0.888888888888889,1,150.000015727529,158.533340277054,-8.57356900635351,620.202260181231,89.378443276742,3924.96250390584,-49.4934027705447,0.902937912717425,-0.357119708269972,-0.0127843651702948,0.969650692636184,-0.0510519858900114,-1.88772516246224,-0.933886037912718,-101.091711280075,0.044426783251328,1.35189899643475,1173.64014165191,18.5652723674615,1.49080429121967,0.933142787209666,0.546780720758254,0.334097364857827,0.13754050098948,0.0480386719622956,0.150016103130299,0.0207399488351213,0.0132996863868347,0.00655154056869076,0.010506634413082,0.0102980764503697,4999.96635767108,43.0934673471519,17.3232166618681,30.9036966130559,115.221583354555,117.475925610382,2361.98550528209,649.816053659724,21.1447215328364,0.243821472440171,0.376665040343192,0.00673232301919343,0.313221912221373,0.321270514333592,2.76166474328213,0.474104152888336,1.27633540294031,0.510201511767785,0.624298675513909,0.950531069069276,0.00499283610836213,0.396402269279474,0.253301036454776,0.121424581806213,0.0520282104600985,0.0414915400138116,0.0415257887775474,0.174772891174813,0.0214533209802842,0.00702465929156525,0.00119395551478969,0.000590152984119895,0.00248660511415426,3.62416848980219,0.0121109111158254
-15,22.5555555555556,1.31333333333333,0.222222222222222,0.023505315822389,0.0726516572858036,0.123933708567855,0.175215759849906,0.226497811131957,0.292736085053158,0.023505315822389,0.0726516572858036,0.123933708567855,0.175215759849906,0.226497811131957,0.292736085053158,0.023505315822389,0.0726516572858036,0.123933708567855,0.175215759849906,0.226497811131957,0.292736085053158,0.333333333333333,1,150.000015727529,159.928486615978,-8.41760736152484,620.185772315384,50.8228003332986,3976.90094781794,-47.4018143943339,0.899537131548798,-0.349071974877617,-0.0129095105718154,0.964080408290804,-0.0397410472450786,-1.96864625297782,-0.930459284449536,-101.087531507135,0.0239479206426414,1.29816845782731,1173.69117800229,18.8484824497442,1.49330455160921,0.959558202270596,0.51929366732632,0.357236558691803,0.14643994896365,0.0456786505480679,0.127258325671284,0.014803182576742,0.00781726903447557,0.00605726205603583,0.00957973638162694,0.00949970815540047,4999.99031350901,43.0936194146447,17.3232166618681,30.3257760255724,114.031851371158,117.586651070825,2340.6325242491,670.09367868118,21.5280168438355,0.284816333390303,0.378363900318,0.00701106637464701,0.349896681387996,0.319144881583175,2.87681162918686,0.512718773648156,1.29186303198452,0.507283995934999,0.728374993709434,0.968318063749049,0.00664885087801845,0.418233991461306,0.267843476449822,0.125961673385107,0.0561947994034101,0.0500436704392139,0.0487456630955484,0.157650455531739,0.0213789397273548,0.00479225103076663,0.00108687350041429,0.000617816806533793,0.00189292618049883,3.70992614420452,0.0117123747819274
-15,22.5555555555556,1.13555555555556,0.222222222222222,0.023505315822389,0.0726516572858036,0.123933708567855,0.175215759849906,0.226497811131957,0.292736085053158,0.023505315822389,0.0726516572858036,0.123933708567855,0.175215759849906,0.226497811131957,0.292736085053158,0.023505315822389,0.0726516572858036,0.123933708567855,0.175215759849906,0.226497811131957,0.292736085053158,0.333333333333333,1,150.000015727529,156.661556087908,-8.16444433799632,619.837652327882,69.7440975210916,4060.72846578481,-36.7058248099156,1.06167299239663,-0.411078394583897,-0.0177907371107176,1.13699685449432,-0.0580142297344026,-1.18985559538538,-0.850397435683784,-101.103541297782,0.0589446524632852,1.76502709613582,1173.6894073534,18.2452598687637,1.51588438704302,1.01422200812415,0.575595719195917,0.413344859910426,0.201917166961775,0.0900674893140298,0.139501239958442,0.0157481953709301,0.0082542309863556,0.00649259639620872,0.0089014445370274,0.00945471325903551,4999.98010623893,43.093425684825,17.3232166618681,32.3944767996028,115.249237259909,117.604265892496,2365.45194474566,735.908685820229,19.9311601820892,0.305976585757753,0.394544762496341,0.00980000363356899,0.379493506801748,0.324449866371037,2.03497560345749,0.445260380763121,1.31822354404341,0.51579249513244,0.785721479959199,0.983817645272764,0.00499350231378575,0.398950660805634,0.266364203621283,0.126704195107007,0.0555731366916949,0.046681747236542,0.0507408176781416,0.166909094028198,0.0226321811618789,0.00524890406360751,0.00160411411874005,0.000614693223174167,0.00158704454377213,3.75554035575602,0.011299102223381
-15,22.5555555555556,1.13555555555556,0.5,0.023505315822389,0.0726516572858036,0.123933708567855,0.175215759849906,0.226497811131957,0.292736085053158,0.023505315822389,0.0726516572858036,0.123933708567855,0.175215759849906,0.226497811131957,0.292736085053158,0.023505315822389,0.0726516572858036,0.123933708567855,0.175215759849906,0.226497811131957,0.292736085053158,0.333333333333333,1,150.000015727529,154.348258514738,-8.29374952400792,618.925622331007,91.2680714508905,3971.8956150401,-39.7923372565357,1.01453176524737,-0.402307755143214,-0.0336837973127799,1.08967922668472,-0.0610220750692635,-1.35411570831163,-0.878858518430445,-101.064785959796,0.0634327109603166,1.65906950890532,1173.72815331736,18.425568169982,1.53017196125403,0.970256254556817,0.522830257264869,0.361458213727737,0.169665702586189,0.0513236047682533,0.110929611674826,0.0139908795292157,0.00821243432975732,0.00704023455890012,0.0081232132069576,0.0101380652015415,4999.99760441621,43.0933652744501,17.3232166618681,63.2258624436057,116.897774009106,118.213424169358,2421.60777704002,2135.12537021652,15.8652581892531,1.04605198005532,0.649145387350258,0.0302202366003926,1.17659603564806,0.362268653587699,2.89856086753711,0.728491132446802,2.14528360559924,0.580724049248046,2.56156637992015,0.757770864548134,0.00496787212104871,0.359285319113394,0.16489377323842,0.0963753579761318,0.15387253148997,0.167357012797077,0.200732208083938,0.132538319755678,0.0138410466222122,0.0035258706107624,0.00211633170411715,0.00144095043831629,0.00248491958226653,2.77314023456814,0.00764967307649624
-15,10.3333333333333,1.13555555555556,0.5,0.023505315822389,0.0726516572858036,0.123933708567855,0.175215759849906,0.226497811131957,0.292736085053158,0.023505315822389,0.0726516572858036,0.123933708567855,0.175215759849906,0.226497811131957,0.292736085053158,0.023505315822389,0.0726516572858036,0.123933708567855,0.175215759849906,0.226497811131957,0.292736085053158,0.333333333333333,1,150.000015727529,192.294479741693,-22.4532271245704,468.710957191959,763.530252223727,6797.11405061973,-4.7409985237996,3.66091000937402,-0.370359377993178,-0.196151726903447,3.66091000937402,-0.370359377993178,7.56717227372149,-0.36333666284762,-77.3824049578167,0.615131794068327,8.06685886886783,1030,6.34506334756795e-18,1.4174336006666,1.06642010207271,0.903305082803873,0.930949609415685,0.86176535777523,0.826055785855641,0.0164253908344964,0.0132113441922716,0.0072940493429851,0.0137181423060098,0.0134881592542443,0.0158451294656807,2762.45589001146,27.1316977398178,17.3232166618681,29.9900692720147,127.242792774263,123.07947694279,2712.32802024984,1300.73707814849,29.8920527857273,0.840452003404027,0.401965821206992,0.0870402069984326,0.840452003404027,0.401965821206992,1.65373312901004,0.138002373603786,0.828786661426661,0.648153826758888,1.8674947922107,0,1.32032646867912e-15,0.135792698901834,0.043078778902122,0.0948543326808485,0.123559600522816,0.130388691490257,0.139825518378075,0.0272684171715644,0.00589302274948933,0.00497901301504798,0.0060322249159673,0.00533779772672272,0.00568977863209979,0.805551662672622,0.0049024530525768
-1.66666666666667,3,1.13555555555556,0.333333333333333,0.00783510527412966,0.0242172190952679,0.041311236189285,0.0584052532833021,0.0754992703773191,0.0975786950177194,0.00783510527412966,0.0242172190952679,0.041311236189285,0.0584052532833021,0.0754992703773191,0.0975786950177194,0.00783510527412966,0.0242172190952679,0.041311236189285,0.0584052532833021,0.0754992703773191,0.0975786950177194,0.111111111111111,1,150.000015727529,45.7005811894594,-1.52743413519425,204.407074263098,33.5245872096656,1536.24122487241,-15.6701955004687,0.874936142068532,-0.0629152074252681,-0.0121373373606916,0.874936142068532,-0.0629152074252681,-0.289749212769503,-0.0292624493770441,-33.2466170190605,0.109494606113946,1.99449901051973,673.105874388088,-1.84948953234046e-19,0.214945391105093,0.175600624934902,0.192472502864285,0.27204658889699,0.334607040933236,0.419950692636184,0.0120108332465367,0.00804854963024685,0.00600108269971877,0.00600036767003437,0.00681343183001771,0.00713913190917612,19.883373606916,0.298821310280179,17.3232166618681,2.73455872729349,122.12970999974,120.20310844762,2522.15450803433,62.5233384118777,6.99596030555346,0.111422717788825,0.33409974689888,0.00321531082965241,0.111422717788825,0.33409974689888,0.25137797323712,0.0507522474440801,0.355443432087987,0.533658398524523,0.222559033423485,0.0674140537030065,8.75611659536316e-16,0.0300984229213031,0.0341787488133014,0.0298637176407889,0.0296403948234541,0.0343290733563175,0.0702632212631945,0.000756240078035994,0.000344336308564689,0.000233336066725751,0.000255361149511167,0.000276713118897673,0.000910353419981213,0.170538249885959,0.00255162774675049
15,3,1.13555555555556,0.333333333333333,0.00783510527412966,0.0242172190952679,0.041311236189285,0.0584052532833021,0.0754992703773191,0.0975786950177194,0.00783510527412966,0.0242172190952679,0.041311236189285,0.0584052532833021,0.0754992703773191,0.0975786950177194,0.00783510527412966,0.0242172190952679,0.041311236189285,0.0584052532833021,0.0754992703773191,0.0975786950177194,0.111111111111111,1,150.000015727529,44.367137798146,-1.73618612332049,203.848243932924,37.0523558171023,1483.20070825956,-15.1451380064577,0.842771263410063,-0.0611433949590667,-0.0112503078845953,0.842771263410063,-0.0611433949590667,-0.331457590738465,-0.0279309961921258,-33.1595719195916,0.10630221782106,1.92049619831268,672.224643266323,-2.00541746797211e-18,0.194309885428601,0.158195128632434,0.179944870326008,0.259827924174565,0.322435642120612,0.408759212582023,0.0120229257369024,0.00807557660660348,0.00600036829496927,0.00599801426934694,0.00679299458389751,0.00712476430580148,14.2274325591084,0.214099385480679,17.3232166618681,2.84680988393684,121.709688325211,120.412243969931,2506.72956923107,120.091775770998,7.6105707597513,0.0861614117523851,0.323970435010957,0.00240745807487494,0.0861614117523851,0.323970435010957,0.312215571748325,0.0539252190138495,0.345235448128869,0.515564087288943,0.2616945448481,0.0625244978547806,9.28127455484443e-16,0.0626560353451634,0.0539490676132612,0.0449525875342839,0.0555591831626503,0.0669002648095674,0.104924946215362,0.00134919407718902,0.000501250881743389,0.000337583201736529,0.000465670213805361,0.000542569762960485,0.00103243619848464,0.183283993147139,0.00274815025620143
15,3,1.13555555555556,0.0555555555555556,0.00783510527412966,0.0242172190952679,0.041311236189285,0.0584052532833021,0.0754992703773191,0.0975786950177194,0.00783510527412966,0.0242172190952679,0.041311236189285,0.0584052532833021,0.0754992703773191,0.0975786950177194,0.00783510527412966,0.0242172190952679,0.041311236189285,0.0584052532833021,0.0754992703773191,0.0975786950177194,0.111111111111111,1,150.000015727529,45.0829184459953,-1.63335818873034,204.072447661702,35.6360012290386,1518.45953546506,-14.8575318196021,0.873021726903448,-0.0630775512967399,-0.0119256267055515,0.873021726903448,-0.0630775512967399,-0.288504399015103,-0.0292582680963442,-33.196650348922,0.110163166222269,1.99792698677221,672.584803666303,-1.7582906999271e-18,0.191543620456202,0.157421393604833,0.179905707738777,0.261150525986877,0.324802728882408,0.437173888136652,0.0120213321529008,0.00806296614935946,0.00599916248307468,0.00599972429955213,0.00680659952088324,0.00703995308821997,16.6109186543069,0.24982855952505,17.3232166618681,5.8566338563734,121.687975481157,120.211642045256,2504.55866142165,166.03441489691,7.87120216252819,0.0502724097705938,0.321975145634795,0.00144774382172575,0.0502724097705938,0.321975145634795,0.248099722819532,0.0483465253357326,0.340457363217317,0.512036419301233,0.197695291583656,0.0359004046387248,8.74887110555621e-16,0.0412995678596148,0.0261142302876419,0.0227058709533824,0.0423338794582273,0.0558065052291017,0.073723264874289,0.000863253358290867,0.000248656717433589,0.000184178195677901,0.000361761396275932,0.000450698630271867,0.00088980954435901,0.0994671729082305,0.00148818293070188
15,3,1.31333333333333,0.0555555555555556,0.00783510527412966,0.0242172190952679,0.041311236189285,0.0584052532833021,0.0754992703773191,0.0975786950177194,0.00783510527412966,0.0242172190952679,0.041311236189285,0.0584052532833021,0.0754992703773191,0.0975786950177194,0.00783510527412966,0.0242172190952679,0.041311236189285,0.0584052532833021,0.0754992703773191,0.0975786950177194,0.111111111111111,1,150.000015727529,48.4101572752838,-1.53988383293408,204.161884178731,34.0101014477658,1665.78783460056,-16.9291579002187,0.976853681908136,-0.0697788076005624,-0.0147108374127695,0.976853681908136,-0.0697788076005624,-0.14341806939173,-0.0329400591891428,-33.2341297781481,0.122663537731486,2.24811488386626,672.95711905009,9.3468387773148e-18,0.191089396937819,0.157059202166441,0.179655452557025,0.26093063222581,0.324581283199667,0.436112102905947,0.0120219143839184,0.00806361962295594,0.00599940714508906,0.00600008842828872,0.00680756764920321,0.00704473213206957,18.9450432246641,0.284782741381107,17.3232166618681,6.0126708522374,121.718248384577,120.14654834731,2504.17138996617,181.833134591364,8.84139640530215,0.0630243352407298,0.320738505219377,0.00188013107552819,0.0630243352407298,0.320738505219377,0.251182962887883,0.0488636021088404,0.339238417005717,0.509792153895419,0.233372114846274,0.0494931739040725,8.92188197934095e-16,0.0412680221496826,0.0261701390931546,0.0228210113278737,0.0424790760760793,0.0560224592300852,0.0738483031242948,0.0008616059867591,0.000248638998446005,0.000183882884906243,0.000360573305353835,0.00044971657351138,0.00106758069546079,0.114654920241569,0.00171540964030368
15,3,1.31333333333333,0.0555555555555556,0.047010631644778,0.145303314571607,0.24786741713571,0.350431519699812,0.452995622263915,0.585472170106316,0.047010631644778,0.145303314571607,0.24786741713571,0.350431519699812,0.452995622263915,0.585472170106316,0.047010631644778,0.145303314571607,0.24786741713571,0.350431519699812,0.452995622263915,0.585472170106316,0.666666666666667,1,150.000015727529,46.1234371419644,-1.46286373919383,204.522741381106,32.7795881783148,1541.67024268305,-18.4121976877409,0.861408238725132,-0.0619674156004583,-0.0115346044162067,0.861408238725132,-0.0619674156004583,-0.317225282564316,-0.028508023180075,-33.261529007395,0.107007255410895,1.94838016873242,673.2594000625,5.35998574106863e-18,0.193587907509634,0.152277658577232,0.195499437558588,0.269524268305385,0.291641006145193,0.361709467763774,0.0120220237475263,0.00821441297781481,0.00599948609519841,0.00657284657848141,0.00747664128736589,0.0103317270076034,20.8635767107593,0.313481928965734,17.3232166618681,5.4263880825393,121.899198988895,120.081713847994,2511.67613709682,133.787357706617,7.628788818616,0.0271820417093959,0.325407423060522,0.00106598798927982,0.0271820417093959,0.325407423060522,0.149895832167725,0.0450823787479055,0.344017737274584,0.518174335627843,0.123211755553924,0.049110997113596,8.99508251452249e-16,0.0416403080035612,0.025028454177539,0.0221787253939511,0.0359961207480011,0.0376487203549147,0.0425405990513036,0.000888498521534691,0.0002400120764199,0.00020364138116882,0.000350880117972724,0.000923900688351753,0.00514347580684225,0.0822160363973362,0.00122887120780425
15,15.2222222222222,1.31333333333333,0.0555555555555556,0.047010631644778,0.145303314571607,0.24786741713571,0.350431519699812,0.452995622263915,0.585472170106316,0.047010631644778,0.145303314571607,0.24786741713571,0.350431519699812,0.452995622263915,0.585472170106316,0.047010631644778,0.145303314571607,0.24786741713571,0.350431519699812,0.452995622263915,0.585472170106316,0.666666666666667,1,150.000015727529,201.562816373295,-18.1665760639517,614.141724820331,435.88286355588,6368.22101864389,-24.9258506395167,2.77482074783877,-0.647857264868243,-0.107158791792522,2.83935371315488,-0.239520599608374,5.81886132694511,-0.249433933173628,-100.914546401416,0.376971805596293,5.82838704301635,1173.72513279867,8.31997698156437,1.43477040933236,0.935887563795439,0.707645120299968,0.624755192167483,0.480252734090199,0.409934298510572,0.0644732921695657,0.0161818639083741,0.0137446366003541,0.0140561299864598,0.0139950918654307,0.0137668549109468,4999.99041766483,43.0933559004265,17.3232166618681,20.0811551518801,123.69570715898,117.855477300342,2550.2931558856,428.563868854267,26.2607681407274,0.144706483278448,0.353140434101614,0.0134139758623577,0.176982589418577,0.338114592483869,1.44060138789727,0.296647825400303,1.1105747784358,0.535826208615875,0.304630998393301,0.581093209649009,0.00468706012298015,0.386610786857954,0.210485288068409,0.140178289916615,0.0907190754148891,0.061535231228685,0.0435455824102511,0.0837208145683524,0.0156736137600987,0.00619699654936348,0.00310302143146698,0.00204379215591015,0.00447986824932863,2.02785597021943,0.00608852137428136
15,3,1.31333333333333,0.5,0.0313404210965186,0.0968688763810715,0.16524494475714,0.233621013133208,0.301997081509277,0.390314780070878,0.0313404210965186,0.0968688763810715,0.16524494475714,0.233621013133208,0.301997081509277,0.390314780070878,0.0313404210965186,0.0968688763810715,0.16524494475714,0.233621013133208,0.301997081509277,0.390314780070878,0.444444444444444,1,150.000015727529,46.6653952713259,-1.5894354233934,204.18313196542,34.4322791375899,1571.6254556817,-18.0194538068951,0.887533777731485,-0.0637645846974273,-0.0124572863243412,0.887533777731485,-0.0637645846974273,-0.276533793349652,-0.0292097466656598,-33.218380377044,0.11050715786793,2.01455827517967,672.811821685252,1.0542520393709e-17,0.19736637225289,0.156357641912301,0.190637880429122,0.277238287678366,0.305520008332465,0.375778533486095,0.0120548336631601,0.0081589713571503,0.00600390657223206,0.00606995229663577,0.0079533148630351,0.0100745937298198,18.0221914383919,0.270966670138527,17.3232166618681,1.38606689972567,121.913681680326,120.36975893632,2512.66458362125,154.967900284567,7.86334503190651,0.13095299290835,0.326727188501874,0.00348462096348449,0.13095299290835,0.326727188501874,0.298689387121669,0.0523797117520427,0.349264482350505,0.520419853733098,0.336305889042537,0.0571804879354264,9.07707086982859e-16,0.0763223341260778,0.0700964191621478,0.0639532232556594,0.0756433888148924,0.0772467839584057,0.100191443697466,0.00174510298715196,0.00069812036294515,0.000535164611474366,0.000688368669705766,0.00116419519443553,0.00297994197884831,0.148031560590497,0.00221625750713921
15,3,1.31333333333333,0.5,0.070515947467167,0.217954971857411,0.371801125703565,0.525647279549719,0.679493433395872,0.878208255159475,0.070515947467167,0.217954971857411,0.371801125703565,0.525647279549719,0.679493433395872,0.878208255159475,0.070515947467167,0.217954971857411,0.371801125703565,0.525647279549719,0.679493433395872,0.878208255159475,1,1,150.000015727529,44.0647057598167,-1.43250340172899,204.706306634726,32.0898376314968,1436.53556921154,-19.6789136548276,0.770290344755754,-0.0557487672221643,-0.00953146276429539,0.770290344755754,-0.0557487672221643,-0.450215527059681,-0.0250368682026872,-33.2708905322361,0.0947727860045829,1.71563785022394,673.365753567337,1.20184160295803e-17,0.199611318612645,0.151137953338194,0.207141683158004,0.259637173211124,0.270003447557546,0.299226726382668,0.0120858547026351,0.00824392782001875,0.00600806613894386,0.00702967628372044,0.00821405072388294,0.0132654632850745,21.6532329965629,0.325288178314759,17.3232166618681,0.848031347308498,122.097133876631,120.192894901814,2518.33073441903,103.692400729631,6.67172581191063,0.104450419385906,0.32987980928864,0.00254226676869733,0.104450419385906,0.32987980928864,0.222862501322562,0.0493147554980309,0.352278193505825,0.526033882431105,0.24198728526456,0.0590548588005378,9.76436163867725e-16,0.0771487023918111,0.0677668219115211,0.0678331948440439,0.0688009222040914,0.0666919649675889,0.0711441036749315,0.00179468825798957,0.000679793963959184,0.000628554587675314,0.000810739442698364,0.00224609139349842,0.00798597959034632,0.229536727223437,0.00343046778027923
15,3,1.31333333333333,0.222222222222222,0.070515947467167,0.217954971857411,0.371801125703565,0.525647279549719,0.679493433395872,0.878208255159475,0.070515947467167,0.217954971857411,0.371801125703565,0.525647279549719,0.679493433395872,0.878208255159475,0.070515947467167,0.217954971857411,0.371801125703565,0.525647279549719,0.679493433395872,0.878208255159475,1,1,150.000015727529,44.1627965836892,-1.13426298773045,205.349547963754,28.2710539006353,1441.23591292574,-19.6900770753046,0.775409415685866,-0.0559802802749713,-0.00950237069055307,0.775409415685866,-0.0559802802749713,-0.444727914800542,-0.0258626523872513,-33.3803582960108,0.0953359945109884,1.72992344547443,674.471211332147,6.62838015519216e-18,0.195052831996667,0.148257503385064,0.204663285074471,0.256638381418602,0.266841464430788,0.305291886261848,0.0120573534006874,0.00828672721591501,0.00600198156442038,0.00721047651286323,0.00694084626601395,0.00977105009894803,28.7964451619623,0.431888907405478,17.3232166618681,3.47865500846065,122.194220458462,119.949006709986,2519.98047090528,55.6304834911647,6.76481315139047,0.031287350360579,0.328989685139047,0.00128821691527606,0.031287350360579,0.328989685139047,0.113839008375157,0.0457336846171733,0.349319840228497,0.524420048665677,0.0768868044679587,0.0452801605367794,9.0675680597564e-16,0.0545191969947074,0.0399268183084379,0.0370125897893608,0.038820190631572,0.0362910215925402,0.0337606015724749,0.00119665071875594,0.000364828010931533,0.000329149671460559,0.000441105113719325,0.00152561379079211,0.00682982534330813,0.129251520533357,0.00192421056969592
-1.66666666666667,3,1.31333333333333,0.222222222222222,0.070515947467167,0.217954971857411,0.371801125703565,0.525647279549719,0.679493433395872,0.878208255159475,0.070515947467167,0.217954971857411,0.371801125703565,0.525647279549719,0.679493433395872,0.878208255159475,0.070515947467167,0.217954971857411,0.371801125703565,0.525647279549719,0.679493433395872,0.878208255159475,1,1,150.000015727529,45.4123414227685,-0.828166102489318,206.183500677013,24.0602107697115,1487.46193104885,-19.9256754504739,0.799862712217478,-0.05729769203208,-0.0101095851473805,0.799862712217478,-0.05729769203208,-0.415490226018123,-0.0271025958223102,-33.5601770648891,0.0975719747422143,1.78354056869076,676.267305489022,-8.97304247161754e-18,0.216575283824602,0.16507752317467,0.218967065930632,0.268970357254453,0.276916102489324,0.313056931569628,0.0120233548588689,0.00826961722737214,0.00600202895531716,0.00718607645036975,0.00665692615352568,0.00919370305176545,40.478592854911,0.605485043224662,17.3232166618681,3.49547310169429,122.401070183651,119.83249627946,2526.34651503719,33.693304750039,6.65185561864682,0.0730494202798793,0.333189300213423,0.00210263877991843,0.0730494202798793,0.333189300213423,0.111840875801296,0.0462745207978782,0.355188550131841,0.531779666449571,0.103868743518209,0.0469121441729674,9.84631701841411e-16,0.0229584145450429,0.0217663986779248,0.0213597929976102,0.0191555538717306,0.0196078136810174,0.0190510332757942,0.00066930869497283,0.000242177867724709,0.00021877444052761,0.00024081671148351,0.000827523145738915,0.00469358411999828,0.149775418498638,0.00222075653886289
-1.66666666666667,15.2222222222222,1.31333333333333,0.222222222222222,0.070515947467167,0.217954971857411,0.371801125703565,0.525647279549719,0.679493433395872,0.878208255159475,0.070515947467167,0.217954971857411,0.371801125703565,0.525647279549719,0.679493433395872,0.878208255159475,0.070515947467167,0.217954971857411,0.371801125703565,0.525647279549719,0.679493433395872,0.878208255159475,1,1,150.000015727529,204.062774710968,-20.6052091094678,614.539943755859,484.910080668681,6312.0402041454,-26.5270593974586,2.64166618060618,-0.60371806374336,-0.0986734767211749,2.69968815748359,-0.23354214533934,5.16800666597229,-0.264350797146131,-100.953733986043,0.362382183058015,5.44329705239037,1173.62003957921,7.92901364441208,1.55126747213832,0.990871211332155,0.745962462243516,0.620871898760546,0.456897635662951,0.3592570044787,0.0360331649335486,0.0191444114154776,0.0180626994063118,0.0192903676700344,0.0183259507342985,0.0171277906468076,4999.9719820852,43.093560045828,17.3232166618681,27.6242155538731,123.634139256434,119.027424348503,2559.48281104061,878.5385697804,24.3763112375268,0.436913262166727,0.396240302463683,0.0335779673659974,0.472340942842966,0.353260818335837,1.55813290382984,0.366184707510768,1.21586237556417,0.562986054443747,0.972234555826089,0.485401936646304,0.00489303514981185,0.138690986373315,0.0901845023426584,0.0750650867521206,0.0665921353106963,0.0580083200716443,0.0500009978561352,0.0305625048812527,0.00813330305532003,0.00430838989267944,0.00289636462875815,0.00290830786601249,0.0087727922480958,1.64181883329002,0.00608548164332371
-1.66666666666667,15.2222222222222,1.13555555555556,0.222222222222222,0.070515947467167,0.217954971857411,0.371801125703565,0.525647279549719,0.679493433395872,0.878208255159475,0.070515947467167,0.217954971857411,0.371801125703565,0.525647279549719,0.679493433395872,0.878208255159475,0.070515947467167,0.217954971857411,0.371801125703565,0.525647279549719,0.679493433395872,0.878208255159475,1,1,150.000015727529,208.392886157692,-25.569583939173,613.002905947297,671.324790188522,6598.57285699406,-14.6875453474638,2.89882772627852,-0.588202723674617,-0.117411154046453,2.94434215185918,-0.282877563231955,6.21712779918759,-0.28074342131028,-100.880873867305,0.445977022005,6.03659275075513,1173.63347567962,5.98240818664721,1.62675304655765,1.13163178835538,0.881507405478596,0.747474742214354,0.579210759295907,0.462298656389959,0.0787067793142381,0.0223440075617123,0.0220048613686074,0.0247196958650141,0.0202996854494324,0.0242793636079575,5000.03124674513,43.0944870326008,17.3232166618681,22.4123447292553,124.600190669135,118.967315341986,2587.58850310805,747.019872649995,26.1493168053825,0.399574694083605,0.385769337536327,0.0337208050442854,0.425840863644011,0.356554157417907,1.4834866640856,0.235046676075877,1.16515914364793,0.568686456345833,0.884581158400653,0.598713979133187,0.0164593037156849,0.144091546230668,0.0813625726930295,0.0671593639253791,0.0595375620975488,0.0584466704021751,0.0504179381237755,0.0541290805101961,0.00954385017873678,0.00567182971925434,0.00493743764635655,0.0019343727409803,0.00131603981432161,1.75762108332486,0.0119133094144335
5,3,1.31333333333333,0.166666666666667,0.00783510527412966,0.0242172190952679,0.041311236189285,0.0584052532833021,0.0754992703773191,0.0975786950177194,0.00783510527412966,0.0242172190952679,0.041311236189285,0.0584052532833021,0.0754992703773191,0.0975786950177194,0.00783510527412966,0.0242172190952679,0.041311236189285,0.0584052532833021,0.0754992703773191,0.0975786950177194,0.111111111111111,1,150.000015727529,49.3661472763254,-1.37977774190189,204.601949796896,31.1242122997604,1700.2265389022,-17.2864524528695,0.993575585876471,-0.0705471565149463,-0.0151517425268201,0.993575585876471,-0.0705471565149463,-0.12310996260702,-0.0335591545407771,-33.3067670034372,0.123889187342985,2.28313925632746,673.666805541079,1.76550367003437e-17,0.212905551505051,0.174465951463389,0.191810603062181,0.271842183105927,0.334920393708989,0.434063920424956,0.0120134444328715,0.00804781918550151,0.00600106551400896,0.00600142037287782,0.00680341318612645,0.00693396393084053,23.6655577544006,0.355354556816999,17.3232166618681,4.14593945661183,122.061319118952,120.052494052298,2516.70271262351,66.0903424282247,8.34898138295765,0.0347421991803698,0.328764927324556,0.0016316335100753,0.0347421991803698,0.328764927324556,0.2324327588317,0.049915895982782,0.348197418826992,0.524069968744699,0.0730505895013076,0.0518721645261401,8.85727775925608e-16,0.0311401512890124,0.0254331549514552,0.018808239552477,0.0195380050474339,0.0226010673764163,0.0425258182387907,0.000765370634113312,0.000271614982961872,0.00016345706679931,0.000190245817238039,0.000200465575777841,0.00119282725956108,0.169411984961091,0.00253010381743633
5,3,1.31333333333333,0.444444444444444,0.00783510527412966,0.0242172190952679,0.041311236189285,0.0584052532833021,0.0754992703773191,0.0975786950177194,0.00783510527412966,0.0242172190952679,0.041311236189285,0.0584052532833021,0.0754992703773191,0.0975786950177194,0.00783510527412966,0.0242172190952679,0.041311236189285,0.0584052532833021,0.0754992703773191,0.0975786950177194,0.111111111111111,1,150.000015727529,48.8515967086762,-1.37460678262681,204.628143943339,30.9754026143111,1674.33163212165,-17.6584457868972,0.97044262056036,-0.0689661113331945,-0.0147677455473388,0.97044262056036,-0.0689661113331945,-0.156538985406729,-0.0325147435709822,-33.3072544526612,0.1207415459223,2.2233623580877,673.68826163939,-3.31859702114361e-20,0.213705957712738,0.174200453077804,0.191812863243412,0.271311196750338,0.333917633579835,0.41990596812832,0.0120276658681387,0.0080600530153109,0.00600360056244141,0.00600231163420477,0.00678499833350693,0.00713999442766379,23.7265128632434,0.356264087074263,17.3232166618681,0.94387122965609,122.175593370858,120.215662158128,2521.05067606617,126.637758522802,8.03836081856111,0.139955457348515,0.331636969066521,0.00414009072461698,0.139955457348515,0.331636969066521,0.298178444601803,0.0526595774926696,0.353500946983076,0.529177337221955,0.329310500066081,0.0326392637430356,9.01709379551912e-16,0.0523119017281787,0.0544661326826981,0.0477102653408544,0.050363761759603,0.0578403455865033,0.0885198956261777,0.00120902444282334,0.000546494435586113,0.000375094306357992,0.000424159596731002,0.000465948315934528,0.000968388227103626,0.117656124407365,0.00175625777647169
-11.6666666666667,3,1.31333333333333,0.444444444444444,0.00783510527412966,0.0242172190952679,0.041311236189285,0.0584052532833021,0.0754992703773191,0.0975786950177194,0.00783510527412966,0.0242172190952679,0.041311236189285,0.0584052532833021,0.0754992703773191,0.0975786950177194,0.00783510527412966,0.0242172190952679,0.041311236189285,0.0584052532833021,0.0754992703773191,0.0975786950177194,0.111111111111111,1,150.000015727529,48.2470461410269,-1.57406466722217,204.125681699823,34.3676370753046,1651.61004062077,-18.8812404957817,0.957761004062076,-0.0685125578116863,-0.0148185787938756,0.957761004062076,-0.0685125578116863,-0.174665361004062,-0.0316805514105822,-33.22763670451,0.119908046656598,2.19473929798979,672.884407874167,2.34109867565879e-17,0.19652119570878,0.160595471305072,0.181723424643266,0.262101760233309,0.324556139985418,0.407127018018956,0.0120092459118842,0.00806004405791063,0.0059986382668472,0.00599553431934174,0.00680415540047911,0.00711230994688053,18.5470919695865,0.278824289136547,17.3232166618681,3.94918681804347,122.307837188088,120.29074019189,2531.45806330021,192.955299225431,6.98447674255273,0.209515001431859,0.34231017049435,0.00612082437172003,0.209515001431859,0.34231017049435,0.275231448365583,0.0525226310939502,0.364553962172916,0.548442301233114,0.442670406508291,0.0420513807303047,9.54708872105066e-16,0.0188283881874365,0.0322057885869858,0.0343929374741956,0.0461973519716543,0.0591713533418584,0.102824216916707,0.000540188348749962,0.000289755662218817,0.000244472568054842,0.000370375084506371,0.000452208117664321,0.000992634185382304,0.111459637589342,0.00166732494625113
-11.6666666666667,3,1.13555555555556,0.444444444444444,0.00783510527412966,0.0242172190952679,0.041311236189285,0.0584052532833021,0.0754992703773191,0.0975786950177194,0.00783510527412966,0.0242172190952679,0.041311236189285,0.0584052532833021,0.0754992703773191,0.0975786950177194,0.00783510527412966,0.0242172190952679,0.041311236189285,0.0584052532833021,0.0754992703773191,0.0975786950177194,0.111111111111111,1,150.000015727529,44.9547495052598,-1.66121660660348,204.04343401729,35.9272487345068,1506.84907822102,-16.5229391730028,0.856969648994897,-0.0620119170003125,-0.0120408312675763,0.856969648994897,-0.0620119170003125,-0.314804520289553,-0.0282461345599417,-33.1914977606499,0.107834556254557,1.95288199145922,672.542495573388,6.38233836058744e-18,0.196945755650453,0.160957376314967,0.182016560774919,0.262445901468597,0.32502222685137,0.408396781585251,0.0120089334444329,0.00805950015623372,0.00599852088324133,0.00599543610040621,0.00680273065305697,0.00710983015310905,16.3065763982919,0.245269336527445,17.3232166618681,3.61012656204969,122.19675348106,120.321042727225,2528.02390568095,159.726708759297,6.3293133043015,0.184913542876494,0.340417921013346,0.00490954153932097,0.184913542876494,0.340417921013346,0.238119462601302,0.0513309123570963,0.362993982704067,0.545062250533066,0.382363940574553,0.0494362026398246,9.48009963929124e-16,0.0189014907633597,0.0324075716339455,0.0346387540775574,0.0463703769722011,0.0593469484760221,0.102049466962592,0.000542003121000297,0.000291593309152806,0.000246119577573354,0.000371896632010551,0.000454062162992397,0.00102538559966486,0.0939309177733011,0.00140721772901056
-11.6666666666667,15.2222222222222,1.13555555555556,0.444444444444444,0.00783510527412966,0.0242172190952679,0.041311236189285,0.0584052532833021,0.0754992703773191,0.0975786950177194,0.00783510527412966,0.0242172190952679,0.041311236189285,0.0584052532833021,0.0754992703773191,0.0975786950177194,0.00783510527412966,0.0242172190952679,0.041311236189285,0.0584052532833021,0.0754992703773191,0.0975786950177194,0.111111111111111,1,150.000015727529,190.380356212895,-16.7843453911051,613.561628996979,430.955473971461,6117.70753046558,-21.2675677180502,2.77271502968441,-0.674476690246848,-0.123326590980106,2.84300177064889,-0.245396631906051,5.99491843557963,-0.261543571997709,-100.86549526091,0.392014700228102,5.93856306634726,1173.68690761379,8.73867430476002,1.44805874388085,0.937887417977294,0.639889324028747,0.606239964587023,0.525396625351525,0.46970688469951,0.0196817854056869,0.0108385475870222,0.00607526057858556,0.00609901468597021,0.00680128038745964,0.00723077012811166,4999.98979272992,43.0936798250175,17.3232166618681,48.1838802955037,124.929536531845,121.218360100397,2629.74395178435,1763.54846470669,24.3280230715613,0.978653987112806,0.516514571923674,0.0785966831167212,1.03352478184336,0.395458694862765,2.43142666368553,0.378907379811632,1.53900876073809,0.636213086033995,2.26287894188611,0.463775750301861,0.00368389726524261,0.195682607297626,0.0712569202926487,0.0897076342299627,0.117865878436214,0.136428259746141,0.146509364438663,0.036625878261316,0.00652630910615951,0.00319502610229234,0.00267906602356838,0.0017999598178153,0.00110911176208678,1.25070811974044,0.00525289386618184
-11.6666666666667,15.2222222222222,1.13555555555556,0.444444444444444,0.047010631644778,0.145303314571607,0.24786741713571,0.350431519699812,0.452995622263915,0.585472170106316,0.047010631644778,0.145303314571607,0.24786741713571,0.350431519699812,0.452995622263915,0.585472170106316,0.047010631644778,0.145303314571607,0.24786741713571,0.350431519699812,0.452995622263915,0.585472170106316,0.666666666666667,1,150.000015727529,200.186949276117,-21.0408952984064,613.106957608582,547.350385418186,6378.2429955213,-18.7494997698156,2.82811925841058,-0.62851658103635,-0.122020237475263,2.88515883762108,-0.262945641756067,6.05013331944589,-0.265461467852307,-100.874086032705,0.416157208677429,5.9527216956567,1173.70294760962,7.32228247057597,1.54744359962504,1.01389447974169,0.783062847620039,0.68772795542131,0.536632840329133,0.456112571607124,0.0385153345078638,0.0162786736478492,0.0140223987084679,0.014919175398396,0.0128085670242683,0.0141027088844912,5000.00166649307,43.0935871263401,17.3232166618681,43.4272269323735,125.519834666048,121.086174399695,2636.92858110974,1586.38443940706,25.2827151536824,0.859312770865058,0.470744476134922,0.0693063712550857,0.900030401267359,0.387236973850007,2.15882452451346,0.413466707325523,1.39600903638943,0.62099857132089,1.93947183688763,0.45698360914348,0.0038646358684381,0.196300034415114,0.0672608378096564,0.0957607444786147,0.110944543577695,0.116505592183131,0.117095133853404,0.0458430635771503,0.00748314266122454,0.00482127629635625,0.00416137209273962,0.00407923459021317,0.00501192162223537,1.08790573542852,0.00479647623278085
8.33333333333333,15.2222222222222,1.24222222222222,0.5,0.0156702105482593,0.0484344381905357,0.0826224723785699,0.116810506566604,0.150998540754638,0.195157390035439,0.0156702105482593,0.0484344381905357,0.0826224723785699,0.116810506566604,0.150998540754638,0.195157390035439,0.0156702105482593,0.0484344381905357,0.0826224723785699,0.116810506566604,0.150998540754638,0.195157390035439,0.222222222222222,1,150.000015727529,181.932258098115,-15.7910425164045,614.907353400688,389.959864389126,5678.69596916988,-29.6712218626185,2.42605806686804,-0.636029038058536,-0.104840836683679,2.49889299031351,-0.213979205888261,4.54101535621289,-0.308991116467035,-100.943205916051,0.33509071315488,5.09675597333611,1173.68503280908,9.79616446203512,1.38845835850432,0.889436610769711,0.602316904489116,0.557986855535882,0.44442783043433,0.38198796687845,0.0381231110448912,0.0124858918925216,0.00657953532246641,0.00701064209144881,0.00842680460368713,0.00902705613998543,4999.99614623477,43.0938423080921,17.3232166618681,64.0174861258987,126.743411814988,121.868139200416,2673.28569024278,2288.41641637686,26.9701670789863,1.19603964477117,0.576345969024489,0.0828917201482037,1.26346978853779,0.407824943585991,2.82228485702017,0.478970840064851,1.76944708648352,0.654556585762234,2.73511730053453,0.464527001218398,0.00305664089944639,0.371457565792588,0.300462475281391,0.260472362702681,0.240266546690244,0.22148012333308,0.201990658414956,0.0629071006915947,0.019828075778119,0.00871245635853433,0.00537130218599933,0.00297573662567069,0.00172907995642253,1.21847143870772,0.00487721375433508
8.33333333333333,15.2222222222222,1.24222222222222,0.5,0.0548457369189076,0.169520533666875,0.289178653324995,0.408836772983114,0.528494892641234,0.683050865124036,0.0548457369189076,0.169520533666875,0.289178653324995,0.408836772983114,0.528494892641234,0.683050865124036,0.0548457369189076,0.169520533666875,0.289178653324995,0.408836772983114,0.528494892641234,0.683050865124036,0.777777777777778,1,150.000015727529,192.022383085095,-19.4375581293615,614.541724820331,488.481362670555,5980.956150401,-26.6799651609208,2.54404634933861,-0.609235130579106,-0.103703524632851,2.60555765024477,-0.233235080137485,4.90300941568586,-0.291153460707218,-100.942488282471,0.364493373886053,5.29282908030414,1173.61993542339,8.35218748047076,1.46044286011874,0.962212269555255,0.721357535673368,0.614693406936777,0.465362920529112,0.380790198937611,0.0754001794802624,0.0200109967804083,0.0158893480887408,0.0148676555567128,0.0129160733256953,0.0143556300385376,5000.00031246745,43.0935235912921,17.3232166618681,52.3003026001792,126.290443264729,121.374712171405,2655.50236857438,1861.46796805581,25.7379951426711,0.961532877693138,0.497173079367889,0.068640045897911,1.00952603562682,0.39063026660179,2.30693936914098,0.476487235861338,1.50317286150176,0.624754498976692,2.15841869327314,0.485427685135587,0.00536274314865015,0.362309108970541,0.285466750321339,0.246841370261621,0.213254774133903,0.185560414123145,0.157388137506889,0.0918849858134366,0.0228177383435435,0.0127819243141075,0.00930007175900814,0.00520738155992668,0.00579174676765261,1.82085714312995,0.00699625574393947
-8.33333333333333,15.2222222222222,1.24222222222222,0.5,0.0548457369189076,0.169520533666875,0.289178653324995,0.408836772983114,0.528494892641234,0.683050865124036,0.0548457369189076,0.169520533666875,0.289178653324995,0.408836772983114,0.528494892641234,0.683050865124036,0.0548457369189076,0.169520533666875,0.289178653324995,0.408836772983114,0.528494892641234,0.683050865124036,0.777777777777778,1,150.000015727529,196.969888553276,-19.255654054786,614.058431413394,473.95942166441,6151.10498906364,-26.0800862799917,2.62239256327466,-0.618360693563171,-0.109240983230914,2.68401041558171,-0.235389065711905,5.18685292157067,-0.27422503798146,-100.923207999167,0.367888331766482,5.45672575773358,1173.7095094261,8.25595292157065,1.50879564628684,0.94788550151026,0.715877918966774,0.608825372357046,0.457922612227893,0.376849463597542,0.0270394800101031,0.0167888444623477,0.0153729117800229,0.0136931762316425,0.0129673800645766,0.0145217621081137,4999.98823039267,43.0933767315901,17.3232166618681,50.7284913624943,125.4045783105,121.383423145753,2632.45956447485,1831.56628617225,23.8876887667337,0.96442060668942,0.496923231669008,0.0717901636437158,1.01247303466965,0.389778215559772,2.33514310031974,0.378133125663586,1.48841777687001,0.624786951193413,2.17430178665954,0.581558770084477,0.0054983399061855,0.143047421135591,0.104336681679736,0.135247918675768,0.143720291734245,0.138611613578525,0.130657751260903,0.0301021561177236,0.00854737373695684,0.00635109231363227,0.00603832387691161,0.00463997502312495,0.00575722657939798,1.97962722801886,0.00692313724824631
-8.33333333333333,15.2222222222222,1.42,0.5,0.0548457369189076,0.169520533666875,0.289178653324995,0.408836772983114,0.528494892641234,0.683050865124036,0.0548457369189076,0.169520533666875,0.289178653324995,0.408836772983114,0.528494892641234,0.683050865124036,0.0548457369189076,0.169520533666875,0.289178653324995,0.408836772983114,0.528494892641234,0.683050865124036,0.777777777777778,1,150.000015727529,195.796948234559,-16.5915336287887,614.775606707635,372.9592390376,5997.44224559942,-36.8924023642329,2.45492360170816,-0.616360956098323,-0.10010200697844,2.52267561712322,-0.206582944303718,4.47200428799084,-0.280970119206333,-100.959450057286,0.317825295854598,5.04838975106759,1173.69284449537,9.41255296323295,1.41776242058119,0.851896489948964,0.62015632746589,0.520601906051453,0.377044255806687,0.304809095927508,0.018664543693886,0.0163247741901885,0.01358990886366,0.0119623324653682,0.0122445287990834,0.0132507486720133,4999.99656285804,43.0932809082388,17.3232166618681,56.7341095048716,124.700748528452,121.423982026432,2612.45637481194,2026.96745184939,22.8840326192829,1.0480714610671,0.527884960989345,0.0728951341838201,1.10652023410583,0.390817182906413,2.50006204525147,0.447052397612694,1.60588372919653,0.62677117519384,2.37367500398361,0.591008884665271,0.00580313598945301,0.134900393454974,0.104202969073438,0.136693737358871,0.144193185444591,0.136385833921066,0.129177295609139,0.0263937280921104,0.0076680182597812,0.00600236743426826,0.00537168704093093,0.00427961452659932,0.00549687550220336,2.1649404960625,0.00819076837106005
-8.33333333333333,3,1.42,0.5,0.0548457369189076,0.169520533666875,0.289178653324995,0.408836772983114,0.528494892641234,0.683050865124036,0.0548457369189076,0.169520533666875,0.289178653324995,0.408836772983114,0.528494892641234,0.683050865124036,0.0548457369189076,0.169520533666875,0.289178653324995,0.408836772983114,0.528494892641234,0.683050865124036,0.777777777777778,1,150.000015727529,47.9861149880221,-1.25654911467556,205.010525986876,29.0360013748567,1610.19935423393,-21.1346859702114,0.893539079262577,-0.0635934611925841,-0.0127484929694824,0.893539079262577,-0.0635934611925841,-0.278072861866472,-0.0294457772638267,-33.3540131236329,0.109487638714717,2.01357504426622,674.177356525364,1.05945469638579e-17,0.207192375794188,0.160517968961567,0.206239620872826,0.272188105405687,0.288890001041558,0.334589292782002,0.0120094792209144,0.00821605030725967,0.00600074919279242,0.00674091188417873,0.00715522122695553,0.0124432044787002,26.8903978752213,0.403479689615665,17.3232166618681,2.41765599050879,122.407633560943,120.101831872063,2529.39602042344,156.939588442229,6.93451914096999,0.169209798566707,0.337556491384623,0.00456132925088473,0.169209798566707,0.337556491384623,0.225919416793802,0.0494053707923255,0.360357790135144,0.539575791630382,0.354197218218626,0.075565443914018,9.95629109975704e-16,0.0291199850151421,0.0415383594619614,0.0475762056996238,0.0540038261970442,0.0567184708120767,0.0737471964433917,0.000709320596012523,0.000386394743470219,0.000397183001489899,0.000510485944290464,0.00156099718970339,0.00602255103427221,0.258550543115819,0.00385489947279019
-8.33333333333333,3,1.42,0.222222222222222,0.0548457369189076,0.169520533666875,0.289178653324995,0.408836772983114,0.528494892641234,0.683050865124036,0.0548457369189076,0.169520533666875,0.289178653324995,0.408836772983114,0.528494892641234,0.683050865124036,0.0548457369189076,0.169520533666875,0.289178653324995,0.408836772983114,0.528494892641234,0.683050865124036,0.777777777777778,1,150.000015727529,48.1005988959483,-1.06116860639517,205.447960629101,26.6717256535778,1616.09478179356,-20.9488678262681,0.900433569419853,-0.0640238262733049,-0.0126629400062494,0.900433569419853,-0.0640238262733049,-0.269050097496094,-0.0301433868760546,-33.434622435163,0.110443947003125,2.03292500781169,674.982251848761,-1.18587018643891e-17,0.207889553171545,0.161513696489949,0.20667417977294,0.27227972086241,0.28877204457869,0.346727851265493,0.0120121060306218,0.00823187886678471,0.00599988230392667,0.00680504426622226,0.00730860577023228,0.00930759212582024,32.1253213206957,0.481450484324549,17.3232166618681,3.84565092095859,122.404843381156,119.888864051892,2528.05671647655,70.2507160021103,7.24163403372926,0.10285428541478,0.33567123994599,0.00305184864661029,0.10285428541478,0.33567123994599,0.126901675843574,0.0460992611465223,0.356667044829551,0.536223301010496,0.165679768304962,0.0382095579088899,8.560593161952e-16,0.0145050253582706,0.0140822214634253,0.0153545723007219,0.0198049940083827,0.0215041133099309,0.0237414159762964,0.000558319429185782,0.000186886970107734,0.000166197754636431,0.000228940900349408,0.000637238905425222,0.00473675157732469,0.125678257254078,0.00186862137929418
-1.66666666666667,17.6666666666667,1.1,0.277777777777778,0,0,0,0,0,0,0,0,0,0,0,0,0,0,0,0,0,0,0,1,150.000015727529,164.744395375482,-11.6553285449432,618.59244870326,244.83625230601,4841.13331944589,-27.6493007796167,1.80827212790334,-0.577538620372878,-0.0553448639725028,1.89240083324653,-0.149043152307051,2.02156244917196,-0.481694001672743,-101.070132277888,0.221432357910634,3.65060481199875,1173.640662431,13.2095073429848,1.53840568690761,0.947679397979378,0.575619716696177,0.488198333506926,0.374143235079679,0.287150859285491,0.0232454560272888,0.00903255422578899,0.00610833444432872,0.00602791823768357,0.00576881928965733,0.00574261129049058,4999.99437558588,43.0933579835433,17.3232166618681,45.6616397737148,121.6670574545,119.043171879352,2531.42204169694,1469.0070606731,19.0005380715732,0.729602193878725,0.501316205745698,0.0384977292506626,0.806042955549499,0.365953361052736,2.02433515175127,0.457054934806645,1.60399699747768,0.584962858589689,1.73054028758716,0.590928417384721,0.0055917511076548,0.173598533754817,0.134617924088619,0.116079251688963,0.116135096687604,0.126008392041595,0.129567864792295,0.0319175280936939,0.00874386560164166,0.0033551519377714,0.00194679749227247,0.00119562148080452,0.000751229419250546,2.13925844535054,0.00801391115083548
15,17.6666666666667,1.1,0.277777777777778,0,0,0,0,0,0,0,0,0,0,0,0,0,0,0,0,0,0,0,1,150.000015727529,164.95146338923,-12.7536872200813,617.843610040621,295.048437708572,4945.55973336111,-28.1713053813145,1.9342396937819,-0.594818134743256,-0.0652017389855223,2.01677396104572,-0.166478683189251,2.57715125874388,-0.440193630078951,-101.048889698989,0.252650451230288,3.9707348505364,1173.59910425997,12.3747995000521,1.44111210290595,0.970409249036558,0.613876471200916,0.526708811582128,0.417225539006354,0.333050749921883,0.104606862106031,0.012053411537444,0.00634176488857411,0.0061153081770753,0.00582728507447141,0.00588650984272472,4999.99531298823,43.0934892198725,17.3232166618681,53.4687980714175,124.359010081826,119.625351745597,2599.68316672076,1760.10656720436,24.9118965779997,0.860157079478723,0.529154523027379,0.0479482533851729,0.935948892426506,0.379304744846529,2.23474439099982,0.484481428660744,1.67929312894938,0.605463705093787,1.99649851524433,0.512139334133023,0.00499623856016045,0.488962532538457,0.372572736413459,0.269931036353664,0.218139022169765,0.200442905856276,0.173217647913266,0.1347644249468,0.0275109901006944,0.00929906454041765,0.00447609344516385,0.00224739549332368,0.00102483291886815,1.84189635872899,0.00659317145374061
15,17.6666666666667,1.1,0,0,0,0,0,0,0,0,0,0,0,0,0,0,0,0,0,0,0,0,1,150.000015727529,168.467222164358,-11.6799325007812,618.202020622851,254.384370794709,5092.26632642433,-24.9191123273617,2.03023945422352,-0.619565555671285,-0.0591439818768878,2.11615269242787,-0.166245033350693,2.97472304559942,-0.416856688084574,-101.062600770753,0.25395902239975,4.21074929694823,1173.57421101969,12.4783803770439,1.45703642328924,0.959873075721279,0.599463087178419,0.522911040516613,0.425299041766483,0.353097750234351,0.0799265061118633,0.00985192818882408,0.00610816077734611,0.00600148942818457,0.00571939360483283,0.00520976585772315,4999.99812519529,43.0932382043536,17.3232166618681,28.2712909717598,122.004769226698,117.666806616182,2516.2831995673,570.148376704415,21.0503776349699,0.141187916479665,0.36471685350009,0.010936476749625,0.199525205214597,0.336363727407854,1.50043785320082,0.301957511303744,1.17619873067305,0.531842406959056,0.304794766939875,0.513502540613042,0.00524319860067825,0.42847980611848,0.264542183854578,0.149809395106921,0.0961571864024957,0.0691560576787386,0.0448383714386614,0.104775892555946,0.0176681398008602,0.004706754396532,0.00194128436455892,0.00104557161547162,0.000463256219337655,2.0484233330559,0.0073557249999794
15,5.44444444444444,1.1,0,0,0,0,0,0,0,0,0,0,0,0,0,0,0,0,0,0,0,0,1,150.000015727529,78.2962555983751,-12.3916353192376,236.654021456098,321.230503551713,2783.8879283408,-8.84018756129569,1.60103124674513,-0.155430368888658,-0.0372008384543277,1.60103124674513,-0.155430368888658,0.766844810082282,-0.0690612315852515,-38.8378814706801,0.263828356004583,3.62534913029893,727.493417352362,-9.65133414331841e-18,0.809177616914905,0.630296937818977,0.53448222060202,0.593558316841995,0.674752286220185,0.743200895740027,0.0117623257214873,0.00820271305072388,0.00591547182585148,0.00593874221435267,0.00618210978023122,0.0062329927090928,399.134267263825,5.54994948442874,17.3232166618681,6.89726441008167,121.524882482513,119.694699746476,2489.60777393716,203.721194643484,13.9450931248276,0.0761693307060387,0.31746049762204,0.00318735366249775,0.0761693307060387,0.31746049762204,0.368230805844399,0.0595849353632273,0.392843733392813,0.504544554483114,0.250123957959523,0.0945185038481965,1.14523857244139e-15,0.129599503463183,0.0725398098819221,0.0506653052466387,0.0579478950387042,0.0654343293822115,0.0792322138507915,0.0121143229475789,0.00341404020837809,0.00155833125084405,0.00142011683237758,0.0013036806993523,0.00112287334750192,0.373115552672273,0.00477262702759972
15,5.44444444444444,1.27777777777778,0,0,0,0,0,0,0,0,0,0,0,0,0,0,0,0,0,0,0,0,1,150.000015727529,87.8348974065203,-7.61562543068429,247.623567336736,232.623703572545,3167.4013123633,-9.64144713988127,1.84189574002708,-0.16101297878346,-0.0490017258618894,1.84189574002708,-0.16101297878346,1.17280639589626,-0.083213142890324,-39.6740777002396,0.27598622833559,4.19062076866993,735.578387667949,1.13258183418394e-17,0.782967742943443,0.612779502135194,0.52281559212582,0.583790834288095,0.665528455369231,0.738106072284136,0.0122321864951047,0.00842300760337465,0.00602667440891574,0.0060384585980627,0.00625281429017811,0.00628267190917613,460.345182793462,6.33072179981249,17.3232166618681,7.26597418425391,122.187911663272,118.914478586293,2499.48027824731,232.13066425136,16.1481859046029,0.0973747575070616,0.31649970319049,0.00470902377425588,0.0973747575070616,0.31649970319049,0.432367058000418,0.0631738369413075,0.396366525720883,0.502564273625205,0.308738919878567,0.100075721903845,1.170187385539e-15,0.126044878383319,0.0709035302996997,0.0504073498235653,0.0587915160523266,0.0672641243423339,0.0813939065312335,0.0115534575855398,0.0032932596183095,0.00152602146412801,0.0014177424483206,0.00132663107499941,0.0011614935527925,0.398680075399525,0.00498844422243421
15,5.44444444444444,1.27777777777778,0,0.0391755263706483,0.121086095476339,0.206556180946425,0.29202626641651,0.377496351886596,0.487893475088597,0.0391755263706483,0.121086095476339,0.206556180946425,0.29202626641651,0.377496351886596,0.487893475088597,0.0391755263706483,0.121086095476339,0.206556180946425,0.29202626641651,0.377496351886596,0.487893475088597,0.555555555555556,1,150.000015727529,83.4553234038121,-11.2147216326424,243.401407145089,298.433075721279,2931.04041245704,-12.2329062189355,1.62425622331007,-0.153716119258411,-0.0378098448078325,1.62425622331007,-0.153716119258411,0.777426777554421,-0.0695031463752734,-39.2595229663576,0.258418097152588,3.62566743047599,731.56080616602,1.10502321529007e-17,0.805143505884804,0.616537162795541,0.5635588272055,0.627658816789918,0.604612592438288,0.61698733465264,0.0118931246603375,0.0134934594313092,0.0111553430892615,0.0127701368607437,0.0132645266118113,0.0157022320591605,429.77143005937,5.94272867409642,17.3232166618681,6.56200575298208,121.705825286635,119.646386833369,2496.73124368399,169.354500702904,13.9881860548127,0.0516297331271119,0.321511077246592,0.0022610181350805,0.0516297331271119,0.321511077246592,0.377970987538803,0.0652225770052481,0.402275508719087,0.511779362535286,0.163410351029213,0.102225934553391,1.19879301755232e-15,0.129803683161339,0.0695025547494438,0.0490563068006151,0.0482849023334403,0.0422015443136344,0.0467208613512807,0.0121039513157144,0.00377128317953651,0.0020533382859247,0.00172431369155736,0.00116830994716775,0.000945532723905561,0.407202507114706,0.00514838360577505
1.66666666666667,22.5555555555556,1.27777777777778,0.166666666666667,0.0391755263706483,0.121086095476339,0.206556180946425,0.29202626641651,0.377496351886596,0.487893475088597,0.0391755263706483,0.121086095476339,0.206556180946425,0.29202626641651,0.377496351886596,0.487893475088597,0.0391755263706483,0.121086095476339,0.206556180946425,0.29202626641651,0.377496351886596,0.487893475088597,0.555555555555556,1,150.000015727529,156.165248411624,-8.64792750442663,620.45121341527,59.0984685970211,3764.3708988647,-45.7049234454745,0.76509229077492,-0.310077873638163,-0.0133998536506614,0.824926351088845,-0.0318885907374232,-2.47228097728361,-1.03800531923758,-101.059299031351,0.010427375846266,0.988845680147901,1173.70857202375,19.8486918029366,1.56303780856161,0.937525268201229,0.516571534215185,0.330619862514321,0.129810413751693,0.0206887218936569,0.0560618850782211,0.0148708466618061,0.00973579616706594,0.00662718175190084,0.00909055004687011,0.0107833152796583,4999.96958650141,43.0933746484746,17.3232166618681,50.0284494036399,116.302268263058,117.337878656203,2409.17552198217,1349.94785610057,16.1389343519817,0.508104323696836,0.484759566958339,0.0109143452012193,0.614451482843655,0.3400176709779,3.39977986072078,0.612141976066141,1.62409454846131,0.539183687646812,1.22419449292609,1.15192703230492,0.00729275500133497,0.20171661518377,0.175511593174168,0.140102702563714,0.118838689494336,0.0879020925412576,0.0764227174256287,0.0559327441224499,0.0115851360193269,0.0046251488102873,0.00142602482154074,0.00181880548696008,0.00317721295655762,4.60521804652986,0.0155739545844929
1.66666666666667,22.5555555555556,1.27777777777778,0.166666666666667,0,0,0,0,0,0,0,0,0,0,0,0,0,0,0,0,0,0,0,1,150.000015727529,150.853621497761,-9.32917245047391,620.632069576085,103.531025966045,3577.12457035725,-47.5654796375378,0.671203641224872,-0.287463695885845,-0.0127062168628268,0.729193187283616,-0.0377508737492969,-2.8331320393709,-1.11585602463597,-101.040858243934,0.0190154704822414,0.772019223299657,1173.6412873659,20.2212790334345,1.56014988022081,0.940578470992605,0.470847567961671,0.304856959691698,0.124532439609728,0.00413277582199771,0.0394029624593271,0.00931959181820644,0.00611198385584835,0.00601252650765546,0.00585247297156547,0.00634930455160921,4999.96823247578,43.0934631809192,17.3232166618681,52.3520062791896,116.031749555712,117.218480089789,2405.30725533308,1443.32047929036,16.4235144965492,0.557466343789903,0.505626823765895,0.0104695637463068,0.670494330344572,0.341849170744966,3.60628873917321,0.646965737413433,1.69711230624472,0.54250488428947,1.35217470456059,1.06000165527374,0.00689877305992315,0.217702755428312,0.187734315118233,0.136202779510656,0.118835193294096,0.0988982131831975,0.0839986316524904,0.0483619661406706,0.0108781978863601,0.00302174753709977,0.00110414716266597,0.00115294514619246,0.00130508918411297,4.22910686622474,0.014467453539665
-15,22.5555555555556,1.27777777777778,0.166666666666667,0,0,0,0,0,0,0,0,0,0,0,0,0,0,0,0,0,0,0,1,150.000015727529,153.197489844808,-9.08416947922091,620.478564732841,106.508141454015,3775.68190813457,-47.0845997291949,0.824587730444745,-0.337999425276533,-0.0101157070096865,0.889756171232162,-0.0502439564649516,-2.22382472662223,-0.996668353567336,-101.080368711592,0.0413921210603062,1.15196373190293,1173.68294969274,19.0564805749401,1.48687685657744,0.965109519841683,0.501750869701073,0.341358212686178,0.151822035204666,0.0405316736752421,0.118679985026039,0.0111160545816477,0.00626658154247474,0.00601577616914904,0.00592939277158629,0.00630847130507239,4999.96958650141,43.0935402562237,17.3232166618681,26.2338787589661,113.267554857699,117.46480163783,2326.52110176578,409.302135315333,23.2798264084458,0.141777346684072,0.333555511422261,0.0037028577221803,0.184270527049921,0.31209444861583,3.17286328593054,0.495605876605962,1.14394319382749,0.495320190947021,0.370831632807597,1.0682393450938,0.00603616382062336,0.440225837761797,0.304334604422413,0.150205294741077,0.074314681952078,0.0472871595959112,0.0366592012731451,0.153762323022919,0.0234067293783321,0.00472498791938581,0.00127503255530282,0.000402215297065611,0.0014119275336377,4.18622641401748,0.0127996040424179
-15,10.3333333333333,1.27777777777778,0.166666666666667,0,0,0,0,0,0,0,0,0,0,0,0,0,0,0,0,0,0,0,1,150.000015727529,228.706936777419,-28.298512416415,514.924226643058,929.224770086449,8262.75002603896,-5.57865527497136,4.64045109884387,-0.463710021666492,-0.30537448182481,4.64045109884387,-0.463710021666492,11.7801071763358,-0.495245106459744,-85.7118800124986,0.779192372559108,10.3845811894594,1087.00947817936,-2.79284998854285e-18,1.30150390584314,0.997939943755859,0.813411905009895,0.853960556192063,0.908052463285074,0.906170201020727,0.0153876451803042,0.00878049416129571,0.00595149436110821,0.00590603083532965,0.00626926862722633,0.00596570370534319,3247.37506509739,30.2205239037606,17.3232166618681,14.6925262251291,125.640162451131,120.435199824464,2668.13689298986,675.993210646263,39.6749800364223,0.52048894113401,0.389520773421641,0.0710651296699366,0.52048894113401,0.389520773421641,1.54668125745348,0.279766126890669,1.00902349482136,0.62830149481025,1.14660011969094,0.688759262315122,1.25069663252926e-15,0.19059313452339,0.0760504959930473,0.04045425810568,0.0493056120798192,0.0601357264377176,0.0869210458815163,0.0318456724783081,0.00695853998467879,0.00303892935674992,0.00279464093051652,0.00250769745649196,0.00205982503914959,2.11020315432726,0.00812701746803417
-15,10.3333333333333,1.1,0.166666666666667,0,0,0,0,0,0,0,0,0,0,0,0,0,0,0,0,0,0,0,1,150.000015727529,196.629267784606,-21.3615412634101,469.463253827726,757.794428882408,7069.96677429434,-1.18019298406416,3.93756410790543,-0.391571757314863,-0.219822091448807,3.93756410790543,-0.391571757314863,8.60255796271222,-0.396128178804291,-78.3021091552963,0.656798354213103,8.78762128944901,1036.59368815748,9.88980440579107e-18,1.41080241641496,1.08803866263931,0.883275481720655,0.920230496823246,0.963703385064055,0.952521851890428,0.0169142588574107,0.00906089031882096,0.00590627499979168,0.00590987947120092,0.00654037363295491,0.00644085588276222,2816.1041558171,27.4816696177489,17.3232166618681,11.8703896127109,124.707460258369,120.692712815072,2634.01748407702,571.051559114211,33.6691423565642,0.446544463164035,0.376890416641938,0.0518647017733839,0.446544463164035,0.376890416641938,1.24428110151311,0.226658429613294,0.883868591147579,0.606730468364163,0.978705813232478,0.491169681977742,1.26677500187877e-15,0.229337630512658,0.0862985649917073,0.0419760672243684,0.044515127965261,0.0537181511067891,0.0800634733062576,0.0431500400076734,0.00827899901780293,0.00349434977554058,0.0029105653614062,0.00250603762304545,0.00213816266220488,1.24163216602928,0.00641885266468599
-15,10.3333333333333,1.1,0.444444444444444,0,0,0,0,0,0,0,0,0,0,0,0,0,0,0,0,0,0,0,1,150.000015727529,195.554358920946,-21.1287956910739,469.072679929174,751.896068117904,7021.14227684616,-3.35778037839808,3.90163628788668,-0.388294983912093,-0.223429942714301,3.90163628788668,-0.388294983912093,8.48258483491302,-0.388963722528903,-78.1991990417666,0.650902565905947,8.70045318196021,1035.99822935111,9.45131738673057e-18,1.40153202791376,1.07021044682845,0.868605395271325,0.902041016560774,0.937385011977918,0.92614793250703,0.0150522332978856,0.00890338175335903,0.00603183110527029,0.00602987341631081,0.00692380150678054,0.00684228424122487,2810.39225080721,27.4444224559942,17.3232166618681,28.5076376097982,126.783399566052,123.887069620526,2718.39197440405,1264.64128295215,31.9468666190816,0.852807050270685,0.409443801984668,0.0950561805215236,0.852807050270685,0.409443801984668,1.71632293068981,0.152007877494116,0.868049846196873,0.661766257718672,1.91008197700401,0.0420439984927208,1.30236299325843e-15,0.148217150801836,0.0324314644066642,0.071677135388872,0.113379064943518,0.131996494221605,0.149099421961719,0.0283743299087482,0.00532396146831353,0.00388288541129522,0.00412651891413751,0.003739329056764,0.00283650427248315,0.836833283131022,0.00507672916444452
15,20.1111111111111,1.34888888888889,0.277777777777778,0.0313404210965186,0.0968688763810715,0.16524494475714,0.233621013133208,0.301997081509277,0.390314780070878,0.0313404210965186,0.0968688763810715,0.16524494475714,0.233621013133208,0.301997081509277,0.390314780070878,0.0313404210965186,0.0968688763810715,0.16524494475714,0.233621013133208,0.301997081509277,0.390314780070878,0.444444444444444,1,150.000015727529,159.566738881366,-10.5180789126133,618.646693052807,163.49582659098,4233.76760754088,-47.9528383165295,1.19944032103947,-0.439573144453703,-0.0384401609103218,1.27461687538798,-0.0850376292261223,-0.641854582876784,-0.730932781068638,-101.077174252682,0.104189040499948,2.08764046695136,1173.67857514842,16.3100385376524,1.4224459014686,0.910516841995626,0.540031900843662,0.400026841345693,0.220742718647016,0.122789077959067,0.139261902639308,0.0189078573626706,0.00898669647735651,0.00849712936152484,0.0088924622435163,0.00973161295698364,4999.99260493699,43.0933579835434,17.3232166618681,74.8027402851398,122.729004632093,118.442063824781,2572.06069557378,2396.47961237646,30.1605133224163,1.04409346333866,0.649294964352627,0.0370148267956733,1.16700953679725,0.387044555771752,3.11673942636937,0.713061881966945,2.12777466493447,0.616213971789001,2.41704998031213,0.658445368212004,0.00544561885322953,0.515539824367101,0.417126869287921,0.323814486858186,0.261967527367182,0.187905080644584,0.15382627112159,0.168296016344455,0.0317532482298369,0.0109584072608973,0.00530789355593917,0.00229894262439649,0.00298175445322863,2.40265640642743,0.00919430649551578
15,7.88888888888889,1.34888888888889,0.277777777777778,0.0313404210965186,0.0968688763810715,0.16524494475714,0.233621013133208,0.301997081509277,0.390314780070878,0.0313404210965186,0.0968688763810715,0.16524494475714,0.233621013133208,0.301997081509277,0.390314780070878,0.0313404210965186,0.0968688763810715,0.16524494475714,0.233621013133208,0.301997081509277,0.390314780070878,0.444444444444444,1,150.000015727529,140.847088844912,-13.2487312639308,314.708676179564,471.517927403395,5030.84230809291,-5.40837921456098,2.75934840120821,-0.263301343223623,-0.107370038537652,2.75934840120821,-0.263301343223623,3.34905804603688,-0.181288941544631,-52.7613061139464,0.440601056567024,6.12487730444745,848.690886366007,-5.99471348817835e-18,1.27133628788668,0.962926299343819,0.8379332569524,0.865248526195185,0.801465264034997,0.775467638787627,0.0187995548814707,0.0144409366793042,0.0109621152602854,0.0151415555671284,0.0147472183105927,0.0177307530465577,1447.19268826164,17.249555254661,17.3232166618681,5.67362594537595,122.98535730592,120.482640479895,2532.86664533106,340.815094548846,23.211978303365,0.242606763782712,0.33169730334162,0.0187292140832336,0.242606763782712,0.33169730334162,0.648884019654204,0.131998996681612,0.522260872446575,0.528605647696327,0.560364555396069,0.221536433474954,1.36160218618989e-15,0.299128550208299,0.187853516178336,0.160571960020738,0.129879458433919,0.115770212978463,0.101578844220969,0.0442595073276329,0.0141464891707272,0.0075279979876251,0.00599572079534129,0.00475446777286048,0.00507396221178398,1.1050794992126,0.0106360282834381
15,7.88888888888889,1.17111111111111,0.277777777777778,0.0313404210965186,0.0968688763810715,0.16524494475714,0.233621013133208,0.301997081509277,0.390314780070878,0.0313404210965186,0.0968688763810715,0.16524494475714,0.233621013133208,0.301997081509277,0.390314780070878,0.0313404210965186,0.0968688763810715,0.16524494475714,0.233621013133208,0.301997081509277,0.390314780070878,0.444444444444444,1,150.000015727529,123.840349963546,-19.1545240797834,308.398083532965,567.518142308093,4369.87917925216,-5.42275411238413,2.37450505155713,-0.247685736887824,-0.0796502895531715,2.37450505155713,-0.247685736887824,2.43300628059577,-0.147499086689928,-50.2819456306633,0.411878346159775,5.24852609103219,828.378273096556,-3.06521476929486e-18,1.30925105718154,0.991898458493908,0.863538037704406,0.883253504843245,0.815443745443183,0.785413009061556,0.0191022107922091,0.0137690437831476,0.0113683496979481,0.0153746368086658,0.0151290086449328,0.0181975710863452,1252.01749817727,15.2887605457765,17.3232166618681,4.14072996312399,122.79424267648,120.180468161747,2529.43845403057,269.843810890348,20.1223886667142,0.200244854804114,0.331404893250568,0.0135619674611079,0.200244854804114,0.331404893250568,0.558863172730596,0.14816631937222,0.512326582003122,0.528219266393511,0.45994791595016,0.221413020907022,1.44577445659649e-15,0.317527673310363,0.193417504334639,0.167807526645308,0.132380949451039,0.116717723833916,0.102812138370777,0.0499222912845006,0.015326156107198,0.00844487339270067,0.00648994075835307,0.00531856079979077,0.00563419410051375,1.05972973688156,0.0106812262031148
15,7.88888888888889,1.17111111111111,0,0.0313404210965186,0.0968688763810715,0.16524494475714,0.233621013133208,0.301997081509277,0.390314780070878,0.0313404210965186,0.0968688763810715,0.16524494475714,0.233621013133208,0.301997081509277,0.390314780070878,0.0313404210965186,0.0968688763810715,0.16524494475714,0.233621013133208,0.301997081509277,0.390314780070878,0.444444444444444,1,150.000015727529,127.171003020519,-15.7415518091866,313.098854286012,506.61263347568,4508.18643891261,-4.4508529033434,2.46302551817519,-0.247067165500052,-0.0851198979272993,2.46302551817519,-0.247067165500052,2.62653181960212,-0.156470257383606,-50.7931819602124,0.412116652213311,5.45750473908969,832.708447036768,-2.40905760858243e-18,1.28993377773149,0.981088740756171,0.854106374336007,0.891625747317987,0.831394938027287,0.806413259035517,0.0154021823403812,0.013827129257369,0.00926838016873242,0.014659590563483,0.0137846950317675,0.0175033381939381,1292.94427663785,15.7068253306946,17.3232166618681,7.95757767294348,122.56967766313,118.377767332752,2507.93954887592,216.539509547898,21.1611403057257,0.0819094944817442,0.32122559957586,0.00521978741684755,0.0819094944817442,0.32122559957586,0.664362237767757,0.198642229451073,0.522026209742255,0.510906794044938,0.228961696222127,0.259230621527076,1.40653824130768e-15,0.233355475106266,0.117908264550276,0.0815704982731518,0.0569292556922469,0.0515809244193732,0.0527922583518455,0.034807263661054,0.00913711761484778,0.00416230433920002,0.00336592862903861,0.00277525685934078,0.00382886318951859,1.00680952359266,0.00972130435122153
15,7.88888888888889,1.17111111111111,0,0.070515947467167,0.217954971857411,0.371801125703565,0.525647279549719,0.679493433395872,0.878208255159475,0.070515947467167,0.217954971857411,0.371801125703565,0.525647279549719,0.679493433395872,0.878208255159475,0.070515947467167,0.217954971857411,0.371801125703565,0.525647279549719,0.679493433395872,0.878208255159475,1,1,150.000015727529,107.346950317675,-12.960168665764,282.540204145402,381.072822268514,3639.90813456932,-6.98102156973232,1.85547411727945,-0.180637508499115,-0.0480042433079888,1.85547411727945,-0.180637508499115,1.21701287275284,-0.101267300001041,-45.9777419018851,0.296164590486407,4.01103603791272,791.701853973541,-4.80420203103846e-18,1.41019237579419,1.02602399750026,0.888991417560671,0.82335632746589,0.70712160191647,0.609136964899489,0.0291561980873867,0.0197620453077804,0.0223436089990626,0.0309168190813457,0.0332401728986564,0.045248672013332,919.460712425791,11.7479054265181,17.3232166618681,8.05041450087938,121.571072840445,120.053146113676,2503.797149103,196.664945872068,16.1623877478472,0.086049974468658,0.327531670335223,0.00471792046271042,0.086049974468658,0.327531670335223,0.538922161438546,0.307879170457098,0.492058097479444,0.522190161316537,0.153723827559253,0.167651361732366,1.34919674968716e-15,0.272315924770352,0.1203363680961,0.0650602169730786,0.0427462796360037,0.0266669604796884,0.0199686501462218,0.04583529204189,0.0106456260363768,0.00563117233990274,0.00455128952485292,0.00484188449359024,0.00454766713510173,0.779732908798448,0.00896624530808909
-1.66666666666667,7.88888888888889,1.17111111111111,0,0.070515947467167,0.217954971857411,0.371801125703565,0.525647279549719,0.679493433395872,0.878208255159475,0.070515947467167,0.217954971857411,0.371801125703565,0.525647279549719,0.679493433395872,0.878208255159475,0.070515947467167,0.217954971857411,0.371801125703565,0.525647279549719,0.679493433395872,0.878208255159475,1,1,150.000015727529,111.585532757005,-8.66345247567961,287.683418393917,299.77664002708,3782.67805436934,-5.33799950026039,1.91953140297886,-0.174585547392361,-0.0512565055723362,1.91953140297886,-0.174585547392361,1.37136427340902,-0.110471448525154,-47.0200187480471,0.286482514800541,4.1467612748672,800.620518695966,3.34137457556499e-18,1.46663326736798,1.06709884387043,0.916758025205707,0.845034392250807,0.721769524007916,0.618198854286012,0.0224659825705656,0.020167064889074,0.0236807749192792,0.0334420039579211,0.036125736902406,0.0475361347776273,997.957535673367,12.6091792521611,17.3232166618681,5.13573368358841,123.122922564567,118.744542725571,2541.57520324422,91.8627337991171,17.1327830003571,0.0819325019337574,0.33600668174549,0.00522838914467161,0.0819325019337574,0.33600668174549,0.535624644863175,0.424890527802937,0.504923818163172,0.536304403394867,0.107504741582443,0.169950304284711,1.27765174418322e-15,0.0906244642135901,0.0466797323939584,0.0277267765890023,0.0203121372882457,0.0139411827074974,0.0113820151783652,0.0213078331089951,0.00634595015474579,0.00358800306627575,0.00256712506276983,0.00234439753302544,0.00240249793317631,0.797085661307279,0.00890887026969988
-15,12.7777777777778,1.34888888888889,0.5,0.00783510527412966,0.0242172190952679,0.041311236189285,0.0584052532833021,0.0754992703773191,0.0975786950177194,0.00783510527412966,0.0242172190952679,0.041311236189285,0.0584052532833021,0.0754992703773191,0.0975786950177194,0.00783510527412966,0.0242172190952679,0.041311236189285,0.0584052532833021,0.0754992703773191,0.0975786950177194,0.111111111111111,1,150.000015727529,233.872742422664,-24.6722737776273,603.616248307468,718.250267576294,8028.28976148318,-19.576327548172,4.11567347151338,-0.719289896885741,-0.257725416102489,4.16025236954484,-0.385269505440058,11.3716067076346,-0.26885595558796,-100.278903239247,0.635693884418289,9.05550828038747,1173.80856160817,4.62253077804393,1.28812873658994,0.887470815540049,0.670952150817624,0.689310728049162,0.657854765128632,0.631446130611395,0.0149269844953651,0.0104373410607228,0.00598180866238934,0.00607985891053015,0.00681772919487553,0.0072320810332257,4999.9610457244,43.0931861264441,17.3232166618681,49.8781557237777,128.427392587936,124.119005245161,2751.92893756941,1949.69974862273,33.6483165636836,1.16484990875672,0.510778572383601,0.13752062706212,1.19637067327207,0.431817527501989,2.78278862165365,0.351909679364342,1.41829131906691,0.698639480881347,2.64740948235235,0.393453755728366,0.0071848738324576,0.159750134611829,0.0460907439443673,0.0799687460681812,0.110059911144553,0.126315465866753,0.138104233875915,0.0262759512367024,0.00483783405567202,0.00305530196673735,0.00291487008209807,0.00228560136169316,0.00158083924575933,0.802563023286361,0.00590229821095906
-15,12.7777777777778,1.34888888888889,0.5,0.047010631644778,0.145303314571607,0.24786741713571,0.350431519699812,0.452995622263915,0.585472170106316,0.047010631644778,0.145303314571607,0.24786741713571,0.350431519699812,0.452995622263915,0.585472170106316,0.047010631644778,0.145303314571607,0.24786741713571,0.350431519699812,0.452995622263915,0.585472170106316,0.666666666666667,1,150.000015727529,263.462941360275,-37.4446933579835,599.333038225185,1120.43020706176,8992.09144880742,-11.8162498554317,4.5398592854911,-0.593376411822727,-0.300955244245391,4.55450796792001,-0.473826594128737,12.7005084886991,-0.470585360212477,-100.102578898031,0.773626946649308,9.80412831996667,1173.84762003958,1.6216749264139,1.49280710342673,1.07259858348089,0.915207551296739,0.856384334965107,0.740274596396208,0.668108509530258,0.0321012255479638,0.0170082127492969,0.0171201216539944,0.0206439263618373,0.0199197138839704,0.0239777044057911,4986.76960733257,42.9762368503281,17.3232166618681,48.1407555535241,129.42171216677,125.782930843956,2780.774703044,1904.52208686184,38.7566226127639,1.13333125540073,0.44811611898404,0.143226148834069,1.13828623787585,0.428817729230668,2.94473793046523,0.505830349123285,2.21885852191139,0.692005575991333,2.49812604991033,10.8047542974817,1.30462428175749,0.199453664406973,0.105777956342488,0.121107084598082,0.128140877619443,0.130809095000302,0.127681020929915,0.0448225428819926,0.00687233878375148,0.00645980807143051,0.00711462294758814,0.00724064990029555,0.00855730251747194,43.4750723252939,0.408831049227851
-15,25,1.34888888888889,0.5,0.047010631644778,0.145303314571607,0.24786741713571,0.350431519699812,0.452995622263915,0.585472170106316,0.047010631644778,0.145303314571607,0.24786741713571,0.350431519699812,0.452995622263915,0.585472170106316,0.047010631644778,0.145303314571607,0.24786741713571,0.350431519699812,0.452995622263915,0.585472170106316,0.666666666666667,1,150.000015727529,153.64760233309,-8.49503615779606,619.50547859598,80.5541512550775,3400.3295617644,-58.7460118737632,0.416750788303301,-0.180030621747735,-0.0249092052911155,0.453770771305073,-0.0137190870378086,-3.99128152005,-1.29930387667951,-100.968569940631,-0.0276373068180398,0.0454764333298615,1173.71430059369,21.6322403916252,1.49781512342464,0.916223185084888,0.466480397875221,0.242968534709926,0.0385328549713572,-0.0829937575691073,0.132468356882616,0.0171731169009478,0.00997872534111031,0.00645647380481199,0.0122716226434746,0.0178777611707114,4999.98885532757,43.0934183939172,17.3232166618681,67.2875988803578,113.182560283498,117.038104270497,2335.67067455105,2272.75274028203,16.2710726936981,1.08895022982023,0.707804140370952,0.0158179788908275,1.2507959824393,0.349732195091089,3.54079750895798,0.849900361668937,2.43922097505204,0.560912853127654,2.73484051359016,0.933928002248562,0.00483163593895675,0.377868223398835,0.198608106036056,0.101637597410522,0.146086536925528,0.170302097167567,0.202309322572987,0.155188885359707,0.0158068641629151,0.00450158916657871,0.00110763492714873,0.00555123586678976,0.0104365204257562,3.55914033862193,0.0105089659717421
1.66666666666667,25,1.34888888888889,0.5,0.047010631644778,0.145303314571607,0.24786741713571,0.350431519699812,0.452995622263915,0.585472170106316,0.047010631644778,0.145303314571607,0.24786741713571,0.350431519699812,0.452995622263915,0.585472170106316,0.047010631644778,0.145303314571607,0.24786741713571,0.350431519699812,0.452995622263915,0.585472170106316,0.666666666666667,1,150.000015727529,145.033775383814,-11.1927566659723,618.019695865014,182.733506822206,2961.7687561879,-57.4784808874075,0.134612180083012,-0.0695208527132591,-0.0548184771377982,0.151080152031039,-0.0113340353109051,-5.09541215969274,-1.54743915920112,-100.841658160608,-0.0356108100614519,-0.667421538985522,1173.68919904177,23.0227267992907,1.50734236017081,0.889167138839704,0.450475890630143,0.216392496554525,0.00208140947193,-0.124316177364858,0.0754032078346006,0.0172667533147485,0.0103697206540985,0.0117417415894178,0.0140651912300802,0.020676490886366,4999.98948026247,43.0934610978019,17.3232166618681,114.704270758635,116.049908841654,115.372534113009,2422.90404027462,3875.23539834714,28.6223713064128,1.70093547850008,1.07262195141572,0.0390495722728192,1.97071681374639,0.400016709225661,4.17319231189194,1.34997011242268,3.64935571942276,0.641771059834335,4.19921371818036,1.08467400731698,0.00450014345306402,0.259601627430962,0.312332050165616,0.330449319760985,0.319715372751527,0.286881968853628,0.273610978018565,0.0802089235923232,0.0190932100708719,0.00909532467514947,0.00649547122708298,0.00916477322417258,0.0129683815612541,4.432008779729,0.00875528245326037
1.66666666666667,25,1.34888888888889,0.222222222222222,0.047010631644778,0.145303314571607,0.24786741713571,0.350431519699812,0.452995622263915,0.585472170106316,0.047010631644778,0.145303314571607,0.24786741713571,0.350431519699812,0.452995622263915,0.585472170106316,0.047010631644778,0.145303314571607,0.24786741713571,0.350431519699812,0.452995622263915,0.585472170106316,0.666666666666667,1,150.000015727529,151.630032288303,-9.31966145505676,620.43379856265,85.3688128319967,3208.01772263306,-56.0061649828143,0.267557231070722,-0.113428381594521,-0.0154300324966149,0.290608192959067,-0.000654801885220285,-4.62048039370899,-1.44802085168212,-100.944753671493,-0.0512392542547652,-0.345535017331528,1173.67899177169,22.8457202374745,1.54922820539527,0.922022070617644,0.479327434642225,0.249907886301427,0.0433841389271951,-0.086044626705864,0.0675376833986043,0.016051006331528,0.0100562870534319,0.00657134777627331,0.0111814107905426,0.0164773026768045,4999.95875429643,43.0933506926363,17.3232166618681,67.2271264023822,113.997613243211,116.522291832921,2370.6197311263,2003.42527506985,18.8066079283394,0.818829704487098,0.642594829732882,0.00963438893495512,0.980314855268264,0.349844371236259,4.19691704148301,0.824631838973418,2.20880885703588,0.557071890453475,2.05255755091193,1.50141088647858,0.00777847295062509,0.210886946658724,0.208892599401492,0.18317564697628,0.158506603980001,0.123153705697323,0.134153492202933,0.0652558997511959,0.0131937239561871,0.00570918294120388,0.00134209056682472,0.00408670029919007,0.00933263946126723,5.79298845859321,0.0182297496608502
1.66666666666667,25,1.17111111111111,0.222222222222222,0.047010631644778,0.145303314571607,0.24786741713571,0.350431519699812,0.452995622263915,0.585472170106316,0.047010631644778,0.145303314571607,0.24786741713571,0.350431519699812,0.452995622263915,0.585472170106316,0.047010631644778,0.145303314571607,0.24786741713571,0.350431519699812,0.452995622263915,0.585472170106316,0.666666666666667,1,150.000015727529,148.223526715967,-8.11076882720549,620.444464118321,68.0531799291741,3337.64018331424,-44.8902510155192,0.472254063440267,-0.210703064337048,-0.0137029944797417,0.516892568794917,-0.0155554167399229,-3.63590831830018,-1.31825528663681,-101.002463285074,-0.0202340760129153,0.25986575577544,1173.75523382981,22.3213915217167,1.56672357046141,0.968583043432976,0.530155421310279,0.296687061035309,0.0845527890671806,-0.0495012861396729,0.0818348583972607,0.0164774671417978,0.010715091657119,0.00772313540256223,0.00988212519529216,0.0153511811269659,4999.96719091761,43.0933819393815,17.3232166618681,61.4275379847954,114.617171847517,116.901485585562,2381.16573581696,1770.51931273406,17.1354911036733,0.709559062606621,0.587416313936809,0.00898200785873898,0.853730301396555,0.345934334057368,2.74383127000876,0.69616690139161,1.98815991254339,0.549686409676687,1.77127187183144,1.54180628309422,0.00780096995750422,0.20237391763042,0.206180772568705,0.185100483701961,0.160893277803883,0.121912402941072,0.130314895451325,0.0741549346535339,0.0138516218602902,0.00623167489996789,0.00272964619941045,0.00265062403252979,0.0084756441805821,5.89899943086265,0.0198790311118706
-11.6666666666667,25,1.24222222222222,0.222222222222222,0.0156702105482593,0.0484344381905357,0.0826224723785699,0.116810506566604,0.150998540754638,0.195157390035439,0.0156702105482593,0.0484344381905357,0.0826224723785699,0.116810506566604,0.150998540754638,0.195157390035439,0.0156702105482593,0.0484344381905357,0.0826224723785699,0.116810506566604,0.150998540754638,0.195157390035439,0.222222222222222,1,150.000015727529,153.126299343818,-7.87672429242788,620.679272992396,24.3873855848349,3496.38620976982,-48.0363847515884,0.537093231809187,-0.224046023635038,-0.00694646963857931,0.581899034695344,-0.00775661685241121,-3.446715316842,-1.24710840433288,-101.031830017706,-0.0333025863347567,0.386985672992397,1173.71055098427,21.8798687636701,1.51893427767941,0.996891709196959,0.506432986147277,0.308040391625872,0.081422375103635,-0.035568130921154,0.113802947164879,0.0135898677227372,0.00698464847411728,0.00605402301843558,0.00955682418498073,0.00853798385584838,4999.95740027081,43.0935173419441,17.3232166618681,35.7483585424673,111.466245575131,117.364979850663,2290.87025144357,804.196525132265,18.2862084267498,0.336091691921204,0.400663263713917,0.0036072614525744,0.417360497169074,0.315116972295205,2.76741361177111,0.615983615691118,1.41413399392337,0.501092604517169,0.886836684486598,1.37623509624436,0.00693597687652898,0.342523783165919,0.24811051016047,0.120690944825378,0.0660052372891472,0.0610427330998334,0.0783583731361035,0.135792434114313,0.0199239281493511,0.0043541598128088,0.000903573060820723,0.00147715746174678,0.00200518416752099,5.39690861271874,0.0161416882719041
-11.6666666666667,25,1.24222222222222,0.222222222222222,0.0548457369189076,0.169520533666875,0.289178653324995,0.408836772983114,0.528494892641234,0.683050865124036,0.0548457369189076,0.169520533666875,0.289178653324995,0.408836772983114,0.528494892641234,0.683050865124036,0.0548457369189076,0.169520533666875,0.289178653324995,0.408836772983114,0.528494892641234,0.683050865124036,0.777777777777778,1,150.000015727529,150.613300697844,-7.740858227268,620.737110717634,67.5348564628684,3409.99802103948,-50.0554713050724,0.514486528080409,-0.227711531699823,-0.00648866107697116,0.562250215366628,-0.0205757453390272,-3.48036439454224,-1.27319343537132,-101.031210290595,-0.0112665757733569,0.371723882744505,1173.71044682846,21.7789355275488,1.507526195188,0.953384959900009,0.52593099677117,0.286226715967087,0.0713609030249975,-0.0345616259962504,0.131852156181231,0.019203874205187,0.0121530430163525,0.00677746807624205,0.0104651708155401,0.0117368535569212,4999.95594208937,43.0933329861477,17.3232166618681,36.323140740874,112.613407491105,117.259271269665,2315.34338587068,788.086880452858,17.9329960527037,0.309824743405018,0.402595233795718,0.00358148063142106,0.395593365173102,0.31871821551173,3.58916168969181,0.598439591459004,1.41175412225741,0.506580342252682,0.830322066303735,1.40612655691923,0.00749806288562348,0.326373223163475,0.235508491740967,0.122516102383592,0.0621520812682441,0.0534688933623487,0.0767124205151505,0.148628174794952,0.0195386463510475,0.00653328105302664,0.000878139052584199,0.0014989300648665,0.00622945619418089,5.59376851490229,0.017467065566633
-11.6666666666667,25,1.24222222222222,0.5,0.0548457369189076,0.169520533666875,0.289178653324995,0.408836772983114,0.528494892641234,0.683050865124036,0.0548457369189076,0.169520533666875,0.289178653324995,0.408836772983114,0.528494892641234,0.683050865124036,0.0548457369189076,0.169520533666875,0.289178653324995,0.408836772983114,0.528494892641234,0.683050865124036,0.777777777777778,1,150.000015727529,149.410455160921,-8.34687475783772,619.592677846058,96.3969495990001,3340.86294169253,-52.2405811894594,0.451692637489428,-0.204604880946776,-0.0248626008749089,0.495379250536403,-0.0220724277262785,-3.74492353596501,-1.30573896046245,-100.977510675971,-0.0108303764587022,0.194923022268514,1173.71950838454,21.8178533486093,1.53057025309864,0.924757952296635,0.486649036558692,0.249863930943756,0.0434429898770961,-0.0723524379012603,0.110701350888866,0.0176692925736902,0.0115160649932299,0.00654029819810436,0.0131581761274867,0.0192414732840329,4999.97968961566,43.0935131757111,17.3232166618681,71.3496809947545,114.201679347101,117.047589749521,2362.89192606747,2352.34914038571,14.6297184181896,1.07775496701274,0.716986708686832,0.0163000127230668,1.24489440479161,0.354751244277688,3.47735462307974,0.84349201985918,2.44014013654005,0.56735534446218,2.68346160489499,0.988245292571147,0.00551000524464955,0.29361633889317,0.154967396219919,0.133838960342578,0.173847629701068,0.189186437557985,0.20430549170301,0.123547222732064,0.0128736250920615,0.0053350756093268,0.00134248253135977,0.00747206375474095,0.012420513393196,3.84424677650268,0.0121852052680383
5,25,1.24222222222222,0.5,0.0548457369189076,0.169520533666875,0.289178653324995,0.408836772983114,0.528494892641234,0.683050865124036,0.0548457369189076,0.169520533666875,0.289178653324995,0.408836772983114,0.528494892641234,0.683050865124036,0.0548457369189076,0.169520533666875,0.289178653324995,0.408836772983114,0.528494892641234,0.683050865124036,0.777777777777778,1,150.000015727529,141.492165930632,-10.182311633684,618.314915113009,181.619461962296,3026.49115961879,-52.5750611394646,0.285663420799917,-0.147588680491616,-0.0488903374648474,0.320461553400687,-0.0262761945318196,-4.3508838043433,-1.45889094108635,-100.898448078325,-0.00542623575669201,-0.198064967336736,1173.72346630559,22.6375585876466,1.46778829288616,0.909759098010624,0.481937012726799,0.245552935393188,0.0330062415154671,-0.0887382057687742,0.116802193401729,0.0217609385522341,0.0121453669637538,0.0131440942818456,0.0161379835433809,0.0213671791480054,5000.00135402562,43.0934808874071,17.3232166618681,110.790460238215,116.945780810232,116.004205996017,2453.86589741378,3703.86540317809,29.7010039759165,1.6017425304626,1.01836554191534,0.0334423607060351,1.8552989347536,0.400661056448887,4.20671690359142,1.23959764742883,3.43983838156508,0.640846722096473,3.92465007120196,0.78652737829477,0.00429599249359878,0.324740243429287,0.379669660849483,0.374660861162859,0.346940146178387,0.297369359759713,0.269219996786533,0.12544129228278,0.0267506203812646,0.012297147222261,0.00776290560546849,0.0098120364574025,0.0149879567584968,3.11703956767048,0.00743911917136419
5,12.7777777777778,1.24222222222222,0.5,0.0548457369189076,0.169520533666875,0.289178653324995,0.408836772983114,0.528494892641234,0.683050865124036,0.0548457369189076,0.169520533666875,0.289178653324995,0.408836772983114,0.528494892641234,0.683050865124036,0.0548457369189076,0.169520533666875,0.289178653324995,0.408836772983114,0.528494892641234,0.683050865124036,0.777777777777778,1,150.000015727529,257.235652536194,-42.0589088532444,582.40603062181,1288.58819777107,8758.75023435059,-0.693057353504845,4.4294136027497,-0.493806843022602,-0.274154785959796,4.4294136027497,-0.493806843022602,11.9330499947922,-0.555610675940007,-97.1327580460369,0.804848755119258,9.52437214873451,1155.81981043641,-1.18231958348089e-17,1.58873908967816,1.23647312779919,1.05468242891365,0.955274336006668,0.834846401416519,0.735548651182168,0.131530286588158,0.0364945529745443,0.0347209587542965,0.0366055594208937,0.0310219737527341,0.0371702239350068,4680.76773252786,40.9687043016353,17.3232166618681,26.3716540257892,124.934700144214,123.725487016969,2624.51207409342,1108.41759443465,36.484792922196,0.685927656579598,0.3714079905217,0.0822043822727999,0.685927656579598,0.3714079905217,1.95193960966827,0.307897072624461,0.896548716313293,0.596329804720567,1.51701578735854,0.384365285106799,1.45947776363201e-15,0.278778192038425,0.191705786060462,0.162836223718086,0.134009487699096,0.128607089463318,0.110357726831235,0.118936328991859,0.0334932782799076,0.0247278038892198,0.019990751887676,0.0123101817432486,0.0134398403342549,6.54054695993518,0.0519596012064734
5,12.7777777777778,1.42,0.5,0.0548457369189076,0.169520533666875,0.289178653324995,0.408836772983114,0.528494892641234,0.683050865124036,0.0548457369189076,0.169520533666875,0.289178653324995,0.408836772983114,0.528494892641234,0.683050865124036,0.0548457369189076,0.169520533666875,0.289178653324995,0.408836772983114,0.528494892641234,0.683050865124036,0.777777777777778,1,150.000015727529,241.138558483491,-30.3856940766587,605.586407665868,855.39060509322,8025.82116446204,-19.0393931459223,3.87390657223206,-0.627224199906155,-0.218435373398604,3.90584032913238,-0.382245007790855,10.1270524945318,-0.316684788178314,-100.498015831684,0.618394935940007,8.2923264243308,1173.86105613999,3.65122976773253,1.43187103426726,0.989941110301009,0.81903982918446,0.747162514321425,0.62154731798771,0.545085834808874,0.0317622821393605,0.0181980481818561,0.0182204960941569,0.0200699296948235,0.0187216121237371,0.0212244332881991,4999.8690761379,43.0878877200293,17.3232166618681,43.1023476807062,127.932555004923,123.785352179438,2701.12042430431,1645.93604801655,33.7161591221784,0.927755349800174,0.43414266752197,0.0985146749611269,0.944221339816601,0.395670043245824,2.37458900723593,0.369765164892792,1.81607686435605,0.634679025025055,2.04770808011121,8.15048981714918,0.707784365491795,0.268847428509382,0.211582729432584,0.187628315740555,0.165952523104911,0.148387012021998,0.127671514145977,0.047785707180917,0.0167813930174849,0.0104818339911353,0.00874613101287235,0.00698992499835737,0.00808228235837965,6.75463134869753,0.292697860956587
1.66666666666667,17.6666666666667,1.27777777777778,0.0555555555555556,0.0626808421930373,0.193737752762143,0.33048988951428,0.467242026266416,0.603994163018553,0.780629560141755,0.0626808421930373,0.193737752762143,0.33048988951428,0.467242026266416,0.603994163018553,0.780629560141755,0.0626808421930373,0.193737752762143,0.33048988951428,0.467242026266416,0.603994163018553,0.780629560141755,0.888888888888889,1,150.000015727529,173.4780752005,-12.6853399520883,619.20395792105,237.948955680138,4942.78512654932,-35.4960399958338,1.72640287470055,-0.536340682220603,-0.0421207165920217,1.80275908759504,-0.134840149978127,1.53037516539944,-0.483957726936777,-101.099058431414,0.193450458531403,3.36765795229664,1173.63941256119,12.9809696906572,1.54084074575565,0.9160234038121,0.619453317362776,0.470041016560776,0.302308978231434,0.216339277158629,0.035981734788772,0.0175368051244662,0.0160173379856265,0.0111624878658473,0.00628852640349963,0.00851148682428913,5000.0109363608,43.093538173107,17.3232166618681,27.5041889893417,120.311700540027,117.563857988612,2480.67851531868,571.416365427835,18.4650718509993,0.167644812923241,0.375007207739375,0.0111243379628382,0.236268237340529,0.336031847589218,1.46521154792089,0.280845526052232,1.21219799882537,0.533170036790357,0.396437592650069,0.648206362366961,0.0064134638650301,0.16671466813974,0.101896886683285,0.064471254250798,0.0417813626808233,0.0271362780050305,0.018794120752311,0.0347652435225103,0.00817607218090276,0.00346649587717669,0.00498014578303643,0.0011413983674805,0.000813720013821763,2.53639860502119,0.00934248951674303
1.66666666666667,17.6666666666667,1.1,0.0555555555555556,0.0626808421930373,0.193737752762143,0.33048988951428,0.467242026266416,0.603994163018553,0.780629560141755,0.0626808421930373,0.193737752762143,0.33048988951428,0.467242026266416,0.603994163018553,0.780629560141755,0.0626808421930373,0.193737752762143,0.33048988951428,0.467242026266416,0.603994163018553,0.780629560141755,0.888888888888889,1,150.000015727529,173.459962503906,-14.4512939183418,618.502666388918,312.413560441621,5088.06197271118,-25.2553985507551,1.90000458285595,-0.561541812311218,-0.0509875367149255,1.97472607020102,-0.160642551627955,2.29008199888553,-0.43055941965212,-101.085400479118,0.23920285030726,3.80781001978961,1173.58764712009,11.8143276742008,1.58869201124883,1.01461345693157,0.717062649723987,0.561044016248308,0.381635756692011,0.284824622435163,0.0565825776164983,0.0183137949171961,0.0165101859181335,0.0167318570982189,0.0122307350276013,0.00485919206332674,4999.99281324862,43.0932996562858,17.3232166618681,25.5932411113155,121.169079095127,117.434699581539,2499.06833339856,529.434085656389,19.1276124518816,0.158869091746408,0.372645134826389,0.0117781141159997,0.2230862915921,0.338136579273232,1.41375112197393,0.279027198533629,1.20038917669948,0.536684711525651,0.36902326110571,0.570315606013732,0.00520901799131499,0.162657572409695,0.100596035324752,0.0643935318359815,0.0421623740717725,0.0275760791091505,0.0191796605028835,0.0476252750480926,0.00905779223049132,0.00380456074795896,0.00192378969495376,0.00485896974022776,0.00117241250499039,2.34619603725355,0.00860394101115998
-15,17.6666666666667,1.1,0.0555555555555556,0.0626808421930373,0.193737752762143,0.33048988951428,0.467242026266416,0.603994163018553,0.780629560141755,0.0626808421930373,0.193737752762143,0.33048988951428,0.467242026266416,0.603994163018553,0.780629560141755,0.0626808421930373,0.193737752762143,0.33048988951428,0.467242026266416,0.603994163018553,0.780629560141755,0.888888888888889,1,150.000015727529,181.057441933132,-15.9874728780335,617.270534319342,365.733165932715,5452.73231955005,-23.2890835018227,2.1528410582231,-0.586973129882304,-0.0649362712217477,2.22367753359025,-0.1858605479574,3.29857314724508,-0.359799902036247,-101.052417456515,0.282788974153734,4.38756848244974,1173.59650036455,10.4733309030309,1.54086626393084,1.05272709092803,0.767032444537028,0.618872075825435,0.43830810332257,0.337835256744089,0.141938414470784,0.0227374977377356,0.0176396795125508,0.017569963545464,0.0166384741172795,0.0107946783668368,4999.98948026247,43.0942047703362,17.3232166618681,21.9007341267124,121.377054474609,117.151277777104,2493.49983522082,441.364379422543,24.963426140692,0.146648205557427,0.368476214295561,0.0128742648475786,0.207828797642634,0.337768504256595,1.4708550063327,0.310432570776545,1.18592382198236,0.537560530707091,0.349462857650672,0.515473327414616,0.00650222494829264,0.360891951207191,0.214138672924922,0.122429421744533,0.0749557303259792,0.0444489627615687,0.0256792967753048,0.158755787454877,0.0221088003444586,0.00758366317782329,0.00341417997852402,0.00267862914149932,0.00604676344371513,1.88905668441372,0.00728549802060114
-15,17.6666666666667,1.1,0.333333333333333,0.0626808421930373,0.193737752762143,0.33048988951428,0.467242026266416,0.603994163018553,0.780629560141755,0.0626808421930373,0.193737752762143,0.33048988951428,0.467242026266416,0.603994163018553,0.780629560141755,0.0626808421930373,0.193737752762143,0.33048988951428,0.467242026266416,0.603994163018553,0.780629560141755,0.888888888888889,1,150.000015727529,183.246203520467,-16.4618678262681,616.770138527236,373.473786293095,5519.65534840121,-23.8579942638267,2.17565961878971,-0.584339683461306,-0.0713959670867619,2.24495177585668,-0.18735126027393,3.374595256015,-0.346822621529007,-101.036589938548,0.284627034517238,4.42212842412249,1173.61962295594,10.2632184147484,1.56196802416415,1.04926587855432,0.760459077179459,0.606491178002291,0.42559129257369,0.32427935631705,0.117025958960431,0.0198198278304343,0.0168760262472659,0.0171813560045828,0.0142856239975002,0.0143700105197375,4999.9963545464,43.0934808874076,17.3232166618681,36.3394392099776,122.804469498988,119.16120141986,2540.27258805223,1194.33863535029,21.5264776939362,0.601366483140879,0.438206497158927,0.0380308097983914,0.652006792260139,0.358537379056295,1.75980230062918,0.324346675775012,1.36042680016344,0.572581807417846,1.37698781791744,0.628561770623723,0.00628118042475941,0.299473789751745,0.117464442563933,0.0434634351488694,0.0550960413947552,0.0690076496907371,0.0765147675073944,0.12466987609036,0.012870440505324,0.00387592067975718,0.00267163389074255,0.00531520950301105,0.00690976529116235,2.26837112100661,0.00872418061362195
-15,17.6666666666667,1.1,0.333333333333333,0.023505315822389,0.0726516572858036,0.123933708567855,0.175215759849906,0.226497811131957,0.292736085053158,0.023505315822389,0.0726516572858036,0.123933708567855,0.175215759849906,0.226497811131957,0.292736085053158,0.023505315822389,0.0726516572858036,0.123933708567855,0.175215759849906,0.226497811131957,0.292736085053158,0.333333333333333,1,150.000015727529,174.161160295802,-13.1151767649203,617.45401520675,285.879478221018,5245.44620352047,-25.6633752234142,2.0598704405791,-0.603213439995834,-0.0674590847828351,2.13959445891053,-0.170480038279346,2.9997431567545,-0.38901921283408,-101.044036037912,0.258306627228414,4.2150474950526,1173.58025205708,11.7662295594209,1.51948442870534,0.977097896052495,0.636522039370898,0.559193427767941,0.404242078950109,0.322594771377981,0.071576891693157,0.0135332735545256,0.00765413329861472,0.00885334756796168,0.00874575887928341,0.00878919883345485,4999.99885428601,43.0935121341525,17.3232166618681,39.4499355019993,121.512348334497,119.147343500825,2524.59360785635,1314.31447461152,20.6572666483807,0.68550387257834,0.475164516660853,0.0413542446679436,0.7504382620721,0.364051556070552,1.92591444447095,0.392313883104077,1.49173628923406,0.582921106090743,1.61871847454315,0.528008817597395,0.00503436162616004,0.340244943313222,0.13007795034673,0.0449999467319929,0.0621447659663273,0.0833167784598488,0.10199480278708,0.0923245592017212,0.0114604411317313,0.00292449667908864,0.0022703535116889,0.00156952961858819,0.00179289434991031,2.04060314299546,0.00754273129942579
-15,5.44444444444444,1.1,0.333333333333333,0.023505315822389,0.0726516572858036,0.123933708567855,0.175215759849906,0.226497811131957,0.292736085053158,0.023505315822389,0.0726516572858036,0.123933708567855,0.175215759849906,0.226497811131957,0.292736085053158,0.023505315822389,0.0726516572858036,0.123933708567855,0.175215759849906,0.226497811131957,0.292736085053158,0.333333333333333,1,150.000015727529,76.2835881678991,-11.7168510817623,231.898007499219,304.72217913759,2675.88657431518,-11.5410380517654,1.49543235079679,-0.145768252216436,-0.0333157004478699,1.49543235079679,-0.145768252216436,0.571231912186231,-0.0622041417123216,-38.5489355275492,0.245352451737319,3.3492149776065,724.663576710759,-3.44198064576604e-18,0.804126174356839,0.627585970211437,0.550196719091761,0.625574148526195,0.628888865743152,0.659936610769712,0.0124394488074159,0.0118134108946985,0.00813397448182481,0.0093677064889074,0.00998111832100823,0.0114761823768357,378.022372669513,5.27690355171339,17.3232166618681,4.67427319537059,123.037031443674,119.997312446807,2557.89840265001,280.674131088778,11.7605515329299,0.24978465606895,0.347570690494999,0.0110040800894983,0.24978465606895,0.347570690494999,0.314086832892687,0.0584331399952028,0.422571680444518,0.556579837720741,0.534523833687343,0.0861882482760076,1.22242014562364e-15,0.0673476309379675,0.0172322031388772,0.0375579145934584,0.0643604510935482,0.078295349318933,0.0843463227694027,0.00794842810696377,0.00194488935841103,0.00158378845082067,0.00191482485227342,0.00166450577329489,0.00125622316163944,0.332038268155396,0.00428532730282667
-1.66666666666667,5.44444444444444,1.13555555555556,0.277777777777778,0.00783510527412966,0.0242172190952679,0.041311236189285,0.0584052532833021,0.0754992703773191,0.0975786950177194,0.00783510527412966,0.0242172190952679,0.041311236189285,0.0584052532833021,0.0754992703773191,0.0975786950177194,0.00783510527412966,0.0242172190952679,0.041311236189285,0.0584052532833021,0.0754992703773191,0.0975786950177194,0.111111111111111,1,150.000015727529,82.0981095719195,-9.01221179148005,246.73957296115,258.217115060931,2910.53056973232,-10.0024477231538,1.65385980627018,-0.151305503473597,-0.040035670242683,1.65385980627018,-0.151305503473597,0.859863773534007,-0.0744830107555463,-39.5279585459848,0.256889005903551,3.73091823768358,734.145609832312,8.63241820435373e-18,0.836413811061348,0.657084366211853,0.557738339756276,0.619772867409644,0.671934600562441,0.719780054161024,0.0121703822029997,0.00967976471200919,0.00602179262576815,0.00609108197062806,0.00683496010832205,0.0073798325174461,449.410613477765,6.19243391313405,17.3232166618681,2.81726344741833,123.020549042792,119.7253828021,2546.28478223116,207.374099173697,13.4157184310354,0.192727373644753,0.340126885553742,0.00952324252329525,0.192727373644753,0.340126885553742,0.327218918412269,0.0589364477681271,0.419975741797134,0.543609189758978,0.414472453449435,0.0924422423461345,1.18688981265619e-15,0.0613965942736352,0.057813203205965,0.0557736442547162,0.0654502902670227,0.0769428330846546,0.067135677526288,0.00699707476708323,0.00304710494567324,0.00174981999663888,0.00162711931846109,0.00145526916567153,0.000947098632485025,0.36300948200081,0.00455368804152602
15,5.44444444444444,1.13555555555556,0.277777777777778,0.00783510527412966,0.0242172190952679,0.041311236189285,0.0584052532833021,0.0754992703773191,0.0975786950177194,0.00783510527412966,0.0242172190952679,0.041311236189285,0.0584052532833021,0.0754992703773191,0.0975786950177194,0.00783510527412966,0.0242172190952679,0.041311236189285,0.0584052532833021,0.0754992703773191,0.0975786950177194,0.111111111111111,1,150.000015727529,78.6710988438704,-12.3200695132799,238.958064784918,320.630313821477,2783.95802520571,-9.95700214675554,1.58519070930111,-0.154227545417144,-0.0366601812311217,1.58519070930111,-0.154227545417144,0.739307790365587,-0.0683756013106968,-38.9699697948129,0.261026186595146,3.57611592542444,728.78714717216,-3.25483965420267e-18,0.815379252161234,0.63577362774711,0.53963306947193,0.60145511925841,0.654382710134361,0.70550487449224,0.0118058316855536,0.00954787990834289,0.00619286615977502,0.00605831246745131,0.00675991875846266,0.00733163295490053,408.843724612023,5.67485511925844,17.3232166618681,1.79186823790135,121.915363725347,120.283998558552,2506.4552746363,187.881205287898,13.5109110616105,0.146384997456504,0.324822405101683,0.00673402195543782,0.146384997456504,0.324822405101683,0.308804680028224,0.0569051015287885,0.400160760825221,0.517147909961033,0.365762489245498,0.0980932597527715,1.24913391012497e-15,0.176085183075263,0.129194530514447,0.104090255102664,0.109619468613248,0.116079183960545,0.105177415575161,0.0167191930896992,0.00607318476616791,0.00313873061043751,0.00255908094526868,0.00207093790171848,0.00134414679957419,0.403079862831458,0.00515927028602047
15,5.44444444444444,1.13555555555556,0,0.00783510527412966,0.0242172190952679,0.041311236189285,0.0584052532833021,0.0754992703773191,0.0975786950177194,0.00783510527412966,0.0242172190952679,0.041311236189285,0.0584052532833021,0.0754992703773191,0.0975786950177194,0.00783510527412966,0.0242172190952679,0.041311236189285,0.0584052532833021,0.0754992703773191,0.0975786950177194,0.111111111111111,1,150.000015727529,79.6932663264243,-12.1458886980523,239.893751692532,318.096915873347,2828.2064368295,-9.47325656077491,1.61583199666701,-0.156144160537444,-0.0377847328403291,1.61583199666701,-0.156144160537444,0.789098641587335,-0.0700107757504426,-39.0305343193417,0.264594457233621,3.64954858868868,729.365014061033,1.05067682220602e-17,0.804313081970628,0.62980201020727,0.53821096760754,0.6032597958546,0.660916956567026,0.718096948234557,0.01176476068045,0.00953110905114051,0.00597684334965108,0.00610422518487658,0.00685805103635038,0.00741286043120509,413.185730653056,5.7305865014061,17.3232166618681,6.80871450764878,121.446189673759,119.783578148721,2488.26865727434,196.926991770376,14.0334665858736,0.0709354665719011,0.317752355057811,0.0029726802359805,0.0709354665719011,0.317752355057811,0.377395790878629,0.060915344715033,0.396132442990686,0.505133645079914,0.235141067053238,0.0990466131329059,1.19124713574653e-15,0.129637916729035,0.0727222967092416,0.0503541616071342,0.0566956186957304,0.0607785771430051,0.0727227285085443,0.0120253014330463,0.00350236449185914,0.0016062789127877,0.0014920793858443,0.00130824320420683,0.00111250740292377,0.384578381080718,0.0048909398656069
15,5.44444444444444,1.31333333333333,0,0.00783510527412966,0.0242172190952679,0.041311236189285,0.0584052532833021,0.0754992703773191,0.0975786950177194,0.00783510527412966,0.0242172190952679,0.041311236189285,0.0584052532833021,0.0754992703773191,0.0975786950177194,0.00783510527412966,0.0242172190952679,0.041311236189285,0.0584052532833021,0.0754992703773191,0.0975786950177194,0.111111111111111,1,150.000015727529,89.1058118945944,-5.84496928236642,248.874379752109,198.081295958754,3207.11863347568,-10.1279656826101,1.85156650348922,-0.157298201326945,-0.0493820851994584,1.85156650348922,-0.157298201326945,1.18576707540881,-0.0849029641224873,-39.8672232059161,0.269544955837933,4.20244162066452,737.372513279864,1.06871130819706e-17,0.780742485157796,0.614072211227999,0.527814498489741,0.594535652536195,0.652869419852099,0.713916862826789,0.0124043200886679,0.00974927309655246,0.00612479825018227,0.00621728278304343,0.00690872721591501,0.00744155160920737,474.086418081447,6.50383470471824,17.3232166618681,7.12181049441521,122.429860067088,118.696086322526,2504.80710040477,222.609494097023,16.2359518223717,0.0898337931656766,0.317810620355555,0.00434003462752971,0.0898337931656766,0.317810620355555,0.431573749642813,0.0645039038907812,0.398419033319731,0.504813168151457,0.28897062306148,0.102416762216941,1.13698988408785e-15,0.125313924031935,0.0707544474058254,0.0501180064757691,0.0578021018632188,0.0627950055418991,0.0748394478199196,0.0114800644524173,0.00338024260932711,0.0015737806992045,0.00147416288078622,0.00130674169958537,0.00113075542856855,0.409065107621058,0.00509340542175895
15,17.6666666666667,1.31333333333333,0,0.00783510527412966,0.0242172190952679,0.041311236189285,0.0584052532833021,0.0754992703773191,0.0975786950177194,0.00783510527412966,0.0242172190952679,0.041311236189285,0.0584052532833021,0.0754992703773191,0.0975786950177194,0.00783510527412966,0.0242172190952679,0.041311236189285,0.0584052532833021,0.0754992703773191,0.0975786950177194,0.111111111111111,1,150.000015727529,169.918768878242,-10.7020613748568,618.964607853349,202.224865472347,4959.27257577336,-37.8159141756067,1.81968128319967,-0.577396177481513,-0.0474395083845433,1.90386553484012,-0.141133039662535,1.99183366253515,-0.472821739652119,-101.088223101761,0.206671249611499,3.63730871784189,1173.63868347047,13.3648984480784,1.4090784189147,0.878848505364024,0.524431746693053,0.447860587438808,0.330088719925008,0.260098187688783,0.0644858910498906,0.0111260001853036,0.00629253077189876,0.0061926291011353,0.0067824013123633,0.00734503114258931,4999.98635558796,43.0931517550255,17.3232166618681,32.2868810075008,121.818308144076,117.829148988831,2515.32029106647,700.178142783827,21.8433194485353,0.194742276463929,0.378700828285682,0.0124600416568976,0.257889204125992,0.338873429153063,1.57946436450656,0.351930828299088,1.22820727612935,0.535921675285228,0.426408809975864,0.618263104648373,0.00499922897051329,0.434556918326539,0.262652450421864,0.148114508926514,0.0939258325346203,0.0631837939305245,0.0375268048206681,0.0899428625132169,0.0162335493582699,0.00415779021436077,0.00167722218676413,0.000577795244040463,0.00026945127452387,2.35962595424802,0.00828419612957848
15,17.6666666666667,1.31333333333333,0,0.047010631644778,0.145303314571607,0.24786741713571,0.350431519699812,0.452995622263915,0.585472170106316,0.047010631644778,0.145303314571607,0.24786741713571,0.350431519699812,0.452995622263915,0.585472170106316,0.047010631644778,0.145303314571607,0.24786741713571,0.350431519699812,0.452995622263915,0.585472170106316,0.666666666666667,1,150.000015727529,174.796396208728,-12.0772706728466,618.704551609207,234.122719704197,5086.65451515467,-37.1278384543277,1.85714446411832,-0.566580035412978,-0.0487185428601188,1.93620154150609,-0.145351386865951,2.08945640227059,-0.444768274148526,-101.086636808667,0.21272333835538,3.69200572856994,1173.59587542964,12.6729382356,1.43751141547756,0.896782366420165,0.601376158733466,0.483227236746172,0.322755275492136,0.246214102697636,0.0903063373117384,0.0162541507150297,0.0121199318820956,0.00980687470055203,0.00786645838975108,0.00833226684720341,4999.96739922925,43.0931590459327,17.3232166618681,29.8244183641749,121.769809468035,117.598644484063,2514.46153153202,620.921657785388,21.0255462047225,0.155044852592547,0.372806612866956,0.0109555753724351,0.220708510874917,0.338093570875931,1.53900767432784,0.298828657477725,1.20555744810543,0.534937922561206,0.334062130368509,0.57536190304938,0.0049834347855238,0.42016762450252,0.244676200370134,0.152820432054781,0.090782128258856,0.0529955377202651,0.0304122449819675,0.110510573823516,0.0171940087434941,0.00615864935549193,0.00417851918255569,0.00161009661283708,0.000908371622989082,2.3355672927657,0.00816296346859809
5,12.7777777777778,1.20666666666667,0.222222222222222,0.0391755263706483,0.121086095476339,0.206556180946425,0.29202626641651,0.377496351886596,0.487893475088597,0.0391755263706483,0.121086095476339,0.206556180946425,0.29202626641651,0.377496351886596,0.487893475088597,0.0391755263706483,0.121086095476339,0.206556180946425,0.29202626641651,0.377496351886596,0.487893475088597,0.555555555555556,1,150.000015727529,250.056108738673,-36.2182821261327,602.363597541923,1092.35957733569,8533.78627226331,-3.08638214915113,4.31864847411728,-0.590213125716071,-0.260520352046661,4.33543432975732,-0.45602286775263,11.9416046245183,-0.465694949007395,-100.24142381002,0.745174401260284,9.34605738985521,1173.73940214561,1.88971030101031,1.53859514633892,1.13432767420061,0.966750276012914,0.917183480887408,0.802915196333715,0.735973908967816,0.0445605665745235,0.0175304693722643,0.0165121156442037,0.0195497388813665,0.0180079079262577,0.0207166368086658,4993.25913967295,43.0365545255703,17.3232166618681,22.311108229755,125.378579421446,120.562521802029,2603.50875272245,877.823408555139,37.7625092161472,0.541922815133775,0.359420178150387,0.0639208342594002,0.539080236263285,0.356896906342809,2.07309909644038,0.452968057479755,2.12208402962839,0.570526858854722,1.19130899877413,10.8369063859356,1.25027257815759,0.216319184340963,0.154741512959571,0.138596862819898,0.114140153895363,0.10546067357119,0.0947576899112263,0.0548081467463745,0.0130440790235134,0.00781367846458294,0.00616179300868782,0.00572001468377164,0.00614525393344455,27.5927663763789,0.378618682365288
5,25,1.20666666666667,0.222222222222222,0.0391755263706483,0.121086095476339,0.206556180946425,0.29202626641651,0.377496351886596,0.487893475088597,0.0391755263706483,0.121086095476339,0.206556180946425,0.29202626641651,0.377496351886596,0.487893475088597,0.0391755263706483,0.121086095476339,0.206556180946425,0.29202626641651,0.377496351886596,0.487893475088597,0.555555555555556,1,150.000015727529,148.925100510364,-8.37220397875221,620.175627538798,67.9583339339652,3332.23341619623,-47.3676011873763,0.44207453196542,-0.194186454119363,-0.0179806267055515,0.482709687272159,-0.0114169069992709,-3.79914203793355,-1.330151166441,-100.98929382356,-0.028622254226643,0.15613162918446,1173.68138735548,22.3600083324656,1.5161625872305,0.969361701906051,0.522781918550151,0.300802099281325,0.083921703294761,-0.0570397732611187,0.0983828821529008,0.0165162239970836,0.00944355265076554,0.00788584157900219,0.0101012615352568,0.0149197231538381,4999.97781481096,43.0932788251229,17.3232166618681,70.8141677493576,115.243555345961,116.742793191577,2399.88605198884,2133.9022699717,21.8374071786377,0.86895115257577,0.664920671426615,0.0120343549357926,1.03445686108728,0.356502991571454,3.11271962383604,0.77998300620513,2.24787228127613,0.567209769996753,2.15345235286592,1.31435836375689,0.00736262615485254,0.268665500902402,0.274234111285373,0.235244065476214,0.199830876931992,0.148738899405273,0.150171782561317,0.100045288564549,0.0181054198384847,0.00707930184030967,0.00323837699347672,0.00308385324398655,0.00708944052721885,5.00314770247533,0.0164740407698346
5,25,1.20666666666667,0.222222222222222,0,0,0,0,0,0,0,0,0,0,0,0,0,0,0,0,0,0,0,1,150.000015727529,144.357487761692,-9.43230293781898,620.21345693157,114.898267261952,3169.5826372357,-48.3901545672326,0.365152584647433,-0.171308501927924,-0.0192818812623685,0.40297930169774,-0.0170304380585356,-4.08023216852411,-1.4041960697844,-100.965826476408,-0.0199940093219456,-0.0189574428601188,1173.68722008124,22.7141089469846,1.51935183835017,0.979387709613581,0.478724753671492,0.276124667951255,0.0764203010186439,-0.0754900450171857,0.0748893450608271,0.0101065264040725,0.0061917628157067,0.00608529934381836,0.00599539433392355,0.00637552119570878,4999.97864805749,43.0934017289871,17.3232166618681,74.3111400242846,114.968183911271,116.526474665884,2387.73820677439,2264.13626566806,22.5611082816357,0.928243537523181,0.693580220733808,0.0130409833574479,1.10261791039766,0.356262814660251,3.25746431533879,0.88500031120491,2.35026739318525,0.567199027190751,2.3012978175021,1.19013838060822,0.00563842879870963,0.285660053554712,0.293837148577826,0.229555311463963,0.20191950385683,0.167223689295079,0.157670174453893,0.0853409820867748,0.0175940342263037,0.00523434532056022,0.00193296615765356,0.00114587525267495,0.00130682542158217,4.58224179636943,0.0149864505863448
-11.6666666666667,25,1.20666666666667,0.222222222222222,0,0,0,0,0,0,0,0,0,0,0,0,0,0,0,0,0,0,0,1,150.000015727529,148.083549630247,-8.4036467576294,620.787345068222,73.0846330590564,3364.75387980419,-47.4859577127382,0.505917672128945,-0.22533766266014,-0.00658165503593376,0.553488028257473,-0.0195364422997604,-3.50925353681908,-1.2886120518696,-101.027709613582,-0.0129975920112488,0.352189367315904,1173.62253931882,21.9873596500367,1.52055452557025,0.997100374960942,0.492243766274347,0.295181762316425,0.0817170086897197,-0.0411358617536715,0.105917614454744,0.0106172424863035,0.00624533631913342,0.00605162555983753,0.00595934183939173,0.00646927965836892,4999.95927507551,43.0934558900119,17.3232166618681,35.6122782686273,111.255576438173,117.327949121445,2290.18375779397,792.705435217084,18.0775036953703,0.332174448693712,0.400104704213231,0.00347557952472017,0.413474483963533,0.315374508779798,3.17010012354689,0.657144387702421,1.42183883779665,0.501386704080805,0.882446193261616,1.25141929804587,0.00671570864050638,0.351203302012326,0.255687730420056,0.119641456961611,0.0655958127606271,0.0607439830168849,0.0807098881075533,0.130443136182472,0.019714661384031,0.0037557344579798,0.000846095901090686,0.00132965982405914,0.00145089496820487,4.78581972857624,0.0161552802559377
-11.6666666666667,25,1.20666666666667,0.5,0,0,0,0,0,0,0,0,0,0,0,0,0,0,0,0,0,0,0,1,150.000015727529,144.647242995521,-9.19414972190396,619.331340485366,129.049305978544,3216.64657047287,-50.1359889594834,0.40218103625664,-0.191751323403812,-0.0315250530153109,0.444794165191126,-0.0260068136881575,-3.92737471252995,-1.35427164126653,-100.952868451203,-0.00508949051140505,0.0777289025414019,1173.69753150713,22.1446765961881,1.54429726070201,0.954827882512238,0.442693188209561,0.244821829511509,0.0501918977836683,-0.0989305859045933,0.0876882537475263,0.0101532503029893,0.006205964691178,0.00603990490573898,0.00598009436517029,0.00627001176960733,4999.98552234142,43.0936964899492,17.3232166618681,76.3542834705715,112.888282221822,116.720708102561,2333.57899921472,2599.39712892423,15.0657207823299,1.24533262059743,0.792713896575282,0.0217038982165503,1.43234308821283,0.357260032200151,3.45446173438997,1.04609530113471,2.70592022630575,0.573953656614839,3.13977499390988,0.805684976220997,0.00498978990000386,0.324740648700678,0.170472006874128,0.127876791725191,0.18578156109106,0.213536381941004,0.25230315841214,0.10855927621599,0.0123507564096147,0.00287616661618649,0.00134125314228348,0.00165996523082642,0.00192673759169672,2.95784598577557,0.00928659187861367
-11.6666666666667,25,1.38444444444444,0.5,0,0,0,0,0,0,0,0,0,0,0,0,0,0,0,0,0,0,0,1,150.000015727529,147.519457348193,-10.7389325799396,619.073346526404,161.28073845464,3066.1420518696,-60.9814602645558,0.180111451690449,-0.0888290970211436,-0.0367968697010728,0.200411247068014,-0.0129173142641392,-4.97969629404645,-1.48966140622852,-100.880308301219,-0.0337635854910947,-0.57636999158421,1173.69461514426,22.5650682220598,1.5294336006666,0.911755556712843,0.403431330069785,0.20556616526716,0.0110662884788043,-0.137305110479846,0.07931420906416,0.00991705303728779,0.00619048911571712,0.00605090219768774,0.00606920164566192,0.00637679752109156,4999.98375169253,43.0938225184876,17.3232166618681,82.0975924285852,111.733621488069,116.007784486186,2306.73167930368,2847.70563400076,15.0816594948104,1.3751374583786,0.858219038439806,0.0273557485827781,1.58075623492157,0.358830040813456,4.79707197497655,1.14959437187976,2.96761716785378,0.578244494664446,3.47823221511066,0.964938016303698,0.00499979493903087,0.338610792725283,0.169188196534107,0.125748968847626,0.183623057234604,0.21096280441018,0.252601945793904,0.100241874907338,0.0117212398677,0.00250917071271218,0.00118947149368443,0.00175706660557252,0.00220003556899232,3.93437660860485,0.00936812843447904
8.33333333333333,5.44444444444444,1.1,0,0.0313404210965186,0.0968688763810715,0.16524494475714,0.233621013133208,0.301997081509277,0.390314780070878,0.0313404210965186,0.0968688763810715,0.16524494475714,0.233621013133208,0.301997081509277,0.390314780070878,0.0313404210965186,0.0968688763810715,0.16524494475714,0.233621013133208,0.301997081509277,0.390314780070878,0.444444444444444,1,150.000015727529,78.1607832517446,-12.1226482262264,240.829058431414,316.59451942506,2727.29819810436,-9.99536994083951,1.5072228934486,-0.148364532694511,-0.0327241214456827,1.5072228934486,-0.148364532694511,0.594591559437351,-0.0646719217758567,-39.0734308926154,0.248799303916259,3.36073961045724,729.742381001982,-2.46333300697844e-18,0.843056171232163,0.653913269451098,0.583880231225915,0.664588667847099,0.643411717529423,0.660529038641808,0.0117624778625143,0.012667433913134,0.00946707072179982,0.0114125599416727,0.0116811149880221,0.0136466159775024,416.041901885218,5.76721039475058,17.3232166618681,6.16321100791783,121.734300684753,119.777133478741,2503.16931686999,139.168398913431,12.8367801362137,0.0465491686821803,0.325466113044285,0.00227378320056378,0.0465491686821803,0.325466113044285,0.342846319813056,0.0654131066254629,0.405703399767671,0.518641216879786,0.0983028891923151,0.0950247611890316,1.12936170420582e-15,0.0872100877412643,0.0467133570850279,0.0322436955205437,0.0331209263014931,0.0301744181312615,0.0348325425010307,0.00873625470110713,0.00285382108048282,0.00154684478923293,0.00136306441710678,0.00100850621915189,0.000829199535766588,0.378755207826665,0.00481271106251343
8.33333333333333,5.44444444444444,1.1,0.277777777777778,0.0313404210965186,0.0968688763810715,0.16524494475714,0.233621013133208,0.301997081509277,0.390314780070878,0.0313404210965186,0.0968688763810715,0.16524494475714,0.233621013133208,0.301997081509277,0.390314780070878,0.0313404210965186,0.0968688763810715,0.16524494475714,0.233621013133208,0.301997081509277,0.390314780070878,0.444444444444444,1,150.000015727529,77.0679345901469,-12.4938039757317,238.719124049578,322.202357358609,2681.21747734611,-10.4811155967087,1.47671388397042,-0.146720579658369,-0.031744025622331,1.47671388397042,-0.146720579658369,0.541796916793043,-0.062476640619727,-38.9425830642641,0.245737002669514,3.28882783043433,728.488397041976,7.84196321945629e-18,0.851872867409645,0.657389782314342,0.583551775856681,0.658264649515676,0.631494875533798,0.648212175815019,0.0116705157896469,0.0126044414123529,0.00938056389959379,0.0113862008124154,0.0115434006874284,0.0136422820539527,406.600656181645,5.64604312050825,17.3232166618681,1.46266709668369,122.211786519055,120.183067312492,2521.20829733764,156.508033575524,12.2944854016398,0.143670876426842,0.331737680059268,0.00633012636878286,0.143670876426842,0.331737680059268,0.285416535603585,0.0610396425036329,0.409858860362096,0.529194635217368,0.321024022401314,0.0951355559605349,1.27578506549763e-15,0.131268346631195,0.100965956529316,0.0888167996567828,0.0931346888483542,0.0893554199810349,0.0786486738250711,0.0127058355243967,0.00529175223761482,0.00331649193980263,0.00286231878248857,0.00192888959479593,0.00120434816827913,0.389661427028804,0.00494452715245993
8.33333333333333,5.44444444444444,1.1,0.277777777777778,0.070515947467167,0.217954971857411,0.371801125703565,0.525647279549719,0.679493433395872,0.878208255159475,0.070515947467167,0.217954971857411,0.371801125703565,0.525647279549719,0.679493433395872,0.878208255159475,0.070515947467167,0.217954971857411,0.371801125703565,0.525647279549719,0.679493433395872,0.878208255159475,1,1,150.000015727529,69.457405478596,-4.83384058535569,223.814152692428,146.671609686491,2329.3739193834,-12.006981505989,1.20679164670347,-0.10334981918998,-0.021207466930528,1.20679164670347,-0.10334981918998,0.0961345920333528,-0.0498450429661494,-37.7977064889075,0.171311417564837,2.63464347463806,717.398177273202,1.55950355483804e-17,0.899555619206333,0.660888542860119,0.615325018227268,0.613018050203103,0.548502218518905,0.503479429226123,0.0126086137237788,0.0174858648057494,0.0171412613269451,0.0192153640245808,0.0199502405999375,0.0268474096448287,324.475742110196,4.57531350900946,17.3232166618681,1.57778404965344,121.72886175543,120.555674113635,2512.81558471463,93.0567555476975,10.1101578139474,0.105282270206329,0.331096729223819,0.0039854873185376,0.105282270206329,0.331096729223819,0.236612282883653,0.0574116103635835,0.402639998541622,0.528270840926517,0.212358023800041,0.10111776461602,1.21644569143274e-15,0.137689891021509,0.100119999292367,0.086710938402294,0.0786528304891051,0.0675642562697615,0.053840680220358,0.013887017874642,0.00595758562561314,0.00406550170419412,0.00313327877311874,0.00180612876018174,0.00376595132787779,0.385229955333073,0.00507192371748499
-8.33333333333333,5.44444444444444,1.1,0.277777777777778,0.070515947467167,0.217954971857411,0.371801125703565,0.525647279549719,0.679493433395872,0.878208255159475,0.070515947467167,0.217954971857411,0.371801125703565,0.525647279549719,0.679493433395872,0.878208255159475,0.070515947467167,0.217954971857411,0.371801125703565,0.525647279549719,0.679493433395872,0.878208255159475,1,1,150.000015727529,69.8048255390062,-4.92062138277262,223.861484220394,148.998797562754,2344.56504530778,-12.4849684528278,1.21674370378086,-0.104466315612957,-0.0216926153525674,1.21674370378086,-0.104466315612957,0.110907705561921,-0.0501048343935007,-37.8108874075618,0.173224015217165,2.65773586084783,717.519747942924,-4.12550788459525e-19,0.879460962399749,0.647935465055723,0.606555306738882,0.607515800437455,0.544348619935424,0.501632454952609,0.0119835964482866,0.0172992759087595,0.0171206186855536,0.0189987043016352,0.0198466888865743,0.0254513915217165,325.372252890324,4.58718341839392,17.3232166618681,1.86409611510003,121.811190265133,120.58036100052,2520.4050341129,136.304954372083,10.1368669905314,0.141573371511137,0.335105372564835,0.00521085923845276,0.141573371511137,0.335105372564835,0.242865333298075,0.0599589025273116,0.407698141920943,0.535149020291169,0.285941996256655,0.0999144373649252,1.17475650548825e-15,0.0491562947273662,0.0305792373292807,0.0403619240592254,0.0482497368873155,0.048343262030735,0.0439781632449522,0.00712544277497713,0.0025363635270328,0.00215980556428621,0.00203241687718281,0.00140962565360542,0.00183999350681797,0.391666866575612,0.00515345757930527
-8.33333333333333,17.6666666666667,1.1,0.277777777777778,0.070515947467167,0.217954971857411,0.371801125703565,0.525647279549719,0.679493433395872,0.878208255159475,0.070515947467167,0.217954971857411,0.371801125703565,0.525647279549719,0.679493433395872,0.878208255159475,0.070515947467167,0.217954971857411,0.371801125703565,0.525647279549719,0.679493433395872,0.878208255159475,1,1,150.000015727529,180.297291948755,-16.4083366191022,617.47204457869,363.955548765753,5353.21914383918,-24.0660900780127,2.04862660139569,-0.565384776552986,-0.0621310571815435,2.11791469638579,-0.176046207890845,2.84710452275805,-0.375407567354443,-101.059271950839,0.264501160139569,4.11899604207895,1173.67138839704,10.6773106968022,1.57256952400791,1.05976364961983,0.757648026247266,0.593452411207165,0.406521789396938,0.298424330798875,0.0879836599312571,0.0206122524737006,0.0182090691594626,0.0184824087074263,0.0149161088428289,0.0138363551713363,4999.98239766691,43.0936558691805,17.3232166618681,33.8303747725181,122.627769886847,118.716378256455,2533.08877997453,1040.04456880269,20.2353791865442,0.497220971413239,0.420368947839405,0.0299020047745716,0.547382316798204,0.352576235077463,1.60595562799908,0.33204808805959,1.32026288460766,0.561742706259764,1.13349974653769,0.706681681689979,0.00726408252579072,0.191410468584184,0.0824635848254381,0.0597482426215559,0.0663691048752799,0.0675451437016217,0.0661121514740965,0.0814230246092045,0.00982066084610232,0.00413791516806872,0.00299590508451801,0.00622474809831071,0.00774596988018114,2.72377696570911,0.0100596087552925
-8.33333333333333,17.6666666666667,1.27777777777778,0.277777777777778,0.070515947467167,0.217954971857411,0.371801125703565,0.525647279549719,0.679493433395872,0.878208255159475,0.070515947467167,0.217954971857411,0.371801125703565,0.525647279549719,0.679493433395872,0.878208255159475,0.070515947467167,0.217954971857411,0.371801125703565,0.525647279549719,0.679493433395872,0.878208255159475,1,1,150.000015727529,176.461535256744,-13.9259131663369,618.57642953859,278.541088801167,5060.75752525779,-36.7138046036872,1.79602208103323,-0.538346411053015,-0.0493434129778148,1.86929671909176,-0.145813799931257,1.79770929093844,-0.449191518018957,-101.084332881992,0.211488133897511,3.51495104676596,1173.63160087491,12.2252494531819,1.5526455577544,0.934616519112593,0.633273929798979,0.478205311946672,0.307021810228101,0.214896659722945,0.0556086017196126,0.0189820324966149,0.0173160189563587,0.013317244870326,0.010060934485991,0.00672837621081136,4999.99739610457,43.0933329861473,17.3232166618681,36.7793701869822,121.354130259448,118.622487151118,2515.55405802337,1124.94027339227,19.1959980818579,0.527091127191931,0.439394790294905,0.0277082806340142,0.587789956911928,0.35410839201192,1.66668205347448,0.350452958075291,1.40405594588607,0.564354693817638,1.21941992873798,0.63162920083642,0.00504177919601548,0.206229477977264,0.0873304766271422,0.0616073024999106,0.0673389353917699,0.0676257755754496,0.0665703239744268,0.0568519680561692,0.00857699212535017,0.00367951237983929,0.00561387208101605,0.00439702406020481,0.00351456560736184,2.40530955437254,0.00883261264721546
-1.66666666666667,25,1.24222222222222,0,0.00276249935955125,0.0263913165318693,0.07679782059691,0.1535028124989,0.256506292237839,0.428472077461249,0.00276249935955125,0.0263913165318693,0.07679782059691,0.1535028124989,0.256506292237839,0.428472077461249,0.00276249935955125,0.0263913165318693,0.07679782059691,0.1535028124989,0.256506292237839,0.428472077461249,0.555555555555556,2,150.000015727529,150.589581293615,-7.97375153421519,621.13708988647,23.0579675242162,3345.22945526508,-46.7378898031455,0.454948901156129,-0.194158993323612,-0.00385814915113009,0.494644974481825,-0.00182257550255182,-3.73352389230288,-1.35500474188105,-101.010068742839,-0.0425398522476826,0.208855070678575,1173.65014061035,22.9006551400903,1.59822883033017,0.978435496302468,0.481623914175607,0.288294406832621,0.064726218123008,-0.0268938362342464,0.0534998511177898,0.0110973906722633,0.00682552713259035,0.00601987407561712,0.00960777710655142,0.0085889987501302,4999.96167065931,43.093796479534,17.3232166618681,34.2621938672278,110.941779794609,117.204261628956,2286.97104319489,504.767005606511,15.0046025648778,0.0854937165398886,0.327337308570723,0.00166889518832868,0.141773407209069,0.30717805277024,2.71343581840403,0.605415645996184,1.10822163071018,0.485066076080359,0.226791389229813,1.55710141737035,0.00754278883573416,0.208034235028097,0.164878840245541,0.105431728072258,0.0757769076038663,0.0430825391929194,0.0449441128396552,0.0610541392404428,0.0121325003885655,0.00379720541864318,0.000957380860884126,0.00180111737688395,0.00320330814006501,6.27455090360572,0.0187158531314588
-1.66666666666667,25,1.42,0,0.00276249935955125,0.0263913165318693,0.07679782059691,0.1535028124989,0.256506292237839,0.428472077461249,0.00276249935955125,0.0263913165318693,0.07679782059691,0.1535028124989,0.256506292237839,0.428472077461249,0.00276249935955125,0.0263913165318693,0.07679782059691,0.1535028124989,0.256506292237839,0.428472077461249,0.555555555555556,2,150.000015727529,154.568951150922,-9.08124673471513,621.259868763671,33.2548069784397,3244.30538485574,-57.0952275804603,0.267953379856265,-0.10071393231955,-0.0024904933965212,0.285929736485782,0.013680150994688,-4.65377010717633,-1.47173521195709,-100.957756483699,-0.0744956838443913,-0.359204129361025,1173.71440474951,23.339204249557,1.57407478387668,0.934668649099052,0.440221633163213,0.246818789709405,0.0416900058941777,-0.0684449058285595,0.0452643626708677,0.0109563550517863,0.00651888053327778,0.00601750380168732,0.0087547466930528,0.0119866283720446,4999.94365170295,43.0934433913138,17.3232166618681,31.5729063939356,109.738217554331,117.464760747388,2260.9307815583,406.393446291532,15.8014863967489,0.110209849715225,0.294443670486025,0.00085283904120305,0.0952268162075384,0.299624749896928,2.65618267167747,0.59343960788346,1.00714153438182,0.472271819506417,0.214073437808897,1.64287913632671,0.00793804438171432,0.212672011828361,0.165599227662557,0.104607352004607,0.0745991818196423,0.0338147750520351,0.0431738838686843,0.0544089669515446,0.0115206620576038,0.00296757613185077,0.00074464081316873,0.00230877800271679,0.00483296037654492,6.39697613762499,0.0203253779259107
-1.66666666666667,12.7777777777778,1.42,0,0.00276249935955125,0.0263913165318693,0.07679782059691,0.1535028124989,0.256506292237839,0.428472077461249,0.00276249935955125,0.0263913165318693,0.07679782059691,0.1535028124989,0.256506292237839,0.428472077461249,0.00276249935955125,0.0263913165318693,0.07679782059691,0.1535028124989,0.256506292237839,0.428472077461249,0.555555555555556,2,150.000015727529,229.048057494011,-22.9634372377877,607.862555983752,618.829802208103,7658.48453286116,-18.5098132520571,3.70867795021352,-0.697813269451099,-0.191092948651182,3.75879522966358,-0.335576992250807,9.60519612540361,-0.235291395803562,-100.558657431518,0.544806625570253,8.00922383085094,1173.64107905427,5.55434558900116,1.31007020102073,0.903658941776898,0.68053136131653,0.699796271221747,0.603316654515155,0.536498021039475,0.012458377740652,0.0106153546710759,0.00602296538601188,0.00869053369440683,0.0106627996042079,0.0143294646391001,4999.99187584627,43.093645453598,17.3232166618681,13.1634568593016,122.899726777443,116.801637344437,2524.42548498014,255.665262100892,34.2829099034526,0.0934460774892732,0.343554906842516,0.0133299238581834,0.121751092321212,0.334566170880062,1.45088737572964,0.26571227402779,1.11011043905796,0.532367136675784,0.174081460214363,0.479708941811535,0.0057107659265764,0.115006490163106,0.0612865563824024,0.0386033576193881,0.0324969188387366,0.0283332565690315,0.0262106892602994,0.0195519765636762,0.00549419352574179,0.0023626521619114,0.00185129184567127,0.00135811334963704,0.00106508584592613,1.53932365816431,0.00573375535071276
-1.66666666666667,12.7777777777778,1.42,0,0,0,0,0,0,0,0,0,0,0,0,0,0,0,0,0,0,0,0,2,150.000015727529,219.798489740652,-18.9933911661285,608.292677846057,510.677704358921,7426.20289553172,-19.9850311404021,3.70514092282054,-0.751575960837412,-0.193765441099885,3.76685220289552,-0.322187957702322,9.81102833038226,-0.203385279977086,-100.534520362462,0.529926710728049,8.14789230288511,1173.65597333611,6.57799927090926,1.22739579210499,0.813614685970211,0.591348067909592,0.602430611394646,0.585920758254348,0.566106936777419,0.0124210830409759,0.00848451132090407,0.00602071887303406,0.00601153775648371,0.00602821601916468,0.00597927080512446,4999.99354233934,43.0935246328502,17.3232166618681,14.4692608372789,122.671760763987,116.727174095932,2520.61351018335,272.595308401389,34.0605497619883,0.0903923210299968,0.342831801898382,0.0130032735195673,0.120255681291601,0.333533029054466,1.54716425767886,0.258824179129919,1.11697586591118,0.530224209843895,0.178081684394521,0.475074547787644,0.00516660949124646,0.110625516943237,0.0601025741001705,0.0371255145119506,0.0310786467981352,0.0312776710371524,0.0319732199107228,0.0176984932208057,0.00479886859872215,0.0019662648531644,0.00147247211577175,0.00119458441003801,0.000931181796714232,1.63463807235987,0.00580343311047771
15,12.7777777777778,1.42,0,0,0,0,0,0,0,0,0,0,0,0,0,0,0,0,0,0,0,0,2,150.000015727529,228.476512863243,-21.2877852963233,605.862660139569,597.100900177065,7827.30475992084,-15.840227156442,4.00661608165816,-0.752413227788772,-0.22630194771378,4.06095990001041,-0.35742585523383,11.0366421206124,-0.22832501313634,-100.37579210499,0.591367220612436,8.85458181439434,1173.6650348922,5.60590313509006,1.24353863139256,0.837297698156442,0.621073992292469,0.638618331423809,0.632868961566504,0.617753723570461,0.0152722223159046,0.00867005737693991,0.00600385553588168,0.0059826808665764,0.00595943849599,0.00584687792938235,4999.9884387043,43.0936725341102,17.3232166618681,8.86590316448044,123.106408146333,117.386081134567,2500.9047979433,125.384514541134,35.8086346676387,0.14376637402288,0.300131405432838,0.0130507070912275,0.115286964228355,0.312173143829728,1.70043888502371,0.231526302525349,0.965411710588717,0.492243791621558,0.414238109111272,0.472002848388197,0.00505455565589301,0.283474163909756,0.152314262600638,0.0881044577924619,0.0668289306532525,0.0617622179803205,0.0623571379980725,0.0391653759227689,0.00893021657740482,0.00303699513888434,0.00190040798525867,0.0013758931256919,0.00103191711134206,1.48792769398193,0.00542281491367923
15,12.7777777777778,1.42,0.277777777777778,0,0,0,0,0,0,0,0,0,0,0,0,0,0,0,0,0,0,0,2,150.000015727529,228.286272263306,-22.4494190386418,605.711207165921,631.770796292053,7804.00416623268,-17.8224316862827,3.98034069367774,-0.736270461410269,-0.228455733777731,4.03178523070514,-0.360501947776273,10.9131333194459,-0.238771830370795,-100.378259556297,0.595298925996563,8.77459514633892,1173.6742006041,5.37045328611603,1.26447567961671,0.864715946255598,0.639912686178524,0.650527986668056,0.638163253827727,0.614787428392876,0.0194251905093219,0.00929825853582023,0.00614300208603271,0.00603217849182377,0.00609813436100406,0.00594203572544526,4999.99739610457,43.0938985522333,17.3232166618681,29.8055890149753,126.046117403196,121.808892872071,2612.52093270484,1096.84959418979,34.4203830027389,0.618387042416177,0.392038727485199,0.0696439147159615,0.637805423825333,0.35958018200624,1.84233212366575,0.218803750026493,1.03576714811946,0.573159184031743,1.3944346895686,0.468697162537257,0.00496031436779962,0.36328954412126,0.238763235119331,0.170286890115752,0.143785440953549,0.132821286147006,0.113785293770314,0.0545380978765046,0.0146506338860417,0.00593897740015781,0.00362420241016829,0.00226338171255688,0.00123509476697582,1.17610475115481,0.00515567234012681
5,15.2222222222222,1.1,0.222222222222222,0.00386749910337175,0.036947843144617,0.107516948835674,0.21490393749846,0.359108809132975,0.599860908445749,0.00386749910337175,0.036947843144617,0.107516948835674,0.21490393749846,0.359108809132975,0.599860908445749,0.00386749910337175,0.036947843144617,0.107516948835674,0.21490393749846,0.359108809132975,0.599860908445749,0.777777777777778,2,150.000015727529,195.160681179044,-20.452908163733,614.502197687741,517.212410082283,6175.24455785856,-15.1521238652224,2.68108717841891,-0.618198393917301,-0.102425652536194,2.74032444537027,-0.246971785958754,5.43099802103947,-0.277596070388501,-100.935521299865,0.387753051888345,5.59800541610249,1173.67472138319,7.83435558795951,1.5527174252682,1.07070469742735,0.777345307780439,0.739109540672846,0.564736152484116,0.44835608790751,0.0369689677070097,0.0119749055755651,0.00647170817018019,0.0116906843037184,0.0126107708572024,0.0146285452557025,5000.00583272576,43.0936569107378,17.3232166618681,27.9788838664258,124.447625594979,119.085986101618,2581.76424738797,886.967400505917,24.2864648524806,0.438898547743816,0.398005082073557,0.0342100241996907,0.473591442062745,0.356028234466922,1.51688748775805,0.284626153463226,1.21050105052508,0.566954921062966,0.975088928301241,0.468503255024728,0.00391053628443355,0.238054706242151,0.165461200379596,0.1344261912147,0.112217477771065,0.0923373158934318,0.0731964718146346,0.0480359851330836,0.0127972102159923,0.00559815394491571,0.00376273960366818,0.00204612383122245,0.00515308486469701,1.39260223171099,0.00543432248127247
5,15.2222222222222,1.1,0.222222222222222,0.0011049997438205,0.0105565266127477,0.030719128238764,0.06140112499956,0.102602516895136,0.1713888309845,0.0011049997438205,0.0105565266127477,0.030719128238764,0.06140112499956,0.102602516895136,0.1713888309845,0.0011049997438205,0.0105565266127477,0.030719128238764,0.06140112499956,0.102602516895136,0.1713888309845,0.222222222222222,2,150.000015727529,188.520737423185,-17.2189801916467,614.655494219353,434.929970503072,6022.77741901885,-16.8645735928549,2.69617519008437,-0.660941687324237,-0.106406207686699,2.76567576294136,-0.239241136110822,5.66952561191542,-0.274997219434851,-100.915876471201,0.380598142396625,5.74794073534007,1173.58327257577,8.82992532027912,1.49079533381939,0.991062201853974,0.683086282678888,0.644579762524737,0.553566847203417,0.483794750546818,0.024406954668472,0.0101707780138006,0.0060955186178523,0.0062253112175815,0.00726481564420373,0.00821820195812937,4999.98656389959,43.0935600458281,17.3232166618681,31.5016309121102,124.25831751276,119.367235032221,2580.74958573317,1005.36255065774,24.228549787534,0.508993686041622,0.415998134374155,0.0402364534688667,0.550245310411831,0.359663452976736,1.60680125566268,0.288068461798107,1.25945782190422,0.573308590213281,1.15773913617224,0.493042591938603,0.00458813522668509,0.23986340879389,0.172051204203941,0.129277797439366,0.112626568689528,0.102374080173658,0.0895127979300932,0.0392973572858681,0.0114520235529326,0.0045656811159697,0.00278007173221457,0.00166782175343102,0.00122732209757171,1.61455833560371,0.00613831574330979
5,3,1.1,0.222222222222222,0.0011049997438205,0.0105565266127477,0.030719128238764,0.06140112499956,0.102602516895136,0.1713888309845,0.0011049997438205,0.0105565266127477,0.030719128238764,0.06140112499956,0.102602516895136,0.1713888309845,0.0011049997438205,0.0105565266127477,0.030719128238764,0.06140112499956,0.102602516895136,0.1713888309845,0.222222222222222,2,150.000015727529,44.8320904072492,-1.57793440787419,204.314208936569,34.3620256639934,1498.1644620352,-14.9096098323092,0.848659118841787,-0.0612638441776378,-0.0113184022497657,0.848659118841787,-0.0612638441776378,-0.325991477366941,-0.0284675279053224,-33.2260285386939,0.106426966167066,1.93165378606396,672.88048119987,-8.40484726903447e-18,0.213417425268201,0.175574877616915,0.191288928236642,0.272158254348505,0.332506499322987,0.418697375273409,0.012014336006666,0.00803155379647954,0.00600093990209353,0.00600114988022081,0.00715313081970628,0.00789788464014165,18.5634579731278,0.27906973231955,17.3232166618681,3.70712837744064,121.958386246711,120.198356700158,2515.38301628737,46.8532719802453,7.12549892477151,0.0476180300938116,0.329387549713577,0.00173012975761307,0.0476180300938116,0.329387549713577,0.213705141412004,0.0482502561435471,0.349306018559836,0.525243732683803,0.0898662798185428,0.0594437556790326,8.88876412230153e-16,0.0352001957480835,0.0312504203646414,0.0242236385347375,0.0244287706666897,0.0274783720906898,0.0536152909760213,0.000840909985276519,0.000319436005012499,0.000197242047348003,0.000226816557055284,0.000301635097166684,0.00131198680544482,0.167928802898528,0.0025128284240585
5,3,1.1,0.5,0.0011049997438205,0.0105565266127477,0.030719128238764,0.06140112499956,0.102602516895136,0.1713888309845,0.0011049997438205,0.0105565266127477,0.030719128238764,0.06140112499956,0.102602516895136,0.1713888309845,0.0011049997438205,0.0105565266127477,0.030719128238764,0.06140112499956,0.102602516895136,0.1713888309845,0.222222222222222,2,150.000015727529,44.5774856785751,-1.51603642120612,204.463607957504,33.4057865638997,1485.00895740027,-15.1564754713051,0.836231090511404,-0.0603405513900636,-0.0112293540256223,0.836231090511404,-0.0603405513900636,-0.34492026070201,-0.027743582001104,-33.2473711071763,0.104593915029684,1.89909217789814,673.101447765879,2.84583287157588e-18,0.214290594729716,0.175166509738569,0.191955442141443,0.272741995625456,0.333065451515468,0.4133956150401,0.0120292959066764,0.0080513666284762,0.00600356150401,0.00600170732215394,0.00708635173419435,0.00811218125289031,19.9928799083429,0.300459108426206,17.3232166618681,0.985449955618878,122.084983758743,120.265954740343,2519.35664348595,109.078223665817,6.92929911815036,0.128057203814953,0.331528787928309,0.00332522520696698,0.128057203814953,0.331528787928309,0.296964646014474,0.0527835694227425,0.354369429225044,0.52900055488538,0.295569705086381,0.0119455189235088,9.04483450874149e-16,0.0567648747766317,0.0602630134616007,0.0537996975267869,0.0580140541946552,0.0667930393783879,0.0942164924994298,0.00131411652991695,0.000611165476217006,0.000425487601407183,0.000490117851853772,0.000643706048110732,0.00123987757633777,0.0784705826875585,0.00117184265369263
5,3,1.27777777777778,0.5,0.0011049997438205,0.0105565266127477,0.030719128238764,0.06140112499956,0.102602516895136,0.1713888309845,0.0011049997438205,0.0105565266127477,0.030719128238764,0.06140112499956,0.102602516895136,0.1713888309845,0.0011049997438205,0.0105565266127477,0.030719128238764,0.06140112499956,0.102602516895136,0.1713888309845,0.222222222222222,2,150.000015727529,47.9304468284554,-1.40651732944485,204.595367149255,31.4946069159462,1631.75992084158,-17.3759917716905,0.937648797000312,-0.0668412933475679,-0.0138971909176128,0.937648797000312,-0.0668412933475679,-0.203607198489741,-0.031271642762733,-33.2936402458077,0.11664806786793,2.14192740339548,673.563024684942,-7.68171738568899e-18,0.21369244870326,0.174668584522446,0.191561524841162,0.272331590459327,0.332604905738986,0.412834631809187,0.0120306218102281,0.00805236548276221,0.00600414415165086,0.00600239881262368,0.00707615956671181,0.00810398356317051,22.8787032600771,0.343600739506301,17.3232166618681,0.874627836514978,122.173676570684,120.243224945113,2521.35439352218,141.535593880693,7.74656393744423,0.149387894571971,0.332037449871642,0.00423015330658269,0.149387894571971,0.332037449871642,0.30497195646824,0.0531070911914117,0.354326072961201,0.529883373882318,0.348733373618037,0.0482762915735236,9.32572187075618e-16,0.0566354702631691,0.0601066117455265,0.0535854133479869,0.0576538036189338,0.0662485118849691,0.093497655538189,0.00130896497708244,0.000608648681893697,0.000423548947202646,0.000487185537888551,0.000647112059424393,0.00123714780031346,0.0920187682327858,0.00137267321119781
-11.6666666666667,3,1.27777777777778,0.5,0.0011049997438205,0.0105565266127477,0.030719128238764,0.06140112499956,0.102602516895136,0.1713888309845,0.0011049997438205,0.0105565266127477,0.030719128238764,0.06140112499956,0.102602516895136,0.1713888309845,0.0011049997438205,0.0105565266127477,0.030719128238764,0.06140112499956,0.102602516895136,0.1713888309845,0.222222222222222,2,150.000015727529,47.3387043016352,-1.62287881887304,204.051763357983,35.1112291427976,1609.53431934174,-18.5262090407249,0.925303603791274,-0.0664249382564316,-0.0139333517341944,0.925303603791274,-0.0664249382564316,-0.221420710623893,-0.0304226336100406,-33.2094031871681,0.115881336871159,2.1141711280075,672.708384543253,8.16910537204455e-18,0.195922883033017,0.161013278825122,0.181110332257056,0.262708311634205,0.322915581710238,0.400654483907926,0.0120076596187897,0.0080443020518696,0.00599875356733673,0.00599537829392771,0.0071049359441725,0.00804932746588897,17.3949588584523,0.261573690240601,17.3232166618681,3.73511471099941,122.270828637333,120.338442583756,2530.36609666339,197.51288063002,6.75126622988742,0.210770811659082,0.341760531019318,0.00590541433143837,0.210770811659082,0.341760531019318,0.287266552257331,0.0530853750533114,0.36465561382489,0.547407859501893,0.447911063976978,0.027717030463779,9.45742719119383e-16,0.0221215489365895,0.0381380451760752,0.0400869865301281,0.0522542655124237,0.065444985252386,0.104139019519116,0.000570414424603051,0.000334593705118857,0.000280746118431968,0.000414995981661827,0.000612715179175656,0.0012828767607107,0.0749430400017021,0.00112124903171528
1.66666666666667,12.7777777777778,1.31333333333333,0.277777777777778,0.004419998975282,0.0422261064509909,0.122876512955056,0.24560449999824,0.410410067580543,0.685555323937999,0.004419998975282,0.0422261064509909,0.122876512955056,0.24560449999824,0.410410067580543,0.685555323937999,0.004419998975282,0.0422261064509909,0.122876512955056,0.24560449999824,0.410410067580543,0.685555323937999,0.888888888888889,2,150.000015727529,240.460483282991,-31.2390146870118,606.067138839704,888.201439433392,8027.14821372774,-12.5702005892095,3.85326101447766,-0.614595901468597,-0.20682198729299,3.88274429746902,-0.386881548779294,9.98743682949692,-0.329539154914072,-100.502750755129,0.623496011012197,8.20062868451203,1173.71544630768,3.37237496094157,1.46918810540569,1.06673405895219,0.851196427455472,0.841751046765961,0.696480595771274,0.571225747317988,0.0169468354806791,0.0119620105072388,0.00700479328340798,0.0141980624934903,0.0144596409748985,0.0205029153213207,4999.95927507551,43.0932204978652,17.3232166618681,24.1756305229684,126.187262139816,120.596053505383,2634.47819964591,913.178142538229,33.3517462087613,0.515999244982664,0.387192376126549,0.0556735985159655,0.530425875402873,0.367186439015026,1.61323812976472,0.20789920672315,1.0782570644987,0.58677430832322,1.12345133485966,0.555896358799191,0.0290696794727241,0.165736067879034,0.119954202320929,0.108951889864031,0.0887856995640697,0.0805123617028984,0.0639048321360748,0.0274887999733385,0.00957110840843332,0.00501354814824902,0.00400310768040105,0.00222330321142702,0.00155911315938462,1.28148174954998,0.0145295037697014
1.66666666666667,12.7777777777778,1.31333333333333,0,0.004419998975282,0.0422261064509909,0.122876512955056,0.24560449999824,0.410410067580543,0.685555323937999,0.004419998975282,0.0422261064509909,0.122876512955056,0.24560449999824,0.410410067580543,0.685555323937999,0.004419998975282,0.0422261064509909,0.122876512955056,0.24560449999824,0.410410067580543,0.685555323937999,0.888888888888889,2,150.000015727529,237.624841162379,-29.6659178710551,606.735392146651,839.071767899177,7932.82241433184,-12.0662270289553,3.81161483178836,-0.62819493802729,-0.199090761379023,3.84462993438183,-0.376721108995209,9.85484491198834,-0.315019173590251,-100.530206228518,0.607783591219665,8.13178720966567,1173.64691178002,3.76248744922404,1.45177981460265,1.04343975627538,0.828149078221019,0.83186546193105,0.68628142901781,0.566437673159046,0.0152251042127903,0.0117602401967503,0.00606717496812832,0.0133320984272472,0.0141945531715446,0.0201344568274138,4999.98437662743,43.0935683782933,17.3232166618681,10.5650220134195,123.378907892426,116.845066734467,2530.26561047816,202.503345707041,34.6215943503031,0.0784222555889704,0.337442614922953,0.0111654057926254,0.0963374019596721,0.332767202464418,1.39076151974354,0.282607419535324,1.08666982641097,0.529493953769478,0.130275327939421,0.477954728317004,0.00704042447843975,0.12180631420418,0.0614611324122728,0.0394235639591855,0.0282036585377536,0.0259488750133353,0.0223884884474197,0.0214039071497963,0.00628762335046133,0.00292303387230857,0.00229854396933296,0.00153024676043556,0.00107842127051707,1.46613353807569,0.00566924597839445
1.66666666666667,12.7777777777778,1.13555555555556,0,0.004419998975282,0.0422261064509909,0.122876512955056,0.24560449999824,0.410410067580543,0.685555323937999,0.004419998975282,0.0422261064509909,0.122876512955056,0.24560449999824,0.410410067580543,0.685555323937999,0.004419998975282,0.0422261064509909,0.122876512955056,0.24560449999824,0.410410067580543,0.685555323937999,0.888888888888889,2,150.000015727529,256.445474429747,-42.8004887824185,585.119477137799,1300.70789930216,8721.73419435475,8.24633704520363,4.34205030725965,-0.487709344859912,-0.255636079575044,4.34205030725965,-0.487709344859912,11.5077988751172,-0.548141259810437,-97.4557191959171,0.790478427247163,9.25684980731174,1157.17216956567,1.37676309446933e-17,1.67949046974274,1.32990896781585,1.15804968232476,1.0882149776065,0.926626945109884,0.763972221643579,0.0603073102197688,0.0166198707330486,0.0179538931361317,0.0244861014477659,0.0292960649932299,0.0427153681908134,4754.10040620769,41.5591625872306,17.3232166618681,8.16369890291754,123.063465439544,117.573777581433,2527.6726518402,167.8798223631,38.7766624289485,0.0936176781191246,0.333065917767411,0.0131320286816369,0.0936176781191246,0.333065917767411,1.3907842917992,0.376515384704774,1.04932727750093,0.531286310428584,0.13827170844563,0.739820058918265,1.41241840931643e-15,0.147371457894238,0.0615302605412834,0.0461925761774497,0.0303607378832367,0.0232988836895052,0.0197321016512231,0.0476178691737005,0.00996043377715673,0.00527419474719006,0.00373863071771702,0.00277720615261251,0.0023460978179079,7.61848908095593,0.057478861333005
1.66666666666667,25,1.13555555555556,0,0.004419998975282,0.0422261064509909,0.122876512955056,0.24560449999824,0.410410067580543,0.685555323937999,0.004419998975282,0.0422261064509909,0.122876512955056,0.24560449999824,0.410410067580543,0.685555323937999,0.004419998975282,0.0422261064509909,0.122876512955056,0.24560449999824,0.410410067580543,0.685555323937999,0.888888888888889,2,150.000015727529,144.989201124883,-7.90136553379857,621.124091240496,67.1511976877409,3285.12040412457,-42.4820174981773,0.512353796479534,-0.237096719377148,-0.00486304926570149,0.564158910530154,-0.0211679449026143,-3.37087852338298,-1.33442920633267,-101.027159670868,-0.00709268773252783,0.43471696643058,1173.69086553484,22.6841058223105,1.59517060722841,0.993709936464951,0.503854004791167,0.302893406936777,0.0634393796479533,-0.00900648181887304,0.0539841389620873,0.0117547834945631,0.00762779731277991,0.0061873587126341,0.010747459014686,0.00650227403395479,4999.9525049474,43.0934475575467,17.3232166618681,38.8012656601622,112.53339001244,117.009039758374,2328.34627697185,661.667029713335,13.1360983268318,0.0763188089830787,0.368103218149445,0.00267226079046566,0.200520650064039,0.317984976315652,2.22565456413369,0.539231151211143,1.23213014414335,0.502438813969176,0.274861682069588,1.31444256671339,0.00630102905395973,0.194754143233997,0.161731676200653,0.101331423859056,0.0687094023714027,0.0416191443489229,0.0347255387107514,0.0559556200937125,0.0112149730395182,0.00304777076325828,0.000813527335805939,0.000467298915546644,0.000203508784622194,4.99629385828483,0.0171187210058909
1.66666666666667,25,1.13555555555556,0,0.00165749961573075,0.0158347899191216,0.046078692358146,0.09210168749934,0.153903775342704,0.25708324647675,0.00165749961573075,0.0158347899191216,0.046078692358146,0.09210168749934,0.153903775342704,0.25708324647675,0.00165749961573075,0.0158347899191216,0.046078692358146,0.09210168749934,0.153903775342704,0.25708324647675,0.333333333333333,2,150.000015727529,150.536352463285,-7.13891982512239,620.934142276847,-8.55487193000732,3491.56233725654,-39.9543568378294,0.607742099781273,-0.258213790236851,-0.00612426413915217,0.660292782001875,-0.00621099998958442,-3.03749903447557,-1.24627968857411,-101.046775335903,-0.0313688341870639,0.632901581981044,1173.67305489012,22.4805239037606,1.60409696906572,1.02215823351734,0.519164878658473,0.325591188417874,0.0923895958754297,0.00690821836183731,0.0577325870260389,0.0106173930565566,0.00649981751900843,0.00601496000416624,0.010020692532028,0.00722855629621914,4999.95469221956,43.0935454640146,17.3232166618681,38.4678870299405,112.488835898991,117.029985619855,2321.72659301117,656.070539663765,13.5721676474837,0.0795963486019122,0.368266345805601,0.00309056099600298,0.204330512178847,0.316549504272424,2.51335776901244,0.527852691654393,1.23656910965715,0.500628313472107,0.29393650622374,1.28544412315654,0.00691062560547638,0.192243084704897,0.165875573778096,0.101142325687763,0.0686487307591913,0.0484410777722018,0.0303280106790681,0.0585680425197355,0.0114850585367279,0.00313385858112469,0.000915390951351844,0.000561858306051089,0.00141956610572495,5.28341835284686,0.0161597249001879
-15,25,1.13555555555556,0,0.00165749961573075,0.0158347899191216,0.046078692358146,0.09210168749934,0.153903775342704,0.25708324647675,0.00165749961573075,0.0158347899191216,0.046078692358146,0.09210168749934,0.153903775342704,0.25708324647675,0.00165749961573075,0.0158347899191216,0.046078692358146,0.09210168749934,0.153903775342704,0.25708324647675,0.333333333333333,2,150.000015727529,148.596448286637,-7.30527914383918,620.341891469639,27.4107243932923,3560.1601916467,-40.181493689825,0.703134633892303,-0.299870677857619,-0.0100803188313717,0.764077158629309,-0.0224464805968128,-2.64015393125716,-1.15853199572961,-101.066071242578,-0.00334764424539111,0.886488879337569,1173.7095094261,21.4149859389647,1.47596712842412,1.03402250807208,0.560790157275284,0.366585537964795,0.156454039182377,0.0239111412637225,0.160861083996875,0.0191474680960317,0.00654845611988335,0.00646560638475159,0.00809050296844079,0.00946711967503386,4999.96396208728,43.0932402874708,17.3232166618681,38.9546719260115,110.482057732481,117.269929494615,2253.45649842025,1047.14112754806,29.8329857297265,0.446467903485577,0.32856181554353,0.00809952878663485,0.469858967213488,0.29413682742198,3.47024319629159,0.583740443336755,1.07154036356887,0.465191500183942,0.989812123427168,1.23890163843985,0.00503759927280498,0.4565696473871,0.424178704012973,0.286821056667571,0.202298816671302,0.131965412330892,0.0823870137206806,0.199577199742784,0.0395297025476716,0.0103992755593223,0.00383860962549835,0.00187194148491183,0.00168817886312605,4.81202412021833,0.0152510063083508
8.33333333333333,17.6666666666667,1.42,0.222222222222222,0.004419998975282,0.0422261064509909,0.122876512955056,0.24560449999824,0.410410067580543,0.685555323937999,0.004419998975282,0.0422261064509909,0.122876512955056,0.24560449999824,0.410410067580543,0.685555323937999,0.004419998975282,0.0422261064509909,0.122876512955056,0.24560449999824,0.410410067580543,0.685555323937999,0.888888888888889,2,150.000015727529,171.952930944693,-12.2671423830851,619.269742735132,207.577153496511,4796.57827309655,-44.909670867618,1.56395519216748,-0.501341576752421,-0.0414705118216852,1.63816786793042,-0.117063972516405,0.794176408634518,-0.533843213117383,-101.091106134777,0.159855620987397,2.92936908655349,1173.7095094261,13.6862597646076,1.45262699718779,0.891355462972607,0.536951421726904,0.444606311842516,0.263582791375899,0.165450498906364,0.0430386580408291,0.0118721848575149,0.00717038236767004,0.00839024195396313,0.00941487959587543,0.00948284428705343,4999.99864597438,43.0932600770752,17.3232166618681,51.1634073927223,122.599616757451,118.795413009556,2552.32309257582,1567.15285534747,22.035205173691,0.681125156004422,0.497711604302157,0.0302780223719988,0.76023664486086,0.365638154133384,2.35907288844351,0.476468439306554,1.6167942449505,0.581578731007661,1.55098231679102,0.669951940860066,0.00483894947134705,0.341786357356818,0.249075878355867,0.185289697945961,0.154654625219627,0.118698689757841,0.0903945027646814,0.0625393313595023,0.0153233871459652,0.00570833834061604,0.00368612099015433,0.00225375319635595,0.00192138136316821,2.52918346502519,0.00840609642079653
-8.33333333333333,17.6666666666667,1.42,0.222222222222222,0.004419998975282,0.0422261064509909,0.122876512955056,0.24560449999824,0.410410067580543,0.685555323937999,0.004419998975282,0.0422261064509909,0.122876512955056,0.24560449999824,0.410410067580543,0.685555323937999,0.004419998975282,0.0422261064509909,0.122876512955056,0.24560449999824,0.410410067580543,0.685555323937999,0.888888888888889,2,150.000015727529,174.552650765545,-11.8744043380898,619.349474013123,191.721517873138,4892.06186855536,-43.4069399020935,1.61175382772628,-0.511431596878242,-0.0398437583585044,1.68684324549526,-0.117750501148839,0.969679533725654,-0.515614437579418,-101.097564836996,0.161116233246537,3.03472059160504,1173.68055410895,13.6119956254557,1.47714540152068,0.883861076971149,0.529186918029372,0.441138745963962,0.263892198729299,0.166224515154671,0.025249605141027,0.0116497792417457,0.00851057494011041,0.0071253142381002,0.00810801468597021,0.0100027056556609,4999.99989584418,43.0937194042288,17.3232166618681,35.5811256951368,119.367757683292,118.413041423445,2472.51495422872,1046.12868120046,19.1024717447723,0.482390079424602,0.436856699496454,0.0227512747175007,0.550162089888485,0.347661942562102,1.73241150292357,0.40055538104225,1.41690900620451,0.554264991594675,1.14064697170158,0.733233382308295,0.00632096228391698,0.233422690855442,0.101305305669126,0.052634916441885,0.0539021215051927,0.0564703419446187,0.0582493410997856,0.0442628754853177,0.00815370756586647,0.00252944978722174,0.00205686740961183,0.00105214367082406,0.00108680725149129,2.86623664221056,0.0099764309489096
-8.33333333333333,5.44444444444444,1.42,0.222222222222222,0.004419998975282,0.0422261064509909,0.122876512955056,0.24560449999824,0.410410067580543,0.685555323937999,0.004419998975282,0.0422261064509909,0.122876512955056,0.24560449999824,0.410410067580543,0.685555323937999,0.004419998975282,0.0422261064509909,0.122876512955056,0.24560449999824,0.410410067580543,0.685555323937999,0.888888888888889,2,150.000015727529,89.2930017706489,-5.77875395792105,249.420470784293,189.35220973961,3125.37923133007,-14.665705385689,1.69498635558796,-0.144130406749297,-0.0413377023226747,1.69498635558796,-0.144130406749297,0.886372683137173,-0.0759912990678054,-39.9063764191229,0.241865138308509,3.75365180710342,737.665149463607,2.71222182845537e-17,0.81386199354234,0.641626205603581,0.55750968649099,0.640678543901678,0.596042037287783,0.553795698364754,0.0124379823976669,0.010673891261327,0.00803257181543589,0.0116160191646703,0.0139226184772419,0.0200655796271222,476.337600249973,6.53211498802206,17.3232166618681,3.11545762236749,123.603383796743,119.143276702916,2561.81639212592,193.499808951975,14.1071547478391,0.183182513497633,0.343403216953404,0.00930448678345358,0.183182513497633,0.343403216953404,0.34728083126754,0.0653646841794947,0.425643830423063,0.548829370168261,0.377769720557261,0.123389209127601,1.10467611801554e-15,0.0486596610198534,0.0217245122372128,0.0254531211231967,0.0383195376081779,0.0419594848407249,0.0390749473932554,0.0065215891747943,0.00201482365746352,0.00130650653584334,0.00144507822490376,0.00120329364711863,0.000969708880249585,0.50508933922618,0.00627945603090965
-8.33333333333333,5.44444444444444,1.42,0.5,0.004419998975282,0.0422261064509909,0.122876512955056,0.24560449999824,0.410410067580543,0.685555323937999,0.004419998975282,0.0422261064509909,0.122876512955056,0.24560449999824,0.410410067580543,0.685555323937999,0.004419998975282,0.0422261064509909,0.122876512955056,0.24560449999824,0.410410067580543,0.685555323937999,0.888888888888889,2,150.000015727529,88.7188938652225,-4.12263171211332,250.013921466514,156.088248974065,3100.44807832517,-15.2751213984377,1.67731777939798,-0.13866088236642,-0.0417867711696699,1.67731777939798,-0.13866088236642,0.871670990355169,-0.077043922515363,-40.086857618998,0.23288506473284,3.71303874596397,739.325434850543,7.53726460785335e-18,0.802461597750234,0.630862191438392,0.547546599312571,0.627157743985002,0.580114967190918,0.538740839495886,0.0123384563637746,0.0106996316008749,0.00809083928757421,0.0106320064576607,0.0134261392563274,0.0206593021560254,489.075148422041,6.6917766899281,17.3232166618681,9.29471305732485,123.998561239318,119.764097694635,2578.1951738787,487.881846434053,13.5369672047305,0.350585840869587,0.350480831155422,0.0168109755935491,0.350585840869587,0.350480831155422,0.39751093927472,0.0627202463224024,0.434217986534075,0.560746069260768,0.770195203583867,0.0584779245198246,1.24638462486375e-15,0.0501674821754284,0.0748223774149848,0.0912711497244768,0.117332432806115,0.118352109833334,0.100532155447085,0.00608696678339256,0.00366330727075919,0.00323943180223883,0.00399386587969079,0.00292436522629296,0.00279088408044173,0.222600729422517,0.00274315859620791
-8.33333333333333,5.44444444444444,1.42,0.5,0.00165749961573075,0.0158347899191216,0.046078692358146,0.09210168749934,0.153903775342704,0.25708324647675,0.00165749961573075,0.0158347899191216,0.046078692358146,0.09210168749934,0.153903775342704,0.25708324647675,0.00165749961573075,0.0158347899191216,0.046078692358146,0.09210168749934,0.153903775342704,0.25708324647675,0.333333333333333,2,150.000015727529,94.2382533069472,-0.906576488907408,248.613642328924,103.488260363504,3391.54952609103,-13.3628162120612,1.93339433392355,-0.150960455340069,-0.0561179772940319,1.93339433392355,-0.150960455340069,1.35134076658681,-0.0936500631620664,-40.8124487032601,0.259064173586085,4.36932111238413,745.928101239431,6.14492052911156e-18,0.78854141235288,0.61672350796792,0.527712186230601,0.596548255390063,0.627382637225289,0.653967013852724,0.0122994806686804,0.00939176814915112,0.00647571357150297,0.0065295542131028,0.00862596062910113,0.0108446819081346,540.495937923134,7.32985970211441,17.3232166618681,10.9794359315872,122.335418525406,121.936720398895,2550.67168698668,573.382301085369,14.947563874646,0.424076332929846,0.351978506379287,0.0236806200591834,0.424076332929846,0.351978506379287,0.479084908354367,0.0584926749534723,0.44942819353531,0.564483232468152,0.948583513774757,0.0453209452994912,1.20000055118276e-15,0.0495859878082681,0.0736631984696307,0.0881351621647889,0.113956810876459,0.131743665223902,0.124075897573525,0.00584808596689328,0.00335830212083148,0.00256181812050222,0.00269352778317829,0.00243248824961014,0.00166434642529443,0.116985388600742,0.00138721914379873
-8.33333333333333,5.44444444444444,1.24222222222222,0.5,0.00165749961573075,0.0158347899191216,0.046078692358146,0.09210168749934,0.153903775342704,0.25708324647675,0.00165749961573075,0.0158347899191216,0.046078692358146,0.09210168749934,0.153903775342704,0.25708324647675,0.00165749961573075,0.0158347899191216,0.046078692358146,0.09210168749934,0.153903775342704,0.25708324647675,0.333333333333333,2,150.000015727529,85.1236944068327,-5.29652014998438,249.455545255703,184.185556504531,3019.54036037913,-12.1860567470159,1.70348057494011,-0.145181445959796,-0.0437579127174253,1.70348057494011,-0.145181445959796,0.950253461043641,-0.0797275304801583,-39.9208842828873,0.246982968855327,3.83430111446724,737.834506822216,1.95967987949172e-17,0.804721758150192,0.628711811269659,0.536465014061035,0.604648547026351,0.634532736173315,0.660078116862826,0.0123217222845537,0.00926338152275804,0.00632222883033018,0.00639310332257056,0.00850801718570983,0.0107863637121133,477.630236433696,6.54834402666403,17.3232166618681,9.04205721003355,124.163691079887,119.677882317046,2584.36600843831,488.481979645696,13.4416486283861,0.370245256359893,0.353684150750464,0.0183458900108071,0.370245256359893,0.353684150750464,0.413267338171732,0.0590923484142639,0.433673407315138,0.566693435957127,0.823631037343056,0.047541527683651,1.16408833453714e-15,0.0500504213526245,0.0742482098974741,0.0893731036851407,0.115961541497526,0.134142219809883,0.126794179090709,0.006130897829127,0.00353247998029657,0.00268202161053972,0.00283257050194518,0.00254885439070519,0.00173403917703476,0.120300129578544,0.00150356104829689
15,25,1.31333333333333,0.277777777777778,0.0011049997438205,0.0105565266127477,0.030719128238764,0.06140112499956,0.102602516895136,0.1713888309845,0.0011049997438205,0.0105565266127477,0.030719128238764,0.06140112499956,0.102602516895136,0.1713888309845,0.0011049997438205,0.0105565266127477,0.030719128238764,0.06140112499956,0.102602516895136,0.1713888309845,0.222222222222222,2,150.000015727529,143.254294090303,-11.0083620904072,618.266753463181,175.530387876263,3126.35872727841,-57.5987887955421,0.322108064701593,-0.154267780585356,-0.0471008816789918,0.356447940724925,-0.0222348366628476,-4.30786602837204,-1.38746198316946,-100.913045516092,-0.013816937673159,-0.156989394261014,1173.69961462348,22.0218071034258,1.42126293094469,0.957023362149776,0.507412515535881,0.296455012926779,0.0885089345599419,-0.0706692528632435,0.171148721536298,0.026152424925112,0.00672647538277263,0.00641905868690761,0.00708867003437142,0.00828388490782211,4999.9993750651,43.0935506718046,17.3232166618681,111.702052948075,118.6437030384,115.796674664269,2475.6906200247,3664.01476526226,39.8382537063378,1.56770509473206,1.00003184102876,0.0332798594530373,1.81505140192431,0.404169810399989,3.76908697485571,1.2515231111126,3.39194306637541,0.647166813111306,3.82597252265621,0.74524105259271,0.00384798047068113,0.546358578689887,0.526053064994979,0.422137447395664,0.342864008290398,0.271565558295991,0.240260978275445,0.204483695203792,0.0482841204120455,0.0134946797158554,0.00517040000520342,0.0020154189288631,0.00179269399246123,2.81299062850958,0.00761753458425889
15,25,1.31333333333333,0,0.0011049997438205,0.0105565266127477,0.030719128238764,0.06140112499956,0.102602516895136,0.1713888309845,0.0011049997438205,0.0105565266127477,0.030719128238764,0.06140112499956,0.102602516895136,0.1713888309845,0.0011049997438205,0.0105565266127477,0.030719128238764,0.06140112499956,0.102602516895136,0.1713888309845,0.222222222222222,2,150.000015727529,151.131242578898,-8.15805907197166,620.534715133841,43.7824387324237,3441.44186022289,-55.3401062389334,0.527811923924592,-0.225089165482762,-0.0101691658785543,0.57369933508096,-0.0108851123737111,-3.4479029669826,-1.2640674252682,-101.020547859598,-0.0275490862514322,0.382977829215706,1173.73679825018,22.0091115508802,1.4470108217894,0.981483116342048,0.498888610561399,0.303044479533382,0.101163017536194,-0.0196493652320592,0.14956276326216,0.015015166227268,0.00629885613842309,0.00624163285074471,0.00760216914904698,0.00784613040308301,4999.98229351109,43.0932465368195,17.3232166618681,63.2762562802293,116.552217500953,116.851195819836,2424.19090758547,1655.67465791851,28.1798265806181,0.521146282883722,0.535322862864794,0.00796286864357549,0.661765585882646,0.346737425222884,2.4353749207784,0.724220232653251,1.79390946208328,0.547968516815813,1.2376374423524,1.08108207646952,0.00652017325472289,0.493865633291504,0.424122965906946,0.267459445168185,0.176501590548769,0.0966802681781505,0.0550131843578137,0.176621135569238,0.0306327221278051,0.00730903410171728,0.00208935385224114,0.00139742038791206,0.00196773461182564,4.09904701700198,0.0138665719423442
15,25,1.31333333333333,0,0.00386749910337175,0.036947843144617,0.107516948835674,0.21490393749846,0.359108809132975,0.599860908445749,0.00386749910337175,0.036947843144617,0.107516948835674,0.21490393749846,0.359108809132975,0.599860908445749,0.00386749910337175,0.036947843144617,0.107516948835674,0.21490393749846,0.359108809132975,0.599860908445749,0.777777777777778,2,150.000015727529,148.61886678471,-8.54276310488491,620.630548901156,82.2430689303198,3338.87462764295,-56.4605926465993,0.472527499925008,-0.210946304530778,-0.00924587917925217,0.517161443547547,-0.0179756341683158,-3.65130137626289,-1.30987053952713,-101.010659306322,-0.016412750921779,0.259140808540777,1173.6765961879,22.0659139672948,1.44365980627018,0.971676877408603,0.497452408082492,0.299582865156754,0.0845468100843662,-0.029544690467243,0.149819986547235,0.0166912977906468,0.00673864659618789,0.00712316883657951,0.00880074929694824,0.00943695281741486,4999.97229455265,43.0933871471728,17.3232166618681,62.736776660563,116.525400753458,116.77124747325,2426.68997404286,1624.16003760467,27.5950778939225,0.503646251686697,0.529203400854758,0.00671103893182848,0.643021831322443,0.346748655737667,2.94496589545399,0.668695420962667,1.77540399529794,0.54798349525832,1.20000677156628,1.15609035670067,0.00556406754116863,0.494452237615782,0.418063036939255,0.269628736367931,0.180909376981515,0.0857852410839137,0.0583650774453586,0.176850547987811,0.0304036838214426,0.00778515329234795,0.00262293015782834,0.00182247929233657,0.00400026184319574,4.52341858129035,0.014099534470599
15,25,1.13555555555556,0,0.00386749910337175,0.036947843144617,0.107516948835674,0.21490393749846,0.359108809132975,0.599860908445749,0.00386749910337175,0.036947843144617,0.107516948835674,0.21490393749846,0.359108809132975,0.599860908445749,0.00386749910337175,0.036947843144617,0.107516948835674,0.21490393749846,0.359108809132975,0.599860908445749,0.777777777777778,2,150.000015727529,146.280567649203,-7.5879202416415,620.484147484637,67.975033465264,3476.18862618477,-44.666515987918,0.663037024028747,-0.294621649880221,-0.0100317322362254,0.724862057358609,-0.0315546074950526,-2.76846030103635,-1.18821759816686,-101.053738152276,0.0114922283303823,0.807545129778147,1173.67795021352,21.465486928445,1.46856049369857,1.02447320070826,0.555771992500781,0.358701984168316,0.127470251623685,0.00992993649828143,0.162681869828143,0.0186788073136132,0.00677491824153734,0.00752150026038955,0.0090424926570149,0.00888876689928132,4999.98625143214,43.0933163212169,17.3232166618681,55.7765245666116,116.570492529482,117.03050714595,2424.6632133691,1372.44112416974,23.3706845454046,0.388841415427364,0.478908869728022,0.00827373148267212,0.513950110021769,0.34118422083365,2.89987656686149,0.593660063536119,1.59230216385332,0.53815807526656,0.908216343619998,1.11599274098791,0.00546531305827711,0.479493734650723,0.41171199215827,0.272362805432766,0.182194819960753,0.0963937327824436,0.0450799668375898,0.186172441723975,0.0326579321730511,0.00854360458102119,0.00326153871186352,0.00196285385795287,0.00260394766165081,4.4014697496623,0.0132924176869802
15,12.7777777777778,1.13555555555556,0,0.00386749910337175,0.036947843144617,0.107516948835674,0.21490393749846,0.359108809132975,0.599860908445749,0.00386749910337175,0.036947843144617,0.107516948835674,0.21490393749846,0.359108809132975,0.599860908445749,0.00386749910337175,0.036947843144617,0.107516948835674,0.21490393749846,0.359108809132975,0.599860908445749,0.777777777777778,2,150.000015727529,251.162722633059,-41.1910739035518,580.584387043017,1268.16343807937,8628.58858452245,5.35488460462451,4.38498323091344,-0.489137878346006,-0.262299979168837,4.38498323091344,-0.489137878346006,11.7141176960733,-0.5478703366316,-96.8143297573168,0.797105020310384,9.42642849703156,1153.56567024268,2.06525572961148e-18,1.59270023955838,1.27972784084991,1.10180617643995,1.06777795021352,0.928737829392774,0.793762160191648,0.097450518022081,0.0159962776781585,0.0130750115589001,0.0206739279241746,0.0239615727528382,0.0350749744818248,4570.37069055307,40.0775669201126,17.3232166618681,13.4532480140732,121.361606086975,116.913098322366,2458.91432195355,397.320935415784,39.0596655744587,0.17388991497861,0.309405127933608,0.0198442791924079,0.17388991497861,0.309405127933608,1.47792271431206,0.353999324340244,1.03813731991427,0.49173241584156,0.422296345537705,0.646049284754726,1.46092170167271e-15,0.339981442705801,0.157730974766683,0.116834278861368,0.0737073384957787,0.0541483027592245,0.0458056616346868,0.109574225384697,0.018479447975904,0.00891873990299736,0.00535144685603151,0.0047592469494859,0.00545001946688753,7.30550386353815,0.055178652323826
-1.66666666666667,12.7777777777778,1.13555555555556,0,0.00386749910337175,0.036947843144617,0.107516948835674,0.21490393749846,0.359108809132975,0.599860908445749,0.00386749910337175,0.036947843144617,0.107516948835674,0.21490393749846,0.359108809132975,0.599860908445749,0.00386749910337175,0.036947843144617,0.107516948835674,0.21490393749846,0.359108809132975,0.599860908445749,0.777777777777778,2,150.000015727529,262.039995833767,-43.1854455900427,587.563878762628,1337.98351154046,8974.81220706176,8.70043724716176,4.53302187272159,-0.509502624726591,-0.279749953129882,4.53302187272159,-0.509502624726591,12.3619203207999,-0.580857009321946,-98.0146536819083,0.828931911259245,9.72130017706491,1161.19383397563,-9.70630481199876e-18,1.66382720549943,1.32738589730237,1.15029434433913,1.09928486615978,0.950047224247476,0.807900072909071,0.05511504390376,0.0160917287001354,0.0156176615977503,0.0225377335694199,0.0263251119675034,0.0376673315279659,4960.70503072597,43.2151109259452,17.3232166618681,7.30760150459661,123.850268458919,117.477136868358,2551.77843386716,159.53670372145,40.8190978335977,0.121057358739019,0.339609297864665,0.0174803093462774,0.121057358739019,0.339609297864665,1.41068782698833,0.404641850416121,1.05786741418232,0.542170052922035,0.197404093509592,0.738401636091782,1.37654241343883e-15,0.118761635541324,0.0626152364731875,0.0502828273606921,0.0332143761091193,0.0257158064000491,0.022422038428438,0.0450312851019874,0.0104601487671058,0.00556300318017701,0.00390756518236408,0.00300249846143166,0.0027090896655547,7.54056147760189,0.0559900538636369
11.6666666666667,5.44444444444444,1.42,0.277777777777778,0.00165749961573075,0.0158347899191216,0.046078692358146,0.09210168749934,0.153903775342704,0.25708324647675,0.00165749961573075,0.0158347899191216,0.046078692358146,0.09210168749934,0.153903775342704,0.25708324647675,0.00165749961573075,0.0158347899191216,0.046078692358146,0.09210168749934,0.153903775342704,0.25708324647675,0.333333333333333,2,150.000015727529,92.8432746588897,-1.88152325591084,249.601174877617,118.92849068847,3334.81626913863,-11.818415001354,1.90095177585668,-0.150250166306843,-0.0522184428705343,1.90095177585668,-0.150250166306843,1.27901251848766,-0.0901092965232789,-40.4106415998334,0.257658494410999,4.29620727007603,742.329299031343,-1.5125661306114e-17,0.793358691802936,0.621794167274242,0.532580491615457,0.602056858660556,0.634753848557442,0.663400552025831,0.013003586020727,0.00959102520570774,0.00650865409853141,0.0067631334236017,0.00862569409436516,0.010854658889699,512.361191542551,6.98201385272369,17.3232166618681,2.88190479625174,122.257035640193,120.307486924108,2516.36974631915,244.25539867344,16.0985944983155,0.188609171710594,0.328324304461739,0.010309003058719,0.188609171710594,0.328324304461739,0.37149796196451,0.0582500872421563,0.414306303725605,0.523228093515394,0.447344883676238,0.106079855180423,1.24723661144078e-15,0.147005656501562,0.11194115430168,0.0923628457475819,0.0984763969768779,0.101273593280105,0.0870465342545981,0.0135443589755798,0.00509341549347354,0.00275400485679986,0.0024575148875881,0.0019304320281933,0.00121752234638389,0.423315284484819,0.00519971110563442
11.6666666666667,5.44444444444444,1.42,0,0.00165749961573075,0.0158347899191216,0.046078692358146,0.09210168749934,0.153903775342704,0.25708324647675,0.00165749961573075,0.0158347899191216,0.046078692358146,0.09210168749934,0.153903775342704,0.25708324647675,0.00165749961573075,0.0158347899191216,0.046078692358146,0.09210168749934,0.153903775342704,0.25708324647675,0.333333333333333,2,150.000015727529,94.5054129778149,-1.46030123039266,249.286155608791,113.838186730549,3407.58556400375,-10.9517167398708,1.94988313717321,-0.153368941235288,-0.0543837131548798,1.94988313717321,-0.153368941235288,1.35386757223206,-0.0925115499489638,-40.5260129153214,0.263361751940423,4.41184032913238,743.389074054789,-7.62624033329863e-18,0.788437371107176,0.621328830330174,0.53597259660452,0.609328340797834,0.647802551817518,0.679183647536714,0.0126890309893032,0.00936964045411936,0.00609209301114467,0.00672994490157275,0.00858877471096761,0.0108246610769712,520.618685553586,7.08440662430992,17.3232166618681,6.80514333356537,121.283522814371,119.925069893144,2484.95799304438,189.232989096546,16.777860554355,0.0631569942681764,0.318111459603722,0.00316912227145961,0.0631569942681764,0.318111459603722,0.436033261136935,0.0675034970159626,0.413805582167733,0.505972692306824,0.209590084108779,0.113946199086025,1.10429249336073e-15,0.10367095490423,0.0585500743841726,0.0412221379643353,0.0466706062233734,0.0475978112323723,0.0521989609298157,0.00948572580698215,0.00284574224311601,0.00137391604182856,0.0014272337227517,0.00118723857199964,0.000984266398090925,0.450447440941395,0.00550891832522017
11.6666666666667,17.6666666666667,1.42,0,0.00165749961573075,0.0158347899191216,0.046078692358146,0.09210168749934,0.153903775342704,0.25708324647675,0.00165749961573075,0.0158347899191216,0.046078692358146,0.09210168749934,0.153903775342704,0.25708324647675,0.00165749961573075,0.0158347899191216,0.046078692358146,0.09210168749934,0.153903775342704,0.25708324647675,0.333333333333333,2,150.000015727529,171.455962920529,-10.4668938058535,619.453806895115,169.126817216957,4876.08811582127,-43.5007832517447,1.67823320487449,-0.542923340277054,-0.0400044578689719,1.75959191750859,-0.122678841693574,1.32931632892407,-0.513977631332153,-101.100003124675,0.172454655223414,3.25038464743256,1173.6656598271,13.9387626288926,1.41834174565149,0.853211738360588,0.496867576294136,0.419141610248932,0.285501551921675,0.208240454119363,0.0388947295104677,0.0102991890540569,0.00632181064472452,0.00645886928444954,0.00779540787417977,0.00894120352046662,5000.00437454432,43.0934579731279,17.3232166618681,32.2601179882678,121.052974852635,117.769778904719,2497.63724080109,678.667348517023,20.7747648851265,0.175396297368715,0.377357744486578,0.0108337320554984,0.2445083381189,0.336712452168936,1.59562261667683,0.357136772470598,1.22902772801928,0.53275135046976,0.389928397072387,0.658815860480269,0.00609046412475006,0.363770369533953,0.216729570035613,0.120191879698542,0.0755978191006978,0.0480078775294529,0.0269537495219822,0.0610488592414651,0.0122881566830513,0.00319875584765246,0.00139179387830328,0.000662750196998329,0.000378234586643578,2.54185415160573,0.00912297518720543
-5,17.6666666666667,1.42,0,0.00165749961573075,0.0158347899191216,0.046078692358146,0.09210168749934,0.153903775342704,0.25708324647675,0.00165749961573075,0.0158347899191216,0.046078692358146,0.09210168749934,0.153903775342704,0.25708324647675,0.00165749961573075,0.0158347899191216,0.046078692358146,0.09210168749934,0.153903775342704,0.25708324647675,0.333333333333333,2,150.000015727529,170.67935631705,-10.1851940943652,619.764326632643,153.031839902093,4797.5937923133,-42.2246147276325,1.60100677012811,-0.527345607749193,-0.0358450588480367,1.6817533590251,-0.114009095505989,0.983072813134049,-0.545593593071554,-101.107773148631,0.156779527688782,3.05473721487345,1173.70013540256,14.3529830226016,1.44323393396521,0.849143099677117,0.490908426205603,0.410255796271221,0.273467492969482,0.19333538173107,0.0196835629199042,0.00995919967576294,0.00659994865118218,0.00634544016248307,0.00792565607749193,0.00912072200812415,5000.00895740027,43.0937339860433,17.3232166618681,23.4129201520008,117.424539068858,117.286825219147,2411.69049129675,392.742098343761,22.671723337719,0.112347978100753,0.331905487134277,0.00638171583177079,0.143939692215963,0.319472746918645,1.63739472487671,0.331245606161586,1.08842338144818,0.506085854814134,0.259740722081882,0.728274918327045,0.00574425648550433,0.216261710806296,0.12914548511488,0.0777032340652562,0.0562980700712155,0.043842931828379,0.0343495639086006,0.0383853563495302,0.00903856128930769,0.00283476077976764,0.00137602811675918,0.00075653696527664,0.000517045587835315,2.88673744735404,0.00990599881571233
-5,17.6666666666667,1.42,0,0.004419998975282,0.0422261064509909,0.122876512955056,0.24560449999824,0.410410067580543,0.685555323937999,0.004419998975282,0.0422261064509909,0.122876512955056,0.24560449999824,0.410410067580543,0.685555323937999,0.004419998975282,0.0422261064509909,0.122876512955056,0.24560449999824,0.410410067580543,0.685555323937999,0.888888888888889,2,150.000015727529,173.762816373295,-11.3010864618269,619.687782522654,169.257527788772,4859.94490157275,-41.6407622122696,1.59644682845537,-0.512943227788772,-0.0353765503593376,1.67305718154359,-0.112374667806478,0.911797639275076,-0.530332348899073,-101.107900218728,0.152742865054682,3.01062701801896,1173.72023747526,13.9699458389751,1.47373804811999,0.882218800124986,0.529959431309239,0.443678898031455,0.268260274971357,0.173877887720029,0.0222237938779294,0.0115121280283304,0.0084733629830226,0.00732732371627956,0.00809829132382043,0.0100823772523696,5000.02843453807,43.0938662639311,17.3232166618681,23.7191044779073,117.667997401889,117.221645530704,2415.31836876519,410.450134995731,22.0284255101981,0.104356254357532,0.34173480540485,0.00686187726794981,0.155049301839008,0.32192365692499,1.64003114892875,0.298007618152111,1.11414316238653,0.510722225776782,0.252637717672528,0.749344008850157,0.00666436290612096,0.216696100130032,0.126739187160655,0.0788785696158018,0.057499620926958,0.0389329080075504,0.026851769524952,0.0401429900233618,0.00960131974687826,0.00336714504872705,0.0023360669402128,0.000966656090612078,0.000739859083119317,2.93657321144169,0.0100274845367165
-5,17.6666666666667,1.24222222222222,0,0.004419998975282,0.0422261064509909,0.122876512955056,0.24560449999824,0.410410067580543,0.685555323937999,0.004419998975282,0.0422261064509909,0.122876512955056,0.24560449999824,0.410410067580543,0.685555323937999,0.004419998975282,0.0422261064509909,0.122876512955056,0.24560449999824,0.410410067580543,0.685555323937999,0.888888888888889,2,150.000015727529,170.926965941048,-12.2565500979065,619.344557858557,224.071293604833,4892.23685032809,-32.3208810540569,1.70215352567441,-0.537187190917612,-0.0405685147380482,1.78003010103114,-0.131733584701594,1.41819332938236,-0.498288294107906,-101.102479950005,0.187747556362879,3.30685834808874,1173.61462347672,13.2831330069784,1.5251504009999,0.945737704405791,0.591333652744505,0.504909530257265,0.32123636079575,0.217414113113217,0.0283075964998437,0.0116774618312572,0.00793575283824601,0.00891417206540986,0.00707751036350381,0.00887321914383918,4999.99385480679,43.0936006665974,17.3232166618681,23.9534300529996,118.558629937588,117.115213909098,2434.38267079566,426.703452280088,21.3369768707015,0.104705680611952,0.349276175709665,0.00783790805968661,0.164078495664931,0.325635231160617,1.56348918121192,0.277958132256242,1.13623558170126,0.516789772652382,0.256198018579989,0.616957155443506,0.00545969273868844,0.216202652528863,0.126746453751757,0.07969667476386,0.0579374462944568,0.0397007918377767,0.0276105615693395,0.0442153983496615,0.0103175286104884,0.0036580028482152,0.00323452186722506,0.0010601741012299,0.00104659806222158,2.63554701456826,0.00921064237113471
-11.6666666666667,22.5555555555556,1.20666666666667,0.166666666666667,0,0,0,0,0,0,0,0,0,0,0,0,0,0,0,0,0,0,0,2,150.000015727529,151.810696802416,-8.80844370076033,620.506343089261,99.9311624414123,3761.96625351526,-42.7034913029892,0.842909124049578,-0.348443423153838,-0.011069609936465,0.91066316008749,-0.05092380451203,-2.10260033861056,-0.999305036246224,-101.080762420581,0.0438868441589417,1.2216182175013,1173.78720966566,19.2590282262264,1.51939183418394,0.978753723570461,0.510803374648474,0.348708238725133,0.157539513592334,0.0455955901115509,0.0941789249363608,0.0102286090326008,0.0062199537548172,0.00602737464847412,0.00588682053952713,0.00629575887928341,4999.97666909697,43.0934704718264,17.3232166618681,30.2118030388483,113.926967118117,117.420970969,2343.92078878892,570.194198558166,19.1923381939565,0.196773188579711,0.36206726533201,0.00519373915185602,0.262003247741425,0.318061468710787,2.84782729218913,0.481940712998835,1.22881995473474,0.504646135340879,0.514056115278069,1.09326867251674,0.00709631176718932,0.357289382877026,0.239027597824625,0.11465830524444,0.0578207011825465,0.0495823490357083,0.0380548793338586,0.120144500930408,0.0182135623164516,0.00383398798203683,0.00109316563357819,0.000419757779334008,0.00115641472785167,3.93251369299531,0.0132073364979888
-11.6666666666667,22.5555555555556,1.20666666666667,0.444444444444444,0,0,0,0,0,0,0,0,0,0,0,0,0,0,0,0,0,0,0,2,150.000015727529,149.464905738986,-9.00773945422352,619.507478387668,125.507692115405,3674.8188522029,-45.6686220185397,0.799196498604312,-0.34000565987918,-0.0286686928444954,0.86676899785439,-0.0551269433697532,-2.24679866755546,-1.02460746096553,-101.038144984898,0.0503641292469535,1.12408780039163,1173.69971877929,19.4074502655983,1.54497510675971,0.93594658889699,0.464850098948026,0.301051445161963,0.133041610141652,0.00973816206540985,0.072247701414436,0.00972727075804602,0.00617190980106239,0.00607821810228101,0.005826298406416,0.00607850598895948,4999.98937610666,43.0933840224976,17.3232166618681,64.4283614274249,115.716374888795,117.64004130851,2399.05893900918,2155.95795759725,15.0995451161799,1.04477746630211,0.665527167270422,0.0244053469742015,1.18534972846023,0.359786515870394,3.00127813631572,0.831515927717691,2.22747061012648,0.576726905621046,2.58156604042631,0.689753068791044,0.00436823884495108,0.322426967998587,0.149366220589553,0.104309892558986,0.150667606562597,0.169206545919114,0.19517843028381,0.0915930479932881,0.0111165454749565,0.00265692836172963,0.00126928890703014,0.00109020563418032,0.00118572289588398,2.56350420085479,0.00846778890026767
5,22.5555555555556,1.20666666666667,0.444444444444444,0,0,0,0,0,0,0,0,0,0,0,0,0,0,0,0,0,0,0,2,150.000015727529,141.732249837517,-10.5771167128424,618.569992709093,194.194564441204,3347.8702483283,-46.7114508588689,0.606339953145506,-0.280979072783148,-0.0468583005936881,0.666076452369545,-0.0540793021351943,-2.99336883343402,-1.16436626539944,-100.968466826373,0.0464715624309968,0.661229317362774,1173.65545255703,20.2218873034066,1.49182145609832,0.925228663680865,0.462900750968649,0.289827333356942,0.117529211030101,-0.0191329821383189,0.0735795038829288,0.0106343313615457,0.00630398488167899,0.00611537760649932,0.0061530907197167,0.00603907145089054,4999.99073013228,43.0935090094784,17.3232166618681,99.0756633020885,119.162530670708,116.970369540796,2485.63821554308,3341.83879409468,28.544571778088,1.53065480608865,0.9100675315045,0.0371206317104541,1.73571127078608,0.397998807619264,4.00522606606946,1.19470246068816,3.06072911098,0.638674128797062,3.72404471523852,0.696137936720618,0.00414077868941469,0.333865256693607,0.361249210923555,0.317715728281303,0.302376519495883,0.279649701367806,0.270852162236962,0.0891727065971602,0.0214849782209334,0.00755176844746916,0.00349532794407444,0.00201385240216521,0.00159920274619446,2.22706306465141,0.00875286542772448
5,22.5555555555556,1.38444444444444,0.444444444444444,0,0,0,0,0,0,0,0,0,0,0,0,0,0,0,0,0,0,0,2,150.000015727529,143.397065251536,-11.9248694094365,618.088896989897,223.201625748151,3183.33897242996,-57.1823468388709,0.388605984616186,-0.191040014148735,-0.0550757005520259,0.431036589053224,-0.041429155792105,-4.00294652923654,-1.28869256069784,-100.901863347568,0.0191309941776898,0.0382490485366107,1173.69659410478,20.6887990834292,1.47355196333715,0.88023843349651,0.418920218199667,0.245115116933653,0.0721690518800126,-0.064261421898344,0.0645357480487449,0.0102894614923237,0.0063235917915842,0.00610805895219248,0.00610889782314343,0.00612468055410895,4999.98750130195,43.0933131965423,17.3232166618681,110.755005998978,118.850215078014,116.112228521061,2472.47353228381,3761.45255401128,31.1797830416352,1.72028166866252,1.0078374703643,0.0397833838086776,1.9519214771238,0.406321785924124,4.24827934874245,1.34785954600467,3.42304996744972,0.653790812766371,4.19411091351476,0.689442606025144,0.00329857027005337,0.344421121857853,0.360166833226001,0.312994536077548,0.298671929188982,0.274751412940016,0.26889361532617,0.082025726396712,0.0202977887285984,0.00685742094383815,0.00313810230816719,0.00191579179591311,0.00166466919991066,2.39940314097923,0.00822032046464598
5,22.5555555555556,1.38444444444444,0.444444444444444,0.00276249935955125,0.0263913165318693,0.07679782059691,0.1535028124989,0.256506292237839,0.428472077461249,0.00276249935955125,0.0263913165318693,0.07679782059691,0.1535028124989,0.256506292237839,0.428472077461249,0.00276249935955125,0.0263913165318693,0.07679782059691,0.1535028124989,0.256506292237839,0.428472077461249,0.555555555555556,2,150.000015727529,150.375731889386,-11.4198819508385,618.22618477242,155.628184199563,3418.80466754505,-55.4812952046662,0.488621294161026,-0.211160769503177,-0.050072092802833,0.531538887899177,-0.0283928469753151,-3.66399280683262,-1.19475834005729,-100.937200291636,-0.00199665790021873,0.246724071406104,1173.72159150089,20.3143974585977,1.48740602020623,0.912916342047703,0.457376381356109,0.283648404560984,0.0847439206112905,-0.0491917708704385,0.0725686104978648,0.0122270756125404,0.00651441867128424,0.00793187345068223,0.0093810030205187,0.0149007797104468,4999.99833350693,43.0934173523595,17.3232166618681,106.846259699997,119.468462622673,116.610185669118,2498.24426460294,3603.63078880032,32.0942177722858,1.6221354170781,0.96012881478749,0.035826909212944,1.84053537868311,0.406918507783092,4.06360352518167,1.19689575929471,3.2497122331549,0.652945570330043,3.92356475100832,0.679062932916465,0.00496382012237318,0.335590929905126,0.355679549964737,0.318551692701934,0.305049836242819,0.25924881481,0.249262632313742,0.0883908431023582,0.0214089802168269,0.00786071747918252,0.00417399182719166,0.00254791366254073,0.00750124939451122,2.32020054216111,0.0087188533094063
5,10.3333333333333,1.38444444444444,0.444444444444444,0.00276249935955125,0.0263913165318693,0.07679782059691,0.1535028124989,0.256506292237839,0.428472077461249,0.00276249935955125,0.0263913165318693,0.07679782059691,0.1535028124989,0.256506292237839,0.428472077461249,0.00276249935955125,0.0263913165318693,0.07679782059691,0.1535028124989,0.256506292237839,0.428472077461249,0.555555555555556,2,150.000015727529,241.719591709197,-33.6480408499115,551.955171336319,1036.13333944381,8519.59493802729,-10.0939443332986,4.54902114363087,-0.467289338992813,-0.293680189563587,4.54902114363087,-0.467289338992813,11.9808562649724,-0.512119925007812,-91.6030142693471,0.773427667742944,9.98133840224974,1123.16883657952,8.40710530153086e-19,1.28560517654411,0.992345932715343,0.827379616706592,0.874547609623998,0.806320591605041,0.745843297573169,0.0137106478246016,0.0108794315277575,0.00605173514227685,0.0117476973231955,0.0132887076346214,0.0187747609623998,3583.39381314446,32.270746797208,17.3232166618681,29.19753907438,127.13095486699,123.853700761281,2676.29349631139,1232.82879081818,37.5741769267162,0.755124822649916,0.383126079867487,0.0940674412279423,0.755124822649916,0.383126079867487,1.78720206653578,0.174094563078741,0.843625914767437,0.614949546867524,1.65407092664366,0.374627023489313,1.35876585048618e-15,0.207401667783175,0.168311765397479,0.159323331670808,0.158678467409873,0.135727966313075,0.11293801474297,0.0284034461658331,0.0120058331493086,0.00700760923212174,0.00639833254836124,0.00489051332447928,0.00562214328826584,0.992471268516817,0.0046630804376661
-15,15.2222222222222,1.17111111111111,0.166666666666667,0.00165749961573075,0.0158347899191216,0.046078692358146,0.09210168749934,0.153903775342704,0.25708324647675,0.00165749961573075,0.0158347899191216,0.046078692358146,0.09210168749934,0.153903775342704,0.25708324647675,0.00165749961573075,0.0158347899191216,0.046078692358146,0.09210168749934,0.153903775342704,0.25708324647675,0.333333333333333,2,150.000015727529,197.103749609416,-17.9010544109988,613.567336735757,450.800874356838,6355.95490053119,-18.922222822831,2.88696594104781,-0.673606655556713,-0.119388537652328,2.95364014165191,-0.253596794297677,6.39313821476929,-0.248552671679825,-100.868232475784,0.404877435048433,6.16559670867618,1173.56525361941,8.22637818977191,1.4553751692532,0.975987897094051,0.679805582751797,0.652286386834705,0.55523873554838,0.485178648057494,0.039298872498698,0.0107007256533695,0.00609086650859286,0.00654937436725341,0.00846568159566712,0.0104237633579836,4999.9750026039,43.0934933861055,17.3232166618681,23.4933547453097,122.608740269046,118.401999506624,2546.72636932243,721.950580132274,27.9264653369548,0.391009163344075,0.405500278858915,0.0352698190564962,0.435387436860527,0.357438198160303,1.53752722040907,0.283814540467862,1.2447399956548,0.571824737477735,0.908721190651548,0.49574949649461,0.00578476620942735,0.336716423505552,0.145772562316568,0.0589385937692469,0.0231873562231825,0.01943516846748,0.0327759726254929,0.068550099245042,0.0116686946950784,0.00317604454679032,0.00167626044454308,0.00106118691899477,0.000945770275597121,1.87366620962681,0.0072903462853408
-15,15.2222222222222,1.17111111111111,0.444444444444444,0.00165749961573075,0.0158347899191216,0.046078692358146,0.09210168749934,0.153903775342704,0.25708324647675,0.00165749961573075,0.0158347899191216,0.046078692358146,0.09210168749934,0.153903775342704,0.25708324647675,0.00165749961573075,0.0158347899191216,0.046078692358146,0.09210168749934,0.153903775342704,0.25708324647675,0.333333333333333,2,150.000015727529,195.317800229143,-17.8098156962817,613.096417039892,455.500189146964,6281.5462972607,-22.1054564749505,2.83901603999583,-0.668302295757734,-0.127125145297365,2.90567878346006,-0.252298752750755,6.19877610665556,-0.252649457514843,-100.854756796167,0.402095366201437,6.05187303405895,1173.65066138944,8.28375835850431,1.447333715238,0.946325434850537,0.65318404332882,0.626007488803249,0.527955473388188,0.458645599416727,0.0246635195188001,0.0102789432871576,0.00603551498479326,0.00648001937298198,0.00805930600979065,0.00949433933965214,4999.99687532549,43.0936725341104,17.3232166618681,46.741408800554,124.863791283941,121.220025099312,2629.8059178399,1721.61885673989,25.0486943799937,0.956023474014991,0.506333989650563,0.0784088539931758,1.00719581767525,0.394847149590584,2.3834910231082,0.376759958891684,1.5052219540486,0.635095643583999,2.19774146687734,0.476785929883756,0.00409241411702329,0.258246701087428,0.0677605556881558,0.0671274963653106,0.10320724042529,0.121634581086682,0.130583990530909,0.0491913080608445,0.00680533766994156,0.00282699861256438,0.00272368009712955,0.00196222847025346,0.00186606126519512,1.32970494298251,0.00548393911843396
-15,15.2222222222222,1.34888888888889,0.444444444444444,0.00165749961573075,0.0158347899191216,0.046078692358146,0.09210168749934,0.153903775342704,0.25708324647675,0.00165749961573075,0.0158347899191216,0.046078692358146,0.09210168749934,0.153903775342704,0.25708324647675,0.00165749961573075,0.0158347899191216,0.046078692358146,0.09210168749934,0.153903775342704,0.25708324647675,0.333333333333333,2,150.000015727529,194.068117904385,-15.2918240923446,613.947484637017,359.167330496823,6125.9683366316,-32.7014857676179,2.66610103114259,-0.667103775416102,-0.115748094990105,2.73915365066139,-0.223936045276534,5.45266870998854,-0.25578813381002,-100.903363191334,0.352342813679825,5.62532694510989,1173.67138839704,9.37422424747419,1.36389730236434,0.848723133006978,0.562249661493595,0.53397478387668,0.435672117487762,0.372671305072388,0.0190983588263723,0.0099579671798771,0.00618261100926986,0.0066328209561504,0.00802205853556922,0.00920738173106967,4999.98729299031,43.0936912821575,17.3232166618681,50.7535513647512,124.002262673401,121.165123919176,2606.34525551582,1854.15696247576,23.7609493739431,1.01756444359803,0.531983135486904,0.0781639789562738,1.07830552595431,0.394580201463191,2.52193274924266,0.413059187883411,1.60633103240972,0.635182710387441,2.35528539540857,0.469732902015806,0.00399416495220432,0.249106293983305,0.0679380285874555,0.0661223630550145,0.100699051264345,0.118991332915229,0.127765687207313,0.0433935927723482,0.00603952370993831,0.00245665432747734,0.00212833754947435,0.00152007193007926,0.001637293710287,1.47070170839812,0.00563083919438117
-15,3,1.34888888888889,0.444444444444444,0.00165749961573075,0.0158347899191216,0.046078692358146,0.09210168749934,0.153903775342704,0.25708324647675,0.00165749961573075,0.0158347899191216,0.046078692358146,0.09210168749934,0.153903775342704,0.25708324647675,0.00165749961573075,0.0158347899191216,0.046078692358146,0.09210168749934,0.153903775342704,0.25708324647675,0.333333333333333,2,150.000015727529,47.833696489949,-1.78098978127279,203.607908551193,37.6151659202166,1631.3178835538,-19.796431621706,0.938920122903864,-0.0675641941037392,-0.0143014585980627,0.938920122903864,-0.0675641941037392,-0.203372046710759,-0.030611751763358,-33.1510696802416,0.117829073190293,2.14495010936361,672.121664409963,3.57346141026978e-19,0.185729996875326,0.152552232059161,0.176036131652953,0.259758025205708,0.312780845745235,0.383398260597854,0.0120111821685241,0.00805530226018124,0.00599741026976357,0.00599344349546923,0.00742571669617748,0.00876372586188939,13.5664514113113,0.204184220393709,17.3232166618681,4.32685720856244,122.173155671067,120.42387347373,2529.15988590924,201.320095924012,6.78119940954524,0.212690517823691,0.342637590829444,0.00610244278426162,0.212690517823691,0.342637590829444,0.26985178735186,0.0533920039515744,0.365154378651448,0.54900056962142,0.444265821456965,0.0550509259770127,9.2423601712305e-16,0.0144802976089492,0.0279191966807543,0.0328637169419812,0.0502510579741009,0.0630579556403047,0.101397043051967,0.000478473710788105,0.000239925722195292,0.000226717182701314,0.000405442420849883,0.00080790906417776,0.00187415946150058,0.15917698469503,0.00238836937464766
-15,3,1.34888888888889,0.444444444444444,0.004419998975282,0.0422261064509909,0.122876512955056,0.24560449999824,0.410410067580543,0.685555323937999,0.004419998975282,0.0422261064509909,0.122876512955056,0.24560449999824,0.410410067580543,0.685555323937999,0.004419998975282,0.0422261064509909,0.122876512955056,0.24560449999824,0.410410067580543,0.685555323937999,0.888888888888889,2,150.000015727529,46.0914519320905,-1.56022814915112,204.277564836996,34.2827879179252,1536.4573481929,-20.3927851265493,0.849605509842724,-0.0613566093844392,-0.0116426126445162,0.849605509842724,-0.0613566093844392,-0.336430453015311,-0.0277401026047287,-33.225029684408,0.105404020029164,1.9121601916467,672.876596187894,8.89646144984899e-18,0.185063253827726,0.150922163316321,0.181186751380064,0.270766982605978,0.290462805957713,0.328106051452973,0.012011029059473,0.00809103239245911,0.00599747224247474,0.00611632371627956,0.00753700489532341,0.011767108342881,18.5164545359858,0.278365982710134,17.3232166618681,3.33917471652906,122.220737759039,120.254911872943,2526.66632360245,144.534689025422,6.43221218203831,0.163208544767924,0.338584744400261,0.00427458971927942,0.163208544767924,0.338584744400261,0.216802322313182,0.0492257253708048,0.360923845923547,0.541387845908193,0.3218398038403,0.0617211162377581,9.14870165568167e-16,0.0145235623067542,0.0280712319977528,0.0341030689521601,0.0516829473544044,0.0550955086720698,0.0691673555425613,0.000470071296996133,0.000238812376434136,0.000242973239449975,0.000441429452636758,0.00117200729105605,0.0058909575501063,0.178081708892808,0.00266524760327899
1.66666666666667,3,1.34888888888889,0.444444444444444,0.004419998975282,0.0422261064509909,0.122876512955056,0.24560449999824,0.410410067580543,0.685555323937999,0.004419998975282,0.0422261064509909,0.122876512955056,0.24560449999824,0.410410067580543,0.685555323937999,0.004419998975282,0.0422261064509909,0.122876512955056,0.24560449999824,0.410410067580543,0.685555323937999,0.888888888888889,2,150.000015727529,47.2936433704822,-1.24354407040935,205.084713050724,28.8970178314758,1580.20570773878,-19.4720237475263,0.871781324861991,-0.0622130181960211,-0.0119757308613686,0.871781324861991,-0.0622130181960211,-0.309365677387772,-0.0288370412667431,-33.3595740027081,0.10683967180502,1.95992125820227,674.23827726279,4.80821093115299e-18,0.214300885324446,0.174416302468493,0.198915092177898,0.288036183730861,0.305277179460473,0.340054952609103,0.0120207332569524,0.0080762325799396,0.00600340318716799,0.0061122831996667,0.00725013363191334,0.0123997298198104,27.2774877616915,0.409250859285491,17.3232166618681,1.36842063597741,122.301215763952,120.071891030711,2524.594901633,97.9709644099633,7.11624436865655,0.121141054466455,0.33339238459409,0.00329139877069996,0.121141054466455,0.33339238459409,0.249927455138874,0.0503092769425923,0.355558416096995,0.532182420949813,0.255547035068726,0.0678563939556827,9.29054293478795e-16,0.0451909373778761,0.0501292814124739,0.0464379122942032,0.0522328956152274,0.0529567109868402,0.065812743373247,0.00104750009138181,0.000499296927527536,0.000376190992917615,0.000468983025077057,0.00117846925675633,0.00606802055333904,0.249928115667786,0.00372590782297436
-8.33333333333333,10.3333333333333,1.13555555555556,0.277777777777778,0.00497249884719225,0.0475043697573648,0.138236077074438,0.27630506249802,0.461711326028111,0.771249739430249,0.00497249884719225,0.0475043697573648,0.138236077074438,0.27630506249802,0.461711326028111,0.771249739430249,0.00497249884719225,0.0475043697573648,0.138236077074438,0.27630506249802,0.461711326028111,0.771249739430249,1,2,150.000015727529,175.025007811686,-25.3686622008124,428.739818768878,769.078429403187,5978.09603166337,-1.36842740766587,2.99775315071347,-0.31663867435163,-0.1244133142381,2.99775315071347,-0.31663867435163,4.85666753463181,-0.263186749504218,-70.6621778981356,0.514678121366523,6.41305811894594,982.635985834804,3.82420666836787e-17,1.59257389855224,1.21775575460889,1.03879217789814,0.994921508176233,0.84519324028747,0.679172367461723,0.0256216137254349,0.0133107534965316,0.0125757789556296,0.0219885957712738,0.0261779606291011,0.0405515050515572,2398.91886261848,24.6956171232161,17.3232166618681,12.07940562152,123.57210170422,121.081159329224,2571.21088195941,560.505165700513,25.4026183051901,0.359013478009414,0.350184749821786,0.0301579799129741,0.359013478009414,0.350184749821786,0.951570762102639,0.131536555039404,0.738823907763067,0.559906603964052,0.762839317094478,0.212018300623618,1.37193768527817e-15,0.140589600662626,0.0445737827518386,0.0575111544457538,0.0576842538708948,0.0529351280571468,0.0443701765442918,0.0331045796298501,0.00705673025612491,0.00477752583334725,0.00451381393802436,0.00627936445388383,0.00866177164658019,0.894531650024315,0.00539452408449939
-8.33333333333333,22.5555555555556,1.13555555555556,0.277777777777778,0.00497249884719225,0.0475043697573648,0.138236077074438,0.27630506249802,0.461711326028111,0.771249739430249,0.00497249884719225,0.0475043697573648,0.138236077074438,0.27630506249802,0.461711326028111,0.771249739430249,0.00497249884719225,0.0475043697573648,0.138236077074438,0.27630506249802,0.461711326028111,0.771249739430249,1,2,150.000015727529,151.926135819186,-9.34425104155817,620.204634933862,112.294642279971,3779.18206436829,-38.7873492344548,0.867037206425581,-0.35533888288647,-0.01553167609624,0.935503905009895,-0.0534074637818978,-1.96884375804604,-0.974742736940944,-101.079756275387,0.0492895784293303,1.2997375362181,1173.65732736173,19.0184355796267,1.59630080199979,1.00877911675867,0.550546078533487,0.371743703780856,0.150290186965941,0.0368031009483387,0.0772639626717009,0.0125272682325799,0.00887522872617435,0.0066596571190501,0.00943364378710551,0.00995298656389959,4999.97552338298,43.093365274451,17.3232166618681,44.1523936599126,115.743912997625,117.53107509459,2389.81620469256,1214.57645788869,14.5058410628774,0.501207390864012,0.464551989184853,0.0120478732469036,0.595151696692216,0.335868838649561,2.49166935827466,0.540808672913466,1.56078515329907,0.533624139078992,1.22101602143658,0.977166770785447,0.00680151948402687,0.270313020189061,0.147648437930172,0.086821670570856,0.093906222116964,0.0940402056761562,0.0912915691173459,0.091254802169679,0.0124357521364916,0.00342293894089502,0.00150807661723868,0.00165444455960527,0.00227591617791208,3.86920599083059,0.0132065639554959
-8.33333333333333,22.5555555555556,1.31333333333333,0.277777777777778,0.00497249884719225,0.0475043697573648,0.138236077074438,0.27630506249802,0.461711326028111,0.771249739430249,0.00497249884719225,0.0475043697573648,0.138236077074438,0.27630506249802,0.461711326028111,0.771249739430249,0.00497249884719225,0.0475043697573648,0.138236077074438,0.27630506249802,0.461711326028111,0.771249739430249,1,2,150.000015727529,154.054207895011,-9.7579738003333,620.485511925841,109.406813435059,3649.49661493594,-49.8268711592542,0.684327171252994,-0.285693873471513,-0.0126158099781273,0.740576578264763,-0.0383736093354859,-2.8179770931153,-1.07907139489636,-101.04841058223,0.0194891322903864,0.786322978825123,1173.77252369545,19.6935131757108,1.56416362878867,0.944109519841683,0.487345995208833,0.30982941360275,0.107529338540777,-0.00630062429642746,0.0631544860596812,0.0122983642535153,0.00868683720445787,0.00627992979897927,0.00916596198312677,0.0122440417664827,4999.96094156859,43.093493386106,17.3232166618681,45.7084460245508,114.644902574417,117.379365908645,2370.61694445196,1298.49641854451,14.7899972835304,0.552221243076258,0.48080405737158,0.00913914258030776,0.651039059805409,0.335060271824329,4.37176182241189,0.670570955418989,1.64085774525236,0.532930232125967,1.35686220372053,1.37882769314415,0.00842368055489334,0.278065063567858,0.148242922290959,0.0857919123206673,0.0933815439884485,0.0810921617936277,0.0968154904115383,0.078601340766875,0.0115362702068811,0.00281825257762809,0.000930666113524593,0.00167116875130113,0.00509632214257101,5.20574955666229,0.0173908256165953
-8.33333333333333,22.5555555555556,1.31333333333333,0,0.00497249884719225,0.0475043697573648,0.138236077074438,0.27630506249802,0.461711326028111,0.771249739430249,0.00497249884719225,0.0475043697573648,0.138236077074438,0.27630506249802,0.461711326028111,0.771249739430249,0.00497249884719225,0.0475043697573648,0.138236077074438,0.27630506249802,0.461711326028111,0.771249739430249,1,2,150.000015727529,152.415329653161,-9.14724353504844,620.845599416727,95.9114867201334,3629.23455890011,-49.0058504322466,0.71760194771378,-0.302749688959484,-0.00828908915737944,0.77785993125716,-0.0392794674950526,-2.62095041582127,-1.09245277454015,-101.065996250391,0.0236005005311946,0.913422247682533,1173.66066034788,19.9838870950946,1.52316560774919,0.940153525674409,0.494233079887512,0.321325861889386,0.106943103426726,0.0249522096125403,0.0768977199802104,0.0124369671510259,0.00773189707322155,0.00645094646391,0.0103308438704302,0.00913212134152692,4999.96417039892,43.093723570462,17.3232166618681,31.6077667080248,112.659077663482,116.959587392298,2317.7841060324,624.598638941887,21.2493961391681,0.204229927327015,0.341172829075255,0.00456391548855076,0.24669245600451,0.311847434018287,3.6985483260996,0.545683713812332,1.11299364028698,0.495503768239303,0.467199451912659,1.45618048522906,0.00811848207206186,0.328074804840629,0.237938436155928,0.15650117916017,0.111115409638889,0.0736237784682511,0.0318409773161365,0.100686492685559,0.0179708913672894,0.00543815368547723,0.00167942729600011,0.000786910050646526,0.0026249277038385,5.70041733319839,0.0174892298882425
-8.33333333333333,22.5555555555556,1.31333333333333,0,0.002209999487641,0.0211130532254954,0.061438256477528,0.12280224999912,0.205205033790271,0.342777661969,0.002209999487641,0.0211130532254954,0.061438256477528,0.12280224999912,0.205205033790271,0.342777661969,0.002209999487641,0.0211130532254954,0.061438256477528,0.12280224999912,0.205205033790271,0.342777661969,0.444444444444444,2,150.000015727529,157.879689615665,-8.4265403260077,620.59841683158,28.2591537027393,3837.22705968128,-45.8268794917196,0.809761743568378,-0.320501542820539,-0.0100417400270805,0.870474523487135,-0.0266533664691178,-2.31515378564733,-1.01766164198521,-101.077686699302,0.00250342425268202,1.09375691073846,1173.77366940944,19.839929174044,1.52776367045099,0.961140339547964,0.503383158004374,0.343558212686178,0.136457471096761,0.0375476432470576,0.0783560960514531,0.0113009274595355,0.00641540395458807,0.0064323185084887,0.00958440901989375,0.00921922331007186,4999.96750338506,43.0936308717848,17.3232166618681,30.6630883206827,112.483999680311,117.033451021108,2307.82357112511,619.922187574266,22.6924713587035,0.230688043212223,0.325819777414485,0.00503267982282539,0.255263751210644,0.306945132554319,3.50054737242123,0.506408073006389,1.07945255808942,0.487188672255022,0.512551061615244,1.05263477099857,0.00732541123952501,0.323064238124598,0.242100588527289,0.155110298372188,0.111528706345296,0.0843716717116384,0.0416811951024585,0.101906312341965,0.0182740887976819,0.00495418186501837,0.00184546275153192,0.00106413360507792,0.00237467233058108,4.04876345649893,0.0131862768374422
8.33333333333333,22.5555555555556,1.31333333333333,0,0.002209999487641,0.0211130532254954,0.061438256477528,0.12280224999912,0.205205033790271,0.342777661969,0.002209999487641,0.0211130532254954,0.061438256477528,0.12280224999912,0.205205033790271,0.342777661969,0.002209999487641,0.0211130532254954,0.061438256477528,0.12280224999912,0.205205033790271,0.342777661969,0.444444444444444,2,150.000015727529,158.607848140819,-8.51288651286324,620.568013748568,29.6039701072805,3856.96948234559,-47.106644099573,0.806840724924487,-0.317891276752421,-0.0104834172482033,0.866806843037184,-0.0262819247213832,-2.34043121258202,-1.00909423851474,-101.071109259453,0.00113744728465785,1.07196415128633,1173.71242578898,19.7678085616077,1.51696982605979,0.968604947401312,0.507681970628059,0.347348651182169,0.139514273304864,0.0308370412936153,0.0763620416633684,0.0109900168241746,0.0063810047286741,0.00605840349963546,0.00960744380793667,0.0101290191646704,4999.97156546193,43.0934965107805,17.3232166618681,42.6848015500719,116.578691193128,117.149926095003,2412.36644166509,917.632125594316,17.761937467262,0.217609883161682,0.40628981433626,0.00637467911225492,0.320577830867627,0.331141199866347,2.78269175179121,0.483897905022593,1.34065043629276,0.523170266328154,0.522893732138037,1.19299201953944,0.00611940336344619,0.314657346315767,0.24143902121684,0.143127670990039,0.0916643343747042,0.0594237672635958,0.0262742680940918,0.0888333365495006,0.0150098057584803,0.00373991814642108,0.00106864621010857,0.000754047026463313,0.00191802259030606,4.85160237029897,0.0126232347491603
-11.6666666666667,15.2222222222222,1.42,0.5,0.00055249987191025,0.00527826330637386,0.015359564119382,0.03070056249978,0.0513012584475679,0.0856944154922499,0.00055249987191025,0.00527826330637386,0.015359564119382,0.03070056249978,0.0513012584475679,0.0856944154922499,0.00055249987191025,0.00527826330637386,0.015359564119382,0.03070056249978,0.0513012584475679,0.0856944154922499,0.111111111111111,2,150.000015727529,186.970618685554,-13.4036713384023,614.630590563483,305.662053744402,5809.77898135611,-39.9265465055723,2.4604136131653,-0.65815313401729,-0.109593666805541,2.53879357358609,-0.203305676606603,4.64640836743048,-0.289400369056348,-100.929522966358,0.317059990692845,5.16479908342882,1173.72461201958,10.3977918966776,1.31606009790647,0.782978335590043,0.496313196542027,0.462235100510363,0.379675992084158,0.32635792104989,0.0155749104600562,0.00904288303510051,0.00608873065305697,0.00601238912613269,0.00647986626393084,0.00737532996562858,4999.98604312051,43.0936527445049,17.3232166618681,62.256180119364,124.238001560011,121.633514281269,2616.57485468755,2280.71333392918,22.3936058859338,1.24650082166334,0.602036441108354,0.0883874663133893,1.32274312965493,0.408118074073627,3.02772595587512,0.530152562777857,1.84718797024428,0.658815154056538,2.90794791420198,0.446732836334749,0.00414814478564283,0.177963868150341,0.0797577832498984,0.106735356186262,0.134520505132709,0.156700100442751,0.1648822130642,0.0289627809378985,0.00544559343448444,0.00268799675439003,0.0020442244628726,0.00135712785139406,0.00103381551911822,1.20649845360743,0.00497701226245678
-11.6666666666667,15.2222222222222,1.42,0.5,0.0033149992314615,0.0316695798382432,0.092157384716292,0.18420337499868,0.307807550685407,0.514166492953499,0.0033149992314615,0.0316695798382432,0.092157384716292,0.18420337499868,0.307807550685407,0.514166492953499,0.0033149992314615,0.0316695798382432,0.092157384716292,0.18420337499868,0.307807550685407,0.514166492953499,0.666666666666667,2,150.000015727529,193.238516821165,-15.3579069992709,614.679700031247,343.173906613894,5962.89428184564,-37.5027435787939,2.4615044995313,-0.631119731868555,-0.103082264034996,2.53286553484012,-0.204666883559004,4.51732538253307,-0.27942620590876,-100.949785439017,0.315250869628164,5.0791768253307,1173.70023955838,9.76095469221947,1.36515050515571,0.842817914800541,0.555912123737111,0.526039318820956,0.387131048849078,0.306577526299344,0.0161828894826581,0.0109459905763983,0.00678993063222581,0.00828671700864494,0.00985549453181961,0.0114949784397459,4999.98385584835,43.0936329548998,17.3232166618681,58.3900430799916,124.283451466805,121.492481134609,2609.90874208887,2110.91350751715,22.6188585832253,1.110528678216,0.551779201660574,0.0778142924102472,1.17494926487387,0.396508694656203,2.65589122986437,0.440926135701121,1.68170474512981,0.637129835760819,2.53601269954171,0.458176804598927,0.00386581291466608,0.176525330901843,0.0805365951360611,0.110548275422247,0.141095550273544,0.142115621588234,0.136220780568772,0.0309455837904696,0.00610069482669651,0.00360198333841061,0.00326440833830242,0.00237413775957809,0.00373150631931631,1.63784976088109,0.0054932016039281
-11.6666666666667,3,1.42,0.5,0.0033149992314615,0.0316695798382432,0.092157384716292,0.18420337499868,0.307807550685407,0.514166492953499,0.0033149992314615,0.0316695798382432,0.092157384716292,0.18420337499868,0.307807550685407,0.514166492953499,0.0033149992314615,0.0316695798382432,0.092157384716292,0.18420337499868,0.307807550685407,0.514166492953499,0.666666666666667,2,150.000015727529,48.6169471930008,-1.52124163003853,204.301567545047,33.2356861576919,1650.4939068847,-20.8380168732424,0.933427632538276,-0.0667124673471512,-0.0139632287261743,0.933427632538276,-0.0667124673471512,-0.217273977728705,-0.0307121246888866,-33.2491355067181,0.115566664198521,2.11703687115925,673.125268201235,4.092224569524e-18,0.1956035308822,0.159846347255494,0.185423299656286,0.274809946880533,0.30538453286116,0.356728955317155,0.0120077335694198,0.00807149911467556,0.00599876606603478,0.00599499708363712,0.00745782314342256,0.011261862201854,19.9897614831788,0.300413936048329,17.3232166618681,3.30563344317676,122.30269810721,120.274316851845,2529.29510934353,184.246945896656,6.97905551036804,0.193735066811367,0.33991924076363,0.00545266205793973,0.193735066811367,0.33991924076363,0.278099207456379,0.051846732776748,0.362270333094201,0.54386656360992,0.40628827037016,0.0518912468351747,9.53033689481938e-16,0.0221592457901867,0.0380488541945832,0.0412236626246925,0.0543963484528841,0.0611638704910916,0.0838841718472697,0.000567577241666145,0.000333199306947445,0.000297070211009451,0.000454959759200189,0.0010499600623207,0.00418998369495998,0.17418762447564,0.00260469718642938
5,3,1.42,0.5,0.0033149992314615,0.0316695798382432,0.092157384716292,0.18420337499868,0.307807550685407,0.514166492953499,0.0033149992314615,0.0316695798382432,0.092157384716292,0.18420337499868,0.307807550685407,0.514166492953499,0.0033149992314615,0.0316695798382432,0.092157384716292,0.18420337499868,0.307807550685407,0.514166492953499,0.666666666666667,2,150.000015727529,49.2195687949171,-1.314063760025,204.822375794188,29.7542274763046,1672.14529736486,-19.8726223310072,0.944236808665764,-0.0670378136506614,-0.0139918288719925,0.944236808665764,-0.0670378136506614,-0.203199550464535,-0.031429175387043,-33.3346630559316,0.116117574908863,2.14027351317571,673.977314863031,1.20898053431934e-17,0.213350234350588,0.174021573794396,0.196077627330487,0.284960337464847,0.314696458702218,0.365713227788772,0.0120313873554838,0.00807084459952088,0.00600451390480159,0.00600248088740756,0.00750125424434955,0.0114037320070826,25.552003957921,0.38351432142485,17.3232166618681,0.981817267813184,122.254151307639,120.177844628678,2523.28893236891,146.207944206109,7.81221959462501,0.148563133911078,0.332619497503401,0.00421083683846707,0.148563133911078,0.332619497503401,0.254175561863737,0.0505948822072283,0.35520348261389,0.530863011570122,0.338630668058014,0.0794375915742152,8.99777973862575e-16,0.0565773990708495,0.0604008134880028,0.0547813303377911,0.0609190343445252,0.0642422196809951,0.0815863685127039,0.00130706455147056,0.000611095907139931,0.000446812975694915,0.000544783144809975,0.000988190082317454,0.00425282849798145,0.232351351192542,0.00346602078524618
5,3,1.24222222222222,0.5,0.0033149992314615,0.0316695798382432,0.092157384716292,0.18420337499868,0.307807550685407,0.514166492953499,0.0033149992314615,0.0316695798382432,0.092157384716292,0.18420337499868,0.307807550685407,0.514166492953499,0.0033149992314615,0.0316695798382432,0.092157384716292,0.18420337499868,0.307807550685407,0.514166492953499,0.666666666666667,2,150.000015727529,46.0381949796897,-1.42116821581086,204.687758566816,31.6284623060098,1534.87417977294,-17.5638913654828,0.851984032913239,-0.0611414300677013,-0.0115553135090095,0.851984032913239,-0.0611414300677013,-0.33034486862306,-0.0282828218472034,-33.2872856994063,0.105296880606187,1.92153744401625,673.517394021461,-1.07180572763254e-17,0.213954858868868,0.174535224455786,0.196479023018436,0.285387542964274,0.31513136131653,0.366041443599625,0.012030310384335,0.00806974710967608,0.00600404759920842,0.00600205749401104,0.00752398250182273,0.0114213787834601,22.5770836371211,0.339094250598896,17.3232166618681,0.887935539784446,122.172748429605,120.200092962719,2521.44482278487,116.379267738236,7.06563356410873,0.129887303131666,0.332138098719064,0.00340447983714011,0.129887303131666,0.332138098719064,0.232690871779644,0.0498662713425048,0.354733947447258,0.530036885411538,0.292447310565809,0.0628781878059077,8.91382673301492e-16,0.0567075439534519,0.0605717669007026,0.0549960580360423,0.0612742125528575,0.064716088020345,0.0821686844112411,0.00131221013763733,0.000613777360556325,0.000449108054839344,0.000548467543504106,0.000985830885971549,0.00425361617196778,0.206873890188209,0.0030901379188655
5,3,1.24222222222222,0.222222222222222,0.0033149992314615,0.0316695798382432,0.092157384716292,0.18420337499868,0.307807550685407,0.514166492953499,0.0033149992314615,0.0316695798382432,0.092157384716292,0.18420337499868,0.307807550685407,0.514166492953499,0.0033149992314615,0.0316695798382432,0.092157384716292,0.18420337499868,0.307807550685407,0.514166492953499,0.666666666666667,2,150.000015727529,46.2367607540881,-1.33615336319134,204.872244557859,30.5983871242579,1545.19904176648,-17.386282470576,0.862636746172274,-0.0618388938443913,-0.0116045875429643,0.862636746172274,-0.0618388938443913,-0.316153980418707,-0.0287549985503281,-33.3180918654307,0.106765357150297,1.95034798458494,673.817289865658,-3.64111868555359e-18,0.212447338818873,0.173817008644933,0.195470721799812,0.284304999479221,0.3140008540777,0.379799291740444,0.0120158410582232,0.00805940933236122,0.00600154254765129,0.00600165055723362,0.0074047972086241,0.0101286985730653,24.558258514738,0.368682720549943,17.3232166618681,3.55929210043133,122.138777160282,120.036703993738,2519.6691367889,36.7730322258267,7.24164263166758,0.0475462949791552,0.330335466067869,0.00169173880219775,0.0475462949791552,0.330335466067869,0.11819996814457,0.0456022156351161,0.350394189178222,0.52683940765215,0.0725778894701967,0.0378179332238862,9.0517175564964e-16,0.0350900158142521,0.0309827830423748,0.0247553876709569,0.0255504202509979,0.0261451150890654,0.0263272307443259,0.000835099235211929,0.000317126821260671,0.000207702356868871,0.000249277858402092,0.000470127963316593,0.00434716835906421,0.108680764534647,0.00162071432744032
-1.66666666666667,15.2222222222222,1.34888888888889,0,0.0033149992314615,0.0316695798382432,0.092157384716292,0.18420337499868,0.307807550685407,0.514166492953499,0.0033149992314615,0.0316695798382432,0.092157384716292,0.18420337499868,0.307807550685407,0.514166492953499,0.0033149992314615,0.0316695798382432,0.092157384716292,0.18420337499868,0.307807550685407,0.514166492953499,0.666666666666667,2,150.000015727529,189.004301635246,-14.7234659472972,616.37886678471,326.231997635663,5816.26820122904,-30.3911831967503,2.39229507342985,-0.630932788251223,-0.0798647370065618,2.46613498593896,-0.19820400098948,4.26714787157588,-0.305238402285178,-101.010084366212,0.305295407853557,4.94665566086866,1173.59837516925,10.1796281637329,1.40434069367774,0.880847099260493,0.587431277991876,0.555498635558796,0.414641672742422,0.33297886678471,0.0147962066922196,0.010919454754713,0.00675147484637017,0.00987919060514528,0.0089527843974586,0.00638611196750338,4999.99458389751,43.093320487449,17.3232166618681,19.9489192280937,121.057643085334,117.060718051071,2489.83377399368,359.727053122375,24.6682197561472,0.0911283578810755,0.350149260503387,0.00980291717934504,0.143629432430236,0.332079631367778,1.46287414583002,0.321062727843032,1.14102890481863,0.527353106533372,0.204327367949601,0.559327596002588,0.00628798908408093,0.145006449063115,0.0799601776418232,0.0485262714469559,0.0368824643181523,0.0284466147604006,0.0234010053694072,0.0249205041760707,0.0065411632940905,0.00251875700235121,0.00173516906156362,0.00234551926064409,0.00102550735099322,2.12352199488918,0.00755495739646298
15,15.2222222222222,1.34888888888889,0,0.0033149992314615,0.0316695798382432,0.092157384716292,0.18420337499868,0.307807550685407,0.514166492953499,0.0033149992314615,0.0316695798382432,0.092157384716292,0.18420337499868,0.307807550685407,0.514166492953499,0.0033149992314615,0.0316695798382432,0.092157384716292,0.18420337499868,0.307807550685407,0.514166492953499,0.666666666666667,2,150.000015727529,195.70006249349,-16.2557389969795,615.048807415894,376.89247590876,6142.99187584627,-28.1731089636496,2.63058483491302,-0.649515904593271,-0.0963194521404017,2.70048963649619,-0.221857748390793,5.24253009519841,-0.26485051267368,-100.953544422456,0.346755201265077,5.50273794396417,1173.65816060827,9.17298729299026,1.39161185293199,0.905101499843765,0.619725726486824,0.595138214769294,0.457037704405791,0.374855098427247,0.0359994044859911,0.0112737755506718,0.00682716948234558,0.00952157327361732,0.0101727164878658,0.00979161681074888,4999.98166857619,43.0933038225179,17.3232166618681,20.1261638896428,123.489743164068,117.42078410786,2543.53802071511,346.217208941619,25.5188773688273,0.0586860708487359,0.344656029751247,0.00734625108273954,0.100759884347037,0.33478486006859,1.49684116345269,0.298094638922512,1.10802553761671,0.529878538992239,0.111506541599498,0.522821184809505,0.00416836360958981,0.37771534569853,0.204601464773187,0.116510845795913,0.0773468287629662,0.0500434290048457,0.033967310131906,0.0631863015308248,0.0131925406587741,0.00420583051392992,0.00221316719739264,0.00230562818636899,0.00439187178486727,1.85777571051072,0.00593894938198906
15,3,1.34888888888889,0,0.0033149992314615,0.0316695798382432,0.092157384716292,0.18420337499868,0.307807550685407,0.514166492953499,0.0033149992314615,0.0316695798382432,0.092157384716292,0.18420337499868,0.307807550685407,0.514166492953499,0.0033149992314615,0.0316695798382432,0.092157384716292,0.18420337499868,0.307807550685407,0.514166492953499,0.666666666666667,2,150.000015727529,47.3008946984689,-1.53041763878763,204.301137381523,33.7712754650557,1598.03353817311,-18.4517976252474,0.904416217060724,-0.0649288847932507,-0.0126462649723987,0.904416217060724,-0.0649288847932507,-0.25621620384335,-0.0298484594091345,-33.2379752109155,0.112573686900323,2.05365576502448,672.995031767523,-1.08777481408187e-17,0.190422268513696,0.156952942401833,0.183897229455265,0.274344109988543,0.306345849390689,0.375638662639308,0.0120177762733049,0.00807149276117071,0.00599927809603167,0.00600009655244245,0.00748712842412249,0.01041672211228,19.2695375481721,0.289637402353921,17.3232166618681,6.22730874032659,121.808686668179,120.101939342073,2508.89966243868,169.160275700513,8.11656252551551,0.0488574489213727,0.323947894639399,0.0013980604519413,0.0488574489213727,0.323947894639399,0.168933350856872,0.0456127548905482,0.342168428022571,0.515685325153827,0.16901192182537,0.0217299124454326,9.20507923699022e-16,0.0370677778970942,0.020910258097047,0.020487485830541,0.0413336363850867,0.0460688658616756,0.0489638493223447,0.000777117967733654,0.000212824023977485,0.000177901512279148,0.000374810974511359,0.000812336457941757,0.00451715335460513,0.0743675743589204,0.00111263383158999
15,3,1.34888888888889,0.277777777777778,0.0033149992314615,0.0316695798382432,0.092157384716292,0.18420337499868,0.307807550685407,0.514166492953499,0.0033149992314615,0.0316695798382432,0.092157384716292,0.18420337499868,0.307807550685407,0.514166492953499,0.0033149992314615,0.0316695798382432,0.092157384716292,0.18420337499868,0.307807550685407,0.514166492953499,0.666666666666667,2,150.000015727529,46.8244922403916,-1.6290829507343,204.083506926362,35.1700736173315,1576.38381418602,-18.6400067701281,0.887947526299345,-0.063926198781377,-0.012239835433809,0.887947526299345,-0.063926198781377,-0.278119785467139,-0.0291226734723987,-33.2027549213624,0.110624892490366,2.01282720549943,672.654702635135,9.59589503176752e-18,0.192833443391313,0.157188265805645,0.183124799500052,0.271921081137382,0.302775523382981,0.360028372044579,0.0120342839287574,0.00808203874596397,0.00600032257056557,0.00599876179564629,0.00752296073325696,0.0105911922716384,16.9850775960838,0.25543446515988,17.3232166618681,3.0933333987126,121.824037104922,120.294944834484,2510.38295089603,93.6451350426641,7.87474100017581,0.0541305304562399,0.325628733125921,0.00178130002140248,0.0541305304562399,0.325628733125921,0.23267080371869,0.0488941598391375,0.346096661643879,0.518628332658354,0.175949483260917,0.0497809535441498,8.45302513527942e-16,0.0580620611247869,0.0479055012085704,0.0400346111784841,0.0511060091798347,0.0535389327460196,0.0660717738771752,0.00123180551351504,0.000439122597676617,0.000306288195577125,0.000451734286784767,0.000938750440978393,0.00428798203812443,0.18522985922646,0.00277561790190108
15,3,1.34888888888889,0.277777777777778,0.00055249987191025,0.00527826330637386,0.015359564119382,0.03070056249978,0.0513012584475679,0.0856944154922499,0.00055249987191025,0.00527826330637386,0.015359564119382,0.03070056249978,0.0513012584475679,0.0856944154922499,0.00055249987191025,0.00527826330637386,0.015359564119382,0.03070056249978,0.0513012584475679,0.0856944154922499,0.111111111111111,2,150.000015727529,48.3426643058015,-1.6309757618998,203.947469013645,35.2352467899177,1660.04270388501,-17.6245707738777,0.968158827205499,-0.0692599197483595,-0.0145380618685554,0.968158827205499,-0.0692599197483595,-0.157412664071451,-0.0321691377864389,-33.2014071450891,0.121456125893136,2.22296260806166,672.620383293401,2.24599336520154e-17,0.192668200187481,0.157936722216436,0.17746960733257,0.256792865326528,0.323922278929278,0.409671138423081,0.0120372846578482,0.00805207509634414,0.00600040724924487,0.00599920477033643,0.00634277398187689,0.00697055150505156,16.812143526716,0.252843141339443,17.3232166618681,3.30241286232281,121.739216894224,120.357757264755,2506.1454515047,144.197274625846,8.79602145164079,0.0947238714272493,0.322500101609106,0.00293975792259559,0.0947238714272493,0.322500101609106,0.309691833076213,0.0531731203419667,0.342978754424296,0.512934996813392,0.293364149702829,0.0767714339508079,9.3927635019305e-16,0.0580793921212767,0.0481060051554422,0.0394205092710577,0.0510314877278346,0.0631539295792902,0.0994534194319848,0.00123299135367297,0.000441067420306448,0.000291539450170601,0.000425352371743799,0.000531163547626485,0.00104879785962513,0.234179837905122,0.00350985444346227
15,3,1.17111111111111,0.277777777777778,0.00055249987191025,0.00527826330637386,0.015359564119382,0.03070056249978,0.0513012584475679,0.0856944154922499,0.00055249987191025,0.00527826330637386,0.015359564119382,0.03070056249978,0.0513012584475679,0.0856944154922499,0.00055249987191025,0.00527826330637386,0.015359564119382,0.03070056249978,0.0513012584475679,0.0856944154922499,0.111111111111111,2,150.000015727529,45.1141620664514,-1.7095323967295,203.884510988439,36.651215290074,1517.4256848245,-15.5017325278617,0.868143974585981,-0.0628020778356421,-0.0118499990625976,0.868143974585981,-0.0628020778356421,-0.296776637200396,-0.0287170343670451,-33.1697323195501,0.109432718083533,1.98241818560567,672.320091657123,-6.14703987647122e-18,0.193074311009269,0.158273584001667,0.177710884282887,0.257017487761691,0.324143443391313,0.409661972711176,0.0120370628059577,0.00805142578898031,0.00600003968336631,0.00599862430996771,0.0063417972086241,0.00697276692011249,14.8590761379023,0.223574242266431,17.3232166618681,3.37402492216617,121.70210017918,120.379389241598,2506.08404655775,122.981857243475,7.86571838434256,0.0759736293708833,0.323290714299696,0.00226281408259604,0.0759736293708833,0.323290714299696,0.304488145702729,0.0535107150874503,0.344089773300098,0.514369898496221,0.247401370496236,0.0679263689453176,9.05371409212424e-16,0.0581394527519711,0.0481178488589198,0.0394218195882058,0.0510831443312893,0.0632601253339481,0.100448202637726,0.0012355056054746,0.000441240709224031,0.000291302098680905,0.000425906111509876,0.000533038135377955,0.00103438545859938,0.20392214234829,0.00305857605949528
1.66666666666667,22.5555555555556,1.31333333333333,0.222222222222222,0.004419998975282,0.0422261064509909,0.122876512955056,0.24560449999824,0.410410067580543,0.685555323937999,0.004419998975282,0.0422261064509909,0.122876512955056,0.24560449999824,0.410410067580543,0.685555323937999,0.004419998975282,0.0422261064509909,0.122876512955056,0.24560449999824,0.410410067580543,0.685555323937999,0.888888888888889,2,150.000015727529,153.052527861681,-9.90806573690241,620.445099468806,106.432975054682,3586.98539735444,-49.4886584730757,0.635424316885741,-0.267519468959483,-0.0147508549109468,0.688660571659202,-0.0328322478637642,-3.02076776284762,-1.11875901511822,-101.03271638371,0.00951683232267472,0.657581209561504,1173.76023330903,20.1022518487654,1.55900874908864,0.943315258827205,0.485438516821164,0.310534101656078,0.107358400098948,-0.0113267115894178,0.0439335970284345,0.0118162034907812,0.00732196844078742,0.00698677585668159,0.00880290730132277,0.0136416865951464,4999.96854494324,43.093311113426,17.3232166618681,58.4611177439302,116.580398238099,117.195723521208,2421.52798978263,1700.59321318611,17.6104731839499,0.682313950874432,0.55154230932408,0.0113037218848525,0.804906754290312,0.349102884397483,2.69297586369647,0.701622954500406,1.86219059389498,0.554570955326605,1.64774645048871,1.34814908135606,0.0081567650200384,0.222528740013012,0.200841946459819,0.164126809807386,0.152468022416614,0.109201801435647,0.106756595123332,0.0521035260364056,0.0122452522479723,0.00429109558297564,0.0020755144908262,0.00177445100487382,0.00753624265143091,5.23725139200009,0.0182985646756025
-15,22.5555555555556,1.31333333333333,0.222222222222222,0.004419998975282,0.0422261064509909,0.122876512955056,0.24560449999824,0.410410067580543,0.685555323937999,0.004419998975282,0.0422261064509909,0.122876512955056,0.24560449999824,0.410410067580543,0.685555323937999,0.004419998975282,0.0422261064509909,0.122876512955056,0.24560449999824,0.410410067580543,0.685555323937999,0.888888888888889,2,150.000015727529,157.409748984481,-9.2454430843662,620.333569419853,86.9675395167171,3867.53140297886,-48.7526705551505,0.842843578793875,-0.334491820205187,-0.0112978272054994,0.90572345589001,-0.0439922215915009,-2.17856681522758,-0.96672274450578,-101.079961462348,0.0308973843662119,1.17744730700969,1173.69169878138,18.8655160920742,1.49806218102281,0.970472429955212,0.517740266638892,0.350565847307572,0.130920322883033,0.0319465185730653,0.119208831208208,0.0134473612221435,0.00776863180918654,0.00617742485157796,0.0101765630663473,0.00993871575877511,4999.9670867618,43.0936079575048,17.3232166618681,29.65588033225,113.726035716882,117.502879916203,2336.57601812831,621.983702792759,21.5932071150449,0.247005958545418,0.371098206808106,0.00590859117107537,0.31200923787034,0.318392870925839,3.1890964935445,0.504879523451117,1.26486840907056,0.505983259748556,0.633614026062085,0.999866053158041,0.00548547099708513,0.42450257874633,0.271419815018368,0.126358168147515,0.0580358323144454,0.0472229128769417,0.0492023053142077,0.151754242056268,0.0214877081862693,0.00475938994549465,0.00105879387266589,0.000554441286159558,0.00279519829486854,4.01037196187282,0.0123103122085319
-15,22.5555555555556,1.31333333333333,0.222222222222222,0.00165749961573075,0.0158347899191216,0.046078692358146,0.09210168749934,0.153903775342704,0.25708324647675,0.00165749961573075,0.0158347899191216,0.046078692358146,0.09210168749934,0.153903775342704,0.25708324647675,0.00165749961573075,0.0158347899191216,0.046078692358146,0.09210168749934,0.153903775342704,0.25708324647675,0.333333333333333,2,150.000015727529,158.967138839704,-8.77923665243203,620.235767107592,58.575681199875,3941.93854806791,-47.6508613686073,0.882907967920009,-0.344549459827101,-0.0125254142901781,0.946917956462866,-0.0399182237942923,-2.03197767088324,-0.942231984168316,-101.085655660869,0.024174512050828,1.26098980737423,1173.71721695657,18.9044839079271,1.49722133111134,0.971595635871264,0.509806770128111,0.349498302260181,0.146695897302364,0.0422971757056557,0.117403859940944,0.0118690762953859,0.00646021005103635,0.00605510540568691,0.00939695625455682,0.00953677169044897,4999.96073325695,43.0935694198524,17.3232166618681,30.1568503866035,113.635214240165,117.580140754072,2335.02901691387,666.190337208468,21.5884960747242,0.285227043602339,0.377597720275921,0.00681761781071765,0.34978181328751,0.318728148892971,3.020207723886,0.509604761378866,1.29083390753222,0.506633793135963,0.729786123762737,0.981879789245694,0.00519883564462872,0.426435565994367,0.274529514789079,0.124865125652284,0.055583059171919,0.0518960086164858,0.0505531738257031,0.150367942830496,0.0215572215671599,0.00415350354178278,0.00103039043739343,0.000663371402825097,0.00193393181254605,3.83185926963383,0.012025909449621
-15,22.5555555555556,1.13555555555556,0.222222222222222,0.00165749961573075,0.0158347899191216,0.046078692358146,0.09210168749934,0.153903775342704,0.25708324647675,0.00165749961573075,0.0158347899191216,0.046078692358146,0.09210168749934,0.153903775342704,0.25708324647675,0.00165749961573075,0.0158347899191216,0.046078692358146,0.09210168749934,0.153903775342704,0.25708324647675,0.333333333333333,2,150.000015727529,155.778033538173,-8.47870577856473,619.887740860327,75.5135727424226,4028.79387563795,-36.9344632850745,1.0462029059473,-0.40710731580148,-0.0173590556192063,1.12113165295282,-0.0578270308717842,-1.24822273393605,-0.860748953234038,-101.10185084887,0.0585752673721487,1.730375947193,1173.68659514634,18.3097594000624,1.52029778148109,1.02874495365066,0.564797010728049,0.404355317154463,0.203523463180919,0.0865542062514321,0.128331009193313,0.012787790980877,0.0066502228934486,0.00628954025622331,0.00870733694406832,0.0093931565461931,4999.97635662952,43.0936402458081,17.3232166618681,32.2464341330835,114.857180644153,117.597695762528,2359.65337205321,732.293501544398,19.9834184665044,0.30662323114195,0.39409105403152,0.00962329565863862,0.379899614017017,0.324040230819278,2.19732483057723,0.447624129536036,1.31653374633984,0.515155849453236,0.788286379800501,1.00093522909693,0.00645129358914707,0.407666442956476,0.276010856726764,0.125590057936612,0.0549926002134409,0.0485754296182636,0.0519788453455992,0.158909933683035,0.0228603284015518,0.00464712862782658,0.00137368101110859,0.000627192719666533,0.00170535180173424,3.80161195189653,0.0113489785196546
-15,22.5555555555556,1.13555555555556,0.5,0.00165749961573075,0.0158347899191216,0.046078692358146,0.09210168749934,0.153903775342704,0.25708324647675,0.00165749961573075,0.0158347899191216,0.046078692358146,0.09210168749934,0.153903775342704,0.25708324647675,0.00165749961573075,0.0158347899191216,0.046078692358146,0.09210168749934,0.153903775342704,0.25708324647675,0.333333333333333,2,150.000015727529,153.353892302885,-8.55604966774295,618.965493177794,97.7259466305593,3936.74804707843,-40.0602489324029,0.998551867930423,-0.398658779731278,-0.0335530622851786,1.07344476503073,-0.0612339612404958,-1.41185552676289,-0.890649224039163,-101.064072492448,0.063764762435163,1.62473528047078,1173.72721591501,18.4989855223414,1.53384053744401,0.982776689928132,0.511608749088636,0.352319782314343,0.170431273524123,0.0477349762639308,0.101858068300177,0.0114161914388085,0.00640245682741381,0.00650669190709301,0.0076250937402354,0.00956222310176023,4999.99947922091,43.0933808978226,17.3232166618681,63.418364113872,116.54868113547,118.17200849375,2415.73255778834,2145.69506455673,15.85576846104,1.05369338208849,0.652595153054032,0.0300747235723524,1.1853653457379,0.36201090280874,2.91247283148879,0.743928075028134,2.15931681338742,0.580421461262276,2.58287678530584,0.768424963901287,0.00336524806548319,0.367772474509097,0.171205375093046,0.0953658661883913,0.152171842301737,0.172197473921182,0.202418553820784,0.126302694451273,0.0136995243050072,0.00313867781505265,0.00165967254741778,0.00147992841801955,0.00184838875848997,2.76463901720057,0.00755849450853101
-15,10.3333333333333,1.13555555555556,0.5,0.00165749961573075,0.0158347899191216,0.046078692358146,0.09210168749934,0.153903775342704,0.25708324647675,0.00165749961573075,0.0158347899191216,0.046078692358146,0.09210168749934,0.153903775342704,0.25708324647675,0.00165749961573075,0.0158347899191216,0.046078692358146,0.09210168749934,0.153903775342704,0.25708324647675,0.333333333333333,2,150.000015727529,194.523695448391,-21.3528878814707,469.681449848974,747.852646630559,6902.30455160921,-4.6922127062806,3.73867763774607,-0.374645109597958,-0.205042013331945,3.73867763774607,-0.374645109597958,7.87749505259869,-0.371033569419852,-78.1091344651598,0.623304099367774,8.25398729299031,1034.98770961358,-1.48019473492345e-17,1.40288928236642,1.0732771065514,0.879016102489324,0.922321622747631,0.883995562962193,0.836413883970418,0.015096216076867,0.0105635236364962,0.00605906522487241,0.00859589125229662,0.0111762730965524,0.0146258265805645,2801.70690553067,27.3881158212681,17.3232166618681,31.1049908898702,126.630449128973,124.17984303111,2706.91406566218,1348.66269880772,30.1628140615091,0.870584365723727,0.404423454768152,0.0918871593172516,0.870584365723727,0.404423454768152,1.71373270031431,0.138505281694785,0.845984061328229,0.652301318659598,1.93277489976765,0.110184378809391,1.30144265123417e-15,0.136570006966496,0.0440937331006582,0.0927559713208957,0.136211934212797,0.138143903899076,0.142844700497919,0.0264549137025107,0.00566348128593596,0.00464446116963773,0.00535164549849579,0.0048096872380768,0.00521412044300795,0.742267932541057,0.00473038941699202
-1.66666666666667,3,1.13555555555556,0.333333333333333,0.00055249987191025,0.00527826330637386,0.015359564119382,0.03070056249978,0.0513012584475679,0.0856944154922499,0.00055249987191025,0.00527826330637386,0.015359564119382,0.03070056249978,0.0513012584475679,0.0856944154922499,0.00055249987191025,0.00527826330637386,0.015359564119382,0.03070056249978,0.0513012584475679,0.0856944154922499,0.111111111111111,2,150.000015727529,45.7085168211645,-1.51178642537236,204.437742943443,33.3175678116863,1537.44682845537,-15.6637990834288,0.876802655973337,-0.0630327795250495,-0.01218970044787,0.876802655973337,-0.0630327795250495,-0.286825461581085,-0.0293734694219352,-33.2519497968961,0.109755199375065,1.99973888136653,673.14098531403,-9.52821795437975e-18,0.214308509530257,0.176178543901677,0.190428653265285,0.269303260077075,0.336547942922612,0.421289428184564,0.0120109363607957,0.00802641110301011,0.00600110217685658,0.00600041068638684,0.00631388990730133,0.00696195136131653,20.211522758046,0.303730955108844,17.3232166618681,2.74345790927279,122.139088959296,120.194564935613,2522.35939796612,63.2265957241676,7.00923942665316,0.111984524917821,0.334146534744231,0.00323739522077048,0.111984524917821,0.334146534744231,0.269844125406167,0.0517867764383848,0.35544043977773,0.533739099993196,0.224277426875266,0.0491832022998471,8.88386641308142e-16,0.029997764352065,0.0341008659470385,0.0294666177427362,0.0291102972330375,0.0342686972108426,0.0704621894595493,0.00075157583630693,0.00034316442584308,0.000227052794146286,0.000248396976813237,0.000290677632264969,0.000897806697785817,0.167136900373294,0.00249983999783094
15,3,1.13555555555556,0.333333333333333,0.00055249987191025,0.00527826330637386,0.015359564119382,0.03070056249978,0.0513012584475679,0.0856944154922499,0.00055249987191025,0.00527826330637386,0.015359564119382,0.03070056249978,0.0513012584475679,0.0856944154922499,0.00055249987191025,0.00527826330637386,0.015359564119382,0.03070056249978,0.0513012584475679,0.0856944154922499,0.111111111111111,2,150.000015727529,44.3757441933132,-1.71418080429122,203.897582543485,36.7520189563587,1484.39287574211,-15.1301926882616,0.844582470575982,-0.0612491413554838,-0.0112996289969795,0.844582470575982,-0.0612491413554838,-0.328560174157901,-0.0280472631706072,-33.1666826372253,0.106541206341006,1.92555775440058,672.282189355282,2.01120926986771e-18,0.193690880116655,0.158461319654203,0.177995927507551,0.257182595562962,0.324281345693157,0.409944224559941,0.0120358296010832,0.00805635402562233,0.0060004232892407,0.00599822258098115,0.0063428672013332,0.00697638668888657,14.6892094573482,0.2210254556817,17.3232166618681,2.87110027377243,121.722504539064,120.399092790996,2506.96236307761,121.944139394122,7.63930082087528,0.087100671722796,0.323915927051441,0.00243122280598518,0.087100671722796,0.323915927051441,0.312679905759607,0.053624079478443,0.345324853398282,0.515465073519346,0.264698800570491,0.0620939977574916,9.22198536289138e-16,0.0624731903233158,0.053716576721968,0.0445913813500406,0.055417596409856,0.0678168405899714,0.10569590956206,0.00134051281454568,0.000498166641888338,0.000330190905284435,0.000458812039554375,0.00056618374333501,0.00101878267860977,0.180368575128493,0.00270389762332761
15,3,1.13555555555556,0.0555555555555556,0.00055249987191025,0.00527826330637386,0.015359564119382,0.03070056249978,0.0513012584475679,0.0856944154922499,0.00055249987191025,0.00527826330637386,0.015359564119382,0.03070056249978,0.0513012584475679,0.0856944154922499,0.00055249987191025,0.00527826330637386,0.015359564119382,0.03070056249978,0.0513012584475679,0.0856944154922499,0.111111111111111,2,150.000015727529,45.1037527340902,-1.60984257369024,204.124263097594,35.3067821060307,1520.24039162587,-14.8375368190813,0.875307374231851,-0.0632124366249454,-0.0119878614727633,0.875307374231851,-0.0632124366249454,-0.284919218862618,-0.0294192477648162,-33.2044995312989,0.110459166549943,2.0041875846266,672.668951150908,-9.47264703468388e-18,0.190935704614103,0.158051557129466,0.177966607645037,0.258522216435788,0.3266859910426,0.438477846057703,0.0120212061243621,0.00803723424643266,0.00599923122591397,0.00599988928236642,0.0063383306947193,0.00691702337777315,17.1221049890637,0.257487022185189,17.3232166618681,5.87930119402835,121.701879172907,120.197020118711,2504.78942589977,167.703061980136,7.90454035525387,0.0514024375008784,0.32190632845209,0.00147534750623083,0.0514024375008784,0.32190632845209,0.270083020628375,0.0494807436671718,0.340220305501923,0.511910036979159,0.200739365419879,0.0462717720036019,8.76204053261889e-16,0.041183750032196,0.0262329676870316,0.0227534477570868,0.0427031183619757,0.0570518778957976,0.0746282658259816,0.000858070779003199,0.000248861999949221,0.000181666479169954,0.000359720656277657,0.000478179576737419,0.00093326757300155,0.10120830323059,0.001516257143576
15,3,1.31333333333333,0.0555555555555556,0.00055249987191025,0.00527826330637386,0.015359564119382,0.03070056249978,0.0513012584475679,0.0856944154922499,0.00055249987191025,0.00527826330637386,0.015359564119382,0.03070056249978,0.0513012584475679,0.0856944154922499,0.00055249987191025,0.00527826330637386,0.015359564119382,0.03070056249978,0.0513012584475679,0.0856944154922499,0.111111111111111,2,150.000015727529,48.43209561504,-1.51373212436205,204.217020102073,33.6474773855849,1667.7302364337,-16.9072613269451,0.979408874075618,-0.0699298975658785,-0.0147890240599938,0.979408874075618,-0.0699298975658785,-0.139369004748464,-0.0331184733194459,-33.2429590667639,0.122994606280596,2.2551120716592,673.049296948246,-5.93333439641707e-18,0.190471138423081,0.157678356421206,0.177714352671596,0.258298864701594,0.326455150505156,0.437159816685762,0.0120219497968962,0.00803788230392667,0.0059994682845537,0.00600020664514114,0.00633911675867098,0.00692446102489325,19.5178710550984,0.293353431934174,17.3232166618681,6.03630200360895,121.732486258273,120.131087554754,2504.41851955278,183.653836887148,8.87977785094998,0.0642876976339633,0.320664726365614,0.00191815682892681,0.0642876976339633,0.320664726365614,0.250104979943751,0.0489821166873343,0.339119053718792,0.509656958074587,0.236600224405293,0.0499976607792328,8.8840182592743e-16,0.0411481508956471,0.0262890269061707,0.0228661399558246,0.0428415015123882,0.0572553530501439,0.0746529966308546,0.000856214019913276,0.000248781613779083,0.000180972858978174,0.000357641246866192,0.000475798959439271,0.0011365228811432,0.116717556326431,0.00174468208116864
15,3,1.31333333333333,0.0555555555555556,0.0033149992314615,0.0316695798382432,0.092157384716292,0.18420337499868,0.307807550685407,0.514166492953499,0.0033149992314615,0.0316695798382432,0.092157384716292,0.18420337499868,0.307807550685407,0.514166492953499,0.0033149992314615,0.0316695798382432,0.092157384716292,0.18420337499868,0.307807550685407,0.514166492953499,0.666666666666667,2,150.000015727529,46.5619956254557,-1.5705328663681,204.232276846162,34.4104447953339,1565.83647536715,-18.0469993750651,0.882434704718258,-0.0635340400687427,-0.0120689511509218,0.882434704718258,-0.0635340400687427,-0.286227633246537,-0.0290962895024476,-33.2224164149568,0.109997290353088,2.00128403291324,672.857077387771,-3.99615699406297e-19,0.190882783043433,0.156883470471826,0.183491053015311,0.273444922403916,0.305067940839496,0.373895406728466,0.0120214050619728,0.00807311998750129,0.00599931080095823,0.00599974596396208,0.00751035090094782,0.0101876304551609,18.279396937819,0.274816810748881,17.3232166618681,5.56803997123143,121.800509664603,120.155469545462,2509.08029906268,144.335611967071,7.88562460924411,0.0319637659708677,0.324401401509212,0.00112593865184462,0.0319637659708677,0.324401401509212,0.154952455976869,0.0451804743662959,0.343053831291613,0.516483229212284,0.141728018005382,0.0494991492991876,9.31414388824168e-16,0.0411458764185898,0.0259093001054558,0.022493335127354,0.0405836537739323,0.0444373741819485,0.0467372318877002,0.000857388679953191,0.000246806996915606,0.000187444530286613,0.000368507314972357,0.00078378147377093,0.00447006433476792,0.0818825430812659,0.00122347978567328
15,15.2222222222222,1.31333333333333,0.0555555555555556,0.0033149992314615,0.0316695798382432,0.092157384716292,0.18420337499868,0.307807550685407,0.514166492953499,0.0033149992314615,0.0316695798382432,0.092157384716292,0.18420337499868,0.307807550685407,0.514166492953499,0.0033149992314615,0.0316695798382432,0.092157384716292,0.18420337499868,0.307807550685407,0.514166492953499,0.666666666666667,2,150.000015727529,196.262920529112,-17.0172896396209,614.823341318613,402.388760858244,6181.57702322675,-26.1178151111343,2.66423830850953,-0.647162722633058,-0.0991277596083741,2.73221966461827,-0.228027061391522,5.38106366993022,-0.262621942641391,-100.943534006875,0.357195862983023,5.57913779814603,1173.6010832205,8.88236496198315,1.40756072284137,0.931104666180605,0.644109936464952,0.618077689823977,0.476412009165712,0.390088980314551,0.0440353939381314,0.0114422142413811,0.00681681626461827,0.0095663782939277,0.0105320714508906,0.0106370006249349,4999.98989688574,43.0934173523586,17.3232166618681,22.0999352367744,123.882962592734,117.964939671008,2554.32144366008,489.044468974462,25.6159415842188,0.16645637652692,0.35764638238076,0.0145077868412865,0.200920920836853,0.33948131154489,1.4493425196489,0.297768511581109,1.12532739639529,0.537897818461214,0.350243131429954,0.489701092345595,0.00435219261324965,0.393548208540816,0.223955560400885,0.136881840952357,0.0969368990316426,0.0655614599578639,0.0439054179388742,0.0708714690048496,0.0150442475430172,0.00501385368217784,0.00280119437238454,0.00228415282615406,0.00475988242738197,1.74684298563143,0.00587700913426764
15,3,1.31333333333333,0.5,0.002209999487641,0.0211130532254954,0.061438256477528,0.12280224999912,0.205205033790271,0.342777661969,0.002209999487641,0.0211130532254954,0.061438256477528,0.12280224999912,0.205205033790271,0.342777661969,0.002209999487641,0.0211130532254954,0.061438256477528,0.12280224999912,0.205205033790271,0.342777661969,0.444444444444444,2,150.000015727529,46.7386199354234,-1.65178783085095,204.001665451516,35.4568752838246,1578.97396104572,-17.8869068846995,0.89747856473284,-0.0645572174877616,-0.0127355097385689,0.89747856473284,-0.0645572174877616,-0.260541844853661,-0.0295606377523174,-33.1943714196439,0.112128645929591,2.04183012186231,672.557129465693,-7.91465367149255e-18,0.195504432871576,0.159013782939277,0.182818647015936,0.267711852931986,0.313825716071242,0.382518529319863,0.0120190633267368,0.00808720966565983,0.00600310603062181,0.00599900531194667,0.00785303614206854,0.00963662831996668,16.4438371003021,0.247326091032183,17.3232166618681,1.55695017763576,121.849146725968,120.423245709261,2510.99947875808,160.153275375713,7.99193462159896,0.133749220554046,0.32614055380692,0.00358909155133852,0.133749220554046,0.32614055380692,0.321533207926441,0.0533880765540667,0.348570777054547,0.51943866312848,0.346920305739295,0.0494916744620675,9.02794064858237e-16,0.0756315035029612,0.070902179563792,0.0618135750160351,0.0726592851739774,0.080293507443461,0.103364826440962,0.00169118484068546,0.00069617475976934,0.000489694735700725,0.000630894811848706,0.00105111502346212,0.00253597440097921,0.135217972650054,0.00202581347334734
15,3,1.31333333333333,0.5,0.00497249884719225,0.0475043697573648,0.138236077074438,0.27630506249802,0.461711326028111,0.771249739430249,0.00497249884719225,0.0475043697573648,0.138236077074438,0.27630506249802,0.461711326028111,0.771249739430249,0.00497249884719225,0.0475043697573648,0.138236077074438,0.27630506249802,0.461711326028111,0.771249739430249,1,2,150.000015727529,44.8787522133112,-1.57482801791481,204.317639829184,34.2838781762315,1478.78627226331,-19.047493177794,0.804021383189252,-0.0582538130725237,-0.0103024223518384,0.804021383189252,-0.0582538130725237,-0.401310873294448,-0.0260918400024997,-33.2193500677013,0.0994442962399753,1.79844964066243,672.840256223315,4.89295529632333e-18,0.195369790646808,0.158165550463493,0.188507005520258,0.274837225289032,0.291206801374857,0.317727674200604,0.0120139271950838,0.00811161368607436,0.0060036443078846,0.00624114602645558,0.00805439922924696,0.0128624318300177,18.2176335798354,0.273892625768149,17.3232166618681,0.951022051724456,121.966075488831,120.308703202133,2515.12170893057,116.950403230157,7.06625062468158,0.108574446684843,0.328748915455633,0.00271541766278618,0.108574446684843,0.328748915455633,0.252095041041229,0.0500687405066637,0.351214699356398,0.524166950360604,0.261507783086306,0.0559677824834107,8.9235365819794e-16,0.075565069058808,0.0706912225221684,0.0631409628105776,0.074359864185147,0.0723324087300762,0.0774874454058022,0.00169067019662659,0.000695947542934695,0.00052010829664674,0.000683496863507108,0.00146120127794288,0.0068999149903703,0.222527160077769,0.00332974376367113
15,3,1.31333333333333,0.222222222222222,0.00497249884719225,0.0475043697573648,0.138236077074438,0.27630506249802,0.461711326028111,0.771249739430249,0.00497249884719225,0.0475043697573648,0.138236077074438,0.27630506249802,0.461711326028111,0.771249739430249,0.00497249884719225,0.0475043697573648,0.138236077074438,0.27630506249802,0.461711326028111,0.771249739430249,1,2,150.000015727529,44.9980377044058,-1.37042975731696,204.767160712426,31.6400937402355,1484.83824601604,-19.0076574315176,0.810620299968752,-0.0586111755994167,-0.0102958483491303,0.810620299968752,-0.0586111755994167,-0.393106456645141,-0.0266865958998021,-33.2888282470576,0.100257772966358,1.81671034267264,673.551619622968,-1.86744232163316e-17,0.191352530986356,0.1556319820852,0.185979470888449,0.27216960733257,0.288585001562337,0.325640724924487,0.0120330861368607,0.00809999979168837,0.00600082939277159,0.00625845266118113,0.00748837204457869,0.0105165083845433,22.7429913550672,0.341573242370585,17.3232166618681,3.59310899254785,122.023799979332,120.08834472275,2515.74439089248,72.3631278374783,7.15959085758028,0.0268776411367641,0.327581581377632,0.00123365549659996,0.0268776411367641,0.327581581377632,0.11994230990864,0.0455881909071689,0.34777200352437,0.522093168151879,0.0955271827931346,0.0499763640624299,9.04820981357197e-16,0.053527238374784,0.0418382479872646,0.0349935411952931,0.0459083101720834,0.0434286186126933,0.0383792290511125,0.00112046848729323,0.000380295880422892,0.000274848990459867,0.000420149775468833,0.00107582751536592,0.00671225502071254,0.119194644857718,0.00177996301357301
-1.66666666666667,3,1.31333333333333,0.222222222222222,0.00497249884719225,0.0475043697573648,0.138236077074438,0.27630506249802,0.461711326028111,0.771249739430249,0.00497249884719225,0.0475043697573648,0.138236077074438,0.27630506249802,0.461711326028111,0.771249739430249,0.00497249884719225,0.0475043697573648,0.138236077074438,0.27630506249802,0.461711326028111,0.771249739430249,1,2,150.000015727529,46.2842703885012,-1.01011002187272,205.648627226331,26.129271388397,1532.84751588376,-19.3014446411832,0.836314300593687,-0.059832346902406,-0.0109694730757213,0.836314300593687,-0.059832346902406,-0.362082608976148,-0.0280337650692324,-33.455255702531,0.102356073350797,1.873263097594,675.21409228204,1.55225230288512e-17,0.212508332465368,0.173330590563483,0.199265993125716,0.285373304864077,0.299609113633997,0.333977064889074,0.0120110155192168,0.00807638381418601,0.0060013129882304,0.00624828726174357,0.00732710311425893,0.00948538839704198,33.5679345901468,0.502904291219665,17.3232166618681,3.58218977945741,122.361644547792,119.873463525653,2525.63687340154,36.9187322079042,6.90355835377992,0.0743409921455186,0.333216161572652,0.00221087852582807,0.0743409921455186,0.333216161572652,0.115884321854464,0.0459136503241257,0.354015477129045,0.531844930469231,0.106313311242975,0.0522646652446229,9.05662963006472e-16,0.0223913279190729,0.0224101967248159,0.0186717288153428,0.0178280771889124,0.0185852890765257,0.0191286463018834,0.000626697361727834,0.000247723334136072,0.000170226591167958,0.000194281684388317,0.000464335193888002,0.00419102333571243,0.148900114353343,0.00221274488291102
-1.66666666666667,15.2222222222222,1.31333333333333,0.222222222222222,0.00497249884719225,0.0475043697573648,0.138236077074438,0.27630506249802,0.461711326028111,0.771249739430249,0.00497249884719225,0.0475043697573648,0.138236077074438,0.27630506249802,0.461711326028111,0.771249739430249,0.00497249884719225,0.0475043697573648,0.138236077074438,0.27630506249802,0.461711326028111,0.771249739430249,1,2,150.000015727529,195.393927715863,-17.8391157681491,615.694802624727,403.294354858869,5998.59462555984,-28.1044889439642,2.43923789188626,-0.603812814290178,-0.0852225747317988,2.50413238204354,-0.209262037450266,4.35152943443391,-0.287256552952817,-100.997429434434,0.320466891521716,4.97890303093428,1173.63618373086,9.12674117279448,1.48065586918029,0.958559545880637,0.668983564212061,0.613940756171232,0.439835423393397,0.322918310592647,0.0172264324047495,0.0118178423510051,0.00798546380585356,0.0119086743047599,0.0120889243828768,0.012374159462556,4999.9951046766,43.093312154984,17.3232166618681,31.0468104507563,123.196164972826,119.010126158209,2552.00993952942,971.691243736633,23.029235924895,0.465520263685218,0.408300451881684,0.0330491340629004,0.507865625963866,0.354245864716874,1.57221087651613,0.291371395262866,1.26149470530175,0.564389403702282,1.03881307162719,0.645996466377934,0.00676913810363444,0.146415988067024,0.0971735520900299,0.0828580286961986,0.0776015177861864,0.0663624532103368,0.0543858743350447,0.0261882032203748,0.00745206263795389,0.00348422214866043,0.00272987613700525,0.00397290222739599,0.00675460546364219,2.45664002246541,0.00926728942478071
-1.66666666666667,15.2222222222222,1.13555555555556,0.222222222222222,0.00497249884719225,0.0475043697573648,0.138236077074438,0.27630506249802,0.461711326028111,0.771249739430249,0.00497249884719225,0.0475043697573648,0.138236077074438,0.27630506249802,0.461711326028111,0.771249739430249,0.00497249884719225,0.0475043697573648,0.138236077074438,0.27630506249802,0.461711326028111,0.771249739430249,1,2,150.000015727529,198.678950109364,-21.4232956139985,614.589063639204,528.977646036871,6226.43745443183,-16.5890153493386,2.64159785439016,-0.600187032600771,-0.0985939016769087,2.69798708467868,-0.243176154209978,5.18184137069055,-0.275948489061556,-100.953673575669,0.37845498348922,5.45037996042078,1173.64503697532,7.65030590563485,1.58980356212895,1.08554032913238,0.796221445682742,0.735016456619102,0.547159275075513,0.408549255285908,0.0267404555975419,0.0122996403543381,0.00736208119831268,0.0131878030413499,0.0149238298093948,0.0177369231330069,5000.00479116759,43.0935860847822,17.3232166618681,26.873152409005,123.954141074803,118.95337651597,2571.10712235495,858.746334459146,24.2389190886714,0.426467044242064,0.396377680243482,0.0328718773878903,0.461154135746944,0.355419186380029,1.52006899416494,0.294924980749518,1.21417649273876,0.566412609805238,0.943616735287712,0.483938487382618,0.0044824955283314,0.146560419678973,0.0967474363056974,0.0848790283741697,0.0766801267848118,0.067119724852121,0.0547295093097781,0.0311521860052171,0.00857010141191773,0.00403639053541162,0.00288483322197299,0.0017067352020106,0.00618829248118029,1.56077503471473,0.00569384811411031
5,3,1.31333333333333,0.166666666666667,0.00055249987191025,0.00527826330637386,0.015359564119382,0.03070056249978,0.0513012584475679,0.0856944154922499,0.00055249987191025,0.00527826330637386,0.015359564119382,0.03070056249978,0.0513012584475679,0.0856944154922499,0.00055249987191025,0.00527826330637386,0.015359564119382,0.03070056249978,0.0513012584475679,0.0856944154922499,0.111111111111111,2,150.000015727529,49.3820674929695,-1.36530204457868,204.627145089053,30.9422658473076,1701.92594521404,-17.2701495677534,0.995950286428498,-0.0707002463076763,-0.0152239683366316,0.995950286428498,-0.0707002463076763,-0.119334848452245,-0.0337008657191959,-33.3115883762108,0.124220677638475,2.28968357462765,673.741724820327,5.64618088532444e-18,0.212281501926883,0.175156296219144,0.189780293719404,0.269121018643891,0.336881210290594,0.434721122799708,0.0120133486095198,0.00802369107384648,0.00600105061972711,0.00600140829080304,0.00630458212686179,0.00682846789917716,23.969951046766,0.359899312571607,17.3232166618681,4.14940328365949,122.067572466691,120.046301603298,2516.80512202422,66.6392654732734,8.37416976354485,0.0349040957209184,0.328742134954211,0.00164253122770842,0.0349040957209184,0.328742134954211,0.218234494991265,0.049437396786523,0.348444890020703,0.524030062526681,0.0751784617729974,0.0493130275376013,8.79534490731086e-16,0.0310474034319938,0.0254644672409205,0.0185976614557329,0.0194362676952287,0.0228688701038488,0.0439900867339926,0.000760814957942846,0.000271127561791537,0.000159000329991407,0.000185772276451364,0.000212726353830104,0.00114278341987459,0.174258870228552,0.00260126082135689
5,3,1.31333333333333,0.444444444444444,0.00055249987191025,0.00527826330637386,0.015359564119382,0.03070056249978,0.0513012584475679,0.0856944154922499,0.00055249987191025,0.00527826330637386,0.015359564119382,0.03070056249978,0.0513012584475679,0.0856944154922499,0.00055249987191025,0.00527826330637386,0.015359564119382,0.03070056249978,0.0513012584475679,0.0856944154922499,0.111111111111111,2,150.000015727529,48.8619372981982,-1.35478082491408,204.664752629934,30.7299386313926,1675.8276221227,-17.6476036871159,0.972708988647016,-0.069110882401833,-0.0148371586293094,0.972708988647016,-0.069110882401833,-0.152909265618373,-0.0326500817810645,-33.3137652327883,0.121059494305801,2.22968128319967,673.753983960008,-2.45045878241849e-18,0.213045849390688,0.174356754504739,0.189763285074471,0.268547974169357,0.335830725966045,0.421167628372045,0.0120276721174877,0.00804341547755442,0.00600360691594626,0.00600235704614103,0.00633173481928965,0.006968290313509,24.1564836996146,0.362684970315593,17.3232166618681,0.945983249843645,122.184380667862,120.206848240178,2521.21989363632,126.865544686513,8.06059595091189,0.140310675390616,0.33163797085812,0.00416061169688184,0.140310675390616,0.33163797085812,0.302484038905655,0.0526967569126238,0.353548379945303,0.529179965611643,0.330734801667469,0.0498436237248124,9.05526197165137e-16,0.0521504907466305,0.0540511254649537,0.0471824828988347,0.0496867449450991,0.0579926179352452,0.0888706362611889,0.00120116568693993,0.000541147330491356,0.000365440847712957,0.000412833069831428,0.000479995196465756,0.000956658396425807,0.113428524529671,0.00169284219880538
-11.6666666666667,3,1.31333333333333,0.444444444444444,0.00055249987191025,0.00527826330637386,0.015359564119382,0.03070056249978,0.0513012584475679,0.0856944154922499,0.00055249987191025,0.00527826330637386,0.015359564119382,0.03070056249978,0.0513012584475679,0.0856944154922499,0.00055249987191025,0.00527826330637386,0.015359564119382,0.03070056249978,0.0513012584475679,0.0856944154922499,0.111111111111111,2,150.000015727529,48.2570971773774,-1.55005426934695,204.175863972503,34.0411300802,1652.99031350901,-18.8859535465056,0.959884084991146,-0.0686390151265493,-0.0148911254036038,0.959884084991146,-0.0686390151265493,-0.171296292528903,-0.0318086457233622,-33.2355129673993,0.120192846672222,2.20071294656807,672.970575981662,1.79590631496719e-17,0.195902239350067,0.161228388709509,0.179751692532028,0.259433548588689,0.326407415894177,0.408466097281533,0.0120092146651391,0.00803496323299657,0.00599871055098428,0.00599565972294553,0.0063339238620977,0.00696062877825227,19.0630580147901,0.286546838870951,17.3232166618681,3.99568964372774,122.325122155697,120.27612876283,2531.86304824301,194.769492525555,6.98581983150571,0.210984082009211,0.342476000821206,0.00617600356810378,0.210984082009211,0.342476000821206,0.286697252579029,0.0528669201834794,0.364628106579663,0.548733286316619,0.446142412436968,0.0455724181264714,9.30125917275375e-16,0.0187487845213085,0.0322781080096824,0.0340275257374397,0.0459213344617723,0.0597758508338898,0.103403706884042,0.000536642094278465,0.000289459064467177,0.000238401587972983,0.000363654633735039,0.000474027992244743,0.0009449279735304,0.107254961368228,0.00160429847596145
-11.6666666666667,3,1.13555555555556,0.444444444444444,0.00055249987191025,0.00527826330637386,0.015359564119382,0.03070056249978,0.0513012584475679,0.0856944154922499,0.00055249987191025,0.00527826330637386,0.015359564119382,0.03070056249978,0.0513012584475679,0.0856944154922499,0.00055249987191025,0.00527826330637386,0.015359564119382,0.03070056249978,0.0513012584475679,0.0856944154922499,0.111111111111111,2,150.000015727529,44.9638568899073,-1.64038707009687,204.088323091345,35.6442426101448,1508.06780543693,-16.5262132069576,0.858845297364858,-0.0621231973075721,-0.012097660035413,0.858845297364858,-0.0621231973075721,-0.312182305936882,-0.0283383732619518,-33.198361628997,0.108085389542756,1.95813748567858,672.606436829516,-1.35941465055723e-17,0.196337287782522,0.161601266534736,0.180049682324758,0.259781803978752,0.326882376835746,0.409804353713155,0.0120088219977086,0.00803442953858973,0.00599856608686596,0.00599554744297469,0.00633347338818873,0.00695841717529424,16.7508790750963,0.251926913863139,17.3232166618681,3.65015386489858,122.212326444143,120.307123467659,2528.38212634247,161.355113304301,6.3312631965029,0.186178471636922,0.340558774694218,0.00495178144244948,0.186178471636922,0.340558774694218,0.260408315094571,0.0521132025480604,0.363128123684805,0.545309238053966,0.385336173376424,0.0245420640964404,9.37280946490509e-16,0.0188194565514818,0.032482489888783,0.0342729637456332,0.0460916894072239,0.059950699309725,0.102584287812721,0.000538373764296438,0.000291306628719145,0.000240094645469475,0.000365271252039683,0.000475935381364368,0.000965628830404367,0.0896533721980262,0.00134249865990641
-11.6666666666667,15.2222222222222,1.13555555555556,0.444444444444444,0.00055249987191025,0.00527826330637386,0.015359564119382,0.03070056249978,0.0513012584475679,0.0856944154922499,0.00055249987191025,0.00527826330637386,0.015359564119382,0.03070056249978,0.0513012584475679,0.0856944154922499,0.00055249987191025,0.00527826330637386,0.015359564119382,0.03070056249978,0.0513012584475679,0.0856944154922499,0.111111111111111,2,150.000015727529,190.131007186751,-16.7112289501094,613.554317258618,428.960262264347,6113.39495885845,-21.3458736829497,2.7743178835538,-0.675958992142485,-0.123618790750963,2.84492417456515,-0.245362587991876,6.0061551817519,-0.261281632288303,-100.8644870326,0.392121866005624,5.94552775752526,1173.6900322883,8.7639518800124,1.44581897718988,0.933215404645349,0.63524817206541,0.601976512863244,0.528778210603062,0.469977200291636,0.019107258417769,0.00929320487678366,0.00604179421226956,0.00601159847932507,0.00631968794917196,0.00702037943964171,4999.98864701594,43.093682949692,17.3232166618681,48.3011489674854,124.903531748842,121.226237982418,2629.35921223798,1768.26423212603,24.320860662325,0.982137597062917,0.51769329595528,0.0789526907261693,1.0373285106665,0.395677417702946,2.43976869676728,0.380678982130836,1.54291408875366,0.636619276812561,2.27210203645152,0.462504064170281,0.00364631332886647,0.195865695211443,0.0713212583955901,0.0892384937204907,0.117347206761624,0.137787338285633,0.147124337466345,0.0365153817619708,0.00640748351368239,0.00311911370987802,0.00255469439975903,0.00177237149419851,0.0010883342781087,1.23498323726551,0.00520787563520217
-11.6666666666667,15.2222222222222,1.13555555555556,0.444444444444444,0.0033149992314615,0.0316695798382432,0.092157384716292,0.18420337499868,0.307807550685407,0.514166492953499,0.0033149992314615,0.0316695798382432,0.092157384716292,0.18420337499868,0.307807550685407,0.514166492953499,0.0033149992314615,0.0316695798382432,0.092157384716292,0.18420337499868,0.307807550685407,0.514166492953499,0.666666666666667,2,150.000015727529,196.243412144568,-19.6534966461827,613.572252890325,502.253232996563,6247.04697427351,-19.4229754651078,2.74857483595459,-0.634374278221018,-0.116733509009478,2.80963670450995,-0.251078437476305,5.7341210186439,-0.2670280933559,-100.89251119675,0.396006718883449,5.77413248619936,1173.65638995938,7.88980012498696,1.51466128528278,1.01066255598375,0.716516644099573,0.689241339443808,0.537141641495677,0.438109613581918,0.0244206853459015,0.0114820891100927,0.00623370103593376,0.00991217477346111,0.010359316633684,0.0128804861993542,4999.9963545464,43.0936194146436,17.3232166618681,45.1836343503492,125.122697342128,121.031862948431,2629.40075192352,1643.25513259932,24.6070245972811,0.882147153049519,0.481900626703734,0.0692634483411897,0.927309748727992,0.387961248799244,2.19681195525657,0.39364068863083,1.43650979500687,0.622087222337079,1.99392927416251,0.474937548086606,0.00431556581663517,0.200871828044791,0.0701764211862356,0.0925156829612062,0.123234912152215,0.125567297391234,0.121487295933338,0.0407107841681478,0.00720103248601419,0.0038682212637892,0.00375062016989538,0.0029683949963784,0.0041949010023383,1.38168346928078,0.0055332832055045
8.33333333333333,15.2222222222222,1.24222222222222,0.5,0.0011049997438205,0.0105565266127477,0.030719128238764,0.06140112499956,0.102602516895136,0.1713888309845,0.0011049997438205,0.0105565266127477,0.030719128238764,0.06140112499956,0.102602516895136,0.1713888309845,0.0011049997438205,0.0105565266127477,0.030719128238764,0.06140112499956,0.102602516895136,0.1713888309845,0.222222222222222,2,150.000015727529,181.240098948026,-15.7037168097073,614.923768357462,387.152405593167,5658.49005311947,-29.9170054504739,2.42011983126758,-0.637146675400479,-0.104987967399229,2.49347548172065,-0.21335453337569,4.52550749796896,-0.310796543887095,-100.941417560671,0.334255884168316,5.08849885428601,1173.69898968857,9.85906030621821,1.3860806374336,0.89037345068222,0.592324851577961,0.548792584105822,0.448810061451932,0.380787855431726,0.0348701368440788,0.010550584811478,0.00632641531184252,0.00619019271950839,0.00758364597437767,0.00879695635871264,4999.99468805333,43.0938412665339,17.3232166618681,64.6002134914929,126.776872328922,121.888598855019,2673.55146716183,2309.56530535916,27.0223867025637,1.20830779516076,0.580509184204779,0.0836238313695653,1.27674151832362,0.40857296663142,2.85260165750451,0.484769218749537,1.7815479869753,0.655902064549643,2.76583122063783,0.458721070838429,0.00296426780412211,0.373176999778381,0.308020803954893,0.258299860242093,0.238368397219337,0.226327363598262,0.203899038300501,0.0614886534993319,0.0195320275433398,0.00828512113412737,0.00501863664577859,0.00283889558175921,0.00169718692316366,1.18641305916196,0.00486413415341097
8.33333333333333,15.2222222222222,1.24222222222222,0.5,0.00386749910337175,0.036947843144617,0.107516948835674,0.21490393749846,0.359108809132975,0.599860908445749,0.00386749910337175,0.036947843144617,0.107516948835674,0.21490393749846,0.359108809132975,0.599860908445749,0.00386749910337175,0.036947843144617,0.107516948835674,0.21490393749846,0.359108809132975,0.599860908445749,0.777777777777778,2,150.000015727529,187.09420268722,-18.0270827111759,615.08806374336,440.449744464118,5797.61181126966,-27.6620194629726,2.41578518904281,-0.606582083945422,-0.0970706018123112,2.48127305489011,-0.217376874533903,4.37062507924174,-0.304380528111655,-100.967172169566,0.336684672608062,4.98878689719821,1173.57400270805,9.08834100614514,1.43242914279763,0.951519977085719,0.66679178210603,0.619851005103636,0.457016071242579,0.354189001145714,0.0472529369867722,0.0122767751273826,0.00738789732163317,0.0100625300489532,0.0107263615248412,0.0130600419747943,4999.98198104364,43.0933736069155,17.3232166618681,58.0319752316212,126.726075523999,121.39984872318,2666.60447318739,2044.96957577767,26.054606530484,1.03045167289508,0.524567890949045,0.0699864304178546,1.08630593509318,0.396166717005321,2.40955646682833,0.515666035594821,1.60528802336488,0.633316152902868,2.30616315378469,0.495150553275792,0.00482344044183184,0.373666320415834,0.30075885802077,0.266547533636437,0.239668973515382,0.20325645498929,0.165281523782946,0.0714291312456049,0.0212731780302905,0.0098002565063008,0.00706642109922859,0.00384222102861401,0.00471755767097416,1.84294495759475,0.0064697120620538
-8.33333333333333,15.2222222222222,1.24222222222222,0.5,0.00386749910337175,0.036947843144617,0.107516948835674,0.21490393749846,0.359108809132975,0.599860908445749,0.00386749910337175,0.036947843144617,0.107516948835674,0.21490393749846,0.359108809132975,0.599860908445749,0.00386749910337175,0.036947843144617,0.107516948835674,0.21490393749846,0.359108809132975,0.599860908445749,0.777777777777778,2,150.000015727529,192.594646391001,-17.7510618289762,614.537402353922,427.100520039579,6002.5858764712,-26.8304735545256,2.52446612852828,-0.620735305048432,-0.10369423133007,2.59014075617123,-0.222355297964795,4.78362050619727,-0.282624387126341,-100.945323403812,0.345193812975732,5.22723393396521,1173.5779606291,8.90762764295386,1.46149984376627,0.941922393500678,0.650610790542651,0.617865732736174,0.455679533381939,0.356259931257161,0.017364498606291,0.0114180140903031,0.00703522768461618,0.0096864220393709,0.010721355900427,0.013148292677846,4999.98604312051,43.093405895219,17.3232166618681,53.8493794501777,125.156501550718,121.347796530441,2629.38090231913,1935.05543270742,23.2705757799852,1.00618088941474,0.515715009336274,0.0721799188125433,1.06040519853861,0.392305879419243,2.40591929745294,0.411616116927943,1.55939159546383,0.628766655154554,2.26966887247586,0.493910466447561,0.00520510390106087,0.14763938761732,0.109888744269961,0.137972760876807,0.160518398752705,0.151988040404058,0.137171764130002,0.028128493931124,0.00804714923290397,0.00506268865545894,0.00451684750877083,0.00315537801510651,0.0047804908554585,1.79013878006434,0.00663189284765468
-8.33333333333333,15.2222222222222,1.42,0.5,0.00386749910337175,0.036947843144617,0.107516948835674,0.21490393749846,0.359108809132975,0.599860908445749,0.00386749910337175,0.036947843144617,0.107516948835674,0.21490393749846,0.359108809132975,0.599860908445749,0.00386749910337175,0.036947843144617,0.107516948835674,0.21490393749846,0.359108809132975,0.599860908445749,0.777777777777778,2,150.000015727529,191.730429121966,-15.5255373367358,615.136100406207,342.615858139777,5862.47359650036,-37.7115442138006,2.36879663576711,-0.614777720987397,-0.096087510259348,2.43930984272472,-0.197266816060827,4.1125268926466,-0.294558919422977,-100.973947505468,0.301228019205291,4.84329634413082,1173.72888240808,9.92566597229448,1.38180554108947,0.852197843974585,0.563849401104052,0.530487792938236,0.376684803666285,0.28852809186543,0.0155385954717321,0.0111855587356525,0.0069843818352255,0.00888936402458078,0.0104210289553172,0.012091431100927,4999.9920841579,43.0936006665966,17.3232166618681,59.659256445312,124.518768466763,121.385904087782,2612.54422199026,2131.59347187235,22.5416998664612,1.09665763545332,0.549251418689619,0.0736029127159701,1.16130300906011,0.394602733278752,2.60603125313366,0.460044452354842,1.68807508686986,0.633022342614446,2.48825893885543,0.492366829313471,0.00398125520863904,0.147510120396172,0.109540157450633,0.13557591232984,0.158857066168948,0.149884138709724,0.136202204412702,0.0253815652666082,0.00716726170584438,0.00428446631840672,0.00390861848004848,0.00277274683320286,0.00447784785135245,1.81565525350583,0.0057429753806075
-8.33333333333333,3,1.42,0.5,0.00386749910337175,0.036947843144617,0.107516948835674,0.21490393749846,0.359108809132975,0.599860908445749,0.00386749910337175,0.036947843144617,0.107516948835674,0.21490393749846,0.359108809132975,0.599860908445749,0.00386749910337175,0.036947843144617,0.107516948835674,0.21490393749846,0.359108809132975,0.599860908445749,0.777777777777778,2,150.000015727529,48.6154827622123,-1.3682086553484,204.704188105406,30.7463328090824,1643.33538173107,-20.7566128528278,0.920375460889489,-0.065588041808145,-0.013491513071555,0.920375460889489,-0.065588041808145,-0.238964779647432,-0.0303005331111342,-33.3093219456307,0.113218208821998,2.07962285178627,673.720299968753,5.7667260191647e-18,0.203742110196854,0.166188703260077,0.191527684616186,0.282692271638371,0.305043214248515,0.347862024789084,0.0120084178731382,0.00807377231538381,0.00600025591084262,0.00600373221539423,0.00737518550151026,0.0119464101343611,23.9366118112697,0.359401645661911,17.3232166618681,2.65522367206366,122.356780345997,120.175174211915,2528.88521454578,165.236977572751,7.05932941699887,0.176790083143171,0.338093465659803,0.00490101333701989,0.176790083143171,0.338093465659803,0.227940048504033,0.0495755457273319,0.360725063510121,0.540535633478789,0.371526180008769,0.0685364380654783,9.80043182770617e-16,0.0284814825530836,0.0425791077027948,0.0439950027482158,0.0545127937072226,0.0588274851086564,0.0774161356554076,0.000681805482057638,0.000391404208731394,0.000330765924948423,0.000466872194829343,0.00114000499663661,0.00512733062563366,0.233249169840565,0.00348250708898748
-8.33333333333333,3,1.42,0.222222222222222,0.00386749910337175,0.036947843144617,0.107516948835674,0.21490393749846,0.359108809132975,0.599860908445749,0.00386749910337175,0.036947843144617,0.107516948835674,0.21490393749846,0.359108809132975,0.599860908445749,0.00386749910337175,0.036947843144617,0.107516948835674,0.21490393749846,0.359108809132975,0.599860908445749,0.777777777777778,2,150.000015727529,48.7707020102073,-1.20963891573795,205.058690761379,28.7244952921571,1651.29205291115,-20.523623580877,0.929078116862827,-0.0661090955702531,-0.0134367997083637,0.929078116862827,-0.0661090955702531,-0.227541871117592,-0.0309042845911884,-33.3699104259973,0.114366135919175,2.10365972294553,674.337319029277,-4.62416304655763e-18,0.204647130507239,0.167457285699406,0.192042808040829,0.28332027913759,0.30535127590876,0.361676908655349,0.0120117394021456,0.00806750723882927,0.00599963232996563,0.00599770815540048,0.00747105759816686,0.00963350234350589,27.8623330903031,0.417969128215811,17.3232166618681,4.0325904782737,122.347546136709,119.954469601509,2527.25441545391,79.7363030842635,7.38968347621943,0.107864862275844,0.335998292331697,0.00327049300991454,0.107864862275844,0.335998292331697,0.13124065965821,0.0464717406374481,0.356559386557596,0.536802082623489,0.175692352836708,0.0483677231966247,8.54552502035776e-16,0.0141453995887557,0.0141610128406647,0.0140545276879286,0.0214618548768602,0.0238279207873657,0.0252370805451541,0.000539240877683635,0.000188924022357231,0.000139968744325288,0.000225043754137259,0.000484898163830585,0.00477233802942582,0.125784264209106,0.00187469635327871
-1.66666666666667,17.6666666666667,1.1,0.277777777777778,0,0,0,0,0,0,0,0,0,0,0,0,0,0,0,0,0,0,0,2,150.000015727529,164.744395375482,-11.6553285449432,618.59244870326,244.83625230601,4841.13331944589,-27.6493007796167,1.80827212790334,-0.577538620372878,-0.0553448639725028,1.89240083324653,-0.149043152307051,2.02156244917196,-0.481694001672743,-101.070132277888,0.221432357910634,3.65060481199875,1173.640662431,13.2095073429848,1.53840568690761,0.947679397979378,0.575619716696177,0.488198333506926,0.374143235079679,0.287150859285491,0.0232454560272888,0.00903255422578899,0.00610833444432872,0.00602791823768357,0.00576881928965733,0.00574261129049058,4999.99437558588,43.0933579835433,17.3232166618681,45.6616397737148,121.6670574545,119.043171879352,2531.42204169694,1469.0070606731,19.0005380715732,0.729602193878725,0.501316205745698,0.0384977292506626,0.806042955549499,0.365953361052736,2.02433515175127,0.457054934806645,1.60399699747768,0.584962858589689,1.73054028758716,0.590928417384721,0.0055917511076548,0.173598533754817,0.134617924088619,0.116079251688963,0.116135096687604,0.126008392041595,0.129567864792295,0.0319175280936939,0.00874386560164166,0.0033551519377714,0.00194679749227247,0.00119562148080452,0.000751229419250546,2.13925844535054,0.00801391115083548
15,17.6666666666667,1.1,0.277777777777778,0,0,0,0,0,0,0,0,0,0,0,0,0,0,0,0,0,0,0,2,150.000015727529,164.95146338923,-12.7536872200813,617.843610040621,295.048437708572,4945.55973336111,-28.1713053813145,1.9342396937819,-0.594818134743256,-0.0652017389855223,2.01677396104572,-0.166478683189251,2.57715125874388,-0.440193630078951,-101.048889698989,0.252650451230288,3.9707348505364,1173.59910425997,12.3747995000521,1.44111210290595,0.970409249036558,0.613876471200916,0.526708811582128,0.417225539006354,0.333050749921883,0.104606862106031,0.012053411537444,0.00634176488857411,0.0061153081770753,0.00582728507447141,0.00588650984272472,4999.99531298823,43.0934892198725,17.3232166618681,53.4687980714175,124.359010081826,119.625351745597,2599.68316672076,1760.10656720436,24.9118965779997,0.860157079478723,0.529154523027379,0.0479482533851729,0.935948892426506,0.379304744846529,2.23474439099982,0.484481428660744,1.67929312894938,0.605463705093787,1.99649851524433,0.512139334133023,0.00499623856016045,0.488962532538457,0.372572736413459,0.269931036353664,0.218139022169765,0.200442905856276,0.173217647913266,0.1347644249468,0.0275109901006944,0.00929906454041765,0.00447609344516385,0.00224739549332368,0.00102483291886815,1.84189635872899,0.00659317145374061
15,17.6666666666667,1.1,0,0,0,0,0,0,0,0,0,0,0,0,0,0,0,0,0,0,0,0,2,150.000015727529,168.467222164358,-11.6799325007812,618.202020622851,254.384370794709,5092.26632642433,-24.9191123273617,2.03023945422352,-0.619565555671285,-0.0591439818768878,2.11615269242787,-0.166245033350693,2.97472304559942,-0.416856688084574,-101.062600770753,0.25395902239975,4.21074929694823,1173.57421101969,12.4783803770439,1.45703642328924,0.959873075721279,0.599463087178419,0.522911040516613,0.425299041766483,0.353097750234351,0.0799265061118633,0.00985192818882408,0.00610816077734611,0.00600148942818457,0.00571939360483283,0.00520976585772315,4999.99812519529,43.0932382043536,17.3232166618681,28.2712909717598,122.004769226698,117.666806616182,2516.2831995673,570.148376704415,21.0503776349699,0.141187916479665,0.36471685350009,0.010936476749625,0.199525205214597,0.336363727407854,1.50043785320082,0.301957511303744,1.17619873067305,0.531842406959056,0.304794766939875,0.513502540613042,0.00524319860067825,0.42847980611848,0.264542183854578,0.149809395106921,0.0961571864024957,0.0691560576787386,0.0448383714386614,0.104775892555946,0.0176681398008602,0.004706754396532,0.00194128436455892,0.00104557161547162,0.000463256219337655,2.0484233330559,0.0073557249999794
15,5.44444444444444,1.1,0,0,0,0,0,0,0,0,0,0,0,0,0,0,0,0,0,0,0,0,2,150.000015727529,78.2962555983751,-12.3916353192376,236.654021456098,321.230503551713,2783.8879283408,-8.84018756129569,1.60103124674513,-0.155430368888658,-0.0372008384543277,1.60103124674513,-0.155430368888658,0.766844810082282,-0.0690612315852515,-38.8378814706801,0.263828356004583,3.62534913029893,727.493417352362,-9.65133414331841e-18,0.809177616914905,0.630296937818977,0.53448222060202,0.593558316841995,0.674752286220185,0.743200895740027,0.0117623257214873,0.00820271305072388,0.00591547182585148,0.00593874221435267,0.00618210978023122,0.0062329927090928,399.134267263825,5.54994948442874,17.3232166618681,6.89726441008167,121.524882482513,119.694699746476,2489.60777393716,203.721194643484,13.9450931248276,0.0761693307060387,0.31746049762204,0.00318735366249775,0.0761693307060387,0.31746049762204,0.368230805844399,0.0595849353632273,0.392843733392813,0.504544554483114,0.250123957959523,0.0945185038481965,1.14523857244139e-15,0.129599503463183,0.0725398098819221,0.0506653052466387,0.0579478950387042,0.0654343293822115,0.0792322138507915,0.0121143229475789,0.00341404020837809,0.00155833125084405,0.00142011683237758,0.0013036806993523,0.00112287334750192,0.373115552672273,0.00477262702759972
15,5.44444444444444,1.27777777777778,0,0,0,0,0,0,0,0,0,0,0,0,0,0,0,0,0,0,0,0,2,150.000015727529,87.8348974065203,-7.61562543068429,247.623567336736,232.623703572545,3167.4013123633,-9.64144713988127,1.84189574002708,-0.16101297878346,-0.0490017258618894,1.84189574002708,-0.16101297878346,1.17280639589626,-0.083213142890324,-39.6740777002396,0.27598622833559,4.19062076866993,735.578387667949,1.13258183418394e-17,0.782967742943443,0.612779502135194,0.52281559212582,0.583790834288095,0.665528455369231,0.738106072284136,0.0122321864951047,0.00842300760337465,0.00602667440891574,0.0060384585980627,0.00625281429017811,0.00628267190917613,460.345182793462,6.33072179981249,17.3232166618681,7.26597418425391,122.187911663272,118.914478586293,2499.48027824731,232.13066425136,16.1481859046029,0.0973747575070616,0.31649970319049,0.00470902377425588,0.0973747575070616,0.31649970319049,0.432367058000418,0.0631738369413075,0.396366525720883,0.502564273625205,0.308738919878567,0.100075721903845,1.170187385539e-15,0.126044878383319,0.0709035302996997,0.0504073498235653,0.0587915160523266,0.0672641243423339,0.0813939065312335,0.0115534575855398,0.0032932596183095,0.00152602146412801,0.0014177424483206,0.00132663107499941,0.0011614935527925,0.398680075399525,0.00498844422243421
15,5.44444444444444,1.27777777777778,0,0.00276249935955125,0.0263913165318693,0.07679782059691,0.1535028124989,0.256506292237839,0.428472077461249,0.00276249935955125,0.0263913165318693,0.07679782059691,0.1535028124989,0.256506292237839,0.428472077461249,0.00276249935955125,0.0263913165318693,0.07679782059691,0.1535028124989,0.256506292237839,0.428472077461249,0.555555555555556,2,150.000015727529,84.1779033434017,-10.3261563554838,244.967614831789,282.303714206853,2972.01197791897,-11.7788171915426,1.66052119570878,-0.154374070740548,-0.0395411248828247,1.66052119570878,-0.154374070740548,0.840625604405792,-0.0720939127896053,-39.3809113633997,0.260318755132799,3.71746161858139,732.731871680036,-5.63291609728153e-18,0.79163075721279,0.622646995104677,0.539238412665348,0.619995344234977,0.627703499635455,0.631789615665036,0.0119820686259452,0.0097552588272055,0.00660854577648162,0.00871501229038641,0.0106805651494636,0.0144821154046454,438.641808144982,6.05571221747737,17.3232166618681,6.654663717824,121.8113869476,119.474509293118,2497.26342837528,179.486172175875,14.4077515218714,0.0558089896588067,0.320675181420005,0.00241191636833456,0.0558089896588067,0.320675181420005,0.39008958832613,0.0652911578680347,0.401555714997186,0.510362972695181,0.182823654248445,0.10310152051384,1.20645614255306e-15,0.127780231292261,0.0716440344514467,0.0495743051235225,0.0543308025949669,0.0495567805258232,0.0507612633587794,0.0117613595489144,0.00345943008113051,0.00180995674332897,0.00167608483316744,0.00125949308923186,0.000977941457014194,0.41195395811241,0.00518933056948244
1.66666666666667,22.5555555555556,1.27777777777778,0.166666666666667,0.00276249935955125,0.0263913165318693,0.07679782059691,0.1535028124989,0.256506292237839,0.428472077461249,0.00276249935955125,0.0263913165318693,0.07679782059691,0.1535028124989,0.256506292237839,0.428472077461249,0.00276249935955125,0.0263913165318693,0.07679782059691,0.1535028124989,0.256506292237839,0.428472077461249,0.555555555555556,2,150.000015727529,156.088943860015,-9.06012405041142,620.464024580772,55.7737602885116,3754.12352879908,-45.3206968024164,0.750656703576711,-0.302555862762316,-0.0133295371732111,0.80883746006666,-0.0284511973731903,-2.54710723137173,-1.04530421552859,-101.057002395584,0.00424280683470471,0.942936181936257,1173.7247161754,19.9382408082493,1.57327080512446,0.966745464014165,0.501161878970941,0.335334696385793,0.131877347629413,0.0157352943943339,0.045038987409124,0.0111379437665347,0.00660248328299134,0.00641107051348817,0.00880082053952713,0.0111038193938131,4999.96489948964,43.093438183523,17.3232166618681,50.8655771434322,116.201086251065,117.326844440936,2407.75952195685,1381.89015932793,16.5379108189033,0.521105499214009,0.490207860893068,0.0108728183217544,0.629215026740481,0.340496679657392,4.19580011128218,0.621970960253332,1.64430508780004,0.539991012462181,1.25463735590439,1.18679474020265,0.00728573986268154,0.211492393949787,0.184331388448042,0.138072951199305,0.121320184807487,0.0914430094428222,0.0786611172829862,0.0515696215016424,0.0115544548692309,0.00360729789150826,0.00148510929393199,0.00156050652893639,0.00342901664953594,4.71424228544035,0.0159236641313083
1.66666666666667,22.5555555555556,1.27777777777778,0.166666666666667,0,0,0,0,0,0,0,0,0,0,0,0,0,0,0,0,0,0,0,2,150.000015727529,150.853621497761,-9.32917245047391,620.632069576085,103.531025966045,3577.12457035725,-47.5654796375378,0.671203641224872,-0.287463695885845,-0.0127062168628268,0.729193187283616,-0.0377508737492969,-2.8331320393709,-1.11585602463597,-101.040858243934,0.0190154704822414,0.772019223299657,1173.6412873659,20.2212790334345,1.56014988022081,0.940578470992605,0.470847567961671,0.304856959691698,0.124532439609728,0.00413277582199771,0.0394029624593271,0.00931959181820644,0.00611198385584835,0.00601252650765546,0.00585247297156547,0.00634930455160921,4999.96823247578,43.0934631809192,17.3232166618681,52.3520062791896,116.031749555712,117.218480089789,2405.30725533308,1443.32047929036,16.4235144965492,0.557466343789903,0.505626823765895,0.0104695637463068,0.670494330344572,0.341849170744966,3.60628873917321,0.646965737413433,1.69711230624472,0.54250488428947,1.35217470456059,1.06000165527374,0.00689877305992315,0.217702755428312,0.187734315118233,0.136202779510656,0.118835193294096,0.0988982131831975,0.0839986316524904,0.0483619661406706,0.0108781978863601,0.00302174753709977,0.00110414716266597,0.00115294514619246,0.00130508918411297,4.22910686622474,0.014467453539665
-15,22.5555555555556,1.27777777777778,0.166666666666667,0,0,0,0,0,0,0,0,0,0,0,0,0,0,0,0,0,0,0,2,150.000015727529,153.197489844808,-9.08416947922091,620.478564732841,106.508141454015,3775.68190813457,-47.0845997291949,0.824587730444745,-0.337999425276533,-0.0101157070096865,0.889756171232162,-0.0502439564649516,-2.22382472662223,-0.996668353567336,-101.080368711592,0.0413921210603062,1.15196373190293,1173.68294969274,19.0564805749401,1.48687685657744,0.965109519841683,0.501750869701073,0.341358212686178,0.151822035204666,0.0405316736752421,0.118679985026039,0.0111160545816477,0.00626658154247474,0.00601577616914904,0.00592939277158629,0.00630847130507239,4999.96958650141,43.0935402562237,17.3232166618681,26.2338787589661,113.267554857699,117.46480163783,2326.52110176578,409.302135315333,23.2798264084458,0.141777346684072,0.333555511422261,0.0037028577221803,0.184270527049921,0.31209444861583,3.17286328593054,0.495605876605962,1.14394319382749,0.495320190947021,0.370831632807597,1.0682393450938,0.00603616382062336,0.440225837761797,0.304334604422413,0.150205294741077,0.074314681952078,0.0472871595959112,0.0366592012731451,0.153762323022919,0.0234067293783321,0.00472498791938581,0.00127503255530282,0.000402215297065611,0.0014119275336377,4.18622641401748,0.0127996040424179
-15,10.3333333333333,1.27777777777778,0.166666666666667,0,0,0,0,0,0,0,0,0,0,0,0,0,0,0,0,0,0,0,2,150.000015727529,228.706936777419,-28.298512416415,514.924226643058,929.224770086449,8262.75002603896,-5.57865527497136,4.64045109884387,-0.463710021666492,-0.30537448182481,4.64045109884387,-0.463710021666492,11.7801071763358,-0.495245106459744,-85.7118800124986,0.779192372559108,10.3845811894594,1087.00947817936,-2.79284998854285e-18,1.30150390584314,0.997939943755859,0.813411905009895,0.853960556192063,0.908052463285074,0.906170201020727,0.0153876451803042,0.00878049416129571,0.00595149436110821,0.00590603083532965,0.00626926862722633,0.00596570370534319,3247.37506509739,30.2205239037606,17.3232166618681,14.6925262251291,125.640162451131,120.435199824464,2668.13689298986,675.993210646263,39.6749800364223,0.52048894113401,0.389520773421641,0.0710651296699366,0.52048894113401,0.389520773421641,1.54668125745348,0.279766126890669,1.00902349482136,0.62830149481025,1.14660011969094,0.688759262315122,1.25069663252926e-15,0.19059313452339,0.0760504959930473,0.04045425810568,0.0493056120798192,0.0601357264377176,0.0869210458815163,0.0318456724783081,0.00695853998467879,0.00303892935674992,0.00279464093051652,0.00250769745649196,0.00205982503914959,2.11020315432726,0.00812701746803417
-15,10.3333333333333,1.1,0.166666666666667,0,0,0,0,0,0,0,0,0,0,0,0,0,0,0,0,0,0,0,2,150.000015727529,196.629267784606,-21.3615412634101,469.463253827726,757.794428882408,7069.96677429434,-1.18019298406416,3.93756410790543,-0.391571757314863,-0.219822091448807,3.93756410790543,-0.391571757314863,8.60255796271222,-0.396128178804291,-78.3021091552963,0.656798354213103,8.78762128944901,1036.59368815748,9.88980440579107e-18,1.41080241641496,1.08803866263931,0.883275481720655,0.920230496823246,0.963703385064055,0.952521851890428,0.0169142588574107,0.00906089031882096,0.00590627499979168,0.00590987947120092,0.00654037363295491,0.00644085588276222,2816.1041558171,27.4816696177489,17.3232166618681,11.8703896127109,124.707460258369,120.692712815072,2634.01748407702,571.051559114211,33.6691423565642,0.446544463164035,0.376890416641938,0.0518647017733839,0.446544463164035,0.376890416641938,1.24428110151311,0.226658429613294,0.883868591147579,0.606730468364163,0.978705813232478,0.491169681977742,1.26677500187877e-15,0.229337630512658,0.0862985649917073,0.0419760672243684,0.044515127965261,0.0537181511067891,0.0800634733062576,0.0431500400076734,0.00827899901780293,0.00349434977554058,0.0029105653614062,0.00250603762304545,0.00213816266220488,1.24163216602928,0.00641885266468599
-15,10.3333333333333,1.1,0.444444444444444,0,0,0,0,0,0,0,0,0,0,0,0,0,0,0,0,0,0,0,2,150.000015727529,195.554358920946,-21.1287956910739,469.072679929174,751.896068117904,7021.14227684616,-3.35778037839808,3.90163628788668,-0.388294983912093,-0.223429942714301,3.90163628788668,-0.388294983912093,8.48258483491302,-0.388963722528903,-78.1991990417666,0.650902565905947,8.70045318196021,1035.99822935111,9.45131738673057e-18,1.40153202791376,1.07021044682845,0.868605395271325,0.902041016560774,0.937385011977918,0.92614793250703,0.0150522332978856,0.00890338175335903,0.00603183110527029,0.00602987341631081,0.00692380150678054,0.00684228424122487,2810.39225080721,27.4444224559942,17.3232166618681,28.5076376097982,126.783399566052,123.887069620526,2718.39197440405,1264.64128295215,31.9468666190816,0.852807050270685,0.409443801984668,0.0950561805215236,0.852807050270685,0.409443801984668,1.71632293068981,0.152007877494116,0.868049846196873,0.661766257718672,1.91008197700401,0.0420439984927208,1.30236299325843e-15,0.148217150801836,0.0324314644066642,0.071677135388872,0.113379064943518,0.131996494221605,0.149099421961719,0.0283743299087482,0.00532396146831353,0.00388288541129522,0.00412651891413751,0.003739329056764,0.00283650427248315,0.836833283131022,0.00507672916444452
15,20.1111111111111,1.34888888888889,0.277777777777778,0.002209999487641,0.0211130532254954,0.061438256477528,0.12280224999912,0.205205033790271,0.342777661969,0.002209999487641,0.0211130532254954,0.061438256477528,0.12280224999912,0.205205033790271,0.342777661969,0.002209999487641,0.0211130532254954,0.061438256477528,0.12280224999912,0.205205033790271,0.342777661969,0.444444444444444,2,150.000015727529,158.033886053536,-10.9119447140923,618.695323403812,170.690027090928,4177.06443078846,-48.3456820152067,1.16775003007083,-0.43189160966566,-0.0383084232892407,1.24223336803562,-0.083842696446516,-0.768537312123737,-0.748236824713051,-101.073788147068,0.101899719393813,2.01273894569316,1173.72263305906,16.4359275075514,1.42346330590563,0.924719435475471,0.522023608999062,0.390220782070826,0.221851390744714,0.116568196853453,0.124150354236121,0.0146437490274451,0.00652660286428497,0.0068462766482658,0.00849826945109884,0.00958153921466514,4999.99166753463,43.0932350796791,17.3232166618681,76.4111115505238,123.09667633865,118.372779035844,2578.412938972,2452.16861976554,30.6403919418156,1.06858993450139,0.661281216145173,0.0371067637616783,1.19492371231609,0.389017628722882,3.17855130193201,0.742979651731656,2.171047925856,0.619495166796922,2.47651915880994,0.790198540206488,0.00510887244221368,0.524906678727938,0.432685605854747,0.319675280786589,0.260782495110338,0.196291648655899,0.156713222508358,0.156538003052748,0.0313469701173833,0.00992144284152541,0.00442018907953142,0.00206129413698273,0.00248993516175383,2.89962880890903,0.00916468780817217
15,7.88888888888889,1.34888888888889,0.277777777777778,0.002209999487641,0.0211130532254954,0.061438256477528,0.12280224999912,0.205205033790271,0.342777661969,0.002209999487641,0.0211130532254954,0.061438256477528,0.12280224999912,0.205205033790271,0.342777661969,0.002209999487641,0.0211130532254954,0.061438256477528,0.12280224999912,0.205205033790271,0.342777661969,0.444444444444444,2,150.000015727529,142.733319445891,-15.6673699524008,316.275304655765,527.603566940944,5122.25372357046,-5.49717124070409,2.82950775960838,-0.276203132093532,-0.113099234454744,2.82950775960838,-0.276203132093532,3.52063722528903,-0.185644526268097,-53.1713779814603,0.46237867484637,6.29156348297052,852.060337464841,1.98290933236119e-18,1.26116442037288,0.975169419852099,0.81016705551505,0.865678939693779,0.830752484116237,0.790316425372357,0.0164962141464431,0.0109625174415165,0.00617017635725445,0.0096855103635038,0.011710651494636,0.0159933902718467,1480.38141860223,17.5752161233206,17.3232166618681,6.34024489462996,123.930038083914,119.64969203311,2550.52744307831,372.860382148569,23.9787618052963,0.258055569692183,0.333625586524711,0.0203042957228094,0.258055569692183,0.333625586524711,0.659948542458653,0.128010001432095,0.517797666937546,0.531619500189976,0.59339610940939,0.221076086688749,1.36572415779249e-15,0.293004770493374,0.193236259645649,0.155486778380048,0.150894695518378,0.124239437152979,0.104627446098307,0.0434867706496491,0.0138803831307484,0.00692942401395438,0.00567642478837196,0.00414577781548968,0.0044995684740624,1.10374575681697,0.0104012045782267
15,7.88888888888889,1.17111111111111,0.277777777777778,0.002209999487641,0.0211130532254954,0.061438256477528,0.12280224999912,0.205205033790271,0.342777661969,0.002209999487641,0.0211130532254954,0.061438256477528,0.12280224999912,0.205205033790271,0.342777661969,0.002209999487641,0.0211130532254954,0.061438256477528,0.12280224999912,0.205205033790271,0.342777661969,0.444444444444444,2,150.000015727529,125.472867409645,-16.4119445943131,312.415113009061,515.673920779086,4447.01999791688,-4.80011461483178,2.43050463493386,-0.245437183358505,-0.0835473836058742,2.43050463493386,-0.245437183358505,2.57142493490261,-0.154952780297886,-50.6890459327153,0.409243422789293,5.38441381106135,831.835048432457,-9.45788174148525e-18,1.2915134361004,1.00122867409645,0.832685793146548,0.885069815644202,0.84429299031351,0.799683710030205,0.0167954818508489,0.0106899357789189,0.00604938587831476,0.0101377735652536,0.0120853352775753,0.0164594865118217,1284.70450994688,15.62281324862,17.3232166618681,4.81759840282015,123.351326357459,119.748684516566,2539.68486091644,303.256376368866,20.6696469604769,0.215839051736605,0.332458994481245,0.0148405901664018,0.215839051736605,0.332458994481245,0.579707949645641,0.146090714693055,0.510983412640893,0.529839567285677,0.493387417389623,0.216697802845854,1.45842276291357e-15,0.312280242144833,0.200965546424221,0.163866636705669,0.157014693312101,0.126033102107743,0.106537877307913,0.0485047445650316,0.015072932958978,0.00748556530975179,0.00627945773675405,0.00457075836130866,0.00500412329326717,1.0337378938882,0.00991586562648297
15,7.88888888888889,1.17111111111111,0,0.002209999487641,0.0211130532254954,0.061438256477528,0.12280224999912,0.205205033790271,0.342777661969,0.002209999487641,0.0211130532254954,0.061438256477528,0.12280224999912,0.205205033790271,0.342777661969,0.002209999487641,0.0211130532254954,0.061438256477528,0.12280224999912,0.205205033790271,0.342777661969,0.444444444444444,2,150.000015727529,128.666295177586,-13.2136851609207,314.664524528695,459.921697448182,4584.07780439538,-3.64714522362254,2.52145911884178,-0.245779035767107,-0.0892617331527964,2.52145911884178,-0.245779035767107,2.77090741589418,-0.163414541774815,-51.1401104051662,0.411162655993125,5.6009549005312,835.601676908655,-2.92269938818873e-17,1.28056779502135,0.994299229246954,0.826866982605979,0.890206676387877,0.863535423393398,0.823158462660139,0.0152608836860744,0.0107588693261848,0.00611537553327779,0.0086606066034788,0.0109434081866472,0.015845931673784,1320.51067597125,15.9859806270182,17.3232166618681,7.8052635360128,122.523867585137,118.32422256464,2503.57093933667,219.786585141918,21.7414467594259,0.0841642480288698,0.319436163064525,0.00541437723373629,0.0841642480288698,0.319436163064525,0.688100790755794,0.20494780328489,0.522266802323707,0.508004610197144,0.245195199762678,0.267722454576456,1.45366364698173e-15,0.234773128063345,0.123502886493889,0.0810608483598677,0.0738077696353589,0.058412129129381,0.0570083176085123,0.0338472403477265,0.00896101726542192,0.00387832292410442,0.00322243260385208,0.00238700353004113,0.00343781197813343,1.07524976327917,0.00977876311103852
15,7.88888888888889,1.17111111111111,0,0.00497249884719225,0.0475043697573648,0.138236077074438,0.27630506249802,0.461711326028111,0.771249739430249,0.00497249884719225,0.0475043697573648,0.138236077074438,0.27630506249802,0.461711326028111,0.771249739430249,0.00497249884719225,0.0475043697573648,0.138236077074438,0.27630506249802,0.461711326028111,0.771249739430249,1,2,150.000015727529,115.956504530778,-12.2402090792626,287.772388292886,396.503528569941,3999.90042703885,-5.36058928174149,2.06580283303823,-0.200354839670868,-0.0592830736381627,2.06580283303823,-0.200354839670868,1.68607333071555,-0.122318681478075,-48.4201635246328,0.329147034302676,4.47727320070826,812.257879387563,4.8132044370378e-18,1.36588806374336,1.05216157691907,0.893539183418393,0.906899489636495,0.792133444432869,0.653571409228205,0.018013995627643,0.0121491266406937,0.00785724740589522,0.0174604033954796,0.0207520560358296,0.0366291459222998,1102.63753775648,13.7327382564318,17.3232166618681,7.75230339622288,121.657437600441,119.741882427603,2501.81877661243,192.488051254771,18.0890190778855,0.078853984101247,0.325708533898466,0.00477583568818215,0.078853984101247,0.325708533898466,0.566285151246436,0.203119391767168,0.512574897298183,0.519189251085749,0.159226696487842,0.177278742477647,1.36541495830071e-15,0.258209799959279,0.127116933780364,0.0858591521034097,0.0543012831220205,0.0381476982035404,0.0255891941749693,0.0395014178177046,0.00995458314151815,0.00437722460405137,0.00372171330704815,0.00439002947519827,0.00550507604394725,0.864739326844793,0.00858360378869601
-1.66666666666667,7.88888888888889,1.17111111111111,0,0.00497249884719225,0.0475043697573648,0.138236077074438,0.27630506249802,0.461711326028111,0.771249739430249,0.00497249884719225,0.0475043697573648,0.138236077074438,0.27630506249802,0.461711326028111,0.771249739430249,0.00497249884719225,0.0475043697573648,0.138236077074438,0.27630506249802,0.461711326028111,0.771249739430249,1,2,150.000015727529,121.608530361421,-21.1408747988751,300.709696906572,589.799916050412,4190.59337569003,-6.06453445057806,2.16011248828247,-0.232294801822727,-0.0647693448599104,2.16011248828247,-0.232294801822727,1.8937121862306,-0.127640983369337,-49.6962337256536,0.380147067179461,4.66932434121446,823.140829080304,-9.83566215706697e-18,1.39143162170607,1.07502416414957,0.915739287574211,0.92502838246016,0.806570700968649,0.662279720862408,0.0128498086191022,0.0120902197345068,0.00751536171586293,0.0183344901572753,0.0221366534735965,0.0388635412977814,1202.91073846474,14.7830955108843,17.3232166618681,5.36894922373279,122.430715799611,119.264095125769,2526.93111147847,97.5084678687649,19.0909838251979,0.081657621424671,0.334098907754631,0.0059166227431982,0.081657621424671,0.334098907754631,0.547181778018265,0.173467351356953,0.527620761405982,0.533331643378301,0.107577869084763,0.198451033139782,1.27550693053462e-15,0.0964107712255063,0.0480411329768536,0.0365269861722224,0.0252564071816844,0.0193930414608524,0.0134566128479176,0.0181947183321544,0.00574482511768614,0.00303665284355464,0.00246705426844867,0.00269015486264474,0.0025819577600283,0.92907339952039,0.00921050926319543
-15,12.7777777777778,1.34888888888889,0.5,0.00055249987191025,0.00527826330637386,0.015359564119382,0.03070056249978,0.0513012584475679,0.0856944154922499,0.00055249987191025,0.00527826330637386,0.015359564119382,0.03070056249978,0.0513012584475679,0.0856944154922499,0.00055249987191025,0.00527826330637386,0.015359564119382,0.03070056249978,0.0513012584475679,0.0856944154922499,0.111111111111111,2,150.000015727529,233.604655765024,-24.5461345182794,603.58562649724,714.886670971774,8025.61087386731,-19.6318773718363,4.1204239141756,-0.721597734610978,-0.258512723674617,4.16535235912926,-0.385278137775221,11.3971202999688,-0.267548386470159,-100.275022393501,0.635982011186335,9.07127080512447,1173.80533277784,4.64875658785543,1.28356556608687,0.88201321737319,0.665645932715341,0.684126320174982,0.662238204353713,0.632356431621706,0.0145759422911155,0.00898787321820644,0.00598136435579627,0.00595627665868139,0.00630744516196229,0.00700068076242058,4999.96677429434,43.0931142589303,17.3232166618681,49.9556650544253,128.409915789328,124.127625230906,2751.65096990752,1953.32243616018,33.6220751443338,1.16818421085306,0.511845465214318,0.138133028989221,1.19997208044643,0.432090064975567,2.79095798420344,0.353485266863576,1.4216118207054,0.699137795733708,2.65630800583541,0.395964929236013,0.00742654407218171,0.159253206723388,0.0457557630850058,0.079484605613598,0.109540810763848,0.127556978839623,0.13858109676939,0.0263560260588338,0.00476021767431482,0.00301152481708296,0.0028163614903083,0.00224045158053613,0.00155849211795331,0.809732530421281,0.00595717055628709
-15,12.7777777777778,1.34888888888889,0.5,0.0033149992314615,0.0316695798382432,0.092157384716292,0.18420337499868,0.307807550685407,0.514166492953499,0.0033149992314615,0.0316695798382432,0.092157384716292,0.18420337499868,0.307807550685407,0.514166492953499,0.0033149992314615,0.0316695798382432,0.092157384716292,0.18420337499868,0.307807550685407,0.514166492953499,0.666666666666667,2,150.000015727529,245.772794500573,-30.3894706697219,602.93824601604,887.843697637746,8348.02343505885,-17.3679601591501,4.14820539527133,-0.648449276838038,-0.25408673159046,4.17841797729403,-0.411017998199146,11.2381813352776,-0.338436360519738,-100.302823664202,0.669146760368711,8.94835496302468,1173.69971877929,3.26655608790752,1.38395177585668,0.994538704301634,0.781250588480366,0.8081140089574,0.692538568899073,0.60416314967191,0.0159131903465264,0.0112871887983752,0.00598260286793042,0.0112291857098219,0.0118958732423706,0.0166894469326112,5000.02905947297,43.0941703989169,17.3232166618681,47.5689493151822,129.015434601951,124.205864460003,2770.37739892491,1859.88577958341,35.217918176709,1.08036208441123,0.477025995086529,0.126161362676863,1.10083246718001,0.427621674945659,2.56139564380305,0.294379122994533,1.2964721181627,0.689267499046849,2.39560609167871,0.587658599222355,0.0330217384944214,0.162643926221331,0.0444127875465425,0.0842115047929759,0.116192875026198,0.119293937078728,0.115418553869508,0.0300700341324498,0.00556940666884361,0.0038273421878421,0.00415369070037268,0.00287653904836061,0.00229740893370508,0.965708526972189,0.0165315897960417
-15,25,1.34888888888889,0.5,0.0033149992314615,0.0316695798382432,0.092157384716292,0.18420337499868,0.307807550685407,0.514166492953499,0.0033149992314615,0.0316695798382432,0.092157384716292,0.18420337499868,0.307807550685407,0.514166492953499,0.0033149992314615,0.0316695798382432,0.092157384716292,0.18420337499868,0.307807550685407,0.514166492953499,0.666666666666667,2,150.000015727529,153.070539527133,-9.28990419956254,619.452379960421,84.9406151442557,3367.6424025414,-58.267880429122,0.381882315837934,-0.162750923669409,-0.0261787427351317,0.415010217737735,-0.00962553398604312,-4.16252355494219,-1.31983218966774,-100.957144047495,-0.0356345758983439,-0.0620089902510156,1173.69805228622,21.7534527653371,1.50724372461202,0.952158764712009,0.447576179564628,0.250839394687012,0.0373964214726309,-0.094991215703781,0.113053302645027,0.0125911205437871,0.00741871117591917,0.00617504895323404,0.0103767526299344,0.0170863622539319,4999.98396000417,43.0933204874489,17.3232166618681,68.7039804924035,112.143141101284,116.929841343769,2317.16249447148,2341.85864984085,16.2831183117629,1.12810775042761,0.725121159478319,0.0168567187257861,1.29474561708958,0.349381044052307,3.51333889840556,0.896488986600756,2.50699226518266,0.560824537080602,2.83445595331849,0.934838086345703,0.00475483119530781,0.395555173364549,0.210548594031003,0.0990590608247731,0.155971885977045,0.176728743379842,0.211048692156952,0.140653918986632,0.0159194498145562,0.00310893414007134,0.00112369594544595,0.00302529656603241,0.00927640982036831,3.51664982974798,0.00975183134573727
1.66666666666667,25,1.34888888888889,0.5,0.0033149992314615,0.0316695798382432,0.092157384716292,0.18420337499868,0.307807550685407,0.514166492953499,0.0033149992314615,0.0316695798382432,0.092157384716292,0.18420337499868,0.307807550685407,0.514166492953499,0.0033149992314615,0.0316695798382432,0.092157384716292,0.18420337499868,0.307807550685407,0.514166492953499,0.666666666666667,2,150.000015727529,143.885998706385,-12.3626569315696,617.75420268722,201.649786865951,2894.3547055515,-56.7971214977607,0.074177078908447,-0.0402975743568378,-0.0596215570253099,0.084050590261431,-0.00784856360483282,-5.37434006509738,-1.5875192635038,-100.814988022081,-0.0431554261566503,-0.844053359650036,1173.69253202791,23.1767190917611,1.51873377773149,0.919357327361734,0.429934412709093,0.222465545747318,-0.00576290148224141,-0.141771759529424,0.0592256043860015,0.0121148575236954,0.00671269012404958,0.00886698083532967,0.0115484808874076,0.0196706210811374,4999.99218831372,43.0935027601287,17.3232166618681,119.350348905316,115.975805110846,115.018870214903,2416.54575589633,4044.19422470911,30.1295983036788,1.77506495084553,1.11359028113335,0.0436065886950764,2.05642975066333,0.402572687377877,4.52049356203284,1.43404659890014,3.79881207889966,0.646349361826956,4.38265798705716,1.12695915272773,0.00469542541647446,0.272921762204826,0.329173157400197,0.325545010098292,0.335974252242034,0.305249022750756,0.285717516681889,0.0704227378960907,0.0188461599157758,0.0072807461157515,0.00459643397692342,0.00591190128762826,0.0116356493980671,4.67491548635213,0.00851409478977219
1.66666666666667,25,1.34888888888889,0.222222222222222,0.0033149992314615,0.0316695798382432,0.092157384716292,0.18420337499868,0.307807550685407,0.514166492953499,0.0033149992314615,0.0316695798382432,0.092157384716292,0.18420337499868,0.307807550685407,0.514166492953499,0.0033149992314615,0.0316695798382432,0.092157384716292,0.18420337499868,0.307807550685407,0.514166492953499,0.666666666666667,2,150.000015727529,151.479525049474,-10.1591581616498,620.400406207686,88.3920483501718,3182.25494796375,-55.4974638058535,0.234450235163004,-0.0949361291396729,-0.0164071221747735,0.25290418774086,0.00403201768565776,-4.7877995676492,-1.46708252068337,-100.932968440787,-0.0601533061868555,-0.450110838516822,1173.70305176544,22.9592552859073,1.56364305801479,0.958669680241641,0.461133829809394,0.258466498768878,0.0408353594865118,-0.0965027113085095,0.0527472862546819,0.0115262244991355,0.00664695396312884,0.00630903666284762,0.0100136074367253,0.0159013172586189,4999.95521299865,43.0934204770339,17.3232166618681,69.3184815551215,113.787726882422,116.439374116433,2365.11006533042,2082.93251226735,19.7781333140913,0.852627123128748,0.659813167614615,0.0106788744465206,1.01948703437059,0.350666670933571,3.51195522862072,0.900653903360095,2.27553427790957,0.558706373101286,2.13575273538479,1.3527133451293,0.00696101715388524,0.223128217474425,0.221408796658823,0.179965555799366,0.168895131793596,0.12989527370998,0.140376394914422,0.0578679904204387,0.0131804217419415,0.00420794456036302,0.00145385633557413,0.00247017551032624,0.0082349501348143,5.32925047096034,0.0167147375534505
1.66666666666667,25,1.17111111111111,0.222222222222222,0.0033149992314615,0.0316695798382432,0.092157384716292,0.18420337499868,0.307807550685407,0.514166492953499,0.0033149992314615,0.0316695798382432,0.092157384716292,0.18420337499868,0.307807550685407,0.514166492953499,0.0033149992314615,0.0316695798382432,0.092157384716292,0.18420337499868,0.307807550685407,0.514166492953499,0.666666666666667,2,150.000015727529,147.935957712738,-8.84367846161858,620.44714092282,69.43252390376,3309.37960212478,-44.4358306426414,0.439653351025934,-0.19362445980627,-0.0141285853556921,0.480277496989897,-0.0109050135798354,-3.7954252196542,-1.33928979314655,-100.994539110509,-0.0289664256848245,0.159797342615353,1173.71659202166,22.4691136339968,1.58264441204041,1.00557184668264,0.508055848349131,0.305404241758046,0.0818181047578377,-0.0611365920206229,0.0633340073200709,0.0117446700114571,0.00667713331944589,0.00685786970107281,0.0095432558066868,0.0150148904280804,4999.96864909905,43.0934371419646,17.3232166618681,63.2484314668972,114.400922297042,116.838059092497,2376.21482689651,1841.12373852235,18.0097501376587,0.738366803155722,0.601599197867148,0.00902629550321068,0.887135805165221,0.346540936796559,2.98502885938037,0.726289413952371,2.04191185395688,0.550850308160981,1.84055469811435,1.47365216988516,0.00745372547587942,0.21283796311756,0.219583744175808,0.181947474607519,0.171528998590959,0.12949314441736,0.135685841440395,0.0645500370140781,0.013928614069508,0.00467454732187994,0.00208666963469894,0.00206923452170268,0.00752532383453758,5.62288444827269,0.0183999952309077
-11.6666666666667,25,1.24222222222222,0.222222222222222,0.0011049997438205,0.0105565266127477,0.030719128238764,0.06140112499956,0.102602516895136,0.1713888309845,0.0011049997438205,0.0105565266127477,0.030719128238764,0.06140112499956,0.102602516895136,0.1713888309845,0.0011049997438205,0.0105565266127477,0.030719128238764,0.06140112499956,0.102602516895136,0.1713888309845,0.222222222222222,2,150.000015727529,152.228752213311,-8.20779636839913,620.707572127904,34.402394521404,3464.26257681492,-48.3081637329445,0.523384417300281,-0.220203923028851,-0.00679527247161754,0.567753832891365,-0.00881793418498074,-3.495538601604,-1.25929495479638,-101.028827205499,-0.0315435870950943,0.358176234275597,1173.69169878138,21.9283241329026,1.52207811686283,1.00188861576919,0.499239558379335,0.302118873034059,0.0819391327236747,-0.0376622765649412,0.107243218407458,0.0114227419922925,0.00636888240808249,0.00605291073846474,0.00837669044891157,0.00795511217581501,4999.96427455473,43.0934475575467,17.3232166618681,35.5809584736162,111.18001962728,117.356747116212,2287.19545404406,800.259727307578,18.3769895785877,0.337157920011026,0.400533939932036,0.00353304168837465,0.418228853281195,0.314940019898395,3.52222254117086,0.627858006213016,1.4212889321234,0.500877975638057,0.891863682592258,1.27219578849241,0.00705289020548766,0.348689230579495,0.253581634198294,0.119989343023196,0.0657347703371014,0.0595057714757748,0.0801861392586237,0.131258913666839,0.0199013913115137,0.00386697869561193,0.000874262006190964,0.00142062171762395,0.0021483140144315,4.91115594603539,0.0159533363974709
-11.6666666666667,25,1.24222222222222,0.222222222222222,0.00386749910337175,0.036947843144617,0.107516948835674,0.21490393749846,0.359108809132975,0.599860908445749,0.00386749910337175,0.036947843144617,0.107516948835674,0.21490393749846,0.359108809132975,0.599860908445749,0.00386749910337175,0.036947843144617,0.107516948835674,0.21490393749846,0.359108809132975,0.599860908445749,0.777777777777778,2,150.000015727529,150.253765232788,-8.53545608478284,620.78288719925,65.4112574731799,3383.03978752213,-49.4131632121654,0.481011924830747,-0.209801773606916,-0.00625583668367878,0.524571406155609,-0.01461622435163,-3.65082467638787,-1.29503140714509,-101.021942505989,-0.0222752397146131,0.266296231923758,1173.70575981669,21.96959587543,1.51952609103218,0.992538225184877,0.499351067597125,0.300216998229351,0.0703570563003854,-0.0458134459233413,0.107592444470368,0.0129177332321633,0.00744466180606187,0.00611420727007603,0.00969079470888449,0.0127626894073534,4999.96875325487,43.0934183939179,17.3232166618681,35.6673236902882,111.33729491682,117.26529085545,2294.15105420225,787.907134756452,18.2820176523534,0.324930675731919,0.404388042120359,0.00332508600759564,0.410472194198051,0.317207947156126,3.44830181838814,0.61314514589868,1.44292551754901,0.504690445277162,0.874988567102664,1.20302446472322,0.00755419307313124,0.349116866732181,0.247938177041206,0.121237105848569,0.0686148987904966,0.0526195396438677,0.0823655926205157,0.13148564456566,0.0197427685680936,0.0044529530326665,0.000878081423564831,0.00181403414183609,0.00768816179229884,4.65954023546115,0.0164291671262387
-11.6666666666667,25,1.24222222222222,0.5,0.00386749910337175,0.036947843144617,0.107516948835674,0.21490393749846,0.359108809132975,0.599860908445749,0.00386749910337175,0.036947843144617,0.107516948835674,0.21490393749846,0.359108809132975,0.599860908445749,0.00386749910337175,0.036947843144617,0.107516948835674,0.21490393749846,0.359108809132975,0.599860908445749,0.777777777777778,2,150.000015727529,148.781129049057,-9.19706415477553,619.51948755338,100.931883762108,3299.3977591605,-51.6418018956359,0.404990754640142,-0.18195927090928,-0.0265745385897302,0.443672442076867,-0.016992510133007,-3.9735085397667,-1.3354659740652,-100.961733152796,-0.0208898801062389,0.0514387255494219,1173.76221226956,22.0004884907822,1.54656650348922,0.963816039995834,0.461074346422247,0.261168520165504,0.039615721183835,-0.0889100420488492,0.090872805145818,0.0124003753817936,0.00742388553275701,0.00653469503176752,0.0112510736381627,0.0185981972711176,4999.97521091553,43.0936110821789,17.3232166618681,73.6156339693158,113.138962586906,116.915837982873,2343.49352714389,2458.56831463735,15.1655733908635,1.13237734618494,0.742679860683451,0.0173228767172198,1.30684068033339,0.354989130042929,3.80056465075052,0.882522758559626,2.53469240327141,0.568284655982139,2.81947354148415,0.849272397616675,0.00506220655766336,0.317637417405759,0.165042463156531,0.130994384760189,0.191249969276315,0.200365376350436,0.215862786194238,0.110637708380626,0.0129145523911064,0.00348968155867529,0.00163732119071611,0.0043517243506997,0.0112141155562438,3.31916938966374,0.0102026537645451
5,25,1.24222222222222,0.5,0.00386749910337175,0.036947843144617,0.107516948835674,0.21490393749846,0.359108809132975,0.599860908445749,0.00386749910337175,0.036947843144617,0.107516948835674,0.21490393749846,0.359108809132975,0.599860908445749,0.00386749910337175,0.036947843144617,0.107516948835674,0.21490393749846,0.359108809132975,0.599860908445749,0.777777777777778,2,150.000015727529,139.800589410686,-11.606626883658,617.993552754921,205.818465076555,2931.59643317748,-51.7974594261119,0.200378904780752,-0.107917613592334,-0.0545573173627747,0.226573456026456,-0.0214550221237371,-4.73921396311426,-1.5162796066441,-100.865772315384,-0.0158354213686074,-0.444392612488283,1173.69357358608,22.8975700447876,1.47415646286845,0.94213526715967,0.464012981928966,0.253144965545256,0.0174880898198104,-0.11285319196542,0.0899520205697324,0.0147424364828247,0.00725690499750026,0.00995187034683887,0.0134717052390376,0.0207598852202895,4999.99489636496,43.0935548380374,17.3232166618681,117.934202061311,117.202987391925,115.569212961196,2453.95858848128,3958.75942533798,32.1563097830278,1.70200164724739,1.07619658191053,0.0378712289241891,1.97245811253439,0.405480682888938,4.1066433282275,1.35174827423589,3.64829111106432,0.648693029054253,4.16249025905426,1.07521768582098,0.00428914745900267,0.342154359348215,0.405673583898144,0.384878930918165,0.377276795099172,0.325532537545311,0.284169953212779,0.106659173776957,0.0256015585947977,0.00992191262651987,0.00601938326126771,0.0069472363619001,0.013503920869524,4.24392641903657,0.00773636823826509
5,12.7777777777778,1.24222222222222,0.5,0.00386749910337175,0.036947843144617,0.107516948835674,0.21490393749846,0.359108809132975,0.599860908445749,0.00386749910337175,0.036947843144617,0.107516948835674,0.21490393749846,0.359108809132975,0.599860908445749,0.00386749910337175,0.036947843144617,0.107516948835674,0.21490393749846,0.359108809132975,0.599860908445749,0.777777777777778,2,150.000015727529,241.13270492657,-33.6150709831268,604.487230496823,982.560833559004,8118.69680241642,-8.39678738537653,3.97344141235288,-0.597443717462764,-0.226487695031768,3.99698718883449,-0.411845358432455,10.4994614102698,-0.367574929469847,-100.383708988647,0.666865995827518,8.5003167378398,1173.46797208624,2.67815665034892,1.49798000208312,1.11233812102906,0.905908228309552,0.889933392354963,0.749332079991668,0.632801531090512,0.034069991987293,0.0132025017581502,0.00991549350101031,0.0155263144464118,0.0168052379960421,0.0234565264034997,4999.70138527237,43.0995448390796,17.3232166618681,39.0314351819106,128.112245377628,123.466655693644,2706.62034142204,1511.28443710391,34.1086004275999,0.850455259043554,0.419357166967347,0.092040553719594,0.862772559194112,0.393012777839098,2.12033117268743,0.271151982335844,1.22499018800978,0.62971725749634,1.85840722449697,3.31141336605498,0.322052912383631,0.278778817673393,0.21927090334782,0.217136882137446,0.17997631912352,0.158819374572238,0.129632921651024,0.0523238480983761,0.0183988089951759,0.0106623634769807,0.00821852920672807,0.00648259861571072,0.00753830573813642,3.2480582593021,0.120073029404147
5,12.7777777777778,1.42,0.5,0.00386749910337175,0.036947843144617,0.107516948835674,0.21490393749846,0.359108809132975,0.599860908445749,0.00386749910337175,0.036947843144617,0.107516948835674,0.21490393749846,0.359108809132975,0.599860908445749,0.00386749910337175,0.036947843144617,0.107516948835674,0.21490393749846,0.359108809132975,0.599860908445749,0.777777777777778,2,150.000015727529,226.549776064993,-25.4077923820436,608.025309863556,698.412520632226,7491.12123737111,-23.4269052671597,3.54238193938131,-0.652177756275388,-0.186476973231955,3.58615810853036,-0.336557108311634,8.84216935735861,-0.260056651610249,-100.614244349547,0.541378923995417,7.55417675242163,1173.76283720446,5.07029392771584,1.33841986251432,0.932263295490052,0.713667888761587,0.718716737839808,0.585797114883867,0.490628507447141,0.0161075903603791,0.0115485865082908,0.00726029840287471,0.0113357436725341,0.0114724318300177,0.0146659717737736,5000.0036454536,43.0928090823859,17.3232166618681,48.0288927387491,127.998590071221,123.25598362322,2699.77639800591,1787.72075673187,30.7259360483213,0.9657012312104,0.461119118968148,0.0948865492737918,0.993295640049202,0.398222000653061,2.31423150969858,0.443444687081421,1.28731797834506,0.638011564714864,2.12861292769325,0.425365077824149,0.00310611855834968,0.260226107821444,0.218501292422124,0.199023998063599,0.181822253176073,0.158585329899659,0.129072892869491,0.0377512781811986,0.0145434907158222,0.00779795011330373,0.00629467011167466,0.00410090618598033,0.00545022658912903,1.01892878845895,0.00449466174125575
1.66666666666667,17.6666666666667,1.27777777777778,0.0555555555555556,0.004419998975282,0.0422261064509909,0.122876512955056,0.24560449999824,0.410410067580543,0.685555323937999,0.004419998975282,0.0422261064509909,0.122876512955056,0.24560449999824,0.410410067580543,0.685555323937999,0.004419998975282,0.0422261064509909,0.122876512955056,0.24560449999824,0.410410067580543,0.685555323937999,0.888888888888889,2,150.000015727529,171.542662222685,-12.1150673255911,619.4482345589,211.980364212061,4871.6571190501,-34.7823903760025,1.66396708676179,-0.528095675450473,-0.0391504301635246,1.74119039683366,-0.126203312789293,1.24678153713155,-0.508068201603999,-101.102083116343,0.177631604187064,3.20267138839704,1173.67555462973,13.4623205916049,1.52341006145193,0.932225268201229,0.576172346630559,0.48792113321529,0.304766409748985,0.202111852931986,0.0224387777645454,0.0115192572034163,0.00806230538485574,0.00835855796271221,0.00738192448703259,0.00940098239766691,4999.99447974169,43.0936496198314,17.3232166618681,28.2636703752096,119.923192490614,117.643124415086,2472.2255464472,591.967681342268,18.3803010880559,0.174353865385713,0.376151376362164,0.0109682921192343,0.244070797011037,0.335143107851467,1.51407312116791,0.301904864125406,1.21882427712432,0.531741322432011,0.413676001719945,0.686654986116026,0.006054416595894,0.180271359283507,0.108894018645967,0.0673672887887968,0.0470367920068857,0.030210007960153,0.0200477883525017,0.0314074554066612,0.00790494937978455,0.00285662876009123,0.00274469992846049,0.000778433138336041,0.000577607240586218,2.69885599657345,0.00977516688429807
1.66666666666667,17.6666666666667,1.1,0.0555555555555556,0.004419998975282,0.0422261064509909,0.122876512955056,0.24560449999824,0.410410067580543,0.685555323937999,0.004419998975282,0.0422261064509909,0.122876512955056,0.24560449999824,0.410410067580543,0.685555323937999,0.004419998975282,0.0422261064509909,0.122876512955056,0.24560449999824,0.410410067580543,0.685555323937999,0.888888888888889,2,150.000015727529,170.235423393397,-13.5575826882616,618.918966774295,277.111539495886,4964.86438912613,-24.8355278968128,1.80589719820852,-0.552637840849911,-0.0461540599937507,1.88271950838454,-0.148534773580877,1.88686956943027,-0.462351168003333,-101.092798666806,0.217615955837933,3.57530340589522,1173.61524841162,12.5042818456408,1.58034027705447,1.02014977606499,0.661861608165815,0.572760806166024,0.378487740860327,0.262647797104468,0.0295094098115716,0.0117693788958442,0.00728058243932924,0.0111705601499844,0.00858321726903448,0.0072231510259348,4999.98468909489,43.093294448495,17.3232166618681,26.5767502608481,120.65436315249,117.516680020039,2487.38631244162,552.726891330105,18.6960703345403,0.163802595095003,0.373873097652374,0.0114708777778294,0.230648099483661,0.336767014390307,1.44892737243408,0.277291798028944,1.20557928243295,0.534440088217312,0.384163568838553,0.610048463967726,0.00499659598392614,0.178100091625369,0.108877611517674,0.0683553695226659,0.0473349072449888,0.0307709981609768,0.020289662998035,0.0382665849302786,0.00875027019052774,0.00320566567614083,0.00162355632253683,0.00316746690854815,0.000885791613885827,2.41757344978358,0.00887233876828722
-15,17.6666666666667,1.1,0.0555555555555556,0.004419998975282,0.0422261064509909,0.122876512955056,0.24560449999824,0.410410067580543,0.685555323937999,0.004419998975282,0.0422261064509909,0.122876512955056,0.24560449999824,0.410410067580543,0.685555323937999,0.004419998975282,0.0422261064509909,0.122876512955056,0.24560449999824,0.410410067580543,0.685555323937999,0.888888888888889,2,150.000015727529,174.331496719092,-14.6320707207583,618.114883866264,323.367758879283,5200.79148005416,-24.310739906791,1.98722028955317,-0.575148301218623,-0.0554245422351839,2.06183397562754,-0.169290453720446,2.62164586659723,-0.406124126332674,-101.077071138423,0.253635473513176,4.00085636912823,1173.59993750651,11.4478221018645,1.52097729403187,1.04216377460681,0.697877585668159,0.614454723466306,0.420948869909385,0.302004853661077,0.0975136530371836,0.0134187084648474,0.00736111319352151,0.0114358357462764,0.0106752629934382,0.00574189917716905,4999.99906259765,43.0933933965212,17.3232166618681,21.7823549466079,119.7475810274,117.12226853943,2460.74661032142,415.025781144862,24.4464453295601,0.125904997703127,0.362882005746444,0.011052209021339,0.191365475311953,0.33303694754031,1.48790527806351,0.292630552233069,1.17008479217375,0.530091413392147,0.315148664147346,0.586866676592007,0.00604462700448714,0.399777661520816,0.23380025919593,0.137370113848666,0.0853087484451641,0.0491620648025472,0.0262954869658816,0.126533209512767,0.0206720703161158,0.00638301946619853,0.00329483458275304,0.00376062239605668,0.00140975575841185,2.35944448713076,0.00837930947172036
-15,17.6666666666667,1.1,0.333333333333333,0.004419998975282,0.0422261064509909,0.122876512955056,0.24560449999824,0.410410067580543,0.685555323937999,0.004419998975282,0.0422261064509909,0.122876512955056,0.24560449999824,0.410410067580543,0.685555323937999,0.004419998975282,0.0422261064509909,0.122876512955056,0.24560449999824,0.410410067580543,0.685555323937999,0.888888888888889,2,150.000015727529,177.430132277888,-15.0578431507135,617.489667742943,328.414426830539,5302.21841474846,-24.9210812038434,2.03023076762837,-0.575895748405373,-0.0633230975940005,2.10333221539423,-0.171675215281742,2.77884889019581,-0.383541734520883,-101.058161649828,0.257097221049891,4.08136225393188,1173.58108530361,11.1705874388081,1.55186272263306,1.04214167274242,0.689071273825644,0.605742912196646,0.411737954379753,0.291812884074576,0.0789393028153317,0.0125551262539006,0.00711249535996251,0.011104242578898,0.0111478025205708,0.0101200882199771,4999.99281324862,43.093484012082,17.3232166618681,37.187073096614,121.605968548243,119.037011959096,2520.78808840623,1220.50307835302,20.688570227978,0.611753994397738,0.448514944819147,0.0361168504205412,0.668634430897671,0.358235158375679,1.78921968709907,0.350870267763599,1.41089633349393,0.572221831023829,1.41227900033955,0.539205152973672,0.00622734933178069,0.337922028893197,0.131041745128515,0.0456773595191055,0.0624446299067013,0.0777183352652277,0.0819716040875844,0.101325517745458,0.0122380759890148,0.0031762430745723,0.00256060857825736,0.00324297268518117,0.00395549933020838,2.12868563012274,0.00792254033763945
-15,17.6666666666667,1.1,0.333333333333333,0.00165749961573075,0.0158347899191216,0.046078692358146,0.09210168749934,0.153903775342704,0.25708324647675,0.00165749961573075,0.0158347899191216,0.046078692358146,0.09210168749934,0.153903775342704,0.25708324647675,0.00165749961573075,0.0158347899191216,0.046078692358146,0.09210168749934,0.153903775342704,0.25708324647675,0.333333333333333,2,150.000015727529,173.141516508697,-13.0631278700135,617.523851682117,283.184264258931,5213.22789292782,-25.8956799007395,2.04705060931153,-0.603283353247578,-0.0669586000416623,2.12736363920425,-0.16939603063535,2.95686841074888,-0.394096925222372,-101.045455681699,0.256649098604312,4.19088647015936,1173.58400166649,11.8678554317258,1.51954681803979,0.985832038329341,0.621077908551192,0.545173346526403,0.410150244766171,0.320227538798042,0.0635730383095511,0.0109237079250703,0.00610584737693991,0.00692070315592126,0.00791764764087074,0.00851669909384439,5000.00166649307,43.0934996354544,17.3232166618681,39.6242222998336,121.321412279516,119.136205514408,2522.95350719203,1322.31753803417,20.6393999801155,0.691902407404979,0.478297914112167,0.0414991767923877,0.757979061144147,0.364636635521891,1.94180874489692,0.399141021419922,1.50348233387361,0.583974408969099,1.63737420579963,0.531556544496653,0.00546144954845928,0.346683625467396,0.134973030610521,0.0441481192790292,0.0613017118689193,0.0861375813995678,0.103807565575454,0.086669456470477,0.0112364776168039,0.00258656269343611,0.00177009502452065,0.00115984737649728,0.00152598381454672,2.01809453590383,0.0075374913538101
-15,5.44444444444444,1.1,0.333333333333333,0.00165749961573075,0.0158347899191216,0.046078692358146,0.09210168749934,0.153903775342704,0.25708324647675,0.00165749961573075,0.0158347899191216,0.046078692358146,0.09210168749934,0.153903775342704,0.25708324647675,0.00165749961573075,0.0158347899191216,0.046078692358146,0.09210168749934,0.153903775342704,0.25708324647675,0.333333333333333,2,150.000015727529,76.3227445057806,-11.8074845391105,232.206426413915,307.229951775857,2684.66690969691,-11.5538134747005,1.50928455369232,-0.147143779764608,-0.0339788719925008,1.50928455369232,-0.147143779764608,0.596891353522549,-0.0629894489376106,-38.5693459014687,0.248057201051974,3.38741631080096,724.866972190391,8.46108999062598e-18,0.797790532236225,0.625264524528696,0.536568315800438,0.607311009269868,0.641633350692636,0.668618518904281,0.0124381427976252,0.00922592865326529,0.0060216376419123,0.00666112936152484,0.00848812821581086,0.010765762524737,379.529246953442,5.29646599312569,17.3232166618681,4.81492224736323,123.054480027764,120.005325367638,2558.83932533178,285.187794630064,11.8033266831864,0.253909888994295,0.348130260183162,0.0113017312099541,0.253909888994295,0.348130260183162,0.317209287603365,0.0580471380315254,0.423339389588555,0.557539708099899,0.543534642698234,0.0857059420190836,1.22436389030787e-15,0.0667615126224967,0.0168374847718766,0.0371539448635484,0.0639904089544546,0.08137018852974,0.0857698898745813,0.00781717023874918,0.00186110538609136,0.00132567740405441,0.00177443312700766,0.00162520350338447,0.00125396580913302,0.330839754682651,0.00425824135691047
-1.66666666666667,5.44444444444444,1.13555555555556,0.277777777777778,0.00055249987191025,0.00527826330637386,0.015359564119382,0.03070056249978,0.0513012584475679,0.0856944154922499,0.00055249987191025,0.00527826330637386,0.015359564119382,0.03070056249978,0.0513012584475679,0.0856944154922499,0.00055249987191025,0.00527826330637386,0.015359564119382,0.03070056249978,0.0513012584475679,0.0856944154922499,0.111111111111111,2,150.000015727529,82.0817862722633,-9.13213187584628,246.572720549943,260.727245703572,2912.6778460577,-10.0006814328716,1.6582825747318,-0.151972176003541,-0.0402619164670347,1.6582825747318,-0.151972176003541,0.867743518810541,-0.0746183570632225,-39.5132048744922,0.258127297396104,3.74330673888137,734.010957191961,-3.50769248130403e-18,0.834692740339548,0.653875033850641,0.553464826580565,0.614132486199354,0.676231475887929,0.722856775335903,0.0121625702977815,0.00862889761483179,0.00598038756379544,0.00597173804811999,0.00632905697323195,0.00709678127278408,448.375575460892,6.17930330173941,17.3232166618681,2.81576955262364,122.989435690498,119.755048670687,2545.59841467053,207.380577225046,13.4408231371706,0.193021638028927,0.340056665923355,0.00956506416676185,0.193021638028927,0.340056665923355,0.327707668094988,0.0586446082377078,0.420024861120827,0.54350191470573,0.415297730506631,0.0871703931281573,1.20422444270298e-15,0.0612459155474892,0.0574772728867807,0.0553081650014416,0.0646977422306625,0.0773088106691724,0.0672205153160139,0.00696565351737329,0.00296456962430109,0.00168404544750367,0.00153006273095089,0.00142591215659178,0.000941729095902897,0.357762497682143,0.004488884249534
15,5.44444444444444,1.13555555555556,0.277777777777778,0.00055249987191025,0.00527826330637386,0.015359564119382,0.03070056249978,0.0513012584475679,0.0856944154922499,0.00055249987191025,0.00527826330637386,0.015359564119382,0.03070056249978,0.0513012584475679,0.0856944154922499,0.00055249987191025,0.00527826330637386,0.015359564119382,0.03070056249978,0.0513012584475679,0.0856944154922499,0.111111111111111,2,150.000015727529,78.6575690032289,-12.3281958077284,238.817212790334,320.876278137694,2786.10759295907,-9.93023529465681,1.58942474742214,-0.154583797179356,-0.0368679647953338,1.58942474742214,-0.154583797179356,0.746950440943651,-0.0685745106732632,-38.9620529111549,0.261764009766691,3.58803822518488,728.71340485367,1.23655997604416e-17,0.813711988334547,0.632630288511613,0.535392000833246,0.595963524632851,0.658546943026767,0.708436308717842,0.0118061353796896,0.00849800377044058,0.00597646307676283,0.00591588053327779,0.0062523349651078,0.00707149494844287,408.27971044683,5.66761087386734,17.3232166618681,1.82743179479812,121.904467625871,120.284438174606,2505.97431976348,189.435319287039,13.5583272840974,0.147026820073192,0.324630980656469,0.00677688784300561,0.147026820073192,0.324630980656469,0.309445147824483,0.0567813997861374,0.399737496823583,0.516832342303137,0.368184921123679,0.0991236576904527,1.25595982525038e-15,0.175734433334477,0.128645669092514,0.103602053081362,0.109124694752497,0.117340792988831,0.105819612038395,0.016653015761313,0.00589667773834788,0.00298777941742764,0.0024544627786691,0.00204150978048805,0.00134163605355881,0.406474629569377,0.00517014894176434
15,5.44444444444444,1.13555555555556,0,0.00055249987191025,0.00527826330637386,0.015359564119382,0.03070056249978,0.0513012584475679,0.0856944154922499,0.00055249987191025,0.00527826330637386,0.015359564119382,0.03070056249978,0.0513012584475679,0.0856944154922499,0.00055249987191025,0.00527826330637386,0.015359564119382,0.03070056249978,0.0513012584475679,0.0856944154922499,0.111111111111111,2,150.000015727529,79.6608155400479,-12.1708979981252,239.698568899073,318.617967815852,2829.63441308197,-9.4494193986043,1.61976387876263,-0.156514529646912,-0.0379838860535361,1.61976387876263,-0.156514529646912,0.796032832586189,-0.0701677113460057,-39.0191334236018,0.265357864034997,3.66089240704093,729.255223414228,3.08653972179981e-17,0.802736662847621,0.626693448599104,0.533973159045933,0.597371659202166,0.664656129569837,0.721101958129362,0.0117612247763358,0.00851559004270388,0.00593988761587335,0.0059682600770753,0.00635358400166649,0.00713256108738673,412.368513696493,5.72011915425476,17.3232166618681,6.83902833554655,121.440200813026,119.783083574338,2487.95324676082,199.189665371014,14.0802219261012,0.0723298201766529,0.317565447791247,0.00303830753174058,0.0723298201766529,0.317565447791247,0.377222709862793,0.0607073186656432,0.395785794086214,0.504820535552338,0.238938286544279,0.098139221780648,1.18035156050603e-15,0.129398516443501,0.0725333913032452,0.0505024342370062,0.0572871040775365,0.0623003372297043,0.0735409310231293,0.0119798393126913,0.00340925348345023,0.00156253688868914,0.0014390487523443,0.00130634892705549,0.00111466095230148,0.382329985425025,0.00486492214236848
15,5.44444444444444,1.31333333333333,0,0.00055249987191025,0.00527826330637386,0.015359564119382,0.03070056249978,0.0513012584475679,0.0856944154922499,0.00055249987191025,0.00527826330637386,0.015359564119382,0.03070056249978,0.0513012584475679,0.0856944154922499,0.00055249987191025,0.00527826330637386,0.015359564119382,0.03070056249978,0.0513012584475679,0.0856944154922499,0.111111111111111,2,150.000015727529,89.0765503593375,-5.93717791896679,248.802060202062,200.047194042288,3208.97396104572,-10.1067920162483,1.85625507759609,-0.157914488105406,-0.0496552463285074,1.85625507759609,-0.157914488105406,1.1947604163108,-0.0851100324830747,-39.855847307572,0.270729094928653,4.21584605770232,737.270023955832,-1.94502338506406e-17,0.779058962608061,0.610939016769086,0.523595333819393,0.588728215810852,0.656591969586501,0.716874700552026,0.0123926192102906,0.00874973981876889,0.00604150473908967,0.0060460669721904,0.00640445703572544,0.00716212998645975,473.299208415792,6.49393750650969,17.3232166618681,7.16384268790661,122.414583570457,118.701964396765,2504.30614922724,225.511087008087,16.2903207231424,0.0917015416508491,0.317572804373578,0.00444591625167638,0.0917015416508491,0.317572804373578,0.432582621158632,0.0643571297317466,0.398084650251585,0.504414962534412,0.29360531125867,0.101320908549943,1.15992700499214e-15,0.125111833103123,0.0705695928412737,0.0502660702857751,0.0583464826902767,0.0643196980024839,0.0756603506253194,0.0114360672216247,0.00328502318684846,0.00151741618782947,0.00141498691623577,0.00130350136981002,0.00113234385741924,0.404922058338602,0.00503877159205085
15,17.6666666666667,1.31333333333333,0,0.00055249987191025,0.00527826330637386,0.015359564119382,0.03070056249978,0.0513012584475679,0.0856944154922499,0.00055249987191025,0.00527826330637386,0.015359564119382,0.03070056249978,0.0513012584475679,0.0856944154922499,0.00055249987191025,0.00527826330637386,0.015359564119382,0.03070056249978,0.0513012584475679,0.0856944154922499,0.111111111111111,2,150.000015727529,169.594917196126,-10.7153115790022,618.983178835538,202.590254535986,4949.48005416102,-37.9197347151338,1.81606770128112,-0.577232110196855,-0.0472833444432871,1.90035756692011,-0.141074327465889,1.97970140110489,-0.474785316854286,-101.088539735445,0.206600181241538,3.63034683887095,1173.64389126133,13.386937818977,1.4091453286116,0.877962378918862,0.520738391834184,0.44460682220602,0.331718466826373,0.259521914383918,0.062321729837517,0.00997340279666702,0.00616064255623373,0.00603881043641288,0.00633552942401833,0.00715137641912301,4999.98375169253,43.0931580043745,17.3232166618681,32.4161069338338,121.84843824375,117.837226571136,2515.67871882921,704.128338387137,21.8657571101752,0.196632471778508,0.378987253739028,0.0125207199178582,0.25967341096413,0.338915830091225,1.58256360708993,0.354729518271152,1.22934756269548,0.535977558022741,0.430802487253266,0.62495535027819,0.00496625988892131,0.435972295384718,0.265342505317668,0.147639607521989,0.0936351049192786,0.0638487601809865,0.0376428202112934,0.0885738892642625,0.0158923905907434,0.00403354889909849,0.0015763600941262,0.000602933643213341,0.0002707807164827,2.36730035377935,0.00830944058588793
15,17.6666666666667,1.31333333333333,0,0.0033149992314615,0.0316695798382432,0.092157384716292,0.18420337499868,0.307807550685407,0.514166492953499,0.0033149992314615,0.0316695798382432,0.092157384716292,0.18420337499868,0.307807550685407,0.514166492953499,0.0033149992314615,0.0316695798382432,0.092157384716292,0.18420337499868,0.307807550685407,0.514166492953499,0.666666666666667,2,150.000015727529,172.983647536715,-11.8637288231434,618.892104989063,221.894664722425,5023.50786376419,-37.0897030517654,1.81233361108218,-0.561211619622957,-0.0464883762108114,1.89204353713155,-0.140329154481825,1.89516167617956,-0.460784538381419,-101.091410269764,0.203560382845537,3.57911561295699,1173.63805853557,12.9639870846785,1.4313034163108,0.914013248619935,0.563537110717634,0.489960420789502,0.326938204353713,0.237122935110925,0.0710395613092386,0.0116238091364441,0.00687847472521611,0.0078123172586189,0.00755802614311009,0.00871989032392459,4999.9878137694,43.0931475887927,17.3232166618681,31.0615682835841,121.95738382009,117.66596571508,2517.09657713173,658.204057902408,21.1409196013334,0.169020490758426,0.37610967479404,0.01133104040156,0.235162222333125,0.33871246883697,1.56413373633226,0.314599771885362,1.21876067965182,0.5358554140676,0.364847958012081,0.62726700613846,0.00489658042349612,0.432173835154899,0.260388248769741,0.149778357508218,0.0957922915304578,0.0569364042399529,0.0309464043914511,0.0963614179027764,0.0169655434644868,0.00479038140693223,0.00269612854396568,0.000988686631578631,0.000727883104562406,2.40605949919111,0.00844516544810685
5,12.7777777777778,1.20666666666667,0.222222222222222,0.00276249935955125,0.0263913165318693,0.07679782059691,0.1535028124989,0.256506292237839,0.428472077461249,0.00276249935955125,0.0263913165318693,0.07679782059691,0.1535028124989,0.256506292237839,0.428472077461249,0.00276249935955125,0.0263913165318693,0.07679782059691,0.1535028124989,0.256506292237839,0.428472077461249,0.555555555555556,2,150.000015727529,236.94055827518,-30.8751939631288,605.186730548901,909.726539381314,8046.63128840746,-7.02832883407978,4.01489261535257,-0.632891761274866,-0.224883668367879,4.04412831996667,-0.406205803327778,10.8002848661598,-0.35504921477971,-100.403078845954,0.662166979283408,8.67947786688886,1173.67242995521,3.22235902510154,1.47261295698365,1.08035105718154,0.853637891886263,0.872587959587544,0.763922560149985,0.678325111967503,0.0190776953368399,0.0113491191544631,0.0060654840794813,0.0108095844182898,0.0110007203416311,0.0146980429121967,5000.0194771378,43.0935142172686,17.3232166618681,18.5085134313455,125.595578220601,120.006753069303,2607.19798916131,703.603634924712,34.4391060107321,0.409150724352493,0.370021352080739,0.0465871705774956,0.421288790982232,0.356126510933744,1.49525343970411,0.207841988903342,1.03610824268196,0.568347776009728,0.894575431859224,0.491256065393525,0.0162508507484831,0.202518325752097,0.13401581982634,0.109510558326075,0.0966424296958296,0.0780306585803722,0.0633130233570871,0.0330387562763847,0.0106498055374014,0.00509736820958772,0.00397028060529402,0.00213269886973538,0.00129429895464366,1.29032286718735,0.00866404393012915
5,25,1.20666666666667,0.222222222222222,0.00276249935955125,0.0263913165318693,0.07679782059691,0.1535028124989,0.256506292237839,0.428472077461249,0.00276249935955125,0.0263913165318693,0.07679782059691,0.1535028124989,0.256506292237839,0.428472077461249,0.00276249935955125,0.0263913165318693,0.07679782059691,0.1535028124989,0.256506292237839,0.428472077461249,0.555555555555556,2,150.000015727529,148.451939381315,-9.07415584939068,620.169888553276,72.0608052921571,3303.89108649099,-47.0958819914593,0.417188195647328,-0.181400388365795,-0.0184464540152067,0.454845755556713,-0.00820737218310592,-3.91457569067806,-1.34655397534632,-100.981409228206,-0.0345604700489532,0.0832406144568274,1173.69024059994,22.4666940943653,1.52728142901781,0.999245943130924,0.505931705030725,0.30272526876367,0.0829353396854495,-0.0652974235880638,0.0817273244911989,0.0119843400373919,0.00647463761277991,0.00692526434746381,0.00901866170190605,0.0141492272679929,4999.98000208312,43.0934215185924,17.3232166618681,72.4128274351656,115.253485560815,116.671136124856,2398.12549210265,2190.61871793646,22.5864787462573,0.890733749946583,0.676368150010379,0.0122528369330669,1.05991845655753,0.357011911572212,3.05261341661661,0.830650329124777,2.29173506033871,0.568107211145523,2.20516964780681,1.28698515370447,0.006458767903259,0.279277373617086,0.288004985414114,0.232070767428141,0.205794898046894,0.155553584333107,0.15346052729108,0.0894873795691737,0.018113145082891,0.00588561880176411,0.00253772473034176,0.00171301267822244,0.00591388401301424,4.87342026113715,0.0157912921490071
5,25,1.20666666666667,0.222222222222222,0,0,0,0,0,0,0,0,0,0,0,0,0,0,0,0,0,0,0,2,150.000015727529,144.357487761692,-9.43230293781898,620.21345693157,114.898267261952,3169.5826372357,-48.3901545672326,0.365152584647433,-0.171308501927924,-0.0192818812623685,0.40297930169774,-0.0170304380585356,-4.08023216852411,-1.4041960697844,-100.965826476408,-0.0199940093219456,-0.0189574428601188,1173.68722008124,22.7141089469846,1.51935183835017,0.979387709613581,0.478724753671492,0.276124667951255,0.0764203010186439,-0.0754900450171857,0.0748893450608271,0.0101065264040725,0.0061917628157067,0.00608529934381836,0.00599539433392355,0.00637552119570878,4999.97864805749,43.0934017289871,17.3232166618681,74.3111400242846,114.968183911271,116.526474665884,2387.73820677439,2264.13626566806,22.5611082816357,0.928243537523181,0.693580220733808,0.0130409833574479,1.10261791039766,0.356262814660251,3.25746431533879,0.88500031120491,2.35026739318525,0.567199027190751,2.3012978175021,1.19013838060822,0.00563842879870963,0.285660053554712,0.293837148577826,0.229555311463963,0.20191950385683,0.167223689295079,0.157670174453893,0.0853409820867748,0.0175940342263037,0.00523434532056022,0.00193296615765356,0.00114587525267495,0.00130682542158217,4.58224179636943,0.0149864505863448
-11.6666666666667,25,1.20666666666667,0.222222222222222,0,0,0,0,0,0,0,0,0,0,0,0,0,0,0,0,0,0,0,2,150.000015727529,148.083549630247,-8.4036467576294,620.787345068222,73.0846330590564,3364.75387980419,-47.4859577127382,0.505917672128945,-0.22533766266014,-0.00658165503593376,0.553488028257473,-0.0195364422997604,-3.50925353681908,-1.2886120518696,-101.027709613582,-0.0129975920112488,0.352189367315904,1173.62253931882,21.9873596500367,1.52055452557025,0.997100374960942,0.492243766274347,0.295181762316425,0.0817170086897197,-0.0411358617536715,0.105917614454744,0.0106172424863035,0.00624533631913342,0.00605162555983753,0.00595934183939173,0.00646927965836892,4999.95927507551,43.0934558900119,17.3232166618681,35.6122782686273,111.255576438173,117.327949121445,2290.18375779397,792.705435217084,18.0775036953703,0.332174448693712,0.400104704213231,0.00347557952472017,0.413474483963533,0.315374508779798,3.17010012354689,0.657144387702421,1.42183883779665,0.501386704080805,0.882446193261616,1.25141929804587,0.00671570864050638,0.351203302012326,0.255687730420056,0.119641456961611,0.0655958127606271,0.0607439830168849,0.0807098881075533,0.130443136182472,0.019714661384031,0.0037557344579798,0.000846095901090686,0.00132965982405914,0.00145089496820487,4.78581972857624,0.0161552802559377
-11.6666666666667,25,1.20666666666667,0.5,0,0,0,0,0,0,0,0,0,0,0,0,0,0,0,0,0,0,0,2,150.000015727529,144.647242995521,-9.19414972190396,619.331340485366,129.049305978544,3216.64657047287,-50.1359889594834,0.40218103625664,-0.191751323403812,-0.0315250530153109,0.444794165191126,-0.0260068136881575,-3.92737471252995,-1.35427164126653,-100.952868451203,-0.00508949051140505,0.0777289025414019,1173.69753150713,22.1446765961881,1.54429726070201,0.954827882512238,0.442693188209561,0.244821829511509,0.0501918977836683,-0.0989305859045933,0.0876882537475263,0.0101532503029893,0.006205964691178,0.00603990490573898,0.00598009436517029,0.00627001176960733,4999.98552234142,43.0936964899492,17.3232166618681,76.3542834705715,112.888282221822,116.720708102561,2333.57899921472,2599.39712892423,15.0657207823299,1.24533262059743,0.792713896575282,0.0217038982165503,1.43234308821283,0.357260032200151,3.45446173438997,1.04609530113471,2.70592022630575,0.573953656614839,3.13977499390988,0.805684976220997,0.00498978990000386,0.324740648700678,0.170472006874128,0.127876791725191,0.18578156109106,0.213536381941004,0.25230315841214,0.10855927621599,0.0123507564096147,0.00287616661618649,0.00134125314228348,0.00165996523082642,0.00192673759169672,2.95784598577557,0.00928659187861367
-11.6666666666667,25,1.38444444444444,0.5,0,0,0,0,0,0,0,0,0,0,0,0,0,0,0,0,0,0,0,2,150.000015727529,147.519457348193,-10.7389325799396,619.073346526404,161.28073845464,3066.1420518696,-60.9814602645558,0.180111451690449,-0.0888290970211436,-0.0367968697010728,0.200411247068014,-0.0129173142641392,-4.97969629404645,-1.48966140622852,-100.880308301219,-0.0337635854910947,-0.57636999158421,1173.69461514426,22.5650682220598,1.5294336006666,0.911755556712843,0.403431330069785,0.20556616526716,0.0110662884788043,-0.137305110479846,0.07931420906416,0.00991705303728779,0.00619048911571712,0.00605090219768774,0.00606920164566192,0.00637679752109156,4999.98375169253,43.0938225184876,17.3232166618681,82.0975924285852,111.733621488069,116.007784486186,2306.73167930368,2847.70563400076,15.0816594948104,1.3751374583786,0.858219038439806,0.0273557485827781,1.58075623492157,0.358830040813456,4.79707197497655,1.14959437187976,2.96761716785378,0.578244494664446,3.47823221511066,0.964938016303698,0.00499979493903087,0.338610792725283,0.169188196534107,0.125748968847626,0.183623057234604,0.21096280441018,0.252601945793904,0.100241874907338,0.0117212398677,0.00250917071271218,0.00118947149368443,0.00175706660557252,0.00220003556899232,3.93437660860485,0.00936812843447904
8.33333333333333,5.44444444444444,1.1,0,0.002209999487641,0.0211130532254954,0.061438256477528,0.12280224999912,0.205205033790271,0.342777661969,0.002209999487641,0.0211130532254954,0.061438256477528,0.12280224999912,0.205205033790271,0.342777661969,0.002209999487641,0.0211130532254954,0.061438256477528,0.12280224999912,0.205205033790271,0.342777661969,0.444444444444444,2,150.000015727529,78.3354588063744,-11.9176802133111,241.512224768253,313.416900406208,2743.82960108322,-9.86040007249244,1.52824539110509,-0.149541603989168,-0.0336733027809603,1.52824539110509,-0.149541603989168,0.635184915165087,-0.0661320731398813,-39.1186157691907,0.251372879856265,3.41745984793251,730.184407874189,2.5705253515259e-18,0.833470805124466,0.657092490365587,0.564724351630038,0.641221341526924,0.662367909592751,0.67268593896469,0.0117958324484116,0.00945251515467137,0.00602149234454744,0.00749347495052599,0.00968824278720966,0.0126377877304448,419.367565878557,5.80979554213103,17.3232166618681,6.21041670136384,121.716242074536,119.765208604638,2502.1308614009,142.920474400455,13.0433797412774,0.0458170317887677,0.324958045914601,0.00223000301216201,0.0458170317887677,0.324958045914601,0.351351020023642,0.0648682673448412,0.405535333383097,0.517795892397786,0.104896084874596,0.0957186952550024,1.16303103300087e-15,0.0863931390424733,0.04794369500231,0.032459274012774,0.0353099379559086,0.0339952397141643,0.0368340620804986,0.00857148764050144,0.00269879280871646,0.00132785499850351,0.00128541058300393,0.00106084273737631,0.000844806795675956,0.380608068121185,0.00483185662646024
8.33333333333333,5.44444444444444,1.1,0.277777777777778,0.002209999487641,0.0211130532254954,0.061438256477528,0.12280224999912,0.205205033790271,0.342777661969,0.002209999487641,0.0211130532254954,0.061438256477528,0.12280224999912,0.205205033790271,0.342777661969,0.002209999487641,0.0211130532254954,0.061438256477528,0.12280224999912,0.205205033790271,0.342777661969,0.444444444444444,2,150.000015727529,77.2348161649828,-12.3587361088428,239.553843349651,320.449335173419,2697.30434329757,-10.3755641087387,1.49737319029268,-0.148066888167899,-0.0326734704718258,1.49737319029268,-0.148066888167899,0.582351595156754,-0.0639520321003021,-38.9943599625039,0.248569306645141,3.34456108738673,728.995604624519,-2.74549581814394e-17,0.841670513488179,0.660351078012707,0.563848453286116,0.635711717529424,0.650320185397354,0.660098698052286,0.0116863596234663,0.0093885371315488,0.00623669076137902,0.00749993531923757,0.00955458181439433,0.0126166795125508,410.411155088013,5.69499927090926,17.3232166618681,1.47442718752244,122.164358386531,120.220989944725,2519.72715762605,162.595094197751,12.4798487865084,0.146998820098433,0.331388062111576,0.00655057549287878,0.146998820098433,0.331388062111576,0.289637178579534,0.0601682563706688,0.409901524247185,0.528636843148119,0.330623544801814,0.0932036944651277,1.28372666775858e-15,0.130068039447296,0.102806232033528,0.0867086493063668,0.0934238148795238,0.0942180602202888,0.0800692064935896,0.0124370275206851,0.00490850315603584,0.00273441349845033,0.00253787338408134,0.00191603021119364,0.00119282653386034,0.381831563278932,0.00483596546393492
8.33333333333333,5.44444444444444,1.1,0.277777777777778,0.00497249884719225,0.0475043697573648,0.138236077074438,0.27630506249802,0.461711326028111,0.771249739430249,0.00497249884719225,0.0475043697573648,0.138236077074438,0.27630506249802,0.461711326028111,0.771249739430249,0.00497249884719225,0.0475043697573648,0.138236077074438,0.27630506249802,0.461711326028111,0.771249739430249,1,2,150.000015727529,72.6725320279138,-10.6130561420685,229.399672950734,274.3337211228,2470.80324966149,-11.5441633373086,1.30073513175711,-0.127360671284241,-0.0245639610457244,1.30073513175711,-0.127360671284241,0.237126829288616,-0.052920367475263,-38.3594896364962,0.210648477658577,2.84585147380481,722.790428080399,-6.64581519633371e-18,0.864636725341111,0.681678845953546,0.591786574315176,0.663003562128945,0.604657837725237,0.538694031871681,0.0120120362807624,0.0109173064264139,0.00827239162587231,0.0125698679304239,0.0150285855640038,0.0229489553171545,364.130121862307,5.09615592125819,17.3232166618681,1.38615930520875,122.462290829007,119.864784161055,2527.48715058356,118.908541245384,10.9632560635978,0.118988640669349,0.33305287937191,0.00472537056815643,0.118988640669349,0.33305287937191,0.254730206622451,0.0619331047256556,0.405357545263391,0.531430477946395,0.247958056811372,0.106727037240196,1.21063443370643e-15,0.132062352961996,0.104072665236049,0.0893832230945711,0.0916657058158971,0.0800680570103172,0.06031287335638,0.0129030246430423,0.00526179599068145,0.00330316848781664,0.00293873135090027,0.00190356814057945,0.00208985174967207,0.421743498939854,0.00546755187710178
-8.33333333333333,5.44444444444444,1.1,0.277777777777778,0.00497249884719225,0.0475043697573648,0.138236077074438,0.27630506249802,0.461711326028111,0.771249739430249,0.00497249884719225,0.0475043697573648,0.138236077074438,0.27630506249802,0.461711326028111,0.771249739430249,0.00497249884719225,0.0475043697573648,0.138236077074438,0.27630506249802,0.461711326028111,0.771249739430249,1,2,150.000015727529,73.0016592021664,-10.3728365847307,228.988969898969,269.620462628893,2486.49953129882,-12.0189251006666,1.31134183939173,-0.127552434034996,-0.025138154358921,1.31134183939173,-0.127552434034996,0.252393830694719,-0.0531872183904801,-38.33289865639,0.21110409068847,2.87084824497448,722.531194667221,1.89307664826582e-18,0.846414415165087,0.670486449328194,0.58378404332882,0.658248797000313,0.602013321529007,0.537654421414437,0.0120902204978648,0.0109028486615978,0.00840306291011353,0.0125010207270076,0.0150469513592334,0.0223795073429851,362.205353608999,5.07106332673678,17.3232166618681,2.3266607748756,122.62433388568,119.908608197258,2539.13907500817,162.321544398216,10.8557829135017,0.159038359524753,0.338623907928926,0.00624188971198526,0.159038359524753,0.338623907928926,0.263408463389986,0.0652036102498313,0.411946273599569,0.540872436786972,0.324282022945327,0.104186929945957,1.16721717925996e-15,0.0465532362428367,0.0303723970542086,0.0400483245532793,0.0550789748798309,0.0571308503442758,0.0490791496747122,0.00656041902534788,0.00226338365232568,0.00168458058770086,0.00188401135211093,0.00147727283456307,0.00123146380418337,0.418208583386907,0.00541602076928591
-8.33333333333333,17.6666666666667,1.1,0.277777777777778,0.00497249884719225,0.0475043697573648,0.138236077074438,0.27630506249802,0.461711326028111,0.771249739430249,0.00497249884719225,0.0475043697573648,0.138236077074438,0.27630506249802,0.461711326028111,0.771249739430249,0.00497249884719225,0.0475043697573648,0.138236077074438,0.27630506249802,0.461711326028111,0.771249739430249,1,2,150.000015727529,173.30840537444,-14.7418232642433,618.337829392772,311.531908164775,5078.12738256432,-25.4131357122175,1.8620902614311,-0.550584714541089,-0.0525864923445474,1.93543062181023,-0.156874076909697,2.08536899776065,-0.43287383588168,-101.079483387147,0.230795297862723,3.68211530048953,1173.59650036455,11.8379085511928,1.59916217060723,1.03975533798563,0.684134558900114,0.58400731173836,0.383797312779919,0.257896396208728,0.0470041999828143,0.0123644421842517,0.00791470474950526,0.0111986984689095,0.0111925015102594,0.00763372627851266,4999.99812519529,43.0933652744505,17.3232166618681,35.7577084808389,121.471958747796,118.628799078771,2518.79987764666,1099.70085303587,19.3063301279044,0.517029596714839,0.434992931606469,0.0282999378937144,0.575427831711363,0.354147241293808,1.64682919144032,0.341489602163245,1.38496610358642,0.564344270728587,1.18907828928905,0.570529944825477,0.00580771494747746,0.221560870233866,0.0934662248761374,0.0663494805252813,0.0770603581932127,0.077998603653814,0.0724102389854363,0.0578310663682663,0.00916073054035837,0.00336308433517606,0.00314670495075251,0.00374089088935583,0.00256486491259489,2.16058359818389,0.00811998551993438
-8.33333333333333,17.6666666666667,1.27777777777778,0.277777777777778,0.00497249884719225,0.0475043697573648,0.138236077074438,0.27630506249802,0.461711326028111,0.771249739430249,0.00497249884719225,0.0475043697573648,0.138236077074438,0.27630506249802,0.461711326028111,0.771249739430249,0.00497249884719225,0.0475043697573648,0.138236077074438,0.27630506249802,0.461711326028111,0.771249739430249,1,2,150.000015727529,173.264305801479,-13.0787897958546,618.945224455786,244.25050662431,4938.4336006666,-36.0494376627434,1.69669820851995,-0.525927359081346,-0.0450979534423498,1.77131225913967,-0.133566455817102,1.36058508612644,-0.484868919421935,-101.089934381835,0.189211765068222,3.261401020727,1173.66107697115,12.9098406415997,1.52931642537236,0.942265847307571,0.588525851473805,0.490944099572961,0.303907530465577,0.19366745443183,0.0306686639225081,0.0120077924032913,0.00865425820227059,0.00938658056452452,0.00796495417144048,0.00867091667534632,4999.99291740444,43.0932934069368,17.3232166618681,38.7441686977942,120.531889245724,118.645172970159,2502.23952376724,1198.08973143711,18.7585134612509,0.560282562632945,0.451962605323876,0.0275490282499413,0.626453968773769,0.35460132519075,1.75485406583397,0.382935270360254,1.45462181005138,0.565339128892509,1.30145172534566,0.659161751781993,0.00634803268120441,0.22170520608732,0.0938548304959869,0.0656821642803307,0.0770740289620424,0.0776769766039322,0.0733021433031252,0.0462494313133338,0.00822211532329612,0.00298301689337106,0.00316909650071221,0.00165163368176265,0.00227930380432958,2.42709356328682,0.0088380243400506
-1.66666666666667,25,1.24222222222222,0,0.000194800259716198,0.0057521186519836,0.0285535161495115,0.0806883357932773,0.174294341200334,0.376287715531799,0.000194800259716198,0.0057521186519836,0.0285535161495115,0.0806883357932773,0.174294341200334,0.376287715531799,0.000194800259716198,0.0057521186519836,0.0285535161495115,0.0806883357932773,0.174294341200334,0.376287715531799,0.555555555555556,3,150.000015727529,151.286324341214,-7.89547920278097,621.117425268201,12.4842509113634,3372.8873034059,-46.400907197167,0.469935715029684,-0.198032593557963,-0.00399730090615561,0.509957900218727,0.00021180755962921,-3.67672302468493,-1.34178205145297,-101.014267263827,-0.0457107044193314,0.242922428203312,1173.66607645037,22.8746370169773,1.60038048119987,0.983687407561711,0.481719414644308,0.289014779710447,0.068224706445162,-0.0240379081393605,0.0533725406172274,0.00985396906572234,0.00628923185084887,0.00601971825851473,0.00954815081762317,0.00886097500260389,4999.95219247995,43.0937308613693,17.3232166618681,34.0250982339783,110.882317094324,117.224118116552,2284.88883477724,497.687969940157,15.1954956332951,0.0854356339855456,0.325914658517906,0.00169007609930004,0.139570361706944,0.306658314758039,3.03296451010236,0.606709913141463,1.10342863716355,0.484313493709288,0.225182142757598,1.53315582418686,0.00751498505879943,0.208219605400508,0.169038939167742,0.105003730212069,0.0753371580330433,0.0477013594940728,0.0446949429697406,0.06114064446101,0.0120021794366962,0.00332942758746874,0.000956947960907123,0.00190452945696831,0.00322669952935014,6.04161830165952,0.0182258988855155
-1.66666666666667,25,1.42,0,0.000194800259716198,0.0057521186519836,0.0285535161495115,0.0806883357932773,0.174294341200334,0.376287715531799,0.000194800259716198,0.0057521186519836,0.0285535161495115,0.0806883357932773,0.174294341200334,0.376287715531799,0.000194800259716198,0.0057521186519836,0.0285535161495115,0.0806883357932773,0.174294341200334,0.376287715531799,0.555555555555556,3,150.000015727529,155.310491615457,-8.9848761379023,621.243266326424,21.5292772627851,3274.77127382564,-56.8165035933757,0.285584751588376,-0.105850921301948,-0.00255509551088429,0.304160764503698,0.0158070544432872,-4.58383692146651,-1.45636322258098,-100.961398812623,-0.0777184850265597,-0.317234994163004,1173.73013227789,23.3123695448389,1.57631069680242,0.939332486199353,0.440597291948755,0.247879064680762,0.0442213278459535,-0.0653452438860537,0.0451997599350588,0.0096946345645037,0.00620152463285074,0.0060172496614936,0.00875237350276012,0.0114032947609624,4999.93688157484,43.093384022498,17.3232166618681,31.4860609868339,109.749107124317,117.466388768575,2261.93311219301,404.927081619503,15.9507012794178,0.109804674890819,0.294880252559444,0.000875944765513721,0.095153982066563,0.29992764880326,2.54657116094499,0.582236165892391,1.00775482271372,0.472843303550082,0.212581029872083,1.67125740873474,0.00766752387583872,0.212787075743041,0.169240976838979,0.10414172094114,0.0740993394819869,0.0335013832890842,0.0429165820108316,0.0544964280026134,0.0113527208863716,0.00290348542546325,0.000742132241455981,0.0021046902659254,0.00383407521044605,6.46272767357134,0.0205678579874717
-1.66666666666667,12.7777777777778,1.42,0,0.000194800259716198,0.0057521186519836,0.0285535161495115,0.0806883357932773,0.174294341200334,0.376287715531799,0.000194800259716198,0.0057521186519836,0.0285535161495115,0.0806883357932773,0.174294341200334,0.376287715531799,0.000194800259716198,0.0057521186519836,0.0285535161495115,0.0806883357932773,0.174294341200334,0.376287715531799,0.555555555555556,3,150.000015727529,226.974325591084,-22.1931054046454,608.004905738985,598.135048807416,7603.75148422039,-18.9724412161233,3.69863930840537,-0.70678672013332,-0.190527143005937,3.75086303510051,-0.332460285335486,9.59817425268201,-0.229408046596188,-100.559280283304,0.540659926191022,8.00827622122696,1173.6425372357,5.75327767940841,1.29322549734403,0.883645234871368,0.65908806374336,0.676149588584523,0.61101978960525,0.537229757316947,0.0124455448085616,0.00894848426840954,0.00602227688761587,0.00610703133006979,0.00896428049161545,0.0132168701176961,4999.99333402771,43.0936235808764,17.3232166618681,13.430347170906,122.863952743778,116.78824579614,2523.97810548108,259.450837716526,34.1684078883911,0.092775773555681,0.343596643406313,0.0132568941440728,0.121677829778048,0.334453827109953,1.46062930200034,0.263497679835075,1.11132305378346,0.532113895008331,0.174200441739449,0.479277645800842,0.00559519610448342,0.114089972170291,0.0610405036673868,0.038202062351758,0.0321207424884265,0.0294965205927874,0.0268645924195432,0.0191670021386209,0.00530166218657727,0.0022591868642666,0.00171747743728557,0.00133673583877684,0.0010509849966736,1.54931346952491,0.00575575455965427
-1.66666666666667,12.7777777777778,1.42,0,0,0,0,0,0,0,0,0,0,0,0,0,0,0,0,0,0,0,0,3,150.000015727529,219.798489740652,-18.9933911661285,608.292677846057,510.677704358921,7426.20289553172,-19.9850311404021,3.70514092282054,-0.751575960837412,-0.193765441099885,3.76685220289552,-0.322187957702322,9.81102833038226,-0.203385279977086,-100.534520362462,0.529926710728049,8.14789230288511,1173.65597333611,6.57799927090926,1.22739579210499,0.813614685970211,0.591348067909592,0.602430611394646,0.585920758254348,0.566106936777419,0.0124210830409759,0.00848451132090407,0.00602071887303406,0.00601153775648371,0.00602821601916468,0.00597927080512446,4999.99354233934,43.0935246328502,17.3232166618681,14.4692608372789,122.671760763987,116.727174095932,2520.61351018335,272.595308401389,34.0605497619883,0.0903923210299968,0.342831801898382,0.0130032735195673,0.120255681291601,0.333533029054466,1.54716425767886,0.258824179129919,1.11697586591118,0.530224209843895,0.178081684394521,0.475074547787644,0.00516660949124646,0.110625516943237,0.0601025741001705,0.0371255145119506,0.0310786467981352,0.0312776710371524,0.0319732199107228,0.0176984932208057,0.00479886859872215,0.0019662648531644,0.00147247211577175,0.00119458441003801,0.000931181796714232,1.63463807235987,0.00580343311047771
15,12.7777777777778,1.42,0,0,0,0,0,0,0,0,0,0,0,0,0,0,0,0,0,0,0,0,3,150.000015727529,228.476512863243,-21.2877852963233,605.862660139569,597.100900177065,7827.30475992084,-15.840227156442,4.00661608165816,-0.752413227788772,-0.22630194771378,4.06095990001041,-0.35742585523383,11.0366421206124,-0.22832501313634,-100.37579210499,0.591367220612436,8.85458181439434,1173.6650348922,5.60590313509006,1.24353863139256,0.837297698156442,0.621073992292469,0.638618331423809,0.632868961566504,0.617753723570461,0.0152722223159046,0.00867005737693991,0.00600385553588168,0.0059826808665764,0.00595943849599,0.00584687792938235,4999.9884387043,43.0936725341102,17.3232166618681,8.86590316448044,123.106408146333,117.386081134567,2500.9047979433,125.384514541134,35.8086346676387,0.14376637402288,0.300131405432838,0.0130507070912275,0.115286964228355,0.312173143829728,1.70043888502371,0.231526302525349,0.965411710588717,0.492243791621558,0.414238109111272,0.472002848388197,0.00505455565589301,0.283474163909756,0.152314262600638,0.0881044577924619,0.0668289306532525,0.0617622179803205,0.0623571379980725,0.0391653759227689,0.00893021657740482,0.00303699513888434,0.00190040798525867,0.0013758931256919,0.00103191711134206,1.48792769398193,0.00542281491367923
15,12.7777777777778,1.42,0.277777777777778,0,0,0,0,0,0,0,0,0,0,0,0,0,0,0,0,0,0,0,3,150.000015727529,228.286272263306,-22.4494190386418,605.711207165921,631.770796292053,7804.00416623268,-17.8224316862827,3.98034069367774,-0.736270461410269,-0.228455733777731,4.03178523070514,-0.360501947776273,10.9131333194459,-0.238771830370795,-100.378259556297,0.595298925996563,8.77459514633892,1173.6742006041,5.37045328611603,1.26447567961671,0.864715946255598,0.639912686178524,0.650527986668056,0.638163253827727,0.614787428392876,0.0194251905093219,0.00929825853582023,0.00614300208603271,0.00603217849182377,0.00609813436100406,0.00594203572544526,4999.99739610457,43.0938985522333,17.3232166618681,29.8055890149753,126.046117403196,121.808892872071,2612.52093270484,1096.84959418979,34.4203830027389,0.618387042416177,0.392038727485199,0.0696439147159615,0.637805423825333,0.35958018200624,1.84233212366575,0.218803750026493,1.03576714811946,0.573159184031743,1.3944346895686,0.468697162537257,0.00496031436779962,0.36328954412126,0.238763235119331,0.170286890115752,0.143785440953549,0.132821286147006,0.113785293770314,0.0545380978765046,0.0146506338860417,0.00593897740015781,0.00362420241016829,0.00226338171255688,0.00123509476697582,1.17610475115481,0.00515567234012681
5,15.2222222222222,1.1,0.222222222222222,0.000272720363602678,0.00805296611277703,0.0399749226093161,0.112963670110588,0.244012077680468,0.526802801744519,0.000272720363602678,0.00805296611277703,0.0399749226093161,0.112963670110588,0.244012077680468,0.526802801744519,0.000272720363602678,0.00805296611277703,0.0399749226093161,0.112963670110588,0.244012077680468,0.526802801744519,0.777777777777778,3,150.000015727529,192.905280699927,-19.5397639321946,614.629132382044,493.719857983543,6115.37569003229,-15.7854504919279,2.66744443287158,-0.627254407874179,-0.10203249453182,2.7293636079575,-0.243516296347255,5.41053783980835,-0.278889897995,-100.935869180294,0.382975310603062,5.58913425684825,1173.62524737007,8.13429319862509,1.53611342568482,1.05155461931049,0.743533840224977,0.709083897510676,0.575147036767003,0.448843766274347,0.0318965823862098,0.0102317729767628,0.00609590565877513,0.00732747088844913,0.0102019121966462,0.0132489167795022,4999.98760545776,43.0936860743667,17.3232166618681,29.1282912344048,124.389829388279,119.155310695079,2580.67885266601,924.405584229562,24.1816469364286,0.456627198256975,0.402352539281948,0.03544818899311,0.493096330138761,0.356715685193991,1.53600529416686,0.310947225460001,1.22509279290091,0.568090618333555,1.01746633707331,0.484084190927401,0.00422469976583913,0.239507043972491,0.171953308893248,0.13191160145123,0.115499441255212,0.0975331066432253,0.0760898407513361,0.0446192665314971,0.0123875919800155,0.00511119830696883,0.00330804998674498,0.00198043083935725,0.00464778643285914,1.46932258518008,0.0057195737397887
5,15.2222222222222,1.1,0.222222222222222,7.79201038864794e-05,0.00230084746079344,0.0114214064598046,0.0322753343173109,0.0697177364801338,0.15051508621272,7.79201038864794e-05,0.00230084746079344,0.0114214064598046,0.0322753343173109,0.0697177364801338,0.15051508621272,7.79201038864794e-05,0.00230084746079344,0.0114214064598046,0.0322753343173109,0.0697177364801338,0.15051508621272,0.222222222222222,3,150.000015727529,188.198500156234,-17.0548887599729,614.65743151755,430.964327799187,6016.52890323925,-16.9361906762837,2.69750411415478,-0.663221869596917,-0.106650781168628,2.76754348505364,-0.238983446099365,5.68207821060306,-0.274748698409051,-100.914287053432,0.380398743943339,5.75578241849808,1173.5816060827,8.87778043953755,1.48762597646078,0.98669220914488,0.677058483491304,0.638146026455577,0.55750115612957,0.484379127174252,0.0238898755650453,0.00955008477200292,0.00608890867617956,0.00605195469221957,0.00672122643474638,0.00790799802103949,4999.98437662743,43.0935506718046,17.3232166618681,31.6838660940691,124.241983011988,119.384227790053,2580.4761405372,1011.79601504728,24.2315325409735,0.512881983266242,0.416987814105263,0.040578023846994,0.554476377999906,0.359835058083271,1.61378101789974,0.287640026420163,1.26165034713469,0.573621532788202,1.1677544987814,0.493321188709414,0.00461989770973915,0.239961957028581,0.172939758730354,0.12881383783533,0.112110909441141,0.103745071658633,0.090234693818101,0.0389909041320297,0.0112462101622105,0.00450049593590583,0.00266885643147044,0.00157799951751058,0.001077537102946,1.62902247318355,0.00618851084476008
5,3,1.1,0.222222222222222,7.79201038864794e-05,0.00230084746079344,0.0114214064598046,0.0322753343173109,0.0697177364801338,0.15051508621272,7.79201038864794e-05,0.00230084746079344,0.0114214064598046,0.0322753343173109,0.0697177364801338,0.15051508621272,7.79201038864794e-05,0.00230084746079344,0.0114214064598046,0.0322753343173109,0.0697177364801338,0.15051508621272,0.222222222222222,3,150.000015727529,44.8761431100927,-1.5646251046766,204.33853661077,34.1912027913759,1501.0913446516,-14.8807424226643,0.851878554317259,-0.0614707084272471,-0.0114014170398917,0.851878554317259,-0.0614707084272471,-0.320973100959275,-0.0286447045008853,-33.2303072596605,0.106860133173628,1.9402472659098,672.943453806883,6.77289600562441e-18,0.213268003332986,0.175682106030622,0.189790334340173,0.269306863868347,0.335187907509634,0.420602062285179,0.0120143255910843,0.00802339943755859,0.00600094646391001,0.00600116623268409,0.00670758556400375,0.00765879606291012,18.8359035517133,0.283148942818456,17.3232166618681,3.69956235699134,121.964883809755,120.191579830104,2515.4987244778,47.2356756183164,7.1581426613334,0.048132756187027,0.329366661307328,0.0017521749423387,0.048132756187027,0.329366661307328,0.214489695640201,0.048352770910408,0.349468017370689,0.525206788045285,0.0933897929997405,0.0497609616937233,9.17861748431405e-16,0.0351814455872219,0.031081521717453,0.0240070658935091,0.0241799090105278,0.027694480771713,0.0549359871607844,0.000840226994267663,0.000318713855329275,0.000194073714647094,0.000223084757036759,0.000242272360930311,0.00118348014696378,0.174168855654771,0.00260730767446692
5,3,1.1,0.5,7.79201038864794e-05,0.00230084746079344,0.0114214064598046,0.0322753343173109,0.0697177364801338,0.15051508621272,7.79201038864794e-05,0.00230084746079344,0.0114214064598046,0.0322753343173109,0.0697177364801338,0.15051508621272,7.79201038864794e-05,0.00230084746079344,0.0114214064598046,0.0322753343173109,0.0697177364801338,0.15051508621272,0.222222222222222,3,150.000015727529,44.6259847932507,-1.50085444787001,204.491105093219,33.2166850119779,1488.19935423393,-15.1281313404854,0.839735975419226,-0.0605685799864597,-0.0113200654098531,0.839735975419226,-0.0605685799864597,-0.339561339964587,-0.0279143780627018,-33.2523945422352,0.105069602616394,1.90848484532861,673.17140922819,-1.40610977918967e-18,0.214134152692428,0.175105759816686,0.190445464014165,0.269841151963337,0.335712102905947,0.415965357775232,0.0120293958962608,0.0080453739193834,0.00600359150088532,0.00600179397979376,0.00670516310800959,0.00784786410790543,20.3107072179981,0.305213925632747,17.3232166618681,0.987948079448206,122.092692126651,120.258628351555,2519.50016040779,109.806360071186,6.96022607542148,0.12867024557877,0.331519593389906,0.00335270981435357,0.12867024557877,0.331519593389906,0.310253129733438,0.0532950155779904,0.354261504381828,0.528986219006595,0.297800507199065,0.0451869186712141,9.148222242865e-16,0.0567332849753749,0.0600075652516015,0.0533617341876783,0.0572342218167113,0.06705295310552,0.0948400716546435,0.00131243769281466,0.000608066476425945,0.000417520269700875,0.00047684284671988,0.000534409667157453,0.0011307245909423,0.0740861674489243,0.00110452705484547
5,3,1.27777777777778,0.5,7.79201038864794e-05,0.00230084746079344,0.0114214064598046,0.0322753343173109,0.0697177364801338,0.15051508621272,7.79201038864794e-05,0.00230084746079344,0.0114214064598046,0.0322753343173109,0.0697177364801338,0.15051508621272,7.79201038864794e-05,0.00230084746079344,0.0114214064598046,0.0322753343173109,0.0697177364801338,0.15051508621272,0.222222222222222,3,150.000015727529,47.9872013331945,-1.39032973961046,204.623430892615,31.2813106968024,1635.47599208416,-17.342873034059,0.941745141131134,-0.0671093167295073,-0.0140164377668993,0.941745141131134,-0.0671093167295073,-0.197290636381939,-0.0314701413467347,-33.2991969586501,0.117207249730236,2.15288688678263,673.605020310404,-8.74615348401205e-18,0.213528851161337,0.174603675658786,0.190049557337777,0.269431736277471,0.33524464118321,0.41537533590251,0.0120306738881366,0.00804634548484533,0.00600416112904906,0.00600244672429955,0.00670178241849808,0.00784150747317987,23.2385334860952,0.348976689928134,17.3232166618681,0.881370470478536,122.180617349944,120.236543811817,2521.48986027223,142.272367425776,7.78247144691884,0.150116706041997,0.332029493133731,0.00426830281458404,0.150116706041997,0.332029493133731,0.319246346177938,0.0535577290051123,0.354540681221139,0.529869323463637,0.351209160015891,0.0218375179819551,9.356295860943e-16,0.0566025339614501,0.0598512219594572,0.0531472575929161,0.0568740738568882,0.0664982235091573,0.0941110536478169,0.00130725269091741,0.000605515014525064,0.000415567332557423,0.000473886141937891,0.00053148850572318,0.00112694356452513,0.0850918324298692,0.00127222587117341
-11.6666666666667,3,1.27777777777778,0.5,7.79201038864794e-05,0.00230084746079344,0.0114214064598046,0.0322753343173109,0.0697177364801338,0.15051508621272,7.79201038864794e-05,0.00230084746079344,0.0114214064598046,0.0322753343173109,0.0697177364801338,0.15051508621272,7.79201038864794e-05,0.00230084746079344,0.0114214064598046,0.0322753343173109,0.0697177364801338,0.15051508621272,0.222222222222222,3,150.000015727529,47.3927601291532,-1.60175829392772,204.091614415165,34.8392146026457,1613.05499427143,-18.5167441933132,0.92918557441933,-0.0666711707103426,-0.0140561868555359,0.92918557441933,-0.0666711707103426,-0.215405830858244,-0.0306426236474326,-33.2159931257162,0.116397841901885,2.12455296323299,672.786574315197,8.02524803874598e-18,0.19574883866264,0.161163028851161,0.179656067076346,0.259915456723258,0.325476825330695,0.402858702218519,0.0120076419123008,0.00803491157171128,0.00599878283512135,0.00599545630663473,0.00671943672534112,0.00781623060097907,17.826936777419,0.268043276742006,17.3232166618681,3.79863917597168,122.286812439946,120.326305374861,2530.82163637891,200.02478465259,6.75986106278064,0.212961550449854,0.342002596744683,0.00599089812620972,0.212961550449854,0.342002596744683,0.294718643849702,0.0527119237823458,0.364810475273677,0.54784107563424,0.453015393791769,0.0340945823318843,9.45013096934018e-16,0.0220941268344834,0.0380552619827416,0.0397454681235966,0.0518459228409669,0.066207037007686,0.105398523499022,0.00056923636831271,0.000333913791257748,0.000275308601506872,0.000406335359740038,0.00049985982324742,0.00117380741807773,0.0664566044371981,0.000994891562019053
1.66666666666667,12.7777777777778,1.31333333333333,0.277777777777778,0.000311680415545917,0.00920338984317375,0.0456856258392184,0.129101337269244,0.278870945920535,0.602060344850878,0.000311680415545917,0.00920338984317375,0.0456856258392184,0.129101337269244,0.278870945920535,0.602060344850878,0.000311680415545917,0.00920338984317375,0.0456856258392184,0.129101337269244,0.278870945920535,0.602060344850878,0.888888888888889,3,150.000015727529,235.773002812207,-28.7816302576815,606.508290803042,814.715711592542,7895.92636183731,-13.5146033401729,3.81423726695136,-0.639362830955108,-0.204140641599833,3.8493373606916,-0.373911716864805,9.90015873346527,-0.303499534565149,-100.512449744818,0.60412771959171,8.15750400999896,1173.64826580565,3.9676303510051,1.42823091344652,1.02603497552338,0.791351202999689,0.810891073846476,0.699901041558171,0.565783407978336,0.0152760729882304,0.0100361444322466,0.00606413000052078,0.00842515071346734,0.0112861057181544,0.0182152723674617,4999.9927090928,43.0937569003221,17.3232166618681,26.0469425635575,126.169799341358,120.676256001359,2635.4290188016,970.724655591219,32.7784632298552,0.54085552094054,0.394325956492671,0.0580161195466827,0.558428053062113,0.369016090219959,1.64259882427493,0.216085237296649,1.10148529372474,0.589656746951975,1.17996990993131,0.477536388847322,0.00643094015059484,0.162637390978395,0.123959945914673,0.104686643592818,0.100636542353033,0.0853396106310841,0.0666260129120086,0.0256394955379035,0.00888653646941051,0.00445269339859646,0.00333064852714087,0.00207210843194036,0.00126506866219944,1.21284314888683,0.00533647633971414
1.66666666666667,12.7777777777778,1.31333333333333,0,0.000311680415545917,0.00920338984317375,0.0456856258392184,0.129101337269244,0.278870945920535,0.602060344850878,0.000311680415545917,0.00920338984317375,0.0456856258392184,0.129101337269244,0.278870945920535,0.602060344850878,0.000311680415545917,0.00920338984317375,0.0456856258392184,0.129101337269244,0.278870945920535,0.602060344850878,0.888888888888889,3,150.000015727529,233.681158212686,-27.573717060827,607.088136652432,777.362295437975,7826.18498073117,-12.5243596458702,3.78137131548797,-0.649666670138527,-0.196750786376419,3.81924747422143,-0.366247638105406,9.78782928861577,-0.293358161462347,-100.538191855015,0.592092832392459,8.09937829392771,1173.64389126133,4.27102301843561,1.414087699198,1.00707803353817,0.776608092906988,0.800242766378503,0.695486855535882,0.566209530257264,0.0140753605723362,0.00962956235965005,0.00601455353879804,0.00771686480574939,0.0112112684095407,0.0181136496198313,4999.98739714613,43.0937662743457,17.3232166618681,10.9861250633881,123.244192143944,116.853496042572,2526.5734234914,204.945379785033,34.3020307683204,0.0750390892998203,0.337018434355236,0.0108570313073433,0.0947555275439393,0.332001229592399,1.41483831994463,0.277494591216391,1.08737388208371,0.528196482857249,0.128903394074002,0.478872832640708,0.00640564458867578,0.122948250528625,0.0630823124124291,0.0383959523436135,0.0321342700959016,0.0277587206289315,0.0235297226883305,0.0203442456197895,0.00589649965948726,0.00263911864228641,0.00206228567317001,0.00152245437723477,0.00109170102922959,1.47864926589415,0.00551146078293259
1.66666666666667,12.7777777777778,1.13555555555556,0,0.000311680415545917,0.00920338984317375,0.0456856258392184,0.129101337269244,0.278870945920535,0.602060344850878,0.000311680415545917,0.00920338984317375,0.0456856258392184,0.129101337269244,0.278870945920535,0.602060344850878,0.000311680415545917,0.00920338984317375,0.0456856258392184,0.129101337269244,0.278870945920535,0.602060344850878,0.888888888888889,3,150.000015727529,254.322476825331,-39.857665603583,600.743266326424,1212.76172973649,8674.64284970316,3.79140291427976,4.33332757004478,-0.547411580043745,-0.257151650869701,4.34238152275804,-0.475720990578065,11.8171889386522,-0.534095818557651,-100.061726903448,0.772139722195604,9.2746813873555,1172.55400479117,1.02681916827414,1.61847640870743,1.25318642849703,1.03547708572024,1.05500642641392,0.920521591500884,0.750942891365482,0.0350044099469118,0.0120031463302781,0.00646365992844495,0.0146560777002396,0.0179574201645662,0.0306718529319863,4995.4530778044,43.0976658681387,17.3232166618681,16.6719622092411,123.720665209128,116.905004565302,2543.6246577913,571.090582089401,39.8754793313111,0.326576160526436,0.337295407284662,0.037625197973363,0.318472486953043,0.337286967418607,1.80158711526304,0.423312468255903,1.85961602689744,0.538063457080782,0.685532025780882,8.38574092654072,1.13113374109367,0.150261995814315,0.104156241882504,0.106413375911103,0.0940672883905731,0.0779999234068012,0.0627462416515056,0.037566013351143,0.00869560881911871,0.00451021954146406,0.00482137090605501,0.00510220493274574,0.00788725515161657,19.4314530024532,0.276082300551127
1.66666666666667,25,1.13555555555556,0,0.000311680415545917,0.00920338984317375,0.0456856258392184,0.129101337269244,0.278870945920535,0.602060344850878,0.000311680415545917,0.00920338984317375,0.0456856258392184,0.129101337269244,0.278870945920535,0.602060344850878,0.000311680415545917,0.00920338984317375,0.0456856258392184,0.129101337269244,0.278870945920535,0.602060344850878,0.888888888888889,3,150.000015727529,145.933304864077,-7.7751256963858,621.094615144256,52.2724353400688,3321.28757421102,-41.9597333611082,0.528329507342985,-0.240190066740964,-0.00504209488594938,0.58008605353609,-0.018003887798146,-3.31863584689095,-1.31965297427351,-101.029532340381,-0.012326436428497,0.465574806186856,1173.69482345589,22.6702145609831,1.59742943443391,1.00419946880533,0.501332861160296,0.308771419643787,0.0699000094136026,-0.00711551608967815,0.0531865241361316,0.0101497507015727,0.0065232654931778,0.00601437339860431,0.0104603622539318,0.00650227642953859,4999.95427559629,43.0934965107807,17.3232166618681,38.6271399076002,112.461774685082,117.027113797225,2325.71973105287,656.884235504977,13.3258010379825,0.0761409328363157,0.366783803303552,0.00269659698575814,0.199035382899877,0.317351350726056,2.55894616113438,0.539639745573185,1.23071114266849,0.501487585056637,0.274109735940516,1.29686451705635,0.00741590354951284,0.195248858949352,0.167297349285166,0.100672524347874,0.0682714368787915,0.0440902215766939,0.0343914717434506,0.0556460572996436,0.011148694903232,0.00293309583873312,0.000824813303393435,0.000449746430651116,0.000200957075214461,4.99229538667219,0.0170315948225368
1.66666666666667,25,1.13555555555556,0,0.000116880155829719,0.00345127119119016,0.0171321096897069,0.0484130014759664,0.104576604720201,0.225772629319079,0.000116880155829719,0.00345127119119016,0.0171321096897069,0.0484130014759664,0.104576604720201,0.225772629319079,0.000116880155829719,0.00345127119119016,0.0171321096897069,0.0484130014759664,0.104576604720201,0.225772629319079,0.333333333333333,3,150.000015727529,149.923065305697,-7.22542381626913,620.954733881887,-1.61499303926669,3470.61733152797,-40.1950171857098,0.598714988022082,-0.256246839161546,-0.00599099562545568,0.651203207999167,-0.00749071910217686,-3.0696942828872,-1.2545680554109,-101.042371627955,-0.02930608979273,0.613866113092387,1173.69378189772,22.5113519425058,1.60365566086866,1.02055647328403,0.514741703989168,0.321540599937506,0.091670633267368,0.0046283445345589,0.0566095489697949,0.00978788017571086,0.00619791032184147,0.0060147387772107,0.00899245141131132,0.00746163222580981,4999.95958754296,43.0935579627127,17.3232166618681,38.4182985577403,112.468472076145,117.036807443635,2321.94889776194,654.128160868536,13.6026275641194,0.0792009154074463,0.367838860266954,0.00302426256131516,0.203356303653319,0.316580604192504,3.04583255707588,0.565227963187936,1.23692503048688,0.500673813965608,0.291678136981368,1.36212604880866,0.0069135418614501,0.192937893076706,0.168304914843376,0.10081407226596,0.0683241128084126,0.049268944332305,0.0319585138920103,0.0579147193136955,0.011323015288804,0.00299887455719133,0.000894314116775465,0.000575729586009441,0.00162371695605296,5.53432772158111,0.0165468400613432
-15,25,1.13555555555556,0,0.000116880155829719,0.00345127119119016,0.0171321096897069,0.0484130014759664,0.104576604720201,0.225772629319079,0.000116880155829719,0.00345127119119016,0.0171321096897069,0.0484130014759664,0.104576604720201,0.225772629319079,0.000116880155829719,0.00345127119119016,0.0171321096897069,0.0484130014759664,0.104576604720201,0.225772629319079,0.333333333333333,3,150.000015727529,147.905002603895,-7.41402921872722,620.361493594418,34.5130198385584,3536.2466409749,-40.3801961990522,0.692618626184773,-0.297499643190293,-0.00998279888553276,0.753439056348297,-0.0235807433786064,-2.67808418581398,-1.16824462899698,-101.063527757525,-0.00152176459743778,0.864135739814603,1173.6966982606,21.4530215602536,1.47555773356942,1.03235422351838,0.555583470471825,0.361737770023956,0.156933363638579,0.0217624479002188,0.159540142314759,0.0178028667464222,0.00646529443328821,0.00617103710030205,0.00749512446620144,0.00908682960108322,4999.96010832205,43.0934173523599,17.3232166618681,39.0631591536719,110.413015267896,117.286404340588,2253.77203014614,1057.99607670755,29.9650817631861,0.453647875387441,0.327897246317351,0.00807616815659956,0.476305323424115,0.294018106494646,3.52805625960354,0.611331627171209,1.07289196483794,0.464939358839828,1.0051919448987,1.31429580855354,0.00678881231196021,0.458944651844983,0.427627598904608,0.285897734642339,0.201485569801939,0.135262827216632,0.08255900565315,0.198948420932911,0.0393742821637598,0.0102228223953412,0.00357062016242984,0.00184542511476192,0.00145823814810414,4.95149095272643,0.01561575282733
8.33333333333333,17.6666666666667,1.42,0.222222222222222,0.000311680415545917,0.00920338984317375,0.0456856258392184,0.129101337269244,0.278870945920535,0.602060344850878,0.000311680415545917,0.00920338984317375,0.0456856258392184,0.129101337269244,0.278870945920535,0.602060344850878,0.000311680415545917,0.00920338984317375,0.0456856258392184,0.129101337269244,0.278870945920535,0.602060344850878,0.888888888888889,3,150.000015727529,171.125909801062,-11.9386743071555,619.248588688678,200.533207737736,4782.15113009062,-45.0124620352047,1.5645890636392,-0.504840879873972,-0.0422277273200707,1.6398697010728,-0.116742289353713,0.805740077164879,-0.537270706579523,-101.088893865222,0.159504781546089,2.93601395975419,1173.69253202791,13.8110363503804,1.445829955213,0.884686886782628,0.520530903030935,0.43646887824185,0.272725526507655,0.166710004166233,0.0402981584468284,0.0101530717892303,0.00631633633885012,0.00693194229767733,0.00898636329549007,0.00952736975315071,4999.99156337882,43.0934058952191,17.3232166618681,52.4671436818617,122.595581443064,118.852697059294,2552.58583871967,1618.70986558066,22.4047808412448,0.710220404831287,0.507205289648151,0.0316556848060208,0.79173763889388,0.367175691571799,2.61984854837954,0.498776484267586,1.64760105446427,0.584276880242645,1.62273464272231,0.771251319988178,0.0057986017865419,0.343102129520874,0.2550603507422,0.183066240738232,0.153837999857269,0.127187664320927,0.0949892712843139,0.0605077226125483,0.0148521963677489,0.00499037648806351,0.00273595909215795,0.00168337612227461,0.00165925965127574,2.77635696240155,0.00893044433811141
-8.33333333333333,17.6666666666667,1.42,0.222222222222222,0.000311680415545917,0.00920338984317375,0.0456856258392184,0.129101337269244,0.278870945920535,0.602060344850878,0.000311680415545917,0.00920338984317375,0.0456856258392184,0.129101337269244,0.278870945920535,0.602060344850878,0.000311680415545917,0.00920338984317375,0.0456856258392184,0.129101337269244,0.278870945920535,0.602060344850878,0.888888888888889,3,150.000015727529,173.907405478596,-11.5176860591605,619.333631913343,183.52060681179,4886.27715862931,-43.4318456410791,1.61750670763462,-0.516099376686804,-0.0404777159670868,1.69376419123008,-0.1175840889574,1.00028151879565,-0.516936470557859,-101.096392042495,0.161034392761171,3.05268058535569,1173.68367878346,13.7251484220394,1.46865899385481,0.875313550671805,0.513978523070514,0.433432246640975,0.274409696906572,0.168345096344131,0.0239104530813457,0.00962522591969587,0.00633418310592648,0.00659730767628373,0.0080035608790751,0.00994591927924176,4999.99729194876,43.0937048224145,17.3232166618681,36.2301983897619,119.308160222622,118.449888951974,2471.79727979953,1074.2760144182,19.0892269980982,0.501110076329296,0.442504048695909,0.0236577933164353,0.570480318504443,0.348516407550877,1.76763687046918,0.412351960667479,1.43574437068489,0.555837085229395,1.18919478434294,0.728749818851323,0.00513985143464253,0.233691844714421,0.103215886670376,0.0516426137138067,0.0533382716689354,0.0601693195345591,0.0613472504380255,0.0436214277056839,0.0078505319552437,0.00217038013922916,0.00135499830992838,0.000894151875887273,0.000975434428773993,2.83853559645838,0.00992429398581578
-8.33333333333333,5.44444444444444,1.42,0.222222222222222,0.000311680415545917,0.00920338984317375,0.0456856258392184,0.129101337269244,0.278870945920535,0.602060344850878,0.000311680415545917,0.00920338984317375,0.0456856258392184,0.129101337269244,0.278870945920535,0.602060344850878,0.000311680415545917,0.00920338984317375,0.0456856258392184,0.129101337269244,0.278870945920535,0.602060344850878,0.888888888888889,3,150.000015727529,90.3586272263306,-4.16048263680867,249.880209353192,159.182194438079,3187.08426205604,-14.1513931018644,1.75239527132591,-0.1445670715213,-0.0442766940943652,1.75239527132591,-0.1445670715213,0.994745109365692,-0.080331777997917,-40.086857618998,0.244074257577335,3.90208999062598,739.341776898232,-1.57124693677742e-17,0.809450265597333,0.632831350900947,0.541833777731486,0.618737610665555,0.621565139048016,0.577789428184564,0.0123903608999063,0.00885470878033538,0.00601016248307468,0.00782878325174461,0.011129038121029,0.0181927997083637,489.221726903447,6.69360983230906,17.3232166618681,3.38595570437104,123.551487344983,119.263433464222,2561.84550990769,205.043012975326,14.4576401735886,0.192883026659866,0.344127848873068,0.0101173587641002,0.192883026659866,0.344127848873068,0.35759333340678,0.0643237780568875,0.428829450166035,0.55011681207056,0.400543396037405,0.121592422887898,1.10985943632856e-15,0.0482612516909083,0.0211398109405443,0.0244351527344181,0.0380632050684405,0.0457757732299059,0.0415675814399484,0.00644956173726235,0.00192872842042772,0.0010832198780587,0.00127938595720543,0.00118999951164414,0.000932519377805764,0.508042379295768,0.00628941266327469
-8.33333333333333,5.44444444444444,1.42,0.5,0.000311680415545917,0.00920338984317375,0.0456856258392184,0.129101337269244,0.278870945920535,0.602060344850878,0.000311680415545917,0.00920338984317375,0.0456856258392184,0.129101337269244,0.278870945920535,0.602060344850878,0.000311680415545917,0.00920338984317375,0.0456856258392184,0.129101337269244,0.278870945920535,0.602060344850878,0.888888888888889,3,150.000015727529,89.8873898552234,-2.58192278512655,250.052675762941,128.076704853661,3167.21268617852,-14.7863525838975,1.73807749192792,-0.139698898695969,-0.0450117946047287,1.73807749192792,-0.139698898695969,0.986670169076137,-0.0817009486279555,-40.2926091032185,0.236093753840225,3.86912634100614,741.200156233704,4.13296742006041e-18,0.79764573481929,0.622092771586293,0.532111790438496,0.608002218518905,0.606709634413082,0.563482960108322,0.0123400260905114,0.00892742787209666,0.00640203187168003,0.00743912769503177,0.0109672213311113,0.0185055608790751,503.621560254137,6.87332486199338,17.3232166618681,9.78271633731831,123.638321574487,120.260566241668,2572.71123514625,512.422788461713,13.9042497193886,0.370550008763157,0.350998746478735,0.0184651103389918,0.370550008763157,0.350998746478735,0.418995812956534,0.0608662044031369,0.438668670283115,0.561819060620428,0.81820515024684,0.0377902181586627,1.25803568849e-15,0.0500227302790117,0.073750194306487,0.0887758621504428,0.116477382292455,0.126580461819588,0.106352704377283,0.00599988223345527,0.00343271971817873,0.0026515879505702,0.00299025554132791,0.00268781545928937,0.00207159967387992,0.13090909194336,0.00157148269432288
-8.33333333333333,5.44444444444444,1.42,0.5,0.000116880155829719,0.00345127119119016,0.0171321096897069,0.0484130014759664,0.104576604720201,0.225772629319079,0.000116880155829719,0.00345127119119016,0.0171321096897069,0.0484130014759664,0.104576604720201,0.225772629319079,0.000116880155829719,0.00345127119119016,0.0171321096897069,0.0484130014759664,0.104576604720201,0.225772629319079,0.333333333333333,3,150.000015727529,94.4730142693471,-0.899033913149674,248.529836475367,103.912026216019,3407.2947609624,-13.2641648722008,1.95019695865014,-0.152276058547026,-0.0571420914488074,1.95019695865014,-0.152276058547026,1.38299304239142,-0.0945607597344028,-40.8263201749818,0.261662387102385,4.41355577544005,746.073127799209,1.68160192167483e-17,0.787874731798771,0.614396864909906,0.522731132173732,0.587627705447349,0.635948838662639,0.661397739818768,0.0122977205916051,0.00869550380168733,0.00621149203207999,0.00617430673888137,0.00757781324861993,0.0101605972294553,541.553702739296,7.34280095823358,17.3232166618681,11.0614733844125,122.318832831361,121.975276165501,2550.60550454447,577.711569995724,15.0277492062745,0.428283985145856,0.352346453880883,0.0241482071177217,0.428283985145856,0.352346453880883,0.483493828127106,0.0581671454743162,0.449477183767211,0.565156093561474,0.958569752525336,0.0443318125409639,1.19300979631808e-15,0.0495312625919378,0.0733113637988354,0.0873092790175351,0.112249102098465,0.133798700779049,0.125096338925643,0.00584003329024419,0.00327591447735258,0.00234302900833961,0.00241756361015189,0.00233147937495691,0.00163953176298036,0.12514610944895,0.00147077895972158
-8.33333333333333,5.44444444444444,1.24222222222222,0.5,0.000116880155829719,0.00345127119119016,0.0171321096897069,0.0484130014759664,0.104576604720201,0.225772629319079,0.000116880155829719,0.00345127119119016,0.0171321096897069,0.0484130014759664,0.104576604720201,0.225772629319079,0.000116880155829719,0.00345127119119016,0.0171321096897069,0.0484130014759664,0.104576604720201,0.225772629319079,0.333333333333333,3,150.000015727529,85.3281741485262,-5.16780150015623,249.472799708364,182.012089188626,3033.11925841058,-12.0918635829601,1.71789449015728,-0.14597883729299,-0.0445315415060931,1.71789449015728,-0.14597883729299,0.9770498878346,-0.0806128920740548,-39.9334090198938,0.248687108179877,3.87230850953026,737.964107905418,5.46505416623266e-18,0.804076137902301,0.626326434746382,0.531400697843975,0.595662566399333,0.643277075304655,0.667615508801168,0.0123229464680033,0.00856158879283407,0.00607158837621081,0.00604766201437351,0.00746092354963025,0.0100984281845641,478.566680554102,6.56012290386409,17.3232166618681,9.12066583422884,124.167925130349,119.690769777766,2584.63477378763,492.440852460256,13.5186517774727,0.374005281006405,0.354018074297321,0.018708041364794,0.374005281006405,0.354018074297321,0.41701384746539,0.058686301776732,0.433797490529239,0.567296892317666,0.832543776138502,0.0479708941811638,1.16861665825081e-15,0.0500098561152297,0.0738874255137371,0.0885275796746677,0.114288120886043,0.13632480134937,0.127889989362904,0.00612149297846686,0.00345227356031732,0.00246483800260583,0.00255522259741032,0.00245451377648332,0.00171080691879876,0.128893976641761,0.00157390747293513
15,25,1.31333333333333,0.277777777777778,7.79201038864794e-05,0.00230084746079344,0.0114214064598046,0.0322753343173109,0.0697177364801338,0.15051508621272,7.79201038864794e-05,0.00230084746079344,0.0114214064598046,0.0322753343173109,0.0697177364801338,0.15051508621272,7.79201038864794e-05,0.00230084746079344,0.0114214064598046,0.0322753343173109,0.0697177364801338,0.15051508621272,0.222222222222222,3,150.000015727529,142.648873985626,-11.1208269096969,618.258191855015,182.442896177482,3104.94165461931,-57.7045576843037,0.311986350036455,-0.151511841995625,-0.0473698736589938,0.346050210342672,-0.0232717327570045,-4.34481561660036,-1.39676657066972,-100.909896885741,-0.0121951708821998,-0.17969636534736,1173.70065618165,22.0548286636811,1.42008375169253,0.956199447974169,0.503276744791167,0.292679456934694,0.0882984849838558,-0.0728952550525987,0.169850737766899,0.0248750558168941,0.00666163905041141,0.0062060436219248,0.00676629361524841,0.00785972940318717,4999.99854181856,43.0935142172686,17.3232166618681,112.10292848259,118.639890427802,115.750783824835,2474.34746457085,3677.79803511932,39.8200202168416,1.57347705181979,1.0031472143097,0.0335090036726197,1.82178145567993,0.40402585710693,4.19579685142947,1.26036338163014,3.40332877179824,0.646954271733268,3.84036178398475,0.742720636835141,0.00499732378123249,0.547399751494248,0.528790976791542,0.421171243223373,0.341894723900791,0.273917164682513,0.240906011227048,0.203474609559069,0.0476876985767581,0.0133229825866669,0.00498638659120137,0.00192908828161395,0.00187991397129711,2.80096671528815,0.00751408614247522
15,25,1.31333333333333,0,7.79201038864794e-05,0.00230084746079344,0.0114214064598046,0.0322753343173109,0.0697177364801338,0.15051508621272,7.79201038864794e-05,0.00230084746079344,0.0114214064598046,0.0322753343173109,0.0697177364801338,0.15051508621272,7.79201038864794e-05,0.00230084746079344,0.0114214064598046,0.0322753343173109,0.0697177364801338,0.15051508621272,0.222222222222222,3,150.000015727529,150.588344964066,-8.2444402489324,620.541454015207,49.8237202999688,3422.53277783564,-55.5210561399854,0.518717074701593,-0.22272662282054,-0.0101081129569837,0.56438927661077,-0.0118450052213311,-3.48113012068534,-1.27180424542235,-101.016767003437,-0.0260704906889908,0.362185641892511,1173.71596708676,22.0354598479325,1.44628495990001,0.979984189146964,0.495456695135924,0.299842029996875,0.100482217880429,-0.0216954113373607,0.148512205762941,0.0142468432357046,0.00625842818670972,0.0061261595667118,0.00702749161545672,0.00771304989063639,4999.97958545985,43.0935235912931,17.3232166618681,63.4162531802125,116.555814036172,116.847013530381,2424.03713359685,1660.15509530344,28.216396986967,0.523574329442013,0.536091131315258,0.00787679408766325,0.664316866869461,0.346707043558919,3.20522312731642,0.732969847854293,1.79773260687209,0.54795425294282,1.24438526082458,1.08993703208789,0.00531502166993356,0.49484571735039,0.425963008795941,0.266926525103397,0.176148172289426,0.0979645324666284,0.0567926888850711,0.175831391945442,0.0305237935268275,0.00720211391465447,0.00200141869082762,0.00127112407978361,0.0021905594437909,4.31723772063474,0.0143632085935306
15,25,1.31333333333333,0,0.000272720363602678,0.00805296611277703,0.0399749226093161,0.112963670110588,0.244012077680468,0.526802801744519,0.000272720363602678,0.00805296611277703,0.0399749226093161,0.112963670110588,0.244012077680468,0.526802801744519,0.000272720363602678,0.00805296611277703,0.0399749226093161,0.112963670110588,0.244012077680468,0.526802801744519,0.777777777777778,3,150.000015727529,149.528567857515,-8.4934112123737,620.594323507968,68.4312020216644,3375.57678366837,-56.0412175815019,0.491776918758463,-0.215312327049266,-0.00952507415894177,0.536636354297468,-0.0150034517550255,-3.57609905988959,-1.29272034977606,-101.01310905114,-0.0211442428590772,0.300992355244245,1173.68065826476,22.0440860327056,1.4457752838246,0.978714102697635,0.496238369961462,0.301254573513175,0.0917831363479845,-0.0272794723376731,0.148428792245599,0.0147219758312572,0.00632599902438287,0.00653963222580981,0.0086427288824081,0.00991451432142484,4999.96875325487,43.0934652640357,17.3232166618681,62.8664847209346,116.646869791848,116.798217675396,2429.59275373343,1631.82683642875,27.8347609482925,0.507583916128848,0.531288488181324,0.00707371936095531,0.647490799613318,0.34736443414047,3.38030885937443,0.654790251308365,1.77871565599381,0.548936399965587,1.20874722648362,1.19289992594057,0.00572826450762818,0.494925916841018,0.425050320421802,0.267944288137554,0.177768206083171,0.0910847945731918,0.0589266458023764,0.175775227092074,0.0305383853901671,0.00733050835019941,0.00222065674455191,0.00173273453569065,0.00433867105207969,4.62022981454546,0.0145681253997228
15,25,1.13555555555556,0,0.000272720363602678,0.00805296611277703,0.0399749226093161,0.112963670110588,0.244012077680468,0.526802801744519,0.000272720363602678,0.00805296611277703,0.0399749226093161,0.112963670110588,0.244012077680468,0.526802801744519,0.000272720363602678,0.00805296611277703,0.0399749226093161,0.112963670110588,0.244012077680468,0.526802801744519,0.777777777777778,3,150.000015727529,146.862221643579,-7.57144666180606,620.449442766379,58.1135815019269,3501.20893656911,-44.3121778981356,0.676235097782523,-0.29734193647745,-0.0103700018539735,0.738140859587544,-0.0293030213936049,-2.71970201431101,-1.17746990417665,-101.054758879284,0.00785383824601605,0.835157542110197,1173.66659722946,21.4618529319859,1.46993315279658,1.03048765753567,0.552328892823664,0.357776897198208,0.13572066294136,0.0113056368533486,0.160724746394126,0.016407116798146,0.00633501540329133,0.00660501124882825,0.00881725101551922,0.0089514014165191,4999.98739714613,43.0934350588484,17.3232166618681,56.0681115135796,116.665483453857,117.048449841792,2426.55801198982,1386.85963837344,23.6178564856131,0.397331391684043,0.481999615346319,0.00861003331645077,0.522921568442926,0.34168462835858,2.98790428613155,0.585244542296256,1.60305276045183,0.538969691461756,0.928659696381477,1.11494477308515,0.0060873531806776,0.480402469235591,0.419627222343859,0.27059102442715,0.178979255607746,0.101889047488127,0.0453776709793418,0.184669135986477,0.0326810291783367,0.00809181177450467,0.00263123681320498,0.00175320076137702,0.00245477185627259,4.34438664464802,0.0132708631312789
15,12.7777777777778,1.13555555555556,0,0.000272720363602678,0.00805296611277703,0.0399749226093161,0.112963670110588,0.244012077680468,0.526802801744519,0.000272720363602678,0.00805296611277703,0.0399749226093161,0.112963670110588,0.244012077680468,0.526802801744519,0.000272720363602678,0.00805296611277703,0.0399749226093161,0.112963670110588,0.244012077680468,0.526802801744519,0.777777777777778,3,150.000015727529,258.353692323716,-41.7827203718363,584.409915633787,1312.58884323508,8934.25507759608,6.73225883866264,4.58426268097073,-0.512569211540465,-0.287179929174045,4.58426268097073,-0.512569211540465,12.5592197687741,-0.583876909457348,-97.5006613894387,0.836838943860015,9.88380002083117,1158.34600562441,-7.92487356525363e-18,1.58822580981148,1.28122008124154,1.08056280595771,1.10148134569316,0.979972138318923,0.827883043432975,0.0918588842839287,0.0135812057779398,0.00737692160931152,0.014838298406416,0.0181989381314446,0.0307756181647745,4816.66274346422,42.0617216956568,17.3232166618681,13.1600522083213,121.525508225931,116.521360861803,2455.10899986981,403.674064881321,40.9708919206644,0.183735972684139,0.306115503310626,0.0218721335320764,0.183735972684139,0.306115503310626,1.58660244220577,0.372977485517218,1.03549595103109,0.486296842860332,0.460912268409979,0.716950233315869,1.48796959778458e-15,0.338973959859678,0.162042681481459,0.120373644500852,0.0890859211479134,0.062168354638333,0.0513273618342259,0.105627822497875,0.0181243678349695,0.00734587387011728,0.00572719104802973,0.00478152274548045,0.00572060641959719,7.53855343203318,0.0563281312663378
-1.66666666666667,12.7777777777778,1.13555555555556,0,0.000272720363602678,0.00805296611277703,0.0399749226093161,0.112963670110588,0.244012077680468,0.526802801744519,0.000272720363602678,0.00805296611277703,0.0399749226093161,0.112963670110588,0.244012077680468,0.526802801744519,0.000272720363602678,0.00805296611277703,0.0399749226093161,0.112963670110588,0.244012077680468,0.526802801744519,0.777777777777778,3,150.000015727529,241.622133111134,-34.8360686203625,603.742360170815,1050.79042976773,8230.14196437871,-1.76370789771899,4.11427424226643,-0.590728389751067,-0.233350234350589,4.13383532965316,-0.436438672599729,11.0939306322258,-0.405436841423706,-100.280083324654,0.709940578555359,8.8531138423081,1173.17091969586,2.20076745130715,1.55627997083637,1.17015333819394,0.938754494323506,0.966012352879908,0.860371617539839,0.723282043537132,0.0223964643559004,0.0109065019820852,0.00611558591105093,0.0103954163441308,0.0127946483699615,0.0208059139672951,4999.11134256848,43.107095094261,17.3232166618681,15.3288801732556,123.85865391048,117.711003548822,2551.57455097522,510.721411492132,37.9846328457203,0.296454203342065,0.342775870170185,0.0342096555296234,0.294059588394402,0.340680113258804,1.70885844132253,0.407440325569182,1.78483929404199,0.543546965976354,0.624041823065098,8.46701025044587,0.880097025266635,0.141658879236351,0.095142056933036,0.0866727781830951,0.0834068468880531,0.0694794625799143,0.0578782046307749,0.0287053076543377,0.00795048905188899,0.00398399061799648,0.00401657363654498,0.00329814291042603,0.00492553937618486,8.33496634912653,0.302284958375877
11.6666666666667,5.44444444444444,1.42,0.277777777777778,0.000116880155829719,0.00345127119119016,0.0171321096897069,0.0484130014759664,0.104576604720201,0.225772629319079,0.000116880155829719,0.00345127119119016,0.0171321096897069,0.0484130014759664,0.104576604720201,0.225772629319079,0.000116880155829719,0.00345127119119016,0.0171321096897069,0.0484130014759664,0.104576604720201,0.225772629319079,0.333333333333333,3,150.000015727529,93.0679387563795,-1.78267145849391,249.530792625768,117.540415060931,3350.00749921883,-11.6525080699927,1.91729267784606,-0.151296590001041,-0.0531546776377461,1.91729267784606,-0.151296590001041,1.30976462156026,-0.0910669709342777,-40.4284137069055,0.2598218963233,4.33941026976357,742.494844287051,-1.283778540777e-17,0.792709103218414,0.619481647745026,0.527606468076242,0.593038558483491,0.643218435579627,0.670998021039475,0.0130160711467555,0.00887815050515572,0.00622999593792314,0.00625133965211957,0.00756192167482554,0.0101612605978544,513.667305489011,6.99822383085098,17.3232166618681,2.93251614637478,122.174338970914,120.380636670412,2514.11567824426,247.834359052753,16.2395293017497,0.190565637088875,0.327761165007836,0.0104984394575818,0.190565637088875,0.327761165007836,0.374331590437989,0.0579284762614245,0.413805124821779,0.522294792692026,0.453745071707327,0.103064902796527,1.24096890364758e-15,0.146957321761136,0.111638248936732,0.091829687277325,0.0975679626090031,0.103420368720789,0.0881621603107968,0.0135192188315164,0.00497487163784907,0.00257358684084671,0.00219883907933526,0.00187755035748877,0.00121361701622945,0.433044839022747,0.00530667805989636
11.6666666666667,5.44444444444444,1.42,0,0.000116880155829719,0.00345127119119016,0.0171321096897069,0.0484130014759664,0.104576604720201,0.225772629319079,0.000116880155829719,0.00345127119119016,0.0171321096897069,0.0484130014759664,0.104576604720201,0.225772629319079,0.000116880155829719,0.00345127119119016,0.0171321096897069,0.0484130014759664,0.104576604720201,0.225772629319079,0.333333333333333,3,150.000015727529,94.6972138318925,-1.401450699198,249.212240391626,113.162492854911,3421.41766482658,-10.7911267465889,1.96566107697115,-0.154456904614103,-0.0553114217269035,1.96566107697115,-0.154456904614103,1.38369098916779,-0.0934546673304864,-40.5388136652432,0.265602385772315,4.45403624622435,743.512915321319,-1.91881531090513e-18,0.787851234246433,0.6190175398396,0.53098264764087,0.599641766482658,0.655408249140715,0.687121143630873,0.0126915850495365,0.00867233475679617,0.006044193625664,0.00603952588272055,0.00749576575356734,0.0101266143110093,521.586282678885,7.09638725132796,17.3232166618681,6.87027963685191,121.224788754792,119.967917899827,2483.34442351562,194.286556288869,16.9241405973998,0.0664398828707703,0.317533641405643,0.0033562512460182,0.0664398828707703,0.317533641405643,0.439306715228324,0.0672192247055428,0.413527027992013,0.504992697395301,0.219395288089955,0.112813683122275,1.08751647657571e-15,0.103654279643053,0.0584723523932919,0.0413864040541207,0.0474304842546353,0.0500977236952397,0.0539601144633729,0.00947066849318252,0.00279031528979574,0.00132700390930762,0.00125415695820515,0.00118836799400918,0.000995654317249552,0.442460382973416,0.0054136228585331
11.6666666666667,17.6666666666667,1.42,0,0.000116880155829719,0.00345127119119016,0.0171321096897069,0.0484130014759664,0.104576604720201,0.225772629319079,0.000116880155829719,0.00345127119119016,0.0171321096897069,0.0484130014759664,0.104576604720201,0.225772629319079,0.000116880155829719,0.00345127119119016,0.0171321096897069,0.0484130014759664,0.104576604720201,0.225772629319079,0.333333333333333,3,150.000015727529,171.108415790022,-10.3838434079783,619.46230600979,168.119338006458,4868.94510988439,-43.5983574627643,1.67780314550568,-0.544033490261431,-0.0400218487657536,1.75951005103635,-0.122851247231539,1.33105770419748,-0.515500326073326,-101.099761483179,0.172803447797104,3.25149796896156,1173.66680554109,13.9717279450059,1.41637284657848,0.849113602749713,0.492127913758983,0.414323268409541,0.289351213415269,0.208707738777211,0.0381515271562337,0.00933000337628372,0.00614043151755026,0.00614892240391626,0.00740252119570878,0.00886486574315176,5000.00156233726,43.0934600562442,17.3232166618681,32.3416676221831,121.038831975183,117.783186967156,2497.38036702414,681.801269316014,20.8335231517949,0.17770655175299,0.377582696310984,0.0109191661039031,0.246511457069797,0.336717289654095,1.60141845987859,0.363458092908783,1.23008101671684,0.532760159123381,0.395514489332459,0.65915910177483,0.0057394231740051,0.364062697552322,0.216837176841932,0.119748846592876,0.0752372192232102,0.0491203328024273,0.0273507542077013,0.0605744944828794,0.0120684800628999,0.00304505351973394,0.00122718545482772,0.000462884495574656,0.000377619323572988,2.53933588276834,0.00910046319545563
-5,17.6666666666667,1.42,0,0.000116880155829719,0.00345127119119016,0.0171321096897069,0.0484130014759664,0.104576604720201,0.225772629319079,0.000116880155829719,0.00345127119119016,0.0171321096897069,0.0484130014759664,0.104576604720201,0.225772629319079,0.000116880155829719,0.00345127119119016,0.0171321096897069,0.0484130014759664,0.104576604720201,0.225772629319079,0.333333333333333,3,150.000015727529,170.302103947505,-10.1084635819186,619.775283824602,152.530506926362,4789.17081554005,-42.3285741068639,1.59965555671284,-0.528218483491303,-0.0358046318091865,1.6807289865639,-0.114244575252578,0.980580084043329,-0.547606882895531,-101.106923237163,0.157208882129882,3.05349973961046,1173.69898968857,14.3849536506613,1.44064326632642,0.844628747005522,0.486267690865534,0.405562139360484,0.277114925528591,0.193605561920633,0.0193913120070826,0.00900147261055099,0.0062240218727216,0.00614456129569836,0.00746698687636706,0.00904537308613686,5000.0079158421,43.0937329444852,17.3232166618681,23.3850931807625,117.414162048965,117.292477302491,2411.8816531045,391.20124508026,22.7210659849546,0.113491234943336,0.331019671752979,0.00633859473716577,0.14311425535471,0.319325798441543,1.64270036014804,0.336534133594183,1.08565250696421,0.50578843829463,0.261376071305263,0.731015289966302,0.00503119823518192,0.216291317148108,0.12890178029456,0.0774152389025858,0.0560105387290136,0.0448249060595453,0.0348750284990825,0.0382520755375388,0.00892832221869844,0.00264143108543548,0.00126948510970727,0.000599083547521617,0.000515437559830385,2.88814744537918,0.00992057662585849
-5,17.6666666666667,1.42,0,0.000311680415545917,0.00920338984317375,0.0456856258392184,0.129101337269244,0.278870945920535,0.602060344850878,0.000311680415545917,0.00920338984317375,0.0456856258392184,0.129101337269244,0.278870945920535,0.602060344850878,0.000311680415545917,0.00920338984317375,0.0456856258392184,0.129101337269244,0.278870945920535,0.602060344850878,0.888888888888889,3,150.000015727529,173.047536714926,-10.9402865618165,619.692667430476,161.390296948234,4851.57848140819,-41.6067151338402,1.60118445995209,-0.517575462972607,-0.0356343453806895,1.67901426934694,-0.112265348317884,0.939012718404333,-0.532601561129049,-101.109087595043,0.15277671772732,3.02699531298823,1173.7161753984,14.0880022914282,1.46480616602437,0.873710946776378,0.514354317258619,0.435577908551193,0.278824445370274,0.176252275804604,0.0210807901482137,0.00954081227463806,0.00644061764399542,0.00660710707217998,0.00797626153525674,0.00998528351213416,5000.02749713571,43.0938568899075,17.3232166618681,23.6446088028965,117.575047052916,117.237195722224,2413.62836400908,406.003061502499,22.2612512103475,0.105594274782372,0.339312192594164,0.00674313427611372,0.152015274398763,0.321208821531039,1.6482931625776,0.307419720482217,1.10990172272015,0.509438380975532,0.252334569732719,0.743974263151753,0.0064168069485903,0.217060559491991,0.129530313681575,0.0780848534071733,0.0569875649487855,0.0417471191778941,0.0283211284732311,0.0395513638802272,0.00928096349377817,0.00288408013244278,0.0015686807012559,0.000852258986598568,0.000648644036166344,2.9310965801388,0.0100399170332557
-5,17.6666666666667,1.24222222222222,0,0.000311680415545917,0.00920338984317375,0.0456856258392184,0.129101337269244,0.278870945920535,0.602060344850878,0.000311680415545917,0.00920338984317375,0.0456856258392184,0.129101337269244,0.278870945920535,0.602060344850878,0.000311680415545917,0.00920338984317375,0.0456856258392184,0.129101337269244,0.278870945920535,0.602060344850878,0.888888888888889,3,150.000015727529,170.239079262577,-11.8206111863348,619.345568169982,213.385486990938,4886.13998541819,-32.1978519945839,1.709701593584,-0.543095743151755,-0.0409993708988647,1.78907280491616,-0.131286421529008,1.46031305754609,-0.499736970919696,-101.101383189251,0.187367552296636,3.33209384439121,1173.62785126549,13.4253775648367,1.51513248619935,0.937012092490365,0.572897666909697,0.494631694615144,0.333772325799396,0.220796739922925,0.0262241816008749,0.00976377968855328,0.00616652544526612,0.00731693594417247,0.00721591084262056,0.00898503416310801,4999.99812519529,43.0936131652955,17.3232166618681,23.943152938829,118.412969414975,117.129515065022,2430.93977272779,423.60511262697,21.5599112364696,0.104566240999834,0.347224833335112,0.0077382662221601,0.161384775107171,0.324738357228346,1.56827823999172,0.284803604202857,1.13007477772706,0.515246798353405,0.254135080232566,0.633221967040308,0.00499433353355205,0.216698478949235,0.130579389144617,0.0788814906783553,0.0578177772053867,0.0425995159853236,0.0291242629162089,0.0430494204341791,0.0099783242785662,0.00317188429844177,0.00222002019148113,0.00094044590186879,0.000899701937726836,2.6637998832635,0.00931933080521077
-11.6666666666667,22.5555555555556,1.20666666666667,0.166666666666667,0,0,0,0,0,0,0,0,0,0,0,0,0,0,0,0,0,0,0,3,150.000015727529,151.810696802416,-8.80844370076033,620.506343089261,99.9311624414123,3761.96625351526,-42.7034913029892,0.842909124049578,-0.348443423153838,-0.011069609936465,0.91066316008749,-0.05092380451203,-2.10260033861056,-0.999305036246224,-101.080762420581,0.0438868441589417,1.2216182175013,1173.78720966566,19.2590282262264,1.51939183418394,0.978753723570461,0.510803374648474,0.348708238725133,0.157539513592334,0.0455955901115509,0.0941789249363608,0.0102286090326008,0.0062199537548172,0.00602737464847412,0.00588682053952713,0.00629575887928341,4999.97666909697,43.0934704718264,17.3232166618681,30.2118030388483,113.926967118117,117.420970969,2343.92078878892,570.194198558166,19.1923381939565,0.196773188579711,0.36206726533201,0.00519373915185602,0.262003247741425,0.318061468710787,2.84782729218913,0.481940712998835,1.22881995473474,0.504646135340879,0.514056115278069,1.09326867251674,0.00709631176718932,0.357289382877026,0.239027597824625,0.11465830524444,0.0578207011825465,0.0495823490357083,0.0380548793338586,0.120144500930408,0.0182135623164516,0.00383398798203683,0.00109316563357819,0.000419757779334008,0.00115641472785167,3.93251369299531,0.0132073364979888
-11.6666666666667,22.5555555555556,1.20666666666667,0.444444444444444,0,0,0,0,0,0,0,0,0,0,0,0,0,0,0,0,0,0,0,3,150.000015727529,149.464905738986,-9.00773945422352,619.507478387668,125.507692115405,3674.8188522029,-45.6686220185397,0.799196498604312,-0.34000565987918,-0.0286686928444954,0.86676899785439,-0.0551269433697532,-2.24679866755546,-1.02460746096553,-101.038144984898,0.0503641292469535,1.12408780039163,1173.69971877929,19.4074502655983,1.54497510675971,0.93594658889699,0.464850098948026,0.301051445161963,0.133041610141652,0.00973816206540985,0.072247701414436,0.00972727075804602,0.00617190980106239,0.00607821810228101,0.005826298406416,0.00607850598895948,4999.98937610666,43.0933840224976,17.3232166618681,64.4283614274249,115.716374888795,117.64004130851,2399.05893900918,2155.95795759725,15.0995451161799,1.04477746630211,0.665527167270422,0.0244053469742015,1.18534972846023,0.359786515870394,3.00127813631572,0.831515927717691,2.22747061012648,0.576726905621046,2.58156604042631,0.689753068791044,0.00436823884495108,0.322426967998587,0.149366220589553,0.104309892558986,0.150667606562597,0.169206545919114,0.19517843028381,0.0915930479932881,0.0111165454749565,0.00265692836172963,0.00126928890703014,0.00109020563418032,0.00118572289588398,2.56350420085479,0.00846778890026767
5,22.5555555555556,1.20666666666667,0.444444444444444,0,0,0,0,0,0,0,0,0,0,0,0,0,0,0,0,0,0,0,3,150.000015727529,141.732249837517,-10.5771167128424,618.569992709093,194.194564441204,3347.8702483283,-46.7114508588689,0.606339953145506,-0.280979072783148,-0.0468583005936881,0.666076452369545,-0.0540793021351943,-2.99336883343402,-1.16436626539944,-100.968466826373,0.0464715624309968,0.661229317362774,1173.65545255703,20.2218873034066,1.49182145609832,0.925228663680865,0.462900750968649,0.289827333356942,0.117529211030101,-0.0191329821383189,0.0735795038829288,0.0106343313615457,0.00630398488167899,0.00611537760649932,0.0061530907197167,0.00603907145089054,4999.99073013228,43.0935090094784,17.3232166618681,99.0756633020885,119.162530670708,116.970369540796,2485.63821554308,3341.83879409468,28.544571778088,1.53065480608865,0.9100675315045,0.0371206317104541,1.73571127078608,0.397998807619264,4.00522606606946,1.19470246068816,3.06072911098,0.638674128797062,3.72404471523852,0.696137936720618,0.00414077868941469,0.333865256693607,0.361249210923555,0.317715728281303,0.302376519495883,0.279649701367806,0.270852162236962,0.0891727065971602,0.0214849782209334,0.00755176844746916,0.00349532794407444,0.00201385240216521,0.00159920274619446,2.22706306465141,0.00875286542772448
5,22.5555555555556,1.38444444444444,0.444444444444444,0,0,0,0,0,0,0,0,0,0,0,0,0,0,0,0,0,0,0,3,150.000015727529,143.397065251536,-11.9248694094365,618.088896989897,223.201625748151,3183.33897242996,-57.1823468388709,0.388605984616186,-0.191040014148735,-0.0550757005520259,0.431036589053224,-0.041429155792105,-4.00294652923654,-1.28869256069784,-100.901863347568,0.0191309941776898,0.0382490485366107,1173.69659410478,20.6887990834292,1.47355196333715,0.88023843349651,0.418920218199667,0.245115116933653,0.0721690518800126,-0.064261421898344,0.0645357480487449,0.0102894614923237,0.0063235917915842,0.00610805895219248,0.00610889782314343,0.00612468055410895,4999.98750130195,43.0933131965423,17.3232166618681,110.755005998978,118.850215078014,116.112228521061,2472.47353228381,3761.45255401128,31.1797830416352,1.72028166866252,1.0078374703643,0.0397833838086776,1.9519214771238,0.406321785924124,4.24827934874245,1.34785954600467,3.42304996744972,0.653790812766371,4.19411091351476,0.689442606025144,0.00329857027005337,0.344421121857853,0.360166833226001,0.312994536077548,0.298671929188982,0.274751412940016,0.26889361532617,0.082025726396712,0.0202977887285984,0.00685742094383815,0.00313810230816719,0.00191579179591311,0.00166466919991066,2.39940314097923,0.00822032046464598
5,22.5555555555556,1.38444444444444,0.444444444444444,0.000194800259716198,0.0057521186519836,0.0285535161495115,0.0806883357932773,0.174294341200334,0.376287715531799,0.000194800259716198,0.0057521186519836,0.0285535161495115,0.0806883357932773,0.174294341200334,0.376287715531799,0.000194800259716198,0.0057521186519836,0.0285535161495115,0.0806883357932773,0.174294341200334,0.376287715531799,0.555555555555556,3,150.000015727529,150.241209895844,-11.471109843558,618.136194146443,155.25031141027,3416.60627449224,-55.3624278033434,0.487300676783669,-0.210239941599833,-0.0517090240599938,0.529992248369961,-0.0278072112696594,-3.67238697227789,-1.19473284311426,-100.933657952297,-0.00309710442662221,0.240555178262681,1173.7137798146,20.3340370794711,1.48753414227685,0.913548921987292,0.453139593854807,0.280057109268826,0.0901448613415269,-0.0512120688896991,0.0714026923112176,0.0108787264766483,0.00634732247103531,0.006603131548797,0.00767791959170919,0.0139311832100823,4999.9969794813,43.0934277679412,17.3232166618681,107.841521959728,119.422405138963,116.579576431247,2495.03119152768,3646.78253212979,32.4697186786451,1.65091899554846,0.97246507002716,0.0371119676862569,1.87216065217074,0.407742827676671,4.16837099778096,1.24349412627788,3.29530528954823,0.6548021603451,4.00052235476235,0.69037029092849,0.00490665788865446,0.336566719392951,0.359456883131132,0.316487401348532,0.302516702612535,0.264837096882578,0.254842534500496,0.0875535104916587,0.0212482451595815,0.00752034729798387,0.0037301588089357,0.00208209037883017,0.00644008202795143,2.35524486529877,0.00886526553622721
5,10.3333333333333,1.38444444444444,0.444444444444444,0.000194800259716198,0.0057521186519836,0.0285535161495115,0.0806883357932773,0.174294341200334,0.376287715531799,0.000194800259716198,0.0057521186519836,0.0285535161495115,0.0806883357932773,0.174294341200334,0.376287715531799,0.000194800259716198,0.0057521186519836,0.0285535161495115,0.0806883357932773,0.174294341200334,0.376287715531799,0.555555555555556,3,150.000015727529,244.292854910947,-29.5521778991772,557.291261326946,958.351459170919,8644.7618998021,-8.94731939797938,4.65211175919175,-0.465414659349027,-0.307848682428914,4.65211175919175,-0.465414659349027,12.5203633996459,-0.528850203103843,-92.5640808249141,0.772750260484325,10.2411104051661,1129.52213311113,-6.60757720758253e-18,1.27084571398813,0.981552515362984,0.808310613477763,0.856409915633787,0.826805457764817,0.760243005936882,0.0141824607970003,0.00988433162587231,0.00624132276911259,0.00757328698458494,0.0108201309238621,0.0167516459743776,3643.28809499011,32.6294271430058,17.3232166618681,30.0641627222909,127.390085358476,123.927039320196,2682.90782498155,1272.11552572963,38.5003723750128,0.781449326510949,0.38533363648433,0.0998855424274416,0.781449326510949,0.38533363648433,1.84627102163327,0.185035606270034,0.85469643205448,0.61871450352513,1.71453466047674,0.499535900641363,1.3427954645709e-15,0.204034138934244,0.169059130626238,0.155039241870031,0.162391358540882,0.142528539362156,0.115292994245842,0.0279788526410603,0.0114853758587087,0.00672337222427134,0.00548513245943372,0.00431085479007196,0.0047831535373911,0.867535377362782,0.00428234367457369
-15,15.2222222222222,1.17111111111111,0.166666666666667,0.000116880155829719,0.00345127119119016,0.0171321096897069,0.0484130014759664,0.104576604720201,0.225772629319079,0.000116880155829719,0.00345127119119016,0.0171321096897069,0.0484130014759664,0.104576604720201,0.225772629319079,0.000116880155829719,0.00345127119119016,0.0171321096897069,0.0484130014759664,0.104576604720201,0.225772629319079,0.333333333333333,3,150.000015727529,196.389844807832,-17.6132078221019,613.59768774086,443.84607949172,6339.04405791063,-19.0784107405479,2.88587751275909,-0.677261597750235,-0.119472736173315,2.95347109676076,-0.252912925154672,6.40156108738672,-0.248221255617123,-100.867536714925,0.404132129115717,6.17170326007707,1173.56494115196,8.31288438704303,1.44983095510884,0.967514602645557,0.669591209249037,0.641340693677742,0.560537964795335,0.485685761899802,0.0379558583988126,0.00965975749213624,0.0060890188710551,0.00601247635662952,0.00741675846266014,0.00978452650765546,4999.97010728049,43.0935048432454,17.3232166618681,23.6360532341237,122.577098530922,118.390175527024,2546.41193618092,724.232240632242,27.89817673789,0.392058273723834,0.406516249971312,0.0354205935180204,0.437132104392433,0.357610001314303,1.54026169991033,0.284880567433044,1.24868933133023,0.572126016413833,0.912855049737953,0.495790529498827,0.00576488715574864,0.33663650999015,0.146515056675325,0.0586749339564858,0.0231430800289653,0.0199154198315236,0.033172780796868,0.0678188047248355,0.0113807598132602,0.00311159823272656,0.00157503252788279,0.00103426526753672,0.000947415951170153,1.88492983925294,0.00733259010051702
-15,15.2222222222222,1.17111111111111,0.444444444444444,0.000116880155829719,0.00345127119119016,0.0171321096897069,0.0484130014759664,0.104576604720201,0.225772629319079,0.000116880155829719,0.00345127119119016,0.0171321096897069,0.0484130014759664,0.104576604720201,0.225772629319079,0.000116880155829719,0.00345127119119016,0.0171321096897069,0.0484130014759664,0.104576604720201,0.225772629319079,0.333333333333333,3,150.000015727529,194.743557962712,-17.5421348985522,613.093427767941,448.998028122071,6270.13342360171,-22.2710403527758,2.84114696385793,-0.672070426054576,-0.127699933340277,2.90866628476201,-0.251864804936986,6.21933612123737,-0.251973695011978,-100.85205603583,0.40177279063535,6.06499937506509,1173.64868242891,8.35972440370801,1.44151973752734,0.937627997083637,0.643961983126758,0.616077762733049,0.533523882928862,0.45954665139048,0.0239255916800333,0.00919243172179981,0.00603205606679513,0.00605140766586814,0.00729787740860327,0.00907027434642226,4999.9957296115,43.0936767003431,17.3232166618681,47.0109887021774,124.842237712806,121.232368389564,2629.79756578592,1732.38023029024,25.0075471230152,0.964167876095863,0.509502231577238,0.0792180528041361,1.01625144499571,0.395550257222458,2.40288551617575,0.376417822241978,1.51458410868342,0.636370076615113,2.21987560959684,0.477406822576171,0.00409258440417996,0.257848729577565,0.0675600362288856,0.0665916311401075,0.102348469101044,0.124159453339263,0.132210282353073,0.0487650163149709,0.00669962090049971,0.00275804802783015,0.00246258440520311,0.00182512536232417,0.00163411604186112,1.3391860445369,0.00550957951612118
-15,15.2222222222222,1.34888888888889,0.444444444444444,0.000116880155829719,0.00345127119119016,0.0171321096897069,0.0484130014759664,0.104576604720201,0.225772629319079,0.000116880155829719,0.00345127119119016,0.0171321096897069,0.0484130014759664,0.104576604720201,0.225772629319079,0.000116880155829719,0.00345127119119016,0.0171321096897069,0.0484130014759664,0.104576604720201,0.225772629319079,0.333333333333333,3,150.000015727529,193.421164462035,-15.0771669096969,613.952182064368,354.630353004895,6111.39152171649,-32.9087772327882,2.6661247682533,-0.670067299276118,-0.11618443078846,2.73991716487866,-0.223677883721487,5.46401853212166,-0.255987734829705,-100.900798875117,0.352259453778877,5.63300906155608,1173.67680449953,9.44064368294959,1.358552963233,0.841100187480472,0.554265430684304,0.525457233621498,0.439975367149255,0.37299336527445,0.0187810638870951,0.0090098339399021,0.00605508687636704,0.00604714956775336,0.00731569346943027,0.00890031090511405,4999.98083532965,43.0936735756685,17.3232166618681,51.0378507002619,123.997031771941,121.170464720156,2607.03866072374,1865.96319908529,23.6984559177648,1.02657192103897,0.535670227773101,0.0789325782928025,1.08829084075727,0.39548369176642,2.54347510011573,0.417220119388987,1.61719513396355,0.636801293205441,2.37972923806058,0.467721021956207,0.00385848684950492,0.248556504164168,0.0677229981859794,0.0656050644453582,0.099869196702552,0.121436093114312,0.129430862741211,0.0430865521110829,0.00594149832679556,0.0022745974665249,0.00196049545808421,0.0013933545572377,0.00143027422425111,1.41768861548828,0.00554275978705586
-15,3,1.34888888888889,0.444444444444444,0.000116880155829719,0.00345127119119016,0.0171321096897069,0.0484130014759664,0.104576604720201,0.225772629319079,0.000116880155829719,0.00345127119119016,0.0171321096897069,0.0484130014759664,0.104576604720201,0.225772629319079,0.000116880155829719,0.00345127119119016,0.0171321096897069,0.0484130014759664,0.104576604720201,0.225772629319079,0.333333333333333,3,150.000015727529,47.9234517237788,-1.78437352254974,203.582279970836,37.7177472138319,1637.13488178315,-19.7728757421102,0.945265482762213,-0.0680105604614102,-0.0145071447765858,0.945265482762213,-0.0680105604614102,-0.193604683725654,-0.0308745600275179,-33.1491875846266,0.118741856744089,2.16187126341006,672.089657327373,1.1618268960525e-17,0.185641933131965,0.152991048849078,0.173963785022394,0.255631923757942,0.316760629101135,0.386717862722633,0.012011266534736,0.0080391364441204,0.00599744234975524,0.00599359170919697,0.00718470315592126,0.00849255546297261,13.4310082283096,0.20214988022081,17.3232166618681,4.44434958226307,122.173135374719,120.428974058965,2529.36049825216,206.351029883973,6.78998384494857,0.216642021412674,0.342985538706941,0.00625687988816078,0.216642021412674,0.342985538706941,0.278898715035534,0.0537886895219511,0.365390553489244,0.549637807005029,0.45353726910457,0.0558671905495466,9.16628586346341e-16,0.0144647194988108,0.027946784789612,0.0325299043798745,0.0501144788473603,0.0648254673123986,0.104058664316969,0.000478088707657202,0.000240009922810973,0.000220994805826166,0.000396645938030702,0.000631371691735077,0.00166199972268337,0.149842431250702,0.00224628448689567
-15,3,1.34888888888889,0.444444444444444,0.000311680415545917,0.00920338984317375,0.0456856258392184,0.129101337269244,0.278870945920535,0.602060344850878,0.000311680415545917,0.00920338984317375,0.0456856258392184,0.129101337269244,0.278870945920535,0.602060344850878,0.000311680415545917,0.00920338984317375,0.0456856258392184,0.129101337269244,0.278870945920535,0.602060344850878,0.888888888888889,3,150.000015727529,46.4187720029164,-1.70355194250598,203.895656702427,36.4526590094782,1556.11113425685,-20.223136131653,0.869246682637226,-0.0628589925596293,-0.0121996404541194,0.869246682637226,-0.0628589925596293,-0.30633539587543,-0.028274528361629,-33.1747901260285,0.108366649402146,1.96352369544839,672.358764712011,1.46323478700137e-18,0.185328944901573,0.152557709613582,0.175865951463389,0.263207624205812,0.302352629934382,0.340255171336319,0.0120111165503594,0.00804636475367149,0.00599738891782106,0.00599320477033642,0.00753778064784919,0.0114673589209457,15.1945963962087,0.228601551921675,17.3232166618681,3.61112965678554,122.138940779571,120.357950993452,2525.60797745015,158.279118049067,6.49145866112311,0.174369462372298,0.339261175667234,0.00465684319399114,0.174369462372298,0.339261175667234,0.220864127839221,0.0491906925172308,0.361522533026404,0.542664797829758,0.348992751664714,0.0600042962736523,9.00818267827494e-16,0.014493424465267,0.0281623481929893,0.0331947753474559,0.0507657975226966,0.0592371241952753,0.0750869290290588,0.000472712543750181,0.00023994465347777,0.000227772241362958,0.000415078382334479,0.000953616033844137,0.00503434749664698,0.197003135824055,0.00295292416647548
1.66666666666667,3,1.34888888888889,0.444444444444444,0.000311680415545917,0.00920338984317375,0.0456856258392184,0.129101337269244,0.278870945920535,0.602060344850878,0.000311680415545917,0.00920338984317375,0.0456856258392184,0.129101337269244,0.278870945920535,0.602060344850878,0.000311680415545917,0.00920338984317375,0.0456856258392184,0.129101337269244,0.278870945920535,0.602060344850878,0.888888888888889,3,150.000015727529,47.6116925320279,-1.37139875533798,204.759307363816,30.7617327882512,1599.55254660973,-19.227317779398,0.891255421310283,-0.0636771230382252,-0.0125078667847099,0.891255421310283,-0.0636771230382252,-0.279251713773565,-0.0293775363059056,-33.3087897094052,0.10973476964587,2.01082658056452,673.71401937299,-4.19129709926049e-18,0.214588084574523,0.175840505155713,0.193120508280388,0.279520143735028,0.317566138943861,0.352738985522341,0.0120195146338923,0.00804113758983438,0.00600275502551817,0.00600129267784606,0.00733874065201541,0.0120126622226851,23.9266753463181,0.359252942401833,17.3232166618681,1.37933099712152,122.227858789985,120.154530093583,2523.22637377207,103.74818760477,7.26894745238733,0.127616689053718,0.333361178647072,0.00351882849945916,0.127616689053718,0.333361178647072,0.211644838119539,0.0485825284659403,0.355471420619755,0.53220565832949,0.274989521061076,0.0809404310258086,9.24894916839777e-16,0.0452180876844784,0.050054256034754,0.0449581020830316,0.0486637408911502,0.0534971233278118,0.0699030057753531,0.00104935285306161,0.000498007379384314,0.000349542855595589,0.000416050010462391,0.000885502197333026,0.00514308419177706,0.263815054586556,0.00393928265700575
-8.33333333333333,10.3333333333333,1.13555555555556,0.277777777777778,0.000350640467489157,0.0103538135735705,0.0513963290691208,0.145239004427899,0.313729814160602,0.677317887957238,0.000350640467489157,0.0103538135735705,0.0513963290691208,0.145239004427899,0.313729814160602,0.677317887957238,0.000350640467489157,0.0103538135735705,0.0513963290691208,0.145239004427899,0.313729814160602,0.677317887957238,1,3,150.000015727529,185.522320591605,-30.0251018102281,446.976262889282,894.704598062702,6417.97344026664,-2.94977904593271,3.27933611082179,-0.356147843893761,-0.149407273200708,3.27933611082179,-0.356147843893761,5.94930611394646,-0.301830820677013,-74.7013238204355,0.580890302905948,7.05506166024373,1010.63680866576,-1.26425203832934e-17,1.51776658681388,1.17799718779294,0.971847297156545,1.01565298406416,0.893735558795958,0.715629444849495,0.0169528482396625,0.0108842682318509,0.0059947105022081,0.0143220134256848,0.0182774858868868,0.0342125768149151,2609.76742006041,26.1224195396316,17.3232166618681,13.5386856463602,124.71267811348,120.531489030665,2601.3322361164,621.904071701314,27.563456827651,0.400136779787338,0.357406797454967,0.0365248105818902,0.400136779787338,0.357406797454967,1.03745152112295,0.162145692501088,0.771980655673166,0.571770698686441,0.851515906798547,0.480944363717441,1.35812835724022e-15,0.125205095876497,0.0427679140391174,0.0521759902201605,0.0668578831653743,0.0599180610815608,0.0476907680246976,0.0266013118512384,0.00609153827012594,0.00359579526620094,0.00409242616034332,0.00465992047791074,0.00816682333087146,1.01937731171292,0.00599908060981279
-8.33333333333333,22.5555555555556,1.13555555555556,0.277777777777778,0.000350640467489157,0.0103538135735705,0.0513963290691208,0.145239004427899,0.313729814160602,0.677317887957238,0.000350640467489157,0.0103538135735705,0.0513963290691208,0.145239004427899,0.313729814160602,0.677317887957238,0.000350640467489157,0.0103538135735705,0.0513963290691208,0.145239004427899,0.313729814160602,0.677317887957238,1,3,150.000015727529,152.592573690241,-9.12019293625663,620.151317571087,97.992174898448,3810.51275908759,-38.2456171232163,0.881122342818455,-0.358468294281845,-0.0162805539214665,0.949886334236017,-0.0509118431309239,-1.92326223114259,-0.965905727705446,-101.079679200082,0.0450137153733986,1.32515822483158,1173.66347255494,19.0702562233102,1.59590396833663,1.0143992604937,0.540554108946984,0.377492094573482,0.15991814153734,0.0379427998437663,0.0745732592511197,0.0106644865098427,0.00658078127278407,0.00648881793563171,0.0091140060410374,0.0104505886886782,4999.98083532965,43.0935090094786,17.3232166618681,44.8413466906568,115.64761088868,117.564276739114,2389.01139985444,1253.55439695022,14.708218636363,0.525499884583355,0.472929404848417,0.0127822079138978,0.621554655840274,0.336860355550131,2.45039299553699,0.550858715353788,1.58776286576744,0.535412858321078,1.28183729821136,0.970914507962854,0.0070012624654504,0.272031725604372,0.152716103107732,0.0853878227561862,0.0948603692001533,0.100591692724317,0.0943777182355818,0.0890833941311043,0.0122624055968231,0.00325971919158488,0.00146797099688054,0.0014979801294733,0.00240019606279734,3.86523600105068,0.0134763738889898
-8.33333333333333,22.5555555555556,1.31333333333333,0.277777777777778,0.000350640467489157,0.0103538135735705,0.0513963290691208,0.145239004427899,0.313729814160602,0.677317887957238,0.000350640467489157,0.0103538135735705,0.0513963290691208,0.145239004427899,0.313729814160602,0.677317887957238,0.000350640467489157,0.0103538135735705,0.0513963290691208,0.145239004427899,0.313729814160602,0.677317887957238,1,3,150.000015727529,155.062256014998,-9.56736222060202,620.418737631496,93.278434950526,3690.87178418915,-49.2156223310072,0.700290442854912,-0.288244585366107,-0.0134106327465889,0.756476986813874,-0.0351724912404957,-2.77175191375898,-1.06643573298615,-101.049801062388,0.0138955569003229,0.811598379981252,1173.76502447662,19.7105207790853,1.56476231642538,0.951067649203208,0.481185678575148,0.317946370169774,0.11574938673909,-0.00650230431517551,0.0617094725674408,0.0104229846691803,0.00665305114050619,0.00603989365691074,0.00888221029059474,0.0132478905322362,4999.96031663368,43.0935277575257,17.3232166618681,46.4953263931964,114.590216543724,117.414456706388,2370.50125181745,1341.67065953727,14.9687641889514,0.578732821303419,0.490901196728098,0.00980851525782712,0.680289935793153,0.336332206895653,4.38620717338999,0.66163922593178,1.67344037838313,0.535236959391091,1.424172196872,1.32247775734479,0.0076444158852259,0.279285431504462,0.15301252140751,0.0843586350801372,0.0940953915449638,0.0872965184980098,0.101708189801148,0.0776782631398954,0.0113357197943418,0.0025507245910862,0.000939165434953185,0.00149187289018226,0.0068081133151155,5.07625067345309,0.0172494409710723
-8.33333333333333,22.5555555555556,1.31333333333333,0,0.000350640467489157,0.0103538135735705,0.0513963290691208,0.145239004427899,0.313729814160602,0.677317887957238,0.000350640467489157,0.0103538135735705,0.0513963290691208,0.145239004427899,0.313729814160602,0.677317887957238,0.000350640467489157,0.0103538135735705,0.0513963290691208,0.145239004427899,0.313729814160602,0.677317887957238,1,3,150.000015727529,153.286570148943,-8.98365964670347,620.809696906573,81.1768799916676,3665.13259035517,-48.2812800749922,0.731214404749506,-0.304738148328299,-0.00852352765336944,0.791346036871159,-0.0362298867482554,-2.58416230519738,-1.08148622823664,-101.066921154047,0.018287850545464,0.934277189876055,1173.66232684095,20.0030278096032,1.5239518800125,0.946758389751067,0.487886793042392,0.329247567961671,0.115104373086137,0.0252189025497136,0.0751111717706489,0.0105096697608583,0.00634431904155817,0.0063642296635767,0.00998598135610875,0.00904093427767943,4999.95094261014,43.0935777523181,17.3232166618681,31.2134383478545,112.476559637191,116.998870483872,2313.34436858132,622.657982146271,21.7006215904826,0.212508219664024,0.335860058747193,0.00462425460005569,0.248382365297544,0.310269749005155,3.92048086826992,0.553990202567183,1.09840570967813,0.492911731042047,0.478449354053517,1.46078117009832,0.0078851229568997,0.32989395072643,0.244936024267628,0.155078900733277,0.11216813567592,0.0798692363238028,0.0358993489743629,0.0992217463420274,0.0179458717914306,0.00479690940090234,0.0018053796986539,0.000907805058441258,0.00268789928672485,5.72649083544857,0.0175273720693009
-8.33333333333333,22.5555555555556,1.31333333333333,0,0.000155840207772959,0.00460169492158688,0.0228428129196092,0.0645506686346218,0.139435472960268,0.301030172425439,0.000155840207772959,0.00460169492158688,0.0228428129196092,0.0645506686346218,0.139435472960268,0.301030172425439,0.000155840207772959,0.00460169492158688,0.0228428129196092,0.0645506686346218,0.139435472960268,0.301030172425439,0.444444444444444,3,150.000015727529,157.179106343089,-8.47017561608166,620.627507551297,33.8240833246537,3814.55640037496,-46.0754858868868,0.800533454848452,-0.319004122381002,-0.00986717039891678,0.861304218310593,-0.0277760727111759,-2.34699068790751,-1.0260821826893,-101.075147380481,0.0043203721591501,1.07466328507447,1173.75815019269,19.8797156546191,1.52766274346422,0.9584982918446,0.497636131652952,0.338154223518384,0.137459466722217,0.0361430624806791,0.0772380375412978,0.0101674134127695,0.00621640529709509,0.00620140027080512,0.00932175273409018,0.0091079238620977,4999.95500468701,43.0934027705455,17.3232166618681,30.5516488383681,112.4033202243,117.052282649524,2306.63986503514,620.624639116141,22.7447859344509,0.233666983938125,0.324193081423132,0.00500322898535731,0.256372901738358,0.306551988870196,3.65721292111655,0.520974386727888,1.07123086410645,0.486535949804751,0.516398601323385,1.06645952158996,0.00752858259893786,0.325470478366084,0.245005040167541,0.154435576898835,0.110886365206325,0.0869483015469715,0.0416515682957384,0.101174723948307,0.0180855962408785,0.00477593095803401,0.0017217723245479,0.00110245103590206,0.00235604045207348,4.22081353267149,0.0139565228414274
8.33333333333333,22.5555555555556,1.31333333333333,0,0.000155840207772959,0.00460169492158688,0.0228428129196092,0.0645506686346218,0.139435472960268,0.301030172425439,0.000155840207772959,0.00460169492158688,0.0228428129196092,0.0645506686346218,0.139435472960268,0.301030172425439,0.000155840207772959,0.00460169492158688,0.0228428129196092,0.0645506686346218,0.139435472960268,0.301030172425439,0.444444444444444,3,150.000015727529,157.896625351526,-8.54794373086137,620.601760233309,34.9884982501823,3834.17623164254,-47.3975002603896,0.798324570357255,-0.316745731893553,-0.0103347108634517,0.85842838246016,-0.0274437315519216,-2.37186236840954,-1.01778232267472,-101.070151025935,0.00307837705447348,1.05567901632122,1173.6943026768,19.8101541506091,1.51613051765441,0.966454275596293,0.501647265909801,0.341662805957713,0.14028543401729,0.0307719724359963,0.0747908740452037,0.00995909396052494,0.00614554330798875,0.00605242860118737,0.00924870211436309,0.00990627934590148,4999.97385688991,43.0936298302262,17.3232166618681,42.8081694776503,116.577067935967,117.147781438061,2412.48941408975,921.150003269015,17.7978821428698,0.218750713216421,0.407206989612127,0.00633313528790701,0.322352280266963,0.331299241285954,2.71650541342877,0.498302309168069,1.34678490924576,0.523461371230694,0.525229718554906,1.21431472257421,0.00598410966207432,0.316031998554327,0.244700044809752,0.142511013620706,0.0911319614099106,0.0612652668611537,0.0253932430256861,0.0877491282237335,0.0148310487134883,0.00352180810986068,0.0010303372636194,0.000774135302561232,0.00199699634589035,4.94583619151169,0.0119530349032474
-11.6666666666667,15.2222222222222,1.42,0.5,3.89600519432397e-05,0.00115042373039672,0.00571070322990231,0.0161376671586555,0.0348588682400669,0.0752575431063598,3.89600519432397e-05,0.00115042373039672,0.00571070322990231,0.0161376671586555,0.0348588682400669,0.0752575431063598,3.89600519432397e-05,0.00115042373039672,0.00571070322990231,0.0161376671586555,0.0348588682400669,0.0752575431063598,0.111111111111111,3,150.000015727529,186.741526924279,-13.3509210071868,614.633725653578,304.868709478179,5803.81960212478,-40.0093267367983,2.45932436204562,-0.658771547567961,-0.109697825434851,2.53789287574211,-0.20327443884387,4.64514084512029,-0.289993897475263,-100.929207374232,0.317086187851265,5.1643547234663,1173.72492448703,10.4164868242887,1.31452546609728,0.780775450473909,0.494028340797834,0.459823716279554,0.38067405478596,0.326225222372669,0.0155505789968753,0.0087204786572232,0.00606003301739402,0.00600100895740027,0.00616940995729611,0.00716511905009895,4999.98854286012,43.0936423289232,17.3232166618681,62.3699390149675,124.224469913264,121.635148308902,2616.19145455976,2285.65802513628,22.3733616379502,1.25010634707911,0.603305535357981,0.0886287780052325,1.32665843505845,0.408293476678197,3.03737773004889,0.528901773179265,1.85126993203646,0.659157510220416,2.91746540867397,0.446575578039569,0.00477406822576144,0.17805344762398,0.0796664084922225,0.106514581082469,0.134175727961274,0.157723379399084,0.165477231141462,0.0289014029044939,0.00540727475356353,0.00262852269508886,0.00199715745752009,0.00138948165599053,0.000990252663724313,1.20945664946655,0.00500757506938634
-11.6666666666667,15.2222222222222,1.42,0.5,0.000233760311659438,0.00690254238238032,0.0342642193794138,0.0968260029519328,0.209153209440401,0.451545258638159,0.000233760311659438,0.00690254238238032,0.0342642193794138,0.0968260029519328,0.209153209440401,0.451545258638159,0.000233760311659438,0.00690254238238032,0.0342642193794138,0.0968260029519328,0.209153209440401,0.451545258638159,0.666666666666667,3,150.000015727529,191.827146130612,-14.9370125924383,614.67771065514,334.772896562858,5930.17456514946,-37.9920593584001,2.45969721903968,-0.636488556742006,-0.104150444120404,2.53249546922195,-0.204186107898135,4.53173189511509,-0.281185666392043,-100.948046036871,0.315090882892928,5.08953857931466,1173.71752942402,9.8984638058537,1.35462920529112,0.828048640766588,0.539553556921154,0.508654858868868,0.395404374544318,0.308001962295594,0.0159673937882512,0.00923810469346944,0.00618969211540465,0.00659758275179669,0.00882284074575565,0.0109498612644516,4999.98989688574,43.0936256639925,17.3232166618681,59.1985838775269,124.299494139165,121.52233375413,2612.61207665135,2146.11328353697,22.5589355785943,1.13680036548565,0.561868541257409,0.0797664864426055,1.20363935871904,0.399083650033758,2.72343648308376,0.465104403874922,1.71785284899407,0.641731258402355,2.60583664496585,0.450224457671035,0.00341716976784918,0.177214084269927,0.0805465554073918,0.109036963562932,0.138875459846161,0.148818343248107,0.140653786856471,0.0305022484037118,0.00584198084214438,0.00310065968629213,0.00256645349620395,0.00184619980690912,0.00314108928122482,1.48849826439818,0.00514468411315631
-11.6666666666667,3,1.42,0.5,0.000233760311659438,0.00690254238238032,0.0342642193794138,0.0968260029519328,0.209153209440401,0.451545258638159,0.000233760311659438,0.00690254238238032,0.0342642193794138,0.0968260029519328,0.209153209440401,0.451545258638159,0.000233760311659438,0.00690254238238032,0.0342642193794138,0.0968260029519328,0.209153209440401,0.451545258638159,0.666666666666667,3,150.000015727529,48.826327465889,-1.60088719091761,204.083159045933,34.4885792000833,1664.12498698052,-20.7297448182481,0.948320497864807,-0.0678385610582231,-0.014423511405062,0.948320497864807,-0.0678385610582231,-0.194486833577336,-0.0311474616562858,-33.2201812311218,0.117833668357463,2.15673023643371,672.824372461212,-6.05447597333611e-18,0.195694969274034,0.161028846995104,0.18130158316842,0.266061410269763,0.314037194042287,0.365813904801583,0.0120074690136444,0.00803972023747527,0.00599875981668575,0.00599533611082179,0.00742039735444224,0.010764127590876,18.0756733673575,0.27176686803458,17.3232166618681,3.49153268497589,122.259549106635,120.333089739865,2528.85944401277,191.791490517595,7.02969824413719,0.200465458138995,0.340392279284251,0.00573205178469246,0.200465458138995,0.340392279284251,0.281148359232095,0.052521001039979,0.362857824065008,0.544752030587818,0.422426576622145,0.0554685008949701,9.30982288718383e-16,0.0221101353715325,0.0381948721737402,0.0402568651701377,0.0530026066698856,0.0633370973344278,0.0871108953753472,0.000567811377226148,0.000333566566407332,0.000281322593990066,0.000426602327306803,0.000894139977336974,0.00357604997382327,0.166310161946498,0.0024907200833335
5,3,1.42,0.5,0.000233760311659438,0.00690254238238032,0.0342642193794138,0.0968260029519328,0.209153209440401,0.451545258638159,0.000233760311659438,0.00690254238238032,0.0342642193794138,0.0968260029519328,0.209153209440401,0.451545258638159,0.000233760311659438,0.00690254238238032,0.0342642193794138,0.0968260029519328,0.209153209440401,0.451545258638159,0.666666666666667,3,150.000015727529,49.4196677429434,-1.38568424153734,204.629051140506,30.849860212478,1685.52869492761,-19.7068230392667,0.9591490886366,-0.0681489880481201,-0.014432022185189,0.9591490886366,-0.0681489880481201,-0.180115512082908,-0.0319056005041142,-33.3061410269763,0.118370148434538,2.18021789396938,673.685574419335,5.61585602541401e-18,0.213445589001146,0.174543492344547,0.191740204145402,0.27580072909072,0.323490178106447,0.375089876054578,0.0120305999375065,0.00804944932819498,0.00600406124362046,0.00600220789501094,0.00738594552650766,0.0108719717321112,23.6746057702323,0.355490396833663,17.3232166618681,0.989608247410939,122.206066849812,120.23086371282,2522.22365814592,149.541208905406,7.93834417729032,0.151898874164183,0.332431415413485,0.00436547885102867,0.151898874164183,0.332431415413485,0.258693764543577,0.0516738498837732,0.354631781607326,0.530574811470088,0.349198440504258,0.0778701222906305,8.87982254204547e-16,0.05657498548727,0.0599277651533161,0.0535538320108062,0.058452793021107,0.065143009173244,0.0839359092651156,0.00130710862308283,0.000606394460932658,0.000423674214460626,0.000501355424183778,0.000878469630030825,0.00361778493868728,0.218555230634123,0.00326332803330026
5,3,1.24222222222222,0.5,0.000233760311659438,0.00690254238238032,0.0342642193794138,0.0968260029519328,0.209153209440401,0.451545258638159,0.000233760311659438,0.00690254238238032,0.0342642193794138,0.0968260029519328,0.209153209440401,0.451545258638159,0.000233760311659438,0.00690254238238032,0.0342642193794138,0.0968260029519328,0.209153209440401,0.451545258638159,0.666666666666667,3,150.000015727529,46.2156671180086,-1.48594123632955,204.513670450995,32.644147859598,1546.69596916988,-17.42233142381,0.865134965107801,-0.062129692043537,-0.011902928236642,0.865134965107801,-0.062129692043537,-0.310099245630664,-0.0286365550703052,-33.262686178523,0.107294968982398,1.95671398812624,673.250807207581,1.10315897906468e-17,0.214006686803458,0.175009963545464,0.192110936360796,0.276191865430684,0.323915373398605,0.375422945526507,0.0120294594313093,0.00804861347776274,0.00600366107697114,0.00600183470471827,0.00740183553796481,0.0108902383501719,20.9545203624623,0.314841547755442,17.3232166618681,0.866303194140502,122.124782647558,120.249774086522,2520.39180841598,119.200779296078,7.17679407164602,0.132590152660453,0.331944913858119,0.00351928626818758,0.132590152660453,0.331944913858119,0.241204529545188,0.0507371208517336,0.354633235343205,0.529734907458284,0.301437758675574,0.0541374063352447,9.12858215060546e-16,0.0566978211760852,0.0600761901658421,0.0537585619650509,0.0587955840485793,0.0656329262918697,0.0845278917201671,0.0013118937764437,0.00060882079538851,0.000425724583938037,0.000504584299889976,0.000872415811680563,0.00361764346556106,0.191543678729862,0.00286468505759422
5,3,1.24222222222222,0.222222222222222,0.000233760311659438,0.00690254238238032,0.0342642193794138,0.0968260029519328,0.209153209440401,0.451545258638159,0.000233760311659438,0.00690254238238032,0.0342642193794138,0.0968260029519328,0.209153209440401,0.451545258638159,0.000233760311659438,0.00690254238238032,0.0342642193794138,0.0968260029519328,0.209153209440401,0.451545258638159,0.666666666666667,3,150.000015727529,46.453799604208,-1.42624837287783,204.643213206958,31.9406249349027,1558.9835433809,-17.2149444849495,0.877399968753255,-0.0629427394781794,-0.0119840611394646,0.877399968753255,-0.0629427394781794,-0.293134947201333,-0.0292165326072284,-33.2841433184044,0.108985190386418,1.98956712842412,673.472836162894,6.5590039287574e-18,0.212593948547027,0.175072263305906,0.191168117904385,0.27531985209874,0.322971492552859,0.390048921987293,0.0120153265284867,0.00802862014373503,0.00600133819393814,0.00600158171023851,0.00734914206853453,0.00990862786168107,22.3186688886575,0.335233371523799,17.3232166618681,3.59522045265247,122.075478071096,120.093510781344,2518.21085611296,39.4833791506183,7.3615060210715,0.0460847506525462,0.3299907877481,0.00168559723240975,0.0460847506525462,0.3299907877481,0.151035088451409,0.0466047432928352,0.350055944754115,0.526264001136372,0.0736466104289958,0.0444827579942606,8.74938301654603e-16,0.0350927176657461,0.0311066346482118,0.0241785025274057,0.0247073876354784,0.0267748065420799,0.0276688256650245,0.00083527338347326,0.000317757940771516,0.000197064553954906,0.000233037479583113,0.000399342191429976,0.00385413293148484,0.106792725835417,0.00159504074411695
-1.66666666666667,15.2222222222222,1.34888888888889,0,0.000233760311659438,0.00690254238238032,0.0342642193794138,0.0968260029519328,0.209153209440401,0.451545258638159,0.000233760311659438,0.00690254238238032,0.0342642193794138,0.0968260029519328,0.209153209440401,0.451545258638159,0.000233760311659438,0.00690254238238032,0.0342642193794138,0.0968260029519328,0.209153209440401,0.451545258638159,0.666666666666667,3,150.000015727529,188.0324028747,-14.3193119977086,616.380762420581,316.535343651703,5800.08717841891,-30.3976431708156,2.39929101135298,-0.637277689823977,-0.0805106166024372,2.47459056348297,-0.197768173819394,4.31642388230392,-0.305073023125716,-101.007299239663,0.305258675700448,4.9766041037392,1173.58691802937,10.3054973440266,1.39452161233205,0.867218227267993,0.571796760754089,0.538805082803875,0.425481314446412,0.336361222789293,0.0145440230831163,0.00914400297094053,0.00603048094990104,0.00747891407145089,0.00808693896469118,0.00664962472659097,4999.99729194876,43.093393396521,17.3232166618681,20.0365363395475,120.945118802465,117.069092195956,2486.17142553161,359.014603642106,24.7339393139837,0.0894988564372237,0.348966366854965,0.00969484273633471,0.141693907738157,0.331224875651425,1.46459604699026,0.299698610577369,1.13542378603048,0.525912664170061,0.200919600472405,0.541959879404637,0.00524255605470619,0.146194601959968,0.0806576722754802,0.0481056451872458,0.0365356627032056,0.0299237684719641,0.0241933169431759,0.0245833154297013,0.00632917385035295,0.00220921594867118,0.00156480274549319,0.00153583144590565,0.000834082785340299,2.08990454304204,0.00747804523630299
15,15.2222222222222,1.34888888888889,0,0.000233760311659438,0.00690254238238032,0.0342642193794138,0.0968260029519328,0.209153209440401,0.451545258638159,0.000233760311659438,0.00690254238238032,0.0342642193794138,0.0968260029519328,0.209153209440401,0.451545258638159,0.000233760311659438,0.00690254238238032,0.0342642193794138,0.0968260029519328,0.209153209440401,0.451545258638159,0.666666666666667,3,150.000015727529,194.125934798459,-15.7501360858244,615.115935840017,365.304153421519,6105.10988438704,-28.4064521170711,2.62709488594937,-0.655737225289034,-0.096316997187793,2.69869065722321,-0.220664500017602,5.25470288981355,-0.26634992770024,-100.951174877617,0.345527267367983,5.51158806374337,1173.61493594417,9.34045953546509,1.38084297469014,0.891195802520569,0.60028885532757,0.574399604207894,0.466573586084783,0.376874825539006,0.0333877360233309,0.00973857292438288,0.00614913526715967,0.00702164159983335,0.00869021664409957,0.00919625289032392,4999.98468909489,43.0933434017284,17.3232166618681,20.3665063130498,123.362536065795,117.480397603271,2538.63689200422,350.690903056614,25.4546248523753,0.0607910805536916,0.343447576199726,0.0073437537328283,0.101409803546855,0.333715053299516,1.49591120004944,0.284733112108328,1.10263636474231,0.528079777827733,0.117504981185242,0.501395779466943,0.00421340284004721,0.377412216179781,0.207686453588707,0.115446157664659,0.0765749097007412,0.0526124032047805,0.0350242773321425,0.0615673553338354,0.0126469380197929,0.00376562546215071,0.00196918861319794,0.00164100047733147,0.00364517460241364,1.7805883068335,0.00601800081439291
15,3,1.34888888888889,0,0.000233760311659438,0.00690254238238032,0.0342642193794138,0.0968260029519328,0.209153209440401,0.451545258638159,0.000233760311659438,0.00690254238238032,0.0342642193794138,0.0968260029519328,0.209153209440401,0.451545258638159,0.000233760311659438,0.00690254238238032,0.0342642193794138,0.0968260029519328,0.209153209440401,0.451545258638159,0.666666666666667,3,150.000015727529,47.5429194875534,-1.60583400583272,204.091842516405,34.9171972398708,1613.19050098948,-18.237249453182,0.920486303510051,-0.0661110818383501,-0.0130872992396625,0.920486303510051,-0.0661110818383501,-0.231422646932611,-0.0303796562878867,-33.2108926153525,0.114955168790751,2.09630496823248,672.702718466798,-1.28691872721591e-17,0.190514602645558,0.158102343505885,0.179774617227372,0.265666305593167,0.315051369648994,0.38603897510676,0.0120174013123633,0.00803813175710863,0.00599919758358505,0.00600011290490573,0.00742572544526612,0.0100893264243308,17.4762930944693,0.262792282053951,17.3232166618681,6.33157392283214,121.734044150815,120.154677204403,2506.80692760463,176.78572911322,8.29596729974846,0.0533445515697553,0.323111522725361,0.0015042408062044,0.0533445515697553,0.323111522725361,0.173345149554072,0.0455044976589495,0.341253426461191,0.514239375783733,0.18442080816624,0.0162629692342859,9.22838981886744e-16,0.0370872861648552,0.0211430862351993,0.0208049314171602,0.0426502750453463,0.0509911469077487,0.0528749164060756,0.000777556191883118,0.000214420739126192,0.000173711052644404,0.000369167388300332,0.000736360431890194,0.00385413574724967,0.0734727636839004,0.00109920890588214
15,3,1.34888888888889,0.277777777777778,0.000233760311659438,0.00690254238238032,0.0342642193794138,0.0968260029519328,0.209153209440401,0.451545258638159,0.000233760311659438,0.00690254238238032,0.0342642193794138,0.0968260029519328,0.209153209440401,0.451545258638159,0.000233760311659438,0.00690254238238032,0.0342642193794138,0.0968260029519328,0.209153209440401,0.451545258638159,0.666666666666667,3,150.000015727529,46.9911905009895,-1.7231989365691,203.825015102593,36.5860442193522,1587.69169878138,-18.455661701906,0.900575971252993,-0.0648953747776273,-0.0125866482658056,0.900575971252993,-0.0648953747776273,-0.258387653213207,-0.0294691053932923,-33.1689667742944,0.112574686457661,2.04658795958754,672.299687532544,-9.95898804291221e-18,0.193030237475263,0.158231526924279,0.179073231955005,0.263252025830643,0.311337725236954,0.367919393813145,0.0120370982189355,0.00805334881783148,0.00599993771482137,0.00599830496823248,0.00746252525778566,0.0101784537027393,14.7613550671805,0.222105634829705,17.3232166618681,3.13400234811278,121.73992613011,120.37126195746,2508.27181711098,102.618433320356,8.03461402168252,0.060601783446811,0.32496032756898,0.00194779765882077,0.060601783446811,0.32496032756898,0.218275528789305,0.0475351701691988,0.345430008347235,0.517504815834046,0.195082775158,0.077888182804478,8.73326065083665e-16,0.058094682021624,0.048041552906936,0.0394902573436005,0.0510156281233767,0.0571231983632008,0.0712605221535096,0.00123508414677821,0.000440623377870428,0.000294029870002158,0.000434615564207445,0.000824472035489795,0.00365591826941933,0.21923148690748,0.00328689134346118
15,3,1.34888888888889,0.277777777777778,3.89600519432397e-05,0.00115042373039672,0.00571070322990231,0.0161376671586555,0.0348588682400669,0.0752575431063598,3.89600519432397e-05,0.00115042373039672,0.00571070322990231,0.0161376671586555,0.0348588682400669,0.0752575431063598,3.89600519432397e-05,0.00115042373039672,0.00571070322990231,0.0161376671586555,0.0348588682400669,0.0752575431063598,0.111111111111111,3,150.000015727529,48.3698302260181,-1.59957090303094,204.018797000312,34.7910958931361,1661.79397979377,-17.6087254452661,0.970092875742112,-0.0693591733225705,-0.0145984079783356,0.970092875742112,-0.0693591733225705,-0.154335868464743,-0.0323112334683887,-33.2121883137173,0.121677715216123,2.228166857619,672.73432975732,-2.53608668888655e-18,0.192487047182585,0.157832809082387,0.176679825018227,0.255394011040517,0.325127538798042,0.410761254036038,0.0120371971669618,0.00804937360691595,0.00600051223830852,0.00599942297677325,0.00596608717841892,0.0067982187699198,17.5141360274971,0.26335840016665,17.3232166618681,3.32067236890219,121.759018515197,120.33857608873,2506.52337663775,146.017736683778,8.82574616870457,0.0959873785934364,0.322472121700664,0.00297799462143691,0.0959873785934364,0.322472121700664,0.315322263109855,0.053660384334223,0.342855096264078,0.512871173991041,0.296802787479557,0.0660530973191021,9.4620300617738e-16,0.0580416389903508,0.0480096298202019,0.0393149964524062,0.051021721952553,0.0637765031662832,0.100198393994168,0.00123104611153495,0.000439857706261354,0.000289192204830253,0.000422531552975057,0.000572217538036569,0.00103387696879369,0.231993188286336,0.00347401402418969
15,3,1.17111111111111,0.277777777777778,3.89600519432397e-05,0.00115042373039672,0.00571070322990231,0.0161376671586555,0.0348588682400669,0.0752575431063598,3.89600519432397e-05,0.00115042373039672,0.00571070322990231,0.0161376671586555,0.0348588682400669,0.0752575431063598,3.89600519432397e-05,0.00115042373039672,0.00571070322990231,0.0161376671586555,0.0348588682400669,0.0752575431063598,0.111111111111111,3,150.000015727529,45.1405978543902,-1.68120638475159,203.951592542444,36.2457707738778,1519.08478283512,-15.4859114675555,0.869930309342775,-0.062894046570149,-0.0118990924903656,0.869930309342775,-0.062894046570149,-0.29422061790126,-0.0288107892729924,-33.17956150401,0.109637445328612,1.98719633371524,672.419216748249,-1.75208995417144e-17,0.192903914175607,0.158175851473805,0.176926903447558,0.255622705968128,0.325355890011457,0.410797979377148,0.0120370169773982,0.00804870117696073,0.00600012675762941,0.00599883855848349,0.00596497708572024,0.00680040867930424,15.4953077804396,0.233110186438913,17.3232166618681,3.38972123928103,121.721147141515,120.361121418244,2506.41916992101,124.66088040275,7.89227796867732,0.077001670219968,0.323255670973286,0.0022888733508966,0.077001670219968,0.323255670973286,0.313155847733827,0.0542713913528217,0.343962548520287,0.514294111342657,0.25045431031073,0.0680567394615373,9.37458243430749e-16,0.058104394654601,0.0480216458416413,0.0393190614037362,0.0510807686313415,0.0638982778763603,0.101270539254596,0.00123358211312256,0.000440053322961726,0.000289055960328901,0.000423398075811155,0.000575212326283273,0.00101317192050451,0.200850150275025,0.00301190802908282
1.66666666666667,22.5555555555556,1.31333333333333,0.222222222222222,0.000311680415545917,0.00920338984317375,0.0456856258392184,0.129101337269244,0.278870945920535,0.602060344850878,0.000311680415545917,0.00920338984317375,0.0456856258392184,0.129101337269244,0.278870945920535,0.602060344850878,0.000311680415545917,0.00920338984317375,0.0456856258392184,0.129101337269244,0.278870945920535,0.602060344850878,0.888888888888889,3,150.000015727529,153.997104468285,-9.7462647536715,620.375367149255,91.8014615894178,3626.6333715238,-48.9993584001666,0.653712888292887,-0.271354897031559,-0.0155598044995313,0.70715153707947,-0.0301582710550984,-2.96056137516925,-1.10495850348922,-101.032810123945,0.00501217446099364,0.69272195141704,1173.74700552026,20.1012529944793,1.56053109051141,0.950452244557859,0.481493646495157,0.314697698156442,0.116304734024581,-0.0101166129541714,0.0430380530184356,0.0101706293973544,0.00629232475783772,0.00652149869805229,0.00881702166440996,0.0136716578481408,4999.97354442246,43.093608999063,17.3232166618681,59.2780786752365,116.623689482754,117.222975485615,2423.01380922705,1737.92950052965,18.0382764658695,0.703594945049634,0.560745041510171,0.0121204142855661,0.828637752023008,0.350478452520685,3.41667047342118,0.699622051298292,1.88946150239889,0.556969329517028,1.70149685142189,1.30776831252346,0.00781309315354065,0.223438980057914,0.206592227662704,0.162500583426016,0.151724746734399,0.115188458459829,0.110177482535121,0.0517646295091083,0.0120866640375782,0.00380815711367559,0.00168024873525202,0.00137933927938546,0.00717448114929335,5.08299124822294,0.0178595451325543
-15,22.5555555555556,1.31333333333333,0.222222222222222,0.000311680415545917,0.00920338984317375,0.0456856258392184,0.129101337269244,0.278870945920535,0.602060344850878,0.000311680415545917,0.00920338984317375,0.0456856258392184,0.129101337269244,0.278870945920535,0.602060344850878,0.000311680415545917,0.00920338984317375,0.0456856258392184,0.129101337269244,0.278870945920535,0.602060344850878,0.888888888888889,3,150.000015727529,158.07381522758,-9.11907346526403,620.296114988022,75.0885350067702,3898.19779189668,-48.2362347672117,0.857656619102178,-0.337529764378711,-0.0116944137069055,0.920733517341944,-0.0418309873617332,-2.12931654567233,-0.956597888240807,-101.081906051453,0.0272341468544943,1.20557948166858,1173.69409436517,18.8807134673469,1.49853817310697,0.974387657535671,0.511967232579939,0.35287046141027,0.139643014269347,0.0329911455025518,0.117283629285491,0.011442544030726,0.00646502844495365,0.00605704697427351,0.00978064805749403,0.00983149484428711,4999.97739818769,43.0935642120615,17.3232166618681,29.7241824900692,113.61143553361,117.530556986386,2334.57633627514,633.937512479311,21.6480902583106,0.257745909420712,0.372256049215178,0.00616431161955619,0.322051548709939,0.318257392390267,3.52057427947686,0.508106924425089,1.2695915976891,0.505770444307252,0.658782384970913,1.00636283790241,0.00664276508591615,0.426119711057863,0.276922735540269,0.125167853846749,0.056827477034713,0.0502140785775503,0.0517862547939737,0.150348142323357,0.0216379982520198,0.00416949913665875,0.00105029611399073,0.000605192885556114,0.00282941496371148,4.04070558255208,0.0123913304003253
-15,22.5555555555556,1.31333333333333,0.222222222222222,0.000116880155829719,0.00345127119119016,0.0171321096897069,0.0484130014759664,0.104576604720201,0.225772629319079,0.000116880155829719,0.00345127119119016,0.0171321096897069,0.0484130014759664,0.104576604720201,0.225772629319079,0.000116880155829719,0.00345127119119016,0.0171321096897069,0.0484130014759664,0.104576604720201,0.225772629319079,0.333333333333333,3,150.000015727529,158.340391625872,-8.83307615487969,620.260431205083,63.7574258931361,3920.82595562962,-47.8956629517759,0.873116289969795,-0.342643955899385,-0.012317750598896,0.937060816581603,-0.0407607508155401,-2.07023747213832,-0.950025827517966,-101.083242370587,0.0254701218998021,1.23915155703573,1173.7046141027,18.9360327049268,1.49626617019061,0.969314581814394,0.505243432975731,0.345187022185189,0.147119575044266,0.0395071825002604,0.116192183928758,0.01093542698396,0.00630157279450058,0.00605397854390168,0.00839675867097177,0.00955884282887201,4999.97083637121,43.0936444120407,17.3232166618681,30.081224307641,113.585509038678,117.57759060413,2334.70363987822,664.992983372433,21.6048374622765,0.286502202037104,0.377215365000418,0.00674516785471334,0.350473012605108,0.318659493385559,3.02019681316323,0.514891250735962,1.29024743125284,0.506496305453106,0.733024842880961,0.982677337433433,0.00539275875067982,0.427708132471792,0.27666065848996,0.124417635635508,0.0552757623599661,0.0531940009813393,0.0536941166054141,0.149401486838893,0.0213862489524233,0.00402450277414456,0.00100125754458144,0.000606224007848364,0.00211719555662252,3.94154995665751,0.0120562139178049
-15,22.5555555555556,1.13555555555556,0.222222222222222,0.000116880155829719,0.00345127119119016,0.0171321096897069,0.0484130014759664,0.104576604720201,0.225772629319079,0.000116880155829719,0.00345127119119016,0.0171321096897069,0.0484130014759664,0.104576604720201,0.225772629319079,0.000116880155829719,0.00345127119119016,0.0171321096897069,0.0484130014759664,0.104576604720201,0.225772629319079,0.333333333333333,3,150.000015727529,155.267972086241,-8.48643554108948,619.914290178106,78.3542751796688,4012.90875950422,-37.1277292990313,1.03987287782523,-0.406358986636809,-0.0171960915529632,1.11492799708364,-0.0583946067992918,-1.27023880188522,-0.866417057702322,-101.102634100615,0.0594949557941881,1.71744394273097,1173.67565878554,18.3458118945935,1.51952286220185,1.02603632954901,0.559647276325383,0.399425018227268,0.20493567753359,0.0851140930840538,0.126964191416519,0.0117320319991042,0.00637081645661911,0.00615336996146234,0.00786970190605145,0.00933434954692222,4999.97427351318,43.0935090094786,17.3232166618681,32.1989904432456,114.80300167231,117.592050219971,2359.16189638235,731.235354132059,20.0211150834861,0.307135472189083,0.393811120368696,0.00955258146296137,0.380079735085063,0.323973049980089,2.52491059588896,0.457289378441312,1.31963283575693,0.515029369524806,0.789684759503574,1.03006884166089,0.00534922386930053,0.409321077266947,0.278187120423663,0.125155649947074,0.0546979160467421,0.049909335908577,0.0518898695896569,0.157913598892628,0.0228083599169578,0.00451273606963045,0.00129361996922625,0.00049200579506825,0.00161284371152453,3.93086935833108,0.0115121379362187
-15,22.5555555555556,1.13555555555556,0.5,0.000116880155829719,0.00345127119119016,0.0171321096897069,0.0484130014759664,0.104576604720201,0.225772629319079,0.000116880155829719,0.00345127119119016,0.0171321096897069,0.0484130014759664,0.104576604720201,0.225772629319079,0.000116880155829719,0.00345127119119016,0.0171321096897069,0.0484130014759664,0.104576604720201,0.225772629319079,0.333333333333333,3,150.000015727529,152.761055098427,-8.55440823039266,618.974127695031,101.125790511405,3918.43731902927,-40.2825934798458,0.991705758954275,-0.398004652708051,-0.0336376436829497,1.06679063661077,-0.0619952441683159,-1.43431048397042,-0.897143966712842,-101.062516404541,0.065033759139673,1.61152849113634,1173.72659098011,18.5410196854501,1.53259118841787,0.97931174877617,0.506083553796479,0.347158943860015,0.171449629802729,0.0462533536267056,0.100620191615248,0.0105217514762004,0.00622215154671388,0.00621581356108738,0.00729362139360483,0.00903810853036142,5000.00218727216,43.0934652640345,17.3232166618681,63.6067287473482,116.468138436812,118.154620286883,2413.84949458381,2155.36712309833,15.8401022501117,1.06038420718396,0.655508205036425,0.0301756678190911,1.19291411398582,0.362015155944651,3.05739017743907,0.754560132628159,2.16920354536296,0.580512059379289,2.60097457134177,0.753830587371013,0.00350471824013238,0.369430145124237,0.173158357109762,0.0949484379551303,0.151324634688519,0.175204451127621,0.203779647321288,0.125394069124184,0.0134517362574955,0.00300069706596962,0.00153508846827968,0.00122068979520656,0.00149811870214611,2.70614566902975,0.00723281487357326
-15,10.3333333333333,1.13555555555556,0.5,0.000116880155829719,0.00345127119119016,0.0171321096897069,0.0484130014759664,0.104576604720201,0.225772629319079,0.000116880155829719,0.00345127119119016,0.0171321096897069,0.0484130014759664,0.104576604720201,0.225772629319079,0.000116880155829719,0.00345127119119016,0.0171321096897069,0.0484130014759664,0.104576604720201,0.225772629319079,0.333333333333333,3,150.000015727529,195.958243932924,-21.8047310444745,470.039516717008,762.372021518592,6972.50015623373,-4.99438443620456,3.79571273825644,-0.381211875045308,-0.211760436412874,3.79571273825644,-0.381211875045308,8.09246318091864,-0.376002749713571,-78.4811925841059,0.634963037761692,8.39427507551296,1037.16237891886,-2.44823379085512e-17,1.39586386834705,1.06558139777106,0.869502041454015,0.910346057702324,0.89936156650349,0.846918706384752,0.0148884004432976,0.00925516943078846,0.0060891051360275,0.00652600489428184,0.00965857707009686,0.0135637828351213,2822.40610353088,27.5225768149138,17.3232166618681,31.6249577239387,126.912783489622,124.309807884105,2718.68154212483,1373.22282128612,30.6142787863519,0.890790733686704,0.408487789488433,0.095425801590092,0.890790733686704,0.408487789488433,1.75357339860505,0.140159924999165,0.851716651638519,0.659185212315421,1.97985862080808,0.368817263002796,1.34169674984487e-15,0.136537591388145,0.0435508593218439,0.0918020610130769,0.136006163246255,0.143674414032954,0.146024416551484,0.0260474678658345,0.00554618907338957,0.00450811619634273,0.00473079438371304,0.00452454854605365,0.0048617031010256,0.755507716503885,0.00453975034877281
-1.66666666666667,3,1.13555555555556,0.333333333333333,3.89600519432397e-05,0.00115042373039672,0.00571070322990231,0.0161376671586555,0.0348588682400669,0.0752575431063598,3.89600519432397e-05,0.00115042373039672,0.00571070322990231,0.0161376671586555,0.0348588682400669,0.0752575431063598,3.89600519432397e-05,0.00115042373039672,0.00571070322990231,0.0161376671586555,0.0348588682400669,0.0752575431063598,0.111111111111111,3,150.000015727529,45.7302624726591,-1.49040108946985,204.482576814915,33.0219806478492,1538.88740756171,-15.6575292157067,0.878399958337674,-0.0631213229767733,-0.0122342212269555,0.878399958337674,-0.0631213229767733,-0.28447670864285,-0.0294662432598688,-33.2589667742943,0.109946998013749,2.00403239245912,673.230955108835,-6.42245787105509e-18,0.214166149359442,0.176117571086345,0.189617394021456,0.267858514738048,0.337807488803249,0.421983480887408,0.0120109790646807,0.00802338662639309,0.00600112748672013,0.00600044318300177,0.0059220383293407,0.00678171754713051,20.6795250494741,0.310729444849495,17.3232166618681,2.74302723849052,122.152886866858,120.182447175746,2522.6586219459,63.7465352715134,7.01987704740124,0.112552514678326,0.334212934109933,0.00325761645916334,0.112552514678326,0.334212934109933,0.267061831297204,0.0518247939534171,0.355694589032179,0.533855267701605,0.225816830022593,0.0507240714263956,8.95467945504064e-16,0.0299859384728593,0.0339782956240661,0.0293215738890867,0.0288317783415355,0.0342121747816034,0.0708957589088174,0.000750765151139711,0.000342103226813382,0.000224533843485661,0.000244232814402298,0.000302519252812735,0.000938000518963184,0.162993300675723,0.00243774455912137
15,3,1.13555555555556,0.333333333333333,3.89600519432397e-05,0.00115042373039672,0.00571070322990231,0.0161376671586555,0.0348588682400669,0.0752575431063598,3.89600519432397e-05,0.00115042373039672,0.00571070322990231,0.0161376671586555,0.0348588682400669,0.0752575431063598,3.89600519432397e-05,0.00115042373039672,0.00571070322990231,0.0161376671586555,0.0348588682400669,0.0752575431063598,0.111111111111111,3,150.000015727529,44.4012675762941,-1.68689503801687,203.962101864389,36.3624401447766,1485.98343922508,-15.115789292782,0.846294427663784,-0.0613375945589001,-0.0113451256119155,0.846294427663784,-0.0613375945589001,-0.325888845540048,-0.0281727333371524,-33.1759493802729,0.106735504541194,1.93013665243204,672.371940422867,-1.01837460483283e-17,0.193526068117904,0.158352144568274,0.17721279033434,0.25578800124987,0.325491740443704,0.411062108113738,0.0120357150296844,0.00805389574002708,0.00600052307051348,0.00599844141235289,0.0059753142381002,0.00680129169982294,15.2946557650245,0.230103155921258,17.3232166618681,2.88060585123448,121.740161332589,120.381502246151,2507.31737054001,123.238227280386,7.66301875000927,0.0878289222081058,0.323897038278141,0.00244996899615825,0.0878289222081058,0.323897038278141,0.289644316673238,0.0521836120158112,0.345285022873436,0.515422407949669,0.266975027841246,0.0530533830231159,9.25918618997751e-16,0.0624373497990114,0.0536127279313793,0.0444576863542587,0.0553535176894687,0.0684105155286644,0.106075900113498,0.00133849469695754,0.000496733351783992,0.000327294309952175,0.000455072537406406,0.000612024678912785,0.00101430825372425,0.175090062332041,0.00262497568194264
15,3,1.13555555555556,0.0555555555555556,3.89600519432397e-05,0.00115042373039672,0.00571070322990231,0.0161376671586555,0.0348588682400669,0.0752575431063598,3.89600519432397e-05,0.00115042373039672,0.00571070322990231,0.0161376671586555,0.0348588682400669,0.0752575431063598,3.89600519432397e-05,0.00115042373039672,0.00571070322990231,0.0161376671586555,0.0348588682400669,0.0752575431063598,0.111111111111111,3,150.000015727529,45.1338412665347,-1.58282690448912,204.185311946672,34.9230699447973,1522.06145193209,-14.8207228413707,0.877182418498074,-0.0633108581793563,-0.0120380231225914,0.877182418498074,-0.0633108581793563,-0.281957201033226,-0.0295805249648995,-33.213623580877,0.110672471574836,2.00915008853244,672.765201541515,-1.3766250740652e-17,0.190775054681804,0.158088532444537,0.177190584314134,0.257133381939381,0.327929142797625,0.439065618164775,0.0120213977710655,0.00803254858868867,0.00599931465472347,0.00600003093427767,0.00595902895531716,0.00676555458181439,17.7153848557443,0.266372013331945,17.3232166618681,5.88630967031137,121.719322020773,120.180279073292,2505.12040493789,168.588776608251,7.93070153788875,0.0520094241382456,0.321883385868009,0.0014918994946623,0.0520094241382456,0.321883385868009,0.245615257081636,0.0485251905291563,0.340151626058956,0.511860683178851,0.202599839771044,0.0476355904860304,8.9320809860207e-16,0.0411596050146007,0.0262453007845812,0.0227726643259477,0.0428881995608549,0.0578516284215539,0.0751638954223233,0.000857096797936227,0.000248717656101455,0.00017999610945682,0.000357002507258428,0.000511427662279658,0.00108261026220512,0.103284801922295,0.00154618313592609
15,3,1.31333333333333,0.0555555555555556,3.89600519432397e-05,0.00115042373039672,0.00571070322990231,0.0161376671586555,0.0348588682400669,0.0752575431063598,3.89600519432397e-05,0.00115042373039672,0.00571070322990231,0.0161376671586555,0.0348588682400669,0.0752575431063598,3.89600519432397e-05,0.00115042373039672,0.00571070322990231,0.0161376671586555,0.0348588682400669,0.0752575431063598,0.111111111111111,3,150.000015727529,48.469311530049,-1.48227886876367,204.28424851578,33.2094301426935,1669.98166857619,-16.8870846786793,0.981720060410372,-0.0700546049682325,-0.0148590386418082,0.981720060410372,-0.0700546049682325,-0.135836918959484,-0.0332848799635455,-33.2537423185085,0.123263963639204,2.26122560149984,673.155587959581,-3.24035337016975e-18,0.190291094677638,0.157702885116134,0.176929059472972,0.256905936881575,0.327694646391,0.438019029267785,0.0120220133319446,0.00803316394125611,0.00599952411207167,0.00600028507447141,0.00595995469221956,0.00677030761274867,20.2241329028226,0.303918925111968,17.3232166618681,6.05211706200481,121.751516997704,120.11191842793,2504.7619066702,184.989091675493,8.91182411203039,0.0653086455452469,0.320625139976653,0.00194988762567936,0.0653086455452469,0.320625139976653,0.252087392253104,0.0492767984753433,0.339108303510838,0.50957582836987,0.239276918841597,0.0496893537056095,8.93355340214833e-16,0.0411212162755267,0.0263070409025842,0.0228869270645726,0.0430317418473437,0.0580629855781853,0.07541689331459,0.000854932817919382,0.000248678133244156,0.000179754153483554,0.000355889971695252,0.000509966063136713,0.00116561526427999,0.119118816040959,0.0017822566251325
15,3,1.31333333333333,0.0555555555555556,0.000233760311659438,0.00690254238238032,0.0342642193794138,0.0968260029519328,0.209153209440401,0.451545258638159,0.000233760311659438,0.00690254238238032,0.0342642193794138,0.0968260029519328,0.209153209440401,0.451545258638159,0.000233760311659438,0.00690254238238032,0.0342642193794138,0.0968260029519328,0.209153209440401,0.451545258638159,0.666666666666667,3,150.000015727529,46.7944266222268,-1.64890245911884,204.014131861264,35.6078605249453,1580.43776689928,-17.8403697531507,0.897959379231331,-0.0646806162670555,-0.0124827861681075,0.897959379231331,-0.0646806162670555,-0.262225566670139,-0.0295530676630559,-33.1944276637851,0.112307014633892,2.04248932402875,672.568440787433,7.78733952504947e-18,0.190991480054161,0.158043380897823,0.17937916883658,0.264783324653682,0.313728205395271,0.384255098427247,0.0120209696906573,0.00804003885011978,0.00599916331632121,0.00599964576606604,0.00744240110405167,0.00995066420164567,16.4271034267264,0.247076887824184,17.3232166618681,5.66540582236976,121.724863025491,120.211967047616,2507.00219950219,151.916270478223,8.05803743638518,0.036692626952808,0.323595482726295,0.00120436653344209,0.036692626952808,0.323595482726295,0.158704838494581,0.0452483748246463,0.342236620144556,0.515092781713494,0.157063486087803,0.0464775467605693,9.17443949137452e-16,0.0411689490634179,0.0261592415590235,0.0226589669836784,0.0418157604611649,0.0492082632394141,0.0505471037260996,0.000857968571696394,0.0002483665760417,0.000182253377289241,0.000362782001840521,0.000711413454002862,0.00387046629557014,0.0823412274580481,0.00123119950861728
15,15.2222222222222,1.31333333333333,0.0555555555555556,0.000233760311659438,0.00690254238238032,0.0342642193794138,0.0968260029519328,0.209153209440401,0.451545258638159,0.000233760311659438,0.00690254238238032,0.0342642193794138,0.0968260029519328,0.209153209440401,0.451545258638159,0.000233760311659438,0.00690254238238032,0.0342642193794138,0.0968260029519328,0.209153209440401,0.451545258638159,0.666666666666667,3,150.000015727529,194.650630142693,-16.484937350276,614.894646391001,389.802598604312,6142.06311842516,-26.3995719206333,2.65987751275908,-0.653564139152172,-0.0991152202895532,2.72960733256952,-0.226609356788876,5.39046382855952,-0.263853940076034,-100.942599729195,0.355619467784606,5.58647370065618,1173.58504322466,9.0590184355797,1.39698983439225,0.917591688365796,0.623644953650662,0.596247713779815,0.486113915217164,0.391982064368295,0.0407849458046037,0.00997254416697219,0.00618753277551297,0.00689656160816582,0.00892820497864806,0.00993202093531925,4999.98458493907,43.0935912925732,17.3232166618681,22.5570501698093,123.81431385686,118.02632842966,2552.12019070248,503.739859260032,25.5738858181112,0.17450664981211,0.358098524580281,0.0150413243493796,0.208840363087602,0.339221214241988,1.45108193900839,0.297865765043355,1.12675101281106,0.537446355813367,0.37027183055288,0.492740234033707,0.00436529562885885,0.393433923270456,0.228070192753407,0.135534580511305,0.0958317893674454,0.068785431431226,0.04526532893153,0.068595650628702,0.0144782284045302,0.00455903049494767,0.00246199810659047,0.00173088137653799,0.00402919647025506,1.68212782445649,0.00589113239025341
15,3,1.31333333333333,0.5,0.000155840207772959,0.00460169492158688,0.0228428129196092,0.0645506686346218,0.139435472960268,0.301030172425439,0.000155840207772959,0.00460169492158688,0.0228428129196092,0.0645506686346218,0.139435472960268,0.301030172425439,0.000155840207772959,0.00460169492158688,0.0228428129196092,0.0645506686346218,0.139435472960268,0.301030172425439,0.444444444444444,3,150.000015727529,46.8423372565358,-1.67277013019478,203.931010311426,35.8200503072597,1586.1358191855,-17.7832979897927,0.905774919279241,-0.0651587893031976,-0.0129733400687428,0.905774919279241,-0.0651587893031976,-0.247520699481304,-0.0298440250390584,-33.1862712217478,0.11336719596292,2.06428705343194,672.472825747312,-4.53526443078845e-18,0.19545375273409,0.15917163420477,0.180029073013228,0.261983793354859,0.317635287990834,0.388307645036975,0.0120246595146339,0.008074141235288,0.00600283053848558,0.00599874523487136,0.00765455088011665,0.00926182055306739,15.8981522758045,0.23914951567545,17.3232166618681,1.68865926082287,121.820705257742,120.447791706528,2510.1736194325,166.042481038922,8.09642297464887,0.137086960114345,0.325744398743868,0.00370125000611668,0.137086960114345,0.325744398743868,0.356681151321554,0.0551960963288264,0.347941642277985,0.518750177749869,0.357405313346641,0.0444881040692249,9.2708333143323e-16,0.075598551192776,0.0706127081114972,0.0610448689380314,0.0716614160757654,0.0846789961563353,0.106091430595096,0.00168816066746083,0.000691206716282364,0.00047399316003395,0.000606328721250254,0.000966959685549843,0.00218615574274434,0.132639636080864,0.00198749948238701
15,3,1.31333333333333,0.5,0.000350640467489157,0.0103538135735705,0.0513963290691208,0.145239004427899,0.313729814160602,0.677317887957238,0.000350640467489157,0.0103538135735705,0.0513963290691208,0.145239004427899,0.313729814160602,0.677317887957238,0.000350640467489157,0.0103538135735705,0.0513963290691208,0.145239004427899,0.313729814160602,0.677317887957238,1,3,150.000015727529,45.3274835954588,-1.67634767940839,204.032413290282,35.8409977085721,1504.15196333715,-18.690634933861,0.827831069680243,-0.0599948477762733,-0.0108866692011249,0.827831069680243,-0.0599948477762733,-0.365722953089262,-0.026812628864285,-33.1833850640558,0.102864812414332,1.85992938235601,672.463847515877,-3.00959754192271e-18,0.195501297781481,0.159227629413603,0.182135562962191,0.270062660139569,0.304657139881262,0.333381824809916,0.0120247615873346,0.00807800531194667,0.00600286928444954,0.00599883387147172,0.00795774638058535,0.0123363505884804,15.8348578273097,0.238199312571608,17.3232166618681,1.13073407220645,121.874154195797,120.393850392327,2512.79394842459,127.649549257222,7.33294035839196,0.113660539593194,0.327887537982111,0.00289339742638633,0.113660539593194,0.327887537982111,0.257656250368801,0.0494010588558491,0.350379464744146,0.522707452725651,0.281414306843064,0.0654483517452835,8.88321167541264e-16,0.0755779594468449,0.0706454357067195,0.0614549534030332,0.0728980682783473,0.0767377019280215,0.0831042451773858,0.00168939053573056,0.000692711809569907,0.000484393192018803,0.000638320693305962,0.00119148433675521,0.00589575472151289,0.212189044774513,0.00318060161144496
15,3,1.31333333333333,0.222222222222222,0.000350640467489157,0.0103538135735705,0.0513963290691208,0.145239004427899,0.313729814160602,0.677317887957238,0.000350640467489157,0.0103538135735705,0.0513963290691208,0.145239004427899,0.313729814160602,0.677317887957238,0.000350640467489157,0.0103538135735705,0.0513963290691208,0.145239004427899,0.313729814160602,0.677317887957238,1,3,150.000015727529,45.5025570253099,-1.52933955629621,204.368503280908,33.9353197896053,1513.0158316842,-18.6091087386731,0.836868805332778,-0.0605406014373502,-0.0109253848557442,0.836868805332778,-0.0605406014373502,-0.353225883387147,-0.0274228302629934,-33.2328767836684,0.104038088411624,1.88436808665764,672.969888553269,-9.81559777939797e-18,0.191704570357254,0.157492817414853,0.179772992396625,0.267774575565045,0.302255754608895,0.342756556608686,0.0120349182376836,0.00805319268826163,0.00600020435371316,0.00599952390376002,0.00753529673992293,0.0106628706384751,19.0382960108323,0.286177127382565,17.3232166618681,3.70912858034388,121.89645895346,120.194652076326,2512.52847272751,84.5920181872872,7.43011869196693,0.0263405437000904,0.326478985540084,0.00122001145285599,0.0263405437000904,0.326478985540084,0.124695406658382,0.0454215940118716,0.346482735145136,0.520213218690034,0.112744743586708,0.0458766243490964,9.22041456903471e-16,0.0536081309122164,0.0423595949110718,0.0344356834773908,0.0468917667834391,0.0490119632978328,0.0427317036014654,0.00112405545351867,0.000383072368533718,0.000258310974380126,0.000409282892279809,0.000871258495031992,0.00605254254063369,0.10869908901087,0.00162646143172107
-1.66666666666667,3,1.31333333333333,0.222222222222222,0.000350640467489157,0.0103538135735705,0.0513963290691208,0.145239004427899,0.313729814160602,0.677317887957238,0.000350640467489157,0.0103538135735705,0.0513963290691208,0.145239004427899,0.313729814160602,0.677317887957238,0.000350640467489157,0.0103538135735705,0.0513963290691208,0.145239004427899,0.313729814160602,0.677317887957238,1,3,150.000015727529,46.805572336215,-1.15851613998541,205.267690865535,28.0914723466306,1561.98333506926,-18.9513384022498,0.863450109363607,-0.0617662606707635,-0.0116475108842829,0.863450109363607,-0.0617662606707635,-0.320826284814082,-0.0287939550015623,-33.3889990625976,0.106166454848453,1.94321362358088,674.539850015633,-2.2517317798146e-17,0.212908207478388,0.175432725757733,0.192747890844703,0.280697354442245,0.313987115925424,0.351572992396625,0.0120105863972503,0.00802875346318091,0.00600103457973128,0.00600046213936049,0.00740765857723155,0.00967839308405373,29.1980324966149,0.43787204457869,17.3232166618681,3.65170189603441,122.299821804045,119.935033365684,2524.46512959746,39.3269353910415,7.08500983372002,0.0751916687417237,0.333154842801332,0.00229346098086296,0.0751916687417237,0.333154842801332,0.118517600137705,0.045682174076604,0.353812403357986,0.531770102684758,0.107981914408751,0.0489614899931014,8.80257091441126e-16,0.0223865279270878,0.0225519813374913,0.0177401971163819,0.0159897200465475,0.017835791486269,0.0191007488043893,0.000628350585410549,0.000248722742109426,0.000155328335215389,0.000172208047167172,0.000328695444271771,0.0038352113212706,0.128103609540064,0.00190715912105219
-1.66666666666667,15.2222222222222,1.31333333333333,0.222222222222222,0.000350640467489157,0.0103538135735705,0.0513963290691208,0.145239004427899,0.313729814160602,0.677317887957238,0.000350640467489157,0.0103538135735705,0.0513963290691208,0.145239004427899,0.313729814160602,0.677317887957238,0.000350640467489157,0.0103538135735705,0.0513963290691208,0.145239004427899,0.313729814160602,0.677317887957238,1,3,150.000015727529,192.634913029893,-16.7137018539736,615.83708988647,377.310970691595,5929.6778460577,-28.658735296115,2.42275440058327,-0.613707281533173,-0.0848056837829392,2.49077679408395,-0.205893056179565,4.31844136269139,-0.291900744568274,-100.998905322363,0.315721969399021,4.96307405478596,1173.60879075096,9.48916821164461,1.453271638371,0.931657743985002,0.629691115508802,0.595806176439954,0.449159847932507,0.323363910009374,0.0159825316368087,0.00964624130226018,0.00610929389646912,0.00834171055098428,0.00999469596916988,0.0107257426309759,4999.98062701802,43.0932548692845,17.3232166618681,32.2293462564794,123.134190973115,119.057774579146,2553.28936882894,1010.56944191639,22.8327118478352,0.486408825697386,0.415724934190797,0.0343848808785925,0.53164338520111,0.35605056036352,1.60247633236712,0.285665571911854,1.28695462538741,0.567421546683182,1.09269618196359,0.592190325245549,0.00589071778834034,0.145890900863999,0.099625989459084,0.081192265597978,0.0796244918768043,0.0714553305331511,0.0577069030070802,0.0251020970590958,0.00701475304167264,0.00289286995641083,0.00224975021175086,0.00251793883794228,0.00518196166975163,2.21703623075364,0.00840501669925106
-1.66666666666667,15.2222222222222,1.13555555555556,0.222222222222222,0.000350640467489157,0.0103538135735705,0.0513963290691208,0.145239004427899,0.313729814160602,0.677317887957238,0.000350640467489157,0.0103538135735705,0.0513963290691208,0.145239004427899,0.313729814160602,0.677317887957238,0.000350640467489157,0.0103538135735705,0.0513963290691208,0.145239004427899,0.313729814160602,0.677317887957238,1,3,150.000015727529,195.338943860015,-19.8409050661389,614.814102697636,488.475519937506,6137.42391417561,-17.4282031687324,2.61453546505572,-0.613551663368399,-0.0973762868451203,2.67508092906989,-0.236945671935215,5.11357160712425,-0.278104242050828,-100.955654619311,0.369167714623476,5.41555921258203,1173.58858452245,8.1448743880846,1.55585543172586,1.05342202895532,0.743419393813144,0.711672242474743,0.555287376314967,0.406940589521924,0.0221044873053536,0.0102500726319133,0.00606777924955734,0.00852698989688574,0.0117918328299135,0.0151608657431518,4999.98187688782,43.0935621289444,17.3232166618681,28.2691902535744,123.7661513095,119.010640836621,2566.60815013441,900.607693950619,23.9552747000109,0.445859226449119,0.401769097758969,0.0340883644003683,0.483373762402315,0.355751792851709,1.54377435906018,0.345997205280828,1.23229553369572,0.566978301443405,0.992218074179199,0.492115846758924,0.00470656137781337,0.147459776768119,0.101010300656086,0.0825373518278694,0.0810277763412925,0.0722490479104002,0.0581418597521965,0.0289915162735458,0.00809315188927885,0.00349879130900274,0.00253783463126089,0.00163016055212273,0.00633054530793575,1.57337371654836,0.00597368526403824
5,3,1.31333333333333,0.166666666666667,3.89600519432397e-05,0.00115042373039672,0.00571070322990231,0.0161376671586555,0.0348588682400669,0.0752575431063598,3.89600519432397e-05,0.00115042373039672,0.00571070322990231,0.0161376671586555,0.0348588682400669,0.0752575431063598,3.89600519432397e-05,0.00115042373039672,0.00571070322990231,0.0161376671586555,0.0348588682400669,0.0752575431063598,0.111111111111111,3,150.000015727529,49.4144557858557,-1.34409830330174,204.669769815644,30.6584102697636,1703.95594208937,-17.2544379752109,0.998089386522237,-0.0708255296427456,-0.0152882647640871,0.998089386522237,-0.0708255296427456,-0.116021152025831,-0.0338222702187273,-33.3192188313717,0.124485573783981,2.29535767107593,673.807728361634,-5.45444472596606e-18,0.212133590251015,0.175138058535569,0.188971721695657,0.26768051244662,0.338148203312154,0.435200177064889,0.0120133434017289,0.00802002593479846,0.00600106655556713,0.00600138943860015,0.00590786522237267,0.00670802103114258,24.4684157900219,0.367342599729194,17.3232166618681,4.14804249241787,122.079447719472,120.034766626517,2517.01542020272,66.9521691547902,8.39646734283553,0.0350984641883946,0.328741759165629,0.00165378462709306,0.0350984641883946,0.328741759165629,0.203583642329825,0.048938745727977,0.3485187018588,0.524026586144148,0.0771060482911395,0.0660701612296108,8.88895709126102e-16,0.0310338923214471,0.0253782142328216,0.0185239179633397,0.0193823861831829,0.0230482609419596,0.0453848709530717,0.000759752198966085,0.000270298327574952,0.00015717916809296,0.000183221697134769,0.000222410365278013,0.00108581320469844,0.17693036653059,0.00264064892416695
5,3,1.31333333333333,0.444444444444444,3.89600519432397e-05,0.00115042373039672,0.00571070322990231,0.0161376671586555,0.0348588682400669,0.0752575431063598,3.89600519432397e-05,0.00115042373039672,0.00571070322990231,0.0161376671586555,0.0348588682400669,0.0752575431063598,3.89600519432397e-05,0.00115042373039672,0.00571070322990231,0.0161376671586555,0.0348588682400669,0.0752575431063598,0.111111111111111,3,150.000015727529,48.8925653577753,-1.32743693886053,204.721673783981,30.3576497656494,1677.78543901677,-17.6357070096865,0.974837808561608,-0.0692317104541194,-0.0149010490573898,0.974837808561608,-0.0692317104541194,-0.149678783474576,-0.0327793378356421,-33.3238298093948,0.121319679410478,2.23536214977606,673.856514946359,-1.60144697010728e-17,0.212869378189772,0.174217826268097,0.188936423289241,0.267089782314342,0.337065139048016,0.422275262993438,0.0120278575148422,0.00804122070617644,0.00600368659514634,0.00600243755858765,0.0059476162899698,0.00678626698885532,24.8111842516405,0.372458723049683,17.3232166618681,0.947373205854285,122.19969975381,120.193064722884,2521.52104763864,127.247698081821,8.08040753187158,0.140652211202658,0.331658783890073,0.00417935537605549,0.140652211202658,0.331658783890073,0.309222006686547,0.0528507516051862,0.35355307797954,0.529211171713334,0.331942969782529,0.0495763196424707,8.96887613713305e-16,0.0521211558106724,0.0539112587712961,0.046982408379777,0.0493471975602096,0.0580741991281766,0.0891739847006501,0.00119960434575844,0.000539440552923004,0.000361759087648579,0.000407130973604775,0.000509250115816982,0.000943074580328013,0.109960805071459,0.00164067922750346
-11.6666666666667,3,1.31333333333333,0.444444444444444,3.89600519432397e-05,0.00115042373039672,0.00571070322990231,0.0161376671586555,0.0348588682400669,0.0752575431063598,3.89600519432397e-05,0.00115042373039672,0.00571070322990231,0.0161376671586555,0.0348588682400669,0.0752575431063598,3.89600519432397e-05,0.00115042373039672,0.00571070322990231,0.0161376671586555,0.0348588682400669,0.0752575431063598,0.111111111111111,3,150.000015727529,48.2830111446725,-1.5189145693157,204.241301947714,33.6102339547964,1654.68253306947,-18.8885470263514,0.961781824809915,-0.0687364982793459,-0.0149548407457556,0.961781824809915,-0.0687364982793459,-0.168575976724299,-0.0319275795302573,-33.2459952088324,0.120410926222269,2.20580949901052,673.076564941169,-1.0628950957192e-17,0.195725768149151,0.161209945838975,0.178949744818248,0.258011832100823,0.327597354442245,0.409440141651911,0.0120091990417665,0.00803093417352359,0.00599875440058327,0.00599572825747317,0.0059549549005312,0.00678834596396209,19.7415675450475,0.296702364337047,17.3232166618681,4.02958888059894,122.346884540564,120.256828673887,2532.35042726247,196.322927628392,6.98923409632494,0.212286308466506,0.342636800491958,0.00622479953646016,0.212286308466506,0.342636800491958,0.283460937061893,0.0522491933501367,0.36483365441487,0.549017911035761,0.449184007462152,0.0423614306681198,9.44252009364214e-16,0.0187367601726301,0.032226393810321,0.0338862289228524,0.0457748803656198,0.0601580305778064,0.104081419215823,0.000535653761443977,0.000289029366010487,0.00023591424352854,0.000359852825533079,0.000504643543077678,0.00091684528993794,0.100051501554115,0.00149598338370719
-11.6666666666667,3,1.13555555555556,0.444444444444444,3.89600519432397e-05,0.00115042373039672,0.00571070322990231,0.0161376671586555,0.0348588682400669,0.0752575431063598,3.89600519432397e-05,0.00115042373039672,0.00571070322990231,0.0161376671586555,0.0348588682400669,0.0752575431063598,3.89600519432397e-05,0.00115042373039672,0.00571070322990231,0.0161376671586555,0.0348588682400669,0.0752575431063598,0.111111111111111,3,150.000015727529,44.9883564212061,-1.61304098427247,204.150405166129,35.2602816685762,1509.62535152588,-16.5266745130715,0.860557629413603,-0.0622120456389959,-0.0121483920424956,0.860557629413603,-0.0622120456389959,-0.309547378627226,-0.0284702164118321,-33.2075356733674,0.108281907842933,1.96274898448078,672.70089574,-8.13460330444744e-18,0.196176273304864,0.161588277262785,0.179256619102177,0.258365378606395,0.328083866263931,0.41092953858973,0.0120089959379231,0.00803044870326008,0.00599862555983751,0.00599562712217478,0.00595421091552964,0.00678560798458494,17.3482616394125,0.260874960941569,17.3232166618681,3.67781831650242,122.232137281763,120.290133593361,2528.83257387044,162.654724861386,6.33561184987498,0.187208099257119,0.340693043673115,0.0049878335599022,0.187208099257119,0.340693043673115,0.273817243098743,0.0524718696663836,0.363180724931338,0.545544275599021,0.387766315078612,0.0193979612217039,9.39626063270001e-16,0.0188119807654226,0.0324276015528341,0.0341335996823756,0.0459474194640016,0.0603354466114277,0.103142088979463,0.000537645883385149,0.000290970781570497,0.000237781340137236,0.000361757417151758,0.000507031567053937,0.000916296437296455,0.0844557864863049,0.00126349880500344
-11.6666666666667,15.2222222222222,1.13555555555556,0.444444444444444,3.89600519432397e-05,0.00115042373039672,0.00571070322990231,0.0161376671586555,0.0348588682400669,0.0752575431063598,3.89600519432397e-05,0.00115042373039672,0.00571070322990231,0.0161376671586555,0.0348588682400669,0.0752575431063598,3.89600519432397e-05,0.00115042373039672,0.00571070322990231,0.0161376671586555,0.0348588682400669,0.0752575431063598,0.111111111111111,3,150.000015727529,189.948349130299,-16.6337847449224,613.554796375377,427.148114571399,6109.50442662223,-21.3995481324862,2.77455098427247,-0.677022458501094,-0.123764717216957,2.84540568690761,-0.245234877971045,6.01047365899386,-0.261168014143318,-100.863999583376,0.392018148213727,5.94839277158628,1173.69388605354,8.78695979585468,1.44399343818352,0.930527924174566,0.632400197896053,0.598925424434954,0.530470784293303,0.470124289136548,0.0189760435723362,0.00890568309238622,0.00604145614769295,0.00599774106863868,0.00597150317675242,0.00682305364024581,4999.98948026247,43.0936860743665,17.3232166618681,48.3940544475052,124.892866286131,121.231290266799,2629.12081101715,1772.00848374515,24.3056261411577,0.984831145070755,0.51863482242824,0.0791966903884571,1.04028677690985,0.395828164873743,2.44634796852643,0.383497178904303,1.54601367824905,0.636906124068667,2.27928608248692,0.460901642542303,0.00358176052498205,0.195743850634202,0.0712447766824645,0.0890486275100249,0.117041186466869,0.138689542209312,0.147664386389857,0.0364185404230199,0.0063697894871706,0.00309625457396432,0.00250139627750467,0.00178958337790512,0.00106776789092633,1.21200322755126,0.00514021955739363
-11.6666666666667,15.2222222222222,1.13555555555556,0.444444444444444,0.000233760311659438,0.00690254238238032,0.0342642193794138,0.0968260029519328,0.209153209440401,0.451545258638159,0.000233760311659438,0.00690254238238032,0.0342642193794138,0.0968260029519328,0.209153209440401,0.451545258638159,0.000233760311659438,0.00690254238238032,0.0342642193794138,0.0968260029519328,0.209153209440401,0.451545258638159,0.666666666666667,3,150.000015727529,194.674804707843,-18.9985085405687,613.607197166962,485.948743322571,6210.32652848662,-19.8905371322779,2.746789292782,-0.642263679260494,-0.117460536402458,2.80984084991147,-0.249317137467972,5.75532700760338,-0.266602701462347,-100.8889292782,0.393968049213623,5.78903020518696,1173.65076554526,8.09006801374857,1.49956796167066,0.993794552650766,0.693364607853348,0.664533527757525,0.547949723987084,0.440140183314238,0.0226602808045308,0.00968010010188522,0.00604564040964482,0.00660190907197166,0.00888253879804187,0.0120479900010415,4999.99729194876,43.0935892094567,17.3232166618681,45.8346194841424,125.07972272763,121.060018746159,2629.70758504415,1668.55751378415,24.4894559254945,0.90067376508849,0.488877274100208,0.0708546503675081,0.947901357979974,0.389484291835318,2.23771065110888,0.379224628915777,1.45668414104388,0.624829797805789,2.04417555664361,0.476753001349829,0.00437281596702598,0.200103177007359,0.0718129997698765,0.0911654824308455,0.121309137518837,0.131407807092149,0.125361269187163,0.0395510994016257,0.00691247425464869,0.00353251481633338,0.00327016136884615,0.00242173599312468,0.00357029150839256,1.47047078595976,0.0056671186287264
8.33333333333333,15.2222222222222,1.24222222222222,0.5,7.79201038864794e-05,0.00230084746079344,0.0114214064598046,0.0322753343173109,0.0697177364801338,0.15051508621272,7.79201038864794e-05,0.00230084746079344,0.0114214064598046,0.0322753343173109,0.0697177364801338,0.15051508621272,7.79201038864794e-05,0.00230084746079344,0.0114214064598046,0.0322753343173109,0.0697177364801338,0.15051508621272,0.222222222222222,3,150.000015727529,180.886435787939,-15.5829970607228,614.914050619727,384.630138745964,5650.33527757525,-30.0552254387043,2.4198600770753,-0.638742939327154,-0.105406217789814,2.49364102697636,-0.213222065452557,4.53062963048641,-0.311360075005728,-100.941589417769,0.334217900156234,5.09200587438808,1173.71471721696,9.89926851369665,1.38364551609207,0.887303353817312,0.587175085928549,0.543335069263619,0.451748307467973,0.380905071346735,0.0341816580129153,0.0100130180175815,0.00627898800648891,0.00612161708433496,0.00696065555671285,0.00858132871575878,4999.9920841579,43.0937923132998,17.3232166618681,64.9600656442357,126.759081721238,121.914310538254,2673.06276862619,2324.39621115493,27.0791443136732,1.21800866900255,0.583543210469299,0.0843568383369876,1.28712783740054,0.409104506291584,2.87724011381553,0.490887760428066,1.79428012913852,0.65689788402083,2.79043010776768,0.451572536767807,0.00286792193369246,0.373257070923963,0.309164787457003,0.257352312089007,0.237255037644571,0.22949652541737,0.205540440151429,0.061028699148025,0.0192957873570042,0.00813561261006283,0.00485836930461588,0.0027612207635378,0.00168546880003548,1.14379660178285,0.00485221032882507
8.33333333333333,15.2222222222222,1.24222222222222,0.5,0.000272720363602678,0.00805296611277703,0.0399749226093161,0.112963670110588,0.244012077680468,0.526802801744519,0.000272720363602678,0.00805296611277703,0.0399749226093161,0.112963670110588,0.244012077680468,0.526802801744519,0.000272720363602678,0.00805296611277703,0.0399749226093161,0.112963670110588,0.244012077680468,0.526802801744519,0.777777777777778,3,150.000015727529,185.283077804395,-17.3844937129466,615.104874492241,424.781697864806,5749.9847932507,-28.2809876527445,2.40396877408603,-0.61255928017342,-0.0979444806790958,2.4714429955213,-0.21509141306843,4.34642527642954,-0.307264200843662,-100.964328715759,0.333487484084991,4.97691178002292,1173.57327361733,9.32150109363605,1.41937902301844,0.935659587542964,0.639945453598584,0.600005436933653,0.465820362462244,0.354263184043329,0.042594285766066,0.0105329872242475,0.00638027628799083,0.00717833807311738,0.00943497208624102,0.0123029754192272,4999.98895948339,43.0934569315692,17.3232166618681,60.1115146555331,126.795252404028,121.513842237843,2670.02677333583,2123.38732340226,26.3057944271641,1.07372803614122,0.538769733108381,0.0728568824789657,1.13296037753935,0.399465636330084,2.5027652756563,0.481784273606013,1.64939791725183,0.638945423515684,2.41049341828852,0.494627596679146,0.00453502846505233,0.374059840864293,0.307470127397221,0.262573627742465,0.244376091872282,0.214990379772449,0.172138508491092,0.0677822950531491,0.0207144942014649,0.0091082274468811,0.00579943011272026,0.00336083536001653,0.00399913650604466,1.71758156360307,0.00623969518155769
-8.33333333333333,15.2222222222222,1.24222222222222,0.5,0.000272720363602678,0.00805296611277703,0.0399749226093161,0.112963670110588,0.244012077680468,0.526802801744519,0.000272720363602678,0.00805296611277703,0.0399749226093161,0.112963670110588,0.244012077680468,0.526802801744519,0.000272720363602678,0.00805296611277703,0.0399749226093161,0.112963670110588,0.244012077680468,0.526802801744519,0.777777777777778,3,150.000015727529,190.887886678471,-17.0871138870951,614.540860327049,411.825661140506,5964.2558066868,-27.3971020297885,2.52376377460681,-0.628804868382252,-0.10497613321529,2.59151522758046,-0.221046575329653,4.81021423789189,-0.28336035765337,-100.940960316634,0.343914271419644,5.24529121966462,1173.60577023227,9.11536694094367,1.44330153109051,0.924737089886469,0.626509009478179,0.594190532236225,0.466891427976253,0.358539027184668,0.0162979332736173,0.0095164120627018,0.0062574136652432,0.00689027632538277,0.00932028663680867,0.0123477320070826,4999.98739714613,43.0936975315067,17.3232166618681,54.9619905605424,125.144509907395,121.411641697305,2631.24167926916,1980.46023680258,23.2130843900806,1.03724047851844,0.526805481303124,0.0746074869330824,1.09427001272889,0.394918719024834,2.47528723054603,0.412474307244664,1.59404895712017,0.63339225824532,2.35051221088417,0.488710071805989,0.00463233952608706,0.145805878392118,0.112002052214407,0.135878052093397,0.159622928970309,0.160557650343434,0.142909011359543,0.0276795196461132,0.00765595682074657,0.00433526477343112,0.00352879442533005,0.00248908445197843,0.00406154411109882,1.5937205897509,0.00607022816272779
-8.33333333333333,15.2222222222222,1.42,0.5,0.000272720363602678,0.00805296611277703,0.0399749226093161,0.112963670110588,0.244012077680468,0.526802801744519,0.000272720363602678,0.00805296611277703,0.0399749226093161,0.112963670110588,0.244012077680468,0.526802801744519,0.000272720363602678,0.00805296611277703,0.0399749226093161,0.112963670110588,0.244012077680468,0.526802801744519,0.777777777777778,3,150.000015727529,190.103480887408,-15.0192693326737,615.120539527133,332.366024934903,5825.61587334653,-38.2699301010311,2.36794329757317,-0.62125072365587,-0.0975193801687324,2.44016107697115,-0.196724870272888,4.13548406990939,-0.296928541991459,-100.969684407874,0.301100904055828,4.85877196125404,1173.71888344964,10.09166857619,1.36836152484116,0.836463087178419,0.544212529944797,0.51049751067597,0.386260410373919,0.290438289761483,0.0152373233663681,0.00929374970586397,0.00620870898864701,0.00686317050307259,0.0092630115612957,0.0114896000416623,4999.98520987397,43.0936037912709,17.3232166618681,60.774673542477,124.532035239636,121.439553426457,2615.51076354894,2179.43731603244,22.5449818194174,1.13073453000745,0.561821136358517,0.0760792846709906,1.19834837800583,0.397708628301636,2.69166040607853,0.498396992404196,1.73094985797045,0.638547182168118,2.57747064280953,0.453029895833334,0.00429958100473787,0.148534563229151,0.11066390095601,0.133572834353993,0.156385192596979,0.158491040461146,0.141829833713649,0.0248986010514538,0.00680655396857792,0.00367389718692497,0.0029347514540894,0.00207395549754661,0.0037699271013918,1.64005525193078,0.00520325240832645
-8.33333333333333,3,1.42,0.5,0.000272720363602678,0.00805296611277703,0.0399749226093161,0.112963670110588,0.244012077680468,0.526802801744519,0.000272720363602678,0.00805296611277703,0.0399749226093161,0.112963670110588,0.244012077680468,0.526802801744519,0.000272720363602678,0.00805296611277703,0.0399749226093161,0.112963670110588,0.244012077680468,0.526802801744519,0.777777777777778,3,150.000015727529,48.8911248828247,-1.46783512665347,204.440242683054,32.2808495990001,1660.96562858036,-20.5924445370274,0.939303603791273,-0.0670077830434329,-0.0140472491407145,0.939303603791273,-0.0670077830434329,-0.209428109639621,-0.0309745092890324,-33.2715581710238,0.1160703166441,2.12993865222373,673.340235392153,-6.40236733673578e-19,0.203912154983856,0.167563549630247,0.186556004582856,0.272264347463805,0.315460316633683,0.35914281845641,0.0120079793771482,0.0080384409957296,0.00600002895531716,0.00599709353192376,0.00738864097489845,0.0114592781585252,21.452083116342,0.32228100197896,17.3232166618681,2.80860794499223,122.301447557966,120.244654487708,2528.15829922002,170.282119050951,7.14630180092236,0.182210461993619,0.338444252132969,0.00515904476544649,0.182210461993619,0.338444252132969,0.27426017032442,0.0514469588701617,0.360904432433512,0.541208798592991,0.384652114587834,0.0501737273690091,9.35238009245549e-16,0.0284509739352799,0.0426870735920975,0.0427416309502221,0.0519939149145287,0.060357241367404,0.0804455439692828,0.000682254733090694,0.000391510416105594,0.000309664338092881,0.000424630509483482,0.000915774842087318,0.00437305134178892,0.200211486535997,0.00299163303302175
-8.33333333333333,3,1.42,0.222222222222222,0.000272720363602678,0.00805296611277703,0.0399749226093161,0.112963670110588,0.244012077680468,0.526802801744519,0.000272720363602678,0.00805296611277703,0.0399749226093161,0.112963670110588,0.244012077680468,0.526802801744519,0.000272720363602678,0.00805296611277703,0.0399749226093161,0.112963670110588,0.244012077680468,0.526802801744519,0.777777777777778,3,150.000015727529,49.0731871680034,-1.34616725309864,204.717125299448,30.6920322883033,1670.37319029268,-20.3248640766587,0.949413123632954,-0.067624356650349,-0.0140190871784189,0.949413123632954,-0.067624356650349,-0.196030225382773,-0.0315159861639413,-33.3163441308198,0.117412531486303,2.15762618477242,673.779127174271,-1.58181037683574e-17,0.204995792104989,0.169095812936153,0.187159681283199,0.272922101864389,0.316045838975107,0.374455108842829,0.0120120029163629,0.00802820195812935,0.00599957025309864,0.00599784824497449,0.00742243985001562,0.00966021268617852,24.328635558796,0.365255056764921,17.3232166618681,4.16262802947073,122.279833341298,120.027994859645,2526.19894076481,86.2233629514919,7.48961819821014,0.111701908017883,0.336203991820498,0.00344230465307571,0.111701908017883,0.336203991820498,0.134152498926076,0.0465442648979665,0.356474034671498,0.537201855197587,0.183870958877287,0.040642093481041,8.85193768704152e-16,0.0141298645384557,0.014161678380404,0.013618507561039,0.0215259867901576,0.0257079145082045,0.0267198865390073,0.000541113953640847,0.000189718439240449,0.000131877472672034,0.000214517640565634,0.000414820296121478,0.0044072724966064,0.118837128483793,0.00177299114593058
-1.66666666666667,17.6666666666667,1.1,0.277777777777778,0,0,0,0,0,0,0,0,0,0,0,0,0,0,0,0,0,0,0,3,150.000015727529,164.744395375482,-11.6553285449432,618.59244870326,244.83625230601,4841.13331944589,-27.6493007796167,1.80827212790334,-0.577538620372878,-0.0553448639725028,1.89240083324653,-0.149043152307051,2.02156244917196,-0.481694001672743,-101.070132277888,0.221432357910634,3.65060481199875,1173.640662431,13.2095073429848,1.53840568690761,0.947679397979378,0.575619716696177,0.488198333506926,0.374143235079679,0.287150859285491,0.0232454560272888,0.00903255422578899,0.00610833444432872,0.00602791823768357,0.00576881928965733,0.00574261129049058,4999.99437558588,43.0933579835433,17.3232166618681,45.6616397737148,121.6670574545,119.043171879352,2531.42204169694,1469.0070606731,19.0005380715732,0.729602193878725,0.501316205745698,0.0384977292506626,0.806042955549499,0.365953361052736,2.02433515175127,0.457054934806645,1.60399699747768,0.584962858589689,1.73054028758716,0.590928417384721,0.0055917511076548,0.173598533754817,0.134617924088619,0.116079251688963,0.116135096687604,0.126008392041595,0.129567864792295,0.0319175280936939,0.00874386560164166,0.0033551519377714,0.00194679749227247,0.00119562148080452,0.000751229419250546,2.13925844535054,0.00801391115083548
15,17.6666666666667,1.1,0.277777777777778,0,0,0,0,0,0,0,0,0,0,0,0,0,0,0,0,0,0,0,3,150.000015727529,164.95146338923,-12.7536872200813,617.843610040621,295.048437708572,4945.55973336111,-28.1713053813145,1.9342396937819,-0.594818134743256,-0.0652017389855223,2.01677396104572,-0.166478683189251,2.57715125874388,-0.440193630078951,-101.048889698989,0.252650451230288,3.9707348505364,1173.59910425997,12.3747995000521,1.44111210290595,0.970409249036558,0.613876471200916,0.526708811582128,0.417225539006354,0.333050749921883,0.104606862106031,0.012053411537444,0.00634176488857411,0.0061153081770753,0.00582728507447141,0.00588650984272472,4999.99531298823,43.0934892198725,17.3232166618681,53.4687980714175,124.359010081826,119.625351745597,2599.68316672076,1760.10656720436,24.9118965779997,0.860157079478723,0.529154523027379,0.0479482533851729,0.935948892426506,0.379304744846529,2.23474439099982,0.484481428660744,1.67929312894938,0.605463705093787,1.99649851524433,0.512139334133023,0.00499623856016045,0.488962532538457,0.372572736413459,0.269931036353664,0.218139022169765,0.200442905856276,0.173217647913266,0.1347644249468,0.0275109901006944,0.00929906454041765,0.00447609344516385,0.00224739549332368,0.00102483291886815,1.84189635872899,0.00659317145374061
15,17.6666666666667,1.1,0,0,0,0,0,0,0,0,0,0,0,0,0,0,0,0,0,0,0,0,3,150.000015727529,168.467222164358,-11.6799325007812,618.202020622851,254.384370794709,5092.26632642433,-24.9191123273617,2.03023945422352,-0.619565555671285,-0.0591439818768878,2.11615269242787,-0.166245033350693,2.97472304559942,-0.416856688084574,-101.062600770753,0.25395902239975,4.21074929694823,1173.57421101969,12.4783803770439,1.45703642328924,0.959873075721279,0.599463087178419,0.522911040516613,0.425299041766483,0.353097750234351,0.0799265061118633,0.00985192818882408,0.00610816077734611,0.00600148942818457,0.00571939360483283,0.00520976585772315,4999.99812519529,43.0932382043536,17.3232166618681,28.2712909717598,122.004769226698,117.666806616182,2516.2831995673,570.148376704415,21.0503776349699,0.141187916479665,0.36471685350009,0.010936476749625,0.199525205214597,0.336363727407854,1.50043785320082,0.301957511303744,1.17619873067305,0.531842406959056,0.304794766939875,0.513502540613042,0.00524319860067825,0.42847980611848,0.264542183854578,0.149809395106921,0.0961571864024957,0.0691560576787386,0.0448383714386614,0.104775892555946,0.0176681398008602,0.004706754396532,0.00194128436455892,0.00104557161547162,0.000463256219337655,2.0484233330559,0.0073557249999794
15,5.44444444444444,1.1,0,0,0,0,0,0,0,0,0,0,0,0,0,0,0,0,0,0,0,0,3,150.000015727529,78.2962555983751,-12.3916353192376,236.654021456098,321.230503551713,2783.8879283408,-8.84018756129569,1.60103124674513,-0.155430368888658,-0.0372008384543277,1.60103124674513,-0.155430368888658,0.766844810082282,-0.0690612315852515,-38.8378814706801,0.263828356004583,3.62534913029893,727.493417352362,-9.65133414331841e-18,0.809177616914905,0.630296937818977,0.53448222060202,0.593558316841995,0.674752286220185,0.743200895740027,0.0117623257214873,0.00820271305072388,0.00591547182585148,0.00593874221435267,0.00618210978023122,0.0062329927090928,399.134267263825,5.54994948442874,17.3232166618681,6.89726441008167,121.524882482513,119.694699746476,2489.60777393716,203.721194643484,13.9450931248276,0.0761693307060387,0.31746049762204,0.00318735366249775,0.0761693307060387,0.31746049762204,0.368230805844399,0.0595849353632273,0.392843733392813,0.504544554483114,0.250123957959523,0.0945185038481965,1.14523857244139e-15,0.129599503463183,0.0725398098819221,0.0506653052466387,0.0579478950387042,0.0654343293822115,0.0792322138507915,0.0121143229475789,0.00341404020837809,0.00155833125084405,0.00142011683237758,0.0013036806993523,0.00112287334750192,0.373115552672273,0.00477262702759972
15,5.44444444444444,1.27777777777778,0,0,0,0,0,0,0,0,0,0,0,0,0,0,0,0,0,0,0,0,3,150.000015727529,87.8348974065203,-7.61562543068429,247.623567336736,232.623703572545,3167.4013123633,-9.64144713988127,1.84189574002708,-0.16101297878346,-0.0490017258618894,1.84189574002708,-0.16101297878346,1.17280639589626,-0.083213142890324,-39.6740777002396,0.27598622833559,4.19062076866993,735.578387667949,1.13258183418394e-17,0.782967742943443,0.612779502135194,0.52281559212582,0.583790834288095,0.665528455369231,0.738106072284136,0.0122321864951047,0.00842300760337465,0.00602667440891574,0.0060384585980627,0.00625281429017811,0.00628267190917613,460.345182793462,6.33072179981249,17.3232166618681,7.26597418425391,122.187911663272,118.914478586293,2499.48027824731,232.13066425136,16.1481859046029,0.0973747575070616,0.31649970319049,0.00470902377425588,0.0973747575070616,0.31649970319049,0.432367058000418,0.0631738369413075,0.396366525720883,0.502564273625205,0.308738919878567,0.100075721903845,1.170187385539e-15,0.126044878383319,0.0709035302996997,0.0504073498235653,0.0587915160523266,0.0672641243423339,0.0813939065312335,0.0115534575855398,0.0032932596183095,0.00152602146412801,0.0014177424483206,0.00132663107499941,0.0011614935527925,0.398680075399525,0.00498844422243421
15,5.44444444444444,1.27777777777778,0,0.000194800259716198,0.0057521186519836,0.0285535161495115,0.0806883357932773,0.174294341200334,0.376287715531799,0.000194800259716198,0.0057521186519836,0.0285535161495115,0.0806883357932773,0.174294341200334,0.376287715531799,0.000194800259716198,0.0057521186519836,0.0285535161495115,0.0806883357932773,0.174294341200334,0.376287715531799,0.555555555555556,3,150.000015727529,84.5531382147694,-9.91358449432352,245.516148317883,274.924266847204,2996.00645766066,-11.5134805230705,1.68584803666285,-0.155310119885429,-0.0408007853348609,1.68584803666285,-0.155310119885429,0.887113598177273,-0.0737649202167482,-39.4296021247787,0.262575653821477,3.78451119675034,733.203812102917,9.76791461535255e-18,0.789530038537653,0.61808739714613,0.530399437558588,0.60325200499948,0.641208634517238,0.64504354754713,0.0120203931479742,0.00864230153109051,0.00599897948130403,0.00650139225080721,0.00898668367878346,0.0133383699614623,442.228965732737,6.10129965628574,17.3232166618681,6.73071159364537,121.857395483337,119.38932434196,2497.13471652369,187.222447238468,14.6704512165128,0.0602205886767307,0.319959878536723,0.00260270533689177,0.0602205886767307,0.319959878536723,0.395929974075753,0.0648105336127834,0.400591396161746,0.509112694191444,0.199229755100306,0.105257856512785,1.19484180329772e-15,0.12740222322632,0.0713021067762718,0.0498321086425907,0.0562011762776365,0.055028935564807,0.0542752478333534,0.0117116836388603,0.00335117331539249,0.00154547642718185,0.0015876142948614,0.00129468462892241,0.00100190971762975,0.410403083073781,0.0051639867599412
1.66666666666667,22.5555555555556,1.27777777777778,0.166666666666667,0.000194800259716198,0.0057521186519836,0.0285535161495115,0.0806883357932773,0.174294341200334,0.376287715531799,0.000194800259716198,0.0057521186519836,0.0285535161495115,0.0806883357932773,0.174294341200334,0.376287715531799,0.000194800259716198,0.0057521186519836,0.0285535161495115,0.0806883357932773,0.174294341200334,0.376287715531799,0.555555555555556,3,150.000015727529,156.594106863868,-8.98842207457557,620.424737006562,48.1334411311322,3777.30298927195,-45.0401739402146,0.764240454015206,-0.306095498979273,-0.0137484479741693,0.822806417024268,-0.0272830874804708,-2.49324250119779,-1.03596710238308,-101.056776377461,0.0024274812207062,0.973504783626706,1173.71825851474,19.9287824184979,1.57461826893032,0.970226184772419,0.499424903655869,0.334099041766483,0.137995128247162,0.0180080716207687,0.0446145726382669,0.00989427521935215,0.00620954848453286,0.00625639173002813,0.00862043797521093,0.0108317571086345,4999.96760754088,43.0935412977819,17.3232166618681,51.1687881142384,116.198385877678,117.359137477553,2407.46977304039,1397.32744878408,16.7212060445509,0.529966994241126,0.49320450123064,0.0113086051875838,0.638730219771868,0.340787800176482,2.86784466774277,0.613234401432024,1.65133496276757,0.540498235990972,1.27563140028485,1.16703368999351,0.00723321672507613,0.211886353175576,0.187979610612303,0.137261448632837,0.120249152583286,0.0956515291570141,0.0778897839433031,0.0514638376293998,0.0113715146644958,0.00333443981207989,0.00131488413628125,0.00155493569291313,0.00277214130433605,4.64967433834093,0.015510063518801
1.66666666666667,22.5555555555556,1.27777777777778,0.166666666666667,0,0,0,0,0,0,0,0,0,0,0,0,0,0,0,0,0,0,0,3,150.000015727529,150.853621497761,-9.32917245047391,620.632069576085,103.531025966045,3577.12457035725,-47.5654796375378,0.671203641224872,-0.287463695885845,-0.0127062168628268,0.729193187283616,-0.0377508737492969,-2.8331320393709,-1.11585602463597,-101.040858243934,0.0190154704822414,0.772019223299657,1173.6412873659,20.2212790334345,1.56014988022081,0.940578470992605,0.470847567961671,0.304856959691698,0.124532439609728,0.00413277582199771,0.0394029624593271,0.00931959181820644,0.00611198385584835,0.00601252650765546,0.00585247297156547,0.00634930455160921,4999.96823247578,43.0934631809192,17.3232166618681,52.3520062791896,116.031749555712,117.218480089789,2405.30725533308,1443.32047929036,16.4235144965492,0.557466343789903,0.505626823765895,0.0104695637463068,0.670494330344572,0.341849170744966,3.60628873917321,0.646965737413433,1.69711230624472,0.54250488428947,1.35217470456059,1.06000165527374,0.00689877305992315,0.217702755428312,0.187734315118233,0.136202779510656,0.118835193294096,0.0988982131831975,0.0839986316524904,0.0483619661406706,0.0108781978863601,0.00302174753709977,0.00110414716266597,0.00115294514619246,0.00130508918411297,4.22910686622474,0.014467453539665
-15,22.5555555555556,1.27777777777778,0.166666666666667,0,0,0,0,0,0,0,0,0,0,0,0,0,0,0,0,0,0,0,3,150.000015727529,153.197489844808,-9.08416947922091,620.478564732841,106.508141454015,3775.68190813457,-47.0845997291949,0.824587730444745,-0.337999425276533,-0.0101157070096865,0.889756171232162,-0.0502439564649516,-2.22382472662223,-0.996668353567336,-101.080368711592,0.0413921210603062,1.15196373190293,1173.68294969274,19.0564805749401,1.48687685657744,0.965109519841683,0.501750869701073,0.341358212686178,0.151822035204666,0.0405316736752421,0.118679985026039,0.0111160545816477,0.00626658154247474,0.00601577616914904,0.00592939277158629,0.00630847130507239,4999.96958650141,43.0935402562237,17.3232166618681,26.2338787589661,113.267554857699,117.46480163783,2326.52110176578,409.302135315333,23.2798264084458,0.141777346684072,0.333555511422261,0.0037028577221803,0.184270527049921,0.31209444861583,3.17286328593054,0.495605876605962,1.14394319382749,0.495320190947021,0.370831632807597,1.0682393450938,0.00603616382062336,0.440225837761797,0.304334604422413,0.150205294741077,0.074314681952078,0.0472871595959112,0.0366592012731451,0.153762323022919,0.0234067293783321,0.00472498791938581,0.00127503255530282,0.000402215297065611,0.0014119275336377,4.18622641401748,0.0127996040424179
-15,10.3333333333333,1.27777777777778,0.166666666666667,0,0,0,0,0,0,0,0,0,0,0,0,0,0,0,0,0,0,0,3,150.000015727529,228.706936777419,-28.298512416415,514.924226643058,929.224770086449,8262.75002603896,-5.57865527497136,4.64045109884387,-0.463710021666492,-0.30537448182481,4.64045109884387,-0.463710021666492,11.7801071763358,-0.495245106459744,-85.7118800124986,0.779192372559108,10.3845811894594,1087.00947817936,-2.79284998854285e-18,1.30150390584314,0.997939943755859,0.813411905009895,0.853960556192063,0.908052463285074,0.906170201020727,0.0153876451803042,0.00878049416129571,0.00595149436110821,0.00590603083532965,0.00626926862722633,0.00596570370534319,3247.37506509739,30.2205239037606,17.3232166618681,14.6925262251291,125.640162451131,120.435199824464,2668.13689298986,675.993210646263,39.6749800364223,0.52048894113401,0.389520773421641,0.0710651296699366,0.52048894113401,0.389520773421641,1.54668125745348,0.279766126890669,1.00902349482136,0.62830149481025,1.14660011969094,0.688759262315122,1.25069663252926e-15,0.19059313452339,0.0760504959930473,0.04045425810568,0.0493056120798192,0.0601357264377176,0.0869210458815163,0.0318456724783081,0.00695853998467879,0.00303892935674992,0.00279464093051652,0.00250769745649196,0.00205982503914959,2.11020315432726,0.00812701746803417
-15,10.3333333333333,1.1,0.166666666666667,0,0,0,0,0,0,0,0,0,0,0,0,0,0,0,0,0,0,0,3,150.000015727529,196.629267784606,-21.3615412634101,469.463253827726,757.794428882408,7069.96677429434,-1.18019298406416,3.93756410790543,-0.391571757314863,-0.219822091448807,3.93756410790543,-0.391571757314863,8.60255796271222,-0.396128178804291,-78.3021091552963,0.656798354213103,8.78762128944901,1036.59368815748,9.88980440579107e-18,1.41080241641496,1.08803866263931,0.883275481720655,0.920230496823246,0.963703385064055,0.952521851890428,0.0169142588574107,0.00906089031882096,0.00590627499979168,0.00590987947120092,0.00654037363295491,0.00644085588276222,2816.1041558171,27.4816696177489,17.3232166618681,11.8703896127109,124.707460258369,120.692712815072,2634.01748407702,571.051559114211,33.6691423565642,0.446544463164035,0.376890416641938,0.0518647017733839,0.446544463164035,0.376890416641938,1.24428110151311,0.226658429613294,0.883868591147579,0.606730468364163,0.978705813232478,0.491169681977742,1.26677500187877e-15,0.229337630512658,0.0862985649917073,0.0419760672243684,0.044515127965261,0.0537181511067891,0.0800634733062576,0.0431500400076734,0.00827899901780293,0.00349434977554058,0.0029105653614062,0.00250603762304545,0.00213816266220488,1.24163216602928,0.00641885266468599
-15,10.3333333333333,1.1,0.444444444444444,0,0,0,0,0,0,0,0,0,0,0,0,0,0,0,0,0,0,0,3,150.000015727529,195.554358920946,-21.1287956910739,469.072679929174,751.896068117904,7021.14227684616,-3.35778037839808,3.90163628788668,-0.388294983912093,-0.223429942714301,3.90163628788668,-0.388294983912093,8.48258483491302,-0.388963722528903,-78.1991990417666,0.650902565905947,8.70045318196021,1035.99822935111,9.45131738673057e-18,1.40153202791376,1.07021044682845,0.868605395271325,0.902041016560774,0.937385011977918,0.92614793250703,0.0150522332978856,0.00890338175335903,0.00603183110527029,0.00602987341631081,0.00692380150678054,0.00684228424122487,2810.39225080721,27.4444224559942,17.3232166618681,28.5076376097982,126.783399566052,123.887069620526,2718.39197440405,1264.64128295215,31.9468666190816,0.852807050270685,0.409443801984668,0.0950561805215236,0.852807050270685,0.409443801984668,1.71632293068981,0.152007877494116,0.868049846196873,0.661766257718672,1.91008197700401,0.0420439984927208,1.30236299325843e-15,0.148217150801836,0.0324314644066642,0.071677135388872,0.113379064943518,0.131996494221605,0.149099421961719,0.0283743299087482,0.00532396146831353,0.00388288541129522,0.00412651891413751,0.003739329056764,0.00283650427248315,0.836833283131022,0.00507672916444452
15,20.1111111111111,1.34888888888889,0.277777777777778,0.000155840207772959,0.00460169492158688,0.0228428129196092,0.0645506686346218,0.139435472960268,0.301030172425439,0.000155840207772959,0.00460169492158688,0.0228428129196092,0.0645506686346218,0.139435472960268,0.301030172425439,0.000155840207772959,0.00460169492158688,0.0228428129196092,0.0645506686346218,0.139435472960268,0.301030172425439,0.444444444444444,3,150.000015727529,157.23180502031,-10.9090992563275,618.696156650349,174.006472554942,4152.12208103323,-48.6394418410582,1.15770980244766,-0.430729875846266,-0.038626818873034,1.2323528856265,-0.0843887003468389,-0.803759487581501,-0.755721811290491,-101.071621706072,0.102783296698261,1.99202561218623,1173.72554942194,16.4905218206439,1.42133887095094,0.920951359233413,0.51458477241954,0.383226171501927,0.224731190082283,0.115214490023758,0.122213677878346,0.0132991449721592,0.00640469595734924,0.00624194766686804,0.00787027851265494,0.00929612831996668,4999.98833454848,43.0931350900946,17.3232166618681,77.1458062002961,123.100750632972,118.357447743134,2577.58295690267,2481.30503729008,30.8266156826613,1.0854970647071,0.667938027720161,0.0375554638862685,1.21350684878678,0.389668516000072,3.93110403734611,0.754966233383178,2.19198322135735,0.620740011046963,2.51955690714023,0.842974812222508,0.00532961144783658,0.526242147751529,0.435715473845505,0.317984240388368,0.258727327405452,0.201528115737806,0.159089481260381,0.15492127036261,0.0310971010096468,0.0095998472403127,0.00410932812833584,0.0019914945485232,0.00203255853262145,3.06347252363481,0.00911405615511863
15,7.88888888888889,1.34888888888889,0.277777777777778,0.000155840207772959,0.00460169492158688,0.0228428129196092,0.0645506686346218,0.139435472960268,0.301030172425439,0.000155840207772959,0.00460169492158688,0.0228428129196092,0.0645506686346218,0.139435472960268,0.301030172425439,0.000155840207772959,0.00460169492158688,0.0228428129196092,0.0645506686346218,0.139435472960268,0.301030172425439,0.444444444444444,3,150.000015727529,143.677918966774,-16.6357875620248,317.279637537756,550.786125386939,5172.95646286845,-5.47928399260494,2.87555192167483,-0.282880793386106,-0.116999752109155,2.87555192167483,-0.282880793386106,3.63143922508072,-0.189349567791897,-53.345591084262,0.474142211634205,6.40732288303302,853.535225497339,-1.11348470128112e-17,1.2571715237996,0.971036517029477,0.799052671596707,0.849817477346111,0.849448953234037,0.803590146859702,0.016054664089574,0.00975610466899281,0.00613181820913446,0.0065671842776794,0.00978473346526403,0.0145933856889907,1494.93646495157,17.7174877616915,17.3232166618681,6.58346586486552,123.969046366981,119.607355068025,2549.70321008063,386.966637747133,24.3678451124231,0.267394368233951,0.333014109345687,0.0213707191356782,0.267394368233951,0.333014109345687,0.667930990758326,0.122159622052716,0.515959630869671,0.530587747401836,0.618010599884031,0.217846165331903,1.37217463762404e-15,0.289107737450254,0.194375425030921,0.153870066030419,0.150566802943668,0.130807986819732,0.108098353020859,0.0430462957133383,0.0134251205801077,0.00676747508928269,0.00498474123681024,0.00388830999609376,0.0040779066923279,1.13234839035117,0.0105317219824933
15,7.88888888888889,1.17111111111111,0.277777777777778,0.000155840207772959,0.00460169492158688,0.0228428129196092,0.0645506686346218,0.139435472960268,0.301030172425439,0.000155840207772959,0.00460169492158688,0.0228428129196092,0.0645506686346218,0.139435472960268,0.301030172425439,0.000155840207772959,0.00460169492158688,0.0228428129196092,0.0645506686346218,0.139435472960268,0.301030172425439,0.444444444444444,3,150.000015727529,126.294219352151,-15.0214244151651,313.556171232163,490.081850630143,4491.46328507447,-4.43633584566191,2.46959045932715,-0.245274126268618,-0.0863742724716177,2.46959045932715,-0.245274126268618,2.66751513384022,-0.15848944725237,-50.8668544943235,0.409941175604625,5.4842173731903,833.337871055102,8.29021023435058e-18,1.28629609415686,0.99701138423081,0.821422903864179,0.869709457348194,0.864147703364232,0.813760795750443,0.0168626587014894,0.00971532568242891,0.00613785572659097,0.00693232015762941,0.0101636542026872,0.0150665248411624,1298.97219039683,15.7678398083531,17.3232166618681,5.04922961506304,123.493542850152,119.61124814584,2541.36783720639,316.718828594463,21.0122472782007,0.224466730479818,0.332267711699685,0.0156442273230656,0.224466730479818,0.332267711699685,0.592562658329889,0.136998329738589,0.509357500285139,0.529493046644964,0.516320119263692,0.212021540858816,1.45672123950905e-15,0.310052144566633,0.202530366531196,0.162104891137087,0.156924582516727,0.132896961399244,0.110268667582259,0.0479553495149801,0.014719151943612,0.00731729160552722,0.00535106703459847,0.00423784740903761,0.0045457795707292,1.03176501462878,0.0102702930482338
15,7.88888888888889,1.17111111111111,0,0.000155840207772959,0.00460169492158688,0.0228428129196092,0.0645506686346218,0.139435472960268,0.301030172425439,0.000155840207772959,0.00460169492158688,0.0228428129196092,0.0645506686346218,0.139435472960268,0.301030172425439,0.000155840207772959,0.00460169492158688,0.0228428129196092,0.0645506686346218,0.139435472960268,0.301030172425439,0.444444444444444,3,150.000015727529,129.479429226122,-12.2345443474638,314.918748047079,442.832920102073,4629.4226643058,-3.22729446515988,2.56190032288304,-0.246827426067285,-0.092243896469118,2.56190032288304,-0.246827426067285,2.87027197166962,-0.166835943203833,-51.2907686699302,0.41382260417769,5.7038891782106,836.859681283198,9.19582567440893e-18,1.27797274242266,0.989050984272472,0.816774565149464,0.875245203624623,0.884630944693262,0.837826768044996,0.015517925941881,0.00940213769586502,0.0061298528835538,0.00607917123216331,0.00914682116446203,0.0144279490678055,1332.55869180294,16.1075429642744,17.3232166618681,7.86451303901582,122.23355153009,118.510006981369,2495.03904585758,226.527470470895,22.0190163513452,0.0884309273817937,0.317427163931517,0.00575092460440322,0.0884309273817937,0.317427163931517,0.703551991102379,0.21092028815593,0.522606122318703,0.504672788902661,0.26074774009999,0.274939884476018,1.43551584938973e-15,0.234567170958175,0.123955882303442,0.0809736856876005,0.0752711459779652,0.063368549257771,0.060643901590051,0.0335880274314063,0.00874058892823514,0.0038052689028115,0.00289124526614568,0.00228970512043262,0.00312265181770128,1.08978099716205,0.0100454100590182
15,7.88888888888889,1.17111111111111,0,0.000350640467489157,0.0103538135735705,0.0513963290691208,0.145239004427899,0.313729814160602,0.677317887957238,0.000350640467489157,0.0103538135735705,0.0513963290691208,0.145239004427899,0.313729814160602,0.677317887957238,0.000350640467489157,0.0103538135735705,0.0513963290691208,0.145239004427899,0.313729814160602,0.677317887957238,1,3,150.000015727529,120.310457244037,-20.0513616894073,297.131652952817,573.444865159879,4193.67367982502,-6.05174486345172,2.20541256119154,-0.235141117759608,-0.0677206790959275,2.20541256119154,-0.235141117759608,2.00109847932507,-0.13113367465264,-49.4647026351423,0.386754387777315,4.80191042599728,821.191344651599,-5.11452442453885e-19,1.3332604207895,1.03175366107697,0.852396167065932,0.919041506093115,0.839784282887199,0.691875992084158,0.0141593585959796,0.00949578125216123,0.0058037666079575,0.0106388240808249,0.0146234244349547,0.0300463139256328,1184.82324757838,14.594739089678,17.3232166618681,7.58378691472733,122.272206793729,118.954226512881,2510.240353854,193.234618469063,19.4274507497645,0.0737670833640139,0.325202926361299,0.00464462020527843,0.0737670833640139,0.325202926361299,0.594626920326396,0.172315494030472,0.516005589442367,0.518312761017647,0.169424679358299,0.203165249998781,1.30528263288751e-15,0.248545704180652,0.128734703708592,0.0831299440878982,0.0719589932196788,0.0481835506361348,0.0307835929923437,0.0374386509400577,0.00936545930184158,0.00407209979746242,0.00360475725358565,0.00305137339057191,0.00587111009387127,0.974628729552671,0.00926671586267527
-1.66666666666667,7.88888888888889,1.17111111111111,0,0.000350640467489157,0.0103538135735705,0.0513963290691208,0.145239004427899,0.313729814160602,0.677317887957238,0.000350640467489157,0.0103538135735705,0.0513963290691208,0.145239004427899,0.313729814160602,0.677317887957238,0.000350640467489157,0.0103538135735705,0.0513963290691208,0.145239004427899,0.313729814160602,0.677317887957238,1,3,150.000015727529,126.52502864285,-15.6722118539736,314.15578585564,495.519999927091,4406.11821685241,-4.81574323091345,2.3057240912405,-0.23259757564837,-0.0738524612019581,2.3057240912405,-0.23259757564837,2.24756820122904,-0.144825404708885,-50.8837131548799,0.382771451725966,5.01504864076657,833.279345901468,-1.54023511821685e-17,1.35963576710759,1.05870594729716,0.878075450473908,0.947312300802,0.860700968649099,0.703755192167483,0.0130552981661285,0.00986985402156026,0.00607942419747943,0.0113864059993751,0.014974689094886,0.0326580116654515,1298.38443912092,15.7619445891051,17.3232166618681,5.5525333521541,123.116776408292,118.536537018961,2540.24016516645,103.858277245902,20.4198976150748,0.0816314776128671,0.335718573943769,0.00631929554306522,0.0816314776128671,0.335718573943769,0.604396612514449,0.165100732177182,0.537903872107251,0.53596951488736,0.108457686778436,0.213423066803654,1.37133734144325e-15,0.0949616958291468,0.0497595459334283,0.0355331783098509,0.0330564001576524,0.0231812785027046,0.0160530552766653,0.0180613701046663,0.00559147769848305,0.00291707747458874,0.002505614234645,0.00221731705128791,0.00292483795745403,0.981391189665337,0.0091389420966678
-15,12.7777777777778,1.34888888888889,0.5,3.89600519432397e-05,0.00115042373039672,0.00571070322990231,0.0161376671586555,0.0348588682400669,0.0752575431063598,3.89600519432397e-05,0.00115042373039672,0.00571070322990231,0.0161376671586555,0.0348588682400669,0.0752575431063598,3.89600519432397e-05,0.00115042373039672,0.00571070322990231,0.0161376671586555,0.0348588682400669,0.0752575431063598,0.111111111111111,3,150.000015727529,233.373367357567,-24.4218417935632,603.583022601813,711.40024627643,8020.90771794605,-19.662864958546,4.1213063222581,-0.723363245495261,-0.258792334131861,4.16656546193105,-0.384919347368399,11.4052275804604,-0.266108876059785,-100.273473596501,0.635562120466618,9.07673679825018,1173.80408290803,4.67686918029369,1.28115019268826,0.87901296739923,0.662306780543693,0.680329642745547,0.664285272367461,0.632764691178002,0.0145258285955525,0.00862668763108009,0.00598139257879387,0.00595483953754816,0.00599437839808353,0.00680723705863973,4999.96614935944,43.0931194667212,17.3232166618681,50.0269061148112,128.40123868952,124.12760460203,2751.44130419693,1956.27097337634,33.5856105550048,1.17060015813231,0.512786506534891,0.138499147526405,1.20265909728484,0.43228058583877,2.79684712112245,0.354884814938444,1.42499160288304,0.699494588426554,2.66292694683033,0.396925679179622,0.0073321189130493,0.159047366969109,0.0457019235731645,0.0792737635958105,0.109212003377068,0.128352694425974,0.139009506460855,0.0263054481161924,0.00473046615888066,0.00298688222014493,0.0027896484006388,0.00222836094772873,0.00153989946054572,0.808547987509779,0.00595006977961163
-15,12.7777777777778,1.34888888888889,0.5,0.000233760311659438,0.00690254238238032,0.0342642193794138,0.0968260029519328,0.209153209440401,0.451545258638159,0.000233760311659438,0.00690254238238032,0.0342642193794138,0.0968260029519328,0.209153209440401,0.451545258638159,0.000233760311659438,0.00690254238238032,0.0342642193794138,0.0968260029519328,0.209153209440401,0.451545258638159,0.666666666666667,3,150.000015727529,242.262285178627,-28.8893496594105,603.248224143319,843.425514321425,8249.31673783981,-18.2444048155401,4.1250932194563,-0.664990221488387,-0.253124792209145,4.15884293302781,-0.403333914685971,11.2023310071868,-0.318975741612228,-100.310768669931,0.658264270680137,8.93413331944588,1173.82553900635,3.61831402978855,1.35963180918654,0.965308769919798,0.745796302468493,0.772292854910947,0.698594208936569,0.60241638371003,0.0155788369960421,0.00933815590021874,0.00597197806613894,0.00652183068565774,0.00971883105926465,0.0148469534423498,5000.00072909072,43.0927559629196,17.3232166618681,48.2261132512156,128.944036705469,124.159400122476,2768.73493391703,1885.09455249709,34.7327856249397,1.10194024374664,0.485948509862124,0.128572413464169,1.12520030981261,0.429357116448498,2.63846469908913,0.311954909402779,1.32600930612055,0.69262016115931,2.45759379316926,0.382804594903696,0.00976195954643315,0.162539341854734,0.0449982077902054,0.0823136837416386,0.116678727464317,0.124097707665009,0.118736507528594,0.0289115262508583,0.00527762321366649,0.00354591474067622,0.00354492712320639,0.00275625800282244,0.00200604947565349,0.755879378629962,0.00654692374582327
-15,25,1.34888888888889,0.5,0.000233760311659438,0.00690254238238032,0.0342642193794138,0.0968260029519328,0.209153209440401,0.451545258638159,0.000233760311659438,0.00690254238238032,0.0342642193794138,0.0968260029519328,0.209153209440401,0.451545258638159,0.000233760311659438,0.00690254238238032,0.0342642193794138,0.0968260029519328,0.209153209440401,0.451545258638159,0.666666666666667,3,150.000015727529,153.428941776898,-9.2966882095615,619.372315383814,79.2002782211229,3382.94447287782,-57.9848619935423,0.388107381658161,-0.163537453765233,-0.027483156025414,0.421075874929695,-0.00809275760858245,-4.14546494933341,-1.31265391958129,-100.957331527965,-0.0382935351963337,-0.0528017012498698,1173.68242891365,21.7481835225497,1.50853015310905,0.955823237162796,0.445473440266639,0.24987047868972,0.0437481439089678,-0.0971583156546192,0.112035810343714,0.011112760137069,0.00654612884074576,0.00615278314758879,0.00870108394958859,0.0160157868971982,4999.98187688782,43.0933663160085,17.3232166618681,69.614201331673,112.055275676691,116.911753891837,2314.49043624796,2385.98030027965,16.2465624237167,1.15876153063224,0.73786139036315,0.0178934823960671,1.32837025468627,0.350151581292887,3.60399777070954,0.942249130364131,2.55315456906065,0.562530484855013,2.91666894325951,0.925378625084857,0.004132198684158,0.396406579673451,0.215011275921798,0.09778161398796,0.153850985785394,0.179295456415079,0.217715904658051,0.1399263743536,0.0157106562034446,0.00280220100433763,0.00109488946114975,0.00177963416413601,0.00802655786666202,3.47177378082994,0.00937861411779733
1.66666666666667,25,1.34888888888889,0.5,0.000233760311659438,0.00690254238238032,0.0342642193794138,0.0968260029519328,0.209153209440401,0.451545258638159,0.000233760311659438,0.00690254238238032,0.0342642193794138,0.0968260029519328,0.209153209440401,0.451545258638159,0.000233760311659438,0.00690254238238032,0.0342642193794138,0.0968260029519328,0.209153209440401,0.451545258638159,0.666666666666667,3,150.000015727529,143.77863460577,-12.5259685116134,617.579220914488,203.586600249974,2888.62665962296,-56.5272411071763,0.0658337843141339,-0.0356028639225081,-0.0626780919695864,0.0745317858764712,-0.00681194710967608,-5.41845183888136,-1.59103439625102,-100.806382668472,-0.0453420870700968,-0.87361056403812,1173.6887824185,23.1846349338615,1.51954546401416,0.923066378502239,0.426456171572753,0.219938989700031,0.000916072430996774,-0.147967997037809,0.0582071583651703,0.0107010034395375,0.00643459377637745,0.00692835860847828,0.00882214915113009,0.0183448657431517,4999.99229246953,43.0935829601079,17.3232166618681,120.900803657475,115.880102231785,114.904106443415,2410.6716326087,4111.98335865963,30.5498687624441,1.82112811889713,1.135003555631,0.0462145725448827,2.10757100242109,0.403609214478878,4.56934291583969,1.46306667905067,3.87566069999249,0.648904335843999,4.50895961620434,1.06634509474694,0.00498691457699417,0.273916844970969,0.334478533380535,0.323206817552719,0.332870421179013,0.310419945072527,0.296071428940752,0.0698640442188929,0.0186782573487269,0.00689101985337407,0.00381795739502692,0.00330878933820614,0.0103305240360482,4.56895581664481,0.00848617854387423
1.66666666666667,25,1.34888888888889,0.222222222222222,0.000233760311659438,0.00690254238238032,0.0342642193794138,0.0968260029519328,0.209153209440401,0.451545258638159,0.000233760311659438,0.00690254238238032,0.0342642193794138,0.0968260029519328,0.209153209440401,0.451545258638159,0.000233760311659438,0.00690254238238032,0.0342642193794138,0.0968260029519328,0.209153209440401,0.451545258638159,0.666666666666667,3,150.000015727529,151.969236537861,-10.1385624195396,620.361431100927,80.5958092906989,3201.1833945214,-55.2414883866263,0.242584670523904,-0.096222525237996,-0.0168838210603062,0.26090346393084,0.0059735742006041,-4.76028342672638,-1.45768448977502,-100.933342360171,-0.0634097834746381,-0.43575306348297,1173.7296114988,22.9483553796476,1.56548828247058,0.964201489428186,0.459490969690657,0.258329976958025,0.046425772095615,-0.0976464080574941,0.0522111998434537,0.0101941018376211,0.00623764244349547,0.00626199354233934,0.00869852640349964,0.014955993125716,4999.96031663368,43.0935350484327,17.3232166618681,69.8193628225604,113.734656476322,116.438007347229,2361.92748994853,2105.64678311,20.0601544600623,0.867284429906993,0.665188698164291,0.0110616999080375,1.03528721604833,0.350488148649925,4.0156155678331,0.939021727478616,2.29603449913428,0.558634870216476,2.17404560717603,1.29783760263031,0.0066921241383772,0.223624236753817,0.226391140347827,0.178753889132246,0.166708848943422,0.132077914902762,0.14408397833158,0.0576292965351293,0.013064812304477,0.00387592465945109,0.00141457457281036,0.00149703043763439,0.00694679813914255,5.13423842775794,0.0160760576900684
1.66666666666667,25,1.17111111111111,0.222222222222222,0.000233760311659438,0.00690254238238032,0.0342642193794138,0.0968260029519328,0.209153209440401,0.451545258638159,0.000233760311659438,0.00690254238238032,0.0342642193794138,0.0968260029519328,0.209153209440401,0.451545258638159,0.000233760311659438,0.00690254238238032,0.0342642193794138,0.0968260029519328,0.209153209440401,0.451545258638159,0.666666666666667,3,150.000015727529,148.363541297781,-8.80326337569003,620.41747734611,61.9251543797521,3327.53400999896,-44.1804916154567,0.449378298781377,-0.195887168305385,-0.0145253528799084,0.490127457004478,-0.0093041063024685,-3.75843556783669,-1.33072999770857,-100.995279658369,-0.0315448981790438,0.180447476231642,1173.70794708885,22.4657587751276,1.58407717946047,1.01111219664618,0.505375304655765,0.303976657181023,0.0878564123607958,-0.0609676624809915,0.0624597359754192,0.0103839400423914,0.00625300052077909,0.00645487261743568,0.00858289667742942,0.0141051932090408,4999.97114883866,43.0934329757321,17.3232166618681,63.6898454937709,114.356009212392,116.854867137305,2373.78456324555,1861.49254854409,18.2856154414006,0.750165352963798,0.605689939959033,0.0094251897557514,0.899787552555746,0.346392666732866,3.9619575257943,0.754894576299298,2.05522871988834,0.550712371745712,1.86961861480073,1.38432759087824,0.00704669931004517,0.213447503745559,0.225035267440131,0.180762446267751,0.169493607561434,0.133929670971042,0.137961122352049,0.064131434676421,0.0138882245600401,0.0043120934172851,0.001745874445634,0.00146096598685254,0.00619085173544565,5.28578092847045,0.017401056959885
-11.6666666666667,25,1.24222222222222,0.222222222222222,7.79201038864794e-05,0.00230084746079344,0.0114214064598046,0.0322753343173109,0.0697177364801338,0.15051508621272,7.79201038864794e-05,0.00230084746079344,0.0114214064598046,0.0322753343173109,0.0697177364801338,0.15051508621272,7.79201038864794e-05,0.00230084746079344,0.0114214064598046,0.0322753343173109,0.0697177364801338,0.15051508621272,0.222222222222222,3,150.000015727529,151.709384439121,-8.2698838818873,620.726445161963,39.7260067284658,3447.08134569316,-48.5041214456828,0.517045129028227,-0.219045342068535,-0.00674850817623164,0.561445249015728,-0.00985005299447973,-3.51500484273514,-1.26579707863764,-101.028870950943,-0.0298025513488178,0.346397314196438,1173.66774294344,21.9551213415262,1.52144651598792,0.9999193625664,0.495764514113113,0.2989026768045,0.0817361222793459,-0.0397719971445787,0.10641082877242,0.0108025767313509,0.00627841933131965,0.0060522046661806,0.00754940141651913,0.0078611461306114,4999.95437975211,43.0933090303099,17.3232166618681,35.5361309034874,111.14193351895,117.354836933218,2287.17453076036,800.258240446809,18.3787488948241,0.339423067636126,0.400528659659945,0.00349335602787051,0.420038276950398,0.314956937649427,3.00144123777973,0.644107607070635,1.42499372663489,0.500867182211495,0.898546230870254,1.26910811816086,0.00527655621911286,0.350008967859212,0.255145721404639,0.119701371711351,0.0655261542258177,0.0599238169977103,0.0804542335838694,0.130725896603622,0.019801688397976,0.00379287374756612,0.000859688082050631,0.00153359111181012,0.00220364562463117,4.86976233946341,0.0164233450050026
-11.6666666666667,25,1.24222222222222,0.222222222222222,0.000272720363602678,0.00805296611277703,0.0399749226093161,0.112963670110588,0.244012077680468,0.526802801744519,0.000272720363602678,0.00805296611277703,0.0399749226093161,0.112963670110588,0.244012077680468,0.526802801744519,0.000272720363602678,0.00805296611277703,0.0399749226093161,0.112963670110588,0.244012077680468,0.526802801744519,0.777777777777778,3,150.000015727529,151.104847411728,-8.46600991167586,620.752702843454,52.8007083116342,3416.53317362775,-48.9609551088428,0.497450346865951,-0.213338001012395,-0.00646770867617957,0.541134741745651,-0.011981339427143,-3.59384326873242,-1.27996653161129,-101.024379752109,-0.0265508182626809,0.300444440753046,1173.68919904177,21.9444766170189,1.52180064576606,1.00060091657119,0.498262014373502,0.301987282574732,0.0761459298958442,-0.0434284363332986,0.1066394640777,0.0112239564297886,0.00644568190813456,0.00605378273096552,0.00951396760754088,0.0123334366211853,4999.95302572649,43.0935392146656,17.3232166618681,35.6126337042673,111.239073013509,117.288053434146,2291.5219744429,793.044249611649,18.3676318559013,0.329556055960545,0.404004315160491,0.00339998074005218,0.41417201388847,0.316680773195636,3.68538878748918,0.610840835075931,1.43989343252316,0.503840068177658,0.883068900943126,1.26986588615324,0.00593712718584544,0.349351969788946,0.254213469030773,0.120324747591605,0.0666355604960688,0.0577360924052886,0.0816298430416292,0.130828651392402,0.0198492861682321,0.00392452657254333,0.000881980435391993,0.00196350436647841,0.00654625465496687,4.83905352534029,0.0164947513295847
-11.6666666666667,25,1.24222222222222,0.5,0.000272720363602678,0.00805296611277703,0.0399749226093161,0.112963670110588,0.244012077680468,0.526802801744519,0.000272720363602678,0.00805296611277703,0.0399749226093161,0.112963670110588,0.244012077680468,0.526802801744519,0.000272720363602678,0.00805296611277703,0.0399749226093161,0.112963670110588,0.244012077680468,0.526802801744519,0.777777777777778,3,150.000015727529,149.150104155817,-9.20438711071762,619.415321320696,94.9623894594313,3314.31931957088,-51.3273742318509,0.40972429469951,-0.181988939339652,-0.0282780052077908,0.44806500761379,-0.0152563008228309,-3.96519417718987,-1.32838922862202,-100.95906572232,-0.0239721876679512,0.0553358326945111,1173.75075512967,21.999616706593,1.54779491719613,0.969191198833455,0.457974471409228,0.260457401612332,0.0474422458733465,-0.0924654548215812,0.0897346236971253,0.0107929091609416,0.00639210800958234,0.00643327330486408,0.00922273721487346,0.0174979239662535,4999.98218935528,43.0934183939172,17.3232166618681,74.8246345528551,113.034959994268,116.888838528426,2340.09905611344,2516.98000884602,15.3696733906701,1.17249765355693,0.759766094079611,0.018602162450768,1.35101085476933,0.356053607595109,3.34749812641836,0.920520396954304,2.59307631250045,0.570601609663469,2.92736525002068,0.80406240852506,0.00458700020282113,0.318565735169623,0.169606018591096,0.129346973169127,0.189126996353149,0.204950832454281,0.225192824559119,0.109839232296127,0.012690387698298,0.00314979498097684,0.00152343004361758,0.00219947068907104,0.00984667908998221,3.08017779485067,0.00964477574278257
5,25,1.24222222222222,0.5,0.000272720363602678,0.00805296611277703,0.0399749226093161,0.112963670110588,0.244012077680468,0.526802801744519,0.000272720363602678,0.00805296611277703,0.0399749226093161,0.112963670110588,0.244012077680468,0.526802801744519,0.000272720363602678,0.00805296611277703,0.0399749226093161,0.112963670110588,0.244012077680468,0.526802801744519,0.777777777777778,3,150.000015727529,139.476943792313,-11.8360350953026,617.788928236642,209.941201222789,2917.9274422456,-51.5559700305177,0.187006529757317,-0.101199340297886,-0.0581716597229455,0.211658768104573,-0.0203710875815019,-4.8042129225289,-1.52312001357359,-100.85434538069,-0.0182191396437871,-0.487520595667118,1173.68055410895,22.9215477554411,1.47402515362983,0.945422206020207,0.45806540610249,0.249471967863764,0.0241660476408707,-0.12068316306843,0.087985464637017,0.0129301090009895,0.00662180021924799,0.00732016862826788,0.0102987804395376,0.0194730191646703,4999.99781272784,43.0935746276426,17.3232166618681,120.028009010033,117.154153017276,115.427521014755,2449.13766461423,4049.16148301038,32.779364282233,1.75978876619987,1.10382754246509,0.0407162645466456,2.03700430200867,0.407316432073052,5.87008350269684,1.40924639078554,3.74752043454954,0.652608316924171,4.31866838257648,1.06209597475839,0.00364863493494664,0.343482440537874,0.412231361478003,0.38198093393876,0.374431154122506,0.335417946756501,0.297482766373547,0.105371289777176,0.0254441696287488,0.0094709506475615,0.00503196917431158,0.00401659500174441,0.0120379419736899,4.27242800391954,0.00774676531483352
5,12.7777777777778,1.24222222222222,0.5,0.000272720363602678,0.00805296611277703,0.0399749226093161,0.112963670110588,0.244012077680468,0.526802801744519,0.000272720363602678,0.00805296611277703,0.0399749226093161,0.112963670110588,0.244012077680468,0.526802801744519,0.000272720363602678,0.00805296611277703,0.0399749226093161,0.112963670110588,0.244012077680468,0.526802801744519,0.777777777777778,3,150.000015727529,233.433756900323,-30.3773682762212,605.864524528695,883.172462566399,7862.47963753776,-11.4657013779814,3.84863753775648,-0.624895355587961,-0.21547478387668,3.87958014790126,-0.389146265704614,10.0728698052286,-0.336177233923549,-100.483880845745,0.630653861243621,8.25836798250182,1173.75794188105,3.49423351734194,1.4488087699198,1.05586875325487,0.829806020206229,0.844480845745235,0.737856389959379,0.61368447036767,0.0235371192157067,0.0104022078168941,0.00614883661439433,0.00993672836104572,0.0119789296948235,0.0185124320383293,5000.12821581085,43.0925382772635,17.3232166618681,42.2588003031477,128.36128039818,123.355905444476,2716.31154387186,1620.64256001121,32.7446541768141,0.901647553707898,0.437658109432334,0.0954770017529181,0.919564201842384,0.398560669804455,2.18406324611893,0.241361882323614,1.18780775835182,0.638682110008891,1.97579533750857,0.969076930402571,0.0755702518453572,0.271335141572645,0.221577216536635,0.206192253974707,0.200406040252121,0.169896867034606,0.136075782468558,0.0445892678943632,0.0169340093415813,0.00902223631822769,0.00705276485788056,0.00458429625305628,0.00427925325348829,1.08508670625326,0.0335578514519849
5,12.7777777777778,1.42,0.5,0.000272720363602678,0.00805296611277703,0.0399749226093161,0.112963670110588,0.244012077680468,0.526802801744519,0.000272720363602678,0.00805296611277703,0.0399749226093161,0.112963670110588,0.244012077680468,0.526802801744519,0.000272720363602678,0.00805296611277703,0.0399749226093161,0.112963670110588,0.244012077680468,0.526802801744519,0.777777777777778,3,150.000015727529,224.122112279971,-24.2328685189043,608.082387251327,664.712196542027,7433.06197271118,-23.8500365311947,3.53630278096032,-0.665693816164983,-0.187544026663889,3.58309998958442,-0.331647441082179,8.85790948859493,-0.249930754794292,-100.6093625664,0.534594953244453,7.56802728882408,1173.83345484845,5.37277887720026,1.31595071346735,0.909714321424852,0.680675481720655,0.693473013227789,0.596711123841267,0.492646995104677,0.0151148124320384,0.00986682005791065,0.00635027746859702,0.00748008027288824,0.0095881844599521,0.0134241397771065,4999.99312571607,43.0929559420881,17.3232166618681,49.7986786299376,128.005718336137,123.423437212308,2701.9236215617,1853.86265228976,30.6535344508106,1.00191295212041,0.471508933185775,0.0986376432913721,1.03211003582114,0.401136063146614,2.38194560899334,0.459737364070736,1.32212306769683,0.64292204726164,2.2138534324804,0.372588678297525,0.00311099455386684,0.258398153795974,0.222560775983401,0.194887940565747,0.189047471104517,0.166930154497065,0.133659519424906,0.0367204624132516,0.013754981618781,0.00699834060854411,0.00512951536532777,0.00347462426542307,0.00462530897013489,0.896146047973192,0.00456333169935135
1.66666666666667,17.6666666666667,1.27777777777778,0.0555555555555556,0.000311680415545917,0.00920338984317375,0.0456856258392184,0.129101337269244,0.278870945920535,0.602060344850878,0.000311680415545917,0.00920338984317375,0.0456856258392184,0.129101337269244,0.278870945920535,0.602060344850878,0.000311680415545917,0.00920338984317375,0.0456856258392184,0.129101337269244,0.278870945920535,0.602060344850878,0.888888888888889,3,150.000015727529,170.985772315384,-11.6989900209353,619.439443807937,201.470490274971,4869.9512550776,-34.6747752317467,1.6731717529424,-0.533939202166442,-0.0396732736173315,1.75179366732632,-0.125811887345068,1.29406921479533,-0.508524653359025,-101.101517550256,0.177303805810853,3.2305018227268,1173.6765961879,13.5909634413083,1.51442349755234,0.923895510884283,0.559114831788355,0.478741568586606,0.317207009686492,0.205501916467035,0.0211689645445266,0.00955559632559109,0.00616213373606915,0.00708243985001563,0.00742786157691908,0.00941003551713364,4999.99854181856,43.0936569107386,17.3232166618681,28.4786937472895,119.843725355282,117.677871739546,2470.66550674645,598.312030771028,18.5222353904507,0.178171680368554,0.376601587474622,0.0111686259730579,0.247681032751587,0.335008015258623,1.51757646236518,0.310850527915705,1.22071022655584,0.531508871111246,0.423414670690627,0.685932391850405,0.00651750981250993,0.181445128315627,0.111596737937932,0.066598834502403,0.0467694272468416,0.0322623773700499,0.0210485710241837,0.030848082094045,0.00763278017981192,0.00242962925653198,0.00162076590522279,0.000663963524430788,0.000495276896342745,2.68797436870569,0.00975590560449461
1.66666666666667,17.6666666666667,1.1,0.0555555555555556,0.000311680415545917,0.00920338984317375,0.0456856258392184,0.129101337269244,0.278870945920535,0.602060344850878,0.000311680415545917,0.00920338984317375,0.0456856258392184,0.129101337269244,0.278870945920535,0.602060344850878,0.000311680415545917,0.00920338984317375,0.0456856258392184,0.129101337269244,0.278870945920535,0.602060344850878,0.888888888888889,3,150.000015727529,169.352692427872,-13.0286747515884,618.935121341527,264.085605119258,4952.3514217269,-24.7801289372878,1.81105197375274,-0.559060579106343,-0.0465496354546402,1.88961889386522,-0.147632790257265,1.92326709717738,-0.464908382949693,-101.090639516718,0.216573224339131,3.59729319862514,1173.62733048641,12.6877512759086,1.5692795542131,1.01043889178211,0.639044047495053,0.559334704718258,0.391948817831476,0.266010186438912,0.0266118732427872,0.00996819593896469,0.00604614296260806,0.00810607082595563,0.0080362582022706,0.00768184834913029,4999.98583480887,43.0933340277055,17.3232166618681,26.8540086488124,120.53354355077,117.55225292799,2484.66558170172,559.296628616311,18.7889683207608,0.166509911824935,0.37422468124769,0.0116283100122973,0.233615641540012,0.336441815234104,1.44941554546944,0.282643082383298,1.20602746968816,0.53389073191988,0.391812728657597,0.625382256467865,0.00596474055448369,0.18112055253238,0.112829711677695,0.0675019291100218,0.0475704813894471,0.0328754103413592,0.0212916053581137,0.0370450231421684,0.00845958461640299,0.00273958943067061,0.00144817339502785,0.00199800978556675,0.00074303158125992,2.45051171386552,0.00894879980982483
-15,17.6666666666667,1.1,0.0555555555555556,0.000311680415545917,0.00920338984317375,0.0456856258392184,0.129101337269244,0.278870945920535,0.602060344850878,0.000311680415545917,0.00920338984317375,0.0456856258392184,0.129101337269244,0.278870945920535,0.602060344850878,0.000311680415545917,0.00920338984317375,0.0456856258392184,0.129101337269244,0.278870945920535,0.602060344850878,0.888888888888889,3,150.000015727529,173.053754817207,-14.0442932015415,618.166149359442,308.172128244975,5174.30725966045,-24.3117263485053,1.98666284762004,-0.581782339339652,-0.0555491136339965,2.06329496927403,-0.167637244714092,2.63987633486095,-0.410205855265076,-101.075932715342,0.251480572261223,4.01314581814394,1173.57983543381,11.677211748776,1.51184168315801,1.0277248307468,0.670442578898031,0.597711686282679,0.433796614935944,0.304624893240288,0.0918114453972503,0.0110985757962712,0.00624005184876576,0.00791592886157692,0.00916823945422352,0.00643515435892094,5000.00166649307,43.0933527757526,17.3232166618681,21.9634608667129,119.477128680957,117.114692146266,2454.60182644464,416.444219902258,24.5364774498781,0.123394825170798,0.361871371482076,0.0109574556512764,0.189558134950022,0.332025636862218,1.50796379248723,0.286138646331184,1.16840878586604,0.52842880808663,0.310232538095519,0.555751756256167,0.00597441171038719,0.404799332920851,0.238330246939591,0.13560243130723,0.0858239686126001,0.0527963309962458,0.027680816707521,0.121639977761453,0.0204547295392844,0.00577826507580022,0.00292357509132676,0.00251060425102402,0.00106623480192569,2.35398539131222,0.00854872156942101
-15,17.6666666666667,1.1,0.333333333333333,0.000311680415545917,0.00920338984317375,0.0456856258392184,0.129101337269244,0.278870945920535,0.602060344850878,0.000311680415545917,0.00920338984317375,0.0456856258392184,0.129101337269244,0.278870945920535,0.602060344850878,0.000311680415545917,0.00920338984317375,0.0456856258392184,0.129101337269244,0.278870945920535,0.602060344850878,0.888888888888889,3,150.000015727529,175.651755025518,-14.3987855410895,617.569513592334,313.770104562025,5256.89480262473,-25.3428649118842,2.01968591813353,-0.581707804237579,-0.0633462850744715,2.09490582231017,-0.169941816279554,2.75956174986981,-0.390742451678992,-101.055582751797,0.254769626112905,4.07207488803249,1173.57358608478,11.4296239975002,1.54072679929174,1.02649182376836,0.659278304343298,0.58619518800125,0.421441495677533,0.29185328611603,0.0724049534783876,0.0106574611604,0.00611343452655973,0.00792550088532445,0.0095033015310905,0.00916982751796687,4999.99312571607,43.0935215081761,17.3232166618681,37.8580881012233,121.471894508565,119.045023112156,2521.43611748464,1247.57938874607,20.6420680149685,0.630365665377721,0.456644362009992,0.0370915628340344,0.690081952230475,0.360078604009307,1.82074244327602,0.372638265808271,1.43723293767426,0.575427615627491,1.46368996877881,0.527203849637902,0.00590676369878855,0.341967247212505,0.135675176044111,0.044669367872452,0.0633299436299732,0.0829817460776528,0.0863271377636298,0.0956039164079089,0.0117377287339085,0.00280006388938,0.00206897762293166,0.00203858147540932,0.00281978770526202,2.06814999600241,0.00759960119952606
-15,17.6666666666667,1.1,0.333333333333333,0.000116880155829719,0.00345127119119016,0.0171321096897069,0.0484130014759664,0.104576604720201,0.225772629319079,0.000116880155829719,0.00345127119119016,0.0171321096897069,0.0484130014759664,0.104576604720201,0.225772629319079,0.000116880155829719,0.00345127119119016,0.0171321096897069,0.0484130014759664,0.104576604720201,0.225772629319079,0.333333333333333,3,150.000015727529,172.671700864493,-12.9195896333715,617.53501718571,280.371915425477,5202.3982918446,-26.0208417628372,2.04569056348297,-0.604992365206749,-0.0670892152900739,2.12655561920633,-0.169241429257369,2.95750959587543,-0.395683860165608,-101.045733777731,0.256541152765337,4.19173763149672,1173.58504322466,11.9247724195394,1.51700656181648,0.980033569419851,0.613756546193106,0.53759415685866,0.414838027288824,0.320532809082387,0.0619456681741485,0.00988350874221436,0.00610363632694511,0.00610012217477346,0.00728333225705655,0.00834393511092597,5000.00197896052,43.0935173419433,17.3232166618681,39.8364634593799,121.296162904568,119.138746656657,2523.25582157658,1330.89848265702,20.6193458170454,0.698106284364549,0.480864890343641,0.0418584739092387,0.764989211771653,0.365203371877893,1.95690913370514,0.402028494918425,1.5126988937938,0.584984219410838,1.65441179338552,0.530213420774055,0.00499507816812049,0.347604726813045,0.135946536945049,0.0437790678567202,0.0607520646272959,0.0879653880359562,0.105299942735591,0.0852208657968314,0.0110091568561751,0.00253794287545018,0.00162396104067624,0.00101761768689281,0.0013692771312423,1.99976463197731,0.00747021420491645
-15,5.44444444444444,1.1,0.333333333333333,0.000116880155829719,0.00345127119119016,0.0171321096897069,0.0484130014759664,0.104576604720201,0.225772629319079,0.000116880155829719,0.00345127119119016,0.0171321096897069,0.0484130014759664,0.104576604720201,0.225772629319079,0.000116880155829719,0.00345127119119016,0.0171321096897069,0.0484130014759664,0.104576604720201,0.225772629319079,0.333333333333333,3,150.000015727529,76.4842110196855,-11.8493002760129,232.356982605978,308.491834136027,2695.58233517342,-11.5125905574419,1.52129809394855,-0.148207328909489,-0.0345470450994688,1.52129809394855,-0.148207328909489,0.618196313196541,-0.0636093807217998,-38.579969794813,0.250124461941465,3.41923122591397,724.97400270805,-2.14466382668472e-18,0.797170732215394,0.622904353713153,0.531539495885845,0.597907020102073,0.649820560358296,0.676291271742527,0.0124400810332257,0.00853328653265284,0.00596810915529632,0.00604213852723675,0.0074144646391001,0.0100735535881679,380.320956150401,5.30674106863867,17.3232166618681,4.92171196977055,123.062046684553,120.011923650964,2559.31676023528,288.836935174944,11.8522169974318,0.257169141579509,0.348534007826231,0.0115466472996019,0.257169141579509,0.348534007826231,0.319836719443955,0.0577678088853084,0.42384066031653,0.558250800837778,0.550685579970404,0.0862597071407178,1.23722958940329e-15,0.0667063691953342,0.016700314112611,0.036996787928087,0.0636495006255328,0.0832155291505796,0.0871269220188356,0.00780374155303454,0.00183582414969943,0.00126789635517217,0.00154635138854333,0.00158540145692151,0.00125116205804339,0.331543678391213,0.0042618009768437
-1.66666666666667,5.44444444444444,1.13555555555556,0.277777777777778,3.89600519432397e-05,0.00115042373039672,0.00571070322990231,0.0161376671586555,0.0348588682400669,0.0752575431063598,3.89600519432397e-05,0.00115042373039672,0.00571070322990231,0.0161376671586555,0.0348588682400669,0.0752575431063598,3.89600519432397e-05,0.00115042373039672,0.00571070322990231,0.0161376671586555,0.0348588682400669,0.0752575431063598,0.111111111111111,3,150.000015727529,82.1292948651183,-9.14236168628268,246.545746276429,261.013369383398,2916.15873346526,-9.97467272117488,1.66226528486616,-0.15230453467243,-0.0404608592854911,1.66226528486616,-0.15230453467243,0.874925606408708,-0.0748124980022915,-39.5115154671388,0.258785158964691,3.75391344651599,733.996114988022,5.68141337360693e-18,0.834565868138736,0.653164826580565,0.551805364024581,0.611095333819394,0.678950640558275,0.725409905218206,0.0121617373638163,0.00835522883033018,0.0059803276742006,0.00597152463285075,0.00593654744297469,0.00687987490886366,448.259337569004,6.17781335277583,17.3232166618681,2.81875685746093,122.985514914695,119.75948468566,2545.52847326956,207.526895367956,13.4667694393013,0.193291877555962,0.340067228506706,0.00960211669053417,0.193291877555962,0.340067228506706,0.328144974460003,0.0585739684781994,0.419933259820476,0.543526468803235,0.415960197048405,0.0870734179282877,1.18822176997703e-15,0.0612362386624105,0.057399415240866,0.0551367888129082,0.0642620240296799,0.0774834446555094,0.0672892769193931,0.00696315213637538,0.00294359631545502,0.00167330930534926,0.00151120734019002,0.00140619306516743,0.000936719070121743,0.359832916512829,0.00452743406189495
15,5.44444444444444,1.13555555555556,0.277777777777778,3.89600519432397e-05,0.00115042373039672,0.00571070322990231,0.0161376671586555,0.0348588682400669,0.0752575431063598,3.89600519432397e-05,0.00115042373039672,0.00571070322990231,0.0161376671586555,0.0348588682400669,0.0752575431063598,3.89600519432397e-05,0.00115042373039672,0.00571070322990231,0.0161376671586555,0.0348588682400669,0.0752575431063598,0.111111111111111,3,150.000015727529,78.7037746068119,-12.3223658848037,238.820907197167,320.828647536715,2789.44349546922,-9.89373342953858,1.59322445578586,-0.154860308617852,-0.0370506926361838,1.59322445578586,-0.154860308617852,0.753896512236224,-0.0687813043870431,-38.9627163837099,0.262325281054578,3.59818404332882,728.721831059272,-3.99918220602021e-18,0.813521851890427,0.631873950630143,0.533727663785022,0.592993052806999,0.661179908342882,0.710876856577441,0.0118061686009895,0.00822245907093011,0.00592153317362775,0.00589208665763983,0.00592497729403186,0.00684228840745755,408.342381001982,5.66841849807316,17.3232166618681,1.8560798072441,121.895345287098,120.287489245903,2505.59626770377,190.739407634117,13.596138592526,0.147613009426176,0.324480315490203,0.00681653244947814,0.147613009426176,0.324480315490203,0.310292411446954,0.0566862054596738,0.399508468401177,0.516577679261099,0.370266045650996,0.100324582594278,1.25141210579035e-15,0.175703779571694,0.128525955256067,0.103433718235248,0.108856091568286,0.118163903811577,0.106393124150057,0.0166465395605886,0.00584988914589446,0.00294155247456035,0.00242347097151613,0.00203094769086406,0.00133842460278243,0.404434426377175,0.00516743080446959
15,5.44444444444444,1.13555555555556,0,3.89600519432397e-05,0.00115042373039672,0.00571070322990231,0.0161376671586555,0.0348588682400669,0.0752575431063598,3.89600519432397e-05,0.00115042373039672,0.00571070322990231,0.0161376671586555,0.0348588682400669,0.0752575431063598,3.89600519432397e-05,0.00115042373039672,0.00571070322990231,0.0161376671586555,0.0348588682400669,0.0752575431063598,0.111111111111111,3,150.000015727529,79.7016435787938,-12.1659343017394,239.691484220394,318.604752109155,2832.77575252578,-9.41244477658577,1.62353452765337,-0.156791774356838,-0.0381692313300698,1.62353452765337,-0.156791774356838,0.802943435923342,-0.0703743961512344,-39.0191136339966,0.265925230923862,3.6710554108947,729.256837829393,1.55744847203416e-17,0.802585491094678,0.625975200499948,0.532310561399855,0.594233454848454,0.667072419539631,0.723655035933757,0.0117612858207478,0.00824966597229454,0.00594012644516197,0.00596857233621498,0.00595077200291636,0.00691199791688367,412.377491927927,5.72022633059056,17.3232166618681,6.86070374688589,121.433046870417,119.783071257721,2487.63154480888,200.882910079476,14.1191296297005,0.0734847183689142,0.317400596154292,0.00309433512862645,0.0734847183689142,0.317400596154292,0.378051634107891,0.0606397832957679,0.395597011519892,0.504536188265577,0.242180149570479,0.0978804524345015,1.17252583594643e-15,0.129385017039306,0.0724994650736293,0.0505721665966423,0.0575916921763883,0.063334162497336,0.0743059097855872,0.0119768712684976,0.00338517840829963,0.00155809760359975,0.0014351242838896,0.00130159297625042,0.0011186660360465,0.381914858206922,0.00486498098260572
15,5.44444444444444,1.31333333333333,0,3.89600519432397e-05,0.00115042373039672,0.00571070322990231,0.0161376671586555,0.0348588682400669,0.0752575431063598,3.89600519432397e-05,0.00115042373039672,0.00571070322990231,0.0161376671586555,0.0348588682400669,0.0752575431063598,3.89600519432397e-05,0.00115042373039672,0.00571070322990231,0.0161376671586555,0.0348588682400669,0.0752575431063598,0.111111111111111,3,150.000015727529,89.1272836162899,-5.92721769982294,248.791547755442,199.95559785439,3212.7929382356,-10.0591555354651,1.86075408811582,-0.15823803689199,-0.0499100302051869,1.86075408811582,-0.15823803689199,1.20310447936465,-0.0853554050911364,-39.8561097802311,0.271394654265181,4.22796125403604,737.275127590869,-1.33608027601292e-17,0.778904041245703,0.610231882095615,0.521958723049682,0.585669669826059,0.659037912717425,0.719437381522758,0.0123930533991251,0.00848679679200084,0.00604152567440891,0.00604610061451932,0.00600243193417352,0.00694290011457139,473.340089574005,6.49444432871571,17.3232166618681,7.19322282572219,122.405854779495,118.701764942825,2503.9367011596,227.638927901094,16.3370847076585,0.0932211631026595,0.317378550373124,0.00453624164015075,0.0932211631026595,0.317378550373124,0.433670995011917,0.0643174984237441,0.397862910892322,0.504081159733005,0.297536207458175,0.101663491429816,1.15110345751256e-15,0.125096666290513,0.0705372385183961,0.0503434287253814,0.0586385788714909,0.0653649725418194,0.0764342500901996,0.011432820837125,0.00326000310647445,0.00151314354889915,0.00141088190006015,0.00129787342457804,0.00113615236889,0.404405366320721,0.00503529721998625
15,17.6666666666667,1.31333333333333,0,3.89600519432397e-05,0.00115042373039672,0.00571070322990231,0.0161376671586555,0.0348588682400669,0.0752575431063598,3.89600519432397e-05,0.00115042373039672,0.00571070322990231,0.0161376671586555,0.0348588682400669,0.0752575431063598,3.89600519432397e-05,0.00115042373039672,0.00571070322990231,0.0161376671586555,0.0348588682400669,0.0752575431063598,0.111111111111111,3,150.000015727529,169.368044995313,-10.6865255723362,618.995646286845,202.691416519113,4942.74388084575,-38.0107822101865,1.8137752317467,-0.577335360899907,-0.04719131548797,1.89820018748047,-0.141124916079575,1.97281941391521,-0.476271574496407,-101.088440787418,0.206715371839392,3.62642453911051,1173.6443078846,13.4044672429958,1.40826402458077,0.876431673783981,0.51855621289449,0.442386699302156,0.332528403291324,0.259168451203,0.0618708935140089,0.0096657732812207,0.00612662244659932,0.00601947776273306,0.00597627288824081,0.00690741141547756,4999.9835433809,43.0931569628164,17.3232166618681,32.4837404779372,121.84775740656,117.842663732735,2515.75312872035,706.402144025375,21.8848373492442,0.197890122329631,0.379196812439268,0.01256530629802,0.260870260546244,0.338961566270069,1.584982530502,0.357310800013975,1.23004135933968,0.536047818108072,0.433824479145774,0.625025951618958,0.00497179490478195,0.436202146123466,0.265779989801637,0.147450261794691,0.0934683225926375,0.0642703565388223,0.0377409342506435,0.0882177095184969,0.0157387689261966,0.00398942900763549,0.00153610246035158,0.000641295962536735,0.00025891279599125,2.3695419708199,0.00833674382525299
15,17.6666666666667,1.31333333333333,0,0.000233760311659438,0.00690254238238032,0.0342642193794138,0.0968260029519328,0.209153209440401,0.451545258638159,0.000233760311659438,0.00690254238238032,0.0342642193794138,0.0968260029519328,0.209153209440401,0.451545258638159,0.000233760311659438,0.00690254238238032,0.0342642193794138,0.0968260029519328,0.209153209440401,0.451545258638159,0.666666666666667,3,150.000015727529,172.35706697219,-11.6189748099156,618.898291844599,216.331925169253,5013.27184668264,-37.1396838870951,1.81617123216332,-0.565108459535465,-0.046791595667118,1.89688459535465,-0.140272289074055,1.92280327932507,-0.46228128072805,-101.09094573482,0.203809146776378,3.59556087907509,1173.64024580773,13.0544307884595,1.42713288199146,0.908179981251953,0.551334933861057,0.477358858452245,0.336388469951047,0.239544766170191,0.0684381097739819,0.0101760657617956,0.00626898052962191,0.00661988261639413,0.00754184428705344,0.0087103995417144,4999.99427143006,43.0931548797,17.3232166618681,31.363663295494,121.939724607018,117.703763291219,2516.51803301246,667.659877270368,21.3059850064375,0.17404811550208,0.376578613438001,0.0115597957511259,0.239605037016574,0.338669979636887,1.56917946619505,0.322906189853424,1.22088697319851,0.535758446586752,0.376571428686149,0.631582752223,0.00496775287616872,0.433488104900858,0.264858407293013,0.148662776108653,0.0949108619909407,0.059864887867061,0.0319463182207996,0.094235284468718,0.0166081357328603,0.00435250859404457,0.00195126837052821,0.000912571484426537,0.000655758299394518,2.39966761866469,0.00844059322242628
5,12.7777777777778,1.20666666666667,0.222222222222222,0.000194800259716198,0.0057521186519836,0.0285535161495115,0.0806883357932773,0.174294341200334,0.376287715531799,0.000194800259716198,0.0057521186519836,0.0285535161495115,0.0806883357932773,0.174294341200334,0.376287715531799,0.000194800259716198,0.0057521186519836,0.0285535161495115,0.0806883357932773,0.174294341200334,0.376287715531799,0.555555555555556,3,150.000015727529,234.621956046245,-29.7730321018644,605.38611602958,876.62635676492,7982.78491823768,-7.52311038360588,4.00002333090304,-0.645146557650245,-0.223925434850536,4.03186386834705,-0.400576053045516,10.7789433392355,-0.341430481397771,-100.405646286846,0.654042154329758,8.67066211852933,1173.66961774815,3.48825518175189,1.45393031975836,1.06160481199875,0.824617321112383,0.84151284241225,0.772279345901469,0.67812149776065,0.0176031863221539,0.00993020364747318,0.00606324903667326,0.00631207394333924,0.00916496552442454,0.0134241131132173,4999.99281324862,43.0930173940209,17.3232166618681,19.1262884415269,125.56526758966,120.059172693469,2606.5997271544,720.639322267053,34.2359264628802,0.417831957696248,0.371991137432053,0.0475202240376067,0.431103011795026,0.356521870820339,1.50640866768646,0.207211412705656,1.03708715755908,0.569001813406586,0.916687911832168,0.477409186077981,0.00954588046351582,0.20168954701056,0.138209027622748,0.107384974648021,0.0958338465710155,0.0807773576040265,0.0647016928092417,0.0322029935874356,0.0102209360864113,0.00482003881310301,0.00323084534668425,0.00209101913892058,0.00124155738360633,1.27060124031546,0.00645728025176502
5,25,1.20666666666667,0.222222222222222,0.000194800259716198,0.0057521186519836,0.0285535161495115,0.0806883357932773,0.174294341200334,0.376287715531799,0.000194800259716198,0.0057521186519836,0.0285535161495115,0.0806883357932773,0.174294341200334,0.376287715531799,0.000194800259716198,0.0057521186519836,0.0285535161495115,0.0806883357932773,0.174294341200334,0.376287715531799,0.555555555555556,3,150.000015727529,148.661331111343,-9.05692346213936,620.149109467764,67.0516825851474,3314.72229912822,-46.9130276012916,0.424324005933757,-0.183220780606187,-0.0187715298406416,0.462143011300906,-0.00711464074158943,-3.88657986949276,-1.34087067107593,-100.982193521508,-0.0362654008124153,0.0995587416310801,1173.69419852099,22.4728861576926,1.52805322362254,1.00179731277992,0.502942318508489,0.300788719548172,0.0875764858566816,-0.0647411560691595,0.0806421173811061,0.0106581440772628,0.00624979439297989,0.00639907332569524,0.00794248453286117,0.0130642027913759,4999.97614831788,43.0933017394027,17.3232166618681,72.7870565967579,115.211297973597,116.686867653565,2395.54190921284,2206.75460672281,22.8292943288645,0.899537473855878,0.679220625333378,0.012596246820431,1.06924444156049,0.356672236780388,3.8418421953285,0.85768878483236,2.30105982838246,0.567613126697411,2.22596861758309,1.2394625371515,0.00639437065541896,0.279843309915479,0.292418477288021,0.23089396349569,0.20399658527383,0.159839183835792,0.154355614587572,0.088777086439039,0.0181425316667826,0.00561496593605667,0.0022312776894262,0.00163639867124277,0.00466451940115669,4.7167646260969,0.015203257809293
5,25,1.20666666666667,0.222222222222222,0,0,0,0,0,0,0,0,0,0,0,0,0,0,0,0,0,0,0,3,150.000015727529,144.357487761692,-9.43230293781898,620.21345693157,114.898267261952,3169.5826372357,-48.3901545672326,0.365152584647433,-0.171308501927924,-0.0192818812623685,0.40297930169774,-0.0170304380585356,-4.08023216852411,-1.4041960697844,-100.965826476408,-0.0199940093219456,-0.0189574428601188,1173.68722008124,22.7141089469846,1.51935183835017,0.979387709613581,0.478724753671492,0.276124667951255,0.0764203010186439,-0.0754900450171857,0.0748893450608271,0.0101065264040725,0.0061917628157067,0.00608529934381836,0.00599539433392355,0.00637552119570878,4999.97864805749,43.0934017289871,17.3232166618681,74.3111400242846,114.968183911271,116.526474665884,2387.73820677439,2264.13626566806,22.5611082816357,0.928243537523181,0.693580220733808,0.0130409833574479,1.10261791039766,0.356262814660251,3.25746431533879,0.88500031120491,2.35026739318525,0.567199027190751,2.3012978175021,1.19013838060822,0.00563842879870963,0.285660053554712,0.293837148577826,0.229555311463963,0.20191950385683,0.167223689295079,0.157670174453893,0.0853409820867748,0.0175940342263037,0.00523434532056022,0.00193296615765356,0.00114587525267495,0.00130682542158217,4.58224179636943,0.0149864505863448
-11.6666666666667,25,1.20666666666667,0.222222222222222,0,0,0,0,0,0,0,0,0,0,0,0,0,0,0,0,0,0,0,3,150.000015727529,148.083549630247,-8.4036467576294,620.787345068222,73.0846330590564,3364.75387980419,-47.4859577127382,0.505917672128945,-0.22533766266014,-0.00658165503593376,0.553488028257473,-0.0195364422997604,-3.50925353681908,-1.2886120518696,-101.027709613582,-0.0129975920112488,0.352189367315904,1173.62253931882,21.9873596500367,1.52055452557025,0.997100374960942,0.492243766274347,0.295181762316425,0.0817170086897197,-0.0411358617536715,0.105917614454744,0.0106172424863035,0.00624533631913342,0.00605162555983753,0.00595934183939173,0.00646927965836892,4999.95927507551,43.0934558900119,17.3232166618681,35.6122782686273,111.255576438173,117.327949121445,2290.18375779397,792.705435217084,18.0775036953703,0.332174448693712,0.400104704213231,0.00347557952472017,0.413474483963533,0.315374508779798,3.17010012354689,0.657144387702421,1.42183883779665,0.501386704080805,0.882446193261616,1.25141929804587,0.00671570864050638,0.351203302012326,0.255687730420056,0.119641456961611,0.0655958127606271,0.0607439830168849,0.0807098881075533,0.130443136182472,0.019714661384031,0.0037557344579798,0.000846095901090686,0.00132965982405914,0.00145089496820487,4.78581972857624,0.0161552802559377
-11.6666666666667,25,1.20666666666667,0.5,0,0,0,0,0,0,0,0,0,0,0,0,0,0,0,0,0,0,0,3,150.000015727529,144.647242995521,-9.19414972190396,619.331340485366,129.049305978544,3216.64657047287,-50.1359889594834,0.40218103625664,-0.191751323403812,-0.0315250530153109,0.444794165191126,-0.0260068136881575,-3.92737471252995,-1.35427164126653,-100.952868451203,-0.00508949051140505,0.0777289025414019,1173.69753150713,22.1446765961881,1.54429726070201,0.954827882512238,0.442693188209561,0.244821829511509,0.0501918977836683,-0.0989305859045933,0.0876882537475263,0.0101532503029893,0.006205964691178,0.00603990490573898,0.00598009436517029,0.00627001176960733,4999.98552234142,43.0936964899492,17.3232166618681,76.3542834705715,112.888282221822,116.720708102561,2333.57899921472,2599.39712892423,15.0657207823299,1.24533262059743,0.792713896575282,0.0217038982165503,1.43234308821283,0.357260032200151,3.45446173438997,1.04609530113471,2.70592022630575,0.573953656614839,3.13977499390988,0.805684976220997,0.00498978990000386,0.324740648700678,0.170472006874128,0.127876791725191,0.18578156109106,0.213536381941004,0.25230315841214,0.10855927621599,0.0123507564096147,0.00287616661618649,0.00134125314228348,0.00165996523082642,0.00192673759169672,2.95784598577557,0.00928659187861367
-11.6666666666667,25,1.38444444444444,0.5,0,0,0,0,0,0,0,0,0,0,0,0,0,0,0,0,0,0,0,3,150.000015727529,147.519457348193,-10.7389325799396,619.073346526404,161.28073845464,3066.1420518696,-60.9814602645558,0.180111451690449,-0.0888290970211436,-0.0367968697010728,0.200411247068014,-0.0129173142641392,-4.97969629404645,-1.48966140622852,-100.880308301219,-0.0337635854910947,-0.57636999158421,1173.69461514426,22.5650682220598,1.5294336006666,0.911755556712843,0.403431330069785,0.20556616526716,0.0110662884788043,-0.137305110479846,0.07931420906416,0.00991705303728779,0.00619048911571712,0.00605090219768774,0.00606920164566192,0.00637679752109156,4999.98375169253,43.0938225184876,17.3232166618681,82.0975924285852,111.733621488069,116.007784486186,2306.73167930368,2847.70563400076,15.0816594948104,1.3751374583786,0.858219038439806,0.0273557485827781,1.58075623492157,0.358830040813456,4.79707197497655,1.14959437187976,2.96761716785378,0.578244494664446,3.47823221511066,0.964938016303698,0.00499979493903087,0.338610792725283,0.169188196534107,0.125748968847626,0.183623057234604,0.21096280441018,0.252601945793904,0.100241874907338,0.0117212398677,0.00250917071271218,0.00118947149368443,0.00175706660557252,0.00220003556899232,3.93437660860485,0.00936812843447904
8.33333333333333,5.44444444444444,1.1,0,0.000155840207772959,0.00460169492158688,0.0228428129196092,0.0645506686346218,0.139435472960268,0.301030172425439,0.000155840207772959,0.00460169492158688,0.0228428129196092,0.0645506686346218,0.139435472960268,0.301030172425439,0.000155840207772959,0.00460169492158688,0.0228428129196092,0.0645506686346218,0.139435472960268,0.301030172425439,0.444444444444444,3,150.000015727529,78.578105405687,-11.8161762316425,241.768743880846,311.923691178002,2759.71409228205,-9.71604727695032,1.54527413811061,-0.150614207040933,-0.0344470138527237,1.54527413811061,-0.150614207040933,0.666198063253828,-0.0671228701630039,-39.1370732215396,0.25359737422206,3.46245234871368,730.367409644827,1.10396873867305e-17,0.832349932298719,0.653658827205499,0.557711905009894,0.627855317154463,0.673744193313197,0.683414571398813,0.011808695086241,0.00855817914800541,0.00599067461722738,0.00602971607124258,0.00829859525049475,0.0117361649828143,420.742089365692,5.82738693886053,17.3232166618681,6.25095960497708,121.70877569593,119.756462676277,2501.5753077233,145.940888498604,13.2013574010823,0.0456046718052878,0.324601421063755,0.00220755532412642,0.0456046718052878,0.324601421063755,0.35599287407846,0.0640975891528855,0.405265365419844,0.517184381893377,0.110768200371286,0.0966805725631261,1.1344486606549e-15,0.0862927819997468,0.0477850543824399,0.0325738195444487,0.036247657210299,0.0368150615107362,0.0385944179516575,0.0085572679449014,0.00264623545118551,0.00127598103252557,0.00117122235052788,0.00108481829071467,0.000856307005077329,0.378497810336608,0.00479719451577678
8.33333333333333,5.44444444444444,1.1,0.277777777777778,0.000155840207772959,0.00460169492158688,0.0228428129196092,0.0645506686346218,0.139435472960268,0.301030172425439,0.000155840207772959,0.00460169492158688,0.0228428129196092,0.0645506686346218,0.139435472960268,0.301030172425439,0.000155840207772959,0.00460169492158688,0.0228428129196092,0.0645506686346218,0.139435472960268,0.301030172425439,0.444444444444444,3,150.000015727529,77.4868628267889,-12.2656221909176,239.965630663473,319.177282887199,2713.53015310905,-10.2451087905531,1.51453025726487,-0.149185312967399,-0.0334450567649203,1.51453025726487,-0.149185312967399,0.614720848232476,-0.0650621891969586,-39.0210269763567,0.250863251432142,3.38973013227789,729.260524945315,-5.30084525570254e-18,0.84012357046141,0.65655736902406,0.556490855119259,0.622698114779711,0.662275179668784,0.670484616185814,0.0116957848638673,0.00847710561399854,0.00593406311842516,0.00618767180502031,0.00817416560774919,0.0117016206645141,412.393000729093,5.72043037183628,17.3232166618681,1.48026621720071,122.14019602332,120.239671466083,2518.86404584452,166.066483775034,12.6251555593214,0.148961070648601,0.331125888313695,0.00670254146600737,0.148961070648601,0.331125888313695,0.29311546295199,0.0593903613997077,0.409645460786561,0.52820514517117,0.336888322212262,0.0950980602871011,1.26710664932251e-15,0.129950973630445,0.102342791515177,0.0858879562139678,0.0921861948923875,0.0970497836890703,0.0811812918962159,0.0124024575803114,0.00478293004891383,0.00251661697083419,0.00228036684637531,0.00188412368292828,0.00118318318805934,0.374314602667732,0.00475619884524115
8.33333333333333,5.44444444444444,1.1,0.277777777777778,0.000350640467489157,0.0103538135735705,0.0513963290691208,0.145239004427899,0.313729814160602,0.677317887957238,0.000350640467489157,0.0103538135735705,0.0513963290691208,0.145239004427899,0.313729814160602,0.677317887957238,0.000350640467489157,0.0103538135735705,0.0513963290691208,0.145239004427899,0.313729814160602,0.677317887957238,1,3,150.000015727529,73.9808603270493,-11.9973439985418,232.758105405687,306.62960465889,2537.1187376315,-11.3015161462348,1.35729673992293,-0.135949492354963,-0.0267652734090199,1.35729673992293,-0.135949492354963,0.33285444020727,-0.0559389300729091,-38.5817321112384,0.225611851630038,2.98604239141756,724.95587959588,-5.58230111446725e-18,0.856059400062494,0.670045474429748,0.571405697323196,0.649966128528279,0.636220445786897,0.568325028642849,0.0118567920991876,0.00882224747422142,0.00611042370586397,0.00827887970003124,0.0118443831892511,0.0201826830538486,380.188761587334,5.30503489219875,17.3232166618681,1.34470670182272,122.460656422364,119.868806065144,2526.84164153553,133.780499886591,11.4213928808317,0.127980727548119,0.332826522501652,0.00523603236305989,0.127980727548119,0.332826522501652,0.263144211724402,0.0632133488667946,0.406932720558901,0.531077957526356,0.273898106766514,0.106061399676517,1.20609365702982e-15,0.130776808633922,0.103120544411759,0.0870057869353841,0.0942424832573959,0.0887120465892387,0.0659795788606353,0.0126883437509977,0.00492668803630628,0.00270620540079425,0.00262479073479466,0.00194258125240959,0.00136251277075563,0.425046244453839,0.00547337600641949
-8.33333333333333,5.44444444444444,1.1,0.277777777777778,0.000350640467489157,0.0103538135735705,0.0513963290691208,0.145239004427899,0.313729814160602,0.677317887957238,0.000350640467489157,0.0103538135735705,0.0513963290691208,0.145239004427899,0.313729814160602,0.677317887957238,0.000350640467489157,0.0103538135735705,0.0513963290691208,0.145239004427899,0.313729814160602,0.677317887957238,1,3,150.000015727529,74.3087168003333,-11.7816111352984,232.043498593897,302.37558432455,2553.28007499219,-11.8093910552807,1.3684457868972,-0.136224156707635,-0.0274093209040725,1.3684457868972,-0.136224156707635,0.348417129121966,-0.0561270004659931,-38.5398406415998,0.226212802478908,3.01241454015207,724.548463701694,-1.63425507999167e-17,0.839955858764712,0.659731507134674,0.565007447140923,0.645618914696385,0.634274023539215,0.567529996875325,0.0121323298614728,0.00888382876783668,0.00600878845953546,0.00827076179564628,0.0119019682324758,0.0200863857931466,377.160702010206,5.26571450890537,17.3232166618681,2.61092144875338,122.732238478162,119.869674249866,2542.4069237599,177.214893643267,11.2205051507648,0.170732876774437,0.339755954107953,0.00696664784267015,0.170732876774437,0.339755954107953,0.273622404019732,0.0636530528749196,0.414767562439804,0.542794590773916,0.351930790445454,0.105395999093937,1.1489164065353e-15,0.0459866913865492,0.0296428220989285,0.0384715360384703,0.0561495394618721,0.063271084579792,0.0533049718609225,0.0064369881558194,0.00213912194945375,0.00138128047407414,0.00167677408698179,0.00149626835011412,0.00117029636502105,0.413745955223332,0.0053276056702868
-8.33333333333333,17.6666666666667,1.1,0.277777777777778,0.000350640467489157,0.0103538135735705,0.0513963290691208,0.145239004427899,0.313729814160602,0.677317887957238,0.000350640467489157,0.0103538135735705,0.0513963290691208,0.145239004427899,0.313729814160602,0.677317887957238,0.000350640467489157,0.0103538135735705,0.0513963290691208,0.145239004427899,0.313729814160602,0.677317887957238,1,3,150.000015727529,171.662430996771,-13.9830011259244,618.399729194875,294.084620935319,5040.82199770857,-25.6431282995521,1.85394604728674,-0.556768277963754,-0.0527485727528382,1.92953771482137,-0.154896565274451,2.07080498988647,-0.44076119471305,-101.078616810749,0.22790423929174,3.67493198625143,1173.59045932715,12.1258129361525,1.58338850119779,1.0232284762004,0.6509595667118,0.571920299968753,0.394418498073118,0.258235767107593,0.041090509902406,0.0103131542498698,0.00610020336392043,0.00810584647432559,0.00959772138318925,0.00734478595979585,4999.99583376732,43.0933548588688,17.3232166618681,36.7538877179178,121.323286372926,118.669126162171,2518.10878537539,1137.80516386421,19.2399595027725,0.539831834360295,0.443191443101441,0.0294163137978058,0.601127684482591,0.355647478232379,1.68396341648354,0.351378885808646,1.4121843980473,0.566952814483264,1.24894574652764,0.554309449747998,0.00493372781358414,0.222653947886469,0.0971729680532172,0.064915898591785,0.079074478745737,0.0842362704161276,0.077209734771578,0.0539752280070761,0.00875606619194086,0.00284380654484696,0.00228246990464148,0.00228588099955694,0.00234897320025925,2.11605552243568,0.00786897915230148
-8.33333333333333,17.6666666666667,1.27777777777778,0.277777777777778,0.000350640467489157,0.0103538135735705,0.0513963290691208,0.145239004427899,0.313729814160602,0.677317887957238,0.000350640467489157,0.0103538135735705,0.0513963290691208,0.145239004427899,0.313729814160602,0.677317887957238,0.000350640467489157,0.0103538135735705,0.0513963290691208,0.145239004427899,0.313729814160602,0.677317887957238,1,3,150.000015727529,172.241506093115,-12.510375963233,618.945089053224,231.035306301427,4922.63732944485,-36.0552332048745,1.69780516612853,-0.531385664533903,-0.0457722852827831,1.77407521091553,-0.132567658583481,1.37486959071972,-0.489120503507967,-101.087891886261,0.187767510853036,3.27012675762941,1173.66732632017,13.1055567128424,1.51546172273721,0.929934475575461,0.564604593271534,0.484647182585147,0.314796417039892,0.194991240495782,0.0278355747374232,0.00987905870136444,0.00623313831892511,0.00754703780856161,0.00785453306947194,0.00899707405478595,4999.99020935319,43.0932871575878,17.3232166618681,39.7935992678443,120.429403893785,118.69792772822,2501.04229940159,1241.6651856471,18.7353658382317,0.587613572942832,0.460568907079739,0.0288465746368352,0.656332660027498,0.355875023557772,1.81266976058718,0.402988163806786,1.48228217665426,0.567654495935791,1.37158204572904,0.662652519129165,0.00496916921562026,0.222107804198187,0.0962417883664761,0.0642362435073949,0.0781697954684018,0.0838513167984125,0.0782963192384158,0.0445511292609446,0.00788462408762319,0.00251420075016214,0.00196563588219763,0.00131185294993977,0.00187586188141909,2.43432655983475,0.00882973967700116
