WindDirection,WindSpeed,AirDensity,WindShear,B1Er1,B1Er2,B1Er3,B1Er4,B1Er5,B1Er6,B2Er1,B2Er2,B2Er3,B2Er4,B2Er5,B2Er6,B3Er1,B3Er2,B3Er3,B3Er4,B3Er5,B3Er6,Alpha,Style,Timemean,RootFxb1mean,RootFyb1mean,RootFzc1mean,RootMxb1mean,RootMyb1mean,RootMzc1mean,TipDxc1mean,TipDyc1mean,TipDzc1mean,TipDxb1mean,TipDyb1mean,TipALxb1mean,TipALyb1mean,TipALzb1mean,TipRDxb1mean,TipRDyb1mean,HSShftVmean,B1Pitchmean,B1N1Clmean,B1N2Clmean,B1N3Clmean,B1N4Clmean,B1N5Clmean,B1N6Clmean,B1N1Cdmean,B1N2Cdmean,B1N3Cdmean,B1N4Cdmean,B1N5Cdmean,B1N6Cdmean,GenPwrmean,GenTqmean,Timesd,RootFxb1sd,RootFyb1sd,RootFzc1sd,RootMxb1sd,RootMyb1sd,RootMzc1sd,TipDxc1sd,TipDyc1sd,TipDzc1sd,TipDxb1sd,TipDyb1sd,TipALxb1sd,TipALyb1sd,TipALzb1sd,TipRDxb1sd,TipRDyb1sd,HSShftVsd,B1Pitchsd,B1N1Clsd,B1N2Clsd,B1N3Clsd,B1N4Clsd,B1N5Clsd,B1N6Clsd,B1N1Cdsd,B1N2Cdsd,B1N3Cdsd,B1N4Cdsd,B1N5Cdsd,B1N6Cdsd,GenPwrsd,GenTqsd,Timeskew,RootFxb1skew,RootFyb1skew,RootFzc1skew,RootMxb1skew,RootMyb1skew,RootMzc1skew,TipDxc1skew,TipDyc1skew,TipDzc1skew,TipDxb1skew,TipDyb1skew,TipALxb1skew,TipALyb1skew,TipALzb1skew,TipRDxb1skew,TipRDyb1skew,HSShftVskew,B1Pitchskew,B1N1Clskew,B1N2Clskew,B1N3Clskew,B1N4Clskew,B1N5Clskew,B1N6Clskew,B1N1Cdskew,B1N2Cdskew,B1N3Cdskew,B1N4Cdskew,B1N5Cdskew,B1N6Cdskew,GenPwrskew,GenTqskew,Timekurt,RootFxb1kurt,RootFyb1kurt,RootFzc1kurt,RootMxb1kurt,RootMyb1kurt,RootMzc1kurt,TipDxc1kurt,TipDyc1kurt,TipDzc1kurt,TipDxb1kurt,TipDyb1kurt,TipALxb1kurt,TipALyb1kurt,TipALzb1kurt,TipRDxb1kurt,TipRDyb1kurt,HSShftVkurt,B1Pitchkurt,B1N1Clkurt,B1N2Clkurt,B1N3Clkurt,B1N4Clkurt,B1N5Clkurt,B1N6Clkurt,B1N1Cdkurt,B1N2Cdkurt,B1N3Cdkurt,B1N4Cdkurt,B1N5Cdkurt,B1N6Cdkurt,GenPwrkurt,GenTqkurt
-1.66666666666667,25,1.24222222222222,0,0.00276249935955125,0.0263913165318693,0.07679782059691,0.1535028124989,0.256506292237839,0.428472077461249,0.00276249935955125,0.0263913165318693,0.07679782059691,0.1535028124989,0.256506292237839,0.428472077461249,0.00276249935955125,0.0263913165318693,0.07679782059691,0.1535028124989,0.256506292237839,0.428472077461249,0.555555555555556,2,150.000015727529,150.589581293615,-7.97375153421519,621.13708988647,23.0579675242162,3345.22945526508,-46.7378898031455,0.454948901156129,-0.194158993323612,-0.00385814915113009,0.494644974481825,-0.00182257550255182,-3.73352389230288,-1.35500474188105,-101.010068742839,-0.0425398522476826,0.208855070678575,1173.65014061035,22.9006551400903,1.59822883033017,0.978435496302468,0.481623914175607,0.288294406832621,0.064726218123008,-0.0268938362342464,0.0534998511177898,0.0110973906722633,0.00682552713259035,0.00601987407561712,0.00960777710655142,0.0085889987501302,4999.96167065931,43.093796479534,17.3232166618681,34.2621938672278,110.941779794609,117.204261628956,2286.97104319489,504.767005606511,15.0046025648778,0.0854937165398886,0.327337308570723,0.00166889518832868,0.141773407209069,0.30717805277024,2.71343581840403,0.605415645996184,1.10822163071018,0.485066076080359,0.226791389229813,1.55710141737035,0.00754278883573416,0.208034235028097,0.164878840245541,0.105431728072258,0.0757769076038663,0.0430825391929194,0.0449441128396552,0.0610541392404428,0.0121325003885655,0.00379720541864318,0.000957380860884126,0.00180111737688395,0.00320330814006501,6.27455090360572,0.0187158531314588,3.94801618153389e-07,0.116955222798638,-0.00158885724097169,-0.000205166303202686,0.00315320009046905,0.133864911880996,-0.0640599347812029,0.310695875995841,-0.0275710823019792,-0.413327946099653,0.0779575586083047,-0.00346325473138848,2.2179040003154,-0.274986482061185,0.3248555479645,-9.50193595746784e-05,0.151387311313689,-0.119976454260714,-0.108549915437461,1.03385273727158,0.244753342845542,0.223424015603285,0.182138734212169,-0.61136050625388,0.263600952624315,0.550539069068755,1.45592619337755,2.03954108883197,2.08575674280884,1.49338447684396,1.29532561199658,-0.0190117129097017,0.0420156138415888,1.79999946772531,1.52456926652389,1.5036164707791,1.51464912459358,1.50839346863379,1.63092247418915,1.55028895937208,1.69053038811296,1.47811371361429,1.92706370643243,1.73885482388814,1.50267582570366,93.8788527853191,2.62087713356493,2.2913213938472,1.50171457390318,1.46016685452,1.74531393841298,1.76349983585738,2.89238615851316,1.4494745285627,1.48739475702411,1.5193709459544,8.93140155288359,1.77864507894819,1.72370413025759,4.91218877031098,7.64268960138504,9.36019986896902,31.3510625238235,3.24698615549264,2.21158078168428,1.62090850319898
-1.66666666666667,25,1.42,0,0.00276249935955125,0.0263913165318693,0.07679782059691,0.1535028124989,0.256506292237839,0.428472077461249,0.00276249935955125,0.0263913165318693,0.07679782059691,0.1535028124989,0.256506292237839,0.428472077461249,0.00276249935955125,0.0263913165318693,0.07679782059691,0.1535028124989,0.256506292237839,0.428472077461249,0.555555555555556,2,150.000015727529,154.568951150922,-9.08124673471513,621.259868763671,33.2548069784397,3244.30538485574,-57.0952275804603,0.267953379856265,-0.10071393231955,-0.0024904933965212,0.285929736485782,0.013680150994688,-4.65377010717633,-1.47173521195709,-100.957756483699,-0.0744956838443913,-0.359204129361025,1173.71440474951,23.339204249557,1.57407478387668,0.934668649099052,0.440221633163213,0.246818789709405,0.0416900058941777,-0.0684449058285595,0.0452643626708677,0.0109563550517863,0.00651888053327778,0.00601750380168732,0.0087547466930528,0.0119866283720446,4999.94365170295,43.0934433913138,17.3232166618681,31.5729063939356,109.738217554331,117.464760747388,2260.9307815583,406.393446291532,15.8014863967489,0.110209849715225,0.294443670486025,0.00085283904120305,0.0952268162075384,0.299624749896928,2.65618267167747,0.59343960788346,1.00714153438182,0.472271819506417,0.214073437808897,1.64287913632671,0.00793804438171432,0.212672011828361,0.165599227662557,0.104607352004607,0.0745991818196423,0.0338147750520351,0.0431738838686843,0.0544089669515446,0.0115206620576038,0.00296757613185077,0.00074464081316873,0.00230877800271679,0.00483296037654492,6.39697613762499,0.0203253779259107,3.94801618153389e-07,0.116242411055971,-0.00329963140952737,-0.00245363856884754,0.00422166488532519,0.04246083089232,-0.00448391286835002,0.374773346018186,-0.0170476375341376,0.046311637513293,0.114661655720472,-0.00152970816957035,1.76262411506231,-0.0327447956251636,0.409422320320281,-0.00180506659806046,0.464705316904676,-0.146272239708629,0.142646185624233,0.839298506189862,0.247253635270614,0.226788866325782,0.190995000428787,-3.52802969084059,0.274898540934867,0.572438666725459,1.43287650207003,1.88930009674535,2.01314633843458,3.40933303454851,0.0314242402178008,-0.0814413843067786,-0.0186471534139862,1.79999946772531,1.50706334100263,1.5044456654064,1.5146052936455,1.51077913799736,1.66774128576315,1.53680626496285,2.34089363612646,1.47489295766406,1.83212009735761,1.66198994752623,1.50668471318567,94.1115491417937,2.13410085847022,2.43030409937394,1.50629606659317,2.0648357722091,1.60550237415968,1.59990138440088,2.50824060979697,1.44667534075986,1.48318254071158,1.5160440366548,59.4075783552026,1.72484640703386,1.82340840370529,4.80067307784655,6.56360741598964,8.82957821063997,55.1407014835791,1.19118364255816,2.12319126996239,1.67607234776719
-1.66666666666667,12.7777777777778,1.42,0,0.00276249935955125,0.0263913165318693,0.07679782059691,0.1535028124989,0.256506292237839,0.428472077461249,0.00276249935955125,0.0263913165318693,0.07679782059691,0.1535028124989,0.256506292237839,0.428472077461249,0.00276249935955125,0.0263913165318693,0.07679782059691,0.1535028124989,0.256506292237839,0.428472077461249,0.555555555555556,2,150.000015727529,229.048057494011,-22.9634372377877,607.862555983752,618.829802208103,7658.48453286116,-18.5098132520571,3.70867795021352,-0.697813269451099,-0.191092948651182,3.75879522966358,-0.335576992250807,9.60519612540361,-0.235291395803562,-100.558657431518,0.544806625570253,8.00922383085094,1173.64107905427,5.55434558900116,1.31007020102073,0.903658941776898,0.68053136131653,0.699796271221747,0.603316654515155,0.536498021039475,0.012458377740652,0.0106153546710759,0.00602296538601188,0.00869053369440683,0.0106627996042079,0.0143294646391001,4999.99187584627,43.093645453598,17.3232166618681,13.1634568593016,122.899726777443,116.801637344437,2524.42548498014,255.665262100892,34.2829099034526,0.0934460774892732,0.343554906842516,0.0133299238581834,0.121751092321212,0.334566170880062,1.45088737572964,0.26571227402779,1.11011043905796,0.532367136675784,0.174081460214363,0.479708941811535,0.0057107659265764,0.115006490163106,0.0612865563824024,0.0386033576193881,0.0324969188387366,0.0283332565690315,0.0262106892602994,0.0195519765636762,0.00549419352574179,0.0023626521619114,0.00185129184567127,0.00135811334963704,0.00106508584592613,1.53932365816431,0.00573375535071276,3.94801618153389e-07,0.207273212863632,0.00630507438575725,-0.0053357282297554,-0.00566007845752903,0.231044550327596,-0.0339255186775257,0.186255519833887,-0.00187854719248075,-0.173850671448084,0.140441165540253,0.00327531931062108,-0.892874465164452,0.359310748770695,0.0442466763546926,-0.00437826015570347,0.0444901835931555,-0.58821668576165,0.0696496223788694,0.332483219469762,0.324792117033216,0.252050161707905,0.174160179178287,0.219730058159992,0.495788882377401,1.18645688194546,1.1712764966571,1.37998478429845,1.7957472471366,2.07429697979782,1.89104528049562,-0.305639640610525,-0.230303768509017,1.79999946772531,1.56520275566627,1.49526918721867,1.51259315999827,1.4968961111945,1.58937074894633,1.53757557701025,1.51630129370815,1.48145315465691,1.43171196060727,1.42668892316066,1.49126831983011,8.04321445225128,2.8091543345587,1.58119731095638,1.49121232986845,1.68830774030185,1.34599886940833,2.2085292078598,1.49946190410981,1.59828201303124,1.64414552465305,1.65755876480929,1.8628679602994,2.53084726674892,3.52100223407178,4.47014182533885,7.63463693486178,10.638225849787,12.742150945852,13.2281897111602,2.30470358216085,2.26854412822262
-1.66666666666667,12.7777777777778,1.42,0,0,0,0,0,0,0,0,0,0,0,0,0,0,0,0,0,0,0,0,2,150.000015727529,219.798489740652,-18.9933911661285,608.292677846057,510.677704358921,7426.20289553172,-19.9850311404021,3.70514092282054,-0.751575960837412,-0.193765441099885,3.76685220289552,-0.322187957702322,9.81102833038226,-0.203385279977086,-100.534520362462,0.529926710728049,8.14789230288511,1173.65597333611,6.57799927090926,1.22739579210499,0.813614685970211,0.591348067909592,0.602430611394646,0.585920758254348,0.566106936777419,0.0124210830409759,0.00848451132090407,0.00602071887303406,0.00601153775648371,0.00602821601916468,0.00597927080512446,4999.99354233934,43.0935246328502,17.3232166618681,14.4692608372789,122.671760763987,116.727174095932,2520.61351018335,272.595308401389,34.0605497619883,0.0903923210299968,0.342831801898382,0.0130032735195673,0.120255681291601,0.333533029054466,1.54716425767886,0.258824179129919,1.11697586591118,0.530224209843895,0.178081684394521,0.475074547787644,0.00516660949124646,0.110625516943237,0.0601025741001705,0.0371255145119506,0.0310786467981352,0.0312776710371524,0.0319732199107228,0.0176984932208057,0.00479886859872215,0.0019662648531644,0.00147247211577175,0.00119458441003801,0.000931181796714232,1.63463807235987,0.00580343311047771,3.94801618153389e-07,0.185402757739603,0.00713825164119277,-0.00749426539518034,-0.00654812601404996,0.23014963128962,-0.0322685905359573,0.314125834024924,-0.00209536986125789,-0.232920743911474,0.222003110793993,0.00407751634325647,-1.23561712125872,0.411193035959366,0.053542536498278,-0.0051513291836293,0.275424840266821,-0.656660981889137,0.0419489309466359,0.334362562412693,0.322739281692092,0.258375426136935,0.186981715808508,0.221414211172716,0.465556404422884,1.183838873474,1.20872232643821,1.48107781898182,1.96288487125907,2.17292647356682,2.28392815534602,-0.379429232311951,-0.220228721031443,1.79999946772531,1.54328367738011,1.49549238448554,1.51119047470287,1.49716462848894,1.58863227637914,1.53403416053711,1.670880445179,1.48005556607307,1.47211876779591,1.50414339782679,1.49157810954019,8.43895134065638,2.93759837686111,1.60098327778867,1.49147811287973,1.71880604854131,1.43120364513581,2.25873493186582,1.49866457524846,1.58796533105937,1.64335129126453,1.67432254420701,1.85580758527531,2.45300370980153,3.51485397629704,4.59776461930543,7.96635777260395,11.2941452711448,13.2719908707687,14.7955330975403,2.40418229630545,2.32758890645271
15,12.7777777777778,1.42,0,0,0,0,0,0,0,0,0,0,0,0,0,0,0,0,0,0,0,0,2,150.000015727529,228.476512863243,-21.2877852963233,605.862660139569,597.100900177065,7827.30475992084,-15.840227156442,4.00661608165816,-0.752413227788772,-0.22630194771378,4.06095990001041,-0.35742585523383,11.0366421206124,-0.22832501313634,-100.37579210499,0.591367220612436,8.85458181439434,1173.6650348922,5.60590313509006,1.24353863139256,0.837297698156442,0.621073992292469,0.638618331423809,0.632868961566504,0.617753723570461,0.0152722223159046,0.00867005737693991,0.00600385553588168,0.0059826808665764,0.00595943849599,0.00584687792938235,4999.9884387043,43.0936725341102,17.3232166618681,8.86590316448044,123.106408146333,117.386081134567,2500.9047979433,125.384514541134,35.8086346676387,0.14376637402288,0.300131405432838,0.0130507070912275,0.115286964228355,0.312173143829728,1.70043888502371,0.231526302525349,0.965411710588717,0.492243791621558,0.414238109111272,0.472002848388197,0.00505455565589301,0.283474163909756,0.152314262600638,0.0881044577924619,0.0668289306532525,0.0617622179803205,0.0623571379980725,0.0391653759227689,0.00893021657740482,0.00303699513888434,0.00190040798525867,0.0013758931256919,0.00103191711134206,1.48792769398193,0.00542281491367923,3.94801618153389e-07,0.192413040910053,0.00852523242348097,-0.00472770991926231,-0.00721358782631854,-0.481478081259066,0.0542778792899086,0.270764550397508,-0.00634912087005758,-0.51473758053536,0.348958349156012,0.00129006543848754,-1.16954610423026,0.780176130772109,0.0815274434057291,-0.00208344526341138,0.194355992112972,-0.69933259134252,0.0260604377540253,0.063547906511703,-0.0306097329938667,-0.00633460629552824,0.0479893588659256,0.084650711885324,0.0988559884940014,0.0412057030945451,0.0113856239736828,0.113596962340636,0.682677797854587,1.51024599132591,2.34057263653201,-0.346395027250066,0.0588511918028283,1.79999946772531,1.58810103575761,1.49515792519771,1.51202167540167,1.49703234721651,3.38520790968681,1.52825486028823,1.76012678274241,1.48097258530119,1.90250042084695,1.79742829953847,1.49164456292783,8.88469251844573,3.84304152800459,1.65079737466646,1.49231407521057,1.70585848752648,1.48906607331389,2.49746924682213,1.69803683746725,1.68146961030517,1.62722343977944,1.53113956751265,1.51301563111453,1.50729017208197,1.52917819870129,1.38044243371491,1.58001622582278,3.30130519515347,6.99054341552188,11.511489920072,2.02654157980209,2.2002863747826
15,12.7777777777778,1.42,0.277777777777778,0,0,0,0,0,0,0,0,0,0,0,0,0,0,0,0,0,0,0,2,150.000015727529,228.286272263306,-22.4494190386418,605.711207165921,631.770796292053,7804.00416623268,-17.8224316862827,3.98034069367774,-0.736270461410269,-0.228455733777731,4.03178523070514,-0.360501947776273,10.9131333194459,-0.238771830370795,-100.378259556297,0.595298925996563,8.77459514633892,1173.6742006041,5.37045328611603,1.26447567961671,0.864715946255598,0.639912686178524,0.650527986668056,0.638163253827727,0.614787428392876,0.0194251905093219,0.00929825853582023,0.00614300208603271,0.00603217849182377,0.00609813436100406,0.00594203572544526,4999.99739610457,43.0938985522333,17.3232166618681,29.8055890149753,126.046117403196,121.808892872071,2612.52093270484,1096.84959418979,34.4203830027389,0.618387042416177,0.392038727485199,0.0696439147159615,0.637805423825333,0.35958018200624,1.84233212366575,0.218803750026493,1.03576714811946,0.573159184031743,1.3944346895686,0.468697162537257,0.00496031436779962,0.36328954412126,0.238763235119331,0.170286890115752,0.143785440953549,0.132821286147006,0.113785293770314,0.0545380978765046,0.0146506338860417,0.00593897740015781,0.00362420241016829,0.00226338171255688,0.00123509476697582,1.17610475115481,0.00515567234012681,3.94801618153389e-07,-0.372435704060266,0.0206911645378688,-0.0066573483176194,-0.0290362122950411,-0.354743360546049,0.170225906691694,-0.291700886134068,0.0629545806596202,0.179252626675705,-0.302792452088235,0.0391498498950888,-0.985962491772182,-0.56453869642768,0.170620687454274,-0.042088609531157,-0.268847495623171,-0.743378414636187,0.0129772657408343,0.273145136060388,0.0697140893996085,0.077464588028011,0.0783057685704488,0.0639645754838603,0.044477239664275,0.129679070129758,0.094158974512786,0.117296398967353,0.200896490122082,0.192397587969722,0.347831256486159,-0.0906259042291864,0.244498178907686,1.79999946772531,1.78872727790341,1.49567429240976,1.51168174813429,1.4983117969432,1.76983951430822,1.56474571278389,1.67279241750336,1.50083407580393,1.58170955276574,1.67669604756131,1.49607981451223,4.11603870928286,3.20521754024161,1.49848983866159,1.49774777218374,1.65181250413843,1.55261146734669,2.387475529928,1.75513811967026,1.61374393939077,1.58961829382808,1.56605239704856,1.55325306468767,1.56339575896843,1.75932927540675,1.6174987724747,1.61703562164029,1.58559968375073,1.52861590809615,1.73853279077104,1.78525882914685,1.80564334246405
5,15.2222222222222,1.1,0.222222222222222,0.00386749910337175,0.036947843144617,0.107516948835674,0.21490393749846,0.359108809132975,0.599860908445749,0.00386749910337175,0.036947843144617,0.107516948835674,0.21490393749846,0.359108809132975,0.599860908445749,0.00386749910337175,0.036947843144617,0.107516948835674,0.21490393749846,0.359108809132975,0.599860908445749,0.777777777777778,2,150.000015727529,195.160681179044,-20.452908163733,614.502197687741,517.212410082283,6175.24455785856,-15.1521238652224,2.68108717841891,-0.618198393917301,-0.102425652536194,2.74032444537027,-0.246971785958754,5.43099802103947,-0.277596070388501,-100.935521299865,0.387753051888345,5.59800541610249,1173.67472138319,7.83435558795951,1.5527174252682,1.07070469742735,0.777345307780439,0.739109540672846,0.564736152484116,0.44835608790751,0.0369689677070097,0.0119749055755651,0.00647170817018019,0.0116906843037184,0.0126107708572024,0.0146285452557025,5000.00583272576,43.0936569107378,17.3232166618681,27.9788838664258,124.447625594979,119.085986101618,2581.76424738797,886.967400505917,24.2864648524806,0.438898547743816,0.398005082073557,0.0342100241996907,0.473591442062745,0.356028234466922,1.51688748775805,0.284626153463226,1.21050105052508,0.566954921062966,0.975088928301241,0.468503255024728,0.00391053628443355,0.238054706242151,0.165461200379596,0.1344261912147,0.112217477771065,0.0923373158934318,0.0731964718146346,0.0480359851330836,0.0127972102159923,0.00559815394491571,0.00376273960366818,0.00204612383122245,0.00515308486469701,1.39260223171099,0.00543432248127247,3.94801618153389e-07,-0.181025375859281,0.0119835118689613,-0.00667575912269,-0.0172903146857769,-0.337986140848154,0.0887677755100849,-0.374468362072342,0.00392464133748996,0.173164490627393,-0.337989856047501,0.0095363505753264,-0.594056046207273,-0.395979475790067,0.134213215010514,-0.0096030281511103,-0.382116837164599,-0.745909366265458,0.135318452160425,0.149340171213366,-0.130243446184009,-0.0701459391835658,-0.148143975498472,-0.152578371256997,-0.262958608046356,-0.0373008567140972,0.130183314640613,0.133522611440548,0.111995449028504,0.308797668510979,-1.03504472915953,0.0495348078434106,-0.0446537782165542,1.79999946772531,1.6062559964868,1.49636626050135,1.51028400826412,1.5003750026832,1.77863614374265,1.56556004640537,1.79719888973481,1.48456150785523,1.63354003970846,1.76396786653751,1.49473348987766,3.23573864885319,2.74760073132714,1.52793286836682,1.49502494526721,1.80367180462291,1.55638078268225,2.4228320233779,1.87393343145632,1.74272628835262,1.67649907996266,1.64058068917697,1.60638500976933,1.62562751810341,1.43453714000858,1.31095582788291,1.33634692506814,1.5039553844769,1.9907978129303,2.39625590332847,2.04143024253885,2.11803717081145
5,15.2222222222222,1.1,0.222222222222222,0.0011049997438205,0.0105565266127477,0.030719128238764,0.06140112499956,0.102602516895136,0.1713888309845,0.0011049997438205,0.0105565266127477,0.030719128238764,0.06140112499956,0.102602516895136,0.1713888309845,0.0011049997438205,0.0105565266127477,0.030719128238764,0.06140112499956,0.102602516895136,0.1713888309845,0.222222222222222,2,150.000015727529,188.520737423185,-17.2189801916467,614.655494219353,434.929970503072,6022.77741901885,-16.8645735928549,2.69617519008437,-0.660941687324237,-0.106406207686699,2.76567576294136,-0.239241136110822,5.66952561191542,-0.274997219434851,-100.915876471201,0.380598142396625,5.74794073534007,1173.58327257577,8.82992532027912,1.49079533381939,0.991062201853974,0.683086282678888,0.644579762524737,0.553566847203417,0.483794750546818,0.024406954668472,0.0101707780138006,0.0060955186178523,0.0062253112175815,0.00726481564420373,0.00821820195812937,4999.98656389959,43.0935600458281,17.3232166618681,31.5016309121102,124.25831751276,119.367235032221,2580.74958573317,1005.36255065774,24.228549787534,0.508993686041622,0.415998134374155,0.0402364534688667,0.550245310411831,0.359663452976736,1.60680125566268,0.288068461798107,1.25945782190422,0.573308590213281,1.15773913617224,0.493042591938603,0.00458813522668509,0.23986340879389,0.172051204203941,0.129277797439366,0.112626568689528,0.102374080173658,0.0895127979300932,0.0392973572858681,0.0114520235529326,0.0045656811159697,0.00278007173221457,0.00166782175343102,0.00122732209757171,1.61455833560371,0.00613831574330979,3.94801618153389e-07,-0.170904165693619,0.0127952320766037,-0.0103785981604095,-0.0160882610493377,-0.309441970179288,0.099774202148737,-0.347849366026462,0.0164723226454361,0.141205672710695,-0.321431593818006,0.00917391217473989,-0.864042010251462,-0.3583252937185,0.16090304794463,-0.00946117623937345,-0.352694735640581,-0.337808189943276,0.0581589300276762,0.0307627074447899,-0.101993997318894,-0.083209226127488,-0.0984324933944404,-0.144791025021727,-0.259864746089055,-0.0756909608596261,0.115412139397444,0.183158145656779,0.217755278899095,0.457066949258639,-0.00824335246950637,-0.1063853695875,-0.352392267798496,1.79999946772531,1.57911969278294,1.49690061095936,1.50967361664564,1.50039485693786,1.73698694359995,1.56848866353668,1.75519397870995,1.48769142061003,1.59771345866704,1.72908953291018,1.4939647155872,3.41599918766953,2.62629719739544,1.50637464009318,1.49440055141774,1.75304529433413,1.1141143731927,2.05968072166571,1.76868939314338,1.72491061029325,1.67856485006456,1.63447993057808,1.6050418561641,1.6280042781318,1.29062613516463,1.29413761852985,1.38793528608836,1.42010018559142,1.77518044205299,2.42867961582847,1.51829448990203,2.37405044346311
5,3,1.1,0.222222222222222,0.0011049997438205,0.0105565266127477,0.030719128238764,0.06140112499956,0.102602516895136,0.1713888309845,0.0011049997438205,0.0105565266127477,0.030719128238764,0.06140112499956,0.102602516895136,0.1713888309845,0.0011049997438205,0.0105565266127477,0.030719128238764,0.06140112499956,0.102602516895136,0.1713888309845,0.222222222222222,2,150.000015727529,44.8320904072492,-1.57793440787419,204.314208936569,34.3620256639934,1498.1644620352,-14.9096098323092,0.848659118841787,-0.0612638441776378,-0.0113184022497657,0.848659118841787,-0.0612638441776378,-0.325991477366941,-0.0284675279053224,-33.2260285386939,0.106426966167066,1.93165378606396,672.88048119987,-8.40484726903447e-18,0.213417425268201,0.175574877616915,0.191288928236642,0.272158254348505,0.332506499322987,0.418697375273409,0.012014336006666,0.00803155379647954,0.00600093990209353,0.00600114988022081,0.00715313081970628,0.00789788464014165,18.5634579731278,0.27906973231955,17.3232166618681,3.70712837744064,121.958386246711,120.198356700158,2515.38301628737,46.8532719802453,7.12549892477151,0.0476180300938116,0.329387549713577,0.00173012975761307,0.0476180300938116,0.329387549713577,0.213705141412004,0.0482502561435471,0.349306018559836,0.525243732683803,0.0898662798185428,0.0594437556790326,8.88876412230153e-16,0.0352001957480835,0.0312504203646414,0.0242236385347375,0.0244287706666897,0.0274783720906898,0.0536152909760213,0.000840909985276519,0.000319436005012499,0.000197242047348003,0.000226816557055284,0.000301635097166684,0.00131198680544482,0.167928802898528,0.0025128284240585,3.94801618153389e-07,-0.196882157442601,0.0165512712947961,-0.0157933466371869,-0.0158829247067757,0.0286547077511079,-0.16908653545738,-0.346666085812718,0.0088556686279353,0.0291158603484191,-0.346666085812718,0.0088556686279353,-0.384240885118575,-0.174696545826493,-0.0266883568627455,-0.00756666357479494,-1.24590673874594,0.0911331313965651,0.0343174330178367,-0.407896871485028,-0.287424481700442,-0.190175717395553,0.00869703651240033,0.0907646696825074,-0.792919712242179,0.0368419553290892,0.0552174912625658,0.20448830936244,0.51937319742194,0.28882371280987,-1.44665475056391,0.191708589164608,0.191657424702982,1.79999946772531,1.51255839279865,1.50663301069781,1.49999889069176,1.50649425517107,1.74429309771878,1.55198410365471,2.15330594477151,1.50391734377257,2.49591238909496,2.15330594477151,1.50391734377257,5.93876318291167,2.03639279807535,1.49887077225294,1.50338053377061,3.47951311171624,2.59658971495658,4.08243714400287,2.0671016831123,1.90462115664069,1.76322858182918,1.56666795046468,1.51902651991635,2.47161021233625,1.35636040687048,1.30036437504903,1.46406990371573,1.86431282950061,2.07743699245775,9.53317276983842,1.5677047398364,1.56623320350191
5,3,1.1,0.5,0.0011049997438205,0.0105565266127477,0.030719128238764,0.06140112499956,0.102602516895136,0.1713888309845,0.0011049997438205,0.0105565266127477,0.030719128238764,0.06140112499956,0.102602516895136,0.1713888309845,0.0011049997438205,0.0105565266127477,0.030719128238764,0.06140112499956,0.102602516895136,0.1713888309845,0.222222222222222,2,150.000015727529,44.5774856785751,-1.51603642120612,204.463607957504,33.4057865638997,1485.00895740027,-15.1564754713051,0.836231090511404,-0.0603405513900636,-0.0112293540256223,0.836231090511404,-0.0603405513900636,-0.34492026070201,-0.027743582001104,-33.2473711071763,0.104593915029684,1.89909217789814,673.101447765879,2.84583287157588e-18,0.214290594729716,0.175166509738569,0.191955442141443,0.272741995625456,0.333065451515468,0.4133956150401,0.0120292959066764,0.0080513666284762,0.00600356150401,0.00600170732215394,0.00708635173419435,0.00811218125289031,19.9928799083429,0.300459108426206,17.3232166618681,0.985449955618878,122.084983758743,120.265954740343,2519.35664348595,109.078223665817,6.92929911815036,0.128057203814953,0.331528787928309,0.00332522520696698,0.128057203814953,0.331528787928309,0.296964646014474,0.0527835694227425,0.354369429225044,0.52900055488538,0.295569705086381,0.0119455189235088,9.04483450874149e-16,0.0567648747766317,0.0602630134616007,0.0537996975267869,0.0580140541946552,0.0667930393783879,0.0942164924994298,0.00131411652991695,0.000611165476217006,0.000425487601407183,0.000490117851853772,0.000643706048110732,0.00123987757633777,0.0784705826875585,0.00117184265369263,3.94801618153389e-07,0.472798737139714,0.0164522418712414,-0.0155780993468151,-0.0163234396773142,-0.461925721048255,-0.119972891686554,-0.256829397769761,0.00868730416814091,0.351715884413421,-0.256829397769761,0.00868730416814091,-0.563256783556551,-0.0178522304521314,-0.0257612562814061,-0.00717446707823782,-0.324852540967896,8.12936853006679,-0.0332691780975938,-0.182491203404165,-0.107312815794205,-0.0553862563959279,-0.0468240189867279,-0.0481217187574235,-0.219159461064975,0.0744920827445962,0.023514743902356,0.149599659542932,0.188107839043687,-0.126050650912496,-1.55160299617276,-0.174380125573384,-0.176861091349414,1.79999946772531,2.45197729125726,1.50618251606133,1.50085541544144,1.50612801051867,1.73187324534028,1.59586138878285,1.52782591830724,1.50545903942252,1.69999630164594,1.52782591830724,1.50545903942252,3.37849413693976,1.97931516008124,1.50115156040385,1.50545252111666,1.56854917823774,67.086632727207,3.81164509646932,1.74398004085052,1.63393000367501,1.59154259171927,1.56835135576871,1.55653065106839,1.44979469494465,1.37122502184611,1.57243100157171,1.64990329837792,1.65015265459009,1.89279609099619,13.431747058592,1.72886140567524,1.72541556481397
5,3,1.27777777777778,0.5,0.0011049997438205,0.0105565266127477,0.030719128238764,0.06140112499956,0.102602516895136,0.1713888309845,0.0011049997438205,0.0105565266127477,0.030719128238764,0.06140112499956,0.102602516895136,0.1713888309845,0.0011049997438205,0.0105565266127477,0.030719128238764,0.06140112499956,0.102602516895136,0.1713888309845,0.222222222222222,2,150.000015727529,47.9304468284554,-1.40651732944485,204.595367149255,31.4946069159462,1631.75992084158,-17.3759917716905,0.937648797000312,-0.0668412933475679,-0.0138971909176128,0.937648797000312,-0.0668412933475679,-0.203607198489741,-0.031271642762733,-33.2936402458077,0.11664806786793,2.14192740339548,673.563024684942,-7.68171738568899e-18,0.21369244870326,0.174668584522446,0.191561524841162,0.272331590459327,0.332604905738986,0.412834631809187,0.0120306218102281,0.00805236548276221,0.00600414415165086,0.00600239881262368,0.00707615956671181,0.00810398356317051,22.8787032600771,0.343600739506301,17.3232166618681,0.874627836514978,122.173676570684,120.243224945113,2521.35439352218,141.535593880693,7.74656393744423,0.149387894571971,0.332037449871642,0.00423015330658269,0.149387894571971,0.332037449871642,0.30497195646824,0.0531070911914117,0.354326072961201,0.529883373882318,0.348733373618037,0.0482762915735236,9.32572187075618e-16,0.0566354702631691,0.0601066117455265,0.0535854133479869,0.0576538036189338,0.0662485118849691,0.093497655538189,0.00130896497708244,0.000608648681893697,0.000423548947202646,0.000487185537888551,0.000647112059424393,0.00123714780031346,0.0920187682327858,0.00137267321119781,3.94801618153389e-07,0.531717968161816,0.0155457509674543,-0.0147851375172928,-0.0154179173135248,-0.398368294276862,-0.0838641805755022,-0.268082435673083,0.0069539717634814,0.362554760733973,-0.268082435673083,0.0069539717634814,-0.616131939762079,-0.0318947891283743,-0.0237580399530334,-0.00528296197728641,-0.308554043293893,-0.539617392965683,0.0470455294517931,-0.182350535822857,-0.106476474339313,-0.054718075817161,-0.0460086083287486,-0.0462203870644908,-0.213247390442543,0.0680865495712819,0.0163781971261492,0.145088605452653,0.186459234420624,-0.0838810775117053,-1.53258762353725,-0.0918391917574867,-0.0936524988028381,1.79999946772531,2.86560333148829,1.50512655965009,1.50243673790891,1.50507271311052,1.68317890057808,1.5956867150487,1.53362301200877,1.50411773145471,1.6349717799901,1.53362301200877,1.50411773145471,3.38218074017464,2.07046091475903,1.50096115321957,1.50410424465807,1.56414679944549,1.29118693048587,3.84377161762966,1.74863946661823,1.63817111257925,1.5950073666372,1.57032609772162,1.55848005797485,1.44469278093881,1.3680118650201,1.5714134653714,1.65341414490992,1.66168903719097,1.82376250053389,13.3578175058522,1.65885255639225,1.6550657186807
-11.6666666666667,3,1.27777777777778,0.5,0.0011049997438205,0.0105565266127477,0.030719128238764,0.06140112499956,0.102602516895136,0.1713888309845,0.0011049997438205,0.0105565266127477,0.030719128238764,0.06140112499956,0.102602516895136,0.1713888309845,0.0011049997438205,0.0105565266127477,0.030719128238764,0.06140112499956,0.102602516895136,0.1713888309845,0.222222222222222,2,150.000015727529,47.3387043016352,-1.62287881887304,204.051763357983,35.1112291427976,1609.53431934174,-18.5262090407249,0.925303603791274,-0.0664249382564316,-0.0139333517341944,0.925303603791274,-0.0664249382564316,-0.221420710623893,-0.0304226336100406,-33.2094031871681,0.115881336871159,2.1141711280075,672.708384543253,8.16910537204455e-18,0.195922883033017,0.161013278825122,0.181110332257056,0.262708311634205,0.322915581710238,0.400654483907926,0.0120076596187897,0.0080443020518696,0.00599875356733673,0.00599537829392771,0.0071049359441725,0.00804932746588897,17.3949588584523,0.261573690240601,17.3232166618681,3.73511471099941,122.270828637333,120.338442583756,2530.36609666339,197.51288063002,6.75126622988742,0.210770811659082,0.341760531019318,0.00590541433143837,0.210770811659082,0.341760531019318,0.287266552257331,0.0530853750533114,0.36465561382489,0.547407859501893,0.447911063976978,0.027717030463779,9.45742719119383e-16,0.0221215489365895,0.0381380451760752,0.0400869865301281,0.0522542655124237,0.065444985252386,0.104139019519116,0.000570414424603051,0.000334593705118857,0.000280746118431968,0.000414995981661827,0.000612715179175656,0.0012828767607107,0.0749430400017021,0.00112124903171528,3.94801618153389e-07,0.309624959595644,0.016572240091988,-0.0156662327378994,-0.0156561302115096,-0.0914363485154506,-0.354818773562426,-0.0850687726000132,0.00770034753729676,-0.205419377502533,-0.0850687726000132,0.00770034753729676,-0.701362442236557,-0.336232118741115,-0.0262049262087392,-0.00649037608334098,-0.17063356949028,3.00303629054601,-0.084289977216239,-0.957632879142688,-0.332990367771136,-0.175000407050435,-0.0711458649424137,-0.0843256888312534,-0.363185817031873,-0.0340843561233187,-0.129747587397065,-0.198782920826797,-0.301412381005974,-0.21686364996815,-0.554363446403853,0.276178658015544,0.27590693366798,1.79999946772531,1.66367739240329,1.50689260629884,1.49901113415395,1.50682189264048,1.52995458946038,1.67616199152447,1.53895225548329,1.50423065215966,1.62562332176757,1.53895225548329,1.50423065215966,3.71110513656611,2.12219885212459,1.50217824428562,1.50372429194921,1.57703323100593,10.0182269571402,3.98285565760494,2.94804454595623,1.822631304577,1.6056414238838,1.49746434282413,1.48991164335268,1.84782165688541,2.58336627643939,1.29918476174967,1.53579879654782,1.72961947618002,1.59341373725658,5.10292294011993,1.82691215186049,1.82311731303771
1.66666666666667,12.7777777777778,1.31333333333333,0.277777777777778,0.004419998975282,0.0422261064509909,0.122876512955056,0.24560449999824,0.410410067580543,0.685555323937999,0.004419998975282,0.0422261064509909,0.122876512955056,0.24560449999824,0.410410067580543,0.685555323937999,0.004419998975282,0.0422261064509909,0.122876512955056,0.24560449999824,0.410410067580543,0.685555323937999,0.888888888888889,2,150.000015727529,240.460483282991,-31.2390146870118,606.067138839704,888.201439433392,8027.14821372774,-12.5702005892095,3.85326101447766,-0.614595901468597,-0.20682198729299,3.88274429746902,-0.386881548779294,9.98743682949692,-0.329539154914072,-100.502750755129,0.623496011012197,8.20062868451203,1173.71544630768,3.37237496094157,1.46918810540569,1.06673405895219,0.851196427455472,0.841751046765961,0.696480595771274,0.571225747317988,0.0169468354806791,0.0119620105072388,0.00700479328340798,0.0141980624934903,0.0144596409748985,0.0205029153213207,4999.95927507551,43.0932204978652,17.3232166618681,24.1756305229684,126.187262139816,120.596053505383,2634.47819964591,913.178142538229,33.3517462087613,0.515999244982664,0.387192376126549,0.0556735985159655,0.530425875402873,0.367186439015026,1.61323812976472,0.20789920672315,1.0782570644987,0.58677430832322,1.12345133485966,0.555896358799191,0.0290696794727241,0.165736067879034,0.119954202320929,0.108951889864031,0.0887856995640697,0.0805123617028984,0.0639048321360748,0.0274887999733385,0.00957110840843332,0.00501354814824902,0.00400310768040105,0.00222330321142702,0.00155911315938462,1.28148174954998,0.0145295037697014,3.94801618153389e-07,-0.373129226400129,0.00468828350902737,0.00195082263716383,-0.00217445441996166,-0.377985863259112,-0.00856522610130433,-0.342899002091041,-0.00747540621197912,0.205633415581749,-0.332310873502288,-0.00758865569335509,-0.739961033345081,-0.768350946520558,0.143951151385652,0.0074164190416754,-0.354946297027998,0.0131486528085499,0.239091199145123,-0.0902637688488764,-0.206557999406669,-0.138819725130417,-0.254938358183374,-0.252482304979547,-0.363361566350969,0.103801736168926,0.141562838555972,-0.0455854831438948,-0.286375673066052,-0.18991400707142,-0.453528299686577,0.0602795219905679,-0.234031438153549,1.79999946772531,1.82787736475872,1.49444496352513,1.51381230132055,1.49609541369747,1.81135174593939,1.56548138510364,1.73560913999488,1.48901180861311,1.6278980899933,1.72717522143133,1.49089376098378,3.20638374252064,3.80107861196038,1.51440464548043,1.49167451880279,1.73847142329235,2.47040498964471,2.85076734780275,1.75874449129806,1.83559799967516,1.71859952419959,1.72371088015306,1.63825672252191,1.67322615344053,1.33924539618614,1.35162083224824,1.34185489973231,1.73612289966938,1.71694339732292,2.06987611521116,2.06448043133064,3.23795413997022
1.66666666666667,12.7777777777778,1.31333333333333,0,0.004419998975282,0.0422261064509909,0.122876512955056,0.24560449999824,0.410410067580543,0.685555323937999,0.004419998975282,0.0422261064509909,0.122876512955056,0.24560449999824,0.410410067580543,0.685555323937999,0.004419998975282,0.0422261064509909,0.122876512955056,0.24560449999824,0.410410067580543,0.685555323937999,0.888888888888889,2,150.000015727529,237.624841162379,-29.6659178710551,606.735392146651,839.071767899177,7932.82241433184,-12.0662270289553,3.81161483178836,-0.62819493802729,-0.199090761379023,3.84462993438183,-0.376721108995209,9.85484491198834,-0.315019173590251,-100.530206228518,0.607783591219665,8.13178720966567,1173.64691178002,3.76248744922404,1.45177981460265,1.04343975627538,0.828149078221019,0.83186546193105,0.68628142901781,0.566437673159046,0.0152251042127903,0.0117602401967503,0.00606717496812832,0.0133320984272472,0.0141945531715446,0.0201344568274138,4999.98437662743,43.0935683782933,17.3232166618681,10.5650220134195,123.378907892426,116.845066734467,2530.26561047816,202.503345707041,34.6215943503031,0.0784222555889704,0.337442614922953,0.0111654057926254,0.0963374019596721,0.332767202464418,1.39076151974354,0.282607419535324,1.08666982641097,0.529493953769478,0.130275327939421,0.477954728317004,0.00704042447843975,0.12180631420418,0.0614611324122728,0.0394235639591855,0.0282036585377536,0.0259488750133353,0.0223884884474197,0.0214039071497963,0.00628762335046133,0.00292303387230857,0.00229854396933296,0.00153024676043556,0.00107842127051707,1.46613353807569,0.00566924597839445,3.94801618153389e-07,0.247369186157782,0.00551853169542078,-0.00177375995704898,-0.00530528691375067,0.266690457768474,-0.025379088703261,0.0927829846132309,0.000645660682493177,-0.0910935185329786,0.0782573917649529,0.00368311796853094,-0.278291025300286,0.332579957398045,0.032052622137401,-0.00463351407927986,-0.205937223067262,-0.614783881294649,0.10527326276278,-0.0446460293553634,0.0132696683279375,0.123540693322196,0.110556250731821,0.184795885413517,0.420208236110171,0.770362800673772,1.00842673367641,1.26119138432249,1.67195045993148,2.173419246024,1.8735981074532,-0.189758297998823,-0.179107909958821,1.79999946772531,1.64759098464569,1.4945260371634,1.5140375138667,1.49630220002378,1.70004283071353,1.53280006306777,1.6050386075208,1.48409074791676,1.48036833816463,1.48663415556786,1.49067601781387,8.22097786335891,2.70757713648686,1.55680160761327,1.49072155092119,2.30806273407269,1.37795922069969,2.24075156042153,1.57009037265801,1.52727104617246,1.53119676202121,1.56880171527547,1.64702853584243,2.15362907366254,2.5357765351982,4.14272830479946,7.32027573301698,10.6072616876127,13.8368136652005,13.4850137726787,2.26631087134848,2.26124169548248
1.66666666666667,12.7777777777778,1.13555555555556,0,0.004419998975282,0.0422261064509909,0.122876512955056,0.24560449999824,0.410410067580543,0.685555323937999,0.004419998975282,0.0422261064509909,0.122876512955056,0.24560449999824,0.410410067580543,0.685555323937999,0.004419998975282,0.0422261064509909,0.122876512955056,0.24560449999824,0.410410067580543,0.685555323937999,0.888888888888889,2,150.000015727529,256.445474429747,-42.8004887824185,585.119477137799,1300.70789930216,8721.73419435475,8.24633704520363,4.34205030725965,-0.487709344859912,-0.255636079575044,4.34205030725965,-0.487709344859912,11.5077988751172,-0.548141259810437,-97.4557191959171,0.790478427247163,9.25684980731174,1157.17216956567,1.37676309446933e-17,1.67949046974274,1.32990896781585,1.15804968232476,1.0882149776065,0.926626945109884,0.763972221643579,0.0603073102197688,0.0166198707330486,0.0179538931361317,0.0244861014477659,0.0292960649932299,0.0427153681908134,4754.10040620769,41.5591625872306,17.3232166618681,8.16369890291754,123.063465439544,117.573777581433,2527.6726518402,167.8798223631,38.7766624289485,0.0936176781191246,0.333065917767411,0.0131320286816369,0.0936176781191246,0.333065917767411,1.3907842917992,0.376515384704774,1.04932727750093,0.531286310428584,0.13827170844563,0.739820058918265,1.41241840931643e-15,0.147371457894238,0.0615302605412834,0.0461925761774497,0.0303607378832367,0.0232988836895052,0.0197321016512231,0.0476178691737005,0.00996043377715673,0.00527419474719006,0.00373863071771702,0.00277720615261251,0.0023460978179079,7.61848908095593,0.057478861333005,3.94801618153389e-07,0.0669758029241892,0.000121134212499177,-0.00755837794693413,4.93317840481383e-05,0.250312476386837,-0.029984053981078,-0.00334068566820274,-0.00143181102406153,-0.0330763926128861,-0.00334068566820274,-0.00143181102406153,0.0706262792629905,0.35899569925976,0.00882091690492599,0.000512062659864561,-0.673563388851187,-0.285544736522236,-0.0653767203771599,0.859882051206376,0.201406494858435,0.104303609850809,0.135464983502638,0.224506020974082,0.428788218342367,0.162116665048862,0.737947699549711,0.458381735714848,1.39104282407178,1.74149425249976,0.947356628624781,0.105588541628843,0.137842745565508,1.79999946772531,1.65696250573955,1.50255595547748,1.50032758211035,1.50426988395085,1.72680880803104,1.53814613026035,1.55422212777997,1.49893879932923,1.55901336167225,1.55422212777997,1.49893879932923,7.85253974274068,2.18938798239388,1.51743109127844,1.49882727816831,3.0100548863511,1.86410378959714,2.63626211976492,2.2385462870244,1.68653607192616,1.49852237514711,1.56717879778815,1.77723165214056,2.26403780485048,1.42932814860764,3.56752444979818,4.63205594219641,9.33385115614283,10.4823155857267,5.65706965311082,2.44331475955136,2.467092892574
1.66666666666667,25,1.13555555555556,0,0.004419998975282,0.0422261064509909,0.122876512955056,0.24560449999824,0.410410067580543,0.685555323937999,0.004419998975282,0.0422261064509909,0.122876512955056,0.24560449999824,0.410410067580543,0.685555323937999,0.004419998975282,0.0422261064509909,0.122876512955056,0.24560449999824,0.410410067580543,0.685555323937999,0.888888888888889,2,150.000015727529,144.989201124883,-7.90136553379857,621.124091240496,67.1511976877409,3285.12040412457,-42.4820174981773,0.512353796479534,-0.237096719377148,-0.00486304926570149,0.564158910530154,-0.0211679449026143,-3.37087852338298,-1.33442920633267,-101.027159670868,-0.00709268773252783,0.43471696643058,1173.69086553484,22.6841058223105,1.59517060722841,0.993709936464951,0.503854004791167,0.302893406936777,0.0634393796479533,-0.00900648181887304,0.0539841389620873,0.0117547834945631,0.00762779731277991,0.0061873587126341,0.010747459014686,0.00650227403395479,4999.9525049474,43.0934475575467,17.3232166618681,38.8012656601622,112.53339001244,117.009039758374,2328.34627697185,661.667029713335,13.1360983268318,0.0763188089830787,0.368103218149445,0.00267226079046566,0.200520650064039,0.317984976315652,2.22565456413369,0.539231151211143,1.23213014414335,0.502438813969176,0.274861682069588,1.31444256671339,0.00630102905395973,0.194754143233997,0.161731676200653,0.101331423859056,0.0687094023714027,0.0416191443489229,0.0347255387107514,0.0559556200937125,0.0112149730395182,0.00304777076325828,0.000813527335805939,0.000467298915546644,0.000203508784622194,4.99629385828483,0.0171187210058909,3.94801618153389e-07,0.115758345523441,-0.00505325153563083,0.00216886128024012,0.00452130430515335,0.052580334746981,-0.100651174759813,-0.981831850901213,-0.0177226738862884,-0.640093775209625,-0.0947378577865281,-0.00344971848068048,1.98703799638096,-0.0832911175380724,0.217084670226808,0.000849376458412344,-0.528904110643777,-0.193111702264654,-0.482746684245878,0.512284287402553,-0.0241232516155037,0.0235736972610478,0.0630023633329417,0.0263628089517882,0.316468103691002,0.139119064517314,0.962081814978391,1.05287933876478,1.41443912750623,3.57996168841327,-2.36432449585832,-0.0838249592202437,0.0935203160210141,1.79999946772531,1.43898941457162,1.50299984635345,1.51584071620481,1.51100136980385,1.43232350721597,1.41841743278885,3.08941045201707,1.47807719916301,2.1050303995826,1.5263335384311,1.51063821318623,31.4135157516975,2.19164375343696,1.87700820438655,1.51072820282969,2.21357370048586,1.33131233349817,2.45979009870018,2.10252319958137,1.42148876985478,1.41701274698409,1.44018241424627,1.9415027821749,1.76883459207728,1.33701952536768,3.26154615344719,3.16672542668089,5.93037918530276,32.3292243309588,14.5932958564587,1.81429161527858,1.67328386417476
1.66666666666667,25,1.13555555555556,0,0.00165749961573075,0.0158347899191216,0.046078692358146,0.09210168749934,0.153903775342704,0.25708324647675,0.00165749961573075,0.0158347899191216,0.046078692358146,0.09210168749934,0.153903775342704,0.25708324647675,0.00165749961573075,0.0158347899191216,0.046078692358146,0.09210168749934,0.153903775342704,0.25708324647675,0.333333333333333,2,150.000015727529,150.536352463285,-7.13891982512239,620.934142276847,-8.55487193000732,3491.56233725654,-39.9543568378294,0.607742099781273,-0.258213790236851,-0.00612426413915217,0.660292782001875,-0.00621099998958442,-3.03749903447557,-1.24627968857411,-101.046775335903,-0.0313688341870639,0.632901581981044,1173.67305489012,22.4805239037606,1.60409696906572,1.02215823351734,0.519164878658473,0.325591188417874,0.0923895958754297,0.00690821836183731,0.0577325870260389,0.0106173930565566,0.00649981751900843,0.00601496000416624,0.010020692532028,0.00722855629621914,4999.95469221956,43.0935454640146,17.3232166618681,38.4678870299405,112.488835898991,117.029985619855,2321.72659301117,656.070539663765,13.5721676474837,0.0795963486019122,0.368266345805601,0.00309056099600298,0.204330512178847,0.316549504272424,2.51335776901244,0.527852691654393,1.23656910965715,0.500628313472107,0.29393650622374,1.28544412315654,0.00691062560547638,0.192243084704897,0.165875573778096,0.101142325687763,0.0686487307591913,0.0484410777722018,0.0303280106790681,0.0585680425197355,0.0114850585367279,0.00313385858112469,0.000915390951351844,0.000561858306051089,0.00141956610572495,5.28341835284686,0.0161597249001879,3.94801618153389e-07,0.126380074415091,-0.00523542456948501,0.00292760616602894,0.0046471030931873,0.074269384643652,-0.0914951741115747,-0.947760895874785,-0.0299485986402476,-0.584047855669561,-0.0604323815420737,-0.00579031504721737,1.98096678325775,-0.396537407964084,0.23589065862166,0.00331328286364963,-0.496005648190271,0.0146767617904365,-0.069112064124161,0.614721979784842,-0.0223086904620621,0.0234862880795116,0.0598723423640542,0.18500616425707,-0.196363725800575,0.136078269321897,0.92587924981263,1.06862764689845,1.47058269100462,-0.448096899779135,3.98703427706974,0.0121011871241493,0.0752329225922501,1.79999946772531,1.44425140037397,1.50336326923156,1.51597293499349,1.51083902966211,1.44590331892831,1.42169572067531,3.16809305272491,1.4744781124517,2.00291523874451,1.56978536483062,1.50828626493913,46.6427640174662,2.69497891726735,1.95213511951569,1.50815422970867,2.36113726004343,1.62501830051449,2.09263849861861,2.22584384651276,1.42081093362742,1.41734559242793,1.44214039298925,1.56442379883367,5.62585002766808,1.34822779837517,3.12856951355476,4.36337942635053,6.16169304911268,1.88236174349212,39.5085256847181,1.80902316911428,1.9185259663684
-15,25,1.13555555555556,0,0.00165749961573075,0.0158347899191216,0.046078692358146,0.09210168749934,0.153903775342704,0.25708324647675,0.00165749961573075,0.0158347899191216,0.046078692358146,0.09210168749934,0.153903775342704,0.25708324647675,0.00165749961573075,0.0158347899191216,0.046078692358146,0.09210168749934,0.153903775342704,0.25708324647675,0.333333333333333,2,150.000015727529,148.596448286637,-7.30527914383918,620.341891469639,27.4107243932923,3560.1601916467,-40.181493689825,0.703134633892303,-0.299870677857619,-0.0100803188313717,0.764077158629309,-0.0224464805968128,-2.64015393125716,-1.15853199572961,-101.066071242578,-0.00334764424539111,0.886488879337569,1173.7095094261,21.4149859389647,1.47596712842412,1.03402250807208,0.560790157275284,0.366585537964795,0.156454039182377,0.0239111412637225,0.160861083996875,0.0191474680960317,0.00654845611988335,0.00646560638475159,0.00809050296844079,0.00946711967503386,4999.96396208728,43.0932402874708,17.3232166618681,38.9546719260115,110.482057732481,117.269929494615,2253.45649842025,1047.14112754806,29.8329857297265,0.446467903485577,0.32856181554353,0.00809952878663485,0.469858967213488,0.29413682742198,3.47024319629159,0.583740443336755,1.07154036356887,0.465191500183942,0.989812123427168,1.23890163843985,0.00503759927280498,0.4565696473871,0.424178704012973,0.286821056667571,0.202298816671302,0.131965412330892,0.0823870137206806,0.199577199742784,0.0395297025476716,0.0103992755593223,0.00383860962549835,0.00187194148491183,0.00168817886312605,4.81202412021833,0.0152510063083508,3.94801618153389e-07,0.117929251369444,0.0256865579337078,0.00616585522602057,-0.0207246460938757,-0.0114891873961373,0.0540851963741523,-0.0629025749354641,-0.038859864007834,-0.257376058842105,-0.0290799524840505,0.0118139239980519,1.21224952608701,0.0345938324229997,0.373651814919299,-0.015030568114707,-0.0190669568824214,-0.0251270539931969,-0.0383782165102948,0.628793789048417,0.262248110480623,0.195200096470054,0.148901051454304,0.300416596367307,-0.0534649631698363,1.06457529706036,1.0072621624497,0.845821798003989,1.90541692853552,1.77959484917317,5.22024583151958,-0.155527770213424,-0.0499616523413399,1.79999946772531,1.59313971113225,1.50689796794491,1.50607045221541,1.50122210211803,1.46697076944444,1.50068582397989,1.44467060484993,1.60010826706119,1.45604356587463,1.39224311785513,1.48579559485903,151.008763411818,2.3179252418981,2.08781975040024,1.48529979413429,1.41444549807423,2.05181499004651,1.11579141692585,2.11239594154974,1.81333904387524,1.62520770850708,1.57649220191677,1.64395372409616,3.03267633285248,3.28995990506552,4.22351785364395,4.19132536383272,8.16733089246357,20.9726818310184,157.120536905869,2.55955946597271,1.54533821880515
8.33333333333333,17.6666666666667,1.42,0.222222222222222,0.004419998975282,0.0422261064509909,0.122876512955056,0.24560449999824,0.410410067580543,0.685555323937999,0.004419998975282,0.0422261064509909,0.122876512955056,0.24560449999824,0.410410067580543,0.685555323937999,0.004419998975282,0.0422261064509909,0.122876512955056,0.24560449999824,0.410410067580543,0.685555323937999,0.888888888888889,2,150.000015727529,171.952930944693,-12.2671423830851,619.269742735132,207.577153496511,4796.57827309655,-44.909670867618,1.56395519216748,-0.501341576752421,-0.0414705118216852,1.63816786793042,-0.117063972516405,0.794176408634518,-0.533843213117383,-101.091106134777,0.159855620987397,2.92936908655349,1173.7095094261,13.6862597646076,1.45262699718779,0.891355462972607,0.536951421726904,0.444606311842516,0.263582791375899,0.165450498906364,0.0430386580408291,0.0118721848575149,0.00717038236767004,0.00839024195396313,0.00941487959587543,0.00948284428705343,4999.99864597438,43.0932600770752,17.3232166618681,51.1634073927223,122.599616757451,118.795413009556,2552.32309257582,1567.15285534747,22.035205173691,0.681125156004422,0.497711604302157,0.0302780223719988,0.76023664486086,0.365638154133384,2.35907288844351,0.476468439306554,1.6167942449505,0.581578731007661,1.55098231679102,0.669951940860066,0.00483894947134705,0.341786357356818,0.249075878355867,0.185289697945961,0.154654625219627,0.118698689757841,0.0903945027646814,0.0625393313595023,0.0153233871459652,0.00570833834061604,0.00368612099015433,0.00225375319635595,0.00192138136316821,2.52918346502519,0.00840609642079653,3.94801618153389e-07,-0.165294431180223,0.0198100565516533,-0.0205510941954467,-0.0283085205299086,-0.241844614365274,0.419836095051788,-0.282823468845821,0.0599087795612764,-0.157454843905546,-0.260821684804674,0.0255277292822193,0.0803228118450076,-0.594674197235382,0.150773461132287,-0.0269080316300662,-0.288449202110005,0.393329138447724,-0.520704018891168,0.237883859869573,-0.0258052648411966,-0.00191989253537152,-0.032762624830482,-0.0985383031926984,-0.208307764588248,0.0638962980857572,0.150550727663311,0.517997169748739,0.768588585870281,0.0402594971267114,-0.41808356831822,0.0811842936406661,0.0783623530537802,1.79999946772531,1.56627982761413,1.50271363808319,1.50320669873796,1.50944398243678,1.65980603086422,1.61328687285783,1.69611825972436,1.51031706815309,1.50974047220298,1.67226250195915,1.50551640677361,39.2908795035957,2.75418119618559,1.51242432790084,1.5065407871632,1.70112117812471,2.23415063904737,1.27113267534888,1.90278798333818,1.6518820873878,1.61428530356826,1.58235169596715,1.57553466375397,1.58939167508731,1.58660562542049,1.5072988634269,2.00922614815819,2.63032786329853,2.54117734250694,1.63809440973397,1.68122538244174,2.36911600358636
-8.33333333333333,17.6666666666667,1.42,0.222222222222222,0.004419998975282,0.0422261064509909,0.122876512955056,0.24560449999824,0.410410067580543,0.685555323937999,0.004419998975282,0.0422261064509909,0.122876512955056,0.24560449999824,0.410410067580543,0.685555323937999,0.004419998975282,0.0422261064509909,0.122876512955056,0.24560449999824,0.410410067580543,0.685555323937999,0.888888888888889,2,150.000015727529,174.552650765545,-11.8744043380898,619.349474013123,191.721517873138,4892.06186855536,-43.4069399020935,1.61175382772628,-0.511431596878242,-0.0398437583585044,1.68684324549526,-0.117750501148839,0.969679533725654,-0.515614437579418,-101.097564836996,0.161116233246537,3.03472059160504,1173.68055410895,13.6119956254557,1.47714540152068,0.883861076971149,0.529186918029372,0.441138745963962,0.263892198729299,0.166224515154671,0.025249605141027,0.0116497792417457,0.00851057494011041,0.0071253142381002,0.00810801468597021,0.0100027056556609,4999.99989584418,43.0937194042288,17.3232166618681,35.5811256951368,119.367757683292,118.413041423445,2472.51495422872,1046.12868120046,19.1024717447723,0.482390079424602,0.436856699496454,0.0227512747175007,0.550162089888485,0.347661942562102,1.73241150292357,0.40055538104225,1.41690900620451,0.554264991594675,1.14064697170158,0.733233382308295,0.00632096228391698,0.233422690855442,0.101305305669126,0.052634916441885,0.0539021215051927,0.0564703419446187,0.0582493410997856,0.0442628754853177,0.00815370756586647,0.00252944978722174,0.00205686740961183,0.00105214367082406,0.00108680725149129,2.86623664221056,0.0099764309489096,3.94801618153389e-07,-0.113273165927873,0.00402322802961185,-0.0174178992875992,-0.00312748164692751,-0.333194767436798,-0.048021780333468,-0.424177099880058,0.000690488270414404,0.0275742742352988,-0.356190980145587,-0.0109730781085571,-0.569798469900932,-0.388571704384288,0.25583031425246,0.0110601386766872,-0.410223027327903,0.328788110906027,-0.188360264165096,0.666947574574861,0.386627255545633,0.0046765311926782,-0.493824670215756,-0.514994268980538,-0.56923975833424,1.0279242972991,1.24738163837713,1.22240491253813,0.649584272507319,0.495037992928403,0.190941934994592,-0.061769485031179,0.115774659838286,1.79999946772531,1.51887530595602,1.50044781615657,1.50395012068189,1.50574636220274,1.74643732657365,1.66706121426017,1.84379367956208,1.49333414878765,1.5504318118441,1.77268406337447,1.50104168806305,3.56628960898003,2.83128838330571,1.54566524332887,1.50129444523366,1.83881510458762,2.29468007305766,2.38245782256992,2.27580944010905,1.61211461531368,2.01835070718863,2.30383655253933,1.88363038599306,1.8481964251213,3.58788163312225,4.30364635739679,4.74568116875183,2.2990279140077,1.96731162839651,1.5086561543124,1.42590074591073,1.94583537713038
-8.33333333333333,5.44444444444444,1.42,0.222222222222222,0.004419998975282,0.0422261064509909,0.122876512955056,0.24560449999824,0.410410067580543,0.685555323937999,0.004419998975282,0.0422261064509909,0.122876512955056,0.24560449999824,0.410410067580543,0.685555323937999,0.004419998975282,0.0422261064509909,0.122876512955056,0.24560449999824,0.410410067580543,0.685555323937999,0.888888888888889,2,150.000015727529,89.2930017706489,-5.77875395792105,249.420470784293,189.35220973961,3125.37923133007,-14.665705385689,1.69498635558796,-0.144130406749297,-0.0413377023226747,1.69498635558796,-0.144130406749297,0.886372683137173,-0.0759912990678054,-39.9063764191229,0.241865138308509,3.75365180710342,737.665149463607,2.71222182845537e-17,0.81386199354234,0.641626205603581,0.55750968649099,0.640678543901678,0.596042037287783,0.553795698364754,0.0124379823976669,0.010673891261327,0.00803257181543589,0.0116160191646703,0.0139226184772419,0.0200655796271222,476.337600249973,6.53211498802206,17.3232166618681,3.11545762236749,123.603383796743,119.143276702916,2561.81639212592,193.499808951975,14.1071547478391,0.183182513497633,0.343403216953404,0.00930448678345358,0.183182513497633,0.343403216953404,0.34728083126754,0.0653646841794947,0.425643830423063,0.548829370168261,0.377769720557261,0.123389209127601,1.10467611801554e-15,0.0486596610198534,0.0217245122372128,0.0254531211231967,0.0383195376081779,0.0419594848407249,0.0390749473932554,0.0065215891747943,0.00201482365746352,0.00130650653584334,0.00144507822490376,0.00120329364711863,0.000969708880249585,0.50508933922618,0.00627945603090965,3.94801618153389e-07,0.059568447095203,-0.00818013873727515,-0.0873408897824312,0.011142299192301,-0.322092288451973,-0.155557470304273,-0.0687152966008483,-0.0232023236935672,-0.0546422753964641,-0.0687152966008483,-0.0232023236935672,-0.697574152659346,0.0646564375301254,-0.095419773326643,0.0241985262156484,-0.160395095980896,-0.0379542688446851,0.0100692202199306,0.517689807580507,-1.25317366227036,-1.00820800850369,-0.50888590479132,-0.461890090315515,-0.467017261592848,0.926277248285612,-0.233308316681105,-0.515799925625623,-1.27169581947311,-0.725674721715616,-1.02922171631722,0.111050775812444,0.110473881510611,1.79999946772531,1.88430837477034,1.4919134036096,1.52899809487687,1.4920227108816,1.90240989922794,1.55415245782947,1.58193488439988,1.48993583428156,1.62824984042552,1.58193488439988,1.48993583428156,5.08663944846006,2.43051720330548,1.51145722259005,1.48975428290854,1.66115655301645,1.61000962429527,2.83673571952999,1.80827872017097,4.59746121796172,3.10756974904082,1.95233728255885,1.82670320754732,1.87369808353155,3.13280198309394,5.34937041083586,3.99845509646767,4.3061751232655,2.95051817074061,2.72898805789081,1.66266940783404,1.65921002307032
-8.33333333333333,5.44444444444444,1.42,0.5,0.004419998975282,0.0422261064509909,0.122876512955056,0.24560449999824,0.410410067580543,0.685555323937999,0.004419998975282,0.0422261064509909,0.122876512955056,0.24560449999824,0.410410067580543,0.685555323937999,0.004419998975282,0.0422261064509909,0.122876512955056,0.24560449999824,0.410410067580543,0.685555323937999,0.888888888888889,2,150.000015727529,88.7188938652225,-4.12263171211332,250.013921466514,156.088248974065,3100.44807832517,-15.2751213984377,1.67731777939798,-0.13866088236642,-0.0417867711696699,1.67731777939798,-0.13866088236642,0.871670990355169,-0.077043922515363,-40.086857618998,0.23288506473284,3.71303874596397,739.325434850543,7.53726460785335e-18,0.802461597750234,0.630862191438392,0.547546599312571,0.627157743985002,0.580114967190918,0.538740839495886,0.0123384563637746,0.0106996316008749,0.00809083928757421,0.0106320064576607,0.0134261392563274,0.0206593021560254,489.075148422041,6.6917766899281,17.3232166618681,9.29471305732485,123.998561239318,119.764097694635,2578.1951738787,487.881846434053,13.5369672047305,0.350585840869587,0.350480831155422,0.0168109755935491,0.350585840869587,0.350480831155422,0.39751093927472,0.0627202463224024,0.434217986534075,0.560746069260768,0.770195203583867,0.0584779245198246,1.24638462486375e-15,0.0501674821754284,0.0748223774149848,0.0912711497244768,0.117332432806115,0.118352109833334,0.100532155447085,0.00608696678339256,0.00366330727075919,0.00323943180223883,0.00399386587969079,0.00292436522629296,0.00279088408044173,0.222600729422517,0.00274315859620791,3.94801618153389e-07,-0.153771492592343,-0.0255003362806087,-0.0792443858869321,0.0271353334808239,-0.0938902040698738,-0.100622433342067,-0.0487191368221653,-0.0413392436047173,-0.0858682790042908,-0.0487191368221653,-0.0413392436047173,-0.648946445422301,-0.172908815010352,-0.0726710597034664,0.042704054857396,-0.0690585583507245,-0.115107995654834,-0.0319867860687411,-0.517814167003419,-0.335221851818205,-0.183590223557796,-0.172358517677243,-0.20785398400078,-0.262420618594937,0.575361138168109,-0.168876591710661,0.172602663851602,0.163994832244839,0.0618095302820642,0.161158728638531,0.031377232426373,0.0193595239810058,1.79999946772531,1.63795302268042,1.49016394768646,1.52118841817553,1.49103668501067,1.59572227808946,1.61788954800486,1.55677553863407,1.49076590982209,1.55418538466247,1.55677553863407,1.49076590982209,2.73421413298917,1.97310739463915,1.54831519762051,1.49076680744059,1.56451218573697,2.50717300494869,2.81039587550528,2.35652430100229,1.85764309350153,1.62966106346014,1.57011424677648,1.56747043011163,1.58432646758784,2.6919231126977,1.54575376082062,1.42031380113533,1.61527633555155,1.35888575730514,2.00116351852269,1.99744726101903,1.98409505345102
-8.33333333333333,5.44444444444444,1.42,0.5,0.00165749961573075,0.0158347899191216,0.046078692358146,0.09210168749934,0.153903775342704,0.25708324647675,0.00165749961573075,0.0158347899191216,0.046078692358146,0.09210168749934,0.153903775342704,0.25708324647675,0.00165749961573075,0.0158347899191216,0.046078692358146,0.09210168749934,0.153903775342704,0.25708324647675,0.333333333333333,2,150.000015727529,94.2382533069472,-0.906576488907408,248.613642328924,103.488260363504,3391.54952609103,-13.3628162120612,1.93339433392355,-0.150960455340069,-0.0561179772940319,1.93339433392355,-0.150960455340069,1.35134076658681,-0.0936500631620664,-40.8124487032601,0.259064173586085,4.36932111238413,745.928101239431,6.14492052911156e-18,0.78854141235288,0.61672350796792,0.527712186230601,0.596548255390063,0.627382637225289,0.653967013852724,0.0122994806686804,0.00939176814915112,0.00647571357150297,0.0065295542131028,0.00862596062910113,0.0108446819081346,540.495937923134,7.32985970211441,17.3232166618681,10.9794359315872,122.335418525406,121.936720398895,2550.67168698668,573.382301085369,14.947563874646,0.424076332929846,0.351978506379287,0.0236806200591834,0.424076332929846,0.351978506379287,0.479084908354367,0.0584926749534723,0.44942819353531,0.564483232468152,0.948583513774757,0.0453209452994912,1.20000055118276e-15,0.0495859878082681,0.0736631984696307,0.0881351621647889,0.113956810876459,0.131743665223902,0.124075897573525,0.00584808596689328,0.00335830212083148,0.00256181812050222,0.00269352778317829,0.00243248824961014,0.00166434642529443,0.116985388600742,0.00138721914379873,3.94801618153389e-07,-0.0988777071360156,-0.0698773511461582,-0.0163466677469401,0.0707266381658315,-0.067443382725002,-0.173814087749699,-0.0205556450373991,-0.0808254960319476,-0.135181086886205,-0.0205556450373991,-0.0808254960319476,-0.646580809975795,-0.214139130730037,-0.0152484659553274,0.0818118399859633,-0.0373985986543333,0.920563130345228,-0.0494731210658865,-0.588743422565282,-0.373687464105338,-0.224680110666797,-0.170276166581758,-0.181714838928182,-0.194653795894484,0.565005228483173,-0.193978002247557,-0.155918984172901,0.215926478250626,-0.157753002146831,-0.428656361999518,-0.244409440090695,-0.245408779674464,1.79999946772531,1.57277390828421,1.52706023511959,1.48522863395957,1.52807777285987,1.5418628234033,1.66022437005546,1.52089206983362,1.52987090253026,1.53439711291337,1.52089206983362,1.52987090253026,2.76414922047997,1.9558454629895,1.49204288560319,1.52999749099308,1.52209318585872,2.00310553790961,2.77220386582584,2.39964312038174,1.84654532241913,1.61200590139933,1.53706010123044,1.52065478277138,1.56388528610584,2.70717134807409,1.54658547976976,1.40351224715553,1.7799484936697,1.55447982038941,1.59125740461151,2.45658226196947,2.34448951908782
-8.33333333333333,5.44444444444444,1.24222222222222,0.5,0.00165749961573075,0.0158347899191216,0.046078692358146,0.09210168749934,0.153903775342704,0.25708324647675,0.00165749961573075,0.0158347899191216,0.046078692358146,0.09210168749934,0.153903775342704,0.25708324647675,0.00165749961573075,0.0158347899191216,0.046078692358146,0.09210168749934,0.153903775342704,0.25708324647675,0.333333333333333,2,150.000015727529,85.1236944068327,-5.29652014998438,249.455545255703,184.185556504531,3019.54036037913,-12.1860567470159,1.70348057494011,-0.145181445959796,-0.0437579127174253,1.70348057494011,-0.145181445959796,0.950253461043641,-0.0797275304801583,-39.9208842828873,0.246982968855327,3.83430111446724,737.834506822216,1.95967987949172e-17,0.804721758150192,0.628711811269659,0.536465014061035,0.604648547026351,0.634532736173315,0.660078116862826,0.0123217222845537,0.00926338152275804,0.00632222883033018,0.00639310332257056,0.00850801718570983,0.0107863637121133,477.630236433696,6.54834402666403,17.3232166618681,9.04205721003355,124.163691079887,119.677882317046,2584.36600843831,488.481979645696,13.4416486283861,0.370245256359893,0.353684150750464,0.0183458900108071,0.370245256359893,0.353684150750464,0.413267338171732,0.0590923484142639,0.433673407315138,0.566693435957127,0.823631037343056,0.047541527683651,1.16408833453714e-15,0.0500504213526245,0.0742482098974741,0.0893731036851407,0.115961541497526,0.134142219809883,0.126794179090709,0.006130897829127,0.00353247998029657,0.00268202161053972,0.00283257050194518,0.00254885439070519,0.00173403917703476,0.120300129578544,0.00150356104829689,3.94801618153389e-07,-0.0909480746348552,-0.0084023958280784,-0.0877865657298504,0.00999875313495366,-0.0430623404728888,-0.110214798126506,0.000279597810827216,-0.023053607919359,-0.145475046921292,0.000279597810827216,-0.023053607919359,-0.671168469074533,-0.130420578215514,-0.0967630994213668,0.02442003411584,-0.0110256353441792,0.651808448271454,-0.0124026746095959,-0.508708607813727,-0.338623306330527,-0.189622413201474,-0.140647432682577,-0.155981387963233,-0.178009987874249,0.586852468524913,-0.102095822437667,-0.0885840182151056,0.263832037117747,-0.0566918062219047,-0.317529425555815,-0.260930858902016,-0.273212813803227,1.79999946772531,1.58150335463032,1.49169004763171,1.52828679151006,1.4921691468721,1.55963412243616,1.6144064084856,1.52906628781356,1.49141337886543,1.54570234403453,1.52906628781356,1.49141337886543,2.82466771376102,1.85252983345563,1.53517927736505,1.49133540298314,1.53735095768019,1.42485425351863,2.76240586124303,2.36192391202801,1.86233753826922,1.6281120044425,1.55126424940193,1.53183426022363,1.56462378056885,2.69333512557315,1.4822289430511,1.33778040841368,1.75333694626134,1.52656023495363,1.51085391796266,2.35928657768749,2.43631024569996
15,25,1.31333333333333,0.277777777777778,0.0011049997438205,0.0105565266127477,0.030719128238764,0.06140112499956,0.102602516895136,0.1713888309845,0.0011049997438205,0.0105565266127477,0.030719128238764,0.06140112499956,0.102602516895136,0.1713888309845,0.0011049997438205,0.0105565266127477,0.030719128238764,0.06140112499956,0.102602516895136,0.1713888309845,0.222222222222222,2,150.000015727529,143.254294090303,-11.0083620904072,618.266753463181,175.530387876263,3126.35872727841,-57.5987887955421,0.322108064701593,-0.154267780585356,-0.0471008816789918,0.356447940724925,-0.0222348366628476,-4.30786602837204,-1.38746198316946,-100.913045516092,-0.013816937673159,-0.156989394261014,1173.69961462348,22.0218071034258,1.42126293094469,0.957023362149776,0.507412515535881,0.296455012926779,0.0885089345599419,-0.0706692528632435,0.171148721536298,0.026152424925112,0.00672647538277263,0.00641905868690761,0.00708867003437142,0.00828388490782211,4999.9993750651,43.0935506718046,17.3232166618681,111.702052948075,118.6437030384,115.796674664269,2475.6906200247,3664.01476526226,39.8382537063378,1.56770509473206,1.00003184102876,0.0332798594530373,1.81505140192431,0.404169810399989,3.76908697485571,1.2515231111126,3.39194306637541,0.647166813111306,3.82597252265621,0.74524105259271,0.00384798047068113,0.546358578689887,0.526053064994979,0.422137447395664,0.342864008290398,0.271565558295991,0.240260978275445,0.204483695203792,0.0482841204120455,0.0134946797158554,0.00517040000520342,0.0020154189288631,0.00179269399246123,2.81299062850958,0.00761753458425889,3.94801618153389e-07,-0.211959733989425,0.0571084682539589,-0.0274680022526741,-0.0999947809397621,-0.187621789200406,0.0839063394490503,-0.185657138724703,0.142343404456904,-0.140701414638128,-0.180717674530687,0.0977938399898784,-0.0113575748620753,-0.492521997017989,-0.147576165286774,-0.104176243733681,-0.194490619967782,0.150234870014449,1.65960450756515,0.523349828603603,0.126564076154233,0.143565654834834,0.100362057146033,0.0730458182966686,-0.169708502370763,0.719684179985438,0.414624832403727,0.271637989297114,0.442307369813157,0.528895208775386,-0.389729382290397,0.133428962421217,-0.000605197686992696,1.79999946772531,1.55375802227373,1.51760169295831,1.50570237790545,1.52826705976103,1.57246368566546,1.52838543833909,1.59693583371031,1.56352673117285,1.57579650413719,1.59433686315974,1.51503811086316,3.70113892817205,2.0357686228371,1.57805264311575,1.51792929728245,1.60943246840955,2.40423730727768,3.75428712070124,2.24195023320432,1.74960773741561,1.56862939496325,1.545310993989,1.58986720955351,1.56940514710156,2.32097756332132,1.96758764524981,2.40839693379963,2.696581331894,5.83262840175934,3.05610214718597,1.99406825937947,2.57488337655588
15,25,1.31333333333333,0,0.0011049997438205,0.0105565266127477,0.030719128238764,0.06140112499956,0.102602516895136,0.1713888309845,0.0011049997438205,0.0105565266127477,0.030719128238764,0.06140112499956,0.102602516895136,0.1713888309845,0.0011049997438205,0.0105565266127477,0.030719128238764,0.06140112499956,0.102602516895136,0.1713888309845,0.222222222222222,2,150.000015727529,151.131242578898,-8.15805907197166,620.534715133841,43.7824387324237,3441.44186022289,-55.3401062389334,0.527811923924592,-0.225089165482762,-0.0101691658785543,0.57369933508096,-0.0108851123737111,-3.4479029669826,-1.2640674252682,-101.020547859598,-0.0275490862514322,0.382977829215706,1173.73679825018,22.0091115508802,1.4470108217894,0.981483116342048,0.498888610561399,0.303044479533382,0.101163017536194,-0.0196493652320592,0.14956276326216,0.015015166227268,0.00629885613842309,0.00624163285074471,0.00760216914904698,0.00784613040308301,4999.98229351109,43.0932465368195,17.3232166618681,63.2762562802293,116.552217500953,116.851195819836,2424.19090758547,1655.67465791851,28.1798265806181,0.521146282883722,0.535322862864794,0.00796286864357549,0.661765585882646,0.346737425222884,2.4353749207784,0.724220232653251,1.79390946208328,0.547968516815813,1.2376374423524,1.08108207646952,0.00652017325472289,0.493865633291504,0.424122965906946,0.267459445168185,0.176501590548769,0.0966802681781505,0.0550131843578137,0.176621135569238,0.0306327221278051,0.00730903410171728,0.00208935385224114,0.00139742038791206,0.00196773461182564,4.09904701700198,0.0138665719423442,3.94801618153389e-07,-0.118636323322881,0.0140498907118862,0.0017009525993294,-0.0278345407976756,-0.187823202253279,-0.00332051495788913,-0.232429217886199,0.090839615500194,-0.620001885567362,-0.206933539414545,0.0390215251860302,1.5265292716394,-0.639185927192636,0.12574853875955,-0.0439302815432101,-0.25853290352292,-0.185230459230428,0.0907663320736328,0.491483765493808,0.0602165395916343,0.0769626084480944,0.0698333074178392,0.360038673145276,-0.494154830110979,0.678661648515667,0.132124262747167,0.120556415962333,0.25198921282723,1.10487066088634,1.84745330296125,-0.14546822874915,0.0690003856599501,1.79999946772531,1.4912335714287,1.5109600690235,1.5110506960824,1.5189426311093,1.5889001677071,1.54275008823593,1.71263131940992,1.50783222190947,1.91286167603155,1.64474888517704,1.51171773935115,42.1176050367948,2.7042964775751,1.62712771506109,1.51263804709079,1.73337043661136,1.70214263921961,2.33388391713262,2.22394933212052,1.66447496171018,1.62349010863358,1.62201286329156,1.75944344425627,2.13738536024722,2.28545159863157,1.82646260653667,1.9989936025294,2.27509818719558,10.0237940270681,11.5805295306243,1.86235304255816,1.97120219069857
15,25,1.31333333333333,0,0.00386749910337175,0.036947843144617,0.107516948835674,0.21490393749846,0.359108809132975,0.599860908445749,0.00386749910337175,0.036947843144617,0.107516948835674,0.21490393749846,0.359108809132975,0.599860908445749,0.00386749910337175,0.036947843144617,0.107516948835674,0.21490393749846,0.359108809132975,0.599860908445749,0.777777777777778,2,150.000015727529,148.61886678471,-8.54276310488491,620.630548901156,82.2430689303198,3338.87462764295,-56.4605926465993,0.472527499925008,-0.210946304530778,-0.00924587917925217,0.517161443547547,-0.0179756341683158,-3.65130137626289,-1.30987053952713,-101.010659306322,-0.016412750921779,0.259140808540777,1173.6765961879,22.0659139672948,1.44365980627018,0.971676877408603,0.497452408082492,0.299582865156754,0.0845468100843662,-0.029544690467243,0.149819986547235,0.0166912977906468,0.00673864659618789,0.00712316883657951,0.00880074929694824,0.00943695281741486,4999.97229455265,43.0933871471728,17.3232166618681,62.736776660563,116.525400753458,116.77124747325,2426.68997404286,1624.16003760467,27.5950778939225,0.503646251686697,0.529203400854758,0.00671103893182848,0.643021831322443,0.346748655737667,2.94496589545399,0.668695420962667,1.77540399529794,0.54798349525832,1.20000677156628,1.15609035670067,0.00556406754116863,0.494452237615782,0.418063036939255,0.269628736367931,0.180909376981515,0.0857852410839137,0.0583650774453586,0.176850547987811,0.0304036838214426,0.00778515329234795,0.00262293015782834,0.00182247929233657,0.00400026184319574,4.52341858129035,0.014099534470599,3.94801618153389e-07,-0.122364014692309,0.0125418436414799,0.000209996240254181,-0.0255139172145551,-0.211638355087964,-0.0111754510300523,-0.302047120383935,0.1028107026998,-0.539313157272698,-0.262533899196375,0.0360612396703221,1.01490503102351,-0.70412489593209,0.181145958760498,-0.0409819194463372,-0.341507052170455,-0.170542589535292,0.226863921960659,0.4886513975218,0.0456968802335037,0.0803233580408694,0.0817271181456941,0.275974034933791,-0.555885646821918,0.678471848468673,0.138213214587872,0.275094673341478,0.658953822402554,1.23491297011369,1.75279674474056,-0.315688065447163,0.0264729138410677,1.79999946772531,1.4934867443713,1.51027660947883,1.51100458079089,1.51603421884022,1.59422183903584,1.54152520694499,1.7366690558369,1.50841755693705,1.88219843995025,1.65500522560193,1.50861423972517,51.4990270291405,3.04821683845944,1.6382725502452,1.50973717067655,1.77045895486442,2.01932408349911,2.11223118114277,2.22076214546726,1.67699620545654,1.62373312824639,1.61368628763318,2.02530528796655,2.75004393815947,2.27998277613491,1.78458963524004,2.12960597608466,3.19608521763412,17.506785139006,6.3423109548784,2.59983446002075,1.82693131310119
15,25,1.13555555555556,0,0.00386749910337175,0.036947843144617,0.107516948835674,0.21490393749846,0.359108809132975,0.599860908445749,0.00386749910337175,0.036947843144617,0.107516948835674,0.21490393749846,0.359108809132975,0.599860908445749,0.00386749910337175,0.036947843144617,0.107516948835674,0.21490393749846,0.359108809132975,0.599860908445749,0.777777777777778,2,150.000015727529,146.280567649203,-7.5879202416415,620.484147484637,67.975033465264,3476.18862618477,-44.666515987918,0.663037024028747,-0.294621649880221,-0.0100317322362254,0.724862057358609,-0.0315546074950526,-2.76846030103635,-1.18821759816686,-101.053738152276,0.0114922283303823,0.807545129778147,1173.67795021352,21.465486928445,1.46856049369857,1.02447320070826,0.555771992500781,0.358701984168316,0.127470251623685,0.00992993649828143,0.162681869828143,0.0186788073136132,0.00677491824153734,0.00752150026038955,0.0090424926570149,0.00888876689928132,4999.98625143214,43.0933163212169,17.3232166618681,55.7765245666116,116.570492529482,117.03050714595,2424.6632133691,1372.44112416974,23.3706845454046,0.388841415427364,0.478908869728022,0.00827373148267212,0.513950110021769,0.34118422083365,2.89987656686149,0.593660063536119,1.59230216385332,0.53815807526656,0.908216343619998,1.11599274098791,0.00546531305827711,0.479493734650723,0.41171199215827,0.272362805432766,0.182194819960753,0.0963937327824436,0.0450799668375898,0.186172441723975,0.0326579321730511,0.00854360458102119,0.00326153871186352,0.00196285385795287,0.00260394766165081,4.4014697496623,0.0132924176869802,3.94801618153389e-07,-0.0569582361844773,0.0099035293284493,0.00810549995390319,-0.0218994310024057,-0.146969426072539,-0.0130207729190848,-0.228943827475334,0.0403021001126605,-0.501123361773491,-0.165962337806148,0.0273378809221302,1.20343611233261,-0.626441175414891,0.159467400443379,-0.0311840809746938,-0.237508509710821,-0.193205192360193,-0.118762601813376,0.524792117980416,0.0346171658097341,0.0702650623002708,0.0554957775706149,-0.0255543172874148,-0.572515682839012,0.652910459616898,0.149747410347948,0.166803360597184,0.857419481937403,5.2288794354563,0.537054257684211,-0.0615912162872356,0.112763304189365,1.79999946772531,1.47008365350396,1.5094668816457,1.50909497332083,1.51598826164515,1.57879434008852,1.53662294954139,1.82317944854421,1.4793643890439,1.67418758480434,1.67826554857261,1.50431287060159,143.826096217596,3.22580894388268,1.6612504441674,1.50279490772234,1.85107869908873,1.75292587672891,2.1256715623916,2.26439794723321,1.69092923204481,1.62105390484943,1.6056765608384,3.17770763213189,2.38803619017607,2.23022277748066,1.73554196189055,1.98460234916223,3.11779109093063,103.849453049243,2.70185668832363,2.0387665494424,2.23127799266018
15,12.7777777777778,1.13555555555556,0,0.00386749910337175,0.036947843144617,0.107516948835674,0.21490393749846,0.359108809132975,0.599860908445749,0.00386749910337175,0.036947843144617,0.107516948835674,0.21490393749846,0.359108809132975,0.599860908445749,0.00386749910337175,0.036947843144617,0.107516948835674,0.21490393749846,0.359108809132975,0.599860908445749,0.777777777777778,2,150.000015727529,251.162722633059,-41.1910739035518,580.584387043017,1268.16343807937,8628.58858452245,5.35488460462451,4.38498323091344,-0.489137878346006,-0.262299979168837,4.38498323091344,-0.489137878346006,11.7141176960733,-0.5478703366316,-96.8143297573168,0.797105020310384,9.42642849703156,1153.56567024268,2.06525572961148e-18,1.59270023955838,1.27972784084991,1.10180617643995,1.06777795021352,0.928737829392774,0.793762160191648,0.097450518022081,0.0159962776781585,0.0130750115589001,0.0206739279241746,0.0239615727528382,0.0350749744818248,4570.37069055307,40.0775669201126,17.3232166618681,13.4532480140732,121.361606086975,116.913098322366,2458.91432195355,397.320935415784,39.0596655744587,0.17388991497861,0.309405127933608,0.0198442791924079,0.17388991497861,0.309405127933608,1.47792271431206,0.353999324340244,1.03813731991427,0.49173241584156,0.422296345537705,0.646049284754726,1.46092170167271e-15,0.339981442705801,0.157730974766683,0.116834278861368,0.0737073384957787,0.0541483027592245,0.0458056616346868,0.109574225384697,0.018479447975904,0.00891873990299736,0.00535144685603151,0.0047592469494859,0.00545001946688753,7.30550386353815,0.055178652323826,3.94801618153389e-07,-0.048215999774621,0.00543023794353585,0.00551999839051519,-0.00180834018109477,0.00840546356244042,0.050893107917819,0.0850599302705907,-0.0043163223531179,-0.0740017703424589,0.0850599302705907,-0.0043163223531179,0.518206703264365,0.532776053369314,0.0252081254636173,0.00335355146526166,0.157389067798753,-0.138492434000215,-0.0140802712884045,0.615408186470282,0.0768279895331814,-0.030624512706794,-0.00855297703604513,0.0147857113778749,0.0507710179333214,0.430541340368741,-0.0402406058831965,0.0598499547000408,0.17815039359908,0.0253254596459899,-0.124904701280501,0.0890487744077377,0.0965068042001633,1.79999946772531,1.51783778776275,1.50447605846706,1.49160478718359,1.50475501573077,1.50179018539865,1.54542013327285,1.4981530449749,1.49740644950266,1.54273316178482,1.4981530449749,1.49740644950266,8.46539167837121,2.70541060461506,1.54119339865709,1.49744888163944,1.55305681819751,2.81686886374607,2.61926530101394,1.98388405661855,1.7041732063795,1.55368034046849,1.49357557377882,1.50424108656108,1.51185074942435,1.8940688668145,1.35772806478861,1.63173636992532,2.06090625905258,1.70785640583445,1.50526692073031,2.67437467743735,2.71526903388128
-1.66666666666667,12.7777777777778,1.13555555555556,0,0.00386749910337175,0.036947843144617,0.107516948835674,0.21490393749846,0.359108809132975,0.599860908445749,0.00386749910337175,0.036947843144617,0.107516948835674,0.21490393749846,0.359108809132975,0.599860908445749,0.00386749910337175,0.036947843144617,0.107516948835674,0.21490393749846,0.359108809132975,0.599860908445749,0.777777777777778,2,150.000015727529,262.039995833767,-43.1854455900427,587.563878762628,1337.98351154046,8974.81220706176,8.70043724716176,4.53302187272159,-0.509502624726591,-0.279749953129882,4.53302187272159,-0.509502624726591,12.3619203207999,-0.580857009321946,-98.0146536819083,0.828931911259245,9.72130017706491,1161.19383397563,-9.70630481199876e-18,1.66382720549943,1.32738589730237,1.15029434433913,1.09928486615978,0.950047224247476,0.807900072909071,0.05511504390376,0.0160917287001354,0.0156176615977503,0.0225377335694199,0.0263251119675034,0.0376673315279659,4960.70503072597,43.2151109259452,17.3232166618681,7.30760150459661,123.850268458919,117.477136868358,2551.77843386716,159.53670372145,40.8190978335977,0.121057358739019,0.339609297864665,0.0174803093462774,0.121057358739019,0.339609297864665,1.41068782698833,0.404641850416121,1.05786741418232,0.542170052922035,0.197404093509592,0.738401636091782,1.37654241343883e-15,0.118761635541324,0.0626152364731875,0.0502828273606921,0.0332143761091193,0.0257158064000491,0.022422038428438,0.0450312851019874,0.0104601487671058,0.00556300318017701,0.00390756518236408,0.00300249846143166,0.0027090896655547,7.54056147760189,0.0559900538636369,3.94801618153389e-07,0.151068568129978,-0.00428593022815089,-0.00210688847448224,0.00526530074521408,0.161485602995331,-0.0333072729505037,-0.0871961494438156,-0.00839279069366784,-0.00880498381221,-0.0871961494438156,-0.00839279069366784,-0.458693926836907,0.289278953663957,0.0144650171764213,0.0076308208444273,-0.640344839285159,-0.324121059736799,0.00894929794401422,1.47213741713738,0.541221481487546,0.21323003938772,0.141487292262161,0.259700679025716,0.476782398990258,0.829953259495042,1.094008355949,0.958686663471949,1.69993641228484,2.04330884508909,1.12871779469136,0.0290980438990472,0.06117336299143,1.79999946772531,1.68423529915716,1.49798276288054,1.50428859330945,1.49918206707352,1.73457299397529,1.53907772804042,1.5473569357747,1.49354909126306,1.57581328831271,1.5473569357747,1.49354909126306,8.26649693515407,2.09423443091358,1.53209119325865,1.49330741133643,2.73260902369848,1.88277139832202,2.68371157799935,4.13170694701986,2.0115249679372,1.65622877155766,1.7213302445618,2.07247805607061,2.61457356392869,2.45291806610274,4.40547783250828,5.16697968086253,10.1759490152711,11.3802084356844,6.05453657793415,2.1686251074804,2.17638334401598
11.6666666666667,5.44444444444444,1.42,0.277777777777778,0.00165749961573075,0.0158347899191216,0.046078692358146,0.09210168749934,0.153903775342704,0.25708324647675,0.00165749961573075,0.0158347899191216,0.046078692358146,0.09210168749934,0.153903775342704,0.25708324647675,0.00165749961573075,0.0158347899191216,0.046078692358146,0.09210168749934,0.153903775342704,0.25708324647675,0.333333333333333,2,150.000015727529,92.8432746588897,-1.88152325591084,249.601174877617,118.92849068847,3334.81626913863,-11.818415001354,1.90095177585668,-0.150250166306843,-0.0522184428705343,1.90095177585668,-0.150250166306843,1.27901251848766,-0.0901092965232789,-40.4106415998334,0.257658494410999,4.29620727007603,742.329299031343,-1.5125661306114e-17,0.793358691802936,0.621794167274242,0.532580491615457,0.602056858660556,0.634753848557442,0.663400552025831,0.013003586020727,0.00959102520570774,0.00650865409853141,0.0067631334236017,0.00862569409436516,0.010854658889699,512.361191542551,6.98201385272369,17.3232166618681,2.88190479625174,122.257035640193,120.307486924108,2516.36974631915,244.25539867344,16.0985944983155,0.188609171710594,0.328324304461739,0.010309003058719,0.188609171710594,0.328324304461739,0.37149796196451,0.0582500872421563,0.414306303725605,0.523228093515394,0.447344883676238,0.106079855180423,1.24723661144078e-15,0.147005656501562,0.11194115430168,0.0923628457475819,0.0984763969768779,0.101273593280105,0.0870465342545981,0.0135443589755798,0.00509341549347354,0.00275400485679986,0.0024575148875881,0.0019304320281933,0.00121752234638389,0.423315284484819,0.00519971110563442,3.94801618153389e-07,-1.167962460432,-0.0567838902130327,-0.0521797828006192,0.0582699282285235,-0.358488118478647,-0.028359937885441,-0.307358454669257,-0.0727543726856238,0.355327871299245,-0.307358454669257,-0.0727543726856238,-0.788783318854181,-0.024815443680348,-0.0436991063188677,0.0743144699537902,-0.253871326687308,0.213644799188256,0.0202276015410527,-0.00540898885986815,0.00725687430649691,0.0149630631172063,0.0117998069102823,-0.0330486392880839,-0.0486653228702543,0.00455751142274494,0.0233216962034308,-0.0306222270626397,0.189038563295498,0.272597669362708,0.462146473005266,0.17444437523053,0.170939781047332,1.79999946772531,3.55699508493855,1.50020765640716,1.49932004368711,1.5008986007225,1.77392908822384,1.53749498188055,1.68724341573145,1.50141374921595,1.66604441541837,1.68724341573145,1.50141374921595,4.64630481667329,2.16407683081448,1.47670983264459,1.50162969997339,1.61025236091105,1.79900175493466,2.91691077155975,1.68263873301694,1.6381886549785,1.58126318701262,1.52596609737656,1.51278405908526,1.51622300729707,1.36458359447079,1.3698930862424,1.38668787134005,1.72773170837022,1.51073294393479,1.72734562367009,1.64953659081558,1.64133846213641
11.6666666666667,5.44444444444444,1.42,0,0.00165749961573075,0.0158347899191216,0.046078692358146,0.09210168749934,0.153903775342704,0.25708324647675,0.00165749961573075,0.0158347899191216,0.046078692358146,0.09210168749934,0.153903775342704,0.25708324647675,0.00165749961573075,0.0158347899191216,0.046078692358146,0.09210168749934,0.153903775342704,0.25708324647675,0.333333333333333,2,150.000015727529,94.5054129778149,-1.46030123039266,249.286155608791,113.838186730549,3407.58556400375,-10.9517167398708,1.94988313717321,-0.153368941235288,-0.0543837131548798,1.94988313717321,-0.153368941235288,1.35386757223206,-0.0925115499489638,-40.5260129153214,0.263361751940423,4.41184032913238,743.389074054789,-7.62624033329863e-18,0.788437371107176,0.621328830330174,0.53597259660452,0.609328340797834,0.647802551817518,0.679183647536714,0.0126890309893032,0.00936964045411936,0.00609209301114467,0.00672994490157275,0.00858877471096761,0.0108246610769712,520.618685553586,7.08440662430992,17.3232166618681,6.80514333356537,121.283522814371,119.925069893144,2484.95799304438,189.232989096546,16.777860554355,0.0631569942681764,0.318111459603722,0.00316912227145961,0.0631569942681764,0.318111459603722,0.436033261136935,0.0675034970159626,0.413805582167733,0.505972692306824,0.209590084108779,0.113946199086025,1.10429249336073e-15,0.10367095490423,0.0585500743841726,0.0412221379643353,0.0466706062233734,0.0475978112323723,0.0521989609298157,0.00948572580698215,0.00284574224311601,0.00137391604182856,0.0014272337227517,0.00118723857199964,0.000984266398090925,0.450447440941395,0.00550891832522017,3.94801618153389e-07,-0.101594327855064,-0.0639873582378624,-0.0430218447899475,0.0648694789799363,-0.043156005665896,-0.0846632502819201,0.0257657876050773,-0.0667436564417413,-0.018568069982175,0.0257657876050773,-0.0667436564417413,0.26716688961012,0.00705573905101848,-0.0537132735175684,0.0667226187279496,-0.001698505153921,-0.0332997243469672,0.0470392771710069,-0.146041254018906,-0.13497232203301,0.00332741234160992,0.0511507177549269,0.0308655727548095,0.0027217788864031,0.00103241813207994,0.117855611841227,0.475216196358809,0.773616020843718,1.40342290161395,1.5167896638128,0.117973973249548,0.112057930776852,1.79999946772531,1.54966233492789,1.50815385275458,1.49357357323436,1.50836991512958,1.65630377298534,1.52031932494983,1.74339692333162,1.50624918405369,1.89658778246054,1.74339692333162,1.50624918405369,7.45291690234636,2.51808636551569,1.48061596820636,1.50619227434556,1.68050991299239,1.92032286949443,2.79739454044894,1.77986716699444,1.72881681679548,1.43181185366824,1.42028354071285,1.48338092317294,1.53599890795244,1.26184572054863,1.62317022890409,2.68061031392499,3.646556594214,5.95865926929641,6.45051506483739,1.73963514528748,1.72054639644886
11.6666666666667,17.6666666666667,1.42,0,0.00165749961573075,0.0158347899191216,0.046078692358146,0.09210168749934,0.153903775342704,0.25708324647675,0.00165749961573075,0.0158347899191216,0.046078692358146,0.09210168749934,0.153903775342704,0.25708324647675,0.00165749961573075,0.0158347899191216,0.046078692358146,0.09210168749934,0.153903775342704,0.25708324647675,0.333333333333333,2,150.000015727529,171.455962920529,-10.4668938058535,619.453806895115,169.126817216957,4876.08811582127,-43.5007832517447,1.67823320487449,-0.542923340277054,-0.0400044578689719,1.75959191750859,-0.122678841693574,1.32931632892407,-0.513977631332153,-101.100003124675,0.172454655223414,3.25038464743256,1173.6656598271,13.9387626288926,1.41834174565149,0.853211738360588,0.496867576294136,0.419141610248932,0.285501551921675,0.208240454119363,0.0388947295104677,0.0102991890540569,0.00632181064472452,0.00645886928444954,0.00779540787417977,0.00894120352046662,5000.00437454432,43.0934579731279,17.3232166618681,32.2601179882678,121.052974852635,117.769778904719,2497.63724080109,678.667348517023,20.7747648851265,0.175396297368715,0.377357744486578,0.0108337320554984,0.2445083381189,0.336712452168936,1.59562261667683,0.357136772470598,1.22902772801928,0.53275135046976,0.389928397072387,0.658815860480269,0.00609046412475006,0.363770369533953,0.216729570035613,0.120191879698542,0.0755978191006978,0.0480078775294529,0.0269537495219822,0.0610488592414651,0.0122881566830513,0.00319875584765246,0.00139179387830328,0.000662750196998329,0.000378234586643578,2.54185415160573,0.00912297518720543,3.94801618153389e-07,0.0124324699920723,0.0117586743000692,-0.0152336134423883,-0.0138856104807268,-0.148271054079178,0.086791648205738,-0.448811418965242,0.0121298030684574,0.0538762002658394,-0.248672710085435,0.0133240360769702,-0.673385366653542,-0.320147584427704,0.114091684035616,-0.0155086078316886,-0.482699083678233,0.483855477246526,0.0701216767626089,0.237852522843808,-0.025151200772356,-0.0250496831051148,-0.0115856702061052,0.0114900800557083,-0.140860877669498,0.0535556495268358,0.0414943122503104,0.0525761490805724,0.207067378224061,0.482572793082626,0.61015449626839,-0.148529357251753,0.0606812584491118,1.79999946772531,1.41277297976541,1.50079539633979,1.5039798142946,1.50636227125677,1.59131728080981,1.44181905271802,2.23579550225272,1.47875120888121,1.72889827515884,1.77991965027347,1.50249482741252,7.13185717360607,2.64226094274196,1.61299202868887,1.50328878492575,2.37635682980353,2.26816450357935,2.6150522911451,1.86953076667476,1.67984879426334,1.68572507838796,1.68603128294883,1.68407654935244,1.77085925755246,1.61142307820676,1.43956918064406,1.5241867168895,1.89636660805714,3.33070519870083,2.98769461470386,1.47915175502615,2.14648814397204
-5,17.6666666666667,1.42,0,0.00165749961573075,0.0158347899191216,0.046078692358146,0.09210168749934,0.153903775342704,0.25708324647675,0.00165749961573075,0.0158347899191216,0.046078692358146,0.09210168749934,0.153903775342704,0.25708324647675,0.00165749961573075,0.0158347899191216,0.046078692358146,0.09210168749934,0.153903775342704,0.25708324647675,0.333333333333333,2,150.000015727529,170.67935631705,-10.1851940943652,619.764326632643,153.031839902093,4797.5937923133,-42.2246147276325,1.60100677012811,-0.527345607749193,-0.0358450588480367,1.6817533590251,-0.114009095505989,0.983072813134049,-0.545593593071554,-101.107773148631,0.156779527688782,3.05473721487345,1173.70013540256,14.3529830226016,1.44323393396521,0.849143099677117,0.490908426205603,0.410255796271221,0.273467492969482,0.19333538173107,0.0196835629199042,0.00995919967576294,0.00659994865118218,0.00634544016248307,0.00792565607749193,0.00912072200812415,5000.00895740027,43.0937339860433,17.3232166618681,23.4129201520008,117.424539068858,117.286825219147,2411.69049129675,392.742098343761,22.671723337719,0.112347978100753,0.331905487134277,0.00638171583177079,0.143939692215963,0.319472746918645,1.63739472487671,0.331245606161586,1.08842338144818,0.506085854814134,0.259740722081882,0.728274918327045,0.00574425648550433,0.216261710806296,0.12914548511488,0.0777032340652562,0.0562980700712155,0.043842931828379,0.0343495639086006,0.0383853563495302,0.00903856128930769,0.00283476077976764,0.00137602811675918,0.00075653696527664,0.000517045587835315,2.88673744735404,0.00990599881571233,3.94801618153389e-07,0.159393703117275,0.00529695734226746,-0.0157488868613712,-0.00454367451695251,0.24015572443307,0.00754216447726753,0.170452609672035,-0.0134223579819803,-0.210285026786014,0.242359188615485,0.00357164832610074,0.497505477466501,-0.0145692725510792,0.135367534329124,-0.00540801411232419,0.239744918204192,0.451010832574426,-0.123998010243975,0.593610029080496,0.304387603631293,0.222708446158891,0.156340139509437,0.145863845389915,0.330745910755826,1.01464788260371,1.11097823810935,0.939084746547573,1.33608665189373,0.24763691406665,-0.702773277705475,-0.196946248710203,0.0626386098716494,1.79999946772531,1.55465663337596,1.49974670161136,1.50244219153225,1.50365087986343,1.68012719468832,1.60495482247659,1.61166561695497,1.47064096428301,1.62791340070388,1.70647460201656,1.49769805549216,6.56990503939124,2.50901730999763,1.80306406642898,1.49725557848339,1.63927062257744,2.11542805963647,2.41501213856132,2.07562662892548,1.75339252748793,1.71911099679907,1.67381200541239,1.69365005043577,2.11876156420845,3.57155820978964,4.01394110930044,4.32266311676054,6.46156524138386,3.78407196092269,3.01409714755401,1.77579766882933,1.93902466473908
-5,17.6666666666667,1.42,0,0.004419998975282,0.0422261064509909,0.122876512955056,0.24560449999824,0.410410067580543,0.685555323937999,0.004419998975282,0.0422261064509909,0.122876512955056,0.24560449999824,0.410410067580543,0.685555323937999,0.004419998975282,0.0422261064509909,0.122876512955056,0.24560449999824,0.410410067580543,0.685555323937999,0.888888888888889,2,150.000015727529,173.762816373295,-11.3010864618269,619.687782522654,169.257527788772,4859.94490157275,-41.6407622122696,1.59644682845537,-0.512943227788772,-0.0353765503593376,1.67305718154359,-0.112374667806478,0.911797639275076,-0.530332348899073,-101.107900218728,0.152742865054682,3.01062701801896,1173.72023747526,13.9699458389751,1.47373804811999,0.882218800124986,0.529959431309239,0.443678898031455,0.268260274971357,0.173877887720029,0.0222237938779294,0.0115121280283304,0.0084733629830226,0.00732732371627956,0.00809829132382043,0.0100823772523696,5000.02843453807,43.0938662639311,17.3232166618681,23.7191044779073,117.667997401889,117.221645530704,2415.31836876519,410.450134995731,22.0284255101981,0.104356254357532,0.34173480540485,0.00686187726794981,0.155049301839008,0.32192365692499,1.64003114892875,0.298007618152111,1.11414316238653,0.510722225776782,0.252637717672528,0.749344008850157,0.00666436290612096,0.216696100130032,0.126739187160655,0.0788785696158018,0.057499620926958,0.0389329080075504,0.026851769524952,0.0401429900233618,0.00960131974687826,0.00336714504872705,0.0023360669402128,0.000966656090612078,0.000739859083119317,2.93657321144169,0.0100274845367165,3.94801618153389e-07,0.156068263482896,0.00517745483361256,-0.0153809410206625,-0.00432286217147063,0.222284880980577,-0.012592902939394,0.221066457964678,-0.0147432506440401,-0.246280460508156,0.181205867729336,0.00248721624394997,0.939319526238607,0.205116736782964,0.112042098412105,-0.00415881218325118,0.189475134893875,0.487836032736025,0.0060815247484042,0.633733039070189,0.299204395891298,0.22009061153628,0.143837037032295,0.132874603382022,0.369548441613076,1.04386604422899,1.10806962107625,0.962777273514664,0.692316354048382,-0.259031791541813,-1.01024209531169,-0.171478526110356,0.0614740145026222,1.79999946772531,1.55354554330631,1.49886611723885,1.50329346407692,1.50215700722742,1.655182009376,1.60549454339097,1.61107565958004,1.4731302697635,1.5657054128381,1.62300179654842,1.49643715776688,7.59675744177122,2.87080756991088,1.76630134326779,1.49610293503436,1.57813337097734,1.95363098475698,2.25174049936184,2.17651511116851,1.75658589959737,1.71981459100252,1.66508439141758,1.69230435824647,2.18590191838938,3.60199165303721,3.96796328002549,4.1422232873638,2.26458633053942,2.30650023707145,3.50933732417615,1.74284107401725,1.91282118193391
-5,17.6666666666667,1.24222222222222,0,0.004419998975282,0.0422261064509909,0.122876512955056,0.24560449999824,0.410410067580543,0.685555323937999,0.004419998975282,0.0422261064509909,0.122876512955056,0.24560449999824,0.410410067580543,0.685555323937999,0.004419998975282,0.0422261064509909,0.122876512955056,0.24560449999824,0.410410067580543,0.685555323937999,0.888888888888889,2,150.000015727529,170.926965941048,-12.2565500979065,619.344557858557,224.071293604833,4892.23685032809,-32.3208810540569,1.70215352567441,-0.537187190917612,-0.0405685147380482,1.78003010103114,-0.131733584701594,1.41819332938236,-0.498288294107906,-101.102479950005,0.187747556362879,3.30685834808874,1173.61462347672,13.2831330069784,1.5251504009999,0.945737704405791,0.591333652744505,0.504909530257265,0.32123636079575,0.217414113113217,0.0283075964998437,0.0116774618312572,0.00793575283824601,0.00891417206540986,0.00707751036350381,0.00887321914383918,4999.99385480679,43.0936006665974,17.3232166618681,23.9534300529996,118.558629937588,117.115213909098,2434.38267079566,426.703452280088,21.3369768707015,0.104705680611952,0.349276175709665,0.00783790805968661,0.164078495664931,0.325635231160617,1.56348918121192,0.277958132256242,1.13623558170126,0.516789772652382,0.256198018579989,0.616957155443506,0.00545969273868844,0.216202652528863,0.126746453751757,0.07969667476386,0.0579374462944568,0.0397007918377767,0.0276105615693395,0.0442153983496615,0.0103175286104884,0.0036580028482152,0.00323452186722506,0.0010601741012299,0.00104659806222158,2.63554701456826,0.00921064237113471,3.94801618153389e-07,0.135455426690726,0.00626142658564995,-0.014480874769259,-0.00520964960507211,0.188548757773501,-0.0376145481455478,0.192710186156192,-0.0132504854003073,-0.249738676391824,0.137109414699648,0.00259925291066635,0.913804861121041,0.30023316687102,0.0874571029956583,-0.00398473537737137,0.10936794799738,0.476476949273484,0.0148035038871987,0.738426159702837,0.300650251106981,0.222275451005424,0.140411383529626,0.135107614758561,0.351636796423353,1.02594143644673,1.11631397010479,0.982822029321639,1.22761886890406,-0.0134837978741266,-0.880881386871033,-0.183853343754146,-0.00621402767298614,1.79999946772531,1.5456520409044,1.49808316817957,1.50447847909326,1.50057169147539,1.61292814905629,1.58834572785839,1.62610433016363,1.47458528523625,1.54460346712819,1.57468477652325,1.49480188294266,7.32121617565336,3.02263139311106,1.71788898813118,1.49449408302215,1.57391904389152,2.34973197498174,2.34164939348692,2.43651926775703,1.75744154599485,1.72200030152079,1.66849130453303,1.69494358762958,2.17970209396656,3.44134045480263,4.01456737077734,4.33632821182287,4.93222279670613,2.17610904675234,3.22584665044194,1.82101298633002,2.09066739729627
-11.6666666666667,22.5555555555556,1.20666666666667,0.166666666666667,0,0,0,0,0,0,0,0,0,0,0,0,0,0,0,0,0,0,0,2,150.000015727529,151.810696802416,-8.80844370076033,620.506343089261,99.9311624414123,3761.96625351526,-42.7034913029892,0.842909124049578,-0.348443423153838,-0.011069609936465,0.91066316008749,-0.05092380451203,-2.10260033861056,-0.999305036246224,-101.080762420581,0.0438868441589417,1.2216182175013,1173.78720966566,19.2590282262264,1.51939183418394,0.978753723570461,0.510803374648474,0.348708238725133,0.157539513592334,0.0455955901115509,0.0941789249363608,0.0102286090326008,0.0062199537548172,0.00602737464847412,0.00588682053952713,0.00629575887928341,4999.97666909697,43.0934704718264,17.3232166618681,30.2118030388483,113.926967118117,117.420970969,2343.92078878892,570.194198558166,19.1923381939565,0.196773188579711,0.36206726533201,0.00519373915185602,0.262003247741425,0.318061468710787,2.84782729218913,0.481940712998835,1.22881995473474,0.504646135340879,0.514056115278069,1.09326867251674,0.00709631176718932,0.357289382877026,0.239027597824625,0.11465830524444,0.0578207011825465,0.0495823490357083,0.0380548793338586,0.120144500930408,0.0182135623164516,0.00383398798203683,0.00109316563357819,0.000419757779334008,0.00115641472785167,3.93251369299531,0.0132073364979888,3.94801618153389e-07,0.138609776037558,0.00468831664670207,-0.000141145820765235,0.0016934329424146,-0.362053796725726,-0.195050597828856,-1.03873540775543,-0.0265176469191618,0.356697939317253,-0.777570411716712,-0.0199046829257949,1.74143944423504,-0.57240765960053,0.458613067405224,0.0177218220172258,-0.985900456319125,-0.188591301864417,0.141433112504396,0.854024712220657,0.22998234390793,0.221986621212656,0.372173317316623,0.252036869452016,-0.974351139994524,0.926041638665007,0.941812650619755,1.36506677080501,1.63252000457213,-0.165383678590495,5.63828160464869,-0.0156779827366709,0.0419666288587857,1.79999946772531,1.46278387225622,1.50600549232004,1.51055409835674,1.50439978161947,1.89001208273008,1.60420617742735,3.04292454939518,1.47443048103629,1.84054291700331,2.40708233483586,1.49518810562442,101.386523676648,3.32571667146232,1.96473334387869,1.49511893289005,2.92984789197005,1.62170164356297,1.98784558002434,2.73558144506981,1.73829172994258,1.69222545830046,1.69312367718488,2.10027543247351,9.26734087896829,2.71989152476338,3.94567999157802,5.85620651025008,7.72624324942113,2.55724021691954,131.739629139616,1.83435384503131,1.84575926660779
-11.6666666666667,22.5555555555556,1.20666666666667,0.444444444444444,0,0,0,0,0,0,0,0,0,0,0,0,0,0,0,0,0,0,0,2,150.000015727529,149.464905738986,-9.00773945422352,619.507478387668,125.507692115405,3674.8188522029,-45.6686220185397,0.799196498604312,-0.34000565987918,-0.0286686928444954,0.86676899785439,-0.0551269433697532,-2.24679866755546,-1.02460746096553,-101.038144984898,0.0503641292469535,1.12408780039163,1173.69971877929,19.4074502655983,1.54497510675971,0.93594658889699,0.464850098948026,0.301051445161963,0.133041610141652,0.00973816206540985,0.072247701414436,0.00972727075804602,0.00617190980106239,0.00607821810228101,0.005826298406416,0.00607850598895948,4999.98937610666,43.0933840224976,17.3232166618681,64.4283614274249,115.716374888795,117.64004130851,2399.05893900918,2155.95795759725,15.0995451161799,1.04477746630211,0.665527167270422,0.0244053469742015,1.18534972846023,0.359786515870394,3.00127813631572,0.831515927717691,2.22747061012648,0.576726905621046,2.58156604042631,0.689753068791044,0.00436823884495108,0.322426967998587,0.149366220589553,0.104309892558986,0.150667606562597,0.169206545919114,0.19517843028381,0.0915930479932881,0.0111165454749565,0.00265692836172963,0.00126928890703014,0.00109020563418032,0.00118572289588398,2.56350420085479,0.00846778890026767,3.94801618153389e-07,-0.157971406066924,0.0170951239885961,-0.0112204763741224,-0.0321931926728242,-0.236448197708242,0.486295639296833,-0.262943354242484,0.0897427787027676,-0.615507626022491,-0.240809423106436,0.0175102260047828,-0.153744034622753,-0.429373953293412,0.209506350741396,-0.0152132895349137,-0.255934020276123,0.370577529829342,-1.10936607996298,0.910943704314601,0.449210072788314,-0.293090534406695,-0.497644480008135,-0.335545784674888,-0.455959721656375,0.775269048814303,1.16203130071917,0.793182382960671,0.762117599016066,1.89788792350584,4.09214019681369,-0.0380255181625644,-0.0187474480704435,1.79999946772531,1.543101771682,1.51035138441552,1.5075619509233,1.51864794400008,1.63355666265608,2.12092197312381,1.66749322789398,1.55540653120821,1.87762524827177,1.65800557526087,1.50976680779046,25.155426556082,2.50635225628862,1.48161216982944,1.50794657941921,1.67494736451123,2.27096517066512,2.27629581639547,2.82884398529596,1.61192501218946,2.1819758809076,1.83092397718223,1.61940187676152,1.71029809992973,2.26157188767052,4.07657193463933,2.03820085421814,2.39796766356768,15.473388812847,100.361295291169,1.67229903836105,2.2854833284424
5,22.5555555555556,1.20666666666667,0.444444444444444,0,0,0,0,0,0,0,0,0,0,0,0,0,0,0,0,0,0,0,2,150.000015727529,141.732249837517,-10.5771167128424,618.569992709093,194.194564441204,3347.8702483283,-46.7114508588689,0.606339953145506,-0.280979072783148,-0.0468583005936881,0.666076452369545,-0.0540793021351943,-2.99336883343402,-1.16436626539944,-100.968466826373,0.0464715624309968,0.661229317362774,1173.65545255703,20.2218873034066,1.49182145609832,0.925228663680865,0.462900750968649,0.289827333356942,0.117529211030101,-0.0191329821383189,0.0735795038829288,0.0106343313615457,0.00630398488167899,0.00611537760649932,0.0061530907197167,0.00603907145089054,4999.99073013228,43.0935090094784,17.3232166618681,99.0756633020885,119.162530670708,116.970369540796,2485.63821554308,3341.83879409468,28.544571778088,1.53065480608865,0.9100675315045,0.0371206317104541,1.73571127078608,0.397998807619264,4.00522606606946,1.19470246068816,3.06072911098,0.638674128797062,3.72404471523852,0.696137936720618,0.00414077868941469,0.333865256693607,0.361249210923555,0.317715728281303,0.302376519495883,0.279649701367806,0.270852162236962,0.0891727065971602,0.0214849782209334,0.00755176844746916,0.00349532794407444,0.00201385240216521,0.00159920274619446,2.22706306465141,0.00875286542772448,3.94801618153389e-07,-0.128704911134492,0.0475118437703156,-0.0300178561422828,-0.0898878730905527,-0.12410690820566,0.402462315816984,-0.133414202708914,0.0727433734595501,-0.538844644264818,-0.123833126401253,0.0698881027160294,0.00494917788703345,-0.230213350503727,-0.094151366707039,-0.0691458649653957,-0.135287136918471,0.584681938386224,1.19653986036746,0.352998281159815,-0.0331950904929927,-0.0285685139532981,-0.0694664516682483,-0.0668078463353507,-0.220053217065619,0.349540847148456,0.177277559266893,0.330423303845791,0.405089938494535,2.8134211463801,4.75049246592925,0.308439391813255,-0.100705394137923,1.79999946772531,1.55230625309883,1.51437226797143,1.51210395469056,1.53369339465693,1.57868465390353,1.76135392993071,1.59704585340077,1.55291876723004,2.05306350530966,1.59464939894279,1.51737434422987,57.8589841603688,1.999565616165,1.50382765940818,1.51700541917162,1.6039878227468,2.19695600257446,3.57339259226328,2.24205987030827,1.64459400103652,1.57181557435282,1.53616777195506,1.56041740772761,1.57551918116979,1.97681611399544,1.73189958282804,2.1453499848639,2.35112793317107,68.0198203060127,154.515016633925,1.90031799076938,2.22850429327142
5,22.5555555555556,1.38444444444444,0.444444444444444,0,0,0,0,0,0,0,0,0,0,0,0,0,0,0,0,0,0,0,2,150.000015727529,143.397065251536,-11.9248694094365,618.088896989897,223.201625748151,3183.33897242996,-57.1823468388709,0.388605984616186,-0.191040014148735,-0.0550757005520259,0.431036589053224,-0.041429155792105,-4.00294652923654,-1.28869256069784,-100.901863347568,0.0191309941776898,0.0382490485366107,1173.69659410478,20.6887990834292,1.47355196333715,0.88023843349651,0.418920218199667,0.245115116933653,0.0721690518800126,-0.064261421898344,0.0645357480487449,0.0102894614923237,0.0063235917915842,0.00610805895219248,0.00610889782314343,0.00612468055410895,4999.98750130195,43.0933131965423,17.3232166618681,110.755005998978,118.850215078014,116.112228521061,2472.47353228381,3761.45255401128,31.1797830416352,1.72028166866252,1.0078374703643,0.0397833838086776,1.9519214771238,0.406321785924124,4.24827934874245,1.34785954600467,3.42304996744972,0.653790812766371,4.19411091351476,0.689442606025144,0.00329857027005337,0.344421121857853,0.360166833226001,0.312994536077548,0.298671929188982,0.274751412940016,0.26889361532617,0.082025726396712,0.0202977887285984,0.00685742094383815,0.00313810230816719,0.00191579179591311,0.00166466919991066,2.39940314097923,0.00822032046464598,3.94801618153389e-07,-0.135565925950631,0.0525672244849423,-0.0409829017107371,-0.0994011651809757,-0.127879245353195,0.395231749672661,-0.144138326454493,0.0901107767485308,-0.183825403963976,-0.135947062756413,0.0771767507416548,0.0664273004094802,-0.385210966429238,-0.142108362285272,-0.0778463554652369,-0.15027296849046,0.460487932722132,-2.20606034241683,0.271292399086951,-0.038283826803363,-0.0171047824794961,-0.0615853114522364,-0.0773532434286825,-0.232204127324304,0.329563923278845,0.207338104420106,0.347049399347021,0.455965641764701,0.275872753359834,0.976277437222472,0.431813164682361,-0.223556392676154,1.79999946772531,1.5534609304509,1.51542988301421,1.51219338032679,1.53839422269659,1.57282887781339,1.74623381989266,1.58911045066586,1.55563268414198,1.60115685896168,1.5871102952555,1.52263338110002,7.41384250544722,2.08257546994703,1.55144829347083,1.52323184735463,1.59615433842139,2.17787414757373,6.38435063051844,2.13281650711206,1.62853899026492,1.56267644276269,1.53620348650152,1.5705995396648,1.56653025332401,1.96685698071722,1.73201501381827,2.20738183629455,2.3330769136513,3.15541340791324,10.4413659121118,2.89391217806487,2.18578644230558
5,22.5555555555556,1.38444444444444,0.444444444444444,0.00276249935955125,0.0263913165318693,0.07679782059691,0.1535028124989,0.256506292237839,0.428472077461249,0.00276249935955125,0.0263913165318693,0.07679782059691,0.1535028124989,0.256506292237839,0.428472077461249,0.00276249935955125,0.0263913165318693,0.07679782059691,0.1535028124989,0.256506292237839,0.428472077461249,0.555555555555556,2,150.000015727529,150.375731889386,-11.4198819508385,618.22618477242,155.628184199563,3418.80466754505,-55.4812952046662,0.488621294161026,-0.211160769503177,-0.050072092802833,0.531538887899177,-0.0283928469753151,-3.66399280683262,-1.19475834005729,-100.937200291636,-0.00199665790021873,0.246724071406104,1173.72159150089,20.3143974585977,1.48740602020623,0.912916342047703,0.457376381356109,0.283648404560984,0.0847439206112905,-0.0491917708704385,0.0725686104978648,0.0122270756125404,0.00651441867128424,0.00793187345068223,0.0093810030205187,0.0149007797104468,4999.99833350693,43.0934173523595,17.3232166618681,106.846259699997,119.468462622673,116.610185669118,2498.24426460294,3603.63078880032,32.0942177722858,1.6221354170781,0.96012881478749,0.035826909212944,1.84053537868311,0.406918507783092,4.06360352518167,1.19689575929471,3.2497122331549,0.652945570330043,3.92356475100832,0.679062932916465,0.00496382012237318,0.335590929905126,0.355679549964737,0.318551692701934,0.305049836242819,0.25924881481,0.249262632313742,0.0883908431023582,0.0214089802168269,0.00786071747918252,0.00417399182719166,0.00254791366254073,0.00750124939451122,2.32020054216111,0.0087188533094063,3.94801618153389e-07,-0.170292988570977,0.0468793496043663,-0.0390253916027955,-0.0868649395496326,-0.169728940791515,0.316263839895063,-0.196130659217447,0.132908817201126,-0.205171624226633,-0.188694453173862,0.0792833686363698,0.116809955416956,-0.453739662129952,-0.109945476653139,-0.081617860759086,-0.207889252806218,0.387758910995841,0.24278590646066,0.34029806137021,-0.047236312071954,-0.0137846756187588,-0.0434559428930957,-0.112877965587178,-0.263318188033985,0.356131626471913,0.226866561844963,0.451755838312963,0.490820194145709,0.218657433312086,0.657120767544884,0.153745772920592,-0.144263929642078,1.79999946772531,1.56512037521064,1.51447984331513,1.51122419718361,1.53184846356056,1.58666234812617,1.72601933611811,1.60350173296828,1.55610368845503,1.6632887123299,1.59915839281216,1.51603651097082,6.98912196012625,1.95663740588951,1.56773218945103,1.51736244508697,1.60870958946572,2.1971263932582,1.05894499634508,2.22008398486275,1.63659309688632,1.56924392281315,1.53344794322745,1.59402377750284,1.56357852300329,1.98837357709391,1.70781191784254,2.26659899274436,2.59162688837539,2.46971974771311,1.80518192831516,2.24835311264072,2.12025770655899
5,10.3333333333333,1.38444444444444,0.444444444444444,0.00276249935955125,0.0263913165318693,0.07679782059691,0.1535028124989,0.256506292237839,0.428472077461249,0.00276249935955125,0.0263913165318693,0.07679782059691,0.1535028124989,0.256506292237839,0.428472077461249,0.00276249935955125,0.0263913165318693,0.07679782059691,0.1535028124989,0.256506292237839,0.428472077461249,0.555555555555556,2,150.000015727529,241.719591709197,-33.6480408499115,551.955171336319,1036.13333944381,8519.59493802729,-10.0939443332986,4.54902114363087,-0.467289338992813,-0.293680189563587,4.54902114363087,-0.467289338992813,11.9808562649724,-0.512119925007812,-91.6030142693471,0.773427667742944,9.98133840224974,1123.16883657952,8.40710530153086e-19,1.28560517654411,0.992345932715343,0.827379616706592,0.874547609623998,0.806320591605041,0.745843297573169,0.0137106478246016,0.0108794315277575,0.00605173514227685,0.0117476973231955,0.0132887076346214,0.0187747609623998,3583.39381314446,32.270746797208,17.3232166618681,29.19753907438,127.13095486699,123.853700761281,2676.29349631139,1232.82879081818,37.5741769267162,0.755124822649916,0.383126079867487,0.0940674412279423,0.755124822649916,0.383126079867487,1.78720206653578,0.174094563078741,0.843625914767437,0.614949546867524,1.65407092664366,0.374627023489313,1.35876585048618e-15,0.207401667783175,0.168311765397479,0.159323331670808,0.158678467409873,0.135727966313075,0.11293801474297,0.0284034461658331,0.0120058331493086,0.00700760923212174,0.00639833254836124,0.00489051332447928,0.00562214328826584,0.992471268516817,0.0046630804376661,3.94801618153389e-07,-0.350419070803269,0.0196425035702658,-0.0429706052150264,-0.0183038470584726,-0.286650464581284,0.0548619614587454,-0.283074683689417,0.0144080263547032,0.162341108096034,-0.283074683689417,0.0144080263547032,-0.454565144216046,-0.973817720870682,0.0966765255808116,-0.0154223895430342,-0.288323917674143,1.76805541168895,-0.00413020804698578,-0.00810992154294836,-0.0177139347424697,0.0455355967637993,-0.0530389475720473,-0.158850323925222,-0.245562380191014,0.0988421806104768,0.177925739904753,0.18539605988274,0.105396449572562,0.00380439269282805,0.401913124021791,0.119873128479795,0.25204768803955,1.79999946772531,1.7311769655232,1.4940718796383,1.5039446701313,1.49505125886832,1.64447378774925,1.59606893115872,1.60008659846615,1.49480626365273,1.51892691710959,1.60008659846615,1.49480626365273,2.70441864177006,3.67678297636285,1.47456304754477,1.49597765432669,1.59740637955072,4.12601993880361,2.60927429308843,1.68550335698498,1.63483178443213,1.5847102970003,1.53768133529689,1.55477118921776,1.57157989362456,1.3307594101977,1.40993152843023,1.50846172865939,1.6336051636346,1.61816134982446,1.7489037539673,2.69413134109717,4.40132488171426
-15,15.2222222222222,1.17111111111111,0.166666666666667,0.00165749961573075,0.0158347899191216,0.046078692358146,0.09210168749934,0.153903775342704,0.25708324647675,0.00165749961573075,0.0158347899191216,0.046078692358146,0.09210168749934,0.153903775342704,0.25708324647675,0.00165749961573075,0.0158347899191216,0.046078692358146,0.09210168749934,0.153903775342704,0.25708324647675,0.333333333333333,2,150.000015727529,197.103749609416,-17.9010544109988,613.567336735757,450.800874356838,6355.95490053119,-18.922222822831,2.88696594104781,-0.673606655556713,-0.119388537652328,2.95364014165191,-0.253596794297677,6.39313821476929,-0.248552671679825,-100.868232475784,0.404877435048433,6.16559670867618,1173.56525361941,8.22637818977191,1.4553751692532,0.975987897094051,0.679805582751797,0.652286386834705,0.55523873554838,0.485178648057494,0.039298872498698,0.0107007256533695,0.00609086650859286,0.00654937436725341,0.00846568159566712,0.0104237633579836,4999.9750026039,43.0934933861055,17.3232166618681,23.4933547453097,122.608740269046,118.401999506624,2546.72636932243,721.950580132274,27.9264653369548,0.391009163344075,0.405500278858915,0.0352698190564962,0.435387436860527,0.357438198160303,1.53752722040907,0.283814540467862,1.2447399956548,0.571824737477735,0.908721190651548,0.49574949649461,0.00578476620942735,0.336716423505552,0.145772562316568,0.0589385937692469,0.0231873562231825,0.01943516846748,0.0327759726254929,0.068550099245042,0.0116686946950784,0.00317604454679032,0.00167626044454308,0.00106118691899477,0.000945770275597121,1.87366620962681,0.0072903462853408,3.94801618153389e-07,0.0373707427994175,-0.00033638677353873,-0.00542100306454967,0.00735627557995551,-0.204924851141152,-0.11049156615434,-0.275145447531323,-0.0491136430242461,0.036267025195555,-0.202030208992299,-0.0290546433785198,-1.11667782641698,0.0419537046537134,0.128742133874064,0.0295568261559704,-0.27371522162005,-0.263266098759201,0.0741530493238217,0.69192327373901,0.16792821454134,0.00924553884368067,-0.322745807154074,0.0492830703589757,-0.223891592353312,0.947528081386835,0.641572323241233,0.950911633257663,0.662322797323388,0.0678854416447827,-0.390731974419319,-0.191635828455433,-0.271704309269003,1.79999946772531,1.46663776626886,1.49710554271271,1.51055034242385,1.49812429129545,1.68141422236771,1.57713754920206,1.75031624750474,1.47697401759398,1.61274811181881,1.67640252460146,1.49040663649969,4.475009336532,3.2260886256477,1.53064688909171,1.49018097711496,1.76069611929389,1.06930903875603,1.97099788563075,2.37244094970471,1.72825562895627,1.67452804194992,1.57612165340009,2.75003960419395,2.41992585789676,3.56455716264884,2.99667059771628,5.22324236932806,8.85206401340086,8.15543712120753,4.73055239007393,1.78176494777217,2.4307689832559
-15,15.2222222222222,1.17111111111111,0.444444444444444,0.00165749961573075,0.0158347899191216,0.046078692358146,0.09210168749934,0.153903775342704,0.25708324647675,0.00165749961573075,0.0158347899191216,0.046078692358146,0.09210168749934,0.153903775342704,0.25708324647675,0.00165749961573075,0.0158347899191216,0.046078692358146,0.09210168749934,0.153903775342704,0.25708324647675,0.333333333333333,2,150.000015727529,195.317800229143,-17.8098156962817,613.096417039892,455.500189146964,6281.5462972607,-22.1054564749505,2.83901603999583,-0.668302295757734,-0.127125145297365,2.90567878346006,-0.252298752750755,6.19877610665556,-0.252649457514843,-100.854756796167,0.402095366201437,6.05187303405895,1173.65066138944,8.28375835850431,1.447333715238,0.946325434850537,0.65318404332882,0.626007488803249,0.527955473388188,0.458645599416727,0.0246635195188001,0.0102789432871576,0.00603551498479326,0.00648001937298198,0.00805930600979065,0.00949433933965214,4999.99687532549,43.0936725341104,17.3232166618681,46.741408800554,124.863791283941,121.220025099312,2629.8059178399,1721.61885673989,25.0486943799937,0.956023474014991,0.506333989650563,0.0784088539931758,1.00719581767525,0.394847149590584,2.3834910231082,0.376759958891684,1.5052219540486,0.635095643583999,2.19774146687734,0.476785929883756,0.00409241411702329,0.258246701087428,0.0677605556881558,0.0671274963653106,0.10320724042529,0.121634581086682,0.130583990530909,0.0491913080608445,0.00680533766994156,0.00282699861256438,0.00272368009712955,0.00196222847025346,0.00186606126519512,1.32970494298251,0.00548393911843396,3.94801618153389e-07,-0.141986752836201,0.0023160599770556,-0.00901271653849014,0.00130801352223888,-0.175465911338284,0.00757137043134615,-0.172919916500384,-0.0185976883690346,-0.138546064979732,-0.158255797947348,-0.0226370428856854,-0.33471924880792,-0.412501096916438,0.0946372576167004,0.0242733031101426,-0.170831331742565,-0.632020480212258,0.00911385513778362,0.625783431472024,0.478982351802918,-0.880032055192919,-0.558653982180916,-0.464106366909068,-0.401793389233955,0.913876773996092,0.934425599407268,-0.0970534426950462,0.281774115372055,-0.324435123454162,-0.430744360882485,-0.0224592761556321,-0.0823806887592565,1.79999946772531,1.56801830527766,1.49603216913383,1.50855873223705,1.49875810735408,1.60090927780865,1.7107989428679,1.59665817055184,1.49532133548646,1.53391100434366,1.58864659926984,1.49523149679666,2.15894232902412,2.37981750465994,1.46819122774521,1.49565244799372,1.59603248548012,1.39944988740741,2.30065218076345,2.22523294040794,1.77801232379298,2.61080027196134,1.82863470657521,1.70440704598212,1.6842100407301,3.52197211677335,3.98614733607416,2.62621627961015,2.29740063498137,2.08769452906407,2.26024400449372,1.73385306745765,2.14544968348522
-15,15.2222222222222,1.34888888888889,0.444444444444444,0.00165749961573075,0.0158347899191216,0.046078692358146,0.09210168749934,0.153903775342704,0.25708324647675,0.00165749961573075,0.0158347899191216,0.046078692358146,0.09210168749934,0.153903775342704,0.25708324647675,0.00165749961573075,0.0158347899191216,0.046078692358146,0.09210168749934,0.153903775342704,0.25708324647675,0.333333333333333,2,150.000015727529,194.068117904385,-15.2918240923446,613.947484637017,359.167330496823,6125.9683366316,-32.7014857676179,2.66610103114259,-0.667103775416102,-0.115748094990105,2.73915365066139,-0.223936045276534,5.45266870998854,-0.25578813381002,-100.903363191334,0.352342813679825,5.62532694510989,1173.67138839704,9.37422424747419,1.36389730236434,0.848723133006978,0.562249661493595,0.53397478387668,0.435672117487762,0.372671305072388,0.0190983588263723,0.0099579671798771,0.00618261100926986,0.0066328209561504,0.00802205853556922,0.00920738173106967,4999.98729299031,43.0936912821575,17.3232166618681,50.7535513647512,124.002262673401,121.165123919176,2606.34525551582,1854.15696247576,23.7609493739431,1.01756444359803,0.531983135486904,0.0781639789562738,1.07830552595431,0.394580201463191,2.52193274924266,0.413059187883411,1.60633103240972,0.635182710387441,2.35528539540857,0.469732902015806,0.00399416495220432,0.249106293983305,0.0679380285874555,0.0661223630550145,0.100699051264345,0.118991332915229,0.127765687207313,0.0433935927723482,0.00603952370993831,0.00245665432747734,0.00212833754947435,0.00152007193007926,0.001637293710287,1.47070170839812,0.00563083919438117,3.94801618153389e-07,-0.159995344633213,0.00264583594676238,-0.0130144805672954,4.4288789630721e-06,-0.193706487126586,0.0484926517200526,-0.192858610271972,-0.00333892326485734,-0.159157767713888,-0.177611966174414,-0.0189024388378684,-0.306129790006742,-0.154976993756516,0.109362424409742,0.0201573988109122,-0.189840163093468,-0.729765032651312,0.00166549172531434,0.535645013581141,0.480695896030599,-0.846963401449727,-0.547962886760531,-0.454971572686302,-0.404760797541343,0.70958036418449,0.950381188620656,0.152518612701014,-0.0065529929299631,-0.757141504954928,-0.600849725114019,-0.0362323806096074,-0.180623418598674,1.79999946772531,1.57189117030529,1.49641126729386,1.50705243517356,1.49954758932782,1.60414331276354,1.75766788844227,1.6010014996458,1.50050047995683,1.52902599980347,1.59262262468764,1.4967718734909,2.14439315466615,1.81662803112135,1.47161480053162,1.49735425192286,1.60010747035831,1.53255700288067,2.09561636521734,2.04380291904108,1.75899089078505,2.57127772654116,1.81909767505966,1.69527322514535,1.68593381856169,3.17295390752312,3.88772832862688,2.32679505676054,2.22558468449556,2.64881425524935,2.68616274004744,1.72248878969671,2.22014944553753
-15,3,1.34888888888889,0.444444444444444,0.00165749961573075,0.0158347899191216,0.046078692358146,0.09210168749934,0.153903775342704,0.25708324647675,0.00165749961573075,0.0158347899191216,0.046078692358146,0.09210168749934,0.153903775342704,0.25708324647675,0.00165749961573075,0.0158347899191216,0.046078692358146,0.09210168749934,0.153903775342704,0.25708324647675,0.333333333333333,2,150.000015727529,47.833696489949,-1.78098978127279,203.607908551193,37.6151659202166,1631.3178835538,-19.796431621706,0.938920122903864,-0.0675641941037392,-0.0143014585980627,0.938920122903864,-0.0675641941037392,-0.203372046710759,-0.030611751763358,-33.1510696802416,0.117829073190293,2.14495010936361,672.121664409963,3.57346141026978e-19,0.185729996875326,0.152552232059161,0.176036131652953,0.259758025205708,0.312780845745235,0.383398260597854,0.0120111821685241,0.00805530226018124,0.00599741026976357,0.00599344349546923,0.00742571669617748,0.00876372586188939,13.5664514113113,0.204184220393709,17.3232166618681,4.32685720856244,122.173155671067,120.42387347373,2529.15988590924,201.320095924012,6.78119940954524,0.212690517823691,0.342637590829444,0.00610244278426162,0.212690517823691,0.342637590829444,0.26985178735186,0.0533920039515744,0.365154378651448,0.54900056962142,0.444265821456965,0.0550509259770127,9.2423601712305e-16,0.0144802976089492,0.0279191966807543,0.0328637169419812,0.0502510579741009,0.0630579556403047,0.101397043051967,0.000478473710788105,0.000239925722195292,0.000226717182701314,0.000405442420849883,0.00080790906417776,0.00187415946150058,0.15917698469503,0.00238836937464766,3.94801618153389e-07,0.292491645738732,0.0171951062125818,-0.0152033887373969,-0.0161035141422114,0.0350301826675645,-0.405878282802369,-0.0194482489764474,0.007094398634817,-0.293691460573759,-0.0194482489764474,0.007094398634817,-0.918441508697569,-0.27790310418135,-0.0261387524607153,-0.00560926933316741,-0.103540930808511,0.0571167088326042,0.0948627600534849,-1.07175977170429,-0.507388937393083,-0.166774899948673,0.0160892953303934,-0.0211983860122659,-0.365831398515644,0.324573695404238,-0.246218439389305,-0.456625560201798,-0.438172520466709,-0.241804212886325,0.00979556286053645,0.33355357200322,0.334011574060114,1.79999946772531,1.62521695649543,1.50759040108842,1.49587334640902,1.5074405977816,1.49556655446055,1.66876267631723,1.49950492368087,1.50394322145737,1.6452016314856,1.49950492368087,1.50394322145737,4.04787263510826,3.16754034959079,1.49824599829582,1.50310734700111,1.54762398205216,2.7679245170368,3.93418664617156,3.75417089967351,2.06970354232152,1.58919028938903,1.47531751087545,1.4964143220896,1.95466717610877,3.75505302903553,1.43148230431621,1.75905187219232,1.90173330224076,1.58110472770583,1.765631770327,1.61716431584883,1.61696772286527
-15,3,1.34888888888889,0.444444444444444,0.004419998975282,0.0422261064509909,0.122876512955056,0.24560449999824,0.410410067580543,0.685555323937999,0.004419998975282,0.0422261064509909,0.122876512955056,0.24560449999824,0.410410067580543,0.685555323937999,0.004419998975282,0.0422261064509909,0.122876512955056,0.24560449999824,0.410410067580543,0.685555323937999,0.888888888888889,2,150.000015727529,46.0914519320905,-1.56022814915112,204.277564836996,34.2827879179252,1536.4573481929,-20.3927851265493,0.849605509842724,-0.0613566093844392,-0.0116426126445162,0.849605509842724,-0.0613566093844392,-0.336430453015311,-0.0277401026047287,-33.225029684408,0.105404020029164,1.9121601916467,672.876596187894,8.89646144984899e-18,0.185063253827726,0.150922163316321,0.181186751380064,0.270766982605978,0.290462805957713,0.328106051452973,0.012011029059473,0.00809103239245911,0.00599747224247474,0.00611632371627956,0.00753700489532341,0.011767108342881,18.5164545359858,0.278365982710134,17.3232166618681,3.33917471652906,122.220737759039,120.254911872943,2526.66632360245,144.534689025422,6.43221218203831,0.163208544767924,0.338584744400261,0.00427458971927942,0.163208544767924,0.338584744400261,0.216802322313182,0.0492257253708048,0.360923845923547,0.541387845908193,0.3218398038403,0.0617211162377581,9.14870165568167e-16,0.0145235623067542,0.0280712319977528,0.0341030689521601,0.0516829473544044,0.0550955086720698,0.0691673555425613,0.000470071296996133,0.000238812376434136,0.000242973239449975,0.000441429452636758,0.00117200729105605,0.0058909575501063,0.178081708892808,0.00266524760327899,3.94801618153389e-07,0.201192068871398,0.0164946365585126,-0.0157481337964702,-0.0160263554068882,0.016116200642013,-0.36789988235201,-0.0012580777151321,0.0109647422330493,-0.301932446420468,-0.0012580777151321,0.0109647422330493,-1.36316388094071,-0.13256943818845,-0.0297672588761288,-0.010208332383216,-0.0789746292646051,0.196620275821458,0.162428966728965,-1.07631277859195,-0.501070091669722,-0.181979043953641,-0.0150167632563316,-0.0795148019463296,-0.502554760377202,0.36721260097546,-0.205060898557874,-0.463623367310811,-0.512391719551242,-0.063835654725436,0.298391326623452,0.204728721303543,0.204922109250394,1.79999946772531,1.57654109440226,1.50668149964928,1.49985810421202,1.50650608869116,1.49127853325109,1.62325241489002,1.46903607124194,1.50428008527175,1.71008898775053,1.46903607124194,1.50428008527175,6.56533084488268,1.86712624619611,1.49988480103873,1.50379482832562,1.53023386888403,2.41757929862722,3.80118654350974,3.73867883173372,2.02696930106372,1.58775908187481,1.48816820778858,1.51379502350276,2.01472398514922,3.74585153290453,1.40055780544168,1.7015022328037,1.82251033593187,1.51050835233548,1.45932277396164,1.69568325318334,1.69578455772846
1.66666666666667,3,1.34888888888889,0.444444444444444,0.004419998975282,0.0422261064509909,0.122876512955056,0.24560449999824,0.410410067580543,0.685555323937999,0.004419998975282,0.0422261064509909,0.122876512955056,0.24560449999824,0.410410067580543,0.685555323937999,0.004419998975282,0.0422261064509909,0.122876512955056,0.24560449999824,0.410410067580543,0.685555323937999,0.888888888888889,2,150.000015727529,47.2936433704822,-1.24354407040935,205.084713050724,28.8970178314758,1580.20570773878,-19.4720237475263,0.871781324861991,-0.0622130181960211,-0.0119757308613686,0.871781324861991,-0.0622130181960211,-0.309365677387772,-0.0288370412667431,-33.3595740027081,0.10683967180502,1.95992125820227,674.23827726279,4.80821093115299e-18,0.214300885324446,0.174416302468493,0.198915092177898,0.288036183730861,0.305277179460473,0.340054952609103,0.0120207332569524,0.0080762325799396,0.00600340318716799,0.0061122831996667,0.00725013363191334,0.0123997298198104,27.2774877616915,0.409250859285491,17.3232166618681,1.36842063597741,122.301215763952,120.071891030711,2524.594901633,97.9709644099633,7.11624436865655,0.121141054466455,0.33339238459409,0.00329139877069996,0.121141054466455,0.33339238459409,0.249927455138874,0.0503092769425923,0.355558416096995,0.532182420949813,0.255547035068726,0.0678563939556827,9.29054293478795e-16,0.0451909373778761,0.0501292814124739,0.0464379122942032,0.0522328956152274,0.0529567109868402,0.065812743373247,0.00104750009138181,0.000499296927527536,0.000376190992917615,0.000468983025077057,0.00117846925675633,0.00606802055333904,0.249928115667786,0.00372590782297436,3.94801618153389e-07,0.301199164916618,0.0129891488430115,-0.013347842042095,-0.0115373171641925,-0.560990598393476,-0.190940224561954,-0.176528757092614,0.00437357702662243,0.149778665666828,-0.176528757092614,0.00437357702662243,-1.22908355516344,-0.0334514858079542,-0.0231589416512301,-0.00328891711457558,-0.316347881856279,-0.608595188414409,-0.0277212500692017,-0.301899289650626,-0.162566458219205,-0.128131607208804,-0.129567850573204,-0.12500832498574,-0.606284858146283,0.041503127806811,0.0461573581043335,0.140840524207691,0.123147354602352,0.016890850947131,0.0785362851980151,0.0489065804582764,0.0491285877764186,1.79999946772531,1.72793943180059,1.50328174464641,1.50400943839873,1.50303937081594,2.22747297374067,1.58074707539737,1.63751400850322,1.50034410403843,1.8744031823579,1.63751400850322,1.50034410403843,5.91695282763293,1.83311703651619,1.49789524542086,1.49982154094454,1.79371552262432,2.3378762519021,3.85235463096044,1.87749511585041,1.68168972844172,1.61391325287423,1.57666411857463,1.54878882275447,2.05161745171121,1.27714588107279,1.43782834647822,1.48352462864942,1.44880538843938,1.54250786161988,1.33689627322853,1.56651745797565,1.56619730618787
-8.33333333333333,10.3333333333333,1.13555555555556,0.277777777777778,0.00497249884719225,0.0475043697573648,0.138236077074438,0.27630506249802,0.461711326028111,0.771249739430249,0.00497249884719225,0.0475043697573648,0.138236077074438,0.27630506249802,0.461711326028111,0.771249739430249,0.00497249884719225,0.0475043697573648,0.138236077074438,0.27630506249802,0.461711326028111,0.771249739430249,1,2,150.000015727529,175.025007811686,-25.3686622008124,428.739818768878,769.078429403187,5978.09603166337,-1.36842740766587,2.99775315071347,-0.31663867435163,-0.1244133142381,2.99775315071347,-0.31663867435163,4.85666753463181,-0.263186749504218,-70.6621778981356,0.514678121366523,6.41305811894594,982.635985834804,3.82420666836787e-17,1.59257389855224,1.21775575460889,1.03879217789814,0.994921508176233,0.84519324028747,0.679172367461723,0.0256216137254349,0.0133107534965316,0.0125757789556296,0.0219885957712738,0.0261779606291011,0.0405515050515572,2398.91886261848,24.6956171232161,17.3232166618681,12.07940562152,123.57210170422,121.081159329224,2571.21088195941,560.505165700513,25.4026183051901,0.359013478009414,0.350184749821786,0.0301579799129741,0.359013478009414,0.350184749821786,0.951570762102639,0.131536555039404,0.738823907763067,0.559906603964052,0.762839317094478,0.212018300623618,1.37193768527817e-15,0.140589600662626,0.0445737827518386,0.0575111544457538,0.0576842538708948,0.0529351280571468,0.0443701765442918,0.0331045796298501,0.00705673025612491,0.00477752583334725,0.00451381393802436,0.00627936445388383,0.00866177164658019,0.894531650024315,0.00539452408449939,3.94801618153389e-07,-0.379658909889075,0.000258377656823991,-0.0182515615021176,0.00447088995490948,-0.250762067254116,-0.00927411656860738,-0.14716841130127,-0.0215144218595865,0.0387226931573755,-0.14716841130127,-0.0215144218595865,-0.775799595519489,-0.332377814511323,-0.011514746194274,0.0222401396494607,-0.175654760642683,0.00883099131328333,-0.0011568197216964,0.816354857839685,-0.340808496113698,-0.822701578880169,-0.641985948825762,-0.5777968405752,-0.558922092068473,1.23566087208313,0.557317687503735,-1.54973672501403,-1.29081765095674,-0.657809643828738,-0.707793490798171,0.0739269157039835,0.181590820438267,1.79999946772531,1.96509356018433,1.51282769372807,1.49402385720494,1.51383113651637,1.75089607549489,1.56905314980901,1.6494489427371,1.51057439864612,1.59931431014732,1.6494489427371,1.51057439864612,3.80480185464376,4.21347023910181,1.47975438797651,1.51054373839375,1.66626482350446,1.91512136666839,2.62431472043331,2.46053666005075,2.66766362923484,2.66897197715477,2.10403277023622,1.88822135837433,1.86640870290961,3.62346656075531,4.62534854742561,5.13536736458853,4.11527552559416,2.1239871061247,1.97830892315536,2.29571886898834,1.89879429848468
-8.33333333333333,22.5555555555556,1.13555555555556,0.277777777777778,0.00497249884719225,0.0475043697573648,0.138236077074438,0.27630506249802,0.461711326028111,0.771249739430249,0.00497249884719225,0.0475043697573648,0.138236077074438,0.27630506249802,0.461711326028111,0.771249739430249,0.00497249884719225,0.0475043697573648,0.138236077074438,0.27630506249802,0.461711326028111,0.771249739430249,1,2,150.000015727529,151.926135819186,-9.34425104155817,620.204634933862,112.294642279971,3779.18206436829,-38.7873492344548,0.867037206425581,-0.35533888288647,-0.01553167609624,0.935503905009895,-0.0534074637818978,-1.96884375804604,-0.974742736940944,-101.079756275387,0.0492895784293303,1.2997375362181,1173.65732736173,19.0184355796267,1.59630080199979,1.00877911675867,0.550546078533487,0.371743703780856,0.150290186965941,0.0368031009483387,0.0772639626717009,0.0125272682325799,0.00887522872617435,0.0066596571190501,0.00943364378710551,0.00995298656389959,4999.97552338298,43.093365274451,17.3232166618681,44.1523936599126,115.743912997625,117.53107509459,2389.81620469256,1214.57645788869,14.5058410628774,0.501207390864012,0.464551989184853,0.0120478732469036,0.595151696692216,0.335868838649561,2.49166935827466,0.540808672913466,1.56078515329907,0.533624139078992,1.22101602143658,0.977166770785447,0.00680151948402687,0.270313020189061,0.147648437930172,0.086821670570856,0.093906222116964,0.0940402056761562,0.0912915691173459,0.091254802169679,0.0124357521364916,0.00342293894089502,0.00150807661723868,0.00165444455960527,0.00227591617791208,3.86920599083059,0.0132065639554959,3.94801618153389e-07,-0.0647575180912945,0.00898162060592121,7.62015270019116e-05,-0.011358857859452,-0.305523156232634,-0.0118990302955114,-0.471767344973687,0.0301685950149865,-0.259248452972859,-0.393104306986925,-0.00639212358353231,0.268344217509404,-0.368655800624795,0.363985324513031,0.00760664445315379,-0.461943397047885,-0.0484810680938737,0.204954916497136,1.11959595183298,0.366236113112506,0.110111149546415,-0.337631245408308,-0.577849651528117,-0.635384562932763,0.766769954954524,1.32779677298304,0.943455262980152,0.41909100238517,11.7962633113749,-0.550084194367653,0.0393820832929353,-0.046900329514621,1.79999946772531,1.46660808764771,1.50816267320327,1.51139483926997,1.51402735423089,1.7203929381694,1.80627980877495,1.9349049347693,1.50852605972868,1.47453510954032,1.85455786814786,1.50340220537483,112.751700422282,3.06333633419309,1.61123332798823,1.50151917546866,1.95212262342879,2.01009708645006,2.14459051042186,3.21407613224278,1.57677329010329,1.81020957150985,1.99614641902827,4.31848582125752,1.99787630255719,2.10305740816418,4.56594400422754,3.06208338652812,1.61602655492655,400.157158224494,2.13417571673269,1.37175658650414,2.073221701371
-8.33333333333333,22.5555555555556,1.31333333333333,0.277777777777778,0.00497249884719225,0.0475043697573648,0.138236077074438,0.27630506249802,0.461711326028111,0.771249739430249,0.00497249884719225,0.0475043697573648,0.138236077074438,0.27630506249802,0.461711326028111,0.771249739430249,0.00497249884719225,0.0475043697573648,0.138236077074438,0.27630506249802,0.461711326028111,0.771249739430249,1,2,150.000015727529,154.054207895011,-9.7579738003333,620.485511925841,109.406813435059,3649.49661493594,-49.8268711592542,0.684327171252994,-0.285693873471513,-0.0126158099781273,0.740576578264763,-0.0383736093354859,-2.8179770931153,-1.07907139489636,-101.04841058223,0.0194891322903864,0.786322978825123,1173.77252369545,19.6935131757108,1.56416362878867,0.944109519841683,0.487345995208833,0.30982941360275,0.107529338540777,-0.00630062429642746,0.0631544860596812,0.0122983642535153,0.00868683720445787,0.00627992979897927,0.00916596198312677,0.0122440417664827,4999.96094156859,43.093493386106,17.3232166618681,45.7084460245508,114.644902574417,117.379365908645,2370.61694445196,1298.49641854451,14.7899972835304,0.552221243076258,0.48080405737158,0.00913914258030776,0.651039059805409,0.335060271824329,4.37176182241189,0.670570955418989,1.64085774525236,0.532930232125967,1.35686220372053,1.37882769314415,0.00842368055489334,0.278065063567858,0.148242922290959,0.0857919123206673,0.0933815439884485,0.0810921617936277,0.0968154904115383,0.078601340766875,0.0115362702068811,0.00281825257762809,0.000930666113524593,0.00167116875130113,0.00509632214257101,5.20574955666229,0.0173908256165953,3.94801618153389e-07,-0.14538090168121,0.00684431545512893,-0.00731791250046465,-0.00864695646770299,-0.414111085915566,-0.0278024823211521,-0.573953181419215,0.0939485987753261,-0.381041736056995,-0.515173960891843,-0.00899571415948941,0.324136525729322,0.0454772055121738,0.460843738392803,0.0108620959453869,-0.590321387345417,-0.0680277838007412,0.0430746359740242,1.01259729320438,0.365320893070539,0.116261081993537,-0.286063523131835,-0.176718715086006,-0.790847776665902,0.762973877801158,1.28424354898473,0.364323167985531,0.841210251484003,-0.0224180003808484,1.46079159633212,-0.116458887074154,-0.0217019053338338,1.79999946772531,1.51897913692985,1.51506147000518,1.5150586771615,1.52349803060823,1.8362285051754,1.86501407122862,2.04491752715437,1.5376771401141,1.60590700228817,1.97637812719687,1.50315176820736,361.104488543571,3.70223101952517,1.67379427072468,1.49982709060467,2.08114815729851,1.69898538742958,2.35844964514691,3.06296056499865,1.58123793801766,1.75915016521556,1.90436364677997,1.72251127191912,3.63312668543347,2.2085621988575,4.37435049964293,2.54023721241311,2.28823632891278,8.38587014574572,8.54267630521325,1.34217500529062,1.89195673415017
-8.33333333333333,22.5555555555556,1.31333333333333,0,0.00497249884719225,0.0475043697573648,0.138236077074438,0.27630506249802,0.461711326028111,0.771249739430249,0.00497249884719225,0.0475043697573648,0.138236077074438,0.27630506249802,0.461711326028111,0.771249739430249,0.00497249884719225,0.0475043697573648,0.138236077074438,0.27630506249802,0.461711326028111,0.771249739430249,1,2,150.000015727529,152.415329653161,-9.14724353504844,620.845599416727,95.9114867201334,3629.23455890011,-49.0058504322466,0.71760194771378,-0.302749688959484,-0.00828908915737944,0.77785993125716,-0.0392794674950526,-2.62095041582127,-1.09245277454015,-101.065996250391,0.0236005005311946,0.913422247682533,1173.66066034788,19.9838870950946,1.52316560774919,0.940153525674409,0.494233079887512,0.321325861889386,0.106943103426726,0.0249522096125403,0.0768977199802104,0.0124369671510259,0.00773189707322155,0.00645094646391,0.0103308438704302,0.00913212134152692,4999.96417039892,43.093723570462,17.3232166618681,31.6077667080248,112.659077663482,116.959587392298,2317.7841060324,624.598638941887,21.2493961391681,0.204229927327015,0.341172829075255,0.00456391548855076,0.24669245600451,0.311847434018287,3.6985483260996,0.545683713812332,1.11299364028698,0.495503768239303,0.467199451912659,1.45618048522906,0.00811848207206186,0.328074804840629,0.237938436155928,0.15650117916017,0.111115409638889,0.0736237784682511,0.0318409773161365,0.100686492685559,0.0179708913672894,0.00543815368547723,0.00167942729600011,0.000786910050646526,0.0026249277038385,5.70041733319839,0.0174892298882425,3.94801618153389e-07,0.101788853956109,0.00750375047845916,-0.000109300791188993,-0.00153799627332887,0.101310217229042,0.0125106428358212,0.0174212204775696,-0.0441551574443965,-0.2720895498466,0.0645181097009386,-0.00835041120987822,1.2984241442746,0.00405807140346841,0.216272588033558,0.0062630552588555,0.0834024151974973,-0.0784587655872155,-0.117661030427223,0.904871107541563,0.211471516145608,0.176260707523231,0.117343628533193,0.105165674091027,-0.693126039839516,0.860887803464862,0.928966329952996,1.38898473854319,1.18195065340266,-0.678844395724316,0.369644638470121,-0.04188084859061,0.0563527261107761,1.79999946772531,1.68854229397857,1.5077179935095,1.51279762890236,1.50674135119829,1.69565696937568,1.56075180741325,1.36002148046432,1.506235351394,1.79015888562891,1.64092995055347,1.49156897968977,73.6455101818486,2.8330065423131,2.14556517096068,1.4908552112576,1.46127656772527,1.7960292668811,2.39198689299236,2.87147688790889,1.72893415473781,1.67465454716066,1.60257442049322,1.52023521109027,6.60002438548059,2.43921202209361,3.78227318257823,4.87378781732324,6.49917871426619,1.95582212147904,3.24930363010988,2.12834268777103,1.63387062995787
-8.33333333333333,22.5555555555556,1.31333333333333,0,0.002209999487641,0.0211130532254954,0.061438256477528,0.12280224999912,0.205205033790271,0.342777661969,0.002209999487641,0.0211130532254954,0.061438256477528,0.12280224999912,0.205205033790271,0.342777661969,0.002209999487641,0.0211130532254954,0.061438256477528,0.12280224999912,0.205205033790271,0.342777661969,0.444444444444444,2,150.000015727529,157.879689615665,-8.4265403260077,620.59841683158,28.2591537027393,3837.22705968128,-45.8268794917196,0.809761743568378,-0.320501542820539,-0.0100417400270805,0.870474523487135,-0.0266533664691178,-2.31515378564733,-1.01766164198521,-101.077686699302,0.00250342425268202,1.09375691073846,1173.77366940944,19.839929174044,1.52776367045099,0.961140339547964,0.503383158004374,0.343558212686178,0.136457471096761,0.0375476432470576,0.0783560960514531,0.0113009274595355,0.00641540395458807,0.0064323185084887,0.00958440901989375,0.00921922331007186,4999.96750338506,43.0936308717848,17.3232166618681,30.6630883206827,112.483999680311,117.033451021108,2307.82357112511,619.922187574266,22.6924713587035,0.230688043212223,0.325819777414485,0.00503267982282539,0.255263751210644,0.306945132554319,3.50054737242123,0.506408073006389,1.07945255808942,0.487188672255022,0.512551061615244,1.05263477099857,0.00732541123952501,0.323064238124598,0.242100588527289,0.155110298372188,0.111528706345296,0.0843716717116384,0.0416811951024585,0.101906312341965,0.0182740887976819,0.00495418186501837,0.00184546275153192,0.00106413360507792,0.00237467233058108,4.04876345649893,0.0131862768374422,3.94801618153389e-07,0.10380362983622,0.00652512606932542,0.00199145783694175,0.000413944265272344,-0.0356723326637024,0.0381150438724833,-0.208659588304229,-0.0858951512641852,0.150725858405916,-0.232184422056348,-0.022087289497978,1.02953275741939,-0.394181544251835,0.0399657326182408,0.0225528133070536,-0.260146366141565,-0.193911438949432,0.0109876103364539,0.930431645363047,0.207494754287395,0.168175449853207,0.0946460076042832,0.0548175615750472,-0.898755538207129,0.87167699361392,0.950564360670803,1.06026236668677,1.21559040072929,-0.410658030522194,1.40046173375108,-0.375899180174286,-0.0152579564755024,1.79999946772531,1.63887951647583,1.50493706046527,1.51157209588556,1.5018211359729,1.62624541789567,1.55105970991526,1.60024292553539,1.48346060738424,1.58064595941789,1.60020130817491,1.48819118402759,116.463953341632,3.11832379187111,2.34382201483922,1.48707846047213,1.62663883303075,1.74225890255288,1.86376060823548,2.94711679113066,1.71754376158107,1.67558062400981,1.62710022406025,1.56616618692443,12.9789086139678,2.48283753737329,3.85065965154871,4.42104678356439,5.93819064942381,1.61135638731677,19.9148078266272,2.26784366022809,1.57496748666466
8.33333333333333,22.5555555555556,1.31333333333333,0,0.002209999487641,0.0211130532254954,0.061438256477528,0.12280224999912,0.205205033790271,0.342777661969,0.002209999487641,0.0211130532254954,0.061438256477528,0.12280224999912,0.205205033790271,0.342777661969,0.002209999487641,0.0211130532254954,0.061438256477528,0.12280224999912,0.205205033790271,0.342777661969,0.444444444444444,2,150.000015727529,158.607848140819,-8.51288651286324,620.568013748568,29.6039701072805,3856.96948234559,-47.106644099573,0.806840724924487,-0.317891276752421,-0.0104834172482033,0.866806843037184,-0.0262819247213832,-2.34043121258202,-1.00909423851474,-101.071109259453,0.00113744728465785,1.07196415128633,1173.71242578898,19.7678085616077,1.51696982605979,0.968604947401312,0.507681970628059,0.347348651182169,0.139514273304864,0.0308370412936153,0.0763620416633684,0.0109900168241746,0.0063810047286741,0.00605840349963546,0.00960744380793667,0.0101290191646704,4999.97156546193,43.0934965107805,17.3232166618681,42.6848015500719,116.578691193128,117.149926095003,2412.36644166509,917.632125594316,17.761937467262,0.217609883161682,0.40628981433626,0.00637467911225492,0.320577830867627,0.331141199866347,2.78269175179121,0.483897905022593,1.34065043629276,0.523170266328154,0.522893732138037,1.19299201953944,0.00611940336344619,0.314657346315767,0.24143902121684,0.143127670990039,0.0916643343747042,0.0594237672635958,0.0262742680940918,0.0888333365495006,0.0150098057584803,0.00373991814642108,0.00106864621010857,0.000754047026463313,0.00191802259030606,4.85160237029897,0.0126232347491603,3.94801618153389e-07,0.0464280928973656,-0.000825404644063307,0.00278138416939742,-0.0051574688320889,-0.0648893719434186,0.108678625221269,-0.121493587874594,0.00261305302335808,-0.314347979959898,-0.0525395461634179,0.00998656509092406,1.69433454228422,-0.573262498514733,0.0940717780203378,-0.0137083457745352,-0.156063985304257,-0.0889184284590194,0.0956726553337461,0.378885261498137,-0.0938453084046567,-0.0624016438245461,-0.0668058835457804,-0.0478207303866012,-2.04962945277503,0.371464367498974,0.0831279196525218,0.110337463131965,0.0639958311779298,-0.124487752021996,-0.0977503443397463,-0.0240597084273605,0.00831306311797319,1.79999946772531,1.43753962150714,1.5016532363306,1.51427345983841,1.50667441939211,1.50666270525873,1.451461917305,1.70705151660452,1.48352007894498,1.53793518912815,1.52630004489936,1.50660606282745,56.0192346101306,3.33230296250086,1.61533049648374,1.50811991431967,1.83140839724778,1.98074343978409,2.58718038564501,2.23965708603741,1.70484614398762,1.71218293523489,1.7427537418097,1.72175745745311,16.8925592835677,2.00275024118764,1.40690148620412,1.59446823767573,1.75445538367838,1.57597842912055,10.5137678610125,2.0821681516954,2.29179802755702
-11.6666666666667,15.2222222222222,1.42,0.5,0.00055249987191025,0.00527826330637386,0.015359564119382,0.03070056249978,0.0513012584475679,0.0856944154922499,0.00055249987191025,0.00527826330637386,0.015359564119382,0.03070056249978,0.0513012584475679,0.0856944154922499,0.00055249987191025,0.00527826330637386,0.015359564119382,0.03070056249978,0.0513012584475679,0.0856944154922499,0.111111111111111,2,150.000015727529,186.970618685554,-13.4036713384023,614.630590563483,305.662053744402,5809.77898135611,-39.9265465055723,2.4604136131653,-0.65815313401729,-0.109593666805541,2.53879357358609,-0.203305676606603,4.64640836743048,-0.289400369056348,-100.929522966358,0.317059990692845,5.16479908342882,1173.72461201958,10.3977918966776,1.31606009790647,0.782978335590043,0.496313196542027,0.462235100510363,0.379675992084158,0.32635792104989,0.0155749104600562,0.00904288303510051,0.00608873065305697,0.00601238912613269,0.00647986626393084,0.00737532996562858,4999.98604312051,43.0936527445049,17.3232166618681,62.256180119364,124.238001560011,121.633514281269,2616.57485468755,2280.71333392918,22.3936058859338,1.24650082166334,0.602036441108354,0.0883874663133893,1.32274312965493,0.408118074073627,3.02772595587512,0.530152562777857,1.84718797024428,0.658815154056538,2.90794791420198,0.446732836334749,0.00414814478564283,0.177963868150341,0.0797577832498984,0.106735356186262,0.134520505132709,0.156700100442751,0.1648822130642,0.0289627809378985,0.00544559343448444,0.00268799675439003,0.0020442244628726,0.00135712785139406,0.00103381551911822,1.20649845360743,0.00497701226245678,3.94801618153389e-07,-0.160125239519612,0.012185815404532,-0.0206926939573421,-0.0161311079372756,-0.176882085470241,0.392654888598963,-0.179180285501233,0.0273149228582709,-0.259736310996076,-0.168230339315754,0.000715864491911938,-0.192217277725914,-0.333395454659792,0.0353880978983876,0.00025685183494593,-0.177882407510876,-1.00562886606875,-1.34616423942559,0.493808528496596,-0.309367349234217,-0.479324918333115,-0.380871038074674,-0.364368106411706,-0.355693165241491,0.926570846540494,0.684335275645311,0.287327895065973,0.0702091250051753,-0.390890005185064,-0.432877601622726,0.101497313830707,0.366068242129471,1.79999946772531,1.56411393360376,1.4972481849427,1.5031444152575,1.50236207800185,1.58352437669696,1.86185069413797,1.58101582186981,1.51012278055044,1.536776892553,1.5757382176498,1.50165617106984,1.98606335017245,2.00439829466928,1.47531069804402,1.50247779473775,1.57991284919342,2.01128941627017,2.81215815939233,1.81260812845146,2.27614712956847,1.88424461979,1.66727097564376,1.62729084684057,1.62939648389549,3.30883509991437,2.60639585730793,1.76590205469557,1.72849326019535,1.78465928979183,2.17720273919424,2.01380929828741,1.61531838548532
-11.6666666666667,15.2222222222222,1.42,0.5,0.0033149992314615,0.0316695798382432,0.092157384716292,0.18420337499868,0.307807550685407,0.514166492953499,0.0033149992314615,0.0316695798382432,0.092157384716292,0.18420337499868,0.307807550685407,0.514166492953499,0.0033149992314615,0.0316695798382432,0.092157384716292,0.18420337499868,0.307807550685407,0.514166492953499,0.666666666666667,2,150.000015727529,193.238516821165,-15.3579069992709,614.679700031247,343.173906613894,5962.89428184564,-37.5027435787939,2.4615044995313,-0.631119731868555,-0.103082264034996,2.53286553484012,-0.204666883559004,4.51732538253307,-0.27942620590876,-100.949785439017,0.315250869628164,5.0791768253307,1173.70023955838,9.76095469221947,1.36515050515571,0.842817914800541,0.555912123737111,0.526039318820956,0.387131048849078,0.306577526299344,0.0161828894826581,0.0109459905763983,0.00678993063222581,0.00828671700864494,0.00985549453181961,0.0114949784397459,4999.98385584835,43.0936329548998,17.3232166618681,58.3900430799916,124.283451466805,121.492481134609,2609.90874208887,2110.91350751715,22.6188585832253,1.110528678216,0.551779201660574,0.0778142924102472,1.17494926487387,0.396508694656203,2.65589122986437,0.440926135701121,1.68170474512981,0.637129835760819,2.53601269954171,0.458176804598927,0.00386581291466608,0.176525330901843,0.0805365951360611,0.110548275422247,0.141095550273544,0.142115621588234,0.136220780568772,0.0309455837904696,0.00610069482669651,0.00360198333841061,0.00326440833830242,0.00237413775957809,0.00373150631931631,1.63784976088109,0.0054932016039281,3.94801618153389e-07,-0.150097112424301,0.00912363609010207,-0.0189724965664538,-0.0102574783585451,-0.164055311039686,0.284467652198879,-0.167544078958628,0.0184291984423917,-0.228222450821598,-0.157653625659693,-0.00243806626494734,-0.234503893606538,-0.310717784006632,0.0664292530231184,0.00353559672092083,-0.168810088875604,-0.874116652092912,-0.0637040487779433,0.528443307572991,-0.326682894433316,-0.482561533655836,-0.386343867061902,-0.363454635773696,-0.368616816045716,0.934729113566719,0.622809664438251,0.657254963934153,0.11077685155756,-0.298491045202275,0.00570611790665908,-0.150929998259731,-0.0701165524404544,1.79999946772531,1.56924087270481,1.49689331496888,1.50656425341998,1.49999160498945,1.58836597453172,1.76644084545249,1.58667897668635,1.50526747441301,1.53895434773274,1.58141979338008,1.49782642181432,1.98165572356477,1.72786588529106,1.47394803339964,1.49849550524365,1.58715753136054,1.7640799214664,2.07816455899742,1.88893351406975,2.30096048052564,1.89033235341692,1.67385328289549,1.62441872032442,1.63681359891685,3.29370053301799,2.55486686055795,2.10238499069148,2.24141687151742,2.71332962338502,1.78914697094474,1.90533830087006,2.17484050027018
-11.6666666666667,3,1.42,0.5,0.0033149992314615,0.0316695798382432,0.092157384716292,0.18420337499868,0.307807550685407,0.514166492953499,0.0033149992314615,0.0316695798382432,0.092157384716292,0.18420337499868,0.307807550685407,0.514166492953499,0.0033149992314615,0.0316695798382432,0.092157384716292,0.18420337499868,0.307807550685407,0.514166492953499,0.666666666666667,2,150.000015727529,48.6169471930008,-1.52124163003853,204.301567545047,33.2356861576919,1650.4939068847,-20.8380168732424,0.933427632538276,-0.0667124673471512,-0.0139632287261743,0.933427632538276,-0.0667124673471512,-0.217273977728705,-0.0307121246888866,-33.2491355067181,0.115566664198521,2.11703687115925,673.125268201235,4.092224569524e-18,0.1956035308822,0.159846347255494,0.185423299656286,0.274809946880533,0.30538453286116,0.356728955317155,0.0120077335694198,0.00807149911467556,0.00599876606603478,0.00599499708363712,0.00745782314342256,0.011261862201854,19.9897614831788,0.300413936048329,17.3232166618681,3.30563344317676,122.30269810721,120.274316851845,2529.29510934353,184.246945896656,6.97905551036804,0.193735066811367,0.33991924076363,0.00545266205793973,0.193735066811367,0.33991924076363,0.278099207456379,0.051846732776748,0.362270333094201,0.54386656360992,0.40628827037016,0.0518912468351747,9.53033689481938e-16,0.0221592457901867,0.0380488541945832,0.0412236626246925,0.0543963484528841,0.0611638704910916,0.0838841718472697,0.000567577241666145,0.000333199306947445,0.000297070211009451,0.000454959759200189,0.0010499600623207,0.00418998369495998,0.17418762447564,0.00260469718642938,3.94801618153389e-07,0.275362776675416,0.0160221269251157,-0.0155437761798425,-0.0152007508605206,-0.128761009543613,-0.324880770536064,-0.084383034356328,0.00778020403625929,-0.146281152197175,-0.084383034356328,0.00778020403625929,-0.687427372015623,-0.314393973214892,-0.024347597939439,-0.00644483515700701,-0.180544481851047,0.232279612363747,-0.0392594070187721,-0.959846217059583,-0.332784007425285,-0.181442105460678,-0.0957868648104472,-0.119169779703389,-0.433429202203853,-0.0223356511089608,-0.0997604589939004,-0.206474759041474,-0.31346801383142,-0.0184436307143935,0.0335197622034068,0.0646340872098871,0.064663679931928,1.79999946772531,1.54019217239094,1.50623112775627,1.50089625283793,1.50602501884744,1.55682774081515,1.63841397859834,1.51935883810873,1.50218684917224,1.64811272083447,1.51935883810873,1.50218684917224,3.78396562693776,2.24995303901599,1.50064023395686,1.50127892788792,1.5987387218652,2.66336783429106,3.96518498563752,2.96131595957676,1.80421458912077,1.58638994604131,1.5019541998471,1.50985214340174,1.8109353875964,2.53191478512119,1.31669855284288,1.57193848503617,1.71399883324063,1.50170923836462,1.41226454459544,1.62890974400862,1.62791589522133
5,3,1.42,0.5,0.0033149992314615,0.0316695798382432,0.092157384716292,0.18420337499868,0.307807550685407,0.514166492953499,0.0033149992314615,0.0316695798382432,0.092157384716292,0.18420337499868,0.307807550685407,0.514166492953499,0.0033149992314615,0.0316695798382432,0.092157384716292,0.18420337499868,0.307807550685407,0.514166492953499,0.666666666666667,2,150.000015727529,49.2195687949171,-1.314063760025,204.822375794188,29.7542274763046,1672.14529736486,-19.8726223310072,0.944236808665764,-0.0670378136506614,-0.0139918288719925,0.944236808665764,-0.0670378136506614,-0.203199550464535,-0.031429175387043,-33.3346630559316,0.116117574908863,2.14027351317571,673.977314863031,1.20898053431934e-17,0.213350234350588,0.174021573794396,0.196077627330487,0.284960337464847,0.314696458702218,0.365713227788772,0.0120313873554838,0.00807084459952088,0.00600451390480159,0.00600248088740756,0.00750125424434955,0.0114037320070826,25.552003957921,0.38351432142485,17.3232166618681,0.981817267813184,122.254151307639,120.177844628678,2523.28893236891,146.207944206109,7.81221959462501,0.148563133911078,0.332619497503401,0.00421083683846707,0.148563133911078,0.332619497503401,0.254175561863737,0.0505948822072283,0.35520348261389,0.530863011570122,0.338630668058014,0.0794375915742152,8.99777973862575e-16,0.0565773990708495,0.0604008134880028,0.0547813303377911,0.0609190343445252,0.0642422196809951,0.0815863685127039,0.00130706455147056,0.000611095907139931,0.000446812975694915,0.000544783144809975,0.000988190082317454,0.00425282849798145,0.232351351192542,0.00346602078524618,3.94801618153389e-07,-0.660755271658047,0.0140379058218658,-0.0140437616845217,-0.0129538620970856,-0.428803616104304,-0.10287035904469,-0.273866109626149,0.00360126742386011,0.352609312285266,-0.273866109626149,0.00360126742386011,-1.13306986360315,-0.0513019364131914,-0.0212853819482188,-0.00181139305341885,-0.345803194637282,0.427435234015079,-0.019537736729575,-0.180429348241318,-0.0885991116827998,-0.0540402928351439,-0.0440488315334692,-0.0434894306357637,-0.36509667608202,0.0934929297815614,0.041359356252866,0.16531596970723,0.171815287169391,-0.244819304822886,-0.0506381443245242,0.201129314815285,0.201161635990852,1.79999946772531,3.35503129776667,1.50401108663988,1.50359243701649,1.50379958326278,1.86457633515131,1.58146428557705,1.66799735924024,1.50053061038313,1.77803525474854,1.66799735924024,1.50053061038313,4.62052844882063,1.84241496849039,1.50082958142582,1.49986701676447,1.73426246700365,1.70639818110051,3.8375501589542,1.75240771609625,1.6344167806549,1.58923632786534,1.55758252760991,1.53230160352881,1.63001931122113,1.3688517157296,1.57287749393721,1.60593016855334,1.56545260598378,1.91579942141114,1.4082165010015,1.49109046058487,1.49089995933212
5,3,1.24222222222222,0.5,0.0033149992314615,0.0316695798382432,0.092157384716292,0.18420337499868,0.307807550685407,0.514166492953499,0.0033149992314615,0.0316695798382432,0.092157384716292,0.18420337499868,0.307807550685407,0.514166492953499,0.0033149992314615,0.0316695798382432,0.092157384716292,0.18420337499868,0.307807550685407,0.514166492953499,0.666666666666667,2,150.000015727529,46.0381949796897,-1.42116821581086,204.687758566816,31.6284623060098,1534.87417977294,-17.5638913654828,0.851984032913239,-0.0611414300677013,-0.0115553135090095,0.851984032913239,-0.0611414300677013,-0.33034486862306,-0.0282828218472034,-33.2872856994063,0.105296880606187,1.92153744401625,673.517394021461,-1.07180572763254e-17,0.213954858868868,0.174535224455786,0.196479023018436,0.285387542964274,0.31513136131653,0.366041443599625,0.012030310384335,0.00806974710967608,0.00600404759920842,0.00600205749401104,0.00752398250182273,0.0114213787834601,22.5770836371211,0.339094250598896,17.3232166618681,0.887935539784446,122.172748429605,120.200092962719,2521.44482278487,116.379267738236,7.06563356410873,0.129887303131666,0.332138098719064,0.00340447983714011,0.129887303131666,0.332138098719064,0.232690871779644,0.0498662713425048,0.354733947447258,0.530036885411538,0.292447310565809,0.0628781878059077,8.91382673301492e-16,0.0567075439534519,0.0605717669007026,0.0549960580360423,0.0612742125528575,0.064716088020345,0.0821686844112411,0.00131221013763733,0.000613777360556325,0.000449108054839344,0.000548467543504106,0.000985830885971549,0.00425361617196778,0.206873890188209,0.0030901379188655,3.94801618153389e-07,0.444808618485569,0.0152628299035331,-0.0151399743653818,-0.0142847264715235,-0.489063892191493,-0.133263339192938,-0.258971055208084,0.00582962016372027,0.344900775186823,-0.258971055208084,0.00582962016372027,-1.06350623851529,-0.0214058083719274,-0.0243539233204799,-0.00421205708116012,-0.357351943011558,-0.151316744291764,-0.104849437225511,-0.180437726414575,-0.0891476832786305,-0.0546212467956262,-0.044895497571599,-0.0448510521133568,-0.364295419187457,0.0953174779187225,0.0422645562788736,0.165365015095202,0.170238932580656,-0.300974169796933,-0.0570824892558095,0.20312892977461,0.202647363800728,1.79999946772531,2.06696058449912,1.50526724068535,1.50241209952496,1.50508375781515,1.93158518638637,1.58285711852926,1.64982124406296,1.50240496884606,1.84355732920397,1.64982124406296,1.50240496884606,4.57235853793327,1.85103865794521,1.50011830697737,1.50185715891512,1.74204177532474,2.42554713691098,3.76890001224588,1.74741688511332,1.63060079877745,1.58682168949941,1.55693370755665,1.53275214329205,1.62950168035126,1.37180206542275,1.57566467846218,1.60843793475462,1.56339687522376,1.9569651629361,1.41159675056499,1.51987782756854,1.51965041333513
5,3,1.24222222222222,0.222222222222222,0.0033149992314615,0.0316695798382432,0.092157384716292,0.18420337499868,0.307807550685407,0.514166492953499,0.0033149992314615,0.0316695798382432,0.092157384716292,0.18420337499868,0.307807550685407,0.514166492953499,0.0033149992314615,0.0316695798382432,0.092157384716292,0.18420337499868,0.307807550685407,0.514166492953499,0.666666666666667,2,150.000015727529,46.2367607540881,-1.33615336319134,204.872244557859,30.5983871242579,1545.19904176648,-17.386282470576,0.862636746172274,-0.0618388938443913,-0.0116045875429643,0.862636746172274,-0.0618388938443913,-0.316153980418707,-0.0287549985503281,-33.3180918654307,0.106765357150297,1.95034798458494,673.817289865658,-3.64111868555359e-18,0.212447338818873,0.173817008644933,0.195470721799812,0.284304999479221,0.3140008540777,0.379799291740444,0.0120158410582232,0.00805940933236122,0.00600154254765129,0.00600165055723362,0.0074047972086241,0.0101286985730653,24.558258514738,0.368682720549943,17.3232166618681,3.55929210043133,122.138777160282,120.036703993738,2519.6691367889,36.7730322258267,7.24164263166758,0.0475462949791552,0.330335466067869,0.00169173880219775,0.0475462949791552,0.330335466067869,0.11819996814457,0.0456022156351161,0.350394189178222,0.52683940765215,0.0725778894701967,0.0378179332238862,9.0517175564964e-16,0.0350900158142521,0.0309827830423748,0.0247553876709569,0.0255504202509979,0.0261451150890654,0.0263272307443259,0.000835099235211929,0.000317126821260671,0.000207702356868871,0.000249277858402092,0.000470127963316593,0.00434716835906421,0.108680764534647,0.00162071432744032,3.94801618153389e-07,-0.180793119402118,0.0146159184859993,-0.0144759053558771,-0.0141148293975511,-0.0324864266945328,-0.18486579437876,0.0221063110350038,0.00981692263384717,-0.358383581835125,0.0221063110350038,0.00981692263384717,0.22065952799792,-0.0691316885560292,-0.0317091159999088,-0.0092874799076697,-0.768076217079159,1.7299643397942,-0.044951988402264,-0.41104589665097,-0.297742256707977,-0.218272439613626,-0.069673149509745,-0.0529359975049009,-0.0921906153663289,0.035642706583978,0.0573427209870085,0.18581010988694,0.49564894512261,0.188910822102615,0.219909144151494,-0.0147066307850688,-0.0149431144589757,1.79999946772531,1.49831665442151,1.504473744605,1.50305895215398,1.50444611992627,1.84995756806101,1.54593552235193,1.61437485337765,1.503629167258,2.2871367105877,1.61437485337765,1.503629167258,5.62624548810986,1.78750149459138,1.50170673076012,1.5035162676337,2.32304259769729,3.99277661869532,4.08026504526387,2.06989748680329,1.91770876394011,1.79319600292827,1.62236501333372,1.58157315895688,1.59211682283294,1.35967478178944,1.31115141749482,1.4313710554433,1.75453582688404,1.94705650524799,1.32848188284154,1.64043137098743,1.63754436987177
-1.66666666666667,15.2222222222222,1.34888888888889,0,0.0033149992314615,0.0316695798382432,0.092157384716292,0.18420337499868,0.307807550685407,0.514166492953499,0.0033149992314615,0.0316695798382432,0.092157384716292,0.18420337499868,0.307807550685407,0.514166492953499,0.0033149992314615,0.0316695798382432,0.092157384716292,0.18420337499868,0.307807550685407,0.514166492953499,0.666666666666667,2,150.000015727529,189.004301635246,-14.7234659472972,616.37886678471,326.231997635663,5816.26820122904,-30.3911831967503,2.39229507342985,-0.630932788251223,-0.0798647370065618,2.46613498593896,-0.19820400098948,4.26714787157588,-0.305238402285178,-101.010084366212,0.305295407853557,4.94665566086866,1173.59837516925,10.1796281637329,1.40434069367774,0.880847099260493,0.587431277991876,0.555498635558796,0.414641672742422,0.33297886678471,0.0147962066922196,0.010919454754713,0.00675147484637017,0.00987919060514528,0.0089527843974586,0.00638611196750338,4999.99458389751,43.093320487449,17.3232166618681,19.9489192280937,121.057643085334,117.060718051071,2489.83377399368,359.727053122375,24.6682197561472,0.0911283578810755,0.350149260503387,0.00980291717934504,0.143629432430236,0.332079631367778,1.46287414583002,0.321062727843032,1.14102890481863,0.527353106533372,0.204327367949601,0.559327596002588,0.00628798908408093,0.145006449063115,0.0799601776418232,0.0485262714469559,0.0368824643181523,0.0284466147604006,0.0234010053694072,0.0249205041760707,0.0065411632940905,0.00251875700235121,0.00173516906156362,0.00234551926064409,0.00102550735099322,2.12352199488918,0.00755495739646298,3.94801618153389e-07,0.147798717847021,0.00685277475114935,-0.012519393766638,-0.00611964064436104,0.170341462618734,-0.0534444447207844,0.145203897989339,-0.00576033912130859,-0.193074372659852,0.0994061023558294,0.00385658465300795,0.195456228223062,-0.191069862520329,0.0711140002326965,-0.00505147664165556,-0.0016122988561123,0.228975369065459,0.0280354669089065,0.346368787056476,0.301799806562658,0.25841296144662,0.188909101501558,0.197620679558879,0.508496294923786,1.16863677629315,1.29017188570125,1.32147859000793,1.89898816243723,0.0822182211874715,1.4129737117459,-0.128681154168369,-0.0927194863258297,1.79999946772531,1.49040618023735,1.49666551629089,1.50747201714986,1.49934851368727,1.49533414373936,1.56193310821577,1.58014408379088,1.47581648874428,1.47523743435323,1.45204712154368,1.494009995337,7.09236302865444,2.60177656309796,1.63862088385507,1.49394825797645,1.63019044766574,2.14310666265047,2.52390637765801,1.52678294709144,1.53342872242931,1.5966780909337,1.62185768660472,1.74707870186655,2.46145605716218,3.5522541055276,4.47351875811967,6.11092357714412,9.71340423901959,1.52385692428107,6.9612500051691,1.63482471860422,2.48856373901923
15,15.2222222222222,1.34888888888889,0,0.0033149992314615,0.0316695798382432,0.092157384716292,0.18420337499868,0.307807550685407,0.514166492953499,0.0033149992314615,0.0316695798382432,0.092157384716292,0.18420337499868,0.307807550685407,0.514166492953499,0.0033149992314615,0.0316695798382432,0.092157384716292,0.18420337499868,0.307807550685407,0.514166492953499,0.666666666666667,2,150.000015727529,195.70006249349,-16.2557389969795,615.048807415894,376.89247590876,6142.99187584627,-28.1731089636496,2.63058483491302,-0.649515904593271,-0.0963194521404017,2.70048963649619,-0.221857748390793,5.24253009519841,-0.26485051267368,-100.953544422456,0.346755201265077,5.50273794396417,1173.65816060827,9.17298729299026,1.39161185293199,0.905101499843765,0.619725726486824,0.595138214769294,0.457037704405791,0.374855098427247,0.0359994044859911,0.0112737755506718,0.00682716948234558,0.00952157327361732,0.0101727164878658,0.00979161681074888,4999.98166857619,43.0933038225179,17.3232166618681,20.1261638896428,123.489743164068,117.42078410786,2543.53802071511,346.217208941619,25.5188773688273,0.0586860708487359,0.344656029751247,0.00734625108273954,0.100759884347037,0.33478486006859,1.49684116345269,0.298094638922512,1.10802553761671,0.529878538992239,0.111506541599498,0.522821184809505,0.00416836360958981,0.37771534569853,0.204601464773187,0.116510845795913,0.0773468287629662,0.0500434290048457,0.033967310131906,0.0631863015308248,0.0131925406587741,0.00420583051392992,0.00221316719739264,0.00230562818636899,0.00439187178486727,1.85777571051072,0.00593894938198906,3.94801618153389e-07,0.0798296193272707,0.0123720713752338,-0.00991795043424073,-0.0136449464118656,-0.159663223579089,0.0183343399599485,-1.95852254330692,0.00320003599981676,0.408511164497687,-0.570615494021398,0.0108273029436404,0.0105022294903045,-0.287849240965867,0.0666445518226737,-0.0121843394496095,-2.85117639466941,-0.151211109699554,0.0773623232900516,0.321286796765562,-0.00786911392448537,0.00299933879487861,0.0238517284253576,0.0557031322518753,0.0842515360204173,0.142481103325914,0.0631172639316709,-0.0285949948605182,-0.0505481883151849,-0.640360308761957,0.429318454128306,-0.0377875868966038,-0.236857092198014,1.79999946772531,1.38216091257845,1.49641933872125,1.50889558603056,1.50038701891663,1.63878987132519,1.47706362299921,6.49413992096114,1.47820990119389,2.55120420196295,2.47613900181504,1.49637092148754,7.67010767387422,2.65704737065571,1.60598403151689,1.49701812419417,10.849079077322,2.07954573500102,2.34890580944093,1.874592771954,1.66236485557251,1.65175981062243,1.6094505157101,1.58368342198001,1.54568991272675,1.72299224957031,1.46641264950177,1.56099528279934,2.4572584427734,2.48066760442882,1.43597005601647,1.83300859940432,2.37778823417526
15,3,1.34888888888889,0,0.0033149992314615,0.0316695798382432,0.092157384716292,0.18420337499868,0.307807550685407,0.514166492953499,0.0033149992314615,0.0316695798382432,0.092157384716292,0.18420337499868,0.307807550685407,0.514166492953499,0.0033149992314615,0.0316695798382432,0.092157384716292,0.18420337499868,0.307807550685407,0.514166492953499,0.666666666666667,2,150.000015727529,47.3008946984689,-1.53041763878763,204.301137381523,33.7712754650557,1598.03353817311,-18.4517976252474,0.904416217060724,-0.0649288847932507,-0.0126462649723987,0.904416217060724,-0.0649288847932507,-0.25621620384335,-0.0298484594091345,-33.2379752109155,0.112573686900323,2.05365576502448,672.995031767523,-1.08777481408187e-17,0.190422268513696,0.156952942401833,0.183897229455265,0.274344109988543,0.306345849390689,0.375638662639308,0.0120177762733049,0.00807149276117071,0.00599927809603167,0.00600009655244245,0.00748712842412249,0.01041672211228,19.2695375481721,0.289637402353921,17.3232166618681,6.22730874032659,121.808686668179,120.101939342073,2508.89966243868,169.160275700513,8.11656252551551,0.0488574489213727,0.323947894639399,0.0013980604519413,0.0488574489213727,0.323947894639399,0.168933350856872,0.0456127548905482,0.342168428022571,0.515685325153827,0.16901192182537,0.0217299124454326,9.20507923699022e-16,0.0370677778970942,0.020910258097047,0.020487485830541,0.0413336363850867,0.0460688658616756,0.0489638493223447,0.000777117967733654,0.000212824023977485,0.000177901512279148,0.000374810974511359,0.000812336457941757,0.00451715335460513,0.0743675743589204,0.00111263383158999,3.94801618153389e-07,-0.0423825832824488,0.0166772331186009,-0.0162027920266329,-0.0168431718242236,-0.00520574343536867,-0.0898051533844326,-0.0112161803153906,0.0162311875199093,0.374565922240337,-0.0112161803153906,0.0162311875199093,1.32277456762537,-0.155169477297299,-0.0301435052281189,-0.0161806163709386,0.0437791851393134,-4.14489593352674,-0.0902777427739531,-0.281172315251885,-0.261962968978393,0.140901418002546,0.0845770873124675,0.0659313758692506,0.0503413189158269,0.0711525040399242,0.033823529223726,0.381070215577304,0.254499369529507,-0.164063017252515,0.285646107624012,-0.308894960885894,-0.308252076611565,1.79999946772531,1.49466032922291,1.5064188146994,1.5003212219972,1.50641714623337,1.52623279873885,1.51653684106486,1.58150811643881,1.50605479933345,2.12902753172442,1.58150811643881,1.50605479933345,6.26156181887526,1.83891688431456,1.50056942478501,1.50604226849884,1.57452675382978,18.1801623003344,4.22576654789896,1.9628802322475,2.06784162914272,1.40293950945185,1.52593651451275,1.53510137749731,1.53284299410006,1.31223924617308,1.76892287822086,2.21356610330806,2.10370906750419,1.54450922607688,1.25351163420889,1.97812447458195,1.97632308384274
15,3,1.34888888888889,0.277777777777778,0.0033149992314615,0.0316695798382432,0.092157384716292,0.18420337499868,0.307807550685407,0.514166492953499,0.0033149992314615,0.0316695798382432,0.092157384716292,0.18420337499868,0.307807550685407,0.514166492953499,0.0033149992314615,0.0316695798382432,0.092157384716292,0.18420337499868,0.307807550685407,0.514166492953499,0.666666666666667,2,150.000015727529,46.8244922403916,-1.6290829507343,204.083506926362,35.1700736173315,1576.38381418602,-18.6400067701281,0.887947526299345,-0.063926198781377,-0.012239835433809,0.887947526299345,-0.063926198781377,-0.278119785467139,-0.0291226734723987,-33.2027549213624,0.110624892490366,2.01282720549943,672.654702635135,9.59589503176752e-18,0.192833443391313,0.157188265805645,0.183124799500052,0.271921081137382,0.302775523382981,0.360028372044579,0.0120342839287574,0.00808203874596397,0.00600032257056557,0.00599876179564629,0.00752296073325696,0.0105911922716384,16.9850775960838,0.25543446515988,17.3232166618681,3.0933333987126,121.824037104922,120.294944834484,2510.38295089603,93.6451350426641,7.87474100017581,0.0541305304562399,0.325628733125921,0.00178130002140248,0.0541305304562399,0.325628733125921,0.23267080371869,0.0488941598391375,0.346096661643879,0.518628332658354,0.175949483260917,0.0497809535441498,8.45302513527942e-16,0.0580620611247869,0.0479055012085704,0.0400346111784841,0.0511060091798347,0.0535389327460196,0.0660717738771752,0.00123180551351504,0.000439122597676617,0.000306288195577125,0.000451734286784767,0.000938750440978393,0.00428798203812443,0.18522985922646,0.00277561790190108,3.94801618153389e-07,-0.118896360722328,0.0170260421350032,-0.0159687365561869,-0.0164302138660057,0.422940518260668,-0.0673269155904722,-0.749863944534717,0.00927722153609527,1.02614997833311,-0.749863944534717,0.00927722153609527,-0.522751807414641,-0.174756138135735,-0.0295533185234368,-0.00797720679889369,-0.0870621831520152,-0.188942947836856,0.0470767751688513,-0.11005180919128,-0.0695769289999162,0.0374976766847548,0.110680510708352,0.095029673973268,-0.153375553814284,0.147192134302312,0.036003408466989,0.140767151644856,0.189787696400915,-0.212333432103738,0.268233373925513,0.0958339940729522,0.0960760400065608,1.79999946772531,1.63767621636379,1.50702302008908,1.49891069569175,1.50688053915341,1.55731384855665,1.53368896172011,2.40759692663558,1.50444007510685,2.75925960687334,2.40759692663558,1.50444007510685,5.46583297310964,1.88010954812812,1.4966237544113,1.5039493439289,1.54518487784266,1.03569943758951,4.07075976051003,1.72152519743484,1.67752010759898,1.57132974687921,1.4655128456055,1.46822387098259,1.6620175546333,1.52976938687073,1.56098400673872,1.64287338399915,1.79159896579275,1.50521318511671,1.36826420110246,1.59559212280485,1.59588272595555
15,3,1.34888888888889,0.277777777777778,0.00055249987191025,0.00527826330637386,0.015359564119382,0.03070056249978,0.0513012584475679,0.0856944154922499,0.00055249987191025,0.00527826330637386,0.015359564119382,0.03070056249978,0.0513012584475679,0.0856944154922499,0.00055249987191025,0.00527826330637386,0.015359564119382,0.03070056249978,0.0513012584475679,0.0856944154922499,0.111111111111111,2,150.000015727529,48.3426643058015,-1.6309757618998,203.947469013645,35.2352467899177,1660.04270388501,-17.6245707738777,0.968158827205499,-0.0692599197483595,-0.0145380618685554,0.968158827205499,-0.0692599197483595,-0.157412664071451,-0.0321691377864389,-33.2014071450891,0.121456125893136,2.22296260806166,672.620383293401,2.24599336520154e-17,0.192668200187481,0.157936722216436,0.17746960733257,0.256792865326528,0.323922278929278,0.409671138423081,0.0120372846578482,0.00805207509634414,0.00600040724924487,0.00599920477033643,0.00634277398187689,0.00697055150505156,16.812143526716,0.252843141339443,17.3232166618681,3.30241286232281,121.739216894224,120.357757264755,2506.1454515047,144.197274625846,8.79602145164079,0.0947238714272493,0.322500101609106,0.00293975792259559,0.0947238714272493,0.322500101609106,0.309691833076213,0.0531731203419667,0.342978754424296,0.512934996813392,0.293364149702829,0.0767714339508079,9.3927635019305e-16,0.0580793921212767,0.0481060051554422,0.0394205092710577,0.0510314877278346,0.0631539295792902,0.0994534194319848,0.00123299135367297,0.000441067420306448,0.000291539450170601,0.000425352371743799,0.000531163547626485,0.00104879785962513,0.234179837905122,0.00350985444346227,3.94801618153389e-07,0.0284595077429954,0.0169489976372148,-0.015396676425321,-0.0160593712501959,0.410220883014796,0.00996625042674451,-0.322121625381468,0.0031585035129913,0.543406727518104,-0.322121625381468,0.0031585035129913,-0.269080457155715,-0.216703791094225,-0.0214596448729844,-0.000446367413621474,0.00606549391716239,-0.364729283535029,-0.0540354643283718,-0.110873112485025,-0.0770970754731376,0.0541384945923639,0.1395401961352,0.142236564101666,-0.185047190582845,0.117396198250435,0.0102421002044844,0.135430348558112,0.185276709042229,0.0390156818315831,-0.362864960763982,0.119521187177192,0.118284671619366,1.79999946772531,1.82013864303049,1.50708893129197,1.49894190599103,1.50684029163122,1.60767136074309,1.54713991671398,1.881180191317,1.50459340091069,2.28912379603087,1.881180191317,1.50459340091069,3.76550134669536,2.34015648998792,1.49261818848203,1.50431552928827,1.66160480905239,1.77588580707577,4.09100133792892,1.72834494251282,1.68487261166889,1.56871929283063,1.46369364292348,1.47412405376836,1.96618166098108,1.51274195699553,1.56081127575132,1.73446547106988,1.80825730921088,1.71618892453437,16.6925171791747,1.51452692130277,1.51497477699291
15,3,1.17111111111111,0.277777777777778,0.00055249987191025,0.00527826330637386,0.015359564119382,0.03070056249978,0.0513012584475679,0.0856944154922499,0.00055249987191025,0.00527826330637386,0.015359564119382,0.03070056249978,0.0513012584475679,0.0856944154922499,0.00055249987191025,0.00527826330637386,0.015359564119382,0.03070056249978,0.0513012584475679,0.0856944154922499,0.111111111111111,2,150.000015727529,45.1141620664514,-1.7095323967295,203.884510988439,36.651215290074,1517.4256848245,-15.5017325278617,0.868143974585981,-0.0628020778356421,-0.0118499990625976,0.868143974585981,-0.0628020778356421,-0.296776637200396,-0.0287170343670451,-33.1697323195501,0.109432718083533,1.98241818560567,672.320091657123,-6.14703987647122e-18,0.193074311009269,0.158273584001667,0.177710884282887,0.257017487761691,0.324143443391313,0.409661972711176,0.0120370628059577,0.00805142578898031,0.00600003968336631,0.00599862430996771,0.0063417972086241,0.00697276692011249,14.8590761379023,0.223574242266431,17.3232166618681,3.37402492216617,121.70210017918,120.379389241598,2506.08404655775,122.981857243475,7.86571838434256,0.0759736293708833,0.323290714299696,0.00226281408259604,0.0759736293708833,0.323290714299696,0.304488145702729,0.0535107150874503,0.344089773300098,0.514369898496221,0.247401370496236,0.0679263689453176,9.05371409212424e-16,0.0581394527519711,0.0481178488589198,0.0394218195882058,0.0510831443312893,0.0632601253339481,0.100448202637726,0.0012355056054746,0.000441240709224031,0.000291302098680905,0.000425906111509876,0.000533038135377955,0.00103438545859938,0.20392214234829,0.00305857605949528,3.94801618153389e-07,-0.077642812244315,0.0173130269982808,-0.0154370047874056,-0.016466353538428,0.461606534699559,-0.0235498422586845,-0.455657975764651,0.00474232221834335,0.692547404825098,-0.455657975764651,0.00474232221834335,-0.293465155644463,-0.161438261889962,-0.0234768098378071,-0.00229035422267149,-0.0142468910426047,-0.272122874000068,0.0731601101472772,-0.11223061225553,-0.0797757180032602,0.0512105312629717,0.13789334066416,0.140134316759916,-0.202091323498783,0.12315835103715,0.0194634388837903,0.142915383480132,0.19319657518095,0.0595261982881641,-0.290650778841139,0.11910852914845,0.12035193293699,1.79999946772531,1.72363144402135,1.50744505164837,1.4972488814125,1.50724161131467,1.65727940031403,1.54482572952254,2.01108696947316,1.5056595922126,2.46229277408377,2.01108696947316,1.5056595922126,3.62292755490595,2.23841611392354,1.49198480318995,1.50547569152074,1.69303636439431,2.1465343096331,3.99367091952213,1.72270065833268,1.68004870925324,1.56888807719079,1.46610307844181,1.47473785727928,1.97926627586181,1.51648230696596,1.56056518079362,1.72201617012344,1.79916892032021,1.72429935304505,17.6996875204651,1.51177242538127,1.51163304342191
1.66666666666667,22.5555555555556,1.31333333333333,0.222222222222222,0.004419998975282,0.0422261064509909,0.122876512955056,0.24560449999824,0.410410067580543,0.685555323937999,0.004419998975282,0.0422261064509909,0.122876512955056,0.24560449999824,0.410410067580543,0.685555323937999,0.004419998975282,0.0422261064509909,0.122876512955056,0.24560449999824,0.410410067580543,0.685555323937999,0.888888888888889,2,150.000015727529,153.052527861681,-9.90806573690241,620.445099468806,106.432975054682,3586.98539735444,-49.4886584730757,0.635424316885741,-0.267519468959483,-0.0147508549109468,0.688660571659202,-0.0328322478637642,-3.02076776284762,-1.11875901511822,-101.03271638371,0.00951683232267472,0.657581209561504,1173.76023330903,20.1022518487654,1.55900874908864,0.943315258827205,0.485438516821164,0.310534101656078,0.107358400098948,-0.0113267115894178,0.0439335970284345,0.0118162034907812,0.00732196844078742,0.00698677585668159,0.00880290730132277,0.0136416865951464,4999.96854494324,43.093311113426,17.3232166618681,58.4611177439302,116.580398238099,117.195723521208,2421.52798978263,1700.59321318611,17.6104731839499,0.682313950874432,0.55154230932408,0.0113037218848525,0.804906754290312,0.349102884397483,2.69297586369647,0.701622954500406,1.86219059389498,0.554570955326605,1.64774645048871,1.34814908135606,0.0081567650200384,0.222528740013012,0.200841946459819,0.164126809807386,0.152468022416614,0.109201801435647,0.106756595123332,0.0521035260364056,0.0122452522479723,0.00429109558297564,0.0020755144908262,0.00177445100487382,0.00753624265143091,5.23725139200009,0.0182985646756025,3.94801618153389e-07,-0.134158236580692,0.00797772050163621,-0.0112658284704277,-0.0187922608205369,-0.275911429748341,0.475866867847591,-0.407206390984298,0.122070210226703,-0.576846323148691,-0.370625313375268,0.0167356255887024,0.631294499706427,-0.113410991191075,0.300234147938017,-0.0164009551299637,-0.442424315436093,0.0408448480549988,-0.108358151547371,0.187534661818145,-0.13917782576554,-0.108075263661541,-0.133398718062158,-0.127660349296241,-0.516799079683554,0.0936278101139695,0.273097006566868,0.748323150278306,0.418353209563592,6.59469880876386,1.33752292259179,-0.0596916723430664,-0.0419210467948249,1.79999946772531,1.55246407487707,1.5131475688689,1.5196756624767,1.5259268813706,1.71723657690241,1.65335875693522,1.8687499829568,1.54838924828517,1.89533750033374,1.82583520911467,1.5055830729491,28.9882972504512,2.43253497619628,1.57673487940436,1.50284470969894,1.91312788908051,1.64419958571784,2.07349240830826,1.89989759048964,1.72610337819286,1.70782648873788,1.63477089219881,2.34303376149613,1.7760203934183,1.42353388790889,1.40099645250246,2.23734462666357,2.24377200709722,199.857698736969,3.47213588087961,1.2823951452171,1.81592518269479
-15,22.5555555555556,1.31333333333333,0.222222222222222,0.004419998975282,0.0422261064509909,0.122876512955056,0.24560449999824,0.410410067580543,0.685555323937999,0.004419998975282,0.0422261064509909,0.122876512955056,0.24560449999824,0.410410067580543,0.685555323937999,0.004419998975282,0.0422261064509909,0.122876512955056,0.24560449999824,0.410410067580543,0.685555323937999,0.888888888888889,2,150.000015727529,157.409748984481,-9.2454430843662,620.333569419853,86.9675395167171,3867.53140297886,-48.7526705551505,0.842843578793875,-0.334491820205187,-0.0112978272054994,0.90572345589001,-0.0439922215915009,-2.17856681522758,-0.96672274450578,-101.079961462348,0.0308973843662119,1.17744730700969,1173.69169878138,18.8655160920742,1.49806218102281,0.970472429955212,0.517740266638892,0.350565847307572,0.130920322883033,0.0319465185730653,0.119208831208208,0.0134473612221435,0.00776863180918654,0.00617742485157796,0.0101765630663473,0.00993871575877511,4999.9670867618,43.0936079575048,17.3232166618681,29.65588033225,113.726035716882,117.502879916203,2336.57601812831,621.983702792759,21.5932071150449,0.247005958545418,0.371098206808106,0.00590859117107537,0.31200923787034,0.318392870925839,3.1890964935445,0.504879523451117,1.26486840907056,0.505983259748556,0.633614026062085,0.999866053158041,0.00548547099708513,0.42450257874633,0.271419815018368,0.126358168147515,0.0580358323144454,0.0472229128769417,0.0492023053142077,0.151754242056268,0.0214877081862693,0.00475938994549465,0.00105879387266589,0.000554441286159558,0.00279519829486854,4.01037196187282,0.0123103122085319,3.94801618153389e-07,0.117670887935997,0.00584485644081225,0.00185572330008288,0.000799070865619724,-0.527361116177729,-0.235121765868701,-1.00346030243647,-0.0371267301690566,0.272961809381203,-0.783597211499871,-0.0264103809031833,-1.43344339879759,-0.716717938534064,0.528244572499332,0.0248644357539164,-0.941759511003945,-0.00937471862072578,0.0658306008706738,0.714641135280256,0.198571487665749,0.173528266879158,0.447632730876118,-0.0227657217147503,-2.59738045368567,0.997332518503563,0.815577301903281,1.28288706509909,1.32284081436037,-0.497334311120593,2.71539153919781,0.104108087374347,-0.0982620003635759,1.79999946772531,1.48098737594483,1.50727154541285,1.50862589034144,1.50467186934695,2.10374176023202,1.60770067937822,2.82981273713405,1.48384245758056,1.7600010281559,2.44025854357104,1.49262682313076,172.134178113173,3.66996197133442,1.9977540557709,1.49153733072947,2.78897474960191,1.81521684894217,2.09095299907233,2.32602187935022,1.72855157714142,1.68855385119679,1.79715399563821,2.21694861269446,28.4076956532388,2.94485722946794,3.67233180662759,4.71894340467398,6.56536866901626,2.11936055165376,46.090423701724,2.11465849852742,2.02208888567426
-15,22.5555555555556,1.31333333333333,0.222222222222222,0.00165749961573075,0.0158347899191216,0.046078692358146,0.09210168749934,0.153903775342704,0.25708324647675,0.00165749961573075,0.0158347899191216,0.046078692358146,0.09210168749934,0.153903775342704,0.25708324647675,0.00165749961573075,0.0158347899191216,0.046078692358146,0.09210168749934,0.153903775342704,0.25708324647675,0.333333333333333,2,150.000015727529,158.967138839704,-8.77923665243203,620.235767107592,58.575681199875,3941.93854806791,-47.6508613686073,0.882907967920009,-0.344549459827101,-0.0125254142901781,0.946917956462866,-0.0399182237942923,-2.03197767088324,-0.942231984168316,-101.085655660869,0.024174512050828,1.26098980737423,1173.71721695657,18.9044839079271,1.49722133111134,0.971595635871264,0.509806770128111,0.349498302260181,0.146695897302364,0.0422971757056557,0.117403859940944,0.0118690762953859,0.00646021005103635,0.00605510540568691,0.00939695625455682,0.00953677169044897,4999.96073325695,43.0935694198524,17.3232166618681,30.1568503866035,113.635214240165,117.580140754072,2335.02901691387,666.190337208468,21.5884960747242,0.285227043602339,0.377597720275921,0.00681761781071765,0.34978181328751,0.318728148892971,3.020207723886,0.509604761378866,1.29083390753222,0.506633793135963,0.729786123762737,0.981879789245694,0.00519883564462872,0.426435565994367,0.274529514789079,0.124865125652284,0.055583059171919,0.0518960086164858,0.0505531738257031,0.150367942830496,0.0215572215671599,0.00415350354178278,0.00103039043739343,0.000663371402825097,0.00193393181254605,3.83185926963383,0.012025909449621,3.94801618153389e-07,0.0696228066857095,0.00479425656311793,0.000580791377267481,0.0022282885768091,-0.598760624627254,-0.234983358471133,-0.856713080384826,-0.000444474107824243,0.318920400972493,-0.75919027521207,-0.0249801281535258,-0.143559885551554,-0.734734389976467,0.53247288152303,0.0224650618529587,-0.825904766116408,-0.00838702185561508,-0.0376817921723783,0.715285367928359,0.182376903886142,0.173649406222863,0.442336938556851,-0.0758189967135229,-1.07218366630411,0.999034453338989,0.859427932660175,1.07069511984659,1.44135486561878,-0.121889887461752,2.35263400764063,0.015083190480401,-0.0515534282825319,1.79999946772531,1.47952348583093,1.50746638038302,1.50886115593072,1.50506066598434,2.10875726362875,1.62360522861864,2.56138737695697,1.49114854082236,1.62992729869845,2.32012379005869,1.49349032005285,126.785341748541,3.40992690062882,1.9716488467582,1.49257368642587,2.5329404180758,1.82636912887983,1.56590799175148,2.33065180656483,1.69373735705343,1.69137131267927,1.7954669242768,2.18733356717889,7.71437769483177,2.94933008747056,3.74318162165175,4.67637519923016,6.83810239355803,1.90739023676188,47.6601839730514,2.03211810031511,1.8850810195413
-15,22.5555555555556,1.13555555555556,0.222222222222222,0.00165749961573075,0.0158347899191216,0.046078692358146,0.09210168749934,0.153903775342704,0.25708324647675,0.00165749961573075,0.0158347899191216,0.046078692358146,0.09210168749934,0.153903775342704,0.25708324647675,0.00165749961573075,0.0158347899191216,0.046078692358146,0.09210168749934,0.153903775342704,0.25708324647675,0.333333333333333,2,150.000015727529,155.778033538173,-8.47870577856473,619.887740860327,75.5135727424226,4028.79387563795,-36.9344632850745,1.0462029059473,-0.40710731580148,-0.0173590556192063,1.12113165295282,-0.0578270308717842,-1.24822273393605,-0.860748953234038,-101.10185084887,0.0585752673721487,1.730375947193,1173.68659514634,18.3097594000624,1.52029778148109,1.02874495365066,0.564797010728049,0.404355317154463,0.203523463180919,0.0865542062514321,0.128331009193313,0.012787790980877,0.0066502228934486,0.00628954025622331,0.00870733694406832,0.0093931565461931,4999.97635662952,43.0936402458081,17.3232166618681,32.2464341330835,114.857180644153,117.597695762528,2359.65337205321,732.293501544398,19.9834184665044,0.30662323114195,0.39409105403152,0.00962329565863862,0.379899614017017,0.324040230819278,2.19732483057723,0.447624129536036,1.31653374633984,0.515155849453236,0.788286379800501,1.00093522909693,0.00645129358914707,0.407666442956476,0.276010856726764,0.125590057936612,0.0549926002134409,0.0485754296182636,0.0519788453455992,0.158909933683035,0.0228603284015518,0.00464712862782658,0.00137368101110859,0.000627192719666533,0.00170535180173424,3.80161195189653,0.0113489785196546,3.94801618153389e-07,0.0826126183531409,0.00598237978863578,0.00458449961278319,0.00171737056723019,-0.393839876077734,-0.215568617341776,-0.736701677279376,-0.0290710545513258,0.205877128581421,-0.566272398189468,-0.0284166290425662,0.354501188016755,-0.661835612187224,0.428436407008879,0.0270059725864748,-0.65328259273439,-0.0511608340310046,0.0223185015911657,0.710429233093954,0.216909813986897,0.165482050576414,0.42182844675672,-0.312593449631617,-0.922989328228893,1.01204500521197,0.807505530582639,0.883706315666705,1.07744636555364,0.538727002696791,2.86222752000615,0.00064102609790308,0.0341122582693409,1.79999946772531,1.45738685778656,1.50341891094352,1.50687073689704,1.50052673628842,1.7975174190804,1.63373366794534,2.20704641483165,1.4950328930023,1.57779179000015,1.97060257107373,1.49464981098282,204.821219446045,3.19866021655666,1.78654250523603,1.4952621533476,2.11347861071472,1.85021625799517,2.4013121955501,2.2723970585977,1.75419549734199,1.69597577642972,1.84226255504027,2.63806533796199,8.76091269583656,3.06143308129108,3.68277938221707,4.36999837341091,4.9595497884808,2.91658900001712,89.5033188242875,2.23984634736471,1.76490662975525
-15,22.5555555555556,1.13555555555556,0.5,0.00165749961573075,0.0158347899191216,0.046078692358146,0.09210168749934,0.153903775342704,0.25708324647675,0.00165749961573075,0.0158347899191216,0.046078692358146,0.09210168749934,0.153903775342704,0.25708324647675,0.00165749961573075,0.0158347899191216,0.046078692358146,0.09210168749934,0.153903775342704,0.25708324647675,0.333333333333333,2,150.000015727529,153.353892302885,-8.55604966774295,618.965493177794,97.7259466305593,3936.74804707843,-40.0602489324029,0.998551867930423,-0.398658779731278,-0.0335530622851786,1.07344476503073,-0.0612339612404958,-1.41185552676289,-0.890649224039163,-101.064072492448,0.063764762435163,1.62473528047078,1173.72721591501,18.4989855223414,1.53384053744401,0.982776689928132,0.511608749088636,0.352319782314343,0.170431273524123,0.0477349762639308,0.101858068300177,0.0114161914388085,0.00640245682741381,0.00650669190709301,0.0076250937402354,0.00956222310176023,4999.99947922091,43.0933808978226,17.3232166618681,63.418364113872,116.54868113547,118.17200849375,2415.73255778834,2145.69506455673,15.85576846104,1.05369338208849,0.652595153054032,0.0300747235723524,1.1853653457379,0.36201090280874,2.91247283148879,0.743928075028134,2.15931681338742,0.580421461262276,2.58287678530584,0.768424963901287,0.00336524806548319,0.367772474509097,0.171205375093046,0.0953658661883913,0.152171842301737,0.172197473921182,0.202418553820784,0.126302694451273,0.0136995243050072,0.00313867781505265,0.00165967254741778,0.00147992841801955,0.00184838875848997,2.76463901720057,0.00755849450853101,3.94801618153389e-07,-0.160002698321109,0.0175489220898261,-0.00565676464140193,-0.0297551876374628,-0.236979780883886,0.403728014206049,-0.266824892549209,0.0781949267956763,-0.555571402243943,-0.243170143223873,0.0104912840177636,-0.270651899102222,-0.829908963461056,0.209201836053305,-0.00764816954319725,-0.259662984180047,0.226091793575964,-1.73049511835496,0.823518757456055,0.376530665916532,-0.25011335227793,-0.578221938230711,-0.401114304589079,-0.505814808016721,0.90757982314651,1.03635063661933,0.772298005150893,0.234700705204238,1.36887790924648,0.949929132429097,0.221882113392604,0.17372631061389,1.79999946772531,1.52790021031187,1.5071377559736,1.50370810393437,1.51118958394895,1.61218262334397,2.05261405931379,1.65083233484027,1.54248131013279,1.7081227009962,1.63978193712174,1.50507206588561,6.43391261285098,3.17020882216713,1.46664167130356,1.50379279745993,1.65789166826205,2.19119651702118,6.99327547533212,2.61804394753033,1.72306561243955,2.40608615928833,1.90198924678195,1.63111175870943,1.75303192586205,2.64058067315592,3.96814463876362,2.12062650074906,1.97689906202572,10.1319081598272,6.06602294033265,1.92053987263982,2.72488423081855
-15,10.3333333333333,1.13555555555556,0.5,0.00165749961573075,0.0158347899191216,0.046078692358146,0.09210168749934,0.153903775342704,0.25708324647675,0.00165749961573075,0.0158347899191216,0.046078692358146,0.09210168749934,0.153903775342704,0.25708324647675,0.00165749961573075,0.0158347899191216,0.046078692358146,0.09210168749934,0.153903775342704,0.25708324647675,0.333333333333333,2,150.000015727529,194.523695448391,-21.3528878814707,469.681449848974,747.852646630559,6902.30455160921,-4.6922127062806,3.73867763774607,-0.374645109597958,-0.205042013331945,3.73867763774607,-0.374645109597958,7.87749505259869,-0.371033569419852,-78.1091344651598,0.623304099367774,8.25398729299031,1034.98770961358,-1.48019473492345e-17,1.40288928236642,1.0732771065514,0.879016102489324,0.922321622747631,0.883995562962193,0.836413883970418,0.015096216076867,0.0105635236364962,0.00605906522487241,0.00859589125229662,0.0111762730965524,0.0146258265805645,2801.70690553067,27.3881158212681,17.3232166618681,31.1049908898702,126.630449128973,124.17984303111,2706.91406566218,1348.66269880772,30.1628140615091,0.870584365723727,0.404423454768152,0.0918871593172516,0.870584365723727,0.404423454768152,1.71373270031431,0.138505281694785,0.845984061328229,0.652301318659598,1.93277489976765,0.110184378809391,1.30144265123417e-15,0.136570006966496,0.0440937331006582,0.0927559713208957,0.136211934212797,0.138143903899076,0.142844700497919,0.0264549137025107,0.00566348128593596,0.00464446116963773,0.00535164549849579,0.0048096872380768,0.00521412044300795,0.742267932541057,0.00473038941699202,3.94801618153389e-07,-0.102673030518612,-0.0633011084418304,-0.0107915955778404,0.0695080213561258,-0.0737974846511424,-0.146379737291789,-0.0470470384293319,-0.0777055744298015,-0.145178838536484,-0.0470470384293319,-0.0777055744298015,-0.41772684417922,-0.820212168655609,0.00960300998692166,0.0772543170599819,-0.0517511466035072,-8.85307009456542,-0.0235548146774234,0.463443379666358,-1.47118286864087,-0.4206484706844,-0.255995046164993,-0.31520858000637,-0.236650233190907,0.780679147557151,-0.719408327808429,-0.70173302098942,-0.861028812610073,-0.680903232206005,0.1516810177412,0.0739893206266526,-0.522117851349086,1.79999946772531,1.58725826149621,1.520399713061,1.4915479290271,1.52200155864858,1.56614748907179,1.65794578197752,1.55118097188366,1.51788272735173,1.54625788711361,1.55118097188366,1.51788272735173,2.19646053404564,3.07551247458157,1.4795467677179,1.51768819985939,1.55428659981929,79.3768500992962,2.64454726895186,1.96523570030007,4.36481547487555,1.74195840691678,1.58747476359965,1.61851994570442,1.61623383320374,2.95197413871543,4.62794572811448,2.30220069325019,2.35379875030602,2.25419790792763,1.91226309285581,2.68011414564872,3.3694794659003
-1.66666666666667,3,1.13555555555556,0.333333333333333,0.00055249987191025,0.00527826330637386,0.015359564119382,0.03070056249978,0.0513012584475679,0.0856944154922499,0.00055249987191025,0.00527826330637386,0.015359564119382,0.03070056249978,0.0513012584475679,0.0856944154922499,0.00055249987191025,0.00527826330637386,0.015359564119382,0.03070056249978,0.0513012584475679,0.0856944154922499,0.111111111111111,2,150.000015727529,45.7085168211645,-1.51178642537236,204.437742943443,33.3175678116863,1537.44682845537,-15.6637990834288,0.876802655973337,-0.0630327795250495,-0.01218970044787,0.876802655973337,-0.0630327795250495,-0.286825461581085,-0.0293734694219352,-33.2519497968961,0.109755199375065,1.99973888136653,673.14098531403,-9.52821795437975e-18,0.214308509530257,0.176178543901677,0.190428653265285,0.269303260077075,0.336547942922612,0.421289428184564,0.0120109363607957,0.00802641110301011,0.00600110217685658,0.00600041068638684,0.00631388990730133,0.00696195136131653,20.211522758046,0.303730955108844,17.3232166618681,2.74345790927279,122.139088959296,120.194564935613,2522.35939796612,63.2265957241676,7.00923942665316,0.111984524917821,0.334146534744231,0.00323739522077048,0.111984524917821,0.334146534744231,0.269844125406167,0.0517867764383848,0.35544043977773,0.533739099993196,0.224277426875266,0.0491832022998471,8.88386641308142e-16,0.029997764352065,0.0341008659470385,0.0294666177427362,0.0291102972330375,0.0342686972108426,0.0704621894595493,0.00075157583630693,0.00034316442584308,0.000227052794146286,0.000248396976813237,0.000290677632264969,0.000897806697785817,0.167136900373294,0.00249983999783094,3.94801618153389e-07,0.00318275405070542,0.0160141920222386,-0.0153377571300408,-0.015208858934219,-0.419453161424948,-0.225529305490854,-0.16154190076736,0.00515939123924992,-0.0665064168192768,-0.16154190076736,0.00515939123924992,-0.339862894606085,-0.158886411505616,-0.0240670918776861,-0.00317001144363097,-0.526679754034087,0.366594896247475,-0.075524009299395,-0.582833978939115,-0.332253964132302,-0.275875521762888,-0.333150641012235,-0.334824175635345,-0.629496533246639,-0.00749678649421675,-0.0207598442094611,-0.0107361534359408,-0.08586566626336,0.0414751454021361,-2.35243577757112,0.140903929341859,0.141039880921569,1.79999946772531,1.72890431385743,1.50612789801729,1.50111148058027,1.50598425537368,2.25457873915517,1.59513536177163,1.60478693809201,1.50256991354893,1.90688617250524,1.60478693809201,1.50256991354893,3.50769734862396,2.26777162032427,1.5018052121427,1.50180254045864,1.87048475950468,1.13439181796224,3.7883442080587,2.30834352265565,1.8914601197432,1.76051481593278,1.7220397483682,1.66109867551879,1.65420781894192,1.65308068665415,1.287584079506,1.45915724579305,1.83711808663218,1.86443101279735,34.0198405955145,1.51666835367396,1.51632764122778
15,3,1.13555555555556,0.333333333333333,0.00055249987191025,0.00527826330637386,0.015359564119382,0.03070056249978,0.0513012584475679,0.0856944154922499,0.00055249987191025,0.00527826330637386,0.015359564119382,0.03070056249978,0.0513012584475679,0.0856944154922499,0.00055249987191025,0.00527826330637386,0.015359564119382,0.03070056249978,0.0513012584475679,0.0856944154922499,0.111111111111111,2,150.000015727529,44.3757441933132,-1.71418080429122,203.897582543485,36.7520189563587,1484.39287574211,-15.1301926882616,0.844582470575982,-0.0612491413554838,-0.0112996289969795,0.844582470575982,-0.0612491413554838,-0.328560174157901,-0.0280472631706072,-33.1666826372253,0.106541206341006,1.92555775440058,672.282189355282,2.01120926986771e-18,0.193690880116655,0.158461319654203,0.177995927507551,0.257182595562962,0.324281345693157,0.409944224559941,0.0120358296010832,0.00805635402562233,0.0060004232892407,0.00599822258098115,0.0063428672013332,0.00697638668888657,14.6892094573482,0.2210254556817,17.3232166618681,2.87110027377243,121.722504539064,120.399092790996,2506.96236307761,121.944139394122,7.63930082087528,0.087100671722796,0.323915927051441,0.00243122280598518,0.087100671722796,0.323915927051441,0.312679905759607,0.053624079478443,0.345324853398282,0.515465073519346,0.264698800570491,0.0620939977574916,9.22198536289138e-16,0.0624731903233158,0.053716576721968,0.0445913813500406,0.055417596409856,0.0678168405899714,0.10569590956206,0.00134051281454568,0.000498166641888338,0.000330190905284435,0.000458812039554375,0.00056618374333501,0.00101878267860977,0.180368575128493,0.00270389762332761,3.94801618153389e-07,-0.0320988161345385,0.0174705877863162,-0.015409360430761,-0.0168251638690841,0.339123298066411,-0.0193674932012737,-0.486857400649662,0.0054776253032694,0.763001701871603,-0.486857400649662,0.0054776253032694,-0.673757644056117,0.215990163522319,-0.0257780734142425,-0.00316842974571764,-0.141289869964577,0.140104081594223,0.0527747989907681,-0.0908328764728311,-0.0611464170056331,0.0483107984014443,0.119409706199375,0.11422858303743,-0.262919898678109,0.147592014863835,0.0103685498270966,0.135036773811475,0.182968014484314,0.0273881740172204,-0.472111118686401,-0.0164793401600797,-0.0159670561787453,1.79999946772531,1.77888418069907,1.50748214716436,1.49707552313049,1.50730399871286,1.67729560509204,1.55358861667796,1.88339054554865,1.50637722105621,2.22751154993778,1.88339054554865,1.50637722105621,5.00497255974041,2.19065935336001,1.49200548541327,1.50642626348323,1.7379372453084,2.46757648806066,3.96801861003232,1.69828807211087,1.65132345876756,1.5708434910022,1.47463989931448,1.47154489343322,1.99522314568555,1.58373171672802,1.63180672278099,1.77584718667231,1.82654490253225,1.68303920624691,18.450652318065,1.61725322092019,1.61624592941644
15,3,1.13555555555556,0.0555555555555556,0.00055249987191025,0.00527826330637386,0.015359564119382,0.03070056249978,0.0513012584475679,0.0856944154922499,0.00055249987191025,0.00527826330637386,0.015359564119382,0.03070056249978,0.0513012584475679,0.0856944154922499,0.00055249987191025,0.00527826330637386,0.015359564119382,0.03070056249978,0.0513012584475679,0.0856944154922499,0.111111111111111,2,150.000015727529,45.1037527340902,-1.60984257369024,204.124263097594,35.3067821060307,1520.24039162587,-14.8375368190813,0.875307374231851,-0.0632124366249454,-0.0119878614727633,0.875307374231851,-0.0632124366249454,-0.284919218862618,-0.0294192477648162,-33.2044995312989,0.110459166549943,2.0041875846266,672.668951150908,-9.47264703468388e-18,0.190935704614103,0.158051557129466,0.177966607645037,0.258522216435788,0.3266859910426,0.438477846057703,0.0120212061243621,0.00803723424643266,0.00599923122591397,0.00599988928236642,0.0063383306947193,0.00691702337777315,17.1221049890637,0.257487022185189,17.3232166618681,5.87930119402835,121.701879172907,120.197020118711,2504.78942589977,167.703061980136,7.90454035525387,0.0514024375008784,0.32190632845209,0.00147534750623083,0.0514024375008784,0.32190632845209,0.270083020628375,0.0494807436671718,0.340220305501923,0.511910036979159,0.200739365419879,0.0462717720036019,8.76204053261889e-16,0.041183750032196,0.0262329676870316,0.0227534477570868,0.0427031183619757,0.0570518778957976,0.0746282658259816,0.000858070779003199,0.000248861999949221,0.000181666479169954,0.000359720656277657,0.000478179576737419,0.00093326757300155,0.10120830323059,0.001516257143576,3.94801618153389e-07,-0.0473987407215824,0.0168019659464983,-0.0161725785513911,-0.0161059892946286,0.0338159815888458,-0.0661212815172963,0.130948670904939,0.0130049792188122,-0.484770640437211,0.130948670904939,0.0130049792188122,0.68638272928216,-0.347361602747247,-0.0291563509236348,-0.012618344833941,0.140882834038646,-0.8191662905636,-0.0847877748282903,-0.236881982964581,-0.206623667670147,0.12799169401944,0.118975218789746,0.105815378017384,0.139743645981482,0.0761691125588043,0.0286453341450197,0.262490686818457,0.203898192383319,-0.0103506628966644,-1.42464766941974,-0.0415177796313048,-0.0458599876675155,1.79999946772531,1.51435590364998,1.50697897917579,1.49879272279754,1.50689619329167,1.57686412576904,1.51840634577274,1.71572347470671,1.50608811725782,2.16802248250371,1.71572347470671,1.50608811725782,6.46889986952806,2.6059593942372,1.49685121243558,1.50597969242654,1.60625637134428,1.67103341207242,4.19351075484061,1.88757317409091,1.93376722852092,1.43074508222685,1.5080205713331,1.53064435868345,1.52466895985606,1.32642392899476,1.42874006950306,1.86242520379606,1.98318963329485,1.94785547980295,17.960910571861,1.62614631299124,1.62697067788756
15,3,1.31333333333333,0.0555555555555556,0.00055249987191025,0.00527826330637386,0.015359564119382,0.03070056249978,0.0513012584475679,0.0856944154922499,0.00055249987191025,0.00527826330637386,0.015359564119382,0.03070056249978,0.0513012584475679,0.0856944154922499,0.00055249987191025,0.00527826330637386,0.015359564119382,0.03070056249978,0.0513012584475679,0.0856944154922499,0.111111111111111,2,150.000015727529,48.43209561504,-1.51373212436205,204.217020102073,33.6474773855849,1667.7302364337,-16.9072613269451,0.979408874075618,-0.0699298975658785,-0.0147890240599938,0.979408874075618,-0.0699298975658785,-0.139369004748464,-0.0331184733194459,-33.2429590667639,0.122994606280596,2.2551120716592,673.049296948246,-5.93333439641707e-18,0.190471138423081,0.157678356421206,0.177714352671596,0.258298864701594,0.326455150505156,0.437159816685762,0.0120219497968962,0.00803788230392667,0.0059994682845537,0.00600020664514114,0.00633911675867098,0.00692446102489325,19.5178710550984,0.293353431934174,17.3232166618681,6.03630200360895,121.732486258273,120.131087554754,2504.41851955278,183.653836887148,8.87977785094998,0.0642876976339633,0.320664726365614,0.00191815682892681,0.0642876976339633,0.320664726365614,0.250104979943751,0.0489821166873343,0.339119053718792,0.509656958074587,0.236600224405293,0.0499976607792328,8.8840182592743e-16,0.0411481508956471,0.0262890269061707,0.0228661399558246,0.0428415015123882,0.0572553530501439,0.0746529966308546,0.000856214019913276,0.000248781613779083,0.000180972858978174,0.000357641246866192,0.000475798959439271,0.0011365228811432,0.116717556326431,0.00174468208116864,3.94801618153389e-07,-0.0556542003967468,0.0161586103699492,-0.0159098339102032,-0.0153741362284275,0.036035129332098,-0.0350111663608255,0.143018975611021,0.0117736512205866,-0.703696910164941,0.143018975611021,0.0117736512205866,0.754891644816737,-0.25553815848164,-0.0285572329359614,-0.0113031767209523,0.1373494841928,0.0281248503812821,-0.0558791842856227,-0.235974046970762,-0.203726199513484,0.12801689475414,0.117004096735926,0.102261330948537,0.167108433241507,0.076215977414916,0.0230002273102988,0.220234360516519,0.167625721159737,-0.0446468284130685,-0.98575946938296,0.0657435205367118,0.0654249322841157,1.79999946772531,1.51046080462855,1.50636024936421,1.50053962359371,1.50626532988331,1.56639572898842,1.51766077812396,1.66483338453321,1.5050992317635,2.13724767249593,1.66483338453321,1.5050992317635,10.3555342605934,2.53584314891469,1.49885102682679,1.50490240842089,1.59370769297402,1.00079100722201,4.3298205697945,1.89273325234313,1.93543153305424,1.4286320527813,1.50542542583651,1.52756540382279,1.54324835028034,1.32323550335735,1.41600282807594,1.80148015032887,1.93506115417685,1.90830500363181,12.6101669440337,1.59985522009639,1.59839618772545
15,3,1.31333333333333,0.0555555555555556,0.0033149992314615,0.0316695798382432,0.092157384716292,0.18420337499868,0.307807550685407,0.514166492953499,0.0033149992314615,0.0316695798382432,0.092157384716292,0.18420337499868,0.307807550685407,0.514166492953499,0.0033149992314615,0.0316695798382432,0.092157384716292,0.18420337499868,0.307807550685407,0.514166492953499,0.666666666666667,2,150.000015727529,46.5619956254557,-1.5705328663681,204.232276846162,34.4104447953339,1565.83647536715,-18.0469993750651,0.882434704718258,-0.0635340400687427,-0.0120689511509218,0.882434704718258,-0.0635340400687427,-0.286227633246537,-0.0290962895024476,-33.2224164149568,0.109997290353088,2.00128403291324,672.857077387771,-3.99615699406297e-19,0.190882783043433,0.156883470471826,0.183491053015311,0.273444922403916,0.305067940839496,0.373895406728466,0.0120214050619728,0.00807311998750129,0.00599931080095823,0.00599974596396208,0.00751035090094782,0.0101876304551609,18.279396937819,0.274816810748881,17.3232166618681,5.56803997123143,121.800509664603,120.155469545462,2509.08029906268,144.335611967071,7.88562460924411,0.0319637659708677,0.324401401509212,0.00112593865184462,0.0319637659708677,0.324401401509212,0.154952455976869,0.0451804743662959,0.343053831291613,0.516483229212284,0.141728018005382,0.0494991492991876,9.31414388824168e-16,0.0411458764185898,0.0259093001054558,0.022493335127354,0.0405836537739323,0.0444373741819485,0.0467372318877002,0.000857388679953191,0.000246806996915606,0.000187444530286613,0.000368507314972357,0.00078378147377093,0.00447006433476792,0.0818825430812659,0.00122347978567328,3.94801618153389e-07,-0.068178257657664,0.0168914885967226,-0.016210174544089,-0.0169797569263716,0.00828844486132911,-0.095873163532654,0.0325310320622639,0.0151849677346835,0.105705478817735,0.0325310320622639,0.0151849677346835,1.22279109981841,-0.189418917719457,-0.0310689446588326,-0.0149542786024633,0.152344999479201,-0.285974869269233,0.00858736029803469,-0.23630072858834,-0.211693415418198,0.11717651235798,0.125369408834192,0.119733587659321,0.120324497957786,0.0807419418685977,0.0372168428202685,0.256191878252909,0.216421063157931,-0.210115560891526,0.338234634371589,-0.262711831671362,-0.264002800037114,1.79999946772531,1.49493282681946,1.506670676493,1.49966389876159,1.50667783145829,1.56162315474709,1.52005735012842,1.75330491198341,1.50613138183031,1.95459535796999,1.75330491198341,1.50613138183031,6.06318536329561,1.86680805574712,1.50044779522703,1.50608403529345,1.62549522134888,1.08178162586571,4.39668365104391,1.88830490507554,1.94581078023999,1.43820098152184,1.49809394951329,1.5240692478771,1.53438650672539,1.32547161034152,1.42108565529054,1.83421256900406,1.96852672306558,1.56612431031981,1.31522439119402,1.80206658617932,1.80229007279836
15,15.2222222222222,1.31333333333333,0.0555555555555556,0.0033149992314615,0.0316695798382432,0.092157384716292,0.18420337499868,0.307807550685407,0.514166492953499,0.0033149992314615,0.0316695798382432,0.092157384716292,0.18420337499868,0.307807550685407,0.514166492953499,0.0033149992314615,0.0316695798382432,0.092157384716292,0.18420337499868,0.307807550685407,0.514166492953499,0.666666666666667,2,150.000015727529,196.262920529112,-17.0172896396209,614.823341318613,402.388760858244,6181.57702322675,-26.1178151111343,2.66423830850953,-0.647162722633058,-0.0991277596083741,2.73221966461827,-0.228027061391522,5.38106366993022,-0.262621942641391,-100.943534006875,0.357195862983023,5.57913779814603,1173.6010832205,8.88236496198315,1.40756072284137,0.931104666180605,0.644109936464952,0.618077689823977,0.476412009165712,0.390088980314551,0.0440353939381314,0.0114422142413811,0.00681681626461827,0.0095663782939277,0.0105320714508906,0.0106370006249349,4999.98989688574,43.0934173523586,17.3232166618681,22.0999352367744,123.882962592734,117.964939671008,2554.32144366008,489.044468974462,25.6159415842188,0.16645637652692,0.35764638238076,0.0145077868412865,0.200920920836853,0.33948131154489,1.4493425196489,0.297768511581109,1.12532739639529,0.537897818461214,0.350243131429954,0.489701092345595,0.00435219261324965,0.393548208540816,0.223955560400885,0.136881840952357,0.0969368990316426,0.0655614599578639,0.0439054179388742,0.0708714690048496,0.0150442475430172,0.00501385368217784,0.00280119437238454,0.00228415282615406,0.00475988242738197,1.74684298563143,0.00587700913426764,3.94801618153389e-07,-0.0215356374980511,0.014621409680515,-0.00940098529937435,-0.0174831703630671,-0.363351194825721,0.0605435135068896,-0.741165993370244,0.00301928655755672,0.446620270301097,-0.549362087817934,0.0121924625917713,-0.299004797066312,-0.236141963487796,0.121091229088595,-0.0132082768838785,-0.806441001768016,-0.412857911456589,0.0505866201458237,0.382506741082595,0.0124414840668309,0.029478079930112,0.0464712421849997,0.0724191638453362,0.085236528864082,0.184973550761145,0.0913685498842367,-0.0697145566492966,0.135440826009327,-0.56423224183269,0.0872778887614267,-0.156208777612183,-0.257371253229199,1.79999946772531,1.44679610064367,1.49678661993879,1.50878825160799,1.50096997434216,1.92789055287417,1.48652367169534,2.59080113634907,1.47929789704213,2.13881872767924,2.25572049067179,1.49613656606645,6.98718633355667,2.38565986656659,1.59728948747683,1.4968029974362,2.79615080259402,1.17045165505214,2.23754113668204,1.92902806635111,1.64853189564347,1.6330647965276,1.60504660747267,1.58845809705877,1.60849627860022,1.72862724078633,1.51810424514117,1.45856393833197,1.99361029399175,2.97762941608382,1.1831352851354,1.85233394768898,2.33009408204668
15,3,1.31333333333333,0.5,0.002209999487641,0.0211130532254954,0.061438256477528,0.12280224999912,0.205205033790271,0.342777661969,0.002209999487641,0.0211130532254954,0.061438256477528,0.12280224999912,0.205205033790271,0.342777661969,0.002209999487641,0.0211130532254954,0.061438256477528,0.12280224999912,0.205205033790271,0.342777661969,0.444444444444444,2,150.000015727529,46.7386199354234,-1.65178783085095,204.001665451516,35.4568752838246,1578.97396104572,-17.8869068846995,0.89747856473284,-0.0645572174877616,-0.0127355097385689,0.89747856473284,-0.0645572174877616,-0.260541844853661,-0.0295606377523174,-33.1943714196439,0.112128645929591,2.04183012186231,672.557129465693,-7.91465367149255e-18,0.195504432871576,0.159013782939277,0.182818647015936,0.267711852931986,0.313825716071242,0.382518529319863,0.0120190633267368,0.00808720966565983,0.00600310603062181,0.00599900531194667,0.00785303614206854,0.00963662831996668,16.4438371003021,0.247326091032183,17.3232166618681,1.55695017763576,121.849146725968,120.423245709261,2510.99947875808,160.153275375713,7.99193462159896,0.133749220554046,0.32614055380692,0.00358909155133852,0.133749220554046,0.32614055380692,0.321533207926441,0.0533880765540667,0.348570777054547,0.51943866312848,0.346920305739295,0.0494916744620675,9.02794064858237e-16,0.0756315035029612,0.070902179563792,0.0618135750160351,0.0726592851739774,0.080293507443461,0.103364826440962,0.00169118484068546,0.00069617475976934,0.000489694735700725,0.000630894811848706,0.00105111502346212,0.00253597440097921,0.135217972650054,0.00202581347334734,3.94801618153389e-07,0.388747032930569,0.0174190215924111,-0.0158586067967385,-0.0170987607489859,-0.177885463303341,0.00632388445047958,-0.342616119035507,0.0075738008339112,0.631233508659468,-0.342616119035507,0.0075738008339112,-0.89885683044257,0.150104096945672,-0.0272466325276978,-0.00559951884869453,-0.276977260066983,-0.288122683005393,0.096015934884812,-0.0344785367831746,-0.00294198057000091,0.0648595919946802,0.0837850790250567,0.0498478086960145,-0.257786721433121,0.270994910563414,-0.00687837940937222,0.107003717582383,0.0620749815406419,-0.738079793332282,-0.0361582097225976,-0.180665154886298,-0.181574076552826,1.79999946772531,1.9782878672868,1.5070914433491,1.49842496922353,1.50703512562844,1.70597335539327,1.56185043802601,1.6805494969489,1.50690152773087,1.80426404640039,1.6805494969489,1.50690152773087,4.47946074333067,1.83536586524208,1.4958873683426,1.50706331193778,1.69676692165721,1.08301468031561,4.0992143058451,1.65145928241517,1.59814310054776,1.56934000774278,1.50825461422452,1.49535034349971,1.8015257845581,1.79246718705556,1.81237500154702,1.86908077730946,1.87123565532284,2.51512872675069,2.06926560911218,1.65838298302096,1.65763278302271
15,3,1.31333333333333,0.5,0.00497249884719225,0.0475043697573648,0.138236077074438,0.27630506249802,0.461711326028111,0.771249739430249,0.00497249884719225,0.0475043697573648,0.138236077074438,0.27630506249802,0.461711326028111,0.771249739430249,0.00497249884719225,0.0475043697573648,0.138236077074438,0.27630506249802,0.461711326028111,0.771249739430249,1,2,150.000015727529,44.8787522133112,-1.57482801791481,204.317639829184,34.2838781762315,1478.78627226331,-19.047493177794,0.804021383189252,-0.0582538130725237,-0.0103024223518384,0.804021383189252,-0.0582538130725237,-0.401310873294448,-0.0260918400024997,-33.2193500677013,0.0994442962399753,1.79844964066243,672.840256223315,4.89295529632333e-18,0.195369790646808,0.158165550463493,0.188507005520258,0.274837225289032,0.291206801374857,0.317727674200604,0.0120139271950838,0.00811161368607436,0.0060036443078846,0.00624114602645558,0.00805439922924696,0.0128624318300177,18.2176335798354,0.273892625768149,17.3232166618681,0.951022051724456,121.966075488831,120.308703202133,2515.12170893057,116.950403230157,7.06625062468158,0.108574446684843,0.328748915455633,0.00271541766278618,0.108574446684843,0.328748915455633,0.252095041041229,0.0500687405066637,0.351214699356398,0.524166950360604,0.261507783086306,0.0559677824834107,8.9235365819794e-16,0.075565069058808,0.0706912225221684,0.0631409628105776,0.074359864185147,0.0723324087300762,0.0774874454058022,0.00169067019662659,0.000695947542934695,0.00052010829664674,0.000683496863507108,0.00146120127794288,0.0068999149903703,0.222527160077769,0.00332974376367113,3.94801618153389e-07,0.357530684473773,0.0162759881149086,-0.0161595106878367,-0.0143790775094301,-0.292061734956128,-0.073697612323757,-0.303260622836062,0.0055151113885336,0.61247012608967,-0.303260622836062,0.0055151113885336,-0.744956981983818,-0.0295125790477128,-0.0305587458074501,-0.00401097953196889,-0.332296160167836,-0.233510396348375,0.00596105151257771,-0.0320301808149621,0.00899099202413824,0.0592863987237351,0.0689499395612914,0.0230922181835721,-0.313081983580912,0.309755592940604,0.0216354965024496,0.125445432409841,-0.077410436247264,-0.517272026600737,0.218986653688919,0.0590225368248097,0.0583581748691942,1.79999946772531,2.33314095857121,1.50658723683305,1.49975389908658,1.5065179622006,1.71201301215589,1.55805196067283,1.76137803356846,1.50462455400686,2.03166231374127,1.76137803356846,1.50462455400686,3.7482546748141,1.77012003211738,1.50241516790998,1.50417717269308,1.73894615596635,2.14445009678987,3.70866204371954,1.65063625753449,1.60012958509353,1.56817634709065,1.50919997886708,1.49915482649457,1.73334751741557,1.8182279586434,1.82131178186379,1.81202036534676,1.82025937661627,2.13711119116281,1.38499256798259,1.56246677870551,1.56212664256791
15,3,1.31333333333333,0.222222222222222,0.00497249884719225,0.0475043697573648,0.138236077074438,0.27630506249802,0.461711326028111,0.771249739430249,0.00497249884719225,0.0475043697573648,0.138236077074438,0.27630506249802,0.461711326028111,0.771249739430249,0.00497249884719225,0.0475043697573648,0.138236077074438,0.27630506249802,0.461711326028111,0.771249739430249,1,2,150.000015727529,44.9980377044058,-1.37042975731696,204.767160712426,31.6400937402355,1484.83824601604,-19.0076574315176,0.810620299968752,-0.0586111755994167,-0.0102958483491303,0.810620299968752,-0.0586111755994167,-0.393106456645141,-0.0266865958998021,-33.2888282470576,0.100257772966358,1.81671034267264,673.551619622968,-1.86744232163316e-17,0.191352530986356,0.1556319820852,0.185979470888449,0.27216960733257,0.288585001562337,0.325640724924487,0.0120330861368607,0.00809999979168837,0.00600082939277159,0.00625845266118113,0.00748837204457869,0.0105165083845433,22.7429913550672,0.341573242370585,17.3232166618681,3.59310899254785,122.023799979332,120.08834472275,2515.74439089248,72.3631278374783,7.15959085758028,0.0268776411367641,0.327581581377632,0.00123365549659996,0.0268776411367641,0.327581581377632,0.11994230990864,0.0455881909071689,0.34777200352437,0.522093168151879,0.0955271827931346,0.0499763640624299,9.04820981357197e-16,0.053527238374784,0.0418382479872646,0.0349935411952931,0.0459083101720834,0.0434286186126933,0.0383792290511125,0.00112046848729323,0.000380295880422892,0.000274848990459867,0.000420149775468833,0.00107582751536592,0.00671225502071254,0.119194644857718,0.00177996301357301,3.94801618153389e-07,-0.152936368519859,0.0153808404293488,-0.0152605818884725,-0.0149267662412557,0.341244639010087,-0.128095558107334,-0.737616851774584,0.0107859194063256,0.334479106614322,-0.737616851774584,0.0107859194063256,0.625107520013909,-0.105891154484205,-0.0335654376267019,-0.0102548226147738,-0.032818798657794,-0.064818934200274,-0.000727967994072926,-0.135588674814101,-0.101278896228196,0.02248027728393,0.113413825095277,0.0916825082777879,0.0425186832894371,0.126124515942959,0.0448269981531473,0.150841370560913,0.116613490919947,-0.166386370087251,0.566428654233561,-0.188607869170527,-0.188488610416264,1.79999946772531,1.52149188224538,1.50522592735318,1.50236305679768,1.50519610326565,1.74442735868176,1.53272947208608,2.53731888261883,1.50448883592032,2.34758091180099,2.53731888261883,1.50448883592032,5.33715821244414,1.70854499080748,1.49932217654677,1.50440698826576,1.49612684591008,1.00420149420022,4.05291913399913,1.75306678413251,1.72280551559327,1.57853652787486,1.45911341940049,1.46529172119083,1.48169860234606,1.47169626713048,1.48621429118218,1.56932575152098,1.75979873954682,1.50158505480471,1.64006680116554,1.68868574413594,1.68903948961934
-1.66666666666667,3,1.31333333333333,0.222222222222222,0.00497249884719225,0.0475043697573648,0.138236077074438,0.27630506249802,0.461711326028111,0.771249739430249,0.00497249884719225,0.0475043697573648,0.138236077074438,0.27630506249802,0.461711326028111,0.771249739430249,0.00497249884719225,0.0475043697573648,0.138236077074438,0.27630506249802,0.461711326028111,0.771249739430249,1,2,150.000015727529,46.2842703885012,-1.01011002187272,205.648627226331,26.129271388397,1532.84751588376,-19.3014446411832,0.836314300593687,-0.059832346902406,-0.0109694730757213,0.836314300593687,-0.059832346902406,-0.362082608976148,-0.0280337650692324,-33.455255702531,0.102356073350797,1.873263097594,675.21409228204,1.55225230288512e-17,0.212508332465368,0.173330590563483,0.199265993125716,0.285373304864077,0.299609113633997,0.333977064889074,0.0120110155192168,0.00807638381418601,0.0060013129882304,0.00624828726174357,0.00732710311425893,0.00948538839704198,33.5679345901468,0.502904291219665,17.3232166618681,3.58218977945741,122.361644547792,119.873463525653,2525.63687340154,36.9187322079042,6.90355835377992,0.0743409921455186,0.333216161572652,0.00221087852582807,0.0743409921455186,0.333216161572652,0.115884321854464,0.0459136503241257,0.354015477129045,0.531844930469231,0.106313311242975,0.0522646652446229,9.05662963006472e-16,0.0223913279190729,0.0224101967248159,0.0186717288153428,0.0178280771889124,0.0185852890765257,0.0191286463018834,0.000626697361727834,0.000247723334136072,0.000170226591167958,0.000194281684388317,0.000464335193888002,0.00419102333571243,0.148900114353343,0.00221274488291102,3.94801618153389e-07,-0.125556962737551,0.00998346995245178,-0.0101236595198149,-0.00943395470709554,0.257911616160927,-0.2521538767623,0.117389981502293,0.00536464512415768,-0.581446271518985,0.117389981502293,0.00536464512415768,-0.074109296793361,-0.0564774193128432,-0.0268473444138033,-0.00493242395143659,-0.159315169565347,0.158697105673147,0.0690741761632808,-0.789030777520697,-0.56158394099163,-0.52934529105581,-0.623325976050034,-0.561273992214676,-0.602220481961294,0.126700689527947,-0.0629622134620387,-0.307488599551837,-0.251595217741174,0.73441316166979,-0.219243641757772,0.110035387603711,0.109980959630169,1.79999946772531,1.52108892929668,1.5004430760086,1.50419649540445,1.5003523856084,1.72147383092574,1.56162300432015,1.48032075904443,1.4995599590267,2.04573580770031,1.48032075904443,1.4995599590267,5.69759103743221,1.66153660361419,1.49843143438896,1.49946040586463,1.71004472032438,3.31474049221823,3.59345118612091,2.73995514169368,2.31699083092095,2.15685514033201,2.11970534626689,1.92077134391934,1.91260803423986,2.43748520505785,1.78908330738511,2.16220083224016,2.58210719562729,2.34864086646442,1.41556975078945,1.65496523557249,1.65500119340955
-1.66666666666667,15.2222222222222,1.31333333333333,0.222222222222222,0.00497249884719225,0.0475043697573648,0.138236077074438,0.27630506249802,0.461711326028111,0.771249739430249,0.00497249884719225,0.0475043697573648,0.138236077074438,0.27630506249802,0.461711326028111,0.771249739430249,0.00497249884719225,0.0475043697573648,0.138236077074438,0.27630506249802,0.461711326028111,0.771249739430249,1,2,150.000015727529,195.393927715863,-17.8391157681491,615.694802624727,403.294354858869,5998.59462555984,-28.1044889439642,2.43923789188626,-0.603812814290178,-0.0852225747317988,2.50413238204354,-0.209262037450266,4.35152943443391,-0.287256552952817,-100.997429434434,0.320466891521716,4.97890303093428,1173.63618373086,9.12674117279448,1.48065586918029,0.958559545880637,0.668983564212061,0.613940756171232,0.439835423393397,0.322918310592647,0.0172264324047495,0.0118178423510051,0.00798546380585356,0.0119086743047599,0.0120889243828768,0.012374159462556,4999.9951046766,43.093312154984,17.3232166618681,31.0468104507563,123.196164972826,119.010126158209,2552.00993952942,971.691243736633,23.029235924895,0.465520263685218,0.408300451881684,0.0330491340629004,0.507865625963866,0.354245864716874,1.57221087651613,0.291371395262866,1.26149470530175,0.564389403702282,1.03881307162719,0.645996466377934,0.00676913810363444,0.146415988067024,0.0971735520900299,0.0828580286961986,0.0776015177861864,0.0663624532103368,0.0543858743350447,0.0261882032203748,0.00745206263795389,0.00348422214866043,0.00272987613700525,0.00397290222739599,0.00675460546364219,2.45664002246541,0.00926728942478071,3.94801618153389e-07,-0.145265206701419,0.00524427392136461,-0.0105956995298779,-0.00296523897917693,-0.29162112867526,0.00452517126585554,-0.337545900620352,-0.0140308689075066,0.102046059317933,-0.296264664299926,-0.0118292500154319,-0.595399889615134,-0.2045503822506,0.160278468797053,0.0120520794732312,-0.345419941401583,0.518535720072213,-0.00192942766366034,0.0915563190279277,-0.240241609017334,-0.273737530247718,-0.302958824318083,-0.337169155425526,-0.442863833744243,0.76399573863881,0.524927460610559,0.492366258420465,-0.0363823044588578,-0.659175319027342,0.249842292847785,-0.00687271551140886,0.0498401413311517,1.79999946772531,1.57104759934951,1.49720022174752,1.51113234101176,1.49908385465268,1.73469632559909,1.57621022427357,1.77427514367514,1.48007999435869,1.60380578175182,1.73295603686499,1.4901199693441,3.26113205965249,2.41119479482804,1.49147424265925,1.49034018665283,1.78696015814591,2.32104847017882,1.81841112317525,1.52057920797293,1.89415030429492,1.93550793471511,1.81314378979372,1.71409870194258,1.73256591461006,2.46359301722251,2.1305626405873,1.83832922222912,2.77198444149158,1.88731670985984,1.40778388674213,1.32847659498962,2.08120998243754
-1.66666666666667,15.2222222222222,1.13555555555556,0.222222222222222,0.00497249884719225,0.0475043697573648,0.138236077074438,0.27630506249802,0.461711326028111,0.771249739430249,0.00497249884719225,0.0475043697573648,0.138236077074438,0.27630506249802,0.461711326028111,0.771249739430249,0.00497249884719225,0.0475043697573648,0.138236077074438,0.27630506249802,0.461711326028111,0.771249739430249,1,2,150.000015727529,198.678950109364,-21.4232956139985,614.589063639204,528.977646036871,6226.43745443183,-16.5890153493386,2.64159785439016,-0.600187032600771,-0.0985939016769087,2.69798708467868,-0.243176154209978,5.18184137069055,-0.275948489061556,-100.953673575669,0.37845498348922,5.45037996042078,1173.64503697532,7.65030590563485,1.58980356212895,1.08554032913238,0.796221445682742,0.735016456619102,0.547159275075513,0.408549255285908,0.0267404555975419,0.0122996403543381,0.00736208119831268,0.0131878030413499,0.0149238298093948,0.0177369231330069,5000.00479116759,43.0935860847822,17.3232166618681,26.873152409005,123.954141074803,118.95337651597,2571.10712235495,858.746334459146,24.2389190886714,0.426467044242064,0.396377680243482,0.0328718773878903,0.461154135746944,0.355419186380029,1.52006899416494,0.294924980749518,1.21417649273876,0.566412609805238,0.943616735287712,0.483938487382618,0.0044824955283314,0.146560419678973,0.0967474363056974,0.0848790283741697,0.0766801267848118,0.067119724852121,0.0547295093097781,0.0311521860052171,0.00857010141191773,0.00403639053541162,0.00288483322197299,0.0017067352020106,0.00618829248118029,1.56077503471473,0.00569384811411031,3.94801618153389e-07,-0.144013862840284,0.00701791166468704,-0.0058596594113491,-0.00954071046699638,-0.302854259595289,0.00415095598656263,-0.337809009855219,-0.0129659776210708,0.124508444596959,-0.294143245674941,-0.00136334279820925,-0.533943448574376,-0.443368693886672,0.111007580720621,0.00170478306933976,-0.347627774445122,-0.537163816311008,0.0300666872008006,0.235266943031792,-0.244919618572732,-0.268843491865227,-0.339344442438902,-0.356370142129658,-0.45924009693521,0.434190947466884,0.533249085655102,0.379906090644739,-0.122905111235867,0.102394455859939,-1.18953978259043,0.0456425433363479,-0.165954610971611,1.79999946772531,1.58672422346432,1.49535639909175,1.51105258597671,1.50000275726262,1.75894764249032,1.57238395051438,1.78300187496021,1.48307317021539,1.62366165476757,1.74142419693054,1.49558003397786,3.23394515562478,2.66555765844793,1.52517542027069,1.49576711698446,1.79838055032721,1.47411149413378,2.41846144352367,1.62741367694933,1.90675632551907,1.94152153028642,1.84466286148237,1.73130801244479,1.7429361132,1.73595522247371,2.21801071979737,1.90536312032628,2.18079830656748,2.44949686011178,2.74056774723316,1.85973743998212,2.29614462229844
5,3,1.31333333333333,0.166666666666667,0.00055249987191025,0.00527826330637386,0.015359564119382,0.03070056249978,0.0513012584475679,0.0856944154922499,0.00055249987191025,0.00527826330637386,0.015359564119382,0.03070056249978,0.0513012584475679,0.0856944154922499,0.00055249987191025,0.00527826330637386,0.015359564119382,0.03070056249978,0.0513012584475679,0.0856944154922499,0.111111111111111,2,150.000015727529,49.3820674929695,-1.36530204457868,204.627145089053,30.9422658473076,1701.92594521404,-17.2701495677534,0.995950286428498,-0.0707002463076763,-0.0152239683366316,0.995950286428498,-0.0707002463076763,-0.119334848452245,-0.0337008657191959,-33.3115883762108,0.124220677638475,2.28968357462765,673.741724820327,5.64618088532444e-18,0.212281501926883,0.175156296219144,0.189780293719404,0.269121018643891,0.336881210290594,0.434721122799708,0.0120133486095198,0.00802369107384648,0.00600105061972711,0.00600140829080304,0.00630458212686179,0.00682846789917716,23.969951046766,0.359899312571607,17.3232166618681,4.14940328365949,122.067572466691,120.046301603298,2516.80512202422,66.6392654732734,8.37416976354485,0.0349040957209184,0.328742134954211,0.00164253122770842,0.0349040957209184,0.328742134954211,0.218234494991265,0.049437396786523,0.348444890020703,0.524030062526681,0.0751784617729974,0.0493130275376013,8.79534490731086e-16,0.0310474034319938,0.0254644672409205,0.0185976614557329,0.0194362676952287,0.0228688701038488,0.0439900867339926,0.000760814957942846,0.000271127561791537,0.000159000329991407,0.000185772276451364,0.000212726353830104,0.00114278341987459,0.174258870228552,0.00260126082135689,3.94801618153389e-07,-0.190303337531268,0.0147717775137029,-0.0144734656374287,-0.0140941196402268,-0.0718193422937416,-0.130215983460296,-0.5605453315768,0.00736874116423147,0.100425599220505,-0.5605453315768,0.00736874116423147,0.175741839126686,-0.244726162526238,-0.0246290298225547,-0.00616525104839245,-0.737449759207812,0.335635878652883,-0.0687309302791443,-0.481332615808095,-0.370903879245809,-0.198264076483172,0.190093261663529,0.317840246329783,-0.65050750727434,0.0425464858393415,0.025757174610105,0.212285520376765,0.561627876274554,0.607721044732623,-0.0808783361890604,0.192589093995238,0.191458613219797,1.79999946772531,1.51573824227813,1.50479391215815,1.50298210403634,1.50464379253344,1.71890973388094,1.54130029003409,2.94612984476176,1.50172884333954,2.6217457750479,2.94612984476176,1.50172884333954,7.13252580842399,2.44495713639809,1.50131778909748,1.50109430312563,3.23287901740134,1.11265144297727,4.13229103524029,2.20056275592704,2.0685564296233,1.82972895388605,1.520506105329,1.55574822777755,2.78100398953918,1.5065428251564,1.47327806470964,1.70624814745697,2.09662457646666,2.3004202724021,17.1094163500968,1.65049869090383,1.64933793429936
5,3,1.31333333333333,0.444444444444444,0.00055249987191025,0.00527826330637386,0.015359564119382,0.03070056249978,0.0513012584475679,0.0856944154922499,0.00055249987191025,0.00527826330637386,0.015359564119382,0.03070056249978,0.0513012584475679,0.0856944154922499,0.00055249987191025,0.00527826330637386,0.015359564119382,0.03070056249978,0.0513012584475679,0.0856944154922499,0.111111111111111,2,150.000015727529,48.8619372981982,-1.35478082491408,204.664752629934,30.7299386313926,1675.8276221227,-17.6476036871159,0.972708988647016,-0.069110882401833,-0.0148371586293094,0.972708988647016,-0.069110882401833,-0.152909265618373,-0.0326500817810645,-33.3137652327883,0.121059494305801,2.22968128319967,673.753983960008,-2.45045878241849e-18,0.213045849390688,0.174356754504739,0.189763285074471,0.268547974169357,0.335830725966045,0.421167628372045,0.0120276721174877,0.00804341547755442,0.00600360691594626,0.00600235704614103,0.00633173481928965,0.006968290313509,24.1564836996146,0.362684970315593,17.3232166618681,0.945983249843645,122.184380667862,120.206848240178,2521.21989363632,126.865544686513,8.06059595091189,0.140310675390616,0.33163797085812,0.00416061169688184,0.140310675390616,0.33163797085812,0.302484038905655,0.0526967569126238,0.353548379945303,0.529179965611643,0.330734801667469,0.0498436237248124,9.05526197165137e-16,0.0521504907466305,0.0540511254649537,0.0471824828988347,0.0496867449450991,0.0579926179352452,0.0888706362611889,0.00120116568693993,0.000541147330491356,0.000365440847712957,0.000412833069831428,0.000479995196465756,0.000956658396425807,0.113428524529671,0.00169284219880538,3.94801618153389e-07,0.905117600195186,0.0149774221593972,-0.0141655567478488,-0.0147486955638478,-0.490296407863371,-0.081128829757116,-0.341738003125276,0.00492653500992392,0.437350278147356,-0.341738003125276,0.00492653500992392,-0.617335624199212,-0.000779711190070533,-0.0215200932518457,-0.00301497835786917,-0.374621704959512,-0.159866687210602,-0.0288533464750418,-0.214822264224998,-0.134126715423609,-0.077925571710076,-0.0644017443236286,-0.0604281765572197,-0.239900746704812,0.0472175663716791,0.019816066057843,0.153237985017474,0.245808781595641,0.170937792066303,-1.61276257500365,0.0400564261749213,0.0401408106113557,1.79999946772531,2.87337669378842,1.50461509402504,1.50301487046576,1.50452858491937,1.77262653579796,1.5910356110863,1.56425815680858,1.50313806483769,1.68018188043625,1.56425815680858,1.50313806483769,3.6302008025971,2.24565651924537,1.50162776205729,1.50306611102634,1.59733202608474,1.02555735765794,3.94229239403725,1.7880177133965,1.66906048675836,1.61445366817921,1.57893717007828,1.56487086046234,1.46223937509549,1.3282019968587,1.50680353489578,1.61352704346259,1.68724277610202,1.70456791195182,27.8014555592657,1.63739417686709,1.63569455705526
-11.6666666666667,3,1.31333333333333,0.444444444444444,0.00055249987191025,0.00527826330637386,0.015359564119382,0.03070056249978,0.0513012584475679,0.0856944154922499,0.00055249987191025,0.00527826330637386,0.015359564119382,0.03070056249978,0.0513012584475679,0.0856944154922499,0.00055249987191025,0.00527826330637386,0.015359564119382,0.03070056249978,0.0513012584475679,0.0856944154922499,0.111111111111111,2,150.000015727529,48.2570971773774,-1.55005426934695,204.175863972503,34.0411300802,1652.99031350901,-18.8859535465056,0.959884084991146,-0.0686390151265493,-0.0148911254036038,0.959884084991146,-0.0686390151265493,-0.171296292528903,-0.0318086457233622,-33.2355129673993,0.120192846672222,2.20071294656807,672.970575981662,1.79590631496719e-17,0.195902239350067,0.161228388709509,0.179751692532028,0.259433548588689,0.326407415894177,0.408466097281533,0.0120092146651391,0.00803496323299657,0.00599871055098428,0.00599565972294553,0.0063339238620977,0.00696062877825227,19.0630580147901,0.286546838870951,17.3232166618681,3.99568964372774,122.325122155697,120.27612876283,2531.86304824301,194.769492525555,6.98581983150571,0.210984082009211,0.342476000821206,0.00617600356810378,0.210984082009211,0.342476000821206,0.286697252579029,0.0528669201834794,0.364628106579663,0.548733286316619,0.446142412436968,0.0455724181264714,9.30125917275375e-16,0.0187487845213085,0.0322781080096824,0.0340275257374397,0.0459213344617723,0.0597758508338898,0.103403706884042,0.000536642094278465,0.000289459064467177,0.000238401587972983,0.000363654633735039,0.000474027992244743,0.0009449279735304,0.107254961368228,0.00160429847596145,3.94801618153389e-07,0.363352698789868,0.0160189091223503,-0.0153301339950396,-0.0148111664165976,-0.0329578100230923,-0.36395937961852,-0.0619948199130224,0.00511125091418393,-0.24071593456294,-0.0619948199130224,0.00511125091418393,-0.952507222340669,-0.330329513981762,-0.0261328571363425,-0.00362262939385386,-0.160022418300898,-0.903048560643575,0.0838614378293176,-1.08902329550596,-0.410604008357124,-0.201214752366468,-0.0466653280226908,-0.0599228211144108,-0.378678343362966,0.0762240961115831,-0.165754243464029,-0.298872605031511,-0.398906136288786,-0.489110313040676,-1.53278051488467,0.0738577104237388,0.0741020623219273,1.79999946772531,1.70004197628993,1.50642625828806,1.50022147417101,1.50636578678342,1.53114308408144,1.67172847759056,1.5330268802217,1.50322265671264,1.6416394814677,1.5330268802217,1.50322265671264,3.78272201276408,2.25787666008744,1.50344515584146,1.50260095173229,1.58213459128449,1.81549670312631,3.90294328440114,3.31781601730999,1.94548300387658,1.63500171119993,1.48995253737542,1.49006854266451,1.94781091864122,3.12243282029309,1.32270229694215,1.56671662640924,1.82925505305676,1.85023429985614,17.7145877692333,1.7150729332668,1.71414596137447
-11.6666666666667,3,1.13555555555556,0.444444444444444,0.00055249987191025,0.00527826330637386,0.015359564119382,0.03070056249978,0.0513012584475679,0.0856944154922499,0.00055249987191025,0.00527826330637386,0.015359564119382,0.03070056249978,0.0513012584475679,0.0856944154922499,0.00055249987191025,0.00527826330637386,0.015359564119382,0.03070056249978,0.0513012584475679,0.0856944154922499,0.111111111111111,2,150.000015727529,44.9638568899073,-1.64038707009687,204.088323091345,35.6442426101448,1508.06780543693,-16.5262132069576,0.858845297364858,-0.0621231973075721,-0.012097660035413,0.858845297364858,-0.0621231973075721,-0.312182305936882,-0.0283383732619518,-33.198361628997,0.108085389542756,1.95813748567858,672.606436829516,-1.35941465055723e-17,0.196337287782522,0.161601266534736,0.180049682324758,0.259781803978752,0.326882376835746,0.409804353713155,0.0120088219977086,0.00803442953858973,0.00599856608686596,0.00599554744297469,0.00633347338818873,0.00695841717529424,16.7508790750963,0.251926913863139,17.3232166618681,3.65015386489858,122.212326444143,120.307123467659,2528.38212634247,161.355113304301,6.3312631965029,0.186178471636922,0.340558774694218,0.00495178144244948,0.186178471636922,0.340558774694218,0.260408315094571,0.0521132025480604,0.363128123684805,0.545309238053966,0.385336173376424,0.0245420640964404,9.37280946490509e-16,0.0188194565514818,0.032482489888783,0.0342729637456332,0.0460916894072239,0.059950699309725,0.102584287812721,0.000538373764296438,0.000291306628719145,0.000240094645469475,0.000365271252039683,0.000475935381364368,0.000965628830404367,0.0896533721980262,0.00134249865990641,3.94801618153389e-07,0.32464586225563,0.0166565652893432,-0.015631953726962,-0.0155913995390513,0.0170370657966607,-0.38126914824553,-0.0399852240036816,0.00683533143793568,-0.297836037803599,-0.0399852240036816,0.00683533143793568,-0.829043377469586,-0.300005420789335,-0.0271625400802838,-0.00545907589575756,-0.147847434170362,3.55026693435234,0.117572071819898,-1.08534055266586,-0.411227266513962,-0.206777706317726,-0.0533232858789974,-0.0658575569842998,-0.374529719066342,0.087308848700372,-0.157568719756332,-0.300550718840989,-0.406370043786475,-0.494041168564305,-1.46888817007204,0.0736211351767702,0.0736370104457376,1.79999946772531,1.72684891260975,1.5070077351063,1.49850542101976,1.50696143218692,1.54086235243977,1.67331679552177,1.53247050930618,1.50435833215701,1.69400458334966,1.53247050930618,1.50435833215701,4.22080954939974,2.18110893180052,1.50265566371503,1.50382020424457,1.58420890842095,13.6043953105488,3.82960398619843,3.31208335723132,1.9383460718353,1.63375543281229,1.49209839860459,1.49050443572755,1.93840048649045,3.10860928410807,1.31983773818295,1.56524685840395,1.81984233072257,1.84377318427418,16.9329762716395,1.80519773360994,1.80328059194827
-11.6666666666667,15.2222222222222,1.13555555555556,0.444444444444444,0.00055249987191025,0.00527826330637386,0.015359564119382,0.03070056249978,0.0513012584475679,0.0856944154922499,0.00055249987191025,0.00527826330637386,0.015359564119382,0.03070056249978,0.0513012584475679,0.0856944154922499,0.00055249987191025,0.00527826330637386,0.015359564119382,0.03070056249978,0.0513012584475679,0.0856944154922499,0.111111111111111,2,150.000015727529,190.131007186751,-16.7112289501094,613.554317258618,428.960262264347,6113.39495885845,-21.3458736829497,2.7743178835538,-0.675958992142485,-0.123618790750963,2.84492417456515,-0.245362587991876,6.0061551817519,-0.261281632288303,-100.8644870326,0.392121866005624,5.94552775752526,1173.6900322883,8.7639518800124,1.44581897718988,0.933215404645349,0.63524817206541,0.601976512863244,0.528778210603062,0.469977200291636,0.019107258417769,0.00929320487678366,0.00604179421226956,0.00601159847932507,0.00631968794917196,0.00702037943964171,4999.98864701594,43.093682949692,17.3232166618681,48.3011489674854,124.903531748842,121.226237982418,2629.35921223798,1768.26423212603,24.320860662325,0.982137597062917,0.51769329595528,0.0789526907261693,1.0373285106665,0.395677417702946,2.43976869676728,0.380678982130836,1.54291408875366,0.636619276812561,2.27210203645152,0.462504064170281,0.00364631332886647,0.195865695211443,0.0713212583955901,0.0892384937204907,0.117347206761624,0.137787338285633,0.147124337466345,0.0365153817619708,0.00640748351368239,0.00311911370987802,0.00255469439975903,0.00177237149419851,0.0010883342781087,1.23498323726551,0.00520787563520217,3.94801618153389e-07,-0.14840236436551,0.00668172839749059,-0.0116426062282707,-0.00586704559503161,-0.181671056375221,0.101469565921307,-0.183707124664248,-0.00221833119328903,-0.139553989447533,-0.169946730251543,-0.0118214859178162,-0.292302319560391,-0.323568584010502,0.0879258910150193,0.0131812542771319,-0.182659656675004,-0.821796824213249,-0.0241975862503564,0.625419531459561,-0.0675916397285323,-0.586835145461847,-0.453509627463901,-0.414408901736565,-0.392890714078946,0.915803517344076,0.836330456220347,0.115506823067071,0.00546309391261201,-0.16939373636315,-0.636127025110288,-0.00366691182066671,0.132438131247055,1.79999946772531,1.56719502275019,1.49602229044225,1.50763775746961,1.49953202185214,1.60118466752128,1.72236597912733,1.59769414388946,1.49685327366099,1.52829395850427,1.58974998976212,1.49612630072778,2.09460980060077,2.00256473070975,1.4681111224305,1.49656972245012,1.5962063033692,1.67535002028736,2.31621229341546,2.07621459471393,2.13494502126964,2.08711968769932,1.73836387124943,1.66180974360589,1.65853242969256,3.36311938200399,3.43097332608682,1.87775995019489,1.76712931767818,1.7481959712413,2.08529968515868,1.83208267561141,1.90593830624689
-11.6666666666667,15.2222222222222,1.13555555555556,0.444444444444444,0.0033149992314615,0.0316695798382432,0.092157384716292,0.18420337499868,0.307807550685407,0.514166492953499,0.0033149992314615,0.0316695798382432,0.092157384716292,0.18420337499868,0.307807550685407,0.514166492953499,0.0033149992314615,0.0316695798382432,0.092157384716292,0.18420337499868,0.307807550685407,0.514166492953499,0.666666666666667,2,150.000015727529,196.243412144568,-19.6534966461827,613.572252890325,502.253232996563,6247.04697427351,-19.4229754651078,2.74857483595459,-0.634374278221018,-0.116733509009478,2.80963670450995,-0.251078437476305,5.7341210186439,-0.2670280933559,-100.89251119675,0.396006718883449,5.77413248619936,1173.65638995938,7.88980012498696,1.51466128528278,1.01066255598375,0.716516644099573,0.689241339443808,0.537141641495677,0.438109613581918,0.0244206853459015,0.0114820891100927,0.00623370103593376,0.00991217477346111,0.010359316633684,0.0128804861993542,4999.9963545464,43.0936194146436,17.3232166618681,45.1836343503492,125.122697342128,121.031862948431,2629.40075192352,1643.25513259932,24.6070245972811,0.882147153049519,0.481900626703734,0.0692634483411897,0.927309748727992,0.387961248799244,2.19681195525657,0.39364068863083,1.43650979500687,0.622087222337079,1.99392927416251,0.474937548086606,0.00431556581663517,0.200871828044791,0.0701764211862356,0.0925156829612062,0.123234912152215,0.125567297391234,0.121487295933338,0.0407107841681478,0.00720103248601419,0.0038682212637892,0.00375062016989538,0.0029683949963784,0.0041949010023383,1.38168346928078,0.0055332832055045,3.94801618153389e-07,-0.144118196244186,0.00678619380849058,-0.00909134245817018,-0.00660905075047289,-0.170120081572166,0.0800352995928187,-0.17018790244363,-0.0118268170565518,-0.124312834583497,-0.157132688573932,-0.0114812756135992,-0.370459953414433,-0.613482962989872,0.0802994480805131,0.0130313300222088,-0.171018159816326,-0.658604926511908,-0.0385336845224089,0.713306470453286,-0.0970181076821553,-0.593463005151986,-0.457204046546097,-0.421018158059555,-0.406469833761554,1.06180039488917,0.819419197949505,0.165364987243838,-0.030789701321604,-0.0421072750961283,-0.483860705242066,-0.0121865211636612,-0.105604758343086,1.79999946772531,1.57606383539175,1.49605177018523,1.50966126996746,1.49898836153585,1.60572425361233,1.6846228569656,1.60097556757397,1.49323383050917,1.53478312027373,1.59363912616731,1.49455044568111,2.10672734724767,2.94493201843901,1.48394057242444,1.49488526503152,1.60138521421975,1.43376044922535,2.28179413645853,2.29324873107219,2.19527655277855,2.08832445481973,1.74089921033496,1.66648733305562,1.65876059028766,3.5495961705915,3.44086419212058,1.80248998786805,1.8802511284956,1.96995794284622,1.6701565927084,1.65670791758555,2.18997927002409
8.33333333333333,15.2222222222222,1.24222222222222,0.5,0.0011049997438205,0.0105565266127477,0.030719128238764,0.06140112499956,0.102602516895136,0.1713888309845,0.0011049997438205,0.0105565266127477,0.030719128238764,0.06140112499956,0.102602516895136,0.1713888309845,0.0011049997438205,0.0105565266127477,0.030719128238764,0.06140112499956,0.102602516895136,0.1713888309845,0.222222222222222,2,150.000015727529,181.240098948026,-15.7037168097073,614.923768357462,387.152405593167,5658.49005311947,-29.9170054504739,2.42011983126758,-0.637146675400479,-0.104987967399229,2.49347548172065,-0.21335453337569,4.52550749796896,-0.310796543887095,-100.941417560671,0.334255884168316,5.08849885428601,1173.69898968857,9.85906030621821,1.3860806374336,0.89037345068222,0.592324851577961,0.548792584105822,0.448810061451932,0.380787855431726,0.0348701368440788,0.010550584811478,0.00632641531184252,0.00619019271950839,0.00758364597437767,0.00879695635871264,4999.99468805333,43.0938412665339,17.3232166618681,64.6002134914929,126.776872328922,121.888598855019,2673.55146716183,2309.56530535916,27.0223867025637,1.20830779516076,0.580509184204779,0.0836238313695653,1.27674151832362,0.40857296663142,2.85260165750451,0.484769218749537,1.7815479869753,0.655902064549643,2.76583122063783,0.458721070838429,0.00296426780412211,0.373176999778381,0.308020803954893,0.258299860242093,0.238368397219337,0.226327363598262,0.203899038300501,0.0614886534993319,0.0195320275433398,0.00828512113412737,0.00501863664577859,0.00283889558175921,0.00169718692316366,1.18641305916196,0.00486413415341097,3.94801618153389e-07,-0.163092901655331,0.0369145243764657,-0.0260932522146282,-0.054417400891624,-0.160443342179003,0.576473907429504,-0.16292571692651,0.0737847110860791,-0.249151653833266,-0.159966705873768,0.053012310927808,-0.161590814005687,-0.327763483398227,-0.085377273598909,-0.0543827173021671,-0.166469411783673,-0.867629873582168,0.0556388636253947,0.275802742519801,0.0321440618730933,0.0402721524975649,0.00519729248963882,-0.0577309536201334,-0.142025677920326,0.0785811010358821,0.210007909227656,0.244661125455823,0.338023121840221,0.117587738955806,-0.293552079898238,-0.02455652916208,0.476464578955482,1.79999946772531,1.57193704134356,1.49884349455097,1.50565276871441,1.50387293116318,1.58083589068036,1.72998374238985,1.57290477152587,1.51300093045543,1.52813029606403,1.57038612533716,1.50257126581296,1.87063752438422,2.010671931682,1.49069902914488,1.50365668222061,1.57101886487614,1.75278159753228,2.20455150352456,1.86089008587995,1.60295324992752,1.56931901049442,1.54749404810811,1.54004406566573,1.54820525149219,1.6279041539301,1.69666557166082,1.80557336613107,1.88434619731021,1.84134476253478,2.10091532690098,1.87285476637653,1.22701849482951
8.33333333333333,15.2222222222222,1.24222222222222,0.5,0.00386749910337175,0.036947843144617,0.107516948835674,0.21490393749846,0.359108809132975,0.599860908445749,0.00386749910337175,0.036947843144617,0.107516948835674,0.21490393749846,0.359108809132975,0.599860908445749,0.00386749910337175,0.036947843144617,0.107516948835674,0.21490393749846,0.359108809132975,0.599860908445749,0.777777777777778,2,150.000015727529,187.09420268722,-18.0270827111759,615.08806374336,440.449744464118,5797.61181126966,-27.6620194629726,2.41578518904281,-0.606582083945422,-0.0970706018123112,2.48127305489011,-0.217376874533903,4.37062507924174,-0.304380528111655,-100.967172169566,0.336684672608062,4.98878689719821,1173.57400270805,9.08834100614514,1.43242914279763,0.951519977085719,0.66679178210603,0.619851005103636,0.457016071242579,0.354189001145714,0.0472529369867722,0.0122767751273826,0.00738789732163317,0.0100625300489532,0.0107263615248412,0.0130600419747943,4999.98198104364,43.0933736069155,17.3232166618681,58.0319752316212,126.726075523999,121.39984872318,2666.60447318739,2044.96957577767,26.054606530484,1.03045167289508,0.524567890949045,0.0699864304178546,1.08630593509318,0.396166717005321,2.40955646682833,0.515666035594821,1.60528802336488,0.633316152902868,2.30616315378469,0.495150553275792,0.00482344044183184,0.373666320415834,0.30075885802077,0.266547533636437,0.239668973515382,0.20325645498929,0.165281523782946,0.0714291312456049,0.0212731780302905,0.0098002565063008,0.00706642109922859,0.00384222102861401,0.00471755767097416,1.84294495759475,0.0064697120620538,3.94801618153389e-07,-0.184356141444164,0.033274906471127,-0.0199993276653269,-0.0481990237143458,-0.18207259681982,0.517122648126556,-0.18000925590545,0.0608811090299125,-0.179748741260622,-0.175585900712763,0.0447378486505074,-0.185287427039919,-0.181828612565028,-0.0181381180006521,-0.0456285911004053,-0.181865661698619,-0.291583577551654,0.000358855184800761,0.356755895428252,-0.000496133450233724,0.0431730767723113,-0.0496622219701173,-0.0570037102469008,-0.138255572937559,0.1270922802276,0.244257945167996,0.187313492404168,0.658731435653293,0.753518804007655,0.000258418752845053,-0.0745971401649596,-0.227142626608504,1.79999946772531,1.58157535090293,1.49919887259436,1.5080923930325,1.50099417791919,1.59197223002773,1.6881849880492,1.5845839731814,1.50592441145333,1.51532412509177,1.58153995439015,1.49625560166386,1.87746940102275,3.10225855384651,1.4645191497502,1.49697855298197,1.58384533836722,1.10575784304477,2.07956738998614,1.94925776582099,1.60753484385526,1.57367581367531,1.53927301608732,1.54064426263011,1.5495229916653,1.62856654579694,1.68328821327148,1.73463283140361,1.93416005941553,2.6058046878155,1.79515747779878,1.58860557983541,2.52797625876381
-8.33333333333333,15.2222222222222,1.24222222222222,0.5,0.00386749910337175,0.036947843144617,0.107516948835674,0.21490393749846,0.359108809132975,0.599860908445749,0.00386749910337175,0.036947843144617,0.107516948835674,0.21490393749846,0.359108809132975,0.599860908445749,0.00386749910337175,0.036947843144617,0.107516948835674,0.21490393749846,0.359108809132975,0.599860908445749,0.777777777777778,2,150.000015727529,192.594646391001,-17.7510618289762,614.537402353922,427.100520039579,6002.5858764712,-26.8304735545256,2.52446612852828,-0.620735305048432,-0.10369423133007,2.59014075617123,-0.222355297964795,4.78362050619727,-0.282624387126341,-100.945323403812,0.345193812975732,5.22723393396521,1173.5779606291,8.90762764295386,1.46149984376627,0.941922393500678,0.650610790542651,0.617865732736174,0.455679533381939,0.356259931257161,0.017364498606291,0.0114180140903031,0.00703522768461618,0.0096864220393709,0.010721355900427,0.013148292677846,4999.98604312051,43.093405895219,17.3232166618681,53.8493794501777,125.156501550718,121.347796530441,2629.38090231913,1935.05543270742,23.2705757799852,1.00618088941474,0.515715009336274,0.0721799188125433,1.06040519853861,0.392305879419243,2.40591929745294,0.411616116927943,1.55939159546383,0.628766655154554,2.26966887247586,0.493910466447561,0.00520510390106087,0.14763938761732,0.109888744269961,0.137972760876807,0.160518398752705,0.151988040404058,0.137171764130002,0.028128493931124,0.00804714923290397,0.00506268865545894,0.00451684750877083,0.00315537801510651,0.0047804908554585,1.79013878006434,0.00663189284765468,3.94801618153389e-07,-0.139731079627506,0.0131586990921125,-0.0157758398921834,-0.0164665056437401,-0.152652702570817,0.292314866729624,-0.155593236591387,0.00946371427675078,-0.194310135339331,-0.146121973282019,0.00182095548407588,-0.263601769121887,0.150651040134243,0.0382475326330625,-0.000536134562427581,-0.15744804143873,-0.315703734750479,-0.0321301483444519,0.550688532181565,-0.410442753649664,-0.349059803156629,-0.328158305120107,-0.32002922510528,-0.341326471525623,1.07658261624772,0.403629875478429,0.339651715970631,0.262616658511292,0.101976985954319,-0.178170846474065,0.138301277996897,-0.390536179764307,1.79999946772531,1.5711027807924,1.49718925734225,1.50992221377458,1.49866057496593,1.59050036521389,1.74483385087937,1.58709500043019,1.49780872022834,1.5368620846264,1.58187605186733,1.49316084075204,1.96827075198994,2.22407797215788,1.46679490420206,1.49365916840252,1.58722345626618,1.09966884813523,1.76931715864885,1.71305319602369,2.10831604091144,1.75567631046975,1.64174301126253,1.60376139240954,1.60974931805513,3.25447562053388,1.78107310033532,1.51125985137093,1.93510973622032,2.24810826742169,1.59157970478721,1.55931123671837,2.37920836753641
-8.33333333333333,15.2222222222222,1.42,0.5,0.00386749910337175,0.036947843144617,0.107516948835674,0.21490393749846,0.359108809132975,0.599860908445749,0.00386749910337175,0.036947843144617,0.107516948835674,0.21490393749846,0.359108809132975,0.599860908445749,0.00386749910337175,0.036947843144617,0.107516948835674,0.21490393749846,0.359108809132975,0.599860908445749,0.777777777777778,2,150.000015727529,191.730429121966,-15.5255373367358,615.136100406207,342.615858139777,5862.47359650036,-37.7115442138006,2.36879663576711,-0.614777720987397,-0.096087510259348,2.43930984272472,-0.197266816060827,4.1125268926466,-0.294558919422977,-100.973947505468,0.301228019205291,4.84329634413082,1173.72888240808,9.92566597229448,1.38180554108947,0.852197843974585,0.563849401104052,0.530487792938236,0.376684803666285,0.28852809186543,0.0155385954717321,0.0111855587356525,0.0069843818352255,0.00888936402458078,0.0104210289553172,0.012091431100927,4999.9920841579,43.0936006665966,17.3232166618681,59.659256445312,124.518768466763,121.385904087782,2612.54422199026,2131.59347187235,22.5416998664612,1.09665763545332,0.549251418689619,0.0736029127159701,1.16130300906011,0.394602733278752,2.60603125313366,0.460044452354842,1.68807508686986,0.633022342614446,2.48825893885543,0.492366829313471,0.00398125520863904,0.147510120396172,0.109540157450633,0.13557591232984,0.158857066168948,0.149884138709724,0.136202204412702,0.0253815652666082,0.00716726170584438,0.00428446631840672,0.00390861848004848,0.00277274683320286,0.00447784785135245,1.81565525350583,0.0057429753806075,3.94801618153389e-07,-0.147585474148298,0.0130982756054559,-0.0209388279781362,-0.0158798301472393,-0.159743756731024,0.396081962516536,-0.166527301600475,0.0295649817501837,-0.23572160393297,-0.158222048477692,0.00641429686926517,-0.241098908597364,-0.323002149220415,0.0552999943178444,-0.00564220709768336,-0.169759134719403,-0.45274864509111,-0.0214873720272677,0.430912731056541,-0.394737519341653,-0.338654062462874,-0.312406311770879,-0.310799568303203,-0.339770599137326,1.14581922510375,0.412955293544442,0.681522522978056,0.271925004704242,-0.108267809807315,0.117630432323052,-0.0303257110737044,-0.166848194975666,1.79999946772531,1.57025935700175,1.49734792479914,1.50649013906754,1.50075747017345,1.58867665117187,1.75169169251675,1.58733315255045,1.50640211164904,1.53921161145805,1.58249773851354,1.49848181263491,1.96288922340148,1.95917751589633,1.47974818154352,1.499161227681,1.58801915800559,2.46775688347801,2.0225981053063,1.58188689162396,2.08111570995194,1.74502424160146,1.63149702830775,1.59855380631095,1.61466695708832,3.38459489505511,1.7290346403827,2.11338082668139,2.17126301657141,2.56894600222712,1.75593912709635,1.96346541632068,2.33636337854755
-8.33333333333333,3,1.42,0.5,0.00386749910337175,0.036947843144617,0.107516948835674,0.21490393749846,0.359108809132975,0.599860908445749,0.00386749910337175,0.036947843144617,0.107516948835674,0.21490393749846,0.359108809132975,0.599860908445749,0.00386749910337175,0.036947843144617,0.107516948835674,0.21490393749846,0.359108809132975,0.599860908445749,0.777777777777778,2,150.000015727529,48.6154827622123,-1.3682086553484,204.704188105406,30.7463328090824,1643.33538173107,-20.7566128528278,0.920375460889489,-0.065588041808145,-0.013491513071555,0.920375460889489,-0.065588041808145,-0.238964779647432,-0.0303005331111342,-33.3093219456307,0.113218208821998,2.07962285178627,673.720299968753,5.7667260191647e-18,0.203742110196854,0.166188703260077,0.191527684616186,0.282692271638371,0.305043214248515,0.347862024789084,0.0120084178731382,0.00807377231538381,0.00600025591084262,0.00600373221539423,0.00737518550151026,0.0119464101343611,23.9366118112697,0.359401645661911,17.3232166618681,2.65522367206366,122.356780345997,120.175174211915,2528.88521454578,165.236977572751,7.05932941699887,0.176790083143171,0.338093465659803,0.00490101333701989,0.176790083143171,0.338093465659803,0.227940048504033,0.0495755457273319,0.360725063510121,0.540535633478789,0.371526180008769,0.0685364380654783,9.80043182770617e-16,0.0284814825530836,0.0425791077027948,0.0439950027482158,0.0545127937072226,0.0588274851086564,0.0774161356554076,0.000681805482057638,0.000391404208731394,0.000330765924948423,0.000466872194829343,0.00114000499663661,0.00512733062563366,0.233249169840565,0.00348250708898748,3.94801618153389e-07,0.3092592729549,0.0146247580488395,-0.0145873644303323,-0.0135535532711038,-0.224447215227748,-0.277445428490203,-0.121591682012933,0.00606504058896348,-0.0572214338277153,-0.121591682012933,0.00606504058896348,-0.972314397852585,-0.158344415662991,-0.0213489896634096,-0.00474393665530981,-0.231407015502552,-0.28394745900337,0.251370591040153,-0.691938177168488,-0.273809280374778,-0.178628441692739,-0.143639613195967,-0.142556719054669,-0.499334718819504,-0.0702658789204086,-0.0452275032633484,-0.0838102683119456,-0.211402295780948,0.0307397607393541,0.0473796928448563,0.0492748317518962,0.0493596225827348,1.79999946772531,1.49809103652464,1.50482044101684,1.50307096838704,1.50449430381256,1.66064572990859,1.62125295563194,1.55480792013072,1.50027175261682,1.68854186476458,1.55480792013072,1.50027175261682,3.56453546525394,1.99757869714199,1.49770563958541,1.49934534133838,1.66969898267266,2.11823518368352,3.81214846900316,2.43201127030031,1.74404735493758,1.59305725889755,1.52720598539825,1.52010671271158,1.8399503533923,1.78476804541777,1.34287756535978,1.51766258598165,1.60671805115646,1.48350179442398,1.3603339243668,1.59193435958511,1.59149092916043
-8.33333333333333,3,1.42,0.222222222222222,0.00386749910337175,0.036947843144617,0.107516948835674,0.21490393749846,0.359108809132975,0.599860908445749,0.00386749910337175,0.036947843144617,0.107516948835674,0.21490393749846,0.359108809132975,0.599860908445749,0.00386749910337175,0.036947843144617,0.107516948835674,0.21490393749846,0.359108809132975,0.599860908445749,0.777777777777778,2,150.000015727529,48.7707020102073,-1.20963891573795,205.058690761379,28.7244952921571,1651.29205291115,-20.523623580877,0.929078116862827,-0.0661090955702531,-0.0134367997083637,0.929078116862827,-0.0661090955702531,-0.227541871117592,-0.0309042845911884,-33.3699104259973,0.114366135919175,2.10365972294553,674.337319029277,-4.62416304655763e-18,0.204647130507239,0.167457285699406,0.192042808040829,0.28332027913759,0.30535127590876,0.361676908655349,0.0120117394021456,0.00806750723882927,0.00599963232996563,0.00599770815540048,0.00747105759816686,0.00963350234350589,27.8623330903031,0.417969128215811,17.3232166618681,4.0325904782737,122.347546136709,119.954469601509,2527.25441545391,79.7363030842635,7.38968347621943,0.107864862275844,0.335998292331697,0.00327049300991454,0.107864862275844,0.335998292331697,0.13124065965821,0.0464717406374481,0.356559386557596,0.536802082623489,0.175692352836708,0.0483677231966247,8.54552502035776e-16,0.0141453995887557,0.0141610128406647,0.0140545276879286,0.0214618548768602,0.0238279207873657,0.0252370805451541,0.000539240877683635,0.000188924022357231,0.000139968744325288,0.000225043754137259,0.000484898163830585,0.00477233802942582,0.125784264209106,0.00187469635327871,3.94801618153389e-07,-0.0549193326349958,0.0131299451668693,-0.0129231496244109,-0.012835979639779,0.351407992544528,-0.278556945070214,0.133008889555484,0.00844509559279247,-0.577770118418744,0.133008889555484,0.00844509559279247,-0.423544048552953,-0.0824854318623412,-0.0303630091337345,-0.0079467993539319,0.0907605289194129,0.52438404501954,-0.00499058660040304,-0.443560943103882,-1.15349460365342,-0.579070375430713,0.111903123054999,0.0717441275773694,9.74141396915628e-05,0.564824146195774,-0.412779034957782,-1.47887805454776,-1.32486349526938,-0.131594686127087,0.506496012197929,0.212766826646458,0.21313314667954,1.79999946772531,1.55514901948269,1.50306297750479,1.50398427380152,1.50297609154914,1.62698178131653,1.5718640422436,1.47461261144545,1.50205253093561,1.83691059104806,1.47461261144545,1.50205253093561,5.26312733678055,1.88435112071546,1.49940730994304,1.50191927830808,1.50427981332335,1.27497862686081,3.75694469686921,2.86282391637851,3.61561054035414,2.25400807894573,1.51051019462779,1.54369900367448,1.62854334310488,3.82294656620568,4.06709506177558,5.12540243171542,4.19791456197647,1.57374939654708,1.65211462106659,1.61399476802407,1.61438516549254
-1.66666666666667,17.6666666666667,1.1,0.277777777777778,0,0,0,0,0,0,0,0,0,0,0,0,0,0,0,0,0,0,0,2,150.000015727529,164.744395375482,-11.6553285449432,618.59244870326,244.83625230601,4841.13331944589,-27.6493007796167,1.80827212790334,-0.577538620372878,-0.0553448639725028,1.89240083324653,-0.149043152307051,2.02156244917196,-0.481694001672743,-101.070132277888,0.221432357910634,3.65060481199875,1173.640662431,13.2095073429848,1.53840568690761,0.947679397979378,0.575619716696177,0.488198333506926,0.374143235079679,0.287150859285491,0.0232454560272888,0.00903255422578899,0.00610833444432872,0.00602791823768357,0.00576881928965733,0.00574261129049058,4999.99437558588,43.0933579835433,17.3232166618681,45.6616397737148,121.6670574545,119.043171879352,2531.42204169694,1469.0070606731,19.0005380715732,0.729602193878725,0.501316205745698,0.0384977292506626,0.806042955549499,0.365953361052736,2.02433515175127,0.457054934806645,1.60399699747768,0.584962858589689,1.73054028758716,0.590928417384721,0.0055917511076548,0.173598533754817,0.134617924088619,0.116079251688963,0.116135096687604,0.126008392041595,0.129567864792295,0.0319175280936939,0.00874386560164166,0.0033551519377714,0.00194679749227247,0.00119562148080452,0.000751229419250546,2.13925844535054,0.00801391115083548,3.94801618153389e-07,-0.142403400109332,0.0125015957190279,-0.0196408666690848,-0.017480855093792,-0.252799035096958,0.326456515321327,-0.297593345874018,0.0485197894596897,-0.106413545185518,-0.273681756262243,0.0107465454671521,-0.612559561919165,-0.44590957693446,0.182585613695108,-0.0110887438055855,-0.297569295599221,0.307585109133307,-0.0168076872809998,0.117326528803613,-0.188623526159652,-0.210937492276626,-0.228285775956378,-0.275211179326754,-0.367769022864059,0.483380768386978,0.447581136172749,0.316644099976626,0.352402254103705,-0.00897710016112155,-0.610531906828814,-0.067957556478065,-0.0782328608280087,1.79999946772531,1.54618947512109,1.50009875068862,1.5044184472954,1.50636765050184,1.65755132393485,1.67505404920026,1.68914857882227,1.50748505829511,1.50766342060717,1.66709987014771,1.50223182116193,2.56213039261149,2.29831530042465,1.51258737946704,1.5027801548313,1.68469871404168,2.31572834145366,3.17079147305387,1.55158714441931,1.81011853990426,1.7915034967776,1.68381880723991,1.63381442882597,1.6540583718285,1.84121540168921,1.67901235863002,1.42191032152008,1.5513181640387,2.13667202278935,1.79283581694274,1.43659110371509,2.37469525813953
15,17.6666666666667,1.1,0.277777777777778,0,0,0,0,0,0,0,0,0,0,0,0,0,0,0,0,0,0,0,2,150.000015727529,164.95146338923,-12.7536872200813,617.843610040621,295.048437708572,4945.55973336111,-28.1713053813145,1.9342396937819,-0.594818134743256,-0.0652017389855223,2.01677396104572,-0.166478683189251,2.57715125874388,-0.440193630078951,-101.048889698989,0.252650451230288,3.9707348505364,1173.59910425997,12.3747995000521,1.44111210290595,0.970409249036558,0.613876471200916,0.526708811582128,0.417225539006354,0.333050749921883,0.104606862106031,0.012053411537444,0.00634176488857411,0.0061153081770753,0.00582728507447141,0.00588650984272472,4999.99531298823,43.0934892198725,17.3232166618681,53.4687980714175,124.359010081826,119.625351745597,2599.68316672076,1760.10656720436,24.9118965779997,0.860157079478723,0.529154523027379,0.0479482533851729,0.935948892426506,0.379304744846529,2.23474439099982,0.484481428660744,1.67929312894938,0.605463705093787,1.99649851524433,0.512139334133023,0.00499623856016045,0.488962532538457,0.372572736413459,0.269931036353664,0.218139022169765,0.200442905856276,0.173217647913266,0.1347644249468,0.0275109901006944,0.00929906454041765,0.00447609344516385,0.00224739549332368,0.00102483291886815,1.84189635872899,0.00659317145374061,3.94801618153389e-07,-0.214087587139799,0.0331659529736602,-0.021600160049397,-0.0482303027156251,-0.245373504210269,0.456624287481136,-0.248478478283083,0.100267510771265,-0.149816756579389,-0.2437016696339,0.0536212553803855,-0.515796976526284,-0.534170606608888,0.0659196461655622,-0.056432278404078,-0.249762164996062,-0.156722434550323,0.0802645381985339,0.546285679714588,0.13330301349521,0.114234458923804,0.0824090584836678,0.0272382953779844,-0.0755280954019674,0.501704792954069,0.153010546811398,0.179008471152098,0.257415697237308,0.496481735199029,0.0583888126550125,-0.0493296284927494,-0.184686927687086,1.79999946772531,1.57684691326985,1.5016932422328,1.50525206884119,1.50640222421547,1.6379409745498,1.65961410416332,1.64081158643488,1.51994353033984,1.50113993105901,1.63316666805546,1.50300340221194,2.45226811853845,2.38939554724443,1.50001650223905,1.50449798467293,1.63773119742159,1.60650380469632,1.00644239609167,2.04997326293117,1.64672285583974,1.5862638204975,1.56335810682054,1.55592203788818,1.56457665763696,1.94938327743016,1.86295567153135,1.91513530186827,1.88944533111754,2.08693313524542,2.40637667673873,1.58700202796886,2.58923124428526
15,17.6666666666667,1.1,0,0,0,0,0,0,0,0,0,0,0,0,0,0,0,0,0,0,0,0,2,150.000015727529,168.467222164358,-11.6799325007812,618.202020622851,254.384370794709,5092.26632642433,-24.9191123273617,2.03023945422352,-0.619565555671285,-0.0591439818768878,2.11615269242787,-0.166245033350693,2.97472304559942,-0.416856688084574,-101.062600770753,0.25395902239975,4.21074929694823,1173.57421101969,12.4783803770439,1.45703642328924,0.959873075721279,0.599463087178419,0.522911040516613,0.425299041766483,0.353097750234351,0.0799265061118633,0.00985192818882408,0.00610816077734611,0.00600148942818457,0.00571939360483283,0.00520976585772315,4999.99812519529,43.0932382043536,17.3232166618681,28.2712909717598,122.004769226698,117.666806616182,2516.2831995673,570.148376704415,21.0503776349699,0.141187916479665,0.36471685350009,0.010936476749625,0.199525205214597,0.336363727407854,1.50043785320082,0.301957511303744,1.17619873067305,0.531842406959056,0.304794766939875,0.513502540613042,0.00524319860067825,0.42847980611848,0.264542183854578,0.149809395106921,0.0961571864024957,0.0691560576787386,0.0448383714386614,0.104775892555946,0.0176681398008602,0.004706754396532,0.00194128436455892,0.00104557161547162,0.000463256219337655,2.0484233330559,0.0073557249999794,3.94801618153389e-07,0.0278408486626033,0.0129873407833702,-0.0126416516515029,-0.0148599142628071,-0.148016067966412,0.0861909333385882,-0.608389428383236,0.00846644614055004,0.169289895133393,-0.317144512679888,0.0127417516883199,-0.784703980253312,-0.350001279962678,0.104738736342664,-0.0144357895845772,-0.66944257080699,-0.0872185326636597,-0.167582721998579,0.487641996529191,0.0342673483731899,0.0286209820821506,0.0365223609143915,0.0613354807759587,0.0582199090543558,0.386551126854252,0.0475492174758946,0.0124240752989119,0.145165268769085,0.312566513333894,1.36631968589972,-0.179631530098201,-0.242115886449605,1.79999946772531,1.40983411415911,1.49917153159476,1.50657635596607,1.50252366385706,1.58426497377765,1.4675306815766,2.5874517247705,1.47577776084804,1.88664443922249,1.92528210112715,1.4969354787646,7.39568787671506,2.68253710731111,1.61782720168093,1.49750834482617,2.84466384030969,1.51296669742472,3.19632165553524,2.03255539794798,1.65721750921307,1.64369041751177,1.63035220806447,1.6111354753896,1.58540443710719,1.84680304325569,1.60962995870898,1.51771991085716,1.60288453587182,2.13003710565437,5.82326176720477,1.68678158993897,2.384787458196
15,5.44444444444444,1.1,0,0,0,0,0,0,0,0,0,0,0,0,0,0,0,0,0,0,0,0,2,150.000015727529,78.2962555983751,-12.3916353192376,236.654021456098,321.230503551713,2783.8879283408,-8.84018756129569,1.60103124674513,-0.155430368888658,-0.0372008384543277,1.60103124674513,-0.155430368888658,0.766844810082282,-0.0690612315852515,-38.8378814706801,0.263828356004583,3.62534913029893,727.493417352362,-9.65133414331841e-18,0.809177616914905,0.630296937818977,0.53448222060202,0.593558316841995,0.674752286220185,0.743200895740027,0.0117623257214873,0.00820271305072388,0.00591547182585148,0.00593874221435267,0.00618210978023122,0.0062329927090928,399.134267263825,5.54994948442874,17.3232166618681,6.89726441008167,121.524882482513,119.694699746476,2489.60777393716,203.721194643484,13.9450931248276,0.0761693307060387,0.31746049762204,0.00318735366249775,0.0761693307060387,0.31746049762204,0.368230805844399,0.0595849353632273,0.392843733392813,0.504544554483114,0.250123957959523,0.0945185038481965,1.14523857244139e-15,0.129599503463183,0.0725398098819221,0.0506653052466387,0.0579478950387042,0.0654343293822115,0.0792322138507915,0.0121143229475789,0.00341404020837809,0.00155833125084405,0.00142011683237758,0.0013036806993523,0.00112287334750192,0.373115552672273,0.00477262702759972,3.94801618153389e-07,0.00849727832754527,0.099071802734859,-0.00184013423171761,-0.0981209155457948,0.105386302574221,0.0774458480090392,0.16844359745719,0.0960605883208434,-0.304448685948744,0.16844359745719,0.0960605883208434,0.615712964494655,-0.124921991843442,-0.017145042969944,-0.0960422647858051,0.153058898134204,-0.212882929656772,0.00326115148338666,-0.0899933800804402,-0.0614447930914918,0.0861044673522623,0.162574757675687,0.167358603490874,0.152501957793071,0.13526872638726,0.181781254482265,0.365083690324094,0.585723258579024,0.919341902990041,1.10533571840534,0.0643333679829866,0.0693990921393434,1.79999946772531,1.52769444088952,1.51302885594207,1.50052256836738,1.51283715711911,1.62267190343748,1.51998894199797,1.72080810309185,1.5110717132133,1.99632103360157,1.72080810309185,1.5110717132133,7.14015043959362,2.21367040680857,1.48561023594494,1.51102648238659,1.64296036872415,2.04988883699647,2.81040551142406,1.72551188302425,1.6909979826231,1.46337149504648,1.45670058728664,1.50931557353816,1.54248503785817,1.34567751631905,1.46102004482261,2.06223630194853,2.84353283447935,4.06420993556461,4.54908062642679,1.86523049750791,1.84131091262049
15,5.44444444444444,1.27777777777778,0,0,0,0,0,0,0,0,0,0,0,0,0,0,0,0,0,0,0,0,2,150.000015727529,87.8348974065203,-7.61562543068429,247.623567336736,232.623703572545,3167.4013123633,-9.64144713988127,1.84189574002708,-0.16101297878346,-0.0490017258618894,1.84189574002708,-0.16101297878346,1.17280639589626,-0.083213142890324,-39.6740777002396,0.27598622833559,4.19062076866993,735.578387667949,1.13258183418394e-17,0.782967742943443,0.612779502135194,0.52281559212582,0.583790834288095,0.665528455369231,0.738106072284136,0.0122321864951047,0.00842300760337465,0.00602667440891574,0.0060384585980627,0.00625281429017811,0.00628267190917613,460.345182793462,6.33072179981249,17.3232166618681,7.26597418425391,122.187911663272,118.914478586293,2499.48027824731,232.13066425136,16.1481859046029,0.0973747575070616,0.31649970319049,0.00470902377425588,0.0973747575070616,0.31649970319049,0.432367058000418,0.0631738369413075,0.396366525720883,0.502564273625205,0.308738919878567,0.100075721903845,1.170187385539e-15,0.126044878383319,0.0709035302996997,0.0504073498235653,0.0587915160523266,0.0672641243423339,0.0813939065312335,0.0115534575855398,0.0032932596183095,0.00152602146412801,0.0014177424483206,0.00132663107499941,0.0011614935527925,0.398680075399525,0.00498844422243421,3.94801618153389e-07,-0.0698464008729017,0.0162740716148759,-0.0871999865892023,-0.0150228182569171,0.0315225310021819,0.0267938490700682,0.0791244753918647,0.0128905931482171,-0.335216322974274,0.0791244753918647,0.0128905931482171,0.394591645349688,0.00143084283896795,-0.100412695498816,-0.0128143302165547,0.062627677434048,-0.125793156293737,-0.00541305001895083,-0.0210301486316048,-0.00343340349563147,0.105753984685999,0.124515908515682,0.107325013443501,0.076297767806017,0.0587656204205826,0.0964843747748463,0.283638690346764,0.51730501803616,0.887478930963712,1.10759686954435,0.117637937536895,0.111276387685642,1.79999946772531,1.54239418538883,1.49324150600768,1.52249942491802,1.49329225822817,1.61100915497666,1.50357240332905,1.65699788975788,1.49142205066107,1.8140423418619,1.65699788975788,1.49142205066107,6.51045691207485,2.18101742240827,1.5106428443212,1.49133707401754,1.59827925061164,1.95689846865349,2.86408221460528,1.74065914706551,1.71277677585028,1.46287311983113,1.43954476604149,1.48578829482985,1.51565980653512,1.31944461756898,1.42755899639205,1.96757342326766,2.75872006195983,4.02869147795942,4.61579021407677,1.79731504554397,1.77693717695582
15,5.44444444444444,1.27777777777778,0,0.00276249935955125,0.0263913165318693,0.07679782059691,0.1535028124989,0.256506292237839,0.428472077461249,0.00276249935955125,0.0263913165318693,0.07679782059691,0.1535028124989,0.256506292237839,0.428472077461249,0.00276249935955125,0.0263913165318693,0.07679782059691,0.1535028124989,0.256506292237839,0.428472077461249,0.555555555555556,2,150.000015727529,84.1779033434017,-10.3261563554838,244.967614831789,282.303714206853,2972.01197791897,-11.7788171915426,1.66052119570878,-0.154374070740548,-0.0395411248828247,1.66052119570878,-0.154374070740548,0.840625604405792,-0.0720939127896053,-39.3809113633997,0.260318755132799,3.71746161858139,732.731871680036,-5.63291609728153e-18,0.79163075721279,0.622646995104677,0.539238412665348,0.619995344234977,0.627703499635455,0.631789615665036,0.0119820686259452,0.0097552588272055,0.00660854577648162,0.00871501229038641,0.0106805651494636,0.0144821154046454,438.641808144982,6.05571221747737,17.3232166618681,6.654663717824,121.8113869476,119.474509293118,2497.26342837528,179.486172175875,14.4077515218714,0.0558089896588067,0.320675181420005,0.00241191636833456,0.0558089896588067,0.320675181420005,0.39008958832613,0.0652911578680347,0.401555714997186,0.510362972695181,0.182823654248445,0.10310152051384,1.20645614255306e-15,0.127780231292261,0.0716440344514467,0.0495743051235225,0.0543308025949669,0.0495567805258232,0.0507612633587794,0.0117613595489144,0.00345943008113051,0.00180995674332897,0.00167608483316744,0.00125949308923186,0.000977941457014194,0.41195395811241,0.00518933056948244,3.94801618153389e-07,-0.058952688358333,0.0489856669666027,-0.0618052641164366,-0.0481483774051093,0.0457705918969988,0.0160563976847361,0.147958422888249,0.0469137088436531,0.153746420963534,0.147958422888249,0.0469137088436531,0.653667863184579,-0.122880274462859,-0.0751870668345405,-0.0469094733390515,0.127720628535003,-0.0296643784629785,-0.0103778778758022,-0.0443999413473428,-0.0137651360351063,0.11881224036256,0.164149269399248,0.153680736729737,0.119229815825283,0.0950703531710094,0.126457717237467,0.395655560390828,0.588914573406709,1.09640588784124,1.25450280297625,0.0874156255125708,0.0833726362313025,1.79999946772531,1.5311122038875,1.49864376480766,1.5036257609993,1.49864476883917,1.63327941822164,1.50758806876881,1.77307544123184,1.49709667781554,2.01749848880183,1.77307544123184,1.49709667781554,7.56340026318263,2.54180123254389,1.4889001946502,1.49704894737799,1.70283046608282,2.100159324985,2.92597344587508,1.72159690109919,1.70572687294655,1.48678833075657,1.44816029547126,1.49086891151882,1.53141648195069,1.32914411956784,1.40320070334579,2.36536926220558,2.93787798168466,4.72344676623966,5.28905198772866,1.77148549663766,1.76039600429482
1.66666666666667,22.5555555555556,1.27777777777778,0.166666666666667,0.00276249935955125,0.0263913165318693,0.07679782059691,0.1535028124989,0.256506292237839,0.428472077461249,0.00276249935955125,0.0263913165318693,0.07679782059691,0.1535028124989,0.256506292237839,0.428472077461249,0.00276249935955125,0.0263913165318693,0.07679782059691,0.1535028124989,0.256506292237839,0.428472077461249,0.555555555555556,2,150.000015727529,156.088943860015,-9.06012405041142,620.464024580772,55.7737602885116,3754.12352879908,-45.3206968024164,0.750656703576711,-0.302555862762316,-0.0133295371732111,0.80883746006666,-0.0284511973731903,-2.54710723137173,-1.04530421552859,-101.057002395584,0.00424280683470471,0.942936181936257,1173.7247161754,19.9382408082493,1.57327080512446,0.966745464014165,0.501161878970941,0.335334696385793,0.131877347629413,0.0157352943943339,0.045038987409124,0.0111379437665347,0.00660248328299134,0.00641107051348817,0.00880082053952713,0.0111038193938131,4999.96489948964,43.093438183523,17.3232166618681,50.8655771434322,116.201086251065,117.326844440936,2407.75952195685,1381.89015932793,16.5379108189033,0.521105499214009,0.490207860893068,0.0108728183217544,0.629215026740481,0.340496679657392,4.19580011128218,0.621970960253332,1.64430508780004,0.539991012462181,1.25463735590439,1.18679474020265,0.00728573986268154,0.211492393949787,0.184331388448042,0.138072951199305,0.121320184807487,0.0914430094428222,0.0786611172829862,0.0515696215016424,0.0115544548692309,0.00360729789150826,0.00148510929393199,0.00156050652893639,0.00342901664953594,4.71424228544035,0.0159236641313083,3.94801618153389e-07,-0.0614560127818496,0.00397587290116853,-0.00485964244562148,-0.0124577432856691,-0.224165794829743,0.380038367327477,-0.348286834712395,0.0558646703637935,-0.488221943290984,-0.294889140951466,0.0101267833961337,-0.0315509671413193,-0.0845406018982211,0.261287566004329,-0.0107090188011664,-0.362202687315773,-0.0112188767854308,0.283541519561839,0.229698370758337,-0.143160742114336,-0.124548622513053,-0.15448103975742,-0.0501103815860136,-1.02810883964295,0.0987098841998432,0.359311249064173,0.453198714629479,0.188961881004263,2.15736333578423,2.61272171569978,-0.135815244187255,-0.00874499104960786,1.79999946772531,1.50454601119283,1.50880474575462,1.51800150267101,1.52111321311722,1.69778570165317,1.59580918811421,1.89408593474493,1.50317066966169,1.66641175476302,1.81479626022615,1.50799196896792,643.073510600577,4.7516837017049,1.58708135996445,1.50525344240335,1.92990780381283,2.006418447647,1.91455119844308,1.90556839509868,1.7070131921284,1.74626096277315,1.69606608370435,1.84999903839841,10.3948440088942,1.39394456293027,1.54646101433995,1.8626727664117,1.62996924319305,39.637462527833,51.4095104685502,1.39451093314462,1.95858308619825
1.66666666666667,22.5555555555556,1.27777777777778,0.166666666666667,0,0,0,0,0,0,0,0,0,0,0,0,0,0,0,0,0,0,0,2,150.000015727529,150.853621497761,-9.32917245047391,620.632069576085,103.531025966045,3577.12457035725,-47.5654796375378,0.671203641224872,-0.287463695885845,-0.0127062168628268,0.729193187283616,-0.0377508737492969,-2.8331320393709,-1.11585602463597,-101.040858243934,0.0190154704822414,0.772019223299657,1173.6412873659,20.2212790334345,1.56014988022081,0.940578470992605,0.470847567961671,0.304856959691698,0.124532439609728,0.00413277582199771,0.0394029624593271,0.00931959181820644,0.00611198385584835,0.00601252650765546,0.00585247297156547,0.00634930455160921,4999.96823247578,43.0934631809192,17.3232166618681,52.3520062791896,116.031749555712,117.218480089789,2405.30725533308,1443.32047929036,16.4235144965492,0.557466343789903,0.505626823765895,0.0104695637463068,0.670494330344572,0.341849170744966,3.60628873917321,0.646965737413433,1.69711230624472,0.54250488428947,1.35217470456059,1.06000165527374,0.00689877305992315,0.217702755428312,0.187734315118233,0.136202779510656,0.118835193294096,0.0988982131831975,0.0839986316524904,0.0483619661406706,0.0108781978863601,0.00302174753709977,0.00110414716266597,0.00115294514619246,0.00130508918411297,4.22910686622474,0.014467453539665,3.94801618153389e-07,-0.0717265670324961,0.00633694827595501,-0.00730489392939945,-0.0160764381661916,-0.215873941676467,0.421689923828591,-0.317877753156517,0.0678441831586884,-0.582425071351522,-0.276640232780285,0.0162736172973003,0.839653080525475,-0.134631867860655,0.231425940853242,-0.016641839742397,-0.33187390636383,0.0952504147951834,-0.172989495852215,0.159090064160904,-0.12315603670599,-0.127493630755454,-0.156153031027726,-0.0434214949490634,-0.805621321711583,0.0996494077626717,0.328091316759995,0.277724035515748,0.373367353452174,16.3670608545698,30.2046518492822,-0.0342809692886383,-0.0604089819933787,1.79999946772531,1.50040010059811,1.50918017650444,1.51688090795151,1.5230022258421,1.68106523075424,1.62998575734805,1.84914588085123,1.5075426542246,1.79198297724652,1.7836659962163,1.51097938900873,852.647116418182,3.92098928252626,1.58693355387444,1.50823867343806,1.8748429793869,2.20205768038442,2.09445658842193,1.82582890681248,1.70022194015264,1.74485089358307,1.69181574371891,2.41742469458063,6.57947705418964,1.35149609008217,1.53354801425856,1.50709031347105,1.91914316250612,743.633944408268,1860.63386414427,1.39021170597192,1.99682113690447
-15,22.5555555555556,1.27777777777778,0.166666666666667,0,0,0,0,0,0,0,0,0,0,0,0,0,0,0,0,0,0,0,2,150.000015727529,153.197489844808,-9.08416947922091,620.478564732841,106.508141454015,3775.68190813457,-47.0845997291949,0.824587730444745,-0.337999425276533,-0.0101157070096865,0.889756171232162,-0.0502439564649516,-2.22382472662223,-0.996668353567336,-101.080368711592,0.0413921210603062,1.15196373190293,1173.68294969274,19.0564805749401,1.48687685657744,0.965109519841683,0.501750869701073,0.341358212686178,0.151822035204666,0.0405316736752421,0.118679985026039,0.0111160545816477,0.00626658154247474,0.00601577616914904,0.00592939277158629,0.00630847130507239,4999.96958650141,43.0935402562237,17.3232166618681,26.2338787589661,113.267554857699,117.46480163783,2326.52110176578,409.302135315333,23.2798264084458,0.141777346684072,0.333555511422261,0.0037028577221803,0.184270527049921,0.31209444861583,3.17286328593054,0.495605876605962,1.14394319382749,0.495320190947021,0.370831632807597,1.0682393450938,0.00603616382062336,0.440225837761797,0.304334604422413,0.150205294741077,0.074314681952078,0.0472871595959112,0.0366592012731451,0.153762323022919,0.0234067293783321,0.00472498791938581,0.00127503255530282,0.000402215297065611,0.0014119275336377,4.18622641401748,0.0127996040424179,3.94801618153389e-07,0.332970386084839,0.00535574893311354,-5.46334255951899e-05,0.00292760634584275,-0.0366283899847792,-0.173087645993481,-1.1139887738348,-0.0744447318069312,0.499933334084973,-1.11673934731151,-0.0278492755635996,1.82180802576277,-0.392114945636765,0.594001000104023,0.0255064739420351,-1.41700130513243,-0.00754173712577284,0.347001701630031,0.701619585880193,0.231516025141851,0.147987191976833,0.154162071829175,0.505805613596133,-0.96283023021467,1.01528540923273,0.749410224091128,1.17311521833549,1.68490320523496,-0.551212423001474,2.45251510906718,0.098402183034281,-0.0281673719634404,1.79999946772531,1.59741249755528,1.50576944090503,1.50910352561277,1.5017321131347,2.27651814645581,1.55544309621809,3.69376353214282,1.48889639783745,2.66707180936692,3.41468464745566,1.49136217940445,95.5479091807984,3.29271530206701,2.24923248297461,1.49154427752069,4.22727336334829,1.88195323547953,2.33190429072191,2.29834605533328,1.74218961986522,1.66968708438732,1.66779852549524,1.98245368598553,8.11758445663988,3.00196201963469,3.64821617655852,5.13651227378176,8.34644259023884,2.55066229348697,42.1708692692506,2.34807262474167,1.82750960847151
-15,10.3333333333333,1.27777777777778,0.166666666666667,0,0,0,0,0,0,0,0,0,0,0,0,0,0,0,0,0,0,0,2,150.000015727529,228.706936777419,-28.298512416415,514.924226643058,929.224770086449,8262.75002603896,-5.57865527497136,4.64045109884387,-0.463710021666492,-0.30537448182481,4.64045109884387,-0.463710021666492,11.7801071763358,-0.495245106459744,-85.7118800124986,0.779192372559108,10.3845811894594,1087.00947817936,-2.79284998854285e-18,1.30150390584314,0.997939943755859,0.813411905009895,0.853960556192063,0.908052463285074,0.906170201020727,0.0153876451803042,0.00878049416129571,0.00595149436110821,0.00590603083532965,0.00626926862722633,0.00596570370534319,3247.37506509739,30.2205239037606,17.3232166618681,14.6925262251291,125.640162451131,120.435199824464,2668.13689298986,675.993210646263,39.6749800364223,0.52048894113401,0.389520773421641,0.0710651296699366,0.52048894113401,0.389520773421641,1.54668125745348,0.279766126890669,1.00902349482136,0.62830149481025,1.14660011969094,0.688759262315122,1.25069663252926e-15,0.19059313452339,0.0760504959930473,0.04045425810568,0.0493056120798192,0.0601357264377176,0.0869210458815163,0.0318456724783081,0.00695853998467879,0.00303892935674992,0.00279464093051652,0.00250769745649196,0.00205982503914959,2.11020315432726,0.00812701746803417,3.94801618153389e-07,0.0748028056340294,-0.0201477036736519,-0.0205640402882454,0.0317534845046723,0.0212630980555236,-0.173567613788861,0.0789277584412079,-0.0593878059960987,-0.192878738497444,0.0789277584412079,-0.0593878059960987,-1.51136302905693,0.062077174990654,0.00333671250971967,0.0603422275156226,0.0665311349089008,-0.0122756152573759,-0.0144009894399503,0.290853385796645,-0.0241679684842169,-0.0861030423750743,0.40500231794348,0.412521169619622,0.292648046813318,0.35286935447514,0.387125826607323,-0.274623460154658,-0.673503109226827,-0.574528953872895,-0.367994915734827,-0.0490210950707172,0.162446582653541,1.79999946772531,1.62032629802451,1.5148103992913,1.49054097654327,1.51568170008905,1.57860262841962,1.58528678568674,1.53302394456832,1.51248149478569,1.56525017826313,1.53302394456832,1.51248149478569,5.35481182793759,2.61528439891028,1.4785477471513,1.51254963234634,1.55275589126925,2.10813146652899,2.79249634995243,1.83768560879161,1.64401473034348,1.63398885796866,1.76889243858893,1.6435698392282,1.55077638677547,2.46066300735464,2.5725855872216,5.1124334996833,5.3116596405836,5.14594204556475,4.40291261081985,2.28448284520578,2.99539334643836
-15,10.3333333333333,1.1,0.166666666666667,0,0,0,0,0,0,0,0,0,0,0,0,0,0,0,0,0,0,0,2,150.000015727529,196.629267784606,-21.3615412634101,469.463253827726,757.794428882408,7069.96677429434,-1.18019298406416,3.93756410790543,-0.391571757314863,-0.219822091448807,3.93756410790543,-0.391571757314863,8.60255796271222,-0.396128178804291,-78.3021091552963,0.656798354213103,8.78762128944901,1036.59368815748,9.88980440579107e-18,1.41080241641496,1.08803866263931,0.883275481720655,0.920230496823246,0.963703385064055,0.952521851890428,0.0169142588574107,0.00906089031882096,0.00590627499979168,0.00590987947120092,0.00654037363295491,0.00644085588276222,2816.1041558171,27.4816696177489,17.3232166618681,11.8703896127109,124.707460258369,120.692712815072,2634.01748407702,571.051559114211,33.6691423565642,0.446544463164035,0.376890416641938,0.0518647017733839,0.446544463164035,0.376890416641938,1.24428110151311,0.226658429613294,0.883868591147579,0.606730468364163,0.978705813232478,0.491169681977742,1.26677500187877e-15,0.229337630512658,0.0862985649917073,0.0419760672243684,0.044515127965261,0.0537181511067891,0.0800634733062576,0.0431500400076734,0.00827899901780293,0.00349434977554058,0.0029105653614062,0.00250603762304545,0.00213816266220488,1.24163216602928,0.00641885266468599,3.94801618153389e-07,0.0525009813788333,-0.0652825333884408,0.0113301663888545,0.0755970720345588,-0.0118314339882685,-0.20168237204187,0.0751283367481174,-0.098988069934648,-0.199201776346022,0.0751283367481174,-0.098988069934648,-1.44998234184825,-0.0273517947538813,0.0381341154899817,0.0997182831562158,0.0560675951027171,-0.381509854478927,-0.0310883334595254,0.476573279506951,0.0204293746442597,-0.162232975054313,0.547428533828771,0.555578991614163,0.370113982897494,0.624170868191292,0.522680606170236,-0.0442387595517127,-0.744398670365487,-0.844319077159139,-0.633520810444731,0.199873788205777,0.0981317438583867,1.79999946772531,1.70581755342272,1.52095383046202,1.49061754243206,1.52265557751192,1.63959415700555,1.60284885503477,1.562895471216,1.52164105996605,1.59440583744349,1.562895471216,1.52164105996605,5.01948617739372,2.99497150273351,1.48830395032486,1.52154727155358,1.58415592052842,1.14554976906472,2.68990414901464,1.97401134729922,1.6606112880624,1.56502412166375,1.90853094882726,1.76228577596489,1.62099520309915,2.95762205316715,2.72922244679287,5.22723110806009,6.37955364011473,5.3525483567563,3.85687599795178,2.61952804133213,2.90370038502613
-15,10.3333333333333,1.1,0.444444444444444,0,0,0,0,0,0,0,0,0,0,0,0,0,0,0,0,0,0,0,2,150.000015727529,195.554358920946,-21.1287956910739,469.072679929174,751.896068117904,7021.14227684616,-3.35778037839808,3.90163628788668,-0.388294983912093,-0.223429942714301,3.90163628788668,-0.388294983912093,8.48258483491302,-0.388963722528903,-78.1991990417666,0.650902565905947,8.70045318196021,1035.99822935111,9.45131738673057e-18,1.40153202791376,1.07021044682845,0.868605395271325,0.902041016560774,0.937385011977918,0.92614793250703,0.0150522332978856,0.00890338175335903,0.00603183110527029,0.00602987341631081,0.00692380150678054,0.00684228424122487,2810.39225080721,27.4444224559942,17.3232166618681,28.5076376097982,126.783399566052,123.887069620526,2718.39197440405,1264.64128295215,31.9468666190816,0.852807050270685,0.409443801984668,0.0950561805215236,0.852807050270685,0.409443801984668,1.71632293068981,0.152007877494116,0.868049846196873,0.661766257718672,1.91008197700401,0.0420439984927208,1.30236299325843e-15,0.148217150801836,0.0324314644066642,0.071677135388872,0.113379064943518,0.131996494221605,0.149099421961719,0.0283743299087482,0.00532396146831353,0.00388288541129522,0.00412651891413751,0.003739329056764,0.00283650427248315,0.836833283131022,0.00507672916444452,3.94801618153389e-07,-0.10937204705907,-0.0651451091645393,8.48044445465821e-05,0.0750868875947858,-0.0778199338712989,-0.204892945116357,-0.0314041420153563,-0.0912266125820994,-0.155969552765131,-0.0314041420153563,-0.0912266125820994,-0.492395445610564,-0.623940907740366,0.0127303092860545,0.0914071587910508,-0.0345528969467015,-23.701613440277,-9.15217710553778e-05,0.42834682621738,-1.54315031146796,-0.510452319349348,-0.255240705661499,-0.25813385853095,-0.0896998554852823,0.712950591969187,-0.418033952101607,-1.04869160609271,-0.804525456864414,-0.983666033070641,-0.68732640697699,0.110479552070725,0.23002345532429,1.79999946772531,1.59046936939217,1.52118404202102,1.49018235438068,1.52284823394955,1.56919825215933,1.66799968687431,1.55003918001649,1.51811263281081,1.55422610690329,1.55003918001649,1.51811263281081,2.37617074517153,2.48315199860239,1.46895355427665,1.5178150565823,1.55426462073702,562.766479672209,2.59101089082108,1.9679873848811,5.48550114620044,1.8879223390305,1.61698129357326,1.6337966236598,1.59938400219257,2.874787405554,5.27651259463692,3.23640202295572,2.24896989637209,2.38338751646111,2.25189607544422,2.52099114639544,1.38355559995845
15,20.1111111111111,1.34888888888889,0.277777777777778,0.002209999487641,0.0211130532254954,0.061438256477528,0.12280224999912,0.205205033790271,0.342777661969,0.002209999487641,0.0211130532254954,0.061438256477528,0.12280224999912,0.205205033790271,0.342777661969,0.002209999487641,0.0211130532254954,0.061438256477528,0.12280224999912,0.205205033790271,0.342777661969,0.444444444444444,2,150.000015727529,158.033886053536,-10.9119447140923,618.695323403812,170.690027090928,4177.06443078846,-48.3456820152067,1.16775003007083,-0.43189160966566,-0.0383084232892407,1.24223336803562,-0.083842696446516,-0.768537312123737,-0.748236824713051,-101.073788147068,0.101899719393813,2.01273894569316,1173.72263305906,16.4359275075514,1.42346330590563,0.924719435475471,0.522023608999062,0.390220782070826,0.221851390744714,0.116568196853453,0.124150354236121,0.0146437490274451,0.00652660286428497,0.0068462766482658,0.00849826945109884,0.00958153921466514,4999.99166753463,43.0932350796791,17.3232166618681,76.4111115505238,123.09667633865,118.372779035844,2578.412938972,2452.16861976554,30.6403919418156,1.06858993450139,0.661281216145173,0.0371067637616783,1.19492371231609,0.389017628722882,3.17855130193201,0.742979651731656,2.171047925856,0.619495166796922,2.47651915880994,0.790198540206488,0.00510887244221368,0.524906678727938,0.432685605854747,0.319675280786589,0.260782495110338,0.196291648655899,0.156713222508358,0.156538003052748,0.0313469701173833,0.00992144284152541,0.00442018907953142,0.00206129413698273,0.00248993516175383,2.89962880890903,0.00916468780817217,3.94801618153389e-07,-0.145618787880577,0.0384089975326007,-0.00768339783713919,-0.0586854762580817,-0.141007117987554,0.269270208771692,-0.131111936879107,0.0521031703869755,-0.570848269317224,-0.120158062530709,0.0477599973710392,-0.0696118590409722,-0.693876253763071,-0.0243595301834038,-0.0493855221210901,-0.126836373352155,0.0438705573592354,-0.287678353149834,0.512608403844205,0.102392800494606,0.0914400768215228,0.0319252558977974,0.0883898310441375,-0.0959867535474646,0.620213482178726,0.229525705965588,0.247221192227039,0.649851473423602,1.4854019646299,0.857179435913905,-0.0199729735663561,0.149598103004438,1.79999946772531,1.52310631020215,1.50439665033397,1.51034289924522,1.50930966282233,1.551843479101,1.66121827005578,1.57054285977079,1.50846462306466,1.71657775355588,1.56136385408501,1.50495783886849,14.4538568272855,2.98071762157941,1.48453727636553,1.5054915147558,1.57760853593559,2.34697718290797,1.64643024940878,2.06628008687167,1.64215337112452,1.59008460810032,1.56940843342077,1.54353913622679,1.6127547968797,2.13627175248935,1.90277417789678,2.11982454991446,2.45587852100491,25.5729688122045,3.87909935507597,2.12055850350906,2.40429948115719
15,7.88888888888889,1.34888888888889,0.277777777777778,0.002209999487641,0.0211130532254954,0.061438256477528,0.12280224999912,0.205205033790271,0.342777661969,0.002209999487641,0.0211130532254954,0.061438256477528,0.12280224999912,0.205205033790271,0.342777661969,0.002209999487641,0.0211130532254954,0.061438256477528,0.12280224999912,0.205205033790271,0.342777661969,0.444444444444444,2,150.000015727529,142.733319445891,-15.6673699524008,316.275304655765,527.603566940944,5122.25372357046,-5.49717124070409,2.82950775960838,-0.276203132093532,-0.113099234454744,2.82950775960838,-0.276203132093532,3.52063722528903,-0.185644526268097,-53.1713779814603,0.46237867484637,6.29156348297052,852.060337464841,1.98290933236119e-18,1.26116442037288,0.975169419852099,0.81016705551505,0.865678939693779,0.830752484116237,0.790316425372357,0.0164962141464431,0.0109625174415165,0.00617017635725445,0.0096855103635038,0.011710651494636,0.0159933902718467,1480.38141860223,17.5752161233206,17.3232166618681,6.34024489462996,123.930038083914,119.64969203311,2550.52744307831,372.860382148569,23.9787618052963,0.258055569692183,0.333625586524711,0.0203042957228094,0.258055569692183,0.333625586524711,0.659948542458653,0.128010001432095,0.517797666937546,0.531619500189976,0.59339610940939,0.221076086688749,1.36572415779249e-15,0.293004770493374,0.193236259645649,0.155486778380048,0.150894695518378,0.124239437152979,0.104627446098307,0.0434867706496491,0.0138803831307484,0.00692942401395438,0.00567642478837196,0.00414577781548968,0.0044995684740624,1.10374575681697,0.0104012045782267,3.94801618153389e-07,-1.15011752878026,-0.0193574787614996,0.0453341037513956,0.0221761250693694,-0.635287029512261,0.00170569278412049,-0.60144100048311,-0.0426550967119205,0.59068897368072,-0.60144100048311,-0.0426550967119205,-0.778890021117564,-0.184933164814759,0.0796471661813196,0.0445817100437046,-0.524883130596451,0.129398948923109,-0.0046185233058573,0.14582427924585,0.00451716762656861,0.0303449942421031,-0.0107028066572824,-0.129381377981786,-0.150376036487942,-0.004112648679608,0.0380100638766102,0.0122213114145164,-0.0197105571488699,-0.0156802048016269,0.442642121453591,0.115347890644042,-0.0167196525282805,1.79999946772531,3.30129598828477,1.48352572224534,1.5191523419948,1.48289877106604,2.08394600645015,1.53959746614174,1.93121690721713,1.4767567965596,1.86872474299812,1.93121690721713,1.4767567965596,5.09182187282449,2.06189576746409,1.50163958634468,1.47661547500143,1.82438313022171,1.95076786900846,2.5983675683173,1.67707199833632,1.61761991865199,1.57851720977463,1.54636230278552,1.55917632526491,1.55747115800501,1.60590861552116,1.47818166463508,1.52440095280268,1.50915688654994,1.42121960522011,1.73517279718759,1.84220898296293,1.8665039266005
15,7.88888888888889,1.17111111111111,0.277777777777778,0.002209999487641,0.0211130532254954,0.061438256477528,0.12280224999912,0.205205033790271,0.342777661969,0.002209999487641,0.0211130532254954,0.061438256477528,0.12280224999912,0.205205033790271,0.342777661969,0.002209999487641,0.0211130532254954,0.061438256477528,0.12280224999912,0.205205033790271,0.342777661969,0.444444444444444,2,150.000015727529,125.472867409645,-16.4119445943131,312.415113009061,515.673920779086,4447.01999791688,-4.80011461483178,2.43050463493386,-0.245437183358505,-0.0835473836058742,2.43050463493386,-0.245437183358505,2.57142493490261,-0.154952780297886,-50.6890459327153,0.409243422789293,5.38441381106135,831.835048432457,-9.45788174148525e-18,1.2915134361004,1.00122867409645,0.832685793146548,0.885069815644202,0.84429299031351,0.799683710030205,0.0167954818508489,0.0106899357789189,0.00604938587831476,0.0101377735652536,0.0120853352775753,0.0164594865118217,1284.70450994688,15.62281324862,17.3232166618681,4.81759840282015,123.351326357459,119.748684516566,2539.68486091644,303.256376368866,20.6696469604769,0.215839051736605,0.332458994481245,0.0148405901664018,0.215839051736605,0.332458994481245,0.579707949645641,0.146090714693055,0.510983412640893,0.529839567285677,0.493387417389623,0.216697802845854,1.45842276291357e-15,0.312280242144833,0.200965546424221,0.163866636705669,0.157014693312101,0.126033102107743,0.106537877307913,0.0485047445650316,0.015072932958978,0.00748556530975179,0.00627945773675405,0.00457075836130866,0.00500412329326717,1.0337378938882,0.00991586562648297,3.94801618153389e-07,-1.29730657556201,0.0125977067035146,-0.072421521924616,-0.00644827909011271,-0.623982946771015,0.0456997583753022,-0.55420571791766,-0.0228138948531461,0.539786502497672,-0.55420571791766,-0.0228138948531461,-0.394670723575661,-0.0115070997327131,-0.0564355034843814,0.025634147583464,-0.490538267717677,0.0158530097134606,0.00344972086620898,0.331688359332973,0.115669134321584,0.144217526576964,0.092199492151516,-0.0455930774488243,-0.0775118859336031,0.0976828893530912,0.0939670155924626,0.0417207658752932,0.12017597689066,0.0829441378786126,0.467963860395484,0.0798488982997642,0.117193011896975,1.79999946772531,3.66091745086604,1.49407634369001,1.51744794274517,1.49383333350393,2.05610556520009,1.55279120775771,1.87620486426359,1.4873547683268,1.81819641056681,1.87620486426359,1.4873547683268,4.92935849033719,2.16760293653067,1.49954115323732,1.48702907651307,1.76285227078456,2.1252974360779,2.66256874393768,1.78890162722222,1.63510112497651,1.60011921738146,1.55699865775868,1.54336615724694,1.53881329777832,1.68448773871054,1.52224758202034,1.55398590272317,1.58092458316074,1.50322057919676,1.73876807582306,2.29588608362197,1.89378005957761
15,7.88888888888889,1.17111111111111,0,0.002209999487641,0.0211130532254954,0.061438256477528,0.12280224999912,0.205205033790271,0.342777661969,0.002209999487641,0.0211130532254954,0.061438256477528,0.12280224999912,0.205205033790271,0.342777661969,0.002209999487641,0.0211130532254954,0.061438256477528,0.12280224999912,0.205205033790271,0.342777661969,0.444444444444444,2,150.000015727529,128.666295177586,-13.2136851609207,314.664524528695,459.921697448182,4584.07780439538,-3.64714522362254,2.52145911884178,-0.245779035767107,-0.0892617331527964,2.52145911884178,-0.245779035767107,2.77090741589418,-0.163414541774815,-51.1401104051662,0.411162655993125,5.6009549005312,835.601676908655,-2.92269938818873e-17,1.28056779502135,0.994299229246954,0.826866982605979,0.890206676387877,0.863535423393398,0.823158462660139,0.0152608836860744,0.0107588693261848,0.00611537553327779,0.0086606066034788,0.0109434081866472,0.015845931673784,1320.51067597125,15.9859806270182,17.3232166618681,7.8052635360128,122.523867585137,118.32422256464,2503.57093933667,219.786585141918,21.7414467594259,0.0841642480288698,0.319436163064525,0.00541437723373629,0.0841642480288698,0.319436163064525,0.688100790755794,0.20494780328489,0.522266802323707,0.508004610197144,0.245195199762678,0.267722454576456,1.45366364698173e-15,0.234773128063345,0.123502886493889,0.0810608483598677,0.0738077696353589,0.058412129129381,0.0570083176085123,0.0338472403477265,0.00896101726542192,0.00387832292410442,0.00322243260385208,0.00238700353004113,0.00343781197813343,1.07524976327917,0.00977876311103852,3.94801618153389e-07,-0.0511183022269012,-0.0195583448386467,-0.0721371376163343,0.0198995760444586,0.0822612003589559,-0.014012584811215,0.224630241687814,-0.0195563671909777,-0.141683852873517,0.224630241687814,-0.0195563671909777,0.461559210022059,0.139603911737536,-0.0961746695218,0.019135044577229,0.15195669413464,-0.222113688883698,-0.0149792898263979,0.109124424510318,0.00100569395493346,0.0415927336028029,0.0552143662791242,0.0247065206439095,0.00992182402092314,-0.00488393881898917,0.000771837605127806,0.109099459788136,0.136495804682963,0.459803794255351,0.483262804225951,0.0940300552448842,0.126743633310851,1.79999946772531,1.57471854954341,1.49158739707537,1.52108160183963,1.4919638258935,1.68604283800351,1.51367164679446,1.78413599295805,1.48959007990237,1.9155882838028,1.78413599295805,1.48959007990237,7.64511044272828,2.24500212696085,1.54345965355748,1.48957071991104,1.74590500765244,2.24896820892977,2.59576165237411,1.72634526476307,1.67417951003569,1.52898447514439,1.43266427562678,1.42949401445966,1.48760175570132,1.43156630882985,1.31590766461777,1.7636837965998,1.96622933424339,2.73929914455331,1.69130746967173,2.48198418852441,2.35462102550442
15,7.88888888888889,1.17111111111111,0,0.00497249884719225,0.0475043697573648,0.138236077074438,0.27630506249802,0.461711326028111,0.771249739430249,0.00497249884719225,0.0475043697573648,0.138236077074438,0.27630506249802,0.461711326028111,0.771249739430249,0.00497249884719225,0.0475043697573648,0.138236077074438,0.27630506249802,0.461711326028111,0.771249739430249,1,2,150.000015727529,115.956504530778,-12.2402090792626,287.772388292886,396.503528569941,3999.90042703885,-5.36058928174149,2.06580283303823,-0.200354839670868,-0.0592830736381627,2.06580283303823,-0.200354839670868,1.68607333071555,-0.122318681478075,-48.4201635246328,0.329147034302676,4.47727320070826,812.257879387563,4.8132044370378e-18,1.36588806374336,1.05216157691907,0.893539183418393,0.906899489636495,0.792133444432869,0.653571409228205,0.018013995627643,0.0121491266406937,0.00785724740589522,0.0174604033954796,0.0207520560358296,0.0366291459222998,1102.63753775648,13.7327382564318,17.3232166618681,7.75230339622288,121.657437600441,119.741882427603,2501.81877661243,192.488051254771,18.0890190778855,0.078853984101247,0.325708533898466,0.00477583568818215,0.078853984101247,0.325708533898466,0.566285151246436,0.203119391767168,0.512574897298183,0.519189251085749,0.159226696487842,0.177278742477647,1.36541495830071e-15,0.258209799959279,0.127116933780364,0.0858591521034097,0.0543012831220205,0.0381476982035404,0.0255891941749693,0.0395014178177046,0.00995458314151815,0.00437722460405137,0.00372171330704815,0.00439002947519827,0.00550507604394725,0.864739326844793,0.00858360378869601,3.94801618153389e-07,0.082707796782231,-0.0160539305960294,0.0759549876000816,0.0168011555569805,0.158258557688289,-0.0837623021617215,0.180747046070523,-0.0190190348566264,0.0308482254398081,0.180747046070523,-0.0190190348566264,1.35243785547204,0.0352595699135548,0.0594446203234396,0.0186819803615248,0.351325784828253,-0.0234906237982159,0.0229026834164597,0.0722469418495986,-0.138285876821714,-0.0847920249772703,-0.0556611160449297,-0.0460698524227231,0.023008892219951,-0.0629445823323486,0.00682295506456065,-0.111022325770063,-0.0745686293958955,0.0729023787358573,-0.0549400430273399,-0.00658141910145194,0.108628176639482,1.79999946772531,1.54961159812829,1.50887648968838,1.49404624028632,1.50928876062791,1.63953376204621,1.54076626757668,1.62068875562167,1.5082893240874,1.50930030936203,1.62068875562167,1.5082893240874,9.42865769785742,1.96985062777235,1.50294463358502,1.50838286617858,1.85101882331808,2.37510348556894,2.63068451532235,1.66481194868271,1.66699021784114,1.54194932145302,1.47008076267546,1.46270565940665,1.50093660688808,1.5031464843997,1.33071689664775,1.52871978242095,1.69814444110131,1.48065250843846,1.5072834324893,2.39450084020549,2.28575572589772
-1.66666666666667,7.88888888888889,1.17111111111111,0,0.00497249884719225,0.0475043697573648,0.138236077074438,0.27630506249802,0.461711326028111,0.771249739430249,0.00497249884719225,0.0475043697573648,0.138236077074438,0.27630506249802,0.461711326028111,0.771249739430249,0.00497249884719225,0.0475043697573648,0.138236077074438,0.27630506249802,0.461711326028111,0.771249739430249,1,2,150.000015727529,121.608530361421,-21.1408747988751,300.709696906572,589.799916050412,4190.59337569003,-6.06453445057806,2.16011248828247,-0.232294801822727,-0.0647693448599104,2.16011248828247,-0.232294801822727,1.8937121862306,-0.127640983369337,-49.6962337256536,0.380147067179461,4.66932434121446,823.140829080304,-9.83566215706697e-18,1.39143162170607,1.07502416414957,0.915739287574211,0.92502838246016,0.806570700968649,0.662279720862408,0.0128498086191022,0.0120902197345068,0.00751536171586293,0.0183344901572753,0.0221366534735965,0.0388635412977814,1202.91073846474,14.7830955108843,17.3232166618681,5.36894922373279,122.430715799611,119.264095125769,2526.93111147847,97.5084678687649,19.0909838251979,0.081657621424671,0.334098907754631,0.0059166227431982,0.081657621424671,0.334098907754631,0.547181778018265,0.173467351356953,0.527620761405982,0.533331643378301,0.107577869084763,0.198451033139782,1.27550693053462e-15,0.0964107712255063,0.0480411329768536,0.0365269861722224,0.0252564071816844,0.0193930414608524,0.0134566128479176,0.0181947183321544,0.00574482511768614,0.00303665284355464,0.00246705426844867,0.00269015486264474,0.0025819577600283,0.92907339952039,0.00921050926319543,3.94801618153389e-07,0.0360424603606496,0.0850898699319471,0.00489414990126565,-0.0846427613147848,0.250120811432073,-0.00258380041110832,-0.103666109736609,0.0828222795151887,-0.170889640631514,-0.103666109736609,0.0828222795151887,0.860457117813306,0.00510528364315084,-0.0141684750203776,-0.0831010903477295,-0.554198430834207,-0.132819340971273,-0.00503580254578043,0.434764656569496,0.428880331180007,0.294896564178236,0.1752211469251,0.163680462960795,0.369341531571112,1.2157352146905,1.07405518118146,0.738494680060589,0.989081124500639,0.47301029405674,0.217876801830063,0.0920748545654142,0.0530955910245123,1.79999946772531,1.62136289130966,1.50701204325521,1.50176521691127,1.50735441996018,1.60282676337685,1.52357495270427,1.5331347903908,1.50615673217271,1.57481493039099,1.5331347903908,1.50615673217271,8.33327725880747,2.098146744936,1.51072800497701,1.5063126588631,2.36962430572309,2.21328366394145,2.72659120011048,1.62020896964298,1.76175695239604,1.77044918366992,1.70396912807676,1.81379034070857,2.39823424956709,3.74616835749112,4.62418222021245,5.8784743704101,5.9204568334161,2.544495474609,2.14259237035338,2.41434392060653,2.24380216357087
-15,12.7777777777778,1.34888888888889,0.5,0.00055249987191025,0.00527826330637386,0.015359564119382,0.03070056249978,0.0513012584475679,0.0856944154922499,0.00055249987191025,0.00527826330637386,0.015359564119382,0.03070056249978,0.0513012584475679,0.0856944154922499,0.00055249987191025,0.00527826330637386,0.015359564119382,0.03070056249978,0.0513012584475679,0.0856944154922499,0.111111111111111,2,150.000015727529,233.604655765024,-24.5461345182794,603.58562649724,714.886670971774,8025.61087386731,-19.6318773718363,4.1204239141756,-0.721597734610978,-0.258512723674617,4.16535235912926,-0.385278137775221,11.3971202999688,-0.267548386470159,-100.275022393501,0.635982011186335,9.07127080512447,1173.80533277784,4.64875658785543,1.28356556608687,0.88201321737319,0.665645932715341,0.684126320174982,0.662238204353713,0.632356431621706,0.0145759422911155,0.00898787321820644,0.00598136435579627,0.00595627665868139,0.00630744516196229,0.00700068076242058,4999.96677429434,43.0931142589303,17.3232166618681,49.9556650544253,128.409915789328,124.127625230906,2751.65096990752,1953.32243616018,33.6220751443338,1.16818421085306,0.511845465214318,0.138133028989221,1.19997208044643,0.432090064975567,2.79095798420344,0.353485266863576,1.4216118207054,0.699137795733708,2.65630800583541,0.395964929236013,0.00742654407218171,0.159253206723388,0.0457557630850058,0.079484605613598,0.109540810763848,0.127556978839623,0.13858109676939,0.0263560260588338,0.00476021767431482,0.00301152481708296,0.0028163614903083,0.00224045158053613,0.00155849211795331,0.809732530421281,0.00595717055628709,3.94801618153389e-07,-0.141850466720835,-0.00146383734410354,0.00150438797883395,0.0106883785083534,-0.142065279996099,-0.0727409073705802,-0.118825664146732,-0.0329029324753795,-0.128694331645581,-0.112202132522935,-0.034303908911431,-0.26977220585856,-0.0827252674116415,0.00275710569064378,0.0357293238223404,-0.117851240032872,-1.54230164150954,0.280903991135382,0.440361018840299,-0.865373611137267,-0.629970090037163,-0.398901908796104,-0.335518622100934,-0.229518507235068,0.689074363906111,0.136966264078599,-0.512164292236537,-0.516100567558806,-0.611455083585289,-0.698217330366131,-0.229027072413072,0.0843006846017182,1.79999946772531,1.56404247617217,1.49464438906943,1.51032652423997,1.49683505623821,1.56860413838836,1.69093731394908,1.556878890718,1.49299626034042,1.52914693117476,1.55369466501404,1.4941055440517,2.08503166966011,1.68391606052853,1.44866224159404,1.49463725798174,1.55800659265925,3.3786943534024,3.43807941200504,1.87218268340497,3.70781418782845,1.99074875961503,1.67629239284366,1.63712947172953,1.64046010721987,2.96223553520864,3.96215019581357,2.30419393995884,1.92085795498837,1.90617650661959,1.91868344023385,2.53287630627809,2.77947985587332
-15,12.7777777777778,1.34888888888889,0.5,0.0033149992314615,0.0316695798382432,0.092157384716292,0.18420337499868,0.307807550685407,0.514166492953499,0.0033149992314615,0.0316695798382432,0.092157384716292,0.18420337499868,0.307807550685407,0.514166492953499,0.0033149992314615,0.0316695798382432,0.092157384716292,0.18420337499868,0.307807550685407,0.514166492953499,0.666666666666667,2,150.000015727529,245.772794500573,-30.3894706697219,602.93824601604,887.843697637746,8348.02343505885,-17.3679601591501,4.14820539527133,-0.648449276838038,-0.25408673159046,4.17841797729403,-0.411017998199146,11.2381813352776,-0.338436360519738,-100.302823664202,0.669146760368711,8.94835496302468,1173.69971877929,3.26655608790752,1.38395177585668,0.994538704301634,0.781250588480366,0.8081140089574,0.692538568899073,0.60416314967191,0.0159131903465264,0.0112871887983752,0.00598260286793042,0.0112291857098219,0.0118958732423706,0.0166894469326112,5000.02905947297,43.0941703989169,17.3232166618681,47.5689493151822,129.015434601951,124.205864460003,2770.37739892491,1859.88577958341,35.217918176709,1.08036208441123,0.477025995086529,0.126161362676863,1.10083246718001,0.427621674945659,2.56139564380305,0.294379122994533,1.2964721181627,0.689267499046849,2.39560609167871,0.587658599222355,0.0330217384944214,0.162643926221331,0.0444127875465425,0.0842115047929759,0.116192875026198,0.119293937078728,0.115418553869508,0.0300700341324498,0.00556940666884361,0.0038273421878421,0.00415369070037268,0.00287653904836061,0.00229740893370508,0.965708526972189,0.0165315897960417,3.94801618153389e-07,-0.141574173594022,-0.00124072919140598,0.00151016712905985,0.00884186799657446,-0.130032589417962,-0.0650013892573366,-0.104884457447339,-0.0283287656667735,-0.12182269880052,-0.100708082102702,-0.0274243986971883,-0.33559990525477,-0.185246978514305,-0.00758154205416,0.0288252296049868,-0.105835476129214,-0.349297360071503,-0.286681512331237,0.489131807638743,-1.0461033028463,-0.616330327685884,-0.421812680697627,-0.335207333927563,-0.269258972504189,0.736269910276183,-0.0497557097259852,-0.588779692309691,-0.903065038438273,-0.746381114214225,-0.591353807505196,-0.0726087999430978,0.314939539954869,1.79999946772531,1.58178513561346,1.49441382369945,1.51151033861642,1.49589693270842,1.57664578850384,1.65809675546344,1.56279555680959,1.49121249931011,1.53810369952786,1.56043688443451,1.49200453327012,2.1170963693294,1.89791383490225,1.46979265605331,1.49245864221425,1.56552161656367,3.12718709370723,2.84108648936613,1.99088628707661,4.14953479250085,1.97348221565389,1.68065164912567,1.64142572365918,1.64634547710527,3.00107203935535,4.17561793621667,2.38835539648038,2.36707860098871,2.08415117488531,2.18758261214722,2.58160245857869,3.15288521896133
-15,25,1.34888888888889,0.5,0.0033149992314615,0.0316695798382432,0.092157384716292,0.18420337499868,0.307807550685407,0.514166492953499,0.0033149992314615,0.0316695798382432,0.092157384716292,0.18420337499868,0.307807550685407,0.514166492953499,0.0033149992314615,0.0316695798382432,0.092157384716292,0.18420337499868,0.307807550685407,0.514166492953499,0.666666666666667,2,150.000015727529,153.070539527133,-9.28990419956254,619.452379960421,84.9406151442557,3367.6424025414,-58.267880429122,0.381882315837934,-0.162750923669409,-0.0261787427351317,0.415010217737735,-0.00962553398604312,-4.16252355494219,-1.31983218966774,-100.957144047495,-0.0356345758983439,-0.0620089902510156,1173.69805228622,21.7534527653371,1.50724372461202,0.952158764712009,0.447576179564628,0.250839394687012,0.0373964214726309,-0.094991215703781,0.113053302645027,0.0125911205437871,0.00741871117591917,0.00617504895323404,0.0103767526299344,0.0170863622539319,4999.98396000417,43.0933204874489,17.3232166618681,68.7039804924035,112.143141101284,116.929841343769,2317.16249447148,2341.85864984085,16.2831183117629,1.12810775042761,0.725121159478319,0.0168567187257861,1.29474561708958,0.349381044052307,3.51333889840556,0.896488986600756,2.50699226518266,0.560824537080602,2.83445595331849,0.934838086345703,0.00475483119530781,0.395555173364549,0.210548594031003,0.0990590608247731,0.155971885977045,0.176728743379842,0.211048692156952,0.140653918986632,0.0159194498145562,0.00310893414007134,0.00112369594544595,0.00302529656603241,0.00927640982036831,3.51664982974798,0.00975183134573727,3.94801618153389e-07,-0.299108633656705,0.0195852616881364,-0.0219475200570189,-0.0320745734942335,-0.386157131953559,0.122014426622439,-0.407857251699731,0.245283604885731,-0.153334233088333,-0.399104797348019,0.0255730333983018,0.459450141201866,-0.64597008991435,0.246191602352664,-0.0249534690821195,-0.413735010723821,0.0172161916098675,0.65083919170098,0.762413551742434,0.290768858367049,0.155355298814443,-0.476630108984219,-0.563447404591407,-0.501067924461383,0.955244810366783,0.989525494124195,0.745900075013606,0.708140700296263,4.71980076632585,0.668927837713834,0.206086172750518,0.252095668688827,1.79999946772531,1.5814126795521,1.51932971814411,1.50098456389349,1.5263137410788,1.70185660541394,2.12422275313799,1.72909836326933,1.6002909907138,1.75497817886549,1.7149678809158,1.51789323438836,29.0744424794904,2.21344082377925,1.66196124424298,1.51851170132962,1.72616802088508,1.96679296681312,1.42359165348714,2.5356079528705,1.7208949118708,2.08570108208921,1.81396868262647,2.18196428510092,1.67473944127083,2.79553619563695,3.95799121769055,2.64091195645246,2.20555639533958,116.121353460534,1.83709951722355,1.7647621032645,2.2014706534024
1.66666666666667,25,1.34888888888889,0.5,0.0033149992314615,0.0316695798382432,0.092157384716292,0.18420337499868,0.307807550685407,0.514166492953499,0.0033149992314615,0.0316695798382432,0.092157384716292,0.18420337499868,0.307807550685407,0.514166492953499,0.0033149992314615,0.0316695798382432,0.092157384716292,0.18420337499868,0.307807550685407,0.514166492953499,0.666666666666667,2,150.000015727529,143.885998706385,-12.3626569315696,617.75420268722,201.649786865951,2894.3547055515,-56.7971214977607,0.074177078908447,-0.0402975743568378,-0.0596215570253099,0.084050590261431,-0.00784856360483282,-5.37434006509738,-1.5875192635038,-100.814988022081,-0.0431554261566503,-0.844053359650036,1173.69253202791,23.1767190917611,1.51873377773149,0.919357327361734,0.429934412709093,0.222465545747318,-0.00576290148224141,-0.141771759529424,0.0592256043860015,0.0121148575236954,0.00671269012404958,0.00886698083532967,0.0115484808874076,0.0196706210811374,4999.99218831372,43.0935027601287,17.3232166618681,119.350348905316,115.975805110846,115.018870214903,2416.54575589633,4044.19422470911,30.1295983036788,1.77506495084553,1.11359028113335,0.0436065886950764,2.05642975066333,0.402572687377877,4.52049356203284,1.43404659890014,3.79881207889966,0.646349361826956,4.38265798705716,1.12695915272773,0.00469542541647446,0.272921762204826,0.329173157400197,0.325545010098292,0.335974252242034,0.305249022750756,0.285717516681889,0.0704227378960907,0.0188461599157758,0.0072807461157515,0.00459643397692342,0.00591190128762826,0.0116356493980671,4.67491548635213,0.00851409478977219,3.94801618153389e-07,-0.155741974598104,0.0527049834768501,-0.0519039403091705,-0.106381151885154,-0.154450902708533,0.459493678372977,-0.17418165685718,0.120335527126397,-0.393042776433136,-0.165197406435289,0.0870805023843484,0.63764003862437,-0.432881632145907,-0.158773075170155,-0.0881759994746377,-0.178577194832009,0.12222707793874,-0.73227924721366,0.279731856992329,-0.125680704648055,-0.0630675784386792,-0.106116896631159,-0.24392845810929,-0.251043707403825,0.24354948398044,0.300870624021752,0.526111364112134,0.494385392587914,1.06809606827627,0.514271167105601,0.195579618846979,0.232864890100621,1.79999946772531,1.54888022290754,1.5136196385741,1.50737302751847,1.53993679997983,1.56266027271811,1.91812733221215,1.56544419295795,1.52648254659517,2.08212949051894,1.55738923041744,1.53044801783638,46.5702126968395,2.02309200593883,1.60226606749691,1.53195035936075,1.55845413233499,2.07657251497995,1.53623289596431,2.20478093659045,1.66366344581214,1.57325153444327,1.56120084639868,1.64618141951326,1.53325345694958,1.77548393921967,1.60306497042228,2.33920654014732,2.4343047460073,3.49594607151386,1.64436495190304,1.82799756719908,2.50046560141353
1.66666666666667,25,1.34888888888889,0.222222222222222,0.0033149992314615,0.0316695798382432,0.092157384716292,0.18420337499868,0.307807550685407,0.514166492953499,0.0033149992314615,0.0316695798382432,0.092157384716292,0.18420337499868,0.307807550685407,0.514166492953499,0.0033149992314615,0.0316695798382432,0.092157384716292,0.18420337499868,0.307807550685407,0.514166492953499,0.666666666666667,2,150.000015727529,151.479525049474,-10.1591581616498,620.400406207686,88.3920483501718,3182.25494796375,-55.4974638058535,0.234450235163004,-0.0949361291396729,-0.0164071221747735,0.25290418774086,0.00403201768565776,-4.7877995676492,-1.46708252068337,-100.932968440787,-0.0601533061868555,-0.450110838516822,1173.70305176544,22.9592552859073,1.56364305801479,0.958669680241641,0.461133829809394,0.258466498768878,0.0408353594865118,-0.0965027113085095,0.0527472862546819,0.0115262244991355,0.00664695396312884,0.00630903666284762,0.0100136074367253,0.0159013172586189,4999.95521299865,43.0934204770339,17.3232166618681,69.3184815551215,113.787726882422,116.439374116433,2365.11006533042,2082.93251226735,19.7781333140913,0.852627123128748,0.659813167614615,0.0106788744465206,1.01948703437059,0.350666670933571,3.51195522862072,0.900653903360095,2.27553427790957,0.558706373101286,2.13575273538479,1.3527133451293,0.00696101715388524,0.223128217474425,0.221408796658823,0.179965555799366,0.168895131793596,0.12989527370998,0.140376394914422,0.0578679904204387,0.0131804217419415,0.00420794456036302,0.00145385633557413,0.00247017551032624,0.0082349501348143,5.32925047096034,0.0167147375534505,3.94801618153389e-07,-0.184626841193976,0.00758584817509567,-0.0222292688847865,-0.022420118476516,-0.317186271683545,0.524989151653565,-0.413731605709185,0.216523145875775,-0.624764904269881,-0.395519146180964,0.0312215380732766,1.50395274169071,-0.611620073265165,0.221903051248702,-0.0326510095390849,-0.441528253441712,0.0767360795131204,0.101371470656281,0.229484898265865,-0.12707457634094,-0.0794481514281659,-0.0855948878705207,-0.287314297218642,-0.428300731175926,0.103331682705429,0.273803434083635,0.588809867217012,-0.0206017050742651,7.23310161995137,0.419175412216542,0.0502156548464823,0.0593357597626588,1.79999946772531,1.5504217196075,1.51123330544482,1.51462724230167,1.52823295896288,1.67355251825869,1.80035907009756,1.74821698268214,1.5630278717849,2.78456907755798,1.70703678358581,1.52978208668121,118.8083837796,2.8234465601354,1.64031827763221,1.53356323192243,1.7432877129788,1.77242745260992,2.0621500488442,2.0182048950573,1.70419046211522,1.69699138500454,1.61619466421869,2.85565282938124,1.65144901583347,1.48227650891814,1.41245736128179,2.1862047068824,1.68286469101187,199.943121416443,1.63946817569814,1.45759732361125,2.04501335920978
1.66666666666667,25,1.17111111111111,0.222222222222222,0.0033149992314615,0.0316695798382432,0.092157384716292,0.18420337499868,0.307807550685407,0.514166492953499,0.0033149992314615,0.0316695798382432,0.092157384716292,0.18420337499868,0.307807550685407,0.514166492953499,0.0033149992314615,0.0316695798382432,0.092157384716292,0.18420337499868,0.307807550685407,0.514166492953499,0.666666666666667,2,150.000015727529,147.935957712738,-8.84367846161858,620.44714092282,69.43252390376,3309.37960212478,-44.4358306426414,0.439653351025934,-0.19362445980627,-0.0141285853556921,0.480277496989897,-0.0109050135798354,-3.7954252196542,-1.33928979314655,-100.994539110509,-0.0289664256848245,0.159797342615353,1173.71659202166,22.4691136339968,1.58264441204041,1.00557184668264,0.508055848349131,0.305404241758046,0.0818181047578377,-0.0611365920206229,0.0633340073200709,0.0117446700114571,0.00667713331944589,0.00685786970107281,0.0095432558066868,0.0150148904280804,4999.96864909905,43.0934371419646,17.3232166618681,63.2484314668972,114.400922297042,116.838059092497,2376.21482689651,1841.12373852235,18.0097501376587,0.738366803155722,0.601599197867148,0.00902629550321068,0.887135805165221,0.346540936796559,2.98502885938037,0.726289413952371,2.04191185395688,0.550850308160981,1.84055469811435,1.47365216988516,0.00745372547587942,0.21283796311756,0.219583744175808,0.181947474607519,0.171528998590959,0.12949314441736,0.135685841440395,0.0645500370140781,0.013928614069508,0.00467454732187994,0.00208666963469894,0.00206923452170268,0.00752532383453758,5.62288444827269,0.0183999952309077,3.94801618153389e-07,-0.135045319022704,0.00588194953762452,-0.0131151453834448,-0.0183704584360297,-0.298547714721819,0.515415809955035,-0.432655866181068,0.169732144828226,-0.254293335394695,-0.398355155342042,0.0188754379112822,1.28165776651514,-0.549008585415027,0.274276793136834,-0.0187447627932483,-0.461583044827207,-0.185707948509317,0.144375496817095,0.406911234744048,-0.145484537105289,-0.089397835958357,-0.124416678842397,-0.111207791891193,-0.502303742506334,0.0833320972616483,0.274917185716683,0.50767472613819,0.417398903592316,2.79391292569198,0.630885006819975,-0.123068330771884,0.048899739817606,1.79999946772531,1.53626111424276,1.51384609480213,1.51646143235772,1.52958488164072,1.69881425509034,1.7327984395303,1.8302652019875,1.56010848808722,1.71711741539007,1.77902337648791,1.51820343309082,87.833801477492,2.61628197443447,1.56870510909289,1.51825377930036,1.84305965774154,2.10531386145737,1.80918846855927,2.19119113629096,1.71111534982798,1.69977915441085,1.64761239424841,1.85143041637737,1.72688252088636,1.48921351416597,1.42541900402303,2.02410394763249,2.45784535184275,50.3296189604247,1.88579276619722,1.48388039012142,1.99642301139389
-11.6666666666667,25,1.24222222222222,0.222222222222222,0.0011049997438205,0.0105565266127477,0.030719128238764,0.06140112499956,0.102602516895136,0.1713888309845,0.0011049997438205,0.0105565266127477,0.030719128238764,0.06140112499956,0.102602516895136,0.1713888309845,0.0011049997438205,0.0105565266127477,0.030719128238764,0.06140112499956,0.102602516895136,0.1713888309845,0.222222222222222,2,150.000015727529,152.228752213311,-8.20779636839913,620.707572127904,34.402394521404,3464.26257681492,-48.3081637329445,0.523384417300281,-0.220203923028851,-0.00679527247161754,0.567753832891365,-0.00881793418498074,-3.495538601604,-1.25929495479638,-101.028827205499,-0.0315435870950943,0.358176234275597,1173.69169878138,21.9283241329026,1.52207811686283,1.00188861576919,0.499239558379335,0.302118873034059,0.0819391327236747,-0.0376622765649412,0.107243218407458,0.0114227419922925,0.00636888240808249,0.00605291073846474,0.00837669044891157,0.00795511217581501,4999.96427455473,43.0934475575467,17.3232166618681,35.5809584736162,111.18001962728,117.356747116212,2287.19545404406,800.259727307578,18.3769895785877,0.337157920011026,0.400533939932036,0.00353304168837465,0.418228853281195,0.314940019898395,3.52222254117086,0.627858006213016,1.4212889321234,0.500877975638057,0.891863682592258,1.27219578849241,0.00705289020548766,0.348689230579495,0.253581634198294,0.119989343023196,0.0657347703371014,0.0595057714757748,0.0801861392586237,0.131258913666839,0.0199013913115137,0.00386697869561193,0.000874262006190964,0.00142062171762395,0.0021483140144315,4.91115594603539,0.0159533363974709,3.94801618153389e-07,0.0577443633689301,0.00784776791852909,-0.00458555139239393,-0.00186279280962467,-0.605662218945597,-0.260227254239522,-0.996221333548832,0.0066913168093669,-0.110098868156082,-0.86588635484021,-0.0400993606357011,2.54540343204886,-0.634880293247472,0.704923472624321,0.0446164698512021,-0.981308072245996,0.106749552926153,0.248541844763834,0.829337535537243,0.21145735722072,0.253109295406069,0.389543278278848,0.0226429487754391,-0.712925417284247,0.940674247965043,1.08727375322744,1.26816907617663,1.0817869449333,4.19245985720297,1.68451344825263,0.121962368297355,0.0728766554247595,1.79999946772531,1.50049724290612,1.50946432100127,1.506502066561,1.50700940948956,2.10380267992766,1.69570805124915,2.62131508559906,1.57677708437848,1.89638998393432,2.41140127738904,1.50019377951591,402.036761886218,3.93101265001054,2.02521693740224,1.50005852508184,2.59371914569056,1.79110537196681,2.01831325467448,2.73978488682893,1.7173419323146,1.65457656509255,1.73351128204858,4.44772103856939,2.26034851469373,2.83937285968275,4.32480079887281,5.28691434070675,4.1763362632485,125.366305697312,18.7662202770939,2.13056729477686,1.71698025875187
-11.6666666666667,25,1.24222222222222,0.222222222222222,0.00386749910337175,0.036947843144617,0.107516948835674,0.21490393749846,0.359108809132975,0.599860908445749,0.00386749910337175,0.036947843144617,0.107516948835674,0.21490393749846,0.359108809132975,0.599860908445749,0.00386749910337175,0.036947843144617,0.107516948835674,0.21490393749846,0.359108809132975,0.599860908445749,0.777777777777778,2,150.000015727529,150.253765232788,-8.53545608478284,620.78288719925,65.4112574731799,3383.03978752213,-49.4131632121654,0.481011924830747,-0.209801773606916,-0.00625583668367878,0.524571406155609,-0.01461622435163,-3.65082467638787,-1.29503140714509,-101.021942505989,-0.0222752397146131,0.266296231923758,1173.70575981669,21.96959587543,1.51952609103218,0.992538225184877,0.499351067597125,0.300216998229351,0.0703570563003854,-0.0458134459233413,0.107592444470368,0.0129177332321633,0.00744466180606187,0.00611420727007603,0.00969079470888449,0.0127626894073534,4999.96875325487,43.0934183939179,17.3232166618681,35.6673236902882,111.33729491682,117.26529085545,2294.15105420225,787.907134756452,18.2820176523534,0.324930675731919,0.404388042120359,0.00332508600759564,0.410472194198051,0.317207947156126,3.44830181838814,0.61314514589868,1.44292551754901,0.504690445277162,0.874988567102664,1.20302446472322,0.00755419307313124,0.349116866732181,0.247938177041206,0.121237105848569,0.0686148987904966,0.0526195396438677,0.0823655926205157,0.13148564456566,0.0197427685680936,0.0044529530326665,0.000878081423564831,0.00181403414183609,0.00768816179229884,4.65954023546115,0.0164291671262387,3.94801618153389e-07,0.102087714907491,0.00397996255005527,-0.00412533043642576,0.00861647637444758,-0.543139195300144,-0.271153685532186,-1.06425527318251,-0.0411467216138239,-0.475607801605002,-0.848315962912232,-0.0621665399924832,3.1356908501639,-0.650892200884179,0.680813433795373,0.0675675440692868,-1.00028027939042,-0.196013220748743,0.0668913777685755,0.82838251342223,0.197398363240228,0.244367301913144,0.396725923193945,-0.206484051198496,-0.679349618359663,0.934183069709773,1.06784618057674,1.52982609357089,0.972418610265501,1.70362245813679,1.12584629502113,-0.0139420518580132,0.0361099864746371,1.79999946772531,1.52250725622606,1.50963587946973,1.50717924047929,1.50604191587025,2.13685874490246,1.67744078111186,2.7088405243143,1.59124733684355,2.34256163586477,2.4621772138454,1.49810618219838,239.979263436264,3.762208531681,1.98713075403673,1.49784284738547,2.66962539865142,1.47557980193291,1.75469396162942,2.74027652346442,1.71825411172111,1.65472912556649,1.71032180540633,6.27803437560559,2.10167162648598,2.81024332780415,4.24333692134392,5.65257479510182,3.93703222193812,46.5285288065753,2.83363824149661,1.94470110003853,1.69098685913072
-11.6666666666667,25,1.24222222222222,0.5,0.00386749910337175,0.036947843144617,0.107516948835674,0.21490393749846,0.359108809132975,0.599860908445749,0.00386749910337175,0.036947843144617,0.107516948835674,0.21490393749846,0.359108809132975,0.599860908445749,0.00386749910337175,0.036947843144617,0.107516948835674,0.21490393749846,0.359108809132975,0.599860908445749,0.777777777777778,2,150.000015727529,148.781129049057,-9.19706415477553,619.51948755338,100.931883762108,3299.3977591605,-51.6418018956359,0.404990754640142,-0.18195927090928,-0.0265745385897302,0.443672442076867,-0.016992510133007,-3.9735085397667,-1.3354659740652,-100.961733152796,-0.0208898801062389,0.0514387255494219,1173.76221226956,22.0004884907822,1.54656650348922,0.963816039995834,0.461074346422247,0.261168520165504,0.039615721183835,-0.0889100420488492,0.090872805145818,0.0124003753817936,0.00742388553275701,0.00653469503176752,0.0112510736381627,0.0185981972711176,4999.97521091553,43.0936110821789,17.3232166618681,73.6156339693158,113.138962586906,116.915837982873,2343.49352714389,2458.56831463735,15.1655733908635,1.13237734618494,0.742679860683451,0.0173228767172198,1.30684068033339,0.354989130042929,3.80056465075052,0.882522758559626,2.53469240327141,0.568284655982139,2.81947354148415,0.849272397616675,0.00506220655766336,0.317637417405759,0.165042463156531,0.130994384760189,0.191249969276315,0.200365376350436,0.215862786194238,0.110637708380626,0.0129145523911064,0.00348968155867529,0.00163732119071611,0.0043517243506997,0.0112141155562438,3.31916938966374,0.0102026537645451,3.94801618153389e-07,-0.227062178456701,0.0241182532416148,-0.0212057016483506,-0.0403069945322151,-0.303610863386684,0.628876894830929,-0.339681957005176,0.195853270929055,-0.093069624618301,-0.327366316406087,0.0336723612888021,0.878908081187206,-0.620049658813336,0.178302369687123,-0.0321689256225017,-0.345251583292133,0.250249295862815,0.0862145129661933,1.00438320490969,0.443137831660349,-0.250489083066369,-0.393481202492294,-0.481196511614425,-0.445784870289577,0.840440263971924,1.15103774792803,1.09162188994767,0.447887247146754,1.37248175134921,0.666326198396993,0.174231321994593,0.140774810727029,1.79999946772531,1.55219344581007,1.51614234365541,1.50262572092304,1.52486034523354,1.65193272074898,2.20330469264335,1.68125721973403,1.57303847502318,1.56810645873766,1.66695499486778,1.51919481947733,109.858798392795,2.29643656955067,1.55863550531447,1.52008669895672,1.67770658887576,1.82530789746895,3.84980504120235,3.12671115488491,1.59488037634664,2.03333840260486,1.71232033005602,1.82332342226096,1.63239072318549,2.35679849835084,3.92304571161166,3.35823828966395,2.06109145360651,3.9176535642336,1.76322895522858,1.76540977718637,2.05615024637196
5,25,1.24222222222222,0.5,0.00386749910337175,0.036947843144617,0.107516948835674,0.21490393749846,0.359108809132975,0.599860908445749,0.00386749910337175,0.036947843144617,0.107516948835674,0.21490393749846,0.359108809132975,0.599860908445749,0.00386749910337175,0.036947843144617,0.107516948835674,0.21490393749846,0.359108809132975,0.599860908445749,0.777777777777778,2,150.000015727529,139.800589410686,-11.606626883658,617.993552754921,205.818465076555,2931.59643317748,-51.7974594261119,0.200378904780752,-0.107917613592334,-0.0545573173627747,0.226573456026456,-0.0214550221237371,-4.73921396311426,-1.5162796066441,-100.865772315384,-0.0158354213686074,-0.444392612488283,1173.69357358608,22.8975700447876,1.47415646286845,0.94213526715967,0.464012981928966,0.253144965545256,0.0174880898198104,-0.11285319196542,0.0899520205697324,0.0147424364828247,0.00725690499750026,0.00995187034683887,0.0134717052390376,0.0207598852202895,4999.99489636496,43.0935548380374,17.3232166618681,117.934202061311,117.202987391925,115.569212961196,2453.95858848128,3958.75942533798,32.1563097830278,1.70200164724739,1.07619658191053,0.0378712289241891,1.97245811253439,0.405480682888938,4.1066433282275,1.35174827423589,3.64829111106432,0.648693029054253,4.16249025905426,1.07521768582098,0.00428914745900267,0.342154359348215,0.405673583898144,0.384878930918165,0.377276795099172,0.325532537545311,0.284169953212779,0.106659173776957,0.0256015585947977,0.00992191262651987,0.00601938326126771,0.0069472363619001,0.013503920869524,4.24392641903657,0.00773636823826509,3.94801618153389e-07,-0.155834438699378,0.0570203902214364,-0.0441937183267626,-0.107605476738422,-0.144803899959077,0.329389081184284,-0.154243023328487,0.101539282886539,-0.13396734419891,-0.145033137826542,0.0835067030305645,0.274508887974648,-0.358543300572289,-0.160677551783716,-0.0845096311896312,-0.155369770862205,0.148907104714491,-1.1984566469192,0.491786091703697,-0.0507628951264076,0.00597828097325968,-0.0523256525004786,-0.187250492973395,-0.203449364014625,0.400174602951378,0.209343196102735,0.407717016145192,0.451178638960837,0.930595824803043,0.507462219357893,0.215188908708245,0.0373818016495385,1.79999946772531,1.53915863639016,1.5134612541222,1.50421024179269,1.53378374108904,1.55324042083648,1.76334986391464,1.55621462782081,1.5238570721262,1.64974875856145,1.54968319436757,1.52561605748729,10.4537063880544,2.10692076234989,1.55881173464984,1.52739895305924,1.55056145788645,2.21991778084401,2.43629833420404,2.39312653960515,1.64886262472919,1.55474540932476,1.54794350025259,1.61871192554121,1.52057716432095,1.91766072726124,1.67011330870117,2.34327637625032,2.28039408839345,2.76880526068034,1.574958927813,1.89250142376312,2.56996281788832
5,12.7777777777778,1.24222222222222,0.5,0.00386749910337175,0.036947843144617,0.107516948835674,0.21490393749846,0.359108809132975,0.599860908445749,0.00386749910337175,0.036947843144617,0.107516948835674,0.21490393749846,0.359108809132975,0.599860908445749,0.00386749910337175,0.036947843144617,0.107516948835674,0.21490393749846,0.359108809132975,0.599860908445749,0.777777777777778,2,150.000015727529,241.13270492657,-33.6150709831268,604.487230496823,982.560833559004,8118.69680241642,-8.39678738537653,3.97344141235288,-0.597443717462764,-0.226487695031768,3.99698718883449,-0.411845358432455,10.4994614102698,-0.367574929469847,-100.383708988647,0.666865995827518,8.5003167378398,1173.46797208624,2.67815665034892,1.49798000208312,1.11233812102906,0.905908228309552,0.889933392354963,0.749332079991668,0.632801531090512,0.034069991987293,0.0132025017581502,0.00991549350101031,0.0155263144464118,0.0168052379960421,0.0234565264034997,4999.70138527237,43.0995448390796,17.3232166618681,39.0314351819106,128.112245377628,123.466655693644,2706.62034142204,1511.28443710391,34.1086004275999,0.850455259043554,0.419357166967347,0.092040553719594,0.862772559194112,0.393012777839098,2.12033117268743,0.271151982335844,1.22499018800978,0.62971725749634,1.85840722449697,3.31141336605498,0.322052912383631,0.278778817673393,0.21927090334782,0.217136882137446,0.17997631912352,0.158819374572238,0.129632921651024,0.0523238480983761,0.0183988089951759,0.0106623634769807,0.00821852920672807,0.00648259861571072,0.00753830573813642,3.2480582593021,0.120073029404147,3.94801618153389e-07,-0.338235767487559,0.0147881889193066,0.000267183281503706,-0.0188982087051744,-0.304705557851879,0.127639433842872,-0.296436051039179,0.0316661088150321,0.118495128050974,-0.296317668436082,0.0226213516455222,-0.232372589681282,-0.0524666236508375,0.0482764783401072,-0.0236761989202538,-0.304130956456251,0.036380231514076,-0.151965406662371,0.253916081990492,-0.0229484138075104,0.0103056453406856,-0.125973294994868,-0.185899565616744,-0.253602237880748,0.0690708727656072,0.118015891706985,0.0308835791287537,0.0794042456859421,0.165896293134008,0.625978773833362,0.150435817774903,0.00709943232382844,1.79999946772531,1.72846379569884,1.49534128981949,1.51256470903878,1.49779760129931,1.68498723098812,1.61474427297034,1.65164002511768,1.50258869624088,1.53953716647609,1.64854909567495,1.5026546444994,2.16595201798545,3.07618385234592,2.03123700920127,1.50433532193263,1.64931577771468,1.70140569314443,1.73611221192538,1.90824844608345,1.72304732336389,1.61198533840067,1.62617071539466,1.59822219364535,1.62546485989166,1.60234479020949,1.47186523653803,1.58627412406997,1.58720140375838,1.7691965074447,1.9745017941552,1.83947647953266,1.69019027829781
5,12.7777777777778,1.42,0.5,0.00386749910337175,0.036947843144617,0.107516948835674,0.21490393749846,0.359108809132975,0.599860908445749,0.00386749910337175,0.036947843144617,0.107516948835674,0.21490393749846,0.359108809132975,0.599860908445749,0.00386749910337175,0.036947843144617,0.107516948835674,0.21490393749846,0.359108809132975,0.599860908445749,0.777777777777778,2,150.000015727529,226.549776064993,-25.4077923820436,608.025309863556,698.412520632226,7491.12123737111,-23.4269052671597,3.54238193938131,-0.652177756275388,-0.186476973231955,3.58615810853036,-0.336557108311634,8.84216935735861,-0.260056651610249,-100.614244349547,0.541378923995417,7.55417675242163,1173.76283720446,5.07029392771584,1.33841986251432,0.932263295490052,0.713667888761587,0.718716737839808,0.585797114883867,0.490628507447141,0.0161075903603791,0.0115485865082908,0.00726029840287471,0.0113357436725341,0.0114724318300177,0.0146659717737736,5000.0036454536,43.0928090823859,17.3232166618681,48.0288927387491,127.998590071221,123.25598362322,2699.77639800591,1787.72075673187,30.7259360483213,0.9657012312104,0.461119118968148,0.0948865492737918,0.993295640049202,0.398222000653061,2.31423150969858,0.443444687081421,1.28731797834506,0.638011564714864,2.12861292769325,0.425365077824149,0.00310611855834968,0.260226107821444,0.218501292422124,0.199023998063599,0.181822253176073,0.158585329899659,0.129072892869491,0.0377512781811986,0.0145434907158222,0.00779795011330373,0.00629467011167466,0.00410090618598033,0.00545022658912903,1.01892878845895,0.00449466174125575,3.94801618153389e-07,-0.217640641851034,0.0263987787095184,-0.00773577235956223,-0.0393153195429658,-0.208010187569615,0.295232160059103,-0.200595841859919,0.0385521220474573,-0.0280956271365626,-0.196665427599585,0.0343542428739247,-0.256937400687063,-0.494533869421371,-0.0247924071758979,-0.0346501202799912,-0.203514756103991,-1.23588374900729,-0.0395898671942744,0.0611814321418751,-0.0515275357360147,-0.0169010451624145,-0.118714249894586,-0.119053480380752,-0.198779778238101,0.0241977482911384,0.202387013314102,0.0355869113641265,0.332091991152189,0.315969309816827,-0.697669674576143,-0.298572179540049,0.974948438032426,1.79999946772531,1.618633777321,1.49545980150715,1.50880181468457,1.50144110892105,1.60910593257813,1.62547453604376,1.5886157845413,1.49659001410575,1.51249685384683,1.58605045202961,1.49891055984352,2.00368822746893,2.85650395280215,1.5211099518332,1.49945100515517,1.5871406031907,2.52740864106067,2.47197269222769,1.72091373768872,1.62920554861865,1.58086931795277,1.55019247539559,1.5445496833425,1.55802501056372,1.41836070406911,1.48711046459891,1.46011023930962,1.47151277659652,1.72426689113243,1.93242153715404,2.28618266679688,1.95052445624584
1.66666666666667,17.6666666666667,1.27777777777778,0.0555555555555556,0.004419998975282,0.0422261064509909,0.122876512955056,0.24560449999824,0.410410067580543,0.685555323937999,0.004419998975282,0.0422261064509909,0.122876512955056,0.24560449999824,0.410410067580543,0.685555323937999,0.004419998975282,0.0422261064509909,0.122876512955056,0.24560449999824,0.410410067580543,0.685555323937999,0.888888888888889,2,150.000015727529,171.542662222685,-12.1150673255911,619.4482345589,211.980364212061,4871.6571190501,-34.7823903760025,1.66396708676179,-0.528095675450473,-0.0391504301635246,1.74119039683366,-0.126203312789293,1.24678153713155,-0.508068201603999,-101.102083116343,0.177631604187064,3.20267138839704,1173.67555462973,13.4623205916049,1.52341006145193,0.932225268201229,0.576172346630559,0.48792113321529,0.304766409748985,0.202111852931986,0.0224387777645454,0.0115192572034163,0.00806230538485574,0.00835855796271221,0.00738192448703259,0.00940098239766691,4999.99447974169,43.0936496198314,17.3232166618681,28.2636703752096,119.923192490614,117.643124415086,2472.2255464472,591.967681342268,18.3803010880559,0.174353865385713,0.376151376362164,0.0109682921192343,0.244070797011037,0.335143107851467,1.51407312116791,0.301904864125406,1.21882427712432,0.531741322432011,0.413676001719945,0.686654986116026,0.006054416595894,0.180271359283507,0.108894018645967,0.0673672887887968,0.0470367920068857,0.030210007960153,0.0200477883525017,0.0314074554066612,0.00790494937978455,0.00285662876009123,0.00274469992846049,0.000778433138336041,0.000577607240586218,2.69885599657345,0.00977516688429807,3.94801618153389e-07,0.085934843341037,0.00582785127189131,-0.0148012067606825,-0.00576173169633042,-0.101489249247698,-0.061547294178655,-0.558199649534124,-0.0191074413058035,0.0231307310011387,-0.243782757665451,-0.00131821118467713,0.278605184347637,-0.0335033414458627,0.133795550072679,0.000583991055737604,-0.543651352957259,0.520792937043152,-0.160442546838822,-0.00409906226994313,-0.124001518089069,-0.12295376444075,-0.110568753269806,-0.0904219374718057,-0.336045789921003,0.311600670563395,0.741198702156309,1.04133635260218,0.176524118007425,0.905209808706612,0.300671661956453,-0.115570720855366,0.109262525108606,1.79999946772531,1.39486030702559,1.49884968763069,1.50551515916047,1.50376389836658,1.53524446477688,1.52171701956267,2.32281482487691,1.47262052589314,1.7310221844703,1.76998124028097,1.49868190735659,6.43617406369591,3.06232356330047,1.59263727942327,1.49883803308294,2.40090229612045,2.18955614929828,2.47207329347362,1.54920756415641,1.62337626454335,1.74540034352616,1.88830435606139,2.00735910992641,2.26587459670911,1.63143165972705,2.66489540872768,3.98657771171222,1.65226857347218,4.63733193390298,2.37400779368246,1.41980492992351,1.99584492182528
1.66666666666667,17.6666666666667,1.1,0.0555555555555556,0.004419998975282,0.0422261064509909,0.122876512955056,0.24560449999824,0.410410067580543,0.685555323937999,0.004419998975282,0.0422261064509909,0.122876512955056,0.24560449999824,0.410410067580543,0.685555323937999,0.004419998975282,0.0422261064509909,0.122876512955056,0.24560449999824,0.410410067580543,0.685555323937999,0.888888888888889,2,150.000015727529,170.235423393397,-13.5575826882616,618.918966774295,277.111539495886,4964.86438912613,-24.8355278968128,1.80589719820852,-0.552637840849911,-0.0461540599937507,1.88271950838454,-0.148534773580877,1.88686956943027,-0.462351168003333,-101.092798666806,0.217615955837933,3.57530340589522,1173.61524841162,12.5042818456408,1.58034027705447,1.02014977606499,0.661861608165815,0.572760806166024,0.378487740860327,0.262647797104468,0.0295094098115716,0.0117693788958442,0.00728058243932924,0.0111705601499844,0.00858321726903448,0.0072231510259348,4999.98468909489,43.093294448495,17.3232166618681,26.5767502608481,120.65436315249,117.516680020039,2487.38631244162,552.726891330105,18.6960703345403,0.163802595095003,0.373873097652374,0.0114708777778294,0.230648099483661,0.336767014390307,1.44892737243408,0.277291798028944,1.20557928243295,0.534440088217312,0.384163568838553,0.610048463967726,0.00499659598392614,0.178100091625369,0.108877611517674,0.0683553695226659,0.0473349072449888,0.0307709981609768,0.020289662998035,0.0382665849302786,0.00875027019052774,0.00320566567614083,0.00162355632253683,0.00316746690854815,0.000885791613885827,2.41757344978358,0.00887233876828722,3.94801618153389e-07,0.108769585650411,0.00522601344287305,-0.0129002974193652,-0.0047269086425425,-0.0463971374763502,-0.0955275079330388,-0.488726796792512,-0.0216513009823275,-0.0136848212300263,-0.189724936259892,-0.00277837097376456,0.374426781529908,0.0858695783994997,0.105311978601431,0.00225644820592215,-0.498015579735862,0.448134425080161,0.232610516530976,0.187649588468132,-0.124896556675174,-0.118372747447796,-0.107810274781317,-0.0824261264722391,-0.240336980655577,0.183793947451834,0.76547322920503,1.07125189581915,-0.755671495898389,0.654985544765511,0.305404995431067,-0.130490591153173,0.0162424618646223,1.79999946772531,1.39865308653703,1.49742167593362,1.50786997672437,1.50158799565929,1.48950056270058,1.53274819736127,2.23938144177127,1.47271489580033,1.71410392897581,1.71702086415665,1.49640104569856,6.16796775368042,2.94271670892803,1.58219833972861,1.4964693119112,2.36080072195976,2.34181396849563,1.20449708111954,1.60424898447635,1.6237608473762,1.73905916207937,1.89477237886122,2.04591870934475,2.30729408885931,1.31995897884002,2.77204729177356,4.23198066861459,5.59825352681854,1.69315673761903,2.64978064102778,1.4431366254494,2.17502628957776
-15,17.6666666666667,1.1,0.0555555555555556,0.004419998975282,0.0422261064509909,0.122876512955056,0.24560449999824,0.410410067580543,0.685555323937999,0.004419998975282,0.0422261064509909,0.122876512955056,0.24560449999824,0.410410067580543,0.685555323937999,0.004419998975282,0.0422261064509909,0.122876512955056,0.24560449999824,0.410410067580543,0.685555323937999,0.888888888888889,2,150.000015727529,174.331496719092,-14.6320707207583,618.114883866264,323.367758879283,5200.79148005416,-24.310739906791,1.98722028955317,-0.575148301218623,-0.0554245422351839,2.06183397562754,-0.169290453720446,2.62164586659723,-0.406124126332674,-101.077071138423,0.253635473513176,4.00085636912823,1173.59993750651,11.4478221018645,1.52097729403187,1.04216377460681,0.697877585668159,0.614454723466306,0.420948869909385,0.302004853661077,0.0975136530371836,0.0134187084648474,0.00736111319352151,0.0114358357462764,0.0106752629934382,0.00574189917716905,4999.99906259765,43.0933933965212,17.3232166618681,21.7823549466079,119.7475810274,117.12226853943,2460.74661032142,415.025781144862,24.4464453295601,0.125904997703127,0.362882005746444,0.011052209021339,0.191365475311953,0.33303694754031,1.48790527806351,0.292630552233069,1.17008479217375,0.530091413392147,0.315148664147346,0.586866676592007,0.00604462700448714,0.399777661520816,0.23380025919593,0.137370113848666,0.0853087484451641,0.0491620648025472,0.0262954869658816,0.126533209512767,0.0206720703161158,0.00638301946619853,0.00329483458275304,0.00376062239605668,0.00140975575841185,2.35944448713076,0.00837930947172036,3.94801618153389e-07,0.200336369616688,0.00872274409041721,-0.0102808402244277,-0.00279966080447753,0.307425045607636,-0.0686066577655559,0.0655601918894405,-0.0478056320841521,-0.319242422373198,0.167080283564388,-0.0144752796558496,0.606745530804317,-0.173414088196848,0.111721092434736,0.0139106288933562,-0.0770020572141364,0.38241877843062,0.141474571479439,0.714292660965747,0.202465854707382,0.114610173808104,0.0169502783559463,-0.0246821693811493,0.148979228145544,0.878871039066881,0.558422991898883,0.417550096781486,1.14791891009385,0.0854307689445044,0.519635221271979,-0.0526032917883768,-0.0384314622838402,1.79999946772531,1.55717755808905,1.49950572183186,1.50766080261818,1.49800129300415,1.55561501487625,1.55327052947484,1.89750754210021,1.4718466373825,1.67472622133461,1.57246987898757,1.48873479602353,6.74106405346671,2.87947275715456,1.69574447761773,1.48808115662291,2.03507639490956,2.29165571409179,2.50063157612617,2.24182210251343,1.74361487583095,1.63769614273507,1.59078945242076,1.6339072203551,2.04630172150742,2.63734783558739,2.96996581507127,2.7917409771265,4.42615854724932,1.95846493834396,3.12811852038148,1.83492234733419,2.29922469212492
-15,17.6666666666667,1.1,0.333333333333333,0.004419998975282,0.0422261064509909,0.122876512955056,0.24560449999824,0.410410067580543,0.685555323937999,0.004419998975282,0.0422261064509909,0.122876512955056,0.24560449999824,0.410410067580543,0.685555323937999,0.004419998975282,0.0422261064509909,0.122876512955056,0.24560449999824,0.410410067580543,0.685555323937999,0.888888888888889,2,150.000015727529,177.430132277888,-15.0578431507135,617.489667742943,328.414426830539,5302.21841474846,-24.9210812038434,2.03023076762837,-0.575895748405373,-0.0633230975940005,2.10333221539423,-0.171675215281742,2.77884889019581,-0.383541734520883,-101.058161649828,0.257097221049891,4.08136225393188,1173.58108530361,11.1705874388081,1.55186272263306,1.04214167274242,0.689071273825644,0.605742912196646,0.411737954379753,0.291812884074576,0.0789393028153317,0.0125551262539006,0.00711249535996251,0.011104242578898,0.0111478025205708,0.0101200882199771,4999.99281324862,43.093484012082,17.3232166618681,37.187073096614,121.605968548243,119.037011959096,2520.78808840623,1220.50307835302,20.688570227978,0.611753994397738,0.448514944819147,0.0361168504205412,0.668634430897671,0.358235158375679,1.78921968709907,0.350870267763599,1.41089633349393,0.572221831023829,1.41227900033955,0.539205152973672,0.00622734933178069,0.337922028893197,0.131041745128515,0.0456773595191055,0.0624446299067013,0.0777183352652277,0.0819716040875844,0.101325517745458,0.0122380759890148,0.0031762430745723,0.00256060857825736,0.00324297268518117,0.00395549933020838,2.12868563012274,0.00792254033763945,3.94801618153389e-07,-0.116624068986093,0.00204522767133304,-0.0115809987850611,0.00607703684301356,-0.242652394386061,-0.0950118657202633,-0.281355432515187,-0.0206014629457398,-0.0458421690609561,-0.245239742789081,-0.0270430242572103,-0.57962234767849,-0.58026443993258,0.211348221654996,0.0280281134302355,-0.2760649308804,0.127282520657402,-0.0405624602484013,0.799084231943019,0.271190136786466,0.0980195549091048,-0.895408236658598,-0.663432634373156,-0.576623374421196,0.840106094202637,0.941520848239837,0.924927606942881,-0.398354613616176,-0.506191492673028,0.242221955287501,-0.0586550973300351,-0.0412699294630901,1.79999946772531,1.52399661581368,1.4991301583517,1.50790725955226,1.49982731253474,1.6586480175833,1.69512861757311,1.69586871331009,1.48946800548668,1.53806053115745,1.66743435896177,1.49383922984737,2.55826499988081,2.97435127766975,1.50753937816165,1.49396414650875,1.69576522356512,1.92554555414761,2.5637066147742,2.49735972231659,1.78965953701817,2.5887662202261,2.57100873083612,1.91427588687517,1.79629142379198,2.47423209609364,3.76111279770549,4.97656430657804,4.14473030001329,1.76139971570119,1.97086663584044,1.52096098235134,2.44855734616307
-15,17.6666666666667,1.1,0.333333333333333,0.00165749961573075,0.0158347899191216,0.046078692358146,0.09210168749934,0.153903775342704,0.25708324647675,0.00165749961573075,0.0158347899191216,0.046078692358146,0.09210168749934,0.153903775342704,0.25708324647675,0.00165749961573075,0.0158347899191216,0.046078692358146,0.09210168749934,0.153903775342704,0.25708324647675,0.333333333333333,2,150.000015727529,173.141516508697,-13.0631278700135,617.523851682117,283.184264258931,5213.22789292782,-25.8956799007395,2.04705060931153,-0.603283353247578,-0.0669586000416623,2.12736363920425,-0.16939603063535,2.95686841074888,-0.394096925222372,-101.045455681699,0.256649098604312,4.19088647015936,1173.58400166649,11.8678554317258,1.51954681803979,0.985832038329341,0.621077908551192,0.545173346526403,0.410150244766171,0.320227538798042,0.0635730383095511,0.0109237079250703,0.00610584737693991,0.00692070315592126,0.00791764764087074,0.00851669909384439,5000.00166649307,43.0934996354544,17.3232166618681,39.6242222998336,121.321412279516,119.136205514408,2522.95350719203,1322.31753803417,20.6393999801155,0.691902407404979,0.478297914112167,0.0414991767923877,0.757979061144147,0.364636635521891,1.94180874489692,0.399141021419922,1.50348233387361,0.583974408969099,1.63737420579963,0.531556544496653,0.00546144954845928,0.346683625467396,0.134973030610521,0.0441481192790292,0.0613017118689193,0.0861375813995678,0.103807565575454,0.086669456470477,0.0112364776168039,0.00258656269343611,0.00177009502452065,0.00115984737649728,0.00152598381454672,2.01809453590383,0.0075374913538101,3.94801618153389e-07,-0.128771431811188,0.00312100414937524,-0.0134196765992064,0.00178113356046166,-0.264629581626074,-0.071070356501088,-0.303246657961698,-0.00661380020979821,-0.0607298389954893,-0.266468796845603,-0.0221323280266883,-0.589709880594182,-0.514935289871002,0.228761291094527,0.0230963470618099,-0.293968559088163,0.0571309451495481,-0.0780515291659399,0.756336033288973,0.275463664431335,0.118865972822356,-0.887783212761577,-0.65410846029478,-0.565702675915383,0.798008336011921,0.916836343228382,0.782267903227906,0.106781332019822,-1.00138389771744,-0.265831303290782,-0.0355069012253548,-0.0510229310819837,1.79999946772531,1.53213308475868,1.49937544263906,1.5059230217553,1.50144878085329,1.6634023997094,1.7276029287027,1.69515471554611,1.49644994474303,1.52669234078457,1.66785004641085,1.49620742923935,2.5296723865761,2.73110110359593,1.5099806400369,1.49640645899081,1.68962643754742,1.83607647728946,2.79839026801586,2.4770179101401,1.78137591779149,2.54888716991514,2.5291147216192,1.89679162385945,1.80213625129392,2.63005249149389,3.70191913463871,5.01778100859648,4.0991403422971,3.12412113759379,1.75937827663166,1.50726740293747,2.55219806430058
-15,5.44444444444444,1.1,0.333333333333333,0.00165749961573075,0.0158347899191216,0.046078692358146,0.09210168749934,0.153903775342704,0.25708324647675,0.00165749961573075,0.0158347899191216,0.046078692358146,0.09210168749934,0.153903775342704,0.25708324647675,0.00165749961573075,0.0158347899191216,0.046078692358146,0.09210168749934,0.153903775342704,0.25708324647675,0.333333333333333,2,150.000015727529,76.3227445057806,-11.8074845391105,232.206426413915,307.229951775857,2684.66690969691,-11.5538134747005,1.50928455369232,-0.147143779764608,-0.0339788719925008,1.50928455369232,-0.147143779764608,0.596891353522549,-0.0629894489376106,-38.5693459014687,0.248057201051974,3.38741631080096,724.866972190391,8.46108999062598e-18,0.797790532236225,0.625264524528696,0.536568315800438,0.607311009269868,0.641633350692636,0.668618518904281,0.0124381427976252,0.00922592865326529,0.0060216376419123,0.00666112936152484,0.00848812821581086,0.010765762524737,379.529246953442,5.29646599312569,17.3232166618681,4.81492224736323,123.054480027764,120.005325367638,2558.83932533178,285.187794630064,11.8033266831864,0.253909888994295,0.348130260183162,0.0113017312099541,0.253909888994295,0.348130260183162,0.317209287603365,0.0580471380315254,0.423339389588555,0.557539708099899,0.543534642698234,0.0857059420190836,1.22436389030787e-15,0.0667615126224967,0.0168374847718766,0.0371539448635484,0.0639904089544546,0.08137018852974,0.0857698898745813,0.00781717023874918,0.00186110538609136,0.00132567740405441,0.00177443312700766,0.00162520350338447,0.00125396580913302,0.330839754682651,0.00425824135691047,3.94801618153389e-07,-0.0543355080794787,0.0855606304075205,0.0257220092299105,-0.0835731447712025,-0.200610235267619,-0.143851889199223,-0.120458412751391,0.0761106921756486,-0.0438876293326406,-0.120458412751391,0.0761106921756486,-1.1191298471174,-0.0395469974773387,0.00416341992460454,-0.0756256881223,-0.152669513598889,-0.188973298303849,0.00514907378395571,0.43153357949966,-2.1960217285003,-0.560665215226299,-0.30888655971177,-0.344190635031985,-0.232197360852996,0.53129803851878,-0.631003261811127,-1.25662438996792,-0.548346263590346,-0.665062846101683,-0.777447495952841,0.0177797918379609,0.0180540737157042,1.79999946772531,1.54408276563057,1.50696969005793,1.50347622002946,1.50660113418586,1.61742348584679,1.55206585107447,1.53537637873073,1.50348786828456,1.54982345873028,1.53537637873073,1.50348786828456,4.1372198632464,1.9884977689229,1.49791591453046,1.50319267257692,1.56621173936646,2.40740771490727,2.84544357754787,1.99223203238119,7.77143444662747,2.12733598947424,1.67705430712205,1.6837336917951,1.64843652500473,2.59210520806588,6.5227563789475,3.99894491242745,1.91978605142878,1.96891973362764,1.98496226029493,1.90828010175205,1.90500719698498
-1.66666666666667,5.44444444444444,1.13555555555556,0.277777777777778,0.00055249987191025,0.00527826330637386,0.015359564119382,0.03070056249978,0.0513012584475679,0.0856944154922499,0.00055249987191025,0.00527826330637386,0.015359564119382,0.03070056249978,0.0513012584475679,0.0856944154922499,0.00055249987191025,0.00527826330637386,0.015359564119382,0.03070056249978,0.0513012584475679,0.0856944154922499,0.111111111111111,2,150.000015727529,82.0817862722633,-9.13213187584628,246.572720549943,260.727245703572,2912.6778460577,-10.0006814328716,1.6582825747318,-0.151972176003541,-0.0402619164670347,1.6582825747318,-0.151972176003541,0.867743518810541,-0.0746183570632225,-39.5132048744922,0.258127297396104,3.74330673888137,734.010957191961,-3.50769248130403e-18,0.834692740339548,0.653875033850641,0.553464826580565,0.614132486199354,0.676231475887929,0.722856775335903,0.0121625702977815,0.00862889761483179,0.00598038756379544,0.00597173804811999,0.00632905697323195,0.00709678127278408,448.375575460892,6.17930330173941,17.3232166618681,2.81576955262364,122.989435690498,119.755048670687,2545.59841467053,207.380577225046,13.4408231371706,0.193021638028927,0.340056665923355,0.00956506416676185,0.193021638028927,0.340056665923355,0.327707668094988,0.0586446082377078,0.420024861120827,0.54350191470573,0.415297730506631,0.0871703931281573,1.20422444270298e-15,0.0612459155474892,0.0574772728867807,0.0553081650014416,0.0646977422306625,0.0773088106691724,0.0672205153160139,0.00696565351737329,0.00296456962430109,0.00168404544750367,0.00153006273095089,0.00142591215659178,0.000941729095902897,0.357762497682143,0.004488884249534,3.94801618153389e-07,-0.355043694037507,0.0322697169496657,-0.0748549969461511,-0.0298660724564609,-0.387815686077802,-0.0770294203078507,-0.164430403650786,0.0172354331152983,0.0763679065080984,-0.164430403650786,0.0172354331152983,-0.985522890541015,-0.0796140965894623,-0.0853520203791311,-0.0158954009457294,-0.226560546078536,0.00243403770958523,0.00343113508961577,-0.37373957677801,-0.355030216443826,-0.292633386693151,-0.262048887449875,-0.273108590601168,-0.414796471606548,0.53172397093446,0.0915366362517543,0.0113601709389141,0.0635440092102709,0.122973630409378,0.0642367736936999,0.115109567853515,0.117791943389777,1.79999946772531,2.32178517522117,1.49476575037011,1.51074831729228,1.49466439011415,1.86677431627921,1.54612958166217,1.60045292196542,1.49139956922267,1.60632166580464,1.60045292196542,1.49139956922267,4.65439681306843,1.95451112148366,1.50348919310184,1.49109271001074,1.64057826909877,1.79710128543439,2.79640956118505,2.0907892575458,2.04309699426792,1.83235190774428,1.68607699054901,1.62392664880975,1.70543900006965,2.18879160250834,1.66347117801673,1.53504747530033,1.52997065399305,1.56714910190474,1.81126078577229,1.77021613225212,1.78109483157043
15,5.44444444444444,1.13555555555556,0.277777777777778,0.00055249987191025,0.00527826330637386,0.015359564119382,0.03070056249978,0.0513012584475679,0.0856944154922499,0.00055249987191025,0.00527826330637386,0.015359564119382,0.03070056249978,0.0513012584475679,0.0856944154922499,0.00055249987191025,0.00527826330637386,0.015359564119382,0.03070056249978,0.0513012584475679,0.0856944154922499,0.111111111111111,2,150.000015727529,78.6575690032289,-12.3281958077284,238.817212790334,320.876278137694,2786.10759295907,-9.93023529465681,1.58942474742214,-0.154583797179356,-0.0368679647953338,1.58942474742214,-0.154583797179356,0.746950440943651,-0.0685745106732632,-38.9620529111549,0.261764009766691,3.58803822518488,728.71340485367,1.23655997604416e-17,0.813711988334547,0.632630288511613,0.535392000833246,0.595963524632851,0.658546943026767,0.708436308717842,0.0118061353796896,0.00849800377044058,0.00597646307676283,0.00591588053327779,0.0062523349651078,0.00707149494844287,408.27971044683,5.66761087386734,17.3232166618681,1.82743179479812,121.904467625871,120.284438174606,2505.97431976348,189.435319287039,13.5583272840974,0.147026820073192,0.324630980656469,0.00677688784300561,0.147026820073192,0.324630980656469,0.309445147824483,0.0567813997861374,0.399737496823583,0.516832342303137,0.368184921123679,0.0991236576904527,1.25595982525038e-15,0.175734433334477,0.128645669092514,0.103602053081362,0.109124694752497,0.117340792988831,0.105819612038395,0.016653015761313,0.00589667773834788,0.00298777941742764,0.0024544627786691,0.00204150978048805,0.00134163605355881,0.406474629569377,0.00517014894176434,3.94801618153389e-07,-0.240333466733448,0.0942994005382807,-0.0126031751910037,-0.0932425914391901,-0.239069271234138,0.111129506981781,-0.356960519803122,0.0806681361540091,0.513615221623393,-0.356960519803122,0.0806681361540091,-0.558238340309684,-0.135165721099341,-0.0215013857055285,-0.0790991410972256,-0.205963125419823,0.14981216607353,-0.0295425993329767,0.00500510100767641,0.0158122055831417,0.0337136712397929,0.0423515199020467,0.00595965362214823,0.0373256668845506,0.149196073918677,0.14355445183822,0.113763549132985,0.165885472409249,0.299574470197232,0.584578621936004,0.149706207130755,0.139509792373476,1.79999946772531,2.81884413032709,1.51378614764803,1.49991429853314,1.51339650023337,1.6483376127832,1.55527487026976,1.70299789905648,1.50789249139045,1.75631426503988,1.70299789905648,1.50789249139045,4.46247328230218,2.12486616637183,1.47837974063049,1.50729879945701,1.5714430429092,1.94734981668551,2.73650217343979,1.64768873488205,1.61971773670886,1.57215573311896,1.51986207397734,1.50832449661551,1.51290134067879,1.50735062991322,1.48143309217803,1.45436370206232,1.56838345258688,1.64771092528413,2.00402141116432,1.74753230002622,1.73943056010261
15,5.44444444444444,1.13555555555556,0,0.00055249987191025,0.00527826330637386,0.015359564119382,0.03070056249978,0.0513012584475679,0.0856944154922499,0.00055249987191025,0.00527826330637386,0.015359564119382,0.03070056249978,0.0513012584475679,0.0856944154922499,0.00055249987191025,0.00527826330637386,0.015359564119382,0.03070056249978,0.0513012584475679,0.0856944154922499,0.111111111111111,2,150.000015727529,79.6608155400479,-12.1708979981252,239.698568899073,318.617967815852,2829.63441308197,-9.4494193986043,1.61976387876263,-0.156514529646912,-0.0379838860535361,1.61976387876263,-0.156514529646912,0.796032832586189,-0.0701677113460057,-39.0191334236018,0.265357864034997,3.66089240704093,729.255223414228,3.08653972179981e-17,0.802736662847621,0.626693448599104,0.533973159045933,0.597371659202166,0.664656129569837,0.721101958129362,0.0117612247763358,0.00851559004270388,0.00593988761587335,0.0059682600770753,0.00635358400166649,0.00713256108738673,412.368513696493,5.72011915425476,17.3232166618681,6.83902833554655,121.440200813026,119.783083574338,2487.95324676082,199.189665371014,14.0802219261012,0.0723298201766529,0.317565447791247,0.00303830753174058,0.0723298201766529,0.317565447791247,0.377222709862793,0.0607073186656432,0.395785794086214,0.504820535552338,0.238938286544279,0.098139221780648,1.18035156050603e-15,0.129398516443501,0.0725333913032452,0.0505024342370062,0.0572871040775365,0.0623003372297043,0.0735409310231293,0.0119798393126913,0.00340925348345023,0.00156253688868914,0.0014390487523443,0.00130634892705549,0.00111466095230148,0.382329985425025,0.00486492214236848,3.94801618153389e-07,-0.015751104141213,0.0900607893797886,-0.0193664103695584,-0.0890810326774142,0.0825181241457311,0.0703090227165884,0.149987616738509,0.0873304920107917,-0.2548621888916,0.149987616738509,0.0873304920107917,0.605218884768534,-0.0655559394420079,-0.0329620789998118,-0.0872933622821165,0.138487872866611,-0.0666633886724728,-0.0165319968108495,-0.0821514677781535,-0.0523256241562211,0.104408096608697,0.176239476553589,0.171434247476897,0.15207111768307,0.136017880712706,0.168471336982136,0.359335163635747,0.611627355371793,1.03942190930689,1.11633962994015,0.0621184778967901,0.0668217934600963,1.79999946772531,1.52736496297324,1.51308631901415,1.49935763759817,1.51289638340421,1.62358664017038,1.52194185456861,1.724007809557,1.51112183104131,2.01150786381544,1.724007809557,1.51112183104131,7.08675556292388,2.21135717227875,1.48659951306732,1.51105789445322,1.64769272847674,1.99399682870364,2.84831757289609,1.72602724367696,1.69594769023383,1.46950560962152,1.45939840851133,1.50908956862999,1.54734741337881,1.34583409020009,1.44832133766351,2.06673029501905,2.90154010194253,4.3329102156981,4.63988077566899,1.84574882411743,1.82299227845363
15,5.44444444444444,1.31333333333333,0,0.00055249987191025,0.00527826330637386,0.015359564119382,0.03070056249978,0.0513012584475679,0.0856944154922499,0.00055249987191025,0.00527826330637386,0.015359564119382,0.03070056249978,0.0513012584475679,0.0856944154922499,0.00055249987191025,0.00527826330637386,0.015359564119382,0.03070056249978,0.0513012584475679,0.0856944154922499,0.111111111111111,2,150.000015727529,89.0765503593375,-5.93717791896679,248.802060202062,200.047194042288,3208.97396104572,-10.1067920162483,1.85625507759609,-0.157914488105406,-0.0496552463285074,1.85625507759609,-0.157914488105406,1.1947604163108,-0.0851100324830747,-39.855847307572,0.270729094928653,4.21584605770232,737.270023955832,-1.94502338506406e-17,0.779058962608061,0.610939016769086,0.523595333819393,0.588728215810852,0.656591969586501,0.716874700552026,0.0123926192102906,0.00874973981876889,0.00604150473908967,0.0060460669721904,0.00640445703572544,0.00716212998645975,473.299208415792,6.49393750650969,17.3232166618681,7.16384268790661,122.414583570457,118.701964396765,2504.30614922724,225.511087008087,16.2903207231424,0.0917015416508491,0.317572804373578,0.00444591625167638,0.0917015416508491,0.317572804373578,0.432582621158632,0.0643571297317466,0.398084650251585,0.504414962534412,0.29360531125867,0.101320908549943,1.15992700499214e-15,0.125111833103123,0.0705695928412737,0.0502660702857751,0.0583464826902767,0.0643196980024839,0.0756603506253194,0.0114360672216247,0.00328502318684846,0.00151741618782947,0.00141498691623577,0.00130350136981002,0.00113234385741924,0.404922058338602,0.00503877159205085,3.94801618153389e-07,-0.0910663462900246,-0.00150619393980709,-0.0892134787333987,0.00269502877250975,0.0119816582226233,0.00475870420616033,0.0644633394496453,-0.0048131367931662,-0.308674518024444,0.0644633394496453,-0.0048131367931662,0.387272954727693,0.00135675034202319,-0.103141682362432,0.00489296305806108,0.0480515482388062,-0.0946139806148192,-0.0207115249122386,-0.0183305790433962,-0.0122446895375923,0.0854747597704601,0.104658066595723,0.0886743783075927,0.0636492871481816,0.0396117664114696,0.0765992029333783,0.262425677888595,0.514878580615743,0.980386381308094,1.12563114263414,0.105358556283076,0.10535745037175,1.79999946772531,1.55414972481824,1.4923016431202,1.52917142759994,1.49243842223189,1.611610478173,1.50229165931019,1.6596160906589,1.49070397483004,1.81371314279576,1.6596160906589,1.49070397483004,6.70805277695529,2.29111319185336,1.51769268486153,1.49061256455438,1.59812028122417,1.87601591645996,2.76675882465298,1.74973609628674,1.7093578962744,1.45169020337562,1.43120563100465,1.47777004542225,1.51497704845237,1.31400992619016,1.41513846539036,1.96309589881649,2.78940303265969,4.25879531177454,4.78663235821107,1.79566708584357,1.77657371513551
15,17.6666666666667,1.31333333333333,0,0.00055249987191025,0.00527826330637386,0.015359564119382,0.03070056249978,0.0513012584475679,0.0856944154922499,0.00055249987191025,0.00527826330637386,0.015359564119382,0.03070056249978,0.0513012584475679,0.0856944154922499,0.00055249987191025,0.00527826330637386,0.015359564119382,0.03070056249978,0.0513012584475679,0.0856944154922499,0.111111111111111,2,150.000015727529,169.594917196126,-10.7153115790022,618.983178835538,202.590254535986,4949.48005416102,-37.9197347151338,1.81606770128112,-0.577232110196855,-0.0472833444432871,1.90035756692011,-0.141074327465889,1.97970140110489,-0.474785316854286,-101.088539735445,0.206600181241538,3.63034683887095,1173.64389126133,13.386937818977,1.4091453286116,0.877962378918862,0.520738391834184,0.44460682220602,0.331718466826373,0.259521914383918,0.062321729837517,0.00997340279666702,0.00616064255623373,0.00603881043641288,0.00633552942401833,0.00715137641912301,4999.98375169253,43.0931580043745,17.3232166618681,32.4161069338338,121.84843824375,117.837226571136,2515.67871882921,704.128338387137,21.8657571101752,0.196632471778508,0.378987253739028,0.0125207199178582,0.25967341096413,0.338915830091225,1.58256360708993,0.354729518271152,1.22934756269548,0.535977558022741,0.430802487253266,0.62495535027819,0.00496625988892131,0.435972295384718,0.265342505317668,0.147639607521989,0.0936351049192786,0.0638487601809865,0.0376428202112934,0.0885738892642625,0.0158923905907434,0.00403354889909849,0.0015763600941262,0.000602933643213341,0.0002707807164827,2.36730035377935,0.00830944058588793,3.94801618153389e-07,-0.0139113504035508,0.014528814551367,-0.0146283492079736,-0.0170699871483643,-0.176417532894039,0.117275489405452,-0.409606231004894,0.018497817292631,0.0996958346839336,-0.270832636697414,0.0165826634742984,-1.01359327695172,-0.364325433159976,0.114525138191562,-0.0189527087352565,-0.434391411560842,0.435412431544245,-0.416055970993503,0.417468314931387,0.0387506458281823,0.0308153218954961,0.0394782930216237,0.0617670230558928,-0.00855529448653744,0.275019572903138,0.0513484577110602,0.0128319038899463,0.126429553968975,0.307596394654311,1.60588813068523,-0.163902938618498,-0.0378065552443243,1.79999946772531,1.42700582299513,1.50044158655455,1.50479948891701,1.50515108875488,1.62897387546192,1.46384019276928,2.14313257211959,1.48091536308684,1.74368743725151,1.82457848415006,1.50088175203642,7.43426973784892,2.56410036720729,1.60746734192414,1.50180865557677,2.25536047702129,2.3308166725619,2.14460677404156,1.98546587636131,1.64777234650146,1.64554705188772,1.64064309253899,1.63271358902691,1.6826832763165,1.73670507109165,1.61021271829551,1.55824636198879,1.573101858652,2.13705526339138,6.78931029495044,1.56997781615852,2.28813999116356
15,17.6666666666667,1.31333333333333,0,0.0033149992314615,0.0316695798382432,0.092157384716292,0.18420337499868,0.307807550685407,0.514166492953499,0.0033149992314615,0.0316695798382432,0.092157384716292,0.18420337499868,0.307807550685407,0.514166492953499,0.0033149992314615,0.0316695798382432,0.092157384716292,0.18420337499868,0.307807550685407,0.514166492953499,0.666666666666667,2,150.000015727529,172.983647536715,-11.8637288231434,618.892104989063,221.894664722425,5023.50786376419,-37.0897030517654,1.81233361108218,-0.561211619622957,-0.0464883762108114,1.89204353713155,-0.140329154481825,1.89516167617956,-0.460784538381419,-101.091410269764,0.203560382845537,3.57911561295699,1173.63805853557,12.9639870846785,1.4313034163108,0.914013248619935,0.563537110717634,0.489960420789502,0.326938204353713,0.237122935110925,0.0710395613092386,0.0116238091364441,0.00687847472521611,0.0078123172586189,0.00755802614311009,0.00871989032392459,4999.9878137694,43.0931475887927,17.3232166618681,31.0615682835841,121.95738382009,117.66596571508,2517.09657713173,658.204057902408,21.1409196013334,0.169020490758426,0.37610967479404,0.01133104040156,0.235162222333125,0.33871246883697,1.56413373633226,0.314599771885362,1.21876067965182,0.5358554140676,0.364847958012081,0.62726700613846,0.00489658042349612,0.432173835154899,0.260388248769741,0.149778357508218,0.0957922915304578,0.0569364042399529,0.0309464043914511,0.0963614179027764,0.0169655434644868,0.00479038140693223,0.00269612854396568,0.000988686631578631,0.000727883104562406,2.40605949919111,0.00844516544810685,3.94801618153389e-07,0.00902228434918041,0.0129879790329055,-0.0134437862215786,-0.0145879766710021,-0.141259884379527,0.10230108490093,-0.459611522709854,0.0089637424104748,0.0543427402808056,-0.243442121419154,0.0122805224360549,-0.063029401402896,-0.327436634048666,0.104439900363825,-0.01439245972101,-0.527076301411573,0.456548208101663,0.413745099102919,0.452552617811651,0.0166328279394866,0.0298101751455662,0.0372945771254844,0.0552925686454475,-0.0112867608569351,0.331201079680348,0.0976253817427394,-0.00463266612357893,0.570280360282501,-0.129149611740181,0.0861041182603581,-0.155299005057495,0.0500401645120742,1.79999946772531,1.41360684669689,1.49992299729288,1.50583901814848,1.50387018864487,1.57141246364845,1.45757299088283,2.26580366886277,1.47734546925851,1.74801082338914,1.79140207973892,1.4986749377478,7.02242846401391,2.76382730515262,1.61307574600976,1.49944475607719,2.51685617531886,2.33320102213346,1.17118500699348,2.01233174478298,1.6460604989273,1.64501796703819,1.63677889527956,1.63089781194341,1.66048049026135,1.78150856042666,1.59707697337598,1.63507746840671,2.19951469250917,2.79088854895542,1.89407384088446,1.60714585556743,2.32115816995924
5,12.7777777777778,1.20666666666667,0.222222222222222,0.00276249935955125,0.0263913165318693,0.07679782059691,0.1535028124989,0.256506292237839,0.428472077461249,0.00276249935955125,0.0263913165318693,0.07679782059691,0.1535028124989,0.256506292237839,0.428472077461249,0.00276249935955125,0.0263913165318693,0.07679782059691,0.1535028124989,0.256506292237839,0.428472077461249,0.555555555555556,2,150.000015727529,236.94055827518,-30.8751939631288,605.186730548901,909.726539381314,8046.63128840746,-7.02832883407978,4.01489261535257,-0.632891761274866,-0.224883668367879,4.04412831996667,-0.406205803327778,10.8002848661598,-0.35504921477971,-100.403078845954,0.662166979283408,8.67947786688886,1173.67242995521,3.22235902510154,1.47261295698365,1.08035105718154,0.853637891886263,0.872587959587544,0.763922560149985,0.678325111967503,0.0190776953368399,0.0113491191544631,0.0060654840794813,0.0108095844182898,0.0110007203416311,0.0146980429121967,5000.0194771378,43.0935142172686,17.3232166618681,18.5085134313455,125.595578220601,120.006753069303,2607.19798916131,703.603634924712,34.4391060107321,0.409150724352493,0.370021352080739,0.0465871705774956,0.421288790982232,0.356126510933744,1.49525343970411,0.207841988903342,1.03610824268196,0.568347776009728,0.894575431859224,0.491256065393525,0.0162508507484831,0.202518325752097,0.13401581982634,0.109510558326075,0.0966424296958296,0.0780306585803722,0.0633130233570871,0.0330387562763847,0.0106498055374014,0.00509736820958772,0.00397028060529402,0.00213269886973538,0.00129429895464366,1.29032286718735,0.00866404393012915,3.94801618153389e-07,-0.453600910078579,0.00694290349830982,0.00236806128723394,-0.0056291709958176,-0.481014202526323,-0.000773181140187641,-0.425985875431934,-0.00475081484216829,0.318021159869048,-0.414725801733004,-0.00349294934643981,-1.0459900052488,-0.426534966911707,0.142426036852904,0.00332219123896755,-0.434041558489612,-0.466399632405961,-0.29673345730687,-0.000962684100792862,-0.147072381409411,-0.0706358045193974,-0.104223250543609,-0.145666146630067,-0.252290039849684,-0.0459799679254766,0.117451791043596,0.16703896786786,-0.0863514800915452,0.199161340893841,0.0399623081461391,0.0202204625518419,-0.0397283764156505,1.79999946772531,1.9664503218493,1.49465539918894,1.51404303591331,1.49594123041982,1.96029431001548,1.55491581910156,1.82727324433444,1.48710245943772,1.71400469095256,1.81737435091946,1.48941501027009,4.58016897969807,3.36478698927602,1.50939636142323,1.48995794513466,1.8212406473329,1.87704639259938,3.45443857932307,1.74844290140787,1.76929828113614,1.69291199090329,1.64347364727421,1.64118650910177,1.68040156346009,1.26120166372726,1.30507936237085,1.40570148827062,1.63483297135184,1.92794821838541,2.45549896770919,1.95028762706932,2.79363459133315
5,25,1.20666666666667,0.222222222222222,0.00276249935955125,0.0263913165318693,0.07679782059691,0.1535028124989,0.256506292237839,0.428472077461249,0.00276249935955125,0.0263913165318693,0.07679782059691,0.1535028124989,0.256506292237839,0.428472077461249,0.00276249935955125,0.0263913165318693,0.07679782059691,0.1535028124989,0.256506292237839,0.428472077461249,0.555555555555556,2,150.000015727529,148.451939381315,-9.07415584939068,620.169888553276,72.0608052921571,3303.89108649099,-47.0958819914593,0.417188195647328,-0.181400388365795,-0.0184464540152067,0.454845755556713,-0.00820737218310592,-3.91457569067806,-1.34655397534632,-100.981409228206,-0.0345604700489532,0.0832406144568274,1173.69024059994,22.4666940943653,1.52728142901781,0.999245943130924,0.505931705030725,0.30272526876367,0.0829353396854495,-0.0652974235880638,0.0817273244911989,0.0119843400373919,0.00647463761277991,0.00692526434746381,0.00901866170190605,0.0141492272679929,4999.98000208312,43.0934215185924,17.3232166618681,72.4128274351656,115.253485560815,116.671136124856,2398.12549210265,2190.61871793646,22.5864787462573,0.890733749946583,0.676368150010379,0.0122528369330669,1.05991845655753,0.357011911572212,3.05261341661661,0.830650329124777,2.29173506033871,0.568107211145523,2.20516964780681,1.28698515370447,0.006458767903259,0.279277373617086,0.288004985414114,0.232070767428141,0.205794898046894,0.155553584333107,0.15346052729108,0.0894873795691737,0.018113145082891,0.00588561880176411,0.00253772473034176,0.00171301267822244,0.00591388401301424,4.87342026113715,0.0157912921490071,3.94801618153389e-07,-0.171368939823738,0.0134061468583076,-0.0156311266277632,-0.0345823060928844,-0.267274446349283,0.368036545422772,-0.351752294628333,0.181655156226952,-0.232560218009788,-0.332077465223139,0.0442127986822615,0.840328105583907,-0.53531720094194,0.170015565320538,-0.0461791083755902,-0.378788837922752,-0.0464447127778066,0.442559262345666,0.479279026631944,-0.0985107455655719,-0.0324676530789543,-0.048433238866904,-0.0525924300971581,-0.425277600594405,0.273748224280299,0.122821629010804,0.340961920885067,0.678875374037424,2.89246693078433,0.514267935664591,-0.0736907322453568,0.0269856312022374,1.79999946772531,1.55815910725156,1.51630516953418,1.51476699104856,1.53240034117852,1.66742069273506,1.69219407297366,1.75190505230296,1.57222041068148,1.66208210776104,1.72378099389197,1.51771108870548,53.5302923383615,2.39903403295822,1.56194004403871,1.5181312675505,1.76624247643564,2.5192284394588,2.29098779504275,2.36848154931222,1.69645195725797,1.63995647197684,1.57669338751282,1.69489225014744,1.68208114295774,1.77109011389815,1.4806510133811,1.91802851757321,3.01978468764936,69.8557534418303,1.88905483611352,1.77890640636468,1.91150390703794
5,25,1.20666666666667,0.222222222222222,0,0,0,0,0,0,0,0,0,0,0,0,0,0,0,0,0,0,0,2,150.000015727529,144.357487761692,-9.43230293781898,620.21345693157,114.898267261952,3169.5826372357,-48.3901545672326,0.365152584647433,-0.171308501927924,-0.0192818812623685,0.40297930169774,-0.0170304380585356,-4.08023216852411,-1.4041960697844,-100.965826476408,-0.0199940093219456,-0.0189574428601188,1173.68722008124,22.7141089469846,1.51935183835017,0.979387709613581,0.478724753671492,0.276124667951255,0.0764203010186439,-0.0754900450171857,0.0748893450608271,0.0101065264040725,0.0061917628157067,0.00608529934381836,0.00599539433392355,0.00637552119570878,4999.97864805749,43.0934017289871,17.3232166618681,74.3111400242846,114.968183911271,116.526474665884,2387.73820677439,2264.13626566806,22.5611082816357,0.928243537523181,0.693580220733808,0.0130409833574479,1.10261791039766,0.356262814660251,3.25746431533879,0.88500031120491,2.35026739318525,0.567199027190751,2.3012978175021,1.19013838060822,0.00563842879870963,0.285660053554712,0.293837148577826,0.229555311463963,0.20191950385683,0.167223689295079,0.157670174453893,0.0853409820867748,0.0175940342263037,0.00523434532056022,0.00193296615765356,0.00114587525267495,0.00130682542158217,4.58224179636943,0.0149864505863448,3.94801618153389e-07,-0.154278074559233,0.0187691950349549,-0.016446942252485,-0.0453830895553061,-0.228302146770562,0.407945195599645,-0.291109628379889,0.156790823071632,-0.239663081262448,-0.274700920082926,0.0551340458196406,0.96243813309219,-0.55054879533169,0.114092116904746,-0.0568099464627041,-0.312365475642303,0.0830579129625782,-0.280821284091938,0.42786545642033,-0.0828440903098609,-0.0397704323807832,-0.0570105906059895,-0.0164351161913165,-0.400729908651743,0.289000994143587,0.123010022085985,0.233763663981451,0.301035143106138,2.70110613814786,12.8439104325009,-0.0308978118997234,0.00614867918734048,1.79999946772531,1.54595011261106,1.5167178801833,1.5149979283895,1.53446568646072,1.64401802255965,1.71447022864432,1.71521406171822,1.55955119763259,1.63682673132404,1.69065936731148,1.51935806820031,317.700649106096,2.47891764757647,1.55628645880085,1.51913966912201,1.72500809991641,2.51845918217835,2.1664031632586,2.31662710096085,1.68225678798503,1.64097155275649,1.57346608861711,1.64608177978469,1.71660679041351,1.81589345227965,1.51164978599284,1.81777231085195,2.06234460774267,45.0245883746614,583.80801017706,1.79652937145071,1.95778578259661
-11.6666666666667,25,1.20666666666667,0.222222222222222,0,0,0,0,0,0,0,0,0,0,0,0,0,0,0,0,0,0,0,2,150.000015727529,148.083549630247,-8.4036467576294,620.787345068222,73.0846330590564,3364.75387980419,-47.4859577127382,0.505917672128945,-0.22533766266014,-0.00658165503593376,0.553488028257473,-0.0195364422997604,-3.50925353681908,-1.2886120518696,-101.027709613582,-0.0129975920112488,0.352189367315904,1173.62253931882,21.9873596500367,1.52055452557025,0.997100374960942,0.492243766274347,0.295181762316425,0.0817170086897197,-0.0411358617536715,0.105917614454744,0.0106172424863035,0.00624533631913342,0.00605162555983753,0.00595934183939173,0.00646927965836892,4999.95927507551,43.0934558900119,17.3232166618681,35.6122782686273,111.255576438173,117.327949121445,2290.18375779397,792.705435217084,18.0775036953703,0.332174448693712,0.400104704213231,0.00347557952472017,0.413474483963533,0.315374508779798,3.17010012354689,0.657144387702421,1.42183883779665,0.501386704080805,0.882446193261616,1.25141929804587,0.00671570864050638,0.351203302012326,0.255687730420056,0.119641456961611,0.0655958127606271,0.0607439830168849,0.0807098881075533,0.130443136182472,0.019714661384031,0.0037557344579798,0.000846095901090686,0.00132965982405914,0.00145089496820487,4.78581972857624,0.0161552802559377,3.94801618153389e-07,0.0671443497850488,0.00786497248115309,-0.00493962708769595,-0.00302183139323976,-0.577049567519428,-0.266959684377383,-0.961906475342863,0.0195080717941186,-0.113003162939176,-0.845538595303141,-0.0333857316488405,2.03900156049006,-0.568523016715207,0.700559894773571,0.0368733465308805,-0.950663868203225,0.0406453892686845,0.368450388105305,0.831533339574974,0.224364803931265,0.256386717082649,0.387468683167009,0.0530848965498904,-0.686087039695952,0.946214196473107,1.05151805317316,1.36588546885263,1.07913832504729,4.20368875920296,4.28875344276305,0.186482221883597,0.098508510183166,1.79999946772531,1.50346330383481,1.50877845644159,1.50680449567992,1.50658333157779,2.07586655947318,1.67985454650492,2.5895414095952,1.57290063853083,1.85895538695259,2.37993033233108,1.50174802258255,159.630249937892,3.18197957108801,2.00918925045929,1.50205426586776,2.55842809847926,1.67284575638393,2.18831883011991,2.7502780257142,1.72839741134157,1.6553077486935,1.74476157965225,3.60218290766162,2.09080903372967,2.84599054016984,4.24615460005895,5.66800795215489,4.07415901177147,105.948861997681,54.4349779450651,1.81895416038909,1.7837938466537
-11.6666666666667,25,1.20666666666667,0.5,0,0,0,0,0,0,0,0,0,0,0,0,0,0,0,0,0,0,0,2,150.000015727529,144.647242995521,-9.19414972190396,619.331340485366,129.049305978544,3216.64657047287,-50.1359889594834,0.40218103625664,-0.191751323403812,-0.0315250530153109,0.444794165191126,-0.0260068136881575,-3.92737471252995,-1.35427164126653,-100.952868451203,-0.00508949051140505,0.0777289025414019,1173.69753150713,22.1446765961881,1.54429726070201,0.954827882512238,0.442693188209561,0.244821829511509,0.0501918977836683,-0.0989305859045933,0.0876882537475263,0.0101532503029893,0.006205964691178,0.00603990490573898,0.00598009436517029,0.00627001176960733,4999.98552234142,43.0936964899492,17.3232166618681,76.3542834705715,112.888282221822,116.720708102561,2333.57899921472,2599.39712892423,15.0657207823299,1.24533262059743,0.792713896575282,0.0217038982165503,1.43234308821283,0.357260032200151,3.45446173438997,1.04609530113471,2.70592022630575,0.573953656614839,3.13977499390988,0.805684976220997,0.00498978990000386,0.324740648700678,0.170472006874128,0.127876791725191,0.18578156109106,0.213536381941004,0.25230315841214,0.10855927621599,0.0123507564096147,0.00287616661618649,0.00134125314228348,0.00165996523082642,0.00192673759169672,2.95784598577557,0.00928659187861367,3.94801618153389e-07,-0.208930716037454,0.0328696421216599,-0.0235135906713962,-0.0628956519039111,-0.272502113208018,0.659810112280829,-0.30254506832845,0.176158853613087,-0.153231585921643,-0.288792340802894,0.0542413330985598,0.211756013668919,-0.427224871734508,0.147150454157259,-0.0518771544167171,-0.304804450377893,-0.165264323082543,0.129632975264892,0.972807294082112,0.457558824222724,-0.263859047989916,-0.417802545957396,-0.384279368009348,-0.462504401151987,0.842350127195022,1.11072397664892,0.878111042417528,0.723491097840976,1.9848369888915,0.561385022638278,0.200636883133545,-0.0433186530975709,1.79999946772531,1.5593733826703,1.52221366027201,1.50497175432896,1.53787256733378,1.65018675005457,2.24944398874775,1.68124274785124,1.59007804967608,1.5608294375802,1.6742317521769,1.52083361072818,9.36614513253867,1.94284448006839,1.54834717103729,1.51904023157401,1.68736002217589,2.54582495041337,1.01680470828531,3.02245891880741,1.60892388871247,2.04935647389447,1.7178139039743,1.70218524114848,1.67406343054098,2.34729031367531,3.83830628571728,2.28176416235113,2.15582215667947,20.067373841372,7.29417538254205,2.09799259035187,2.05688845900711
-11.6666666666667,25,1.38444444444444,0.5,0,0,0,0,0,0,0,0,0,0,0,0,0,0,0,0,0,0,0,2,150.000015727529,147.519457348193,-10.7389325799396,619.073346526404,161.28073845464,3066.1420518696,-60.9814602645558,0.180111451690449,-0.0888290970211436,-0.0367968697010728,0.200411247068014,-0.0129173142641392,-4.97969629404645,-1.48966140622852,-100.880308301219,-0.0337635854910947,-0.57636999158421,1173.69461514426,22.5650682220598,1.5294336006666,0.911755556712843,0.403431330069785,0.20556616526716,0.0110662884788043,-0.137305110479846,0.07931420906416,0.00991705303728779,0.00619048911571712,0.00605090219768774,0.00606920164566192,0.00637679752109156,4999.98375169253,43.0938225184876,17.3232166618681,82.0975924285852,111.733621488069,116.007784486186,2306.73167930368,2847.70563400076,15.0816594948104,1.3751374583786,0.858219038439806,0.0273557485827781,1.58075623492157,0.358830040813456,4.79707197497655,1.14959437187976,2.96761716785378,0.578244494664446,3.47823221511066,0.964938016303698,0.00499979493903087,0.338610792725283,0.169188196534107,0.125748968847626,0.183623057234604,0.21096280441018,0.252601945793904,0.100241874907338,0.0117212398677,0.00250917071271218,0.00118947149368443,0.00175706660557252,0.00220003556899232,3.93437660860485,0.00936812843447904,3.94801618153389e-07,-0.248947949326849,0.0351931510323989,-0.0350472054183061,-0.0712139620404077,-0.297602124986933,0.579997729689523,-0.324420478304953,0.220389026644245,-0.605956140131662,-0.31556349722701,0.0690450476396531,1.04435805661727,-0.579830765959567,0.104923995727528,-0.068158650881086,-0.331671075519925,-0.115645241257544,-0.0272913643745118,0.904639956045034,0.453220138218846,-0.263173715402406,-0.403103837994604,-0.398065104933253,-0.46238144504822,0.793841464011943,1.11437003488136,0.894825234060621,0.583095698943426,0.956675369473347,3.78084798638823,-0.0841950019409101,0.119378856416459,1.79999946772531,1.57546548902817,1.5246125774632,1.50430970790909,1.54147570965485,1.65106285280888,2.30509292428356,1.67354859518164,1.59529592604847,2.48621268606972,1.6659685871709,1.52655430568584,287.608265987459,2.27794033373716,1.61181661508707,1.52646207181963,1.67652994432033,2.13153071174321,1.00074481857383,2.84610095388068,1.60347298853709,2.03768614952352,1.71538745956878,1.72497473438904,1.67039587504708,2.24877847126373,3.86754312392594,2.35985026859158,2.00741426652255,4.41357671418019,104.182837018612,2.11091847536562,2.12843317755549
8.33333333333333,5.44444444444444,1.1,0,0.002209999487641,0.0211130532254954,0.061438256477528,0.12280224999912,0.205205033790271,0.342777661969,0.002209999487641,0.0211130532254954,0.061438256477528,0.12280224999912,0.205205033790271,0.342777661969,0.002209999487641,0.0211130532254954,0.061438256477528,0.12280224999912,0.205205033790271,0.342777661969,0.444444444444444,2,150.000015727529,78.3354588063744,-11.9176802133111,241.512224768253,313.416900406208,2743.82960108322,-9.86040007249244,1.52824539110509,-0.149541603989168,-0.0336733027809603,1.52824539110509,-0.149541603989168,0.635184915165087,-0.0661320731398813,-39.1186157691907,0.251372879856265,3.41745984793251,730.184407874189,2.5705253515259e-18,0.833470805124466,0.657092490365587,0.564724351630038,0.641221341526924,0.662367909592751,0.67268593896469,0.0117958324484116,0.00945251515467137,0.00602149234454744,0.00749347495052599,0.00968824278720966,0.0126377877304448,419.367565878557,5.80979554213103,17.3232166618681,6.21041670136384,121.716242074536,119.765208604638,2502.1308614009,142.920474400455,13.0433797412774,0.0458170317887677,0.324958045914601,0.00223000301216201,0.0458170317887677,0.324958045914601,0.351351020023642,0.0648682673448412,0.405535333383097,0.517795892397786,0.104896084874596,0.0957186952550024,1.16303103300087e-15,0.0863931390424733,0.04794369500231,0.032459274012774,0.0353099379559086,0.0339952397141643,0.0368340620804986,0.00857148764050144,0.00269879280871646,0.00132785499850351,0.00128541058300393,0.00106084273737631,0.000844806795675956,0.380608068121185,0.00483185662646024,3.94801618153389e-07,-0.0555373392739776,0.0809867582549897,-0.0298914844774164,-0.0804840163752477,0.00730117783964964,-0.00197618436485184,0.125407535489763,0.0794714500626032,0.221340270780576,0.125407535489763,0.0794714500626032,0.65502384495737,0.0240104140639841,-0.042888385139854,-0.0794513649953507,0.161622700406063,-0.144483879742878,-0.00357836213788736,-0.235722001060858,-0.147615334682678,0.12793924157517,0.229359889466792,0.196381462515044,0.149648833200248,0.266681076131667,0.387146737078693,0.733146908049103,1.02488724435364,1.56212553208366,1.69132743630917,0.0781784947956751,0.0747768281335698,1.79999946772531,1.52836421319945,1.51037900094186,1.49883815515965,1.51033014140653,1.62196395662849,1.51632038772316,1.63685698225697,1.50896805335863,1.71086684680225,1.63685698225697,1.50896805335863,7.44894041257669,2.47002576622149,1.48742534658734,1.50892406787971,1.86344727219413,1.96106013725428,2.71692426930994,1.87269467731938,1.81415874913379,1.49363669823555,1.50344745178304,1.57498739877357,1.61611394674091,1.44461195216294,2.26987389603238,3.93561018443455,5.02319267858735,7.34656318779383,7.51145670100782,1.83671109408607,1.82811503290374
8.33333333333333,5.44444444444444,1.1,0.277777777777778,0.002209999487641,0.0211130532254954,0.061438256477528,0.12280224999912,0.205205033790271,0.342777661969,0.002209999487641,0.0211130532254954,0.061438256477528,0.12280224999912,0.205205033790271,0.342777661969,0.002209999487641,0.0211130532254954,0.061438256477528,0.12280224999912,0.205205033790271,0.342777661969,0.444444444444444,2,150.000015727529,77.2348161649828,-12.3587361088428,239.553843349651,320.449335173419,2697.30434329757,-10.3755641087387,1.49737319029268,-0.148066888167899,-0.0326734704718258,1.49737319029268,-0.148066888167899,0.582351595156754,-0.0639520321003021,-38.9943599625039,0.248569306645141,3.34456108738673,728.995604624519,-2.74549581814394e-17,0.841670513488179,0.660351078012707,0.563848453286116,0.635711717529424,0.650320185397354,0.660098698052286,0.0116863596234663,0.0093885371315488,0.00623669076137902,0.00749993531923757,0.00955458181439433,0.0126166795125508,410.411155088013,5.69499927090926,17.3232166618681,1.47442718752244,122.164358386531,120.220989944725,2519.72715762605,162.595094197751,12.4798487865084,0.146998820098433,0.331388062111576,0.00655057549287878,0.146998820098433,0.331388062111576,0.289637178579534,0.0601682563706688,0.409901524247185,0.528636843148119,0.330623544801814,0.0932036944651277,1.28372666775858e-15,0.130068039447296,0.102806232033528,0.0867086493063668,0.0934238148795238,0.0942180602202888,0.0800692064935896,0.0124370275206851,0.00490850315603584,0.00273441349845033,0.00253787338408134,0.00191603021119364,0.00119282653386034,0.381831563278932,0.00483596546393492,3.94801618153389e-07,-1.82379369722874,0.091517054740229,-0.0156496978391183,-0.0898018804118437,-0.586897740458763,0.0448258823522853,-0.36121838349475,0.0775004648901482,0.37985081182697,-0.36121838349475,0.0775004648901482,-0.683718106475423,-0.0910325163185138,-0.0254868448667789,-0.0762002213354247,-0.373444273757972,-0.0555222586749337,-0.0164011321547838,-0.120615956499495,-0.0858283449677666,-0.0622707743678745,-0.0712921254921779,-0.140894055784339,-0.161025581004536,0.167585891912392,0.194434570221315,0.177823286683677,0.337066923646055,0.415912019246602,0.402114495529793,0.141846781346109,0.145567197656877,1.79999946772531,6.39963841566732,1.51331780039354,1.4995877765458,1.51282963731003,2.08381686586808,1.55425700971128,1.75899870799906,1.5079674141437,1.76936479756916,1.75899870799906,1.5079674141437,4.78225077082921,2.27005178358754,1.48208666643871,1.50754731240599,1.72718025983662,1.94341146378079,2.79734511193099,1.73126000749665,1.68186718739011,1.6281989008166,1.57875353388291,1.57189270147182,1.58043077613012,1.31610068514768,1.34659326862816,1.37481447130704,1.53876104018179,1.5938073369703,1.65622884494727,1.79251580436968,1.78570874848161
8.33333333333333,5.44444444444444,1.1,0.277777777777778,0.00497249884719225,0.0475043697573648,0.138236077074438,0.27630506249802,0.461711326028111,0.771249739430249,0.00497249884719225,0.0475043697573648,0.138236077074438,0.27630506249802,0.461711326028111,0.771249739430249,0.00497249884719225,0.0475043697573648,0.138236077074438,0.27630506249802,0.461711326028111,0.771249739430249,1,2,150.000015727529,72.6725320279138,-10.6130561420685,229.399672950734,274.3337211228,2470.80324966149,-11.5441633373086,1.30073513175711,-0.127360671284241,-0.0245639610457244,1.30073513175711,-0.127360671284241,0.237126829288616,-0.052920367475263,-38.3594896364962,0.210648477658577,2.84585147380481,722.790428080399,-6.64581519633371e-18,0.864636725341111,0.681678845953546,0.591786574315176,0.663003562128945,0.604657837725237,0.538694031871681,0.0120120362807624,0.0109173064264139,0.00827239162587231,0.0125698679304239,0.0150285855640038,0.0229489553171545,364.130121862307,5.09615592125819,17.3232166618681,1.38615930520875,122.462290829007,119.864784161055,2527.48715058356,118.908541245384,10.9632560635978,0.118988640669349,0.33305287937191,0.00472537056815643,0.118988640669349,0.33305287937191,0.254730206622451,0.0619331047256556,0.405357545263391,0.531430477946395,0.247958056811372,0.106727037240196,1.21063443370643e-15,0.132062352961996,0.104072665236049,0.0893832230945711,0.0916657058158971,0.0800680570103172,0.06031287335638,0.0129030246430423,0.00526179599068145,0.00330316848781664,0.00293873135090027,0.00190356814057945,0.00208985174967207,0.421743498939854,0.00546755187710178,3.94801618153389e-07,-0.33419805693745,0.0633543177998951,0.051129340637185,-0.0622618795589928,-0.918019034264254,-0.0431775765909201,-0.413472009724052,0.0537992298018687,0.333864501662794,-0.413472009724052,0.0537992298018687,-0.287889291135095,-0.0702464220379399,0.040050947882332,-0.0530830465267173,-0.557449587459589,0.0445155694751152,0.0056454962046713,-0.179371533840819,-0.148212431892764,-0.126242751488791,-0.176022010284928,-0.258412091963754,-0.370836964757864,0.109720541895509,0.156355446244525,0.260621663065694,0.160167793086669,0.191665066091057,0.453347896055967,0.137799660683252,0.130763542282617,1.79999946772531,3.09939141252048,1.50695885681919,1.50812130974991,1.50642329215951,2.74480159353057,1.53718668258116,1.87251159351209,1.50257156779168,1.94104099623873,1.87251159351209,1.50257156779168,5.28615761576034,2.37694772685282,1.48280834483083,1.50227116436569,1.98936415108703,2.09467386579315,2.75358835923448,1.75166672370186,1.70080259857636,1.64684204476655,1.63037953484234,1.66052762180159,1.7179101020268,1.30266607840443,1.33267298420729,1.46968540700351,1.37419752674285,1.48334038579486,2.14385904236582,1.88599698120725,1.877801995686
-8.33333333333333,5.44444444444444,1.1,0.277777777777778,0.00497249884719225,0.0475043697573648,0.138236077074438,0.27630506249802,0.461711326028111,0.771249739430249,0.00497249884719225,0.0475043697573648,0.138236077074438,0.27630506249802,0.461711326028111,0.771249739430249,0.00497249884719225,0.0475043697573648,0.138236077074438,0.27630506249802,0.461711326028111,0.771249739430249,1,2,150.000015727529,73.0016592021664,-10.3728365847307,228.988969898969,269.620462628893,2486.49953129882,-12.0189251006666,1.31134183939173,-0.127552434034996,-0.025138154358921,1.31134183939173,-0.127552434034996,0.252393830694719,-0.0531872183904801,-38.33289865639,0.21110409068847,2.87084824497448,722.531194667221,1.89307664826582e-18,0.846414415165087,0.670486449328194,0.58378404332882,0.658248797000313,0.602013321529007,0.537654421414437,0.0120902204978648,0.0109028486615978,0.00840306291011353,0.0125010207270076,0.0150469513592334,0.0223795073429851,362.205353608999,5.07106332673678,17.3232166618681,2.3266607748756,122.62433388568,119.908608197258,2539.13907500817,162.321544398216,10.8557829135017,0.159038359524753,0.338623907928926,0.00624188971198526,0.159038359524753,0.338623907928926,0.263408463389986,0.0652036102498313,0.411946273599569,0.540872436786972,0.324282022945327,0.104186929945957,1.16721717925996e-15,0.0465532362428367,0.0303723970542086,0.0400483245532793,0.0550789748798309,0.0571308503442758,0.0490791496747122,0.00656041902534788,0.00226338365232568,0.00168458058770086,0.00188401135211093,0.00147727283456307,0.00123146380418337,0.418208583386907,0.00541602076928591,3.94801618153389e-07,0.0337643712548635,0.0590435823102116,0.054308754257218,-0.0577483465097538,-0.471179181969545,-0.118622225646972,-0.208806216006383,0.0518196129228165,0.0763770817409093,-0.208806216006383,0.0518196129228165,-0.71804778046364,-0.0499474222230132,0.039793643634533,-0.0514886378654852,-0.30600346333076,0.0636881360051517,0.0173623944117188,0.524165983835417,-1.17511449786153,-0.74761712884407,-0.576330969759995,-0.558215421975445,-0.60366267503826,1.11634473532772,-0.211508368759415,-0.095050577795877,-0.817763354848575,-0.526289569964974,-0.953122262150238,0.076479817219376,0.0788916478774171,1.79999946772531,1.88363951088344,1.50699522730316,1.50809543329429,1.50656087105541,1.9983912900667,1.53991638965787,1.61118065525129,1.5036174287091,1.66820694265166,1.61118065525129,1.5036174287091,4.65127414733029,2.409451840682,1.49126828297173,1.50336852271459,1.7153047209508,1.82460353976368,2.7614135330882,1.84626738714029,3.88208037737012,2.39976882232533,1.95694101898143,1.88923008386136,1.94073952279476,3.64019234501902,4.39224834124547,2.27164957932239,2.74238323179833,2.26266530798374,2.5257962349183,1.81239914270659,1.80164311742965
-8.33333333333333,17.6666666666667,1.1,0.277777777777778,0.00497249884719225,0.0475043697573648,0.138236077074438,0.27630506249802,0.461711326028111,0.771249739430249,0.00497249884719225,0.0475043697573648,0.138236077074438,0.27630506249802,0.461711326028111,0.771249739430249,0.00497249884719225,0.0475043697573648,0.138236077074438,0.27630506249802,0.461711326028111,0.771249739430249,1,2,150.000015727529,173.30840537444,-14.7418232642433,618.337829392772,311.531908164775,5078.12738256432,-25.4131357122175,1.8620902614311,-0.550584714541089,-0.0525864923445474,1.93543062181023,-0.156874076909697,2.08536899776065,-0.43287383588168,-101.079483387147,0.230795297862723,3.68211530048953,1173.59650036455,11.8379085511928,1.59916217060723,1.03975533798563,0.684134558900114,0.58400731173836,0.383797312779919,0.257896396208728,0.0470041999828143,0.0123644421842517,0.00791470474950526,0.0111986984689095,0.0111925015102594,0.00763372627851266,4999.99812519529,43.0933652744505,17.3232166618681,35.7577084808389,121.471958747796,118.628799078771,2518.79987764666,1099.70085303587,19.3063301279044,0.517029596714839,0.434992931606469,0.0282999378937144,0.575427831711363,0.354147241293808,1.64682919144032,0.341489602163245,1.38496610358642,0.564344270728587,1.18907828928905,0.570529944825477,0.00580771494747746,0.221560870233866,0.0934662248761374,0.0663494805252813,0.0770603581932127,0.077998603653814,0.0724102389854363,0.0578310663682663,0.00916073054035837,0.00336308433517606,0.00314670495075251,0.00374089088935583,0.00256486491259489,2.16058359818389,0.00811998551993438,3.94801618153389e-07,-0.0940549955169884,0.00297141241730607,-0.0131826663827988,0.002795395392495,-0.250582039668207,-0.0526394038291734,-0.318778346100512,-0.0171212910921938,-0.00818059520384719,-0.271737060836513,-0.0211526165031579,-0.519098608985403,-0.424797906259404,0.204739726782405,0.0218712403060396,-0.316079111611825,0.302543772755008,0.0592884882256974,0.989706951859966,0.367108342140042,-0.335284540589083,-0.516522788410569,-0.491753216323505,-0.510935530138864,0.858882144315373,1.2819141719502,0.95316077806517,-0.317828443812712,-0.196592591901831,-0.246532199191642,-0.047965113269814,-0.056669009096493,1.79999946772531,1.51169685627876,1.49800802678184,1.50754379693281,1.50159815905633,1.67859409798514,1.64596634698161,1.7447896916529,1.48938376201214,1.54972726463716,1.70201485851447,1.4977115323943,2.77732663244709,3.09661921962969,1.50770591578453,1.49793681415544,1.74703610701575,2.21371146006323,2.64003314464979,2.92420808559304,1.52693258313119,2.32549496029727,2.04683570321,1.79268666272129,1.74508997510332,2.58674100479154,4.37370896240248,3.37125119581108,3.68369004760843,1.44182207540214,1.65411901007816,1.42803811397175,2.36110605081525
-8.33333333333333,17.6666666666667,1.27777777777778,0.277777777777778,0.00497249884719225,0.0475043697573648,0.138236077074438,0.27630506249802,0.461711326028111,0.771249739430249,0.00497249884719225,0.0475043697573648,0.138236077074438,0.27630506249802,0.461711326028111,0.771249739430249,0.00497249884719225,0.0475043697573648,0.138236077074438,0.27630506249802,0.461711326028111,0.771249739430249,1,2,150.000015727529,173.264305801479,-13.0787897958546,618.945224455786,244.25050662431,4938.4336006666,-36.0494376627434,1.69669820851995,-0.525927359081346,-0.0450979534423498,1.77131225913967,-0.133566455817102,1.36058508612644,-0.484868919421935,-101.089934381835,0.189211765068222,3.261401020727,1173.66107697115,12.9098406415997,1.52931642537236,0.942265847307571,0.588525851473805,0.490944099572961,0.303907530465577,0.19366745443183,0.0306686639225081,0.0120077924032913,0.00865425820227059,0.00938658056452452,0.00796495417144048,0.00867091667534632,4999.99291740444,43.0932934069368,17.3232166618681,38.7441686977942,120.531889245724,118.645172970159,2502.23952376724,1198.08973143711,18.7585134612509,0.560282562632945,0.451962605323876,0.0275490282499413,0.626453968773769,0.35460132519075,1.75485406583397,0.382935270360254,1.45462181005138,0.565339128892509,1.30145172534566,0.659161751781993,0.00634803268120441,0.22170520608732,0.0938548304959869,0.0656821642803307,0.0770740289620424,0.0776769766039322,0.0733021433031252,0.0462494313133338,0.00822211532329612,0.00298301689337106,0.00316909650071221,0.00165163368176265,0.00227930380432958,2.42709356328682,0.0088380243400506,3.94801618153389e-07,-0.128928092535947,0.00494733221099077,-0.0164033115903996,-0.00361360681101651,-0.28167643858704,0.00883047218566857,-0.344024168545354,0.00240280815296344,-0.0384145433404603,-0.298259118181668,-0.0110068680420157,-0.548988037163168,-0.468989244807445,0.222925032203382,0.0115199927907787,-0.338637970402729,0.494986401244775,0.0130251583256813,0.76720670866166,0.36225725130964,-0.317411640789877,-0.487327384808456,-0.461859894824609,-0.503365371111626,1.01652910769908,1.25724747353301,0.932171970068951,-0.2686515060538,-0.13443206572976,0.0848762464623926,-0.0682877396016275,0.0471145214357521,1.79999946772531,1.53601544588484,1.49923463847976,1.50508086552082,1.50416535305313,1.69774804285632,1.67876854471291,1.75735752768946,1.49569636772231,1.53286329718622,1.71553513408687,1.50014330957527,2.83782443190098,2.93994351240313,1.50871715557154,1.50038786264877,1.75762761709973,2.27212816932254,2.48089106718931,2.46007598753713,1.522240213296,2.28262732375215,1.99569733747939,1.75782411510554,1.75023036943176,3.36617144912649,4.24387641587486,3.1251777074161,1.99495503984221,1.64510784596631,1.45050989816049,1.40002463779267,2.20941382527442
