WindDirection,WindSpeed,AirDensity,WindShear,B1Er1,B1Er2,B1Er3,B1Er4,B1Er5,B1Er6,B2Er1,B2Er2,B2Er3,B2Er4,B2Er5,B2Er6,B3Er1,B3Er2,B3Er3,B3Er4,B3Er5,B3Er6,Alpha,Style,Timemean,RootFxb1mean,RootFyb1mean,RootFzc1mean,RootMxb1mean,RootMyb1mean,RootMzc1mean,TipDxc1mean,TipDyc1mean,TipDzc1mean,TipDxb1mean,TipDyb1mean,TipALxb1mean,TipALyb1mean,TipALzb1mean,TipRDxb1mean,TipRDyb1mean,HSShftVmean,B1Pitchmean,B1N1Clmean,B1N2Clmean,B1N3Clmean,B1N4Clmean,B1N5Clmean,B1N6Clmean,B1N1Cdmean,B1N2Cdmean,B1N3Cdmean,B1N4Cdmean,B1N5Cdmean,B1N6Cdmean,GenPwrmean,GenTqmean,Timesd,RootFxb1sd,RootFyb1sd,RootFzc1sd,RootMxb1sd,RootMyb1sd,RootMzc1sd,TipDxc1sd,TipDyc1sd,TipDzc1sd,TipDxb1sd,TipDyb1sd,TipALxb1sd,TipALyb1sd,TipALzb1sd,TipRDxb1sd,TipRDyb1sd,HSShftVsd,B1Pitchsd,B1N1Clsd,B1N2Clsd,B1N3Clsd,B1N4Clsd,B1N5Clsd,B1N6Clsd,B1N1Cdsd,B1N2Cdsd,B1N3Cdsd,B1N4Cdsd,B1N5Cdsd,B1N6Cdsd,GenPwrsd,GenTqsd,Timeskew,RootFxb1skew,RootFyb1skew,RootFzc1skew,RootMxb1skew,RootMyb1skew,RootMzc1skew,TipDxc1skew,TipDyc1skew,TipDzc1skew,TipDxb1skew,TipDyb1skew,TipALxb1skew,TipALyb1skew,TipALzb1skew,TipRDxb1skew,TipRDyb1skew,HSShftVskew,B1Pitchskew,B1N1Clskew,B1N2Clskew,B1N3Clskew,B1N4Clskew,B1N5Clskew,B1N6Clskew,B1N1Cdskew,B1N2Cdskew,B1N3Cdskew,B1N4Cdskew,B1N5Cdskew,B1N6Cdskew,GenPwrskew,GenTqskew,Timekurt,RootFxb1kurt,RootFyb1kurt,RootFzc1kurt,RootMxb1kurt,RootMyb1kurt,RootMzc1kurt,TipDxc1kurt,TipDyc1kurt,TipDzc1kurt,TipDxb1kurt,TipDyb1kurt,TipALxb1kurt,TipALyb1kurt,TipALzb1kurt,TipRDxb1kurt,TipRDyb1kurt,HSShftVkurt,B1Pitchkurt,B1N1Clkurt,B1N2Clkurt,B1N3Clkurt,B1N4Clkurt,B1N5Clkurt,B1N6Clkurt,B1N1Cdkurt,B1N2Cdkurt,B1N3Cdkurt,B1N4Cdkurt,B1N5Cdkurt,B1N6Cdkurt,GenPwrkurt,GenTqkurt
-1.66666666666667,25,1.24222222222222,0,0.0391755263706483,0.121086095476339,0.206556180946425,0.29202626641651,0.377496351886596,0.487893475088597,0.0391755263706483,0.121086095476339,0.206556180946425,0.29202626641651,0.377496351886596,0.487893475088597,0.0391755263706483,0.121086095476339,0.206556180946425,0.29202626641651,0.377496351886596,0.487893475088597,0.555555555555556,1,150.000015727529,150.35366732632,-7.44609677658577,621.125934798458,27.1613590042704,3346.91240495782,-47.3013738152276,0.465569701072805,-0.20241482465264,-0.00400788407457557,0.507634735965004,-0.00584387271117591,-3.67264384126653,-1.35106135642121,-101.016068117904,-0.0354353209978128,0.247911913847516,1173.65232788251,22.8383220497862,1.58774075617123,0.945163805853556,0.49375602541402,0.281818081449849,0.0637508439308405,-0.0216144002870534,0.0659966102416414,0.0148463668367878,0.00955866961774815,0.00638165784814082,0.00994520591605042,0.00747288386626393,4999.95333819394,43.0938110613485,17.3232166618681,34.8329595677317,111.467316190813,117.172371531146,2297.65786755196,520.416063650495,14.7142800579183,0.0858018051578038,0.331178529101857,0.00178252722793531,0.147285422425005,0.308784525334261,2.96359097923462,0.600201447785697,1.1151792490191,0.487577369721357,0.233900366166413,1.50566535928422,0.00763809137140665,0.201952457725747,0.157073353701295,0.106709562400476,0.0742963186343069,0.0431278060165231,0.0456335941331353,0.067045368078164,0.0120306357808929,0.00448892532865639,0.000950807386351591,0.00179105264230006,0.00189121109277866,5.90976500793815,0.0178805447847791,3.94801618153389e-07,0.107674633982955,0.000395907106640761,7.39308985905966e-05,0.00148956639826284,0.130502129626648,-0.0838896577970923,0.242787770528091,-0.024610102250346,-0.444070159158396,0.0840856503007949,-0.00199678127572486,2.31614411870879,-0.34197942893183,0.331551436415361,-0.00147103711684027,0.147611046423733,-0.10708586042472,0.293073013001951,1.15900561821753,0.247090580776125,0.223326159724015,0.184472473295855,-0.656917318138172,0.252608974880818,0.521286341613212,1.45811327106721,1.73609428680802,1.97630332099904,0.98369238982977,1.86260804529347,-0.0604985579767245,0.0604300290968046,1.79999946772531,1.528998058441,1.50322683232875,1.51391523180427,1.50710685614443,1.62665698364728,1.55754613778127,1.57655224226557,1.48022728942493,1.95436853664713,1.73850106017164,1.5016134010058,254.971496319166,2.66676274405909,2.32664848937574,1.50057908975972,1.50579508510253,1.8592712059553,1.76261853418331,3.1469730680699,1.44868485965478,1.48691395915011,1.51593184169465,7.32647167944571,1.7640668428589,1.64814877991794,4.94831964182017,5.68058979814787,9.1227629317679,21.5615065539094,5.25793059445606,2.39530239475228,1.51370782850863
-1.66666666666667,25,1.42,0,0.0391755263706483,0.121086095476339,0.206556180946425,0.29202626641651,0.377496351886596,0.487893475088597,0.0391755263706483,0.121086095476339,0.206556180946425,0.29202626641651,0.377496351886596,0.487893475088597,0.0391755263706483,0.121086095476339,0.206556180946425,0.29202626641651,0.377496351886596,0.487893475088597,0.555555555555556,1,150.000015727529,154.12034163108,-8.54093497864806,621.256775335903,39.3161030850953,3239.33319445891,-57.7072940318717,0.275612519529216,-0.108652187226331,-0.00252072065409853,0.296113779814603,0.00920140591709198,-4.60280053546506,-1.47014118289762,-100.958570982189,-0.0666660800479117,-0.326258566978439,1173.73492344547,23.2959077179465,1.56526559733361,0.901825393188209,0.450075367149255,0.239752307051349,0.0415606645547339,-0.0650246383429851,0.0550744751191543,0.0146667664826581,0.00857424143318404,0.00643725872304968,0.00898027226330593,0.0114541487345068,4999.94073534007,43.0933579835438,17.3232166618681,32.2353568133389,110.24751263252,117.436943550999,2270.25613962912,424.215859841097,15.4327048892217,0.107375893872469,0.298073190935075,0.000893437186816682,0.0992014130375098,0.30089179894573,2.4878992860862,0.621230507846427,1.01996504198038,0.474169973555983,0.212827703240157,1.66240225805197,0.00852761591158012,0.206221569941269,0.157676246714702,0.10581693916871,0.0730358693777976,0.0319231074479336,0.0433847728816923,0.0592450208496561,0.0114531170631553,0.00368527143146593,0.000725515245742921,0.00231268933027438,0.00548945953321765,6.37839189510587,0.0204739127981629,3.94801618153389e-07,0.10792552912964,-0.000725992847380867,-0.0024130578455895,0.00142823630251205,0.0541888781952939,-0.0245052465817383,0.389971370456108,-0.015545761856074,0.000406920360021508,0.117372970698971,0.00121709976943346,1.67672705915263,-0.0363350690537036,0.427864845132892,-0.00448863457952773,0.462059758630002,-0.105991630801834,0.00631986736710618,0.954576227309785,0.246911631896403,0.225736933933398,0.194530306350107,-3.1676717803331,0.281365943935925,0.537791158604472,1.43568526434484,1.01315953222804,1.88152331443076,2.54029102075726,0.51611527659603,-0.0239324293658032,-0.00930397932347421,1.79999946772531,1.5087334495817,1.50519233493895,1.51468062955931,1.51118566993634,1.64535614128986,1.54474317771074,2.34377832885146,1.47083609038166,1.84120786629675,1.68709107140583,1.50613394529151,99.676981616936,2.15876002160863,2.43952156791122,1.50551785596441,2.01488001577953,1.57547819105574,2.34243794708612,2.75956000718983,1.44709280620823,1.48409772372689,1.5207506906617,60.9295198000536,1.73641633375615,1.67230859822615,4.84160199798327,3.0374165153538,8.64967165526783,47.9137003213118,1.58648453132209,2.06284551906061,1.71650733936223
-1.66666666666667,12.7777777777778,1.42,0,0.0391755263706483,0.121086095476339,0.206556180946425,0.29202626641651,0.377496351886596,0.487893475088597,0.0391755263706483,0.121086095476339,0.206556180946425,0.29202626641651,0.377496351886596,0.487893475088597,0.0391755263706483,0.121086095476339,0.206556180946425,0.29202626641651,0.377496351886596,0.487893475088597,0.555555555555556,1,150.000015727529,232.933454848453,-24.3195842278929,607.343255910843,661.313893865222,7778.73179877096,-17.8748088786376,3.76814435996251,-0.686895385897303,-0.196867805436934,3.81461035308822,-0.345703862061244,9.82247734610977,-0.249103978989688,-100.53428809499,0.561345706634725,8.13137548172065,1173.64034996355,5.15266055619207,1.35140766586814,0.906856108738673,0.729066940943651,0.711783158004375,0.596540079158421,0.546118050203104,0.014713825180877,0.0144986808665764,0.0111334872409124,0.013322589417769,0.0132404961983127,0.0155278918862619,4999.98791792522,43.0935923341313,17.3232166618681,12.6662087128126,123.027812851465,116.813967373439,2526.51727347796,248.979377154229,34.6853068873855,0.0950225729306661,0.343441600306975,0.0136059659810372,0.121796613822535,0.334876308643685,1.43309405255591,0.269851322152247,1.10994723781927,0.532970066067351,0.174017257102923,0.479922782864867,0.00602204935208531,0.114330832271505,0.0584336327100228,0.0394445335606632,0.0309311234281261,0.0267350582053553,0.0256925571702759,0.0198591528942307,0.00572908630564406,0.00276241364704188,0.00199171031652355,0.00138962437056263,0.00108975077099929,1.53285539922384,0.00577350626237427,3.94801618153389e-07,0.212031084538698,0.00618364181992626,-0.00446043817823624,-0.00550912551471279,0.225768588072727,-0.032263920659854,0.15256877880916,-0.00164524880619528,-0.160408640255547,0.121669087429529,0.00311936964812794,-0.889331794241397,0.3615603662237,0.0383877673178911,-0.00419319771412427,-0.00872293648915802,-0.584916066752648,0.0609325870191735,0.351313872821334,0.322721863179072,0.250827603438059,0.178206601203374,0.222151473218232,0.489115011459295,1.16258299995333,1.18239150024985,1.2407748469636,1.81510207103632,1.98630448638952,1.80255765651051,-0.253032340869882,-0.240731325609455,1.79999946772531,1.57240703631331,1.49520824425526,1.51304541701805,1.49676844967353,1.5881984664057,1.53851840866642,1.49374568764065,1.4820653462274,1.42991608915468,1.4170237475434,1.4911349186715,8.20763101838863,2.79205262596165,1.57812983219056,1.4910809376579,1.71101057327347,1.34212680514517,2.20854168809361,1.54006867006833,1.59730930796046,1.64453507075529,1.66138611283805,1.86647670357974,2.52071470044535,3.47727321233447,4.49269718312147,6.84726970046686,10.6635656296049,12.551799623841,13.1378977304153,2.31419228146578,2.28813125457767
-1.66666666666667,12.7777777777778,1.42,0,0,0,0,0,0,0,0,0,0,0,0,0,0,0,0,0,0,0,0,1,150.000015727529,219.798489740652,-18.9933911661285,608.292677846057,510.677704358921,7426.20289553172,-19.9850311404021,3.70514092282054,-0.751575960837412,-0.193765441099885,3.76685220289552,-0.322187957702322,9.81102833038226,-0.203385279977086,-100.534520362462,0.529926710728049,8.14789230288511,1173.65597333611,6.57799927090926,1.22739579210499,0.813614685970211,0.591348067909592,0.602430611394646,0.585920758254348,0.566106936777419,0.0124210830409759,0.00848451132090407,0.00602071887303406,0.00601153775648371,0.00602821601916468,0.00597927080512446,4999.99354233934,43.0935246328502,17.3232166618681,14.4692608372789,122.671760763987,116.727174095932,2520.61351018335,272.595308401389,34.0605497619883,0.0903923210299968,0.342831801898382,0.0130032735195673,0.120255681291601,0.333533029054466,1.54716425767886,0.258824179129919,1.11697586591118,0.530224209843895,0.178081684394521,0.475074547787644,0.00516660949124646,0.110625516943237,0.0601025741001705,0.0371255145119506,0.0310786467981352,0.0312776710371524,0.0319732199107228,0.0176984932208057,0.00479886859872215,0.0019662648531644,0.00147247211577175,0.00119458441003801,0.000931181796714232,1.63463807235987,0.00580343311047771,3.94801618153389e-07,0.185402757739603,0.00713825164119277,-0.00749426539518034,-0.00654812601404996,0.23014963128962,-0.0322685905359573,0.314125834024924,-0.00209536986125789,-0.232920743911474,0.222003110793993,0.00407751634325647,-1.23561712125872,0.411193035959366,0.053542536498278,-0.0051513291836293,0.275424840266821,-0.656660981889137,0.0419489309466359,0.334362562412693,0.322739281692092,0.258375426136935,0.186981715808508,0.221414211172716,0.465556404422884,1.183838873474,1.20872232643821,1.48107781898182,1.96288487125907,2.17292647356682,2.28392815534602,-0.379429232311951,-0.220228721031443,1.79999946772531,1.54328367738011,1.49549238448554,1.51119047470287,1.49716462848894,1.58863227637914,1.53403416053711,1.670880445179,1.48005556607307,1.47211876779591,1.50414339782679,1.49157810954019,8.43895134065638,2.93759837686111,1.60098327778867,1.49147811287973,1.71880604854131,1.43120364513581,2.25873493186582,1.49866457524846,1.58796533105937,1.64335129126453,1.67432254420701,1.85580758527531,2.45300370980153,3.51485397629704,4.59776461930543,7.96635777260395,11.2941452711448,13.2719908707687,14.7955330975403,2.40418229630545,2.32758890645271
15,12.7777777777778,1.42,0,0,0,0,0,0,0,0,0,0,0,0,0,0,0,0,0,0,0,0,1,150.000015727529,228.476512863243,-21.2877852963233,605.862660139569,597.100900177065,7827.30475992084,-15.840227156442,4.00661608165816,-0.752413227788772,-0.22630194771378,4.06095990001041,-0.35742585523383,11.0366421206124,-0.22832501313634,-100.37579210499,0.591367220612436,8.85458181439434,1173.6650348922,5.60590313509006,1.24353863139256,0.837297698156442,0.621073992292469,0.638618331423809,0.632868961566504,0.617753723570461,0.0152722223159046,0.00867005737693991,0.00600385553588168,0.0059826808665764,0.00595943849599,0.00584687792938235,4999.9884387043,43.0936725341102,17.3232166618681,8.86590316448044,123.106408146333,117.386081134567,2500.9047979433,125.384514541134,35.8086346676387,0.14376637402288,0.300131405432838,0.0130507070912275,0.115286964228355,0.312173143829728,1.70043888502371,0.231526302525349,0.965411710588717,0.492243791621558,0.414238109111272,0.472002848388197,0.00505455565589301,0.283474163909756,0.152314262600638,0.0881044577924619,0.0668289306532525,0.0617622179803205,0.0623571379980725,0.0391653759227689,0.00893021657740482,0.00303699513888434,0.00190040798525867,0.0013758931256919,0.00103191711134206,1.48792769398193,0.00542281491367923,3.94801618153389e-07,0.192413040910053,0.00852523242348097,-0.00472770991926231,-0.00721358782631854,-0.481478081259066,0.0542778792899086,0.270764550397508,-0.00634912087005758,-0.51473758053536,0.348958349156012,0.00129006543848754,-1.16954610423026,0.780176130772109,0.0815274434057291,-0.00208344526341138,0.194355992112972,-0.69933259134252,0.0260604377540253,0.063547906511703,-0.0306097329938667,-0.00633460629552824,0.0479893588659256,0.084650711885324,0.0988559884940014,0.0412057030945451,0.0113856239736828,0.113596962340636,0.682677797854587,1.51024599132591,2.34057263653201,-0.346395027250066,0.0588511918028283,1.79999946772531,1.58810103575761,1.49515792519771,1.51202167540167,1.49703234721651,3.38520790968681,1.52825486028823,1.76012678274241,1.48097258530119,1.90250042084695,1.79742829953847,1.49164456292783,8.88469251844573,3.84304152800459,1.65079737466646,1.49231407521057,1.70585848752648,1.48906607331389,2.49746924682213,1.69803683746725,1.68146961030517,1.62722343977944,1.53113956751265,1.51301563111453,1.50729017208197,1.52917819870129,1.38044243371491,1.58001622582278,3.30130519515347,6.99054341552188,11.511489920072,2.02654157980209,2.2002863747826
15,12.7777777777778,1.42,0.277777777777778,0,0,0,0,0,0,0,0,0,0,0,0,0,0,0,0,0,0,0,1,150.000015727529,228.286272263306,-22.4494190386418,605.711207165921,631.770796292053,7804.00416623268,-17.8224316862827,3.98034069367774,-0.736270461410269,-0.228455733777731,4.03178523070514,-0.360501947776273,10.9131333194459,-0.238771830370795,-100.378259556297,0.595298925996563,8.77459514633892,1173.6742006041,5.37045328611603,1.26447567961671,0.864715946255598,0.639912686178524,0.650527986668056,0.638163253827727,0.614787428392876,0.0194251905093219,0.00929825853582023,0.00614300208603271,0.00603217849182377,0.00609813436100406,0.00594203572544526,4999.99739610457,43.0938985522333,17.3232166618681,29.8055890149753,126.046117403196,121.808892872071,2612.52093270484,1096.84959418979,34.4203830027389,0.618387042416177,0.392038727485199,0.0696439147159615,0.637805423825333,0.35958018200624,1.84233212366575,0.218803750026493,1.03576714811946,0.573159184031743,1.3944346895686,0.468697162537257,0.00496031436779962,0.36328954412126,0.238763235119331,0.170286890115752,0.143785440953549,0.132821286147006,0.113785293770314,0.0545380978765046,0.0146506338860417,0.00593897740015781,0.00362420241016829,0.00226338171255688,0.00123509476697582,1.17610475115481,0.00515567234012681,3.94801618153389e-07,-0.372435704060266,0.0206911645378688,-0.0066573483176194,-0.0290362122950411,-0.354743360546049,0.170225906691694,-0.291700886134068,0.0629545806596202,0.179252626675705,-0.302792452088235,0.0391498498950888,-0.985962491772182,-0.56453869642768,0.170620687454274,-0.042088609531157,-0.268847495623171,-0.743378414636187,0.0129772657408343,0.273145136060388,0.0697140893996085,0.077464588028011,0.0783057685704488,0.0639645754838603,0.044477239664275,0.129679070129758,0.094158974512786,0.117296398967353,0.200896490122082,0.192397587969722,0.347831256486159,-0.0906259042291864,0.244498178907686,1.79999946772531,1.78872727790341,1.49567429240976,1.51168174813429,1.4983117969432,1.76983951430822,1.56474571278389,1.67279241750336,1.50083407580393,1.58170955276574,1.67669604756131,1.49607981451223,4.11603870928286,3.20521754024161,1.49848983866159,1.49774777218374,1.65181250413843,1.55261146734669,2.387475529928,1.75513811967026,1.61374393939077,1.58961829382808,1.56605239704856,1.55325306468767,1.56339575896843,1.75932927540675,1.6174987724747,1.61703562164029,1.58559968375073,1.52861590809615,1.73853279077104,1.78525882914685,1.80564334246405
5,15.2222222222222,1.1,0.222222222222222,0.0548457369189076,0.169520533666875,0.289178653324995,0.408836772983114,0.528494892641234,0.683050865124036,0.0548457369189076,0.169520533666875,0.289178653324995,0.408836772983114,0.528494892641234,0.683050865124036,0.0548457369189076,0.169520533666875,0.289178653324995,0.408836772983114,0.528494892641234,0.683050865124036,0.777777777777778,1,150.000015727529,201.786272263306,-22.8284598604312,613.49384439121,596.864746338923,6424.41058223102,-13.7377909763566,2.84911821685241,-0.612945414019373,-0.114607845016144,2.90175231746693,-0.270272347286741,6.10921768565775,-0.27395222944485,-100.891079054265,0.42766256221227,5.98264691178002,1173.69805228622,6.82012936152481,1.57752661181127,1.09106536819081,0.856258983439226,0.740895927507552,0.581761785230706,0.486003999583377,0.0719620849996875,0.0191985865778565,0.0175520154150609,0.0185641235287991,0.0165292646599312,0.0192755306738881,4999.98031455057,43.0936100406203,17.3232166618681,23.9402197991083,124.486284057739,119.0328596816,2585.48647315572,776.088346794147,25.3705239688509,0.407541999985875,0.388962240173771,0.0338359468042024,0.436884987607691,0.355691936457467,1.48999797717414,0.229025827491588,1.1726561827836,0.566805572832882,0.911486162072171,0.472322892044403,0.00550010731889752,0.222195041820123,0.152125066767626,0.117220777216398,0.0959978391416776,0.0844210382108884,0.0699377062600592,0.0683436008418903,0.0137274441845083,0.00703899503410672,0.00472421876065123,0.00214815135660533,0.0018168940393228,1.51551969393816,0.0061090437747733,3.94801618153389e-07,-0.202442250698924,0.00448562028644883,-0.00407076056894857,-0.00580169749776548,-0.398534148897532,0.0422205028672794,-0.405470602068937,-0.00714197180801226,0.217132128703033,-0.368311226129898,-0.00283356661948548,-0.511966478680666,-0.681026609457636,0.150966774152928,0.00240764274509913,-0.409695014384018,-0.686791304165558,0.0219739736399184,0.416075001404147,-0.115681842806907,-0.175302765585978,-0.179490738387042,-0.151479687183886,-0.253675189694331,0.249010729433197,-0.0374400366650877,-0.147518128851877,-0.168030943037534,0.0710518773194294,-1.70793760316928,0.0532472345632135,-0.115998481412494,1.79999946772531,1.65402866249045,1.4965478313085,1.51260508283881,1.49871032655301,1.85745928957231,1.56247629086713,1.83614904110671,1.48377193087634,1.67095312870625,1.80234199381929,1.49179623919081,3.21293681049868,3.85043069216956,1.51833694497649,1.49226615134459,1.83652843379299,1.93958152026104,2.49438761854578,2.11344138469337,1.80190863435056,1.75191584783707,1.68453880902213,1.60966901382699,1.62316050407799,1.92318643757751,1.27472147803895,1.37326155225629,1.58652075132343,1.65818879600591,8.01403283575109,2.04326462622374,2.58797067514266
5,15.2222222222222,1.1,0.222222222222222,0.0156702105482593,0.0484344381905357,0.0826224723785699,0.116810506566604,0.150998540754638,0.195157390035439,0.0156702105482593,0.0484344381905357,0.0826224723785699,0.116810506566604,0.150998540754638,0.195157390035439,0.0156702105482593,0.0484344381905357,0.0826224723785699,0.116810506566604,0.150998540754638,0.195157390035439,0.222222222222222,1,150.000015727529,189.159108426206,-17.3785497812728,614.627632538277,439.844217237788,6038.94021456098,-16.7080910998854,2.69876408707427,-0.658584450578065,-0.106417440891574,2.76757900218727,-0.239925255957817,5.67014588063744,-0.27462052365087,-100.91634933861,0.381457377491928,5.74750619727113,1173.59139672951,8.7592651807103,1.49357868971982,0.98898051244662,0.694507624205812,0.655123768357463,0.547361920633267,0.484293292365379,0.0268995364847412,0.0120817886399333,0.00638381558171024,0.00744119820851995,0.00807796969065722,0.00856062910113531,4999.98396000417,43.093577752317,17.3232166618681,31.2288399126248,124.266347743383,119.350274210291,2581.05401906816,996.518296144295,24.2499440422363,0.50425354595692,0.414729891374184,0.0398809445127812,0.545015178910074,0.359477051271787,1.59871841612729,0.286945893909666,1.25595492157687,0.572976995491994,1.14567063738346,0.491601270706392,0.00447873272988884,0.237813948374897,0.166481511893926,0.13043122677053,0.113512504100164,0.100266289708427,0.0887302888721562,0.040107822487253,0.0116633573298184,0.00483332156198303,0.00302862901185313,0.00182924156175961,0.00141175312696031,1.5677588117225,0.00600524256982145,3.94801618153389e-07,-0.170780605757671,0.0128478343259056,-0.0100987292209246,-0.0164990563892697,-0.310827925137108,0.098085529081187,-0.349531548665965,0.0157994561622062,0.143688723164302,-0.322461118276469,0.00963979171421386,-0.858029754440915,-0.375971653206523,0.158540570441631,-0.00989294441711658,-0.354553611978027,-0.371852129260559,0.0613001799153556,0.0401183683357448,-0.11693165952496,-0.0824211782574866,-0.0991661966220495,-0.145696131329282,-0.260003863290107,-0.084036363903072,0.133940528991261,0.141036047969513,0.328540432815102,0.471637646788062,-0.156729333537193,-0.102420276502225,-0.346615202179945,1.79999946772531,1.58059673715154,1.49690043809424,1.50968365200309,1.50042326789205,1.73952548458481,1.56896088370942,1.75764649369935,1.48736468495305,1.60001215265782,1.73113370909426,1.49399369610065,3.41122112020553,2.62974386273187,1.50935242680857,1.49442825925361,1.75570108272407,1.13827400603561,2.11023246207213,1.77672560542334,1.73350358635679,1.67873188298426,1.63403460558597,1.60508423261468,1.62741682719893,1.30067806092501,1.30282498585829,1.31784326404323,1.60326774283502,2.04616814448977,2.34592335675198,1.54172415350486,2.32781945369081
5,3,1.1,0.222222222222222,0.0156702105482593,0.0484344381905357,0.0826224723785699,0.116810506566604,0.150998540754638,0.195157390035439,0.0156702105482593,0.0484344381905357,0.0826224723785699,0.116810506566604,0.150998540754638,0.195157390035439,0.0156702105482593,0.0484344381905357,0.0826224723785699,0.116810506566604,0.150998540754638,0.195157390035439,0.222222222222222,1,150.000015727529,44.8160222893449,-1.55259833767316,204.387406520154,33.9384330361421,1495.70044787001,-14.9460913446516,0.844878991771691,-0.0609586745130716,-0.0112209947922091,0.844878991771691,-0.0609586745130716,-0.33226894179773,-0.0283083024098532,-33.2361181126966,0.105795794240183,1.92112050828039,672.986668055408,-5.00956365691077e-18,0.214446578481408,0.173971607124258,0.195292927820019,0.277673742318509,0.328354306843037,0.416077439850015,0.0120146307676284,0.00807787063847516,0.00600103603791272,0.00600120404124571,0.00727958066868034,0.0081292780752005,19.2314925528591,0.28906765961879,17.3232166618681,3.70114942437973,121.980837921238,120.177681389293,2515.91891476875,45.8859324939687,7.08840435268588,0.0474371692924796,0.329513268069594,0.00171391635807377,0.0474371692924796,0.329513268069594,0.199376300878396,0.047668372389959,0.349327064699072,0.525448576031388,0.0867164245615652,0.0580171590032937,9.03268963304049e-16,0.0353770823446348,0.0310088928442681,0.0247776368210811,0.0249480910893802,0.0271353557121748,0.0522591890379413,0.000849720635223181,0.000319375506087823,0.00020684171069798,0.000235441890230548,0.000364585395771134,0.00146948834856571,0.163945593019684,0.0024535885350092,3.94801618153389e-07,-0.192139398936673,0.0163663753325,-0.0157346712310442,-0.0157273502983619,0.0196734064433429,-0.172896963527347,-0.307132794605793,0.00906491693478396,-0.0148574101644841,-0.307132794605793,0.00906491693478396,-0.538724435401074,-0.14731867371037,-0.0268910921404685,-0.00785110010447194,-1.26550131538217,0.0187538007556046,0.0293689312268608,-0.407961747450774,-0.288879303998563,-0.194739133380741,-0.0124303967213586,0.0660701136698099,-0.817752077477863,0.0355647281397918,0.0666129218171471,0.206747137095705,0.523178691988613,0.156607576926421,-1.03226821596592,0.174336366038036,0.173253707429379,1.79999946772531,1.51348012372581,1.50644088327183,1.50044395545936,1.50631335973211,1.72483604572971,1.55177146235195,2.10868553246713,1.50383944529804,2.492836260936,2.10868553246713,1.50383944529804,5.63452752658313,1.93465535860685,1.49892280634412,1.50331243771932,3.55697674665385,2.82570097299533,4.09956564305965,2.06702545209361,1.90578316075125,1.76325293126546,1.57237014296205,1.51967412063202,2.54911289303637,1.35601091520288,1.29884501691267,1.43717879900702,1.82465776768813,1.88945682392498,5.98073787241646,1.57699326956713,1.57618530422378
5,3,1.1,0.5,0.0156702105482593,0.0484344381905357,0.0826224723785699,0.116810506566604,0.150998540754638,0.195157390035439,0.0156702105482593,0.0484344381905357,0.0826224723785699,0.116810506566604,0.150998540754638,0.195157390035439,0.0156702105482593,0.0484344381905357,0.0826224723785699,0.116810506566604,0.150998540754638,0.195157390035439,0.222222222222222,1,150.000015727529,44.5624622435163,-1.50144436308717,204.510023955838,33.1402508072076,1482.52827830434,-15.1872819497969,0.832342922612227,-0.060036941449849,-0.0111281076971149,0.832342922612227,-0.060036941449849,-0.351143730538486,-0.0275887116758671,-33.2536923237162,0.10396029693886,1.88822851786272,673.182376835726,1.4632682668472e-17,0.215385647328403,0.174238757421102,0.195992532027914,0.27836528486616,0.328997302364337,0.410305676492032,0.0120299364649516,0.00808648953234039,0.00600379137589834,0.00600187001354026,0.00733399895844184,0.00837814608894907,20.4051723778773,0.306626226434748,17.3232166618681,0.975700431771289,122.100855616422,120.252668949892,2519.73447407755,108.638807413815,6.89477616637047,0.127444591000033,0.331612588224083,0.00329608748108776,0.127444591000033,0.331612588224083,0.279519413884033,0.0520895406780181,0.35426664379924,0.529132101607336,0.293065533525888,0.0381036970650977,9.05057339111713e-16,0.0570703550838439,0.0605214617101136,0.0549508265733882,0.0595238429639105,0.0663517828510558,0.0934696567634782,0.00132918971484367,0.000617115667777491,0.000447324178580014,0.000516799614592955,0.000814429072775676,0.00137735459504411,0.0852944286199605,0.00127535028618492,3.94801618153389e-07,0.472252642980081,0.0163079371780794,-0.0155246715893308,-0.0161059042634521,-0.46800017150383,-0.1228540646736,-0.257359871140163,0.00837380492234215,0.350357731057905,-0.257359871140163,0.00837380492234215,-0.554387300680381,0.00114985754788704,-0.0262621875273488,-0.00683988145160104,-0.330485402665211,-1.69949503379177,-0.0115887322391274,-0.181772842038616,-0.0906136924531728,-0.0554682910629248,-0.0457757985773592,-0.0475283105741037,-0.22774697795538,0.0767921627995857,0.0170571815501163,0.147953152860192,0.176708515435389,-0.160470632266055,-1.24479754243026,-0.135039693511257,-0.138945252319462,1.79999946772531,2.48564778053571,1.50604697773016,1.50112585952986,1.50598601406663,1.74091458369019,1.59528506149284,1.53621997487555,1.50513839782346,1.71536200374034,1.53621997487555,1.50513839782346,3.4094871903228,1.89771512363597,1.50016480741583,1.50508953584212,1.58087365324614,3.88828337168371,3.735404768286,1.74463903681757,1.63241740872718,1.59124066276064,1.56807000866867,1.55496161078551,1.45628154437458,1.37098627538299,1.58932286523625,1.63931679801932,1.6296694993804,1.79677302627754,9.71205011417034,1.6940658532659,1.6935519489464
5,3,1.27777777777778,0.5,0.0156702105482593,0.0484344381905357,0.0826224723785699,0.116810506566604,0.150998540754638,0.195157390035439,0.0156702105482593,0.0484344381905357,0.0826224723785699,0.116810506566604,0.150998540754638,0.195157390035439,0.0156702105482593,0.0484344381905357,0.0826224723785699,0.116810506566604,0.150998540754638,0.195157390035439,0.222222222222222,1,150.000015727529,47.9125726486824,-1.39164247370066,204.646364961983,31.1925211436309,1628.87292990314,-17.4132651807103,0.933137673159045,-0.0664920567586711,-0.0137647514842204,0.933137673159045,-0.0664920567586711,-0.21085264790126,-0.0311007407999167,-33.3008322049787,0.115916600770753,2.12931517550255,673.633340277059,-2.21785189751067e-18,0.214771971669618,0.173720818664722,0.195585918133528,0.277941026976357,0.32853629830226,0.409764472450786,0.0120310988438704,0.00808770878033538,0.00600439225080722,0.00600254952609103,0.00731917019060515,0.00836729660452037,23.3570003124675,0.350746609728153,17.3232166618681,0.870861203037541,122.189892655941,120.228334136436,2521.7481387556,141.086856734337,7.70650068534439,0.148642450140296,0.332130278733647,0.00418904215064735,0.148642450140296,0.332130278733647,0.287117304375128,0.0524087364035581,0.354678206659779,0.530026633333906,0.345853396849573,0.047145361775745,9.40205868782342e-16,0.0569365263066912,0.0603487435190636,0.0547309612218141,0.0591576468971133,0.0658152121473777,0.0927502872814244,0.00132396952488833,0.000614507767084577,0.000445275533703508,0.000513707550831488,0.000819940706564896,0.0013749962106171,0.100209888587582,0.0014962589510541,3.94801618153389e-07,0.529066219104512,0.0153189128621106,-0.0146662358926711,-0.0151288799529082,-0.403101434961149,-0.0866122819543917,-0.270101512959595,0.00655371558332285,0.36338077251731,-0.270101512959595,0.00655371558332285,-0.59916570979848,-0.0209970051801833,-0.0228888135378181,-0.00485679282579958,-0.314486922363446,0.706775385032237,0.00608437817743158,-0.181704147467442,-0.0898141493709484,-0.0547028711442746,-0.0447450591150151,-0.0453975446068522,-0.222292315027864,0.0705501872380873,0.0106977161347251,0.144122399890562,0.175482001171184,-0.12172016461918,-1.22562144591137,-0.0656645786479197,-0.0669495193355447,1.79999946772531,2.75569307439497,1.50494049360236,1.5026557676977,1.50486120995149,1.69222771233789,1.59510121998906,1.54382784165108,1.50367996854277,1.64905116342114,1.54382784165108,1.50367996854277,3.30862829169711,1.97826663647883,1.50197367163817,1.50360497772338,1.57611709282272,1.49953144500886,3.96782384785807,1.74953543206476,1.63698247926338,1.5946707936665,1.56995593338712,1.55647216099304,1.45147638170555,1.36767700376444,1.58861980509436,1.64216475083414,1.64032564482005,1.72940924174534,9.64225877750754,1.63315574524263,1.63053420542727
-11.6666666666667,3,1.27777777777778,0.5,0.0156702105482593,0.0484344381905357,0.0826224723785699,0.116810506566604,0.150998540754638,0.195157390035439,0.0156702105482593,0.0484344381905357,0.0826224723785699,0.116810506566604,0.150998540754638,0.195157390035439,0.0156702105482593,0.0484344381905357,0.0826224723785699,0.116810506566604,0.150998540754638,0.195157390035439,0.222222222222222,1,150.000015727529,47.3203770440579,-1.61000722424748,204.095888969899,34.8737686178523,1606.77200291636,-18.5350312467451,0.921022997604416,-0.0660971027778358,-0.0137953020518696,0.921022997604416,-0.0660971027778358,-0.228304949441517,-0.030218722580877,-33.2148744922405,0.115192078325175,2.10216758670971,672.769586501418,2.19977112800752e-18,0.196930684303719,0.159591555046349,0.184965086970107,0.268084751588376,0.318941808144985,0.398001406103531,0.0120077304447454,0.00809145859806269,0.00599875169253203,0.00599530548901155,0.00736385147380481,0.00828686043120508,17.7556546193105,0.266977481512342,17.3232166618681,3.65123400993732,122.279225035623,120.327179187205,2530.44686829014,194.636069561669,6.74849375031065,0.20822867474399,0.34155231308968,0.00580754040572873,0.20822867474399,0.34155231308968,0.282965800152128,0.0534662120918319,0.364355377368024,0.547021441828618,0.441924332389158,0.046006406268748,9.48132517059814e-16,0.0222893534011666,0.0379045236986453,0.040942572862731,0.0530431230694586,0.0643004067980673,0.102622676958593,0.000577389351448164,0.000334719028905951,0.000295248776464265,0.000432055534022239,0.000818924517037033,0.00141854696942923,0.088261632093189,0.00132073888343831,3.94801618153389e-07,0.311091569820039,0.016523964405498,-0.0156644447852526,-0.0156379817841498,-0.101031719420767,-0.350577824714433,-0.0868143792770116,0.00764210511084106,-0.199348568452116,-0.0868143792770116,0.00764210511084106,-0.65303618931647,-0.377154931836149,-0.0259860989109428,-0.00638645482960405,-0.174758948716868,-0.851512783380521,-0.0605810304609453,-0.954494348279843,-0.332935454455365,-0.179187682925543,-0.0826941829515705,-0.0937060748507462,-0.364891562928663,-0.0299797939724461,-0.10686787182571,-0.185521351196021,-0.290929110066164,-0.100785361495017,-0.401996140329442,0.257134974063141,0.258013606992688,1.79999946772531,1.65716997784674,1.50680393368131,1.49929464436058,1.50672821741492,1.53307524879711,1.67328114389409,1.53769889752517,1.50392546786265,1.62900011796853,1.53769889752517,1.50392546786265,4.04171287145634,2.13533750053329,1.50166954707051,1.50336272224141,1.57946945802212,1.72507401982079,4.09757739028793,2.94472716790706,1.82238823578597,1.60641241672801,1.50067764431199,1.49295086233642,1.84036133019659,2.56990332620726,1.29735157143483,1.52917086501003,1.71527996322287,1.51030180329071,3.58375506231081,1.76257087448497,1.76328736333384
1.66666666666667,12.7777777777778,1.31333333333333,0.277777777777778,0.0626808421930373,0.193737752762143,0.33048988951428,0.467242026266416,0.603994163018553,0.780629560141755,0.0626808421930373,0.193737752762143,0.33048988951428,0.467242026266416,0.603994163018553,0.780629560141755,0.0626808421930373,0.193737752762143,0.33048988951428,0.467242026266416,0.603994163018553,0.780629560141755,0.888888888888889,1,150.000015727529,266.375221331111,-43.1351919597854,582.102124778669,1289.09945179669,9023.13477762733,1.72230360774919,4.50065743151755,-0.493178705104989,-0.277253890219769,4.50065743151755,-0.493178705104989,12.1003043432976,-0.550319966670138,-97.1543651702947,0.801099684095407,9.62421383189252,1156.00270805124,1.93085125403604e-17,1.60759483387147,1.24550994688053,1.05085019268826,0.954624184980732,0.808450317675242,0.696389178210603,0.0973074948259347,0.0294169877367983,0.0303581455056765,0.0359035194250599,0.0363987584626602,0.0442433486095199,4692.90657223206,41.0665024476617,17.3232166618681,14.0560212303699,124.435287489799,121.284603651844,2589.24928490083,631.946770701272,38.1032531709075,0.405197651653417,0.353850312778774,0.0504998201494326,0.405197651653417,0.353850312778774,1.51754091703173,0.157499094839459,0.933953355573373,0.565964757695984,0.87437205765547,0.143588529118965,1.37357207825194e-15,0.182390770937864,0.105111651600053,0.0826313988332519,0.0714482439895651,0.0579020541891749,0.0479832383989626,0.0724881344368497,0.0160812540006832,0.00896774744561337,0.00688762171987595,0.00671817321555925,0.00791365085655138,4.4423060276093,0.0351377530117773,3.94801618153389e-07,-0.907228280861347,-0.00356544435443597,0.00164325702119108,0.00430785738029453,-0.595097336455244,0.0392526725067786,-0.413440731378745,-0.0179482781060737,0.312675338945638,-0.413440731378745,-0.0179482781060737,-0.635973233952763,-0.439068918685498,0.0783576736726061,0.0178673592369453,-0.431522414262979,0.858293801213742,-0.0348338061287872,0.749066036885763,-0.143193656643683,-0.291902272966222,-0.322529483482487,-0.308957244008594,-0.415008834658688,0.157529482322947,0.0022771631190084,-0.417833911433872,-0.437534136908599,-0.615505456358538,-0.676178776799756,0.140931998953417,0.131287485156263,1.79999946772531,2.68143493755624,1.50271677571443,1.49578958722013,1.50441183082286,2.05932977534133,1.5605177567989,1.82099473685559,1.49771406789301,1.73021394776589,1.82099473685559,1.49771406789301,3.71646036556459,4.41109666696234,1.51423549146747,1.49787128661531,1.82235360804006,48.4575167917483,2.62066871195012,2.13719431013169,1.92351115943747,1.90885655835877,1.80352958455822,1.73393823614773,1.76396477549744,1.76152880013737,1.79793817953192,2.34582355308804,2.34491500404289,2.34166051372803,2.12005965408529,2.44442300527238,2.43750746341816
1.66666666666667,12.7777777777778,1.31333333333333,0,0.0626808421930373,0.193737752762143,0.33048988951428,0.467242026266416,0.603994163018553,0.780629560141755,0.0626808421930373,0.193737752762143,0.33048988951428,0.467242026266416,0.603994163018553,0.780629560141755,0.0626808421930373,0.193737752762143,0.33048988951428,0.467242026266416,0.603994163018553,0.780629560141755,0.888888888888889,1,150.000015727529,269.92862201854,-43.421581530049,582.698645974378,1298.22154108947,9157.56358712634,4.46507098927195,4.57689855223413,-0.499657931465473,-0.284457837725237,4.57689855223413,-0.499657931465473,12.3917566920113,-0.561391135517134,-97.2916362878864,0.812060512446619,9.79456546193108,1157.04187063848,-1.2001037413811e-17,1.63377419018852,1.25271961254036,1.06394909905219,0.970143224664098,0.820965430684302,0.709876127486719,0.08446574664712,0.0283971350900948,0.0321849713571503,0.037613696489949,0.0394556858660556,0.0478757868971982,4746.12561191543,41.4950338506404,17.3232166618681,8.63365154659678,123.09752036963,117.542603997089,2528.81753212558,179.442781453117,40.7201005589401,0.0981491622002559,0.333531107141092,0.0142637778886736,0.0981491622002559,0.333531107141092,1.41656884325121,0.381846622597673,1.05032712136095,0.531839337804316,0.143485833761842,0.729523817532497,1.33631724599005e-15,0.148242115601306,0.0575726562673913,0.0319059574092148,0.024626134368467,0.0200065507929177,0.0183100083868653,0.055849712628134,0.010376956799542,0.0049440595121941,0.00358977115553653,0.00257386653266564,0.00228430536213947,7.75685524787324,0.0586550775708984,3.94801618153389e-07,0.0688059995115807,-0.000230203925132651,-0.00735116532583843,-0.000293742873885775,0.23907378375815,-0.0298534968522069,0.0100943488433713,-0.00036378738432129,-0.0379394166147171,0.0100943488433713,-0.00036378738432129,-0.168702766590044,0.385388830423285,0.0114282493725594,-0.000566949955016288,-0.649834754683904,-0.0645218435192614,0.00702775768444745,0.905251032661196,0.223255742558941,0.048149123854765,0.126335016904303,0.237317266678233,0.433047186849013,0.12079955147421,0.401139489528274,0.609674788699264,1.0468341086938,1.45428221708809,0.871950075782241,0.108268754295856,0.146423677420437,1.79999946772531,1.6648511284429,1.50265742501345,1.49964376952135,1.50434417422108,1.73381794887663,1.5339752667996,1.52380090275981,1.49894642533685,1.53830087106831,1.52380090275981,1.49894642533685,8.70852453313455,2.29819126424632,1.52544205261287,1.4987224196178,2.96065475729907,1.88039769579154,2.580595315387,2.37540236294253,1.76729054834854,1.61245606024137,1.60036870479122,1.81190706328527,2.27952550297659,1.51864400242785,2.74155918775155,5.76138974663337,7.59486056951037,9.65944547097605,5.45495094265815,2.37500596028447,2.39609380467437
1.66666666666667,12.7777777777778,1.13555555555556,0,0.0626808421930373,0.193737752762143,0.33048988951428,0.467242026266416,0.603994163018553,0.780629560141755,0.0626808421930373,0.193737752762143,0.33048988951428,0.467242026266416,0.603994163018553,0.780629560141755,0.0626808421930373,0.193737752762143,0.33048988951428,0.467242026266416,0.603994163018553,0.780629560141755,0.888888888888889,1,150.000015727529,236.741245703573,-36.6252388982398,571.716883657952,1108.8010249974,7996.61785230705,4.57008140219769,3.97613488178314,-0.432026142776794,-0.214779137589835,3.97613488178314,-0.432026142776794,10.010312050828,-0.480409722289345,-95.4500260389544,0.701466986412874,8.49586418081449,1144.00322883033,-1.42317985324446e-17,1.6368519945839,1.27025132798667,1.07804301635246,0.981705155712949,0.83033100718675,0.717248494948445,0.101396576492032,0.030139813769399,0.0331899666701385,0.0384930215602541,0.040232929903135,0.0487357337777315,4085.56296219144,36.1264899489637,17.3232166618681,8.07526887259661,124.250864733312,116.732873071545,2554.40531930465,165.422811462311,35.5338094183107,0.0968296239579747,0.336947473445651,0.0123602836370977,0.0968296239579747,0.336947473445651,1.22152156845365,0.317123197310314,1.01764991184194,0.537369122058137,0.13803318928031,0.69438971303493,1.41304970603377e-15,0.157608239488343,0.0565346322192277,0.0305014535757561,0.0230176580648608,0.018795656577054,0.0168974226361597,0.0637536178468338,0.0107174947834381,0.00490179757195143,0.00341002801864921,0.00231402850119802,0.00198317946677845,7.19156181862983,0.0562056411018904,3.94801618153389e-07,0.0530295330607975,-0.0138069705137181,0.0295398586750163,0.0135003059153191,0.219545599703721,-0.0551626643842711,0.00403194723908092,-0.0148593299594305,-0.0753568932277705,0.00403194723908092,-0.0148593299594305,0.172768091457087,0.382366339966052,0.0340917689241379,0.0140789931709503,-0.626157419811395,-0.00430545104800869,-0.0257493462314306,0.909530550337005,0.185046422354818,0.0273184992743921,0.106461688669386,0.222222970439364,0.411352999597251,0.0814120962251861,0.384619322920311,0.614107713871041,0.955141289963255,1.37668213290024,0.929532430134451,0.162412341478229,0.179036913424735,1.79999946772531,1.65404991814754,1.48485654099994,1.51499401831564,1.4859249696826,1.73241442735191,1.51322584804801,1.53024174409896,1.48119894590307,1.5537742796708,1.53024174409896,1.48119894590307,7.45681050975489,2.30284023256705,1.52031832820174,1.4808831059483,2.73161826490181,2.07413811860152,2.607946395929,2.45148724704762,1.76710406912249,1.62587149288414,1.61152152450832,1.75428668122561,2.22188633676124,1.52830443495526,2.69642397208426,5.85930689412197,7.63470058546451,9.98384845741704,5.49016997050008,2.51848769702277,2.53013341004768
1.66666666666667,25,1.13555555555556,0,0.0626808421930373,0.193737752762143,0.33048988951428,0.467242026266416,0.603994163018553,0.780629560141755,0.0626808421930373,0.193737752762143,0.33048988951428,0.467242026266416,0.603994163018553,0.780629560141755,0.0626808421930373,0.193737752762143,0.33048988951428,0.467242026266416,0.603994163018553,0.780629560141755,0.888888888888889,1,150.000015727529,145.259158420998,-7.0804196687845,621.038818873034,68.0315829601083,3323.07322153942,-43.5820529111551,0.560553504843245,-0.261584652463285,-0.00570051244662014,0.617956077491928,-0.0278827088157484,-3.13570567847099,-1.30200325174461,-101.039066763879,0.00557093074679721,0.582173275852516,1173.72377877304,22.4328049161547,1.57497469013644,0.94998190813457,0.528712144568274,0.287594708884491,0.0737977450265598,0.00467584706124362,0.0790923814061035,0.0178941697739819,0.012359642953859,0.00685884345380689,0.0111157587751276,0.00714616737839808,4999.94948442871,43.0934621393609,17.3232166618681,39.7871654064893,113.164989557857,116.895529026904,2340.92847889385,697.926301888111,12.4894487978734,0.0947303521980075,0.38068225309335,0.00327133089367505,0.22535831608793,0.321099406729321,2.8343659026385,0.573934735684609,1.26404918310679,0.507725380970598,0.335569461677987,1.45928997097455,0.00738638674605119,0.182644151074827,0.149741885300257,0.0972142342993595,0.0613443231644232,0.0381855020967816,0.0333763403003791,0.0677094244389696,0.0112440710675174,0.00506752902244655,0.00088105822024989,0.000256645446360993,0.00200898667274135,5.77475197833139,0.0180708054366976,3.94801618153389e-07,0.111166866709176,-0.00422401254827279,0.00352363854126654,0.00380095490931984,0.0725699827449066,-0.156259467393113,-0.588412868745997,-0.00582041134630604,-0.536084175218998,-0.0995214371743049,-0.000958139685611601,2.30076132530116,-0.196278537938136,0.199946993833999,-0.00222304339475854,-0.436599661010858,0.149476691252995,-0.30714912702701,0.852035345383537,-0.0350374381342469,0.00992046149580121,0.0597775895260171,0.183440908235716,-1.00510476252947,0.146156229138208,0.960371481596408,0.105432779617047,1.23027154654056,-0.647059105757561,4.68885888305699,0.100356892284097,0.0280505979422562,1.79999946772531,1.45389338006915,1.5054447975213,1.51596168970024,1.51334188254779,1.41341065415033,1.45371760402956,2.05657007577764,1.4598656019633,1.90856765824105,1.48311991111886,1.50707898961154,56.7668448124608,2.34131498541549,1.92889468950519,1.50595820947564,1.87548315905596,1.6911434628716,2.194479576452,2.49233674206693,1.42305036226149,1.4245800331817,1.46027911136354,1.6125824470325,10.2821744578162,1.40910902287394,3.31874492727722,1.86481598069006,5.91782191106214,2.30177522669798,34.4669808393546,1.95961965324844,1.8739071252109
1.66666666666667,25,1.13555555555556,0,0.023505315822389,0.0726516572858036,0.123933708567855,0.175215759849906,0.226497811131957,0.292736085053158,0.023505315822389,0.0726516572858036,0.123933708567855,0.175215759849906,0.226497811131957,0.292736085053158,0.023505315822389,0.0726516572858036,0.123933708567855,0.175215759849906,0.226497811131957,0.292736085053158,0.333333333333333,1,150.000015727529,150.658869909384,-6.80985163212166,620.919664618269,-9.40351454848457,3499.89896885741,-40.0991407145089,0.612518550151026,-0.261156625971253,-0.00621959775023435,0.665828705343194,-0.00741909488000208,-3.01819552754921,-1.24281145297365,-101.044878658473,-0.0293958779387564,0.645115310759296,1173.68930319758,22.4532184147479,1.59543839183418,1.00265719195917,0.525760972815333,0.330327559629205,0.0913486449328195,0.00766031783668369,0.0652105745356421,0.0130515333077388,0.00824323987084678,0.00601516894073534,0.0101769986459744,0.00707881210290595,4999.95927507551,43.0935944172487,17.3232166618681,38.6081508776516,112.629260992093,117.007874471176,2324.2062983186,659.78103391073,13.4309679480657,0.0816007368904497,0.369559085825231,0.0031500970183226,0.206821227162697,0.316947393282836,3.2974163828158,0.545495024621065,1.23837667951996,0.5012814026038,0.300042971138029,1.38045099206716,0.00703377998388631,0.188033287669356,0.159374355824154,0.101892444869636,0.0691908267400459,0.0470326888693192,0.0313165247516375,0.0617023726101624,0.0114830997546298,0.003291794400516,0.000939393671026365,0.000510193157966339,0.00160813202035758,5.47327861594519,0.0170820832696022,3.94801618153389e-07,0.126003175582971,-0.00524462559694282,0.00293700337858026,0.00483868242608644,0.077673433900175,-0.0989204455934131,-0.872239542009358,-0.0262847013671317,-0.57306050028903,-0.0669744499267816,-0.00534504427566323,1.79997801915328,-0.303035682190934,0.248140883802687,0.00269348917547272,-0.489461432342804,0.0420068976471724,-0.288528130244956,0.716560376175875,-0.0271840563648566,0.0225280048355989,0.0577410784325079,0.177843345408342,-1.08737615270962,0.139005087669674,0.971154587967306,0.81529105970278,1.49222748508255,-0.475651328729187,6.26316262823775,0.0298327469202423,0.0999916394086817,1.79999946772531,1.44870438268542,1.50427236431114,1.51603362477409,1.51207568640914,1.43914793894108,1.42440288259912,2.91590171566949,1.47364032190331,1.99908901620353,1.5562453994301,1.50926390721119,216.120704239434,3.26223482686366,1.95946886750559,1.50896366671346,2.272828962386,1.77258894464109,2.39793330285216,2.33013459183845,1.4213715667851,1.4172057927564,1.44269967913755,1.5671198823991,15.7729997293586,1.36866284386317,3.30658836738326,3.17414436182436,6.19562786196184,1.92718363674167,77.3942537978065,1.95438681597579,1.98365080134702
-15,25,1.13555555555556,0,0.023505315822389,0.0726516572858036,0.123933708567855,0.175215759849906,0.226497811131957,0.292736085053158,0.023505315822389,0.0726516572858036,0.123933708567855,0.175215759849906,0.226497811131957,0.292736085053158,0.023505315822389,0.0726516572858036,0.123933708567855,0.175215759849906,0.226497811131957,0.292736085053158,0.333333333333333,1,150.000015727529,149.78923133007,-6.74533011873764,620.296510780127,14.9224007811686,3605.9092802833,-40.0019302199771,0.72667448182481,-0.307692818794917,-0.0104132242578898,0.788820258306427,-0.0222253286047287,-2.54868869119884,-1.14052435731695,-101.068769919799,-0.00355199268097073,0.941353767940839,1173.69024059994,21.3351859181335,1.47190957191959,1.01932019581294,0.57272558066868,0.376077325278616,0.15704673133007,0.0293570933672117,0.174726565151547,0.0239128537730445,0.00763575764159983,0.00742031038433497,0.00821842787209667,0.0097913805853557,4999.96385793147,43.0933663160095,17.3232166618681,38.8459473298149,111.117031530152,117.216677768989,2263.2849276244,1031.12110507524,29.5145857365386,0.436922625426026,0.330057197347844,0.00824230184375915,0.46117118806471,0.295229115215947,3.23726619925423,0.556695404800625,1.07392737052455,0.466962312149952,0.969690646353499,1.08381922809526,0.00499680247895806,0.446956878870688,0.408946937650793,0.28912753112406,0.204470889557483,0.128163915070909,0.0809893168974274,0.210148625924997,0.040130141075406,0.0107691605237383,0.00442318036453333,0.00190910953469099,0.00188088052466295,4.46213769190066,0.0139977701594655,3.94801618153389e-07,0.127321498433204,0.0283377432374866,0.00671807015427973,-0.0234015910270909,-0.00799531013094807,0.040511073239944,-0.0616134910026016,-0.0369754833060828,-0.232283944982298,-0.032655656332838,0.0121899413842365,0.84526948476787,0.0335719607453827,0.35009073268287,-0.0151779943804251,-0.0181073061157602,-0.0184415297811039,-0.0744187176615618,0.625454751770572,0.266053850291407,0.19434747913258,0.142111066304996,0.290085783210257,0.0160447666543591,1.00303830839596,1.0138564946602,0.810119423321497,2.28267672349691,1.35496309341406,1.87851264349323,-0.141333581923631,-0.0465800759855639,1.79999946772531,1.59912499386099,1.50659939948038,1.505740030867,1.50059646510532,1.47567505189865,1.49536782344534,1.43899737156491,1.59778623377381,1.44358072037211,1.39137070137102,1.48579351210904,150.83800786816,2.51060161819163,2.05248702850479,1.48540598358977,1.40827523287367,1.82908063205018,1.00553814553974,2.09461546100319,1.85581173881548,1.62380462785155,1.57627342944668,1.6279724490627,2.70311188233934,3.06117881420966,4.11219824744599,3.82487818368038,9.65286699723895,13.4610314256432,65.8447637978787,2.49842764352187,1.501048011263
8.33333333333333,17.6666666666667,1.42,0.222222222222222,0.0626808421930373,0.193737752762143,0.33048988951428,0.467242026266416,0.603994163018553,0.780629560141755,0.0626808421930373,0.193737752762143,0.33048988951428,0.467242026266416,0.603994163018553,0.780629560141755,0.0626808421930373,0.193737752762143,0.33048988951428,0.467242026266416,0.603994163018553,0.780629560141755,0.888888888888889,1,150.000015727529,174.004543276742,-12.5536977782522,619.093052807,226.806839495886,4879.1302989272,-45.3856025414019,1.63731555046349,-0.514651355975419,-0.0436305802520571,1.71168605353609,-0.125764649650037,1.12818766394855,-0.505921955806687,-101.09079158421,0.176079485564004,3.12507116966983,1173.69409436517,13.2469065722323,1.46284448494949,0.871908874075615,0.576085959795855,0.428585470263514,0.26405576294136,0.180245317154463,0.0647278377450265,0.0179893896420165,0.0131102541401937,0.0108266292052911,0.0102575960837413,0.00881130923862098,4999.99750026039,43.0931246745129,17.3232166618681,46.875729322351,122.351465394541,118.736150089978,2547.74987920002,1422.09154351068,21.0146701986059,0.625051409201369,0.477461682371527,0.0293155335803684,0.698039903206842,0.362500447905335,1.8602284584252,0.419570453477907,1.54212217765947,0.576611379823915,1.42845330020649,0.621033677168666,0.00463372145360502,0.326744828878757,0.23087215545169,0.178258670268149,0.137730288782968,0.105311378166446,0.0849972006495282,0.0769710374061544,0.0158396834483876,0.00797721710790524,0.00536608136197452,0.00373046325647048,0.00272446534324608,2.16087221988039,0.00728625821758479,3.94801618153389e-07,-0.168500073361605,0.0144611859525147,-0.0186056867443478,-0.0204473589351166,-0.264572584084296,0.394491616968549,-0.304647010145641,0.0494463139992078,-0.0960340929165015,-0.279164603186852,0.0168768215824391,-0.545448703244261,-0.616257874297765,0.179692912553056,-0.0183924226434486,-0.307863297056633,0.319984105185204,-0.809245455521805,0.308673747190631,-0.0390310614899004,-0.0348721987768505,-0.0389730959311312,-0.0889038878274095,-0.213567783534769,0.289946373462144,0.133376263261137,0.683303359883995,0.609274647882759,0.64551021014078,-0.348251915216731,-0.0869090113612483,-0.200486493134881,1.79999946772531,1.56641463461554,1.50197230866328,1.5035827383135,1.50725924385185,1.67698952780832,1.58938768314868,1.71826454029155,1.50819930940234,1.51715691817048,1.69240612429412,1.50293488331885,2.79003896354858,2.7817071273447,1.50718392344801,1.50380927727073,1.72347197962914,2.33798115373503,1.69986109299339,1.9994794414872,1.65736917571547,1.62899370012303,1.585340627409,1.57263974098985,1.60002477770556,1.82169103899189,1.46275667546686,1.99617904287701,2.13665105837888,2.74121066800028,1.59034257534785,1.65885161919021,2.41705824433081
-8.33333333333333,17.6666666666667,1.42,0.222222222222222,0.0626808421930373,0.193737752762143,0.33048988951428,0.467242026266416,0.603994163018553,0.780629560141755,0.0626808421930373,0.193737752762143,0.33048988951428,0.467242026266416,0.603994163018553,0.780629560141755,0.0626808421930373,0.193737752762143,0.33048988951428,0.467242026266416,0.603994163018553,0.780629560141755,0.888888888888889,1,150.000015727529,176.172825747318,-12.278553948547,619.166826372253,213.647780710343,4951.06853452765,-44.1190542651807,1.66866199354234,-0.520643531295698,-0.0421411433184044,1.74348329340694,-0.125550506226435,1.23793353439225,-0.494458836652432,-101.093215290074,0.175707644664097,3.19148619935424,1173.67680449953,13.2100354129777,1.49617206540985,0.864053577752317,0.568520747838767,0.4226482345589,0.260896312884074,0.178835107801271,0.038862072963233,0.0175613385064056,0.0158273968336632,0.00844773159045932,0.00757673002812208,0.00951994906780544,5000.00031246745,43.0936402458078,17.3232166618681,34.4725436341456,120.049552994167,118.365054907917,2485.04957398312,999.130532164106,19.2584266118451,0.458171238869523,0.429735942107554,0.0226502974522383,0.522999321940313,0.347949031265098,1.6501977785455,0.369414875873477,1.38667130072326,0.554502503805911,1.08090868121559,0.688153050597341,0.0066987868894582,0.223583513421146,0.0952738497916687,0.0515669107073422,0.0484388083399386,0.0503009696823738,0.0537577654387731,0.0488393757654251,0.0083997738916112,0.00308601185371292,0.00369845986725821,0.00153128367317509,0.00147723886637982,2.73089955918449,0.00976853691396902,3.94801618153389e-07,-0.086464627677266,0.00464719131341486,-0.0161581052326135,-0.0019374024980728,-0.307957101042476,-0.0923963334772727,-0.41515314672925,-0.0111285841478119,0.0385894302366088,-0.341781333900096,-0.0143989648487905,-0.552208351206723,-0.34192593137245,0.237315765274294,0.0147295091549183,-0.40270910071342,0.513059149203624,-0.00407778391401429,0.772149104118567,0.385859325811669,-0.0036428830577353,-0.503092243737336,-0.52593924074516,-0.576626262819361,0.958956058608218,1.24299906353032,0.753134085521893,0.828953225253326,0.414709609453442,0.220009104893017,-0.0662176261291883,0.111269678826894,1.79999946772531,1.49596925624062,1.50001203019542,1.50458970751749,1.50401332207346,1.72668238885353,1.65385671255987,1.84411995054192,1.48926062423697,1.56557952924476,1.76870079582945,1.49889178335784,3.50968154531676,2.98312483785602,1.53349896960339,1.49904173719843,1.84134941318201,2.19172570389666,2.22868749804554,2.60455136165039,1.60503241240449,2.03577720007912,2.34954421351953,1.90675597869926,1.84983600024253,3.0479375933227,4.28855993007433,3.83338431074734,2.23988508891691,1.84591522886598,1.51806627137588,1.42296761140319,1.99837046107481
-8.33333333333333,5.44444444444444,1.42,0.222222222222222,0.0626808421930373,0.193737752762143,0.33048988951428,0.467242026266416,0.603994163018553,0.780629560141755,0.0626808421930373,0.193737752762143,0.33048988951428,0.467242026266416,0.603994163018553,0.780629560141755,0.0626808421930373,0.193737752762143,0.33048988951428,0.467242026266416,0.603994163018553,0.780629560141755,0.888888888888889,1,150.000015727529,86.3052400791585,-10.3230658598063,245.515977502343,276.24547734611,2986.71784189147,-16.137787211228,1.60287563795438,-0.148319844563066,-0.0370035600458285,1.60287563795438,-0.148319844563066,0.722896913540256,-0.0677898504457869,-39.4153931882096,0.247337077450266,3.53663014269347,733.051963337141,2.13085903989168e-17,0.83883933965212,0.624530975940006,0.592035912925737,0.602199083428809,0.551547776273304,0.526449359441725,0.0124781526924279,0.0163469520883241,0.0158092987188835,0.0171448588688678,0.0180186970107281,0.0223595625455681,441.082814290179,6.08674565149458,17.3232166618681,2.62129927373052,122.771546343399,119.830073405206,2543.01030868041,172.501390282346,13.4058666736655,0.168737945097728,0.3399550263844,0.00815397519438137,0.168737945097728,0.3399550263844,0.323983910613311,0.0641761937073957,0.421742928797976,0.543237886710491,0.346320727378765,0.11934957892274,1.10761189329747e-15,0.0499783847355257,0.022080504381117,0.0268118306777826,0.0343665780166789,0.036528601543607,0.0360637870922258,0.00697951238092122,0.00225074571285924,0.00166212217440017,0.00154789791039894,0.00114280005175538,0.00102036328103296,0.49428234570851,0.00621757322157245,3.94801618153389e-07,-0.0103050322830488,0.0424613725824531,-0.0650845221777951,-0.0396449292661804,-0.396753831329053,-0.110568195148106,-0.111003186454244,0.0284171628796185,-0.0106003342765412,-0.111003186454244,0.0284171628796185,-0.650609118162946,-0.0656453138794488,-0.0789539357684176,-0.0274441421591716,-0.201119055301638,-0.0146682017527395,-0.00174455959066159,0.573784173817215,-1.09348536394314,-1.01424640263863,-0.597471877058655,-0.507872886403369,-0.516709344149952,0.944489994129202,-0.129183280154546,-1.17786760512284,-1.44531453625714,-0.770096328203555,-1.04343312672504,0.0800075580192999,0.0780564132449653,1.79999946772531,1.98089587176925,1.49704825478908,1.50520661560602,1.49673771090405,1.97839251876796,1.53705580803393,1.58584399569216,1.49336105453311,1.62836284876989,1.58584399569216,1.49336105453311,4.94944940428129,2.3731578309121,1.4902537116595,1.49306950609812,1.66605632070715,1.4777975242355,2.84660086403968,1.88978491426478,4.21390998668487,3.14136329397919,2.04917768481075,1.84074227603269,1.87572689389301,3.15644612616396,4.88828597222098,4.93283100808696,4.74468262469852,3.06805716332742,2.78197954395984,1.64130602240707,1.63806502738691
-8.33333333333333,5.44444444444444,1.42,0.5,0.0626808421930373,0.193737752762143,0.33048988951428,0.467242026266416,0.603994163018553,0.780629560141755,0.0626808421930373,0.193737752762143,0.33048988951428,0.467242026266416,0.603994163018553,0.780629560141755,0.0626808421930373,0.193737752762143,0.33048988951428,0.467242026266416,0.603994163018553,0.780629560141755,0.888888888888889,1,150.000015727529,85.7901406103531,-9.07767850609311,247.04126445162,251.041740433288,2962.89501093636,-16.6597410670243,1.58525872304968,-0.143804024103739,-0.0372884449536507,1.58525872304968,-0.143804024103739,0.706435186214978,-0.0691497008762629,-39.5519810436413,0.239837335965003,3.49517456514947,734.358139777111,7.42194371003021e-18,0.828873263201749,0.614979043849598,0.582020851994584,0.590102676804499,0.537608394958858,0.511427143005938,0.0122568313238204,0.0161993093427768,0.0149230710342673,0.015018878137694,0.0171780397875221,0.0235372190396834,451.005082803874,6.21260014581818,17.3232166618681,8.23973711219863,123.482255653748,120.019602673484,2564.43400711035,441.538561709109,12.8523569423444,0.320658887314455,0.347001877931509,0.014504217244058,0.320658887314455,0.347001877931509,0.3670261820267,0.0632601304571791,0.427415137842924,0.555032279954949,0.703547043368222,0.096050321240096,1.13369512761494e-15,0.0518799366995003,0.0727917496495586,0.0920719118890177,0.105660042787197,0.10459559954463,0.0941520290134373,0.00654044653491961,0.00424244902222432,0.00432644761346268,0.00547222196771093,0.00324927772276652,0.00436581722910547,0.37627726357077,0.00471201876185439,3.94801618153389e-07,-0.223196241402283,0.0283445858671,-0.0790732151340988,-0.0265655318916602,-0.139430227595298,-0.0664583652303747,-0.0982629961054235,0.012637789004877,-0.0167561601650088,-0.0982629961054235,0.012637789004877,-0.672960523799806,-0.102412088332325,-0.0804963351157063,-0.011256023991545,-0.114701180729321,0.163814036350874,-0.0222101456189551,-0.464696806967532,-0.342071867726473,-0.218297685285857,-0.208733353884585,-0.24636241841195,-0.31156864255244,0.638183814027785,-0.077968505770222,0.228404476207691,-0.316573932903296,-0.226337869125155,0.526938614985413,-0.0118633535897974,-0.00649448026317752,1.79999946772531,1.66428528359035,1.49382729054597,1.51212149665686,1.49476537223494,1.59485428738781,1.60476756055826,1.54351863530918,1.49282439220237,1.52502988115952,1.54351863530918,1.49282439220237,2.70221853123314,1.93457828553467,1.5727428637175,1.49260427441299,1.55456005367125,1.96987597285155,2.78557201664131,2.33486008749951,1.8512080662713,1.63499669452507,1.57324995288602,1.58043739026801,1.58884419053546,2.69674363884474,1.57030666189259,1.58942017068379,1.84197298367525,1.58136303940181,2.16473393312382,1.66144886338377,1.66099834843286
-8.33333333333333,5.44444444444444,1.42,0.5,0.023505315822389,0.0726516572858036,0.123933708567855,0.175215759849906,0.226497811131957,0.292736085053158,0.023505315822389,0.0726516572858036,0.123933708567855,0.175215759849906,0.226497811131957,0.292736085053158,0.023505315822389,0.0726516572858036,0.123933708567855,0.175215759849906,0.226497811131957,0.292736085053158,0.333333333333333,1,150.000015727529,94.1569721903967,-0.923936441204042,248.725032809082,102.956592542443,3378.05832725758,-13.4041640272888,1.91375179668784,-0.149393456188939,-0.0549073554838037,1.91375179668784,-0.149393456188939,1.31287199250078,-0.0924718473065306,-40.789044891157,0.255868643266326,4.31564337048224,745.700541610223,1.63162165222373e-17,0.794831173836059,0.618587355483805,0.541164462035204,0.613815946255599,0.614094990105198,0.645392886157692,0.0123077700885324,0.0119495802520571,0.00822715352567441,0.00881106176439954,0.0100303637121133,0.0115799821893553,538.762108113742,7.30846307676291,17.3232166618681,10.8861386255717,122.357012027733,121.877308766514,2550.55551092954,568.157893193059,14.8658299195363,0.418568011639525,0.351452469919091,0.0231013380978691,0.418568011639525,0.351452469919091,0.473555882421206,0.0587935190300282,0.448996211664129,0.563543977537661,0.935433011525752,0.0313534680875096,1.19173737324962e-15,0.050165053095248,0.0734572326148548,0.0901951309051926,0.116718808872644,0.128171884742482,0.12285743616592,0.00595000417780009,0.0036467327090838,0.00308817191905434,0.00326666182852066,0.00253088814812601,0.00168651132945208,0.115169680877957,0.00140761177444068,3.94801618153389e-07,-0.109070266160955,-0.0698987275060234,-0.0188406224984401,0.0706606778912729,-0.073724964883522,-0.16823870786608,-0.0247698149319508,-0.080872685941009,-0.129804649797925,-0.0247698149319508,-0.080872685941009,-0.647899602629144,-0.215199698773037,-0.0175545622543118,0.0818140889119541,-0.0413000074038127,0.123920215776625,0.00318912710249914,-0.581471814593981,-0.37875662705474,-0.221751717864846,-0.181997999772024,-0.197118048841321,-0.195698870868442,0.566843906028519,-0.223842844207163,0.183594578162293,0.231290760311836,-0.0954827726886591,-0.457186369197627,-0.414799938686313,-0.403397714575273,1.79999946772531,1.57911960628553,1.5261498564289,1.48561521800026,1.52728310822966,1.54517676948307,1.65787447341146,1.52255769334432,1.52944245815003,1.53459066276312,1.52255769334432,1.52944245815003,2.7594794838837,1.93028628269033,1.49594744832321,1.52962794067501,1.52326772760771,10.1662685300661,2.85318664218376,2.38702287336597,1.85311607167987,1.61339142433634,1.54324050644625,1.52702790053097,1.56165350702674,2.6968497769002,1.61571362976514,1.49189411473324,1.69971334546015,1.5262017531565,1.60770236233518,2.50834363998249,2.56135806768809
-8.33333333333333,5.44444444444444,1.24222222222222,0.5,0.023505315822389,0.0726516572858036,0.123933708567855,0.175215759849906,0.226497811131957,0.292736085053158,0.023505315822389,0.0726516572858036,0.123933708567855,0.175215759849906,0.226497811131957,0.292736085053158,0.023505315822389,0.0726516572858036,0.123933708567855,0.175215759849906,0.226497811131957,0.292736085053158,0.333333333333333,1,150.000015727529,85.0560618685553,-5.53124958754296,249.390026038954,188.262883314238,3008.04718258515,-12.2442785033851,1.68678627226331,-0.144435744374544,-0.0428513071555046,1.68678627226331,-0.144435744374544,0.917783898927195,-0.0785436771548798,-39.8976200395792,0.245200860556192,3.78846984689095,737.604822414356,2.70854296427455e-18,0.811104176648265,0.630430132277888,0.550119081345693,0.62206515987918,0.621037537756484,0.651455515050515,0.0123245935873346,0.0118262655973336,0.00809379700031246,0.00871895437975209,0.00997495927507551,0.0115245258827205,475.926455577551,6.52693396521199,17.3232166618681,8.95211881576583,124.146203909964,119.668235731165,2583.64391689746,483.741611428807,13.355288831276,0.365428010670177,0.353201212034469,0.0179017618956417,0.365428010670177,0.353201212034469,0.408490790352663,0.0592119976616146,0.433203055485191,0.565849120991327,0.812115058268677,0.0302192030152862,1.17300319173819e-15,0.0506086442740973,0.0738727458995733,0.0914736979639375,0.118671170588091,0.130421930675737,0.125524913218817,0.00623980167171717,0.00381439540426471,0.00326067095171367,0.00335520179351559,0.00263579868440203,0.00175577454251613,0.113321207977513,0.00140208676117873,3.94801618153389e-07,-0.10371623774667,-0.00594712157009817,-0.0885040459438919,0.00747093977643772,-0.0515254565777935,-0.104752054852857,-0.00641074608453471,-0.0204884337062336,-0.136544690453553,-0.00641074608453471,-0.0204884337062336,-0.67196085957166,-0.133171949259904,-0.0969720536101064,0.0218109504760689,-0.0173582511228751,1.26493343241509,-0.0232887723973028,-0.502125184729048,-0.345890888413701,-0.187607168226869,-0.153726804415852,-0.172730474599134,-0.180526866414306,0.590383836917534,-0.124690984220434,0.184567613968041,0.322985390027176,-0.0578588823451635,-0.350252858113237,-0.215191524805047,-0.241074319928927,1.79999946772531,1.58742517237097,1.49191260934515,1.52844054366436,1.49240793897931,1.56131289394141,1.61390741321144,1.52837735061331,1.49157268679995,1.54251560932199,1.52837735061331,1.49157268679995,2.81185733281016,1.85427969238882,1.53790204919664,1.49151838032432,1.53645954102839,10.2696252347281,2.71082626829245,2.35285760871395,1.87059542499449,1.62890002898496,1.55661731951318,1.53734393245067,1.56139560179391,2.68377625767231,1.54573150578332,1.41780732261546,1.69784373193976,1.51675623123492,1.5244167257695,2.40998094228659,2.31150323871968
15,25,1.31333333333333,0.277777777777778,0.0156702105482593,0.0484344381905357,0.0826224723785699,0.116810506566604,0.150998540754638,0.195157390035439,0.0156702105482593,0.0484344381905357,0.0826224723785699,0.116810506566604,0.150998540754638,0.195157390035439,0.0156702105482593,0.0484344381905357,0.0826224723785699,0.116810506566604,0.150998540754638,0.195157390035439,0.222222222222222,1,150.000015727529,144.55899355588,-10.4470513311114,618.266743047599,159.869680210395,3174.97056400375,-57.3781661719613,0.346615920477034,-0.162681878682429,-0.0467001490469742,0.38230395711905,-0.0212920160295802,-4.21403916821165,-1.36773108354338,-100.920732215394,-0.0151696159056348,-0.0995825563066347,1173.69753150713,21.9549421935208,1.41969793771482,0.951016717008645,0.516518272367461,0.304136734631809,0.0904433068210604,-0.0657074684462036,0.181150605478596,0.0305749958696074,0.00776321728984481,0.00736201827210708,0.00751075887928341,0.00899663410061453,5000.00447870014,43.093523591292,17.3232166618681,110.885835454961,118.428566107647,115.905724859984,2474.31298969727,3637.38477093704,39.7326404057707,1.5581889332337,0.993880565847042,0.0329642496451012,1.80345644166775,0.404074800039798,4.11974957656003,1.25186714249573,3.3714855490651,0.646995684378366,3.80222359631746,0.703831145167808,0.00499992622241926,0.540575753888,0.51302222780253,0.424370536690068,0.344633113365184,0.267922118745646,0.239317968318177,0.21247388415702,0.0501576994612827,0.0136592330702014,0.0055788306159192,0.00220372787422258,0.0018988510391044,2.70733585636426,0.00702597047398244,3.94801618153389e-07,-0.218662137363091,0.0540947670370347,-0.0267957666906272,-0.0968479952393627,-0.194685365177977,0.0692197498919791,-0.189717903704498,0.146721428262064,-0.137316920338359,-0.185178145267174,0.0977282850485824,0.420430014080068,-0.495004366472613,-0.138685588175082,-0.104180791798689,-0.1978854056053,0.307430174204521,0.0231241373025487,0.527608455190274,0.114297227098615,0.14288548591416,0.1022423843832,0.0644620927223832,-0.168482002416008,0.706981631475056,0.466703877427817,0.271775885453208,0.517122958585828,0.413646397004851,1.67092844142079,0.150923316830858,-0.0271759742037149,1.79999946772531,1.55537162694578,1.51754858132339,1.50438232090046,1.52693511907467,1.57382326655643,1.5290681121778,1.59822768584135,1.56591989731323,1.56903864073479,1.59621534376432,1.51392269307356,43.0026260241474,2.10677069504199,1.57823210397778,1.51694693760469,1.61150073388972,2.32811289298226,1.00053472571947,2.24923506282031,1.78354428170477,1.56721583002511,1.54367305325661,1.58808934529169,1.56861785499898,2.27275010545946,1.97427521885905,2.39558260805901,2.7612892947872,4.98691319490852,36.2082962452899,1.99252206099651,2.69002394641243
15,25,1.31333333333333,0,0.0156702105482593,0.0484344381905357,0.0826224723785699,0.116810506566604,0.150998540754638,0.195157390035439,0.0156702105482593,0.0484344381905357,0.0826224723785699,0.116810506566604,0.150998540754638,0.195157390035439,0.0156702105482593,0.0484344381905357,0.0826224723785699,0.116810506566604,0.150998540754638,0.195157390035439,0.222222222222222,1,150.000015727529,152.164538068951,-7.71823212686178,620.501385272368,31.5112908030413,3478.9953858973,-55.029610457244,0.545346730548901,-0.230559257999584,-0.0102524458389751,0.592001680189564,-0.0098790117654411,-3.38131562016457,-1.24990601978961,-101.023578793876,-0.0291234115123425,0.422300302786168,1173.72450786376,21.9615883762105,1.44450106238933,0.976225747317988,0.506076773252787,0.309013902093532,0.102655117197167,-0.016982310518071,0.158244945317155,0.0176663102010207,0.00653041953077804,0.00657868440787418,0.00841553567336736,0.00837298041870637,4999.97573169462,43.0934746380589,17.3232166618681,62.8222749446938,116.390287445946,116.893413002141,2422.39669435072,1639.97815148574,28.0070424237799,0.514438139509208,0.531985271133025,0.0081431831079272,0.653943334560741,0.346431329863852,3.03108757405905,0.703860842883084,1.78029650013706,0.547407423061524,1.22054895018196,1.05939857641692,0.00627393137302647,0.488609363317761,0.414615313661258,0.268952943601826,0.177372902050048,0.0955014035400742,0.0542921003921621,0.183387012954245,0.0307468270461598,0.00766804241729596,0.00227429970622268,0.00169330640839503,0.00190042834059628,3.98668807675466,0.0135718998699488,3.94801618153389e-07,-0.116688326087897,0.0122450448314788,0.00229646047027205,-0.026215182141806,-0.187873163651889,-0.012198342036667,-0.229492588839389,0.0884225077418554,-0.634633810161935,-0.203665365349948,0.0380399747891041,0.930539115373001,-0.662450198534707,0.124484537288567,-0.0430687512768303,-0.254296144309056,-0.15521084147619,-0.132498785715206,0.494812854919818,0.0440433383601414,0.0763237362847555,0.0682655701994083,0.31051554135361,-0.642826426846832,0.669657739590623,0.137389596299107,0.182464113470452,0.50526039186996,1.90883128249759,3.03652519567697,-0.0219321593218675,0.0917077071016989,1.79999946772531,1.49356495255799,1.51130519987725,1.51062222266367,1.51906454572621,1.59411527129282,1.54022959807466,1.72522051262476,1.50816257812775,1.92333156200649,1.65508279187482,1.51071172941611,115.638868578249,2.79674765086008,1.6285034036057,1.51134920885322,1.74990181210854,1.74122057946266,2.44910540559457,2.22963000789964,1.68209180247416,1.62303292442448,1.62115383612742,1.90030697363989,3.17113583366128,2.24160407955472,1.76332688943885,2.02273719414941,2.7227562696677,25.9475797366328,35.5245597551601,1.64046480573498,2.08629504296296
15,25,1.31333333333333,0,0.0548457369189076,0.169520533666875,0.289178653324995,0.408836772983114,0.528494892641234,0.683050865124036,0.0548457369189076,0.169520533666875,0.289178653324995,0.408836772983114,0.528494892641234,0.683050865124036,0.0548457369189076,0.169520533666875,0.289178653324995,0.408836772983114,0.528494892641234,0.683050865124036,0.777777777777778,1,150.000015727529,149.288601187376,-7.44788258420997,620.606905530674,79.0064631913343,3379.68206436829,-56.997594000625,0.519062726635767,-0.234938996698261,-0.00899600076033746,0.569224478387668,-0.0247019779825018,-3.42690838756379,-1.28178030101031,-101.02325174461,-0.00374448185605665,0.40266822091553,1173.72981981044,21.86725549422,1.43554829705239,0.931938579314654,0.518645483803771,0.287128608478284,0.0896622464497866,-0.0152993698894907,0.181707696742319,0.0244892425955005,0.0114391540360379,0.0082250487449224,0.00911962972607023,0.00846619445891054,4999.98666805541,43.093537131549,17.3232166618681,59.663085749197,115.738426596262,116.845280968469,2411.35065050759,1511.49204851846,26.1044714189874,0.460042975772825,0.507546562125615,0.00679904743169053,0.592892607915685,0.343108043851863,3.32986533471041,0.656000348615271,1.70186387652545,0.542134204791919,1.09661074766072,0.900645173164785,0.00516783191846421,0.475059675483277,0.391669147044924,0.266502908302685,0.163708455593132,0.0819998149188737,0.0529618317217166,0.202253034267215,0.0314786917293291,0.0100224664328049,0.00331199644017125,0.00232393837789153,0.00247002825481362,3.41107713790509,0.0118492220762716,3.94801618153389e-07,-0.10968516358467,0.00528521257446356,0.00243805371017516,-0.018818238593999,-0.227845129611105,-0.0371144414134032,-0.35071622746501,0.0875500149768245,-0.52298569529366,-0.288219397102251,0.0282864957494129,2.44429379937127,-0.755226769424427,0.248387640333693,-0.0321910356377658,-0.377636908848143,-0.00753473573465153,-0.245756432947307,0.503925612944655,0.0545655224701146,0.0437436630521266,0.0883594323555297,-0.450672315171228,-0.743405796304731,0.644694199363491,0.234068979932039,0.984307012151272,0.986092152120611,8.5290395499042,1.74630829682248,0.0295947881196343,0.12562173307336,1.79999946772531,1.49872246854067,1.510283046996,1.50890427336466,1.51477785840243,1.60708675533417,1.53601970641204,1.76860556329678,1.5147614249565,1.7452657347748,1.68178616202428,1.50682601396472,147.694545032074,3.47413582164342,1.6818338761025,1.50790317961413,1.80294454098804,2.0407094194939,2.50702332696046,2.24634983867282,1.70004872314994,1.60971679605535,1.61278346782848,10.9749199187841,4.30756684764001,2.12102735689514,1.72034078754057,2.50103984343299,3.61091229315874,248.476196944197,18.0017744606928,1.9173875321989,2.08515400954826
15,25,1.13555555555556,0,0.0548457369189076,0.169520533666875,0.289178653324995,0.408836772983114,0.528494892641234,0.683050865124036,0.0548457369189076,0.169520533666875,0.289178653324995,0.408836772983114,0.528494892641234,0.683050865124036,0.0548457369189076,0.169520533666875,0.289178653324995,0.408836772983114,0.528494892641234,0.683050865124036,0.777777777777778,1,150.000015727529,147.597498177273,-6.60985130298926,620.402291427976,62.9369368815748,3536.84324549526,-45.0352942401833,0.717673742318508,-0.318370868301219,-0.0106197104468284,0.784219453060098,-0.0376184170315592,-2.5071555220175,-1.15246597781481,-101.065840016665,0.023029296167066,0.965220609801062,1173.74304759921,21.1763732944482,1.46139968753255,0.987781460264557,0.581457421101968,0.347662610144776,0.128902431710238,0.0269596648351526,0.199350211665764,0.0290043950513489,0.0123967067597125,0.00912751963337153,0.00976993375690033,0.00932803385064055,5000.00416623268,43.0930215602544,17.3232166618681,53.0568851364841,115.949412714053,117.086916624996,2414.23581622988,1277.02400627904,22.0004784924143,0.3562639932384,0.464887450183865,0.00861146018710062,0.47741798682462,0.339284550781923,2.88499833606868,0.60369079501194,1.55120300258735,0.535310159029626,0.838234341774603,0.903644151664954,0.00552002144372834,0.456807190396363,0.383856334787173,0.263509945897396,0.164503545077615,0.0942875773476848,0.0418209289072343,0.214211369017623,0.0351677795486255,0.0108173559054422,0.0042652837755651,0.00148246153118546,0.00270409339158552,3.41424456857309,0.012350120347876,3.94801618153389e-07,-0.0297857507778465,0.00189359260631707,0.0109346842928699,-0.0138628551632802,-0.132348630806958,-0.0364390550152398,-0.166557389519114,0.0238532631199551,-0.463872422653727,-0.111404640542013,0.0220398924656991,0.567971727577181,-0.593154327188049,0.169420423464538,-0.0270734169572073,-0.142662551759845,-0.0490290886587204,0.0982387182939599,0.548975610869557,0.0450747886715747,0.0082164014225995,0.0498442675580633,0.107245223301389,-1.73680008696169,0.591367798255782,0.269162352198394,0.78515495766466,0.989308448253619,0.0350239457594949,1.45457330432921,-0.150140241693676,0.0100225577965998,1.79999946772531,1.47740330861969,1.50916444391328,1.50752796694311,1.51461538719842,1.58370328882525,1.52125234029587,1.82074368661472,1.47660088254296,1.61173778685137,1.66635721860714,1.50260079170498,81.5997082880761,2.82814868171469,1.72961053729483,1.50115968496231,1.84087633436882,2.05307452449919,2.18071261710433,2.30415773504903,1.72289235583424,1.60555876662928,1.60189858643516,1.58089827070357,19.3005244554464,2.018228103814,1.77536695161971,2.1005546721377,3.17924533355404,6.06754023562356,20.1984817810716,1.63844466358692,2.18112305681787
15,12.7777777777778,1.13555555555556,0,0.0548457369189076,0.169520533666875,0.289178653324995,0.408836772983114,0.528494892641234,0.683050865124036,0.0548457369189076,0.169520533666875,0.289178653324995,0.408836772983114,0.528494892641234,0.683050865124036,0.0548457369189076,0.169520533666875,0.289178653324995,0.408836772983114,0.528494892641234,0.683050865124036,0.777777777777778,1,150.000015727529,236.494354754713,-35.6042796342048,570.488855327571,1102.74616494115,8072.8294969274,2.98799586126445,4.0916327465889,-0.442800171023852,-0.228629132382044,4.0916327465889,-0.442800171023852,10.5114929694823,-0.499131679527132,-95.3229319862513,0.722548363712112,8.80787636704509,1143.64462035205,-1.41656363920427e-18,1.58891355067181,1.23520625976461,1.0599764816165,0.982457660660347,0.850671648786584,0.756345130715551,0.131679146742006,0.0272303240904906,0.0265752187272159,0.0321743672534111,0.0334442516404541,0.0405776023330903,4068.15394229768,35.9835329653162,17.3232166618681,14.0148799422098,122.726849915804,115.762569848232,2496.61241161666,398.909431539926,36.5202363063914,0.164737142601628,0.317351548754259,0.0176471258922686,0.164737142601628,0.317351548754259,1.32349959646825,0.314573480054354,1.0160956814253,0.50456369823236,0.381787227808195,0.601512385677338,1.46547554287104e-15,0.32290387505531,0.141742765289284,0.0804313748441988,0.0588965529543276,0.0438118454097554,0.0400264576234439,0.126808408033293,0.0201817277058195,0.00832571168611299,0.00535078803562561,0.00445120986418343,0.00490976864702006,6.7690354532301,0.0523376077903488,3.94801618153389e-07,-0.0352678943421612,-0.0155668880788329,0.0302348328963251,0.0181684309625786,-0.00687633167158612,0.0155436831663302,0.0635365629260859,-0.0245484965670938,-0.0245862361849333,0.0635365629260859,-0.0245484965670938,0.754384538653759,0.491495462331789,0.0382850164381748,0.0238498085341532,0.152980655906888,0.225009374979219,-0.00156203560595958,0.619203701922379,0.0178286654289521,-0.134286194072326,-0.0932511385391889,-0.00931889378376858,0.0364181640215815,0.428769877686695,0.153732159689897,-0.152432605391926,-0.0544690335489488,-0.0931062111889968,-0.104138321282966,0.152266246748207,0.157780671699011,1.79999946772531,1.51142966170943,1.48642043846175,1.51495020576273,1.48658757881342,1.47491349119127,1.53507680927513,1.50772512570816,1.47994817848505,1.55313521378634,1.50772512570816,1.47994817848505,8.26173399929157,2.56052439364531,1.54398636754376,1.47961599495187,1.54693868366682,2.44547856153318,2.66991099492328,2.00612223708115,1.75907811164769,1.63881071900941,1.51803067941452,1.5062520161769,1.50423403482794,1.90538988654839,1.62164349104321,1.64707076235128,1.79310246465548,1.6547863932699,1.51165092387434,2.72227088946254,2.7601561604768
-1.66666666666667,12.7777777777778,1.13555555555556,0,0.0548457369189076,0.169520533666875,0.289178653324995,0.408836772983114,0.528494892641234,0.683050865124036,0.0548457369189076,0.169520533666875,0.289178653324995,0.408836772983114,0.528494892641234,0.683050865124036,0.0548457369189076,0.169520533666875,0.289178653324995,0.408836772983114,0.528494892641234,0.683050865124036,0.777777777777778,1,150.000015727529,245.748765753567,-40.477753403083,577.730955108843,1227.77778793876,8369.21851890428,5.08143844078742,4.22440974898448,-0.46916084140225,-0.243361358191855,4.22440974898448,-0.46916084140225,11.0664974481825,-0.523080555671285,-96.3613311113426,0.764264857303926,9.07531142589314,1150.29496927403,-4.72006366836793e-18,1.64484814081866,1.27354431830018,1.09283907926257,1.00856656598271,0.867715185918132,0.768659775023436,0.0860008559525049,0.0270258754296427,0.0299014488074159,0.0343645089053223,0.035774787001354,0.0429470628059577,4403.94438079367,38.7280356212894,17.3232166618681,7.13671761527852,123.749167599674,117.846994879369,2549.81499441219,158.575601563359,37.620573838193,0.120790168460078,0.33909380748362,0.0161486195355864,0.120790168460078,0.33909380748362,1.26580421250466,0.356211646036043,1.03964047213032,0.541114968605784,0.192823315832942,0.706417532926982,1.38913502120467e-15,0.127333808595309,0.0580493175675535,0.0333943270778959,0.0265867490641494,0.0215558197040583,0.0199202585981218,0.0551515024976162,0.0110676525496744,0.0053250301969712,0.00369921044376207,0.00260994139839659,0.00230699613881179,7.58736819863431,0.0582469167795595,3.94801618153389e-07,0.125916625171355,0.013800470754819,0.021905600044397,-0.0129849339712725,0.122591281638056,-0.0278019278735287,-0.103591678129389,0.0102052266269604,-0.00626670639081763,-0.103591678129389,0.0102052266269604,-0.41183743569156,0.343667648259758,0.0306610200497345,-0.0109171163895595,-0.614373894443974,-0.488674443367584,-0.0179356386996767,1.16486269199893,0.657708709796015,0.267270753124815,0.194057099191148,0.291297375908443,0.474655772706452,0.316682905295714,0.958074761935675,1.25153340016986,1.50998679825226,1.87068561919944,1.21149847004914,0.0460418466025074,0.0629846635231572,1.79999946772531,1.67577954474169,1.50466445414691,1.50316304289331,1.50542364047646,1.64000324026738,1.53856914861636,1.54971720793022,1.50010897352517,1.58349457112349,1.54971720793022,1.50010897352517,8.02622083031874,2.14816497585774,1.51627115501602,1.49989694376549,2.65744065753921,2.09317803917273,2.58347766751259,2.98262085695476,2.25118285428942,1.77687610774845,1.78242008301219,2.07579759927866,2.57222641491932,1.44022461455687,3.6955624641092,6.79273113814499,8.99908717189014,11.1705831112046,6.54533755365573,2.32155228091578,2.33139140728819
11.6666666666667,5.44444444444444,1.42,0.277777777777778,0.023505315822389,0.0726516572858036,0.123933708567855,0.175215759849906,0.226497811131957,0.292736085053158,0.023505315822389,0.0726516572858036,0.123933708567855,0.175215759849906,0.226497811131957,0.292736085053158,0.023505315822389,0.0726516572858036,0.123933708567855,0.175215759849906,0.226497811131957,0.292736085053158,0.333333333333333,1,150.000015727529,92.7777700239557,-2.03346191271741,249.679657327362,121.139941339444,3322.19404228726,-11.9540232770545,1.88208988647016,-0.149100241224872,-0.0511291865430684,1.88208988647016,-0.149100241224872,1.24193524372461,-0.08887093163108,-40.3844162066453,0.255141190004479,4.24428549109467,742.07840849911,4.27426424330786e-19,0.799550942610145,0.623199406311843,0.545995521299865,0.619566399333402,0.621650130194771,0.654667847099262,0.012996143659348,0.0121829426101448,0.00831509832309134,0.00928308238725132,0.010116547859598,0.0115651244662014,510.44093323612,6.95815779606284,17.3232166618681,2.82320718104526,122.384998053609,120.203352300025,2519.76444812276,239.42515434091,15.9263099669373,0.18592362887419,0.329092704883973,0.0100699346982889,0.18592362887419,0.329092704883973,0.368304960542061,0.0583995355411863,0.414910852980072,0.524469627734715,0.438828297912571,0.0944027728817408,1.22989252666888e-15,0.147980205198607,0.111174020668151,0.0938219742314622,0.0998463618622511,0.0977305777072533,0.0857730411490597,0.0137515101191523,0.00549086546310266,0.00330297492152249,0.00281067039044646,0.00196409645316074,0.00121958457221194,0.404211325479986,0.00497238141894696,3.94801618153389e-07,-1.2715901626057,-0.0546616976045015,-0.0544337796369492,0.0562171713565967,-0.388738377229804,-0.0276535784826027,-0.317694823557243,-0.0710410508262511,0.362263530817319,-0.317694823557243,-0.0710410508262511,-0.757064259292203,-0.0319960434957865,-0.0467872669496833,0.0725697022185529,-0.266884808294326,0.0120558970514903,-0.000703551964996203,-0.00360200985050736,0.0011951456881968,0.0147070486908253,-0.00142667332053446,-0.0504443631838298,-0.0494155273071654,0.00755010753699366,0.0620833051295985,0.110871223561253,0.347607774968095,0.26152480928212,0.42265470275623,0.175663168695466,0.174607926920284,1.79999946772531,3.78567886314201,1.49852120883111,1.50088684279263,1.49917020292849,1.80984701551092,1.53780738632863,1.69954921724253,1.4995262224548,1.67688784630489,1.69954921724253,1.4995262224548,4.67871706698985,2.17010986442293,1.47964577930428,1.49972885241945,1.6220484575928,1.78511305123332,2.81449650305259,1.68474152146327,1.64388779034932,1.58659679478136,1.53429068074884,1.52048402389067,1.5180469742549,1.36479986620951,1.35644456219427,1.51020910831979,1.62995535911642,1.48793647038439,1.68972804582237,1.63927713492445,1.63775871001979
11.6666666666667,5.44444444444444,1.42,0,0.023505315822389,0.0726516572858036,0.123933708567855,0.175215759849906,0.226497811131957,0.292736085053158,0.023505315822389,0.0726516572858036,0.123933708567855,0.175215759849906,0.226497811131957,0.292736085053158,0.023505315822389,0.0726516572858036,0.123933708567855,0.175215759849906,0.226497811131957,0.292736085053158,0.333333333333333,1,150.000015727529,94.4902364337049,-1.55642336527445,249.376108738673,115.043911144672,3396.94844287053,-11.078888786793,1.93186865951464,-0.152174952728882,-0.0533160014581815,1.93186865951464,-0.152174952728882,1.31818578054369,-0.0913078558493907,-40.50483491303,0.260763339277158,4.36146182689303,743.187605457777,1.68087502249766e-17,0.794560202062285,0.623276023330903,0.549477960629102,0.62804902614311,0.635930580147901,0.670138131444641,0.0126932237795542,0.0119404550567649,0.00823098968857413,0.00943576669096969,0.0100871900843662,0.0115230444745339,519.050348921985,7.06498448078327,17.3232166618681,6.7307481642343,121.389401840028,119.853094259799,2487.87737839619,182.851584704879,16.6015575137022,0.0594761553934011,0.318972740938355,0.00297197470821134,0.0594761553934011,0.318972740938355,0.432292172284955,0.067645071488282,0.414128095538429,0.507397635932962,0.197933052197042,0.114330045570728,1.09832847080951e-15,0.104300549436876,0.0578187740564671,0.0408732210831925,0.0449884712470345,0.043705969035596,0.0502793227153715,0.00962689683761733,0.00303635163928372,0.00163802046035436,0.00148497808827085,0.00116989120888867,0.00096984211075445,0.452820021631957,0.00554202399509033,3.94801618153389e-07,-0.102072205766524,-0.0627736096935333,-0.0449885567413221,0.0636080032170231,-0.0438227202171868,-0.0880793128798888,0.0369985870815772,-0.0653869010526479,0.0606924276031075,0.0369985870815772,-0.0653869010526479,0.29769227857452,0.0079712106383439,-0.0561168808903088,0.0653587419786823,0.00386659096726354,-0.0207535321934626,-0.013855085868662,-0.145103573554394,-0.144216322447677,-0.00553709555255049,0.0549701179783711,0.0378354323879666,0.00448649186230733,0.00158647183868069,0.0846050593251919,0.561006284100345,0.778139130555413,1.41856914048972,1.53151089771667,0.115044885189333,0.113893524916276,1.79999946772531,1.54997764397301,1.50644189226341,1.49449355953095,1.50664907087069,1.65783810758142,1.51973268378338,1.75008195361839,1.50457739667964,1.90054854817666,1.75008195361839,1.50457739667964,7.54979697521142,2.53183853727168,1.48037418015867,1.50452451507298,1.69047139064395,1.91632667547219,2.73486635602799,1.78212619684041,1.74504817500968,1.4491735117427,1.41174664165293,1.47683356369077,1.53576302966118,1.2595706012115,1.56294126489299,2.63253250257313,3.70275411234212,6.17400611736768,6.54389464145434,1.73037591581972,1.71648289126807
11.6666666666667,17.6666666666667,1.42,0,0.023505315822389,0.0726516572858036,0.123933708567855,0.175215759849906,0.226497811131957,0.292736085053158,0.023505315822389,0.0726516572858036,0.123933708567855,0.175215759849906,0.226497811131957,0.292736085053158,0.023505315822389,0.0726516572858036,0.123933708567855,0.175215759849906,0.226497811131957,0.292736085053158,0.333333333333333,1,150.000015727529,172.070055202583,-10.4161107801271,619.424414123529,169.614038995938,4893.16883657952,-43.4057139881262,1.68344234975523,-0.54291068326216,-0.0401998708467868,1.76453306947193,-0.123037108004375,1.34531538698052,-0.510609616331632,-101.100607228414,0.172968388598063,3.25962951775857,1173.66388917821,13.8857806478491,1.4184931673784,0.844080252057076,0.506535163003853,0.427519404228726,0.279835454640142,0.208793167378398,0.0435746152837204,0.0127414214963858,0.00765002989271952,0.00701469701072805,0.00793404030830122,0.00901103155921259,5000.00177064889,43.0934121445683,17.3232166618681,32.0396368140158,120.99748327916,117.751486339402,2497.14665810193,671.879235282458,20.7094057825852,0.172092395949999,0.376866763523198,0.0107361575860493,0.241448882131058,0.33667085597466,1.58883411705358,0.349024590027428,1.22717347829008,0.532691414972912,0.382281799581292,0.658151639860125,0.00493894013143644,0.360079920982797,0.209672088881213,0.12128660258049,0.0762711430625088,0.046390348461049,0.0265633279317637,0.0632143790602989,0.0125778817289816,0.00372923882521092,0.00194625143720789,0.000707762448039055,0.000383142689564101,2.51948593258145,0.00901975923518856,3.94801618153389e-07,0.016382475200349,0.0113615409148939,-0.0150704465497489,-0.0135072672086082,-0.144640867609629,0.0871512951048735,-0.455544480907932,0.0111864836250412,0.0504764570160398,-0.246007531551622,0.0128800162707645,-0.596505595576297,-0.322204359558606,0.114385314571465,-0.0150663366202341,-0.492217145043192,0.486197856792079,-0.316136047781999,0.245365998378281,-0.0382894550900552,-0.0254479862426018,-0.0123918214425655,0.0104264449593585,-0.129570230019269,0.0877758181949749,0.0664396386852399,0.404138354961761,0.474986984097701,0.390213305006667,0.560068728836975,-0.146558729019342,0.0655492192686473,1.79999946772531,1.41242803135759,1.50085286124184,1.50388672242007,1.50604727937147,1.58432991360984,1.44445234902947,2.24947958713912,1.47807174791898,1.72960983647816,1.77519698073759,1.50179529520417,7.19138477978191,2.68087383196805,1.61713229974983,1.50255137838101,2.40246244637602,2.27127232261742,1.09994200072201,1.88086771425876,1.68438242551554,1.68658398749123,1.68616967918577,1.68482941210307,1.7598270946681,1.61432631455262,1.4223499027531,1.76628510881822,2.2794982428564,3.0807744424096,2.8924995210845,1.50632440212476,2.17769132481627
-5,17.6666666666667,1.42,0,0.023505315822389,0.0726516572858036,0.123933708567855,0.175215759849906,0.226497811131957,0.292736085053158,0.023505315822389,0.0726516572858036,0.123933708567855,0.175215759849906,0.226497811131957,0.292736085053158,0.023505315822389,0.0726516572858036,0.123933708567855,0.175215759849906,0.226497811131957,0.292736085053158,0.333333333333333,1,150.000015727529,171.298198104364,-10.146363420477,619.738214769294,153.043546963858,4813.94563066347,-42.1158099156337,1.60554619310488,-0.527179029267785,-0.0360253046557651,1.68601958129361,-0.114136058844912,0.996966763045516,-0.542181840557234,-101.108806374337,0.156924005386939,3.06259754192272,1173.69773981877,14.3047078429331,1.44648359545881,0.840736214977607,0.500056358712634,0.418099281324863,0.26780748880325,0.193831153004895,0.0217747650578065,0.0125858995937923,0.00844277106551401,0.00666725122383084,0.00808466336839913,0.00919373304864077,5000.01051973753,43.0937183626707,17.3232166618681,23.4842553170097,117.536262287228,117.274770894842,2413.4323127743,395.456928704422,22.6037092493275,0.110995437107492,0.333252000749019,0.00645214621054726,0.145067447071582,0.319889366496823,1.62985382130858,0.32339826723957,1.09297525518316,0.506818315774796,0.257914257575311,0.730214077775837,0.00501669607646914,0.214285667408963,0.124858260246891,0.0783908577353868,0.0568129512679558,0.0423863380991287,0.0337506617097728,0.0385471058049369,0.0092456439455923,0.00323229227591791,0.00173775859508641,0.000782602474254348,0.000522351531019787,2.87028485640855,0.00978654716871821,3.94801618153389e-07,0.15872122201612,0.00573811708624248,-0.0156990811418688,-0.00486785136123082,0.237946347417184,0.0039493865493652,0.181022932733046,-0.0134512737933007,-0.216878225064038,0.237272934628334,0.00364801524756498,0.537120607878125,0.00810116934003748,0.129053904117075,-0.00545830869486991,0.243193603067969,0.443271411641153,0.0873554777365279,0.607570306493921,0.300009788094995,0.222461036482743,0.155211122475605,0.144458109323082,0.333345279912167,1.05057257614446,1.11367986178172,1.27361424407069,0.91098600020086,0.0735314868870361,-0.741271409625104,-0.197265456594769,0.0575482521530864,1.79999946772531,1.55493043105948,1.49975122037468,1.50239189388129,1.5034174604771,1.67580323674431,1.60301511163039,1.61470165358427,1.47072829973797,1.61965564118918,1.69691486737933,1.49732237019894,6.69179541474568,2.55481982988231,1.79940330274835,1.49687447548725,1.6360389273083,2.12850957850875,1.08563260366067,2.12700905888039,1.75447551825354,1.71806206378361,1.67246739375584,1.69369978551143,2.12852272393997,3.60139281100541,3.9926671370007,4.70711089314705,3.35572646730695,3.2484436483048,3.0868402438095,1.82217513222952,1.96890080229688
-5,17.6666666666667,1.42,0,0.0626808421930373,0.193737752762143,0.33048988951428,0.467242026266416,0.603994163018553,0.780629560141755,0.0626808421930373,0.193737752762143,0.33048988951428,0.467242026266416,0.603994163018553,0.780629560141755,0.0626808421930373,0.193737752762143,0.33048988951428,0.467242026266416,0.603994163018553,0.780629560141755,0.888888888888889,1,150.000015727529,175.074221435267,-11.7023393896469,619.509467763774,192.124738506406,4907.18466826372,-42.6026684720342,1.64637975210915,-0.521289923966253,-0.0377654640141652,1.7227606499323,-0.120080868263723,1.15292379647953,-0.511011716554525,-101.104994271431,0.167101694448495,3.15131694615145,1173.67222164358,13.5820633267373,1.4928154358921,0.861189011561296,0.567617946047286,0.423608967815852,0.263641589417769,0.184622549734403,0.0343101477764816,0.0174397501301948,0.0157853192375794,0.00857800093740235,0.00762394563066348,0.00967362587230497,4999.99395896261,43.093768357463,17.3232166618681,24.2588941803766,118.413884989197,117.153145955314,2429.58414827887,428.483802395042,21.5477593920114,0.104323056647673,0.346985182800188,0.00740051598255864,0.161584297521688,0.32430143300094,1.57909806955302,0.282130068708495,1.12860065571102,0.514483556278253,0.254728947963333,0.697277556550474,0.00622348958704051,0.207453094837223,0.118514648835562,0.0756578432386943,0.0511028811136081,0.0348298939241158,0.025402189800583,0.0438052664395948,0.0098583087001395,0.00408833521087915,0.00404742691213339,0.00133311512020168,0.00100068997405818,2.7895200008961,0.00969353751108847,3.94801618153389e-07,0.139031776841614,0.00737480239190297,-0.015012311412602,-0.0065238608335691,0.196191514333778,-0.0337381320357142,0.206012555186558,-0.0128361271425942,-0.25349545022026,0.151788889520342,0.00387765211790332,0.940845289062561,0.419950051112488,0.0973175810111187,-0.00532021463666445,0.140016465172034,0.536144545575873,-0.17499649755063,0.737088657248388,0.300690363821231,0.219211239309217,0.141645141820313,0.135736541663865,0.347750971947878,1.01206788761828,1.09508695222185,1.1619718575536,0.96893515888489,-0.417498641666132,-0.924662490432329,-0.167500224945518,0.028633435068479,1.79999946772531,1.55606128629966,1.49865765396293,1.50355602344709,1.50080102457273,1.63161599552282,1.59332241482504,1.62290458710185,1.47378782258887,1.5534508391849,1.59259249394558,1.49457929143356,7.55548043507777,3.08907400852275,1.74730846798906,1.49415251764724,1.57240500662867,2.17666210145086,2.42640077067709,2.52526768575056,1.75569298316245,1.72122302598087,1.66940416271324,1.69607536094633,2.16441589103706,3.20527375607367,3.92668009220575,4.38312388064644,2.38646874626012,2.05349394030911,3.34290530510412,1.85947814584044,1.98402027955613
-5,17.6666666666667,1.24222222222222,0,0.0626808421930373,0.193737752762143,0.33048988951428,0.467242026266416,0.603994163018553,0.780629560141755,0.0626808421930373,0.193737752762143,0.33048988951428,0.467242026266416,0.603994163018553,0.780629560141755,0.0626808421930373,0.193737752762143,0.33048988951428,0.467242026266416,0.603994163018553,0.780629560141755,0.888888888888889,1,150.000015727529,173.201551921675,-12.869635667118,619.057879387563,251.036282783043,4976.4427663785,-33.0788042912197,1.7718714717217,-0.545726329549005,-0.0440331028017915,1.84864712009166,-0.140941207511613,1.72961901749818,-0.472030681429017,-101.096505572336,0.204505479945943,3.48707770023956,1173.58046036871,12.758765753567,1.5424049578169,0.93189622955942,0.637104666180605,0.488354442245599,0.319730048953234,0.23302393500677,0.0474981366755547,0.0178412243516301,0.0161363853765233,0.0122708569940631,0.00698157827309655,0.00766929299031351,5000.01229038642,43.093457973128,17.3232166618681,24.2771610496976,119.444849335205,117.046859760678,2452.57870672848,441.088344184034,21.0936270649288,0.106986061882351,0.353785443764186,0.00844672783209776,0.169541765516541,0.328431330600902,1.51344178625857,0.269088754144726,1.14620131039592,0.521214881542331,0.259225569412132,0.564403664385599,0.00625894509692688,0.203479620581728,0.118314275071871,0.0758195008521851,0.0513696887492175,0.035577844347637,0.0261196270785485,0.0517074708224573,0.0106571109841756,0.00433494025675032,0.00525249976729982,0.00159763740330539,0.00143927602789049,2.50878767482101,0.00878798476707664,3.94801618153389e-07,0.1150659807845,0.00839094283934558,-0.013746508141687,-0.00707067203481705,0.159386574532471,-0.0603933783916927,0.151937673488113,-0.0110382092301106,-0.245458461553411,0.109802629309929,0.00364226876317223,0.889201807282946,0.426011146589606,0.0797246937600102,-0.00474998586486998,0.0570830692460083,0.307059929350996,0.0958304059603191,0.940951767972086,0.30090969573343,0.217205808245391,0.147014584297038,0.135857872241097,0.340298807224112,0.823596603477246,1.13561839909843,1.19220479007153,0.152876490633382,0.248346100177259,-0.794660146838369,-0.158358317861534,-0.0798409968746229,1.79999946772531,1.55004385273825,1.49804007894286,1.5051871851735,1.49955996089938,1.59661570041959,1.57684390622084,1.62549204204703,1.47559412033749,1.53951282008764,1.55302310973962,1.49347755327307,7.20233445372258,3.09757646824295,1.71233342378262,1.49310535049887,1.57726153276342,2.16651283880133,2.49297684196941,2.93536612028867,1.76078712701506,1.72501262485282,1.67359799261349,1.6991699927139,2.16550233594547,2.48862296162107,4.07244505279302,4.70023157625074,2.22920633169082,3.02476775136292,3.06458057595454,1.93749444743969,2.15210774341383
-11.6666666666667,22.5555555555556,1.20666666666667,0.166666666666667,0,0,0,0,0,0,0,0,0,0,0,0,0,0,0,0,0,0,0,1,150.000015727529,151.810696802416,-8.80844370076033,620.506343089261,99.9311624414123,3761.96625351526,-42.7034913029892,0.842909124049578,-0.348443423153838,-0.011069609936465,0.91066316008749,-0.05092380451203,-2.10260033861056,-0.999305036246224,-101.080762420581,0.0438868441589417,1.2216182175013,1173.78720966566,19.2590282262264,1.51939183418394,0.978753723570461,0.510803374648474,0.348708238725133,0.157539513592334,0.0455955901115509,0.0941789249363608,0.0102286090326008,0.0062199537548172,0.00602737464847412,0.00588682053952713,0.00629575887928341,4999.97666909697,43.0934704718264,17.3232166618681,30.2118030388483,113.926967118117,117.420970969,2343.92078878892,570.194198558166,19.1923381939565,0.196773188579711,0.36206726533201,0.00519373915185602,0.262003247741425,0.318061468710787,2.84782729218913,0.481940712998835,1.22881995473474,0.504646135340879,0.514056115278069,1.09326867251674,0.00709631176718932,0.357289382877026,0.239027597824625,0.11465830524444,0.0578207011825465,0.0495823490357083,0.0380548793338586,0.120144500930408,0.0182135623164516,0.00383398798203683,0.00109316563357819,0.000419757779334008,0.00115641472785167,3.93251369299531,0.0132073364979888,3.94801618153389e-07,0.138609776037558,0.00468831664670207,-0.000141145820765235,0.0016934329424146,-0.362053796725726,-0.195050597828856,-1.03873540775543,-0.0265176469191618,0.356697939317253,-0.777570411716712,-0.0199046829257949,1.74143944423504,-0.57240765960053,0.458613067405224,0.0177218220172258,-0.985900456319125,-0.188591301864417,0.141433112504396,0.854024712220657,0.22998234390793,0.221986621212656,0.372173317316623,0.252036869452016,-0.974351139994524,0.926041638665007,0.941812650619755,1.36506677080501,1.63252000457213,-0.165383678590495,5.63828160464869,-0.0156779827366709,0.0419666288587857,1.79999946772531,1.46278387225622,1.50600549232004,1.51055409835674,1.50439978161947,1.89001208273008,1.60420617742735,3.04292454939518,1.47443048103629,1.84054291700331,2.40708233483586,1.49518810562442,101.386523676648,3.32571667146232,1.96473334387869,1.49511893289005,2.92984789197005,1.62170164356297,1.98784558002434,2.73558144506981,1.73829172994258,1.69222545830046,1.69312367718488,2.10027543247351,9.26734087896829,2.71989152476338,3.94567999157802,5.85620651025008,7.72624324942113,2.55724021691954,131.739629139616,1.83435384503131,1.84575926660779
-11.6666666666667,22.5555555555556,1.20666666666667,0.444444444444444,0,0,0,0,0,0,0,0,0,0,0,0,0,0,0,0,0,0,0,1,150.000015727529,149.464905738986,-9.00773945422352,619.507478387668,125.507692115405,3674.8188522029,-45.6686220185397,0.799196498604312,-0.34000565987918,-0.0286686928444954,0.86676899785439,-0.0551269433697532,-2.24679866755546,-1.02460746096553,-101.038144984898,0.0503641292469535,1.12408780039163,1173.69971877929,19.4074502655983,1.54497510675971,0.93594658889699,0.464850098948026,0.301051445161963,0.133041610141652,0.00973816206540985,0.072247701414436,0.00972727075804602,0.00617190980106239,0.00607821810228101,0.005826298406416,0.00607850598895948,4999.98937610666,43.0933840224976,17.3232166618681,64.4283614274249,115.716374888795,117.64004130851,2399.05893900918,2155.95795759725,15.0995451161799,1.04477746630211,0.665527167270422,0.0244053469742015,1.18534972846023,0.359786515870394,3.00127813631572,0.831515927717691,2.22747061012648,0.576726905621046,2.58156604042631,0.689753068791044,0.00436823884495108,0.322426967998587,0.149366220589553,0.104309892558986,0.150667606562597,0.169206545919114,0.19517843028381,0.0915930479932881,0.0111165454749565,0.00265692836172963,0.00126928890703014,0.00109020563418032,0.00118572289588398,2.56350420085479,0.00846778890026767,3.94801618153389e-07,-0.157971406066924,0.0170951239885961,-0.0112204763741224,-0.0321931926728242,-0.236448197708242,0.486295639296833,-0.262943354242484,0.0897427787027676,-0.615507626022491,-0.240809423106436,0.0175102260047828,-0.153744034622753,-0.429373953293412,0.209506350741396,-0.0152132895349137,-0.255934020276123,0.370577529829342,-1.10936607996298,0.910943704314601,0.449210072788314,-0.293090534406695,-0.497644480008135,-0.335545784674888,-0.455959721656375,0.775269048814303,1.16203130071917,0.793182382960671,0.762117599016066,1.89788792350584,4.09214019681369,-0.0380255181625644,-0.0187474480704435,1.79999946772531,1.543101771682,1.51035138441552,1.5075619509233,1.51864794400008,1.63355666265608,2.12092197312381,1.66749322789398,1.55540653120821,1.87762524827177,1.65800557526087,1.50976680779046,25.155426556082,2.50635225628862,1.48161216982944,1.50794657941921,1.67494736451123,2.27096517066512,2.27629581639547,2.82884398529596,1.61192501218946,2.1819758809076,1.83092397718223,1.61940187676152,1.71029809992973,2.26157188767052,4.07657193463933,2.03820085421814,2.39796766356768,15.473388812847,100.361295291169,1.67229903836105,2.2854833284424
5,22.5555555555556,1.20666666666667,0.444444444444444,0,0,0,0,0,0,0,0,0,0,0,0,0,0,0,0,0,0,0,1,150.000015727529,141.732249837517,-10.5771167128424,618.569992709093,194.194564441204,3347.8702483283,-46.7114508588689,0.606339953145506,-0.280979072783148,-0.0468583005936881,0.666076452369545,-0.0540793021351943,-2.99336883343402,-1.16436626539944,-100.968466826373,0.0464715624309968,0.661229317362774,1173.65545255703,20.2218873034066,1.49182145609832,0.925228663680865,0.462900750968649,0.289827333356942,0.117529211030101,-0.0191329821383189,0.0735795038829288,0.0106343313615457,0.00630398488167899,0.00611537760649932,0.0061530907197167,0.00603907145089054,4999.99073013228,43.0935090094784,17.3232166618681,99.0756633020885,119.162530670708,116.970369540796,2485.63821554308,3341.83879409468,28.544571778088,1.53065480608865,0.9100675315045,0.0371206317104541,1.73571127078608,0.397998807619264,4.00522606606946,1.19470246068816,3.06072911098,0.638674128797062,3.72404471523852,0.696137936720618,0.00414077868941469,0.333865256693607,0.361249210923555,0.317715728281303,0.302376519495883,0.279649701367806,0.270852162236962,0.0891727065971602,0.0214849782209334,0.00755176844746916,0.00349532794407444,0.00201385240216521,0.00159920274619446,2.22706306465141,0.00875286542772448,3.94801618153389e-07,-0.128704911134492,0.0475118437703156,-0.0300178561422828,-0.0898878730905527,-0.12410690820566,0.402462315816984,-0.133414202708914,0.0727433734595501,-0.538844644264818,-0.123833126401253,0.0698881027160294,0.00494917788703345,-0.230213350503727,-0.094151366707039,-0.0691458649653957,-0.135287136918471,0.584681938386224,1.19653986036746,0.352998281159815,-0.0331950904929927,-0.0285685139532981,-0.0694664516682483,-0.0668078463353507,-0.220053217065619,0.349540847148456,0.177277559266893,0.330423303845791,0.405089938494535,2.8134211463801,4.75049246592925,0.308439391813255,-0.100705394137923,1.79999946772531,1.55230625309883,1.51437226797143,1.51210395469056,1.53369339465693,1.57868465390353,1.76135392993071,1.59704585340077,1.55291876723004,2.05306350530966,1.59464939894279,1.51737434422987,57.8589841603688,1.999565616165,1.50382765940818,1.51700541917162,1.6039878227468,2.19695600257446,3.57339259226328,2.24205987030827,1.64459400103652,1.57181557435282,1.53616777195506,1.56041740772761,1.57551918116979,1.97681611399544,1.73189958282804,2.1453499848639,2.35112793317107,68.0198203060127,154.515016633925,1.90031799076938,2.22850429327142
5,22.5555555555556,1.38444444444444,0.444444444444444,0,0,0,0,0,0,0,0,0,0,0,0,0,0,0,0,0,0,0,1,150.000015727529,143.397065251536,-11.9248694094365,618.088896989897,223.201625748151,3183.33897242996,-57.1823468388709,0.388605984616186,-0.191040014148735,-0.0550757005520259,0.431036589053224,-0.041429155792105,-4.00294652923654,-1.28869256069784,-100.901863347568,0.0191309941776898,0.0382490485366107,1173.69659410478,20.6887990834292,1.47355196333715,0.88023843349651,0.418920218199667,0.245115116933653,0.0721690518800126,-0.064261421898344,0.0645357480487449,0.0102894614923237,0.0063235917915842,0.00610805895219248,0.00610889782314343,0.00612468055410895,4999.98750130195,43.0933131965423,17.3232166618681,110.755005998978,118.850215078014,116.112228521061,2472.47353228381,3761.45255401128,31.1797830416352,1.72028166866252,1.0078374703643,0.0397833838086776,1.9519214771238,0.406321785924124,4.24827934874245,1.34785954600467,3.42304996744972,0.653790812766371,4.19411091351476,0.689442606025144,0.00329857027005337,0.344421121857853,0.360166833226001,0.312994536077548,0.298671929188982,0.274751412940016,0.26889361532617,0.082025726396712,0.0202977887285984,0.00685742094383815,0.00313810230816719,0.00191579179591311,0.00166466919991066,2.39940314097923,0.00822032046464598,3.94801618153389e-07,-0.135565925950631,0.0525672244849423,-0.0409829017107371,-0.0994011651809757,-0.127879245353195,0.395231749672661,-0.144138326454493,0.0901107767485308,-0.183825403963976,-0.135947062756413,0.0771767507416548,0.0664273004094802,-0.385210966429238,-0.142108362285272,-0.0778463554652369,-0.15027296849046,0.460487932722132,-2.20606034241683,0.271292399086951,-0.038283826803363,-0.0171047824794961,-0.0615853114522364,-0.0773532434286825,-0.232204127324304,0.329563923278845,0.207338104420106,0.347049399347021,0.455965641764701,0.275872753359834,0.976277437222472,0.431813164682361,-0.223556392676154,1.79999946772531,1.5534609304509,1.51542988301421,1.51219338032679,1.53839422269659,1.57282887781339,1.74623381989266,1.58911045066586,1.55563268414198,1.60115685896168,1.5871102952555,1.52263338110002,7.41384250544722,2.08257546994703,1.55144829347083,1.52323184735463,1.59615433842139,2.17787414757373,6.38435063051844,2.13281650711206,1.62853899026492,1.56267644276269,1.53620348650152,1.5705995396648,1.56653025332401,1.96685698071722,1.73201501381827,2.20738183629455,2.3330769136513,3.15541340791324,10.4413659121118,2.89391217806487,2.18578644230558
5,22.5555555555556,1.38444444444444,0.444444444444444,0.0391755263706483,0.121086095476339,0.206556180946425,0.29202626641651,0.377496351886596,0.487893475088597,0.0391755263706483,0.121086095476339,0.206556180946425,0.29202626641651,0.377496351886596,0.487893475088597,0.0391755263706483,0.121086095476339,0.206556180946425,0.29202626641651,0.377496351886596,0.487893475088597,0.555555555555556,1,150.000015727529,151.428787376523,-10.6918466159775,618.329194875533,145.804487813769,3469.23125882721,-55.6965587959587,0.528260606688886,-0.227338818873034,-0.0479740603062181,0.574260360053744,-0.0310781643891261,-3.48672198073222,-1.17121446298511,-100.949535465056,0.00342249585459847,0.356807971544631,1173.6650348922,20.1868253306951,1.47956584730757,0.889582033121549,0.47572758173107,0.283914455367149,0.0845754007082596,-0.0384654377773149,0.086847207016665,0.01672263646391,0.00947929677069055,0.00987513456931571,0.0115092177898136,0.0156430218727216,4999.98083532965,43.0935579627125,17.3232166618681,103.977132114847,119.342661984521,116.781037151566,2499.67727785603,3501.97005718066,31.0683702064781,1.57633129051367,0.936630633038869,0.0345774036019613,1.78828193742188,0.405141254056652,3.94809157294727,1.12364606602501,3.1610342177603,0.64975895744628,3.8103439621169,0.687140225053505,0.00467301740018235,0.324159888948747,0.339615077270502,0.323898448690503,0.296669938679678,0.250089007640899,0.241846325624938,0.098236050145063,0.0216416441007098,0.00924855057570523,0.00509010890254874,0.00484687224858724,0.00857470758839021,2.49504662825194,0.00942658029275206,3.94801618153389e-07,-0.182750845705079,0.0403132721964244,-0.0369364954555433,-0.0772127057461727,-0.183663803448612,0.312936823319149,-0.203734961702594,0.138299815724184,-0.252675605107324,-0.196607141560887,0.0749684247938125,0.0421543774924893,-0.436287551409601,-0.0889202627585402,-0.0773474200025478,-0.212973952703841,0.530356597359554,-0.75974328727328,0.383969026256331,-0.0470037177797891,-0.0158980886051164,-0.0527589585191537,-0.145549214063209,-0.255754680479302,0.402644946410297,0.173199982124324,0.923367647962734,0.423232481101164,0.775233304015138,0.652693297458463,0.0256337395221249,-0.0159061614498763,1.79999946772531,1.57026379821799,1.51410118923986,1.51091556402887,1.52864723057098,1.59290767445949,1.72992988988258,1.60754398014059,1.55485539109107,1.73199701639989,1.60248536781097,1.51245109784987,8.22067909189309,1.84888769300318,1.56069761212863,1.51391824520279,1.6107089874797,2.21816077076661,1.64659775946027,2.27394366789181,1.65793835104733,1.57246374970977,1.53931978002982,1.61111667537651,1.55732752727944,1.96750585599737,1.58724945097565,2.63448628525758,2.37145129331712,2.57802488247221,1.7397653903205,1.75403955997189,2.09548243961215
5,10.3333333333333,1.38444444444444,0.444444444444444,0.0391755263706483,0.121086095476339,0.206556180946425,0.29202626641651,0.377496351886596,0.487893475088597,0.0391755263706483,0.121086095476339,0.206556180946425,0.29202626641651,0.377496351886596,0.487893475088597,0.0391755263706483,0.121086095476339,0.206556180946425,0.29202626641651,0.377496351886596,0.487893475088597,0.555555555555556,1,150.000015727529,236.038214769295,-31.5663330725966,528.833840224976,989.037124970316,8292.06634725549,-8.71546203291324,4.4037923133007,-0.450278294411624,-0.274380304134986,4.4037923133007,-0.450278294411624,11.0920211436309,-0.472883762108114,-89.1413040308301,0.74474135194563,9.65107322153943,1107.08509530257,-3.81305205707739e-18,1.33458790750964,1.00139873971461,0.880441641495678,0.868581449848973,0.785084657848141,0.740031277991875,0.0162843209783356,0.0152819343585876,0.0146144459952088,0.0181718451203,0.0181839918758463,0.0220640818664722,3430.61233204874,31.3467378398076,17.3232166618681,26.3028270997172,125.927600770031,123.831120135832,2642.91549631265,1123.01867799179,36.3524477741588,0.697632008107957,0.373979788779301,0.083536656328669,0.697632008107957,0.373979788779301,1.65676588741401,0.155854636947953,0.822990461260919,0.600042922162557,1.53814229380516,0.342094823872916,1.3582707614885e-15,0.208563043393074,0.164971183946732,0.160065431312391,0.138206837161364,0.125319981626244,0.110270312847764,0.0308525910366224,0.0127802907484568,0.00867355262384264,0.00719513559077628,0.00635958735522078,0.00704318483485138,1.30914650494082,0.00613416952065154,3.94801618153389e-07,-0.498797322741442,0.00377552930798027,0.066270835528904,-0.00612453079515153,-0.421413108561922,0.00904144395722777,-0.402042561817286,0.0123973632953471,0.283333088543854,-0.402042561817286,0.0123973632953471,-0.512818367045314,-0.66389287278171,0.227450872311686,-0.014101726225374,-0.40667637014843,1.3641806808196,0.00174550478692061,-0.0859467944769007,-0.121394583460617,-0.117901327105884,-0.184418584633625,-0.273162883346262,-0.357490105234551,0.0616043122986972,0.112544483203535,-0.0115431176009496,-0.0643230347853978,0.0694772152952077,0.239722225783304,0.255468633315168,0.332378594206831,1.79999946772531,1.87035872306098,1.50390438072679,1.49615679700715,1.50490992372198,1.74504941058629,1.58385934427558,1.68696284558819,1.50620784657192,1.57719322516022,1.68696284558819,1.50620784657192,2.67786357771854,3.0403092534701,1.5065263402475,1.50769371596742,1.68095514339774,7.34208121352071,2.60778249288652,1.68880953513914,1.64530123540944,1.56807906361131,1.59093675748067,1.59288112822569,1.63872211866989,1.34027288834395,1.39344903581853,1.52485916829739,1.61921853068376,1.68147176111627,1.53226099918104,2.6919053642587,2.33964888446102
-15,15.2222222222222,1.17111111111111,0.166666666666667,0.023505315822389,0.0726516572858036,0.123933708567855,0.175215759849906,0.226497811131957,0.292736085053158,0.023505315822389,0.0726516572858036,0.123933708567855,0.175215759849906,0.226497811131957,0.292736085053158,0.023505315822389,0.0726516572858036,0.123933708567855,0.175215759849906,0.226497811131957,0.292736085053158,0.333333333333333,1,150.000015727529,198.652286220185,-18.2144969701073,613.434194354755,460.150412873659,6402.69617748151,-18.5406670294761,2.90299895844183,-0.670494063118426,-0.120472886157692,2.96843391313405,-0.25572576591605,6.43976304551609,-0.247342039639621,-100.864157900218,0.407978690131236,6.19078585564004,1173.56744089157,8.08154869284449,1.46284459952088,0.972147245078636,0.700266795125508,0.671639818768878,0.548079627122175,0.487826778460577,0.0451747495436934,0.0133373592710134,0.00702620611540465,0.00950197271117593,0.00998780002083115,0.0112615743151755,4999.97302364337,43.0934975523382,17.3232166618681,23.3735655805813,122.773631630978,118.428574485141,2549.21439019075,721.81906642969,28.0157513963394,0.391218479825849,0.404464846945627,0.0353705973710931,0.434558768119779,0.357493465349257,1.53766331185262,0.28175271546529,1.23917058184023,0.571909195764781,0.906595308450293,0.495456652020998,0.00573886136804014,0.333348264479521,0.140492557917386,0.0596575728588147,0.0233331690484202,0.0187971218848156,0.032476781137417,0.0703965184370585,0.0119571565668695,0.00350656499361575,0.00178688363297584,0.00110294174020926,0.000934285798932027,1.82134374397364,0.00713232220598577,3.94801618153389e-07,0.0297703372864989,0.000439716895309653,-0.00508210088116347,0.00694820021935776,-0.207687207849462,-0.112415156449377,-0.272247940881209,-0.0488129791385888,0.0363371466242563,-0.201140612177487,-0.0290355218561342,-1.08380500629053,0.0155964119010019,0.127935037607618,0.0295725351154806,-0.271612794727302,-0.272251482561397,0.0803457470656858,0.698463655474468,0.16331936607941,0.0122296600625458,-0.33195857471488,0.0234254642377934,-0.213727801523701,0.929490242641781,0.637636762780277,0.676028455708152,0.566102160669681,-0.010215107310497,-0.319214960999885,-0.182752271411961,-0.31149063458925,1.79999946772531,1.46847116186139,1.4973040518124,1.51060572912164,1.49801784603854,1.68271900245991,1.57473061243335,1.74925677548251,1.47685092798458,1.61329521455867,1.67719124607743,1.49003838729828,4.43325278948767,3.29329385869147,1.53100076847753,1.48981262624861,1.76136379933615,1.07412086975697,1.97753763553235,2.39651514378738,1.72947480487808,1.67695994302722,1.57718900386141,2.78576788039804,2.41004742334048,3.39680088217113,2.97110339997556,4.28589427156662,8.80236668156213,8.06573228635141,4.91780445978185,1.71545517279075,2.42824829249599
-15,15.2222222222222,1.17111111111111,0.444444444444444,0.023505315822389,0.0726516572858036,0.123933708567855,0.175215759849906,0.226497811131957,0.292736085053158,0.023505315822389,0.0726516572858036,0.123933708567855,0.175215759849906,0.226497811131957,0.292736085053158,0.023505315822389,0.0726516572858036,0.123933708567855,0.175215759849906,0.226497811131957,0.292736085053158,0.333333333333333,1,150.000015727529,196.591459222998,-18.0986208519946,613.027622122696,463.926906642017,6316.43005936882,-21.7331371663368,2.84759650036454,-0.664738422326842,-0.127321938339756,2.91312582022706,-0.253795706801375,6.2164116133736,-0.252078276470159,-100.853976669097,0.404115434496406,6.06041933131966,1173.65555671284,8.16058618893867,1.45701395687949,0.942397541922716,0.671507176335798,0.643264045411936,0.519956129569837,0.460109446932612,0.0286852458699094,0.0129894148670972,0.00726190906569107,0.00911000968649099,0.00910688522028956,0.00996686803457973,4999.9963545464,43.0936517029469,17.3232166618681,46.4079383920201,124.963067354382,121.229598461716,2630.70215651661,1709.51996963831,25.1726674089857,0.94708672027051,0.502288743671907,0.0777975322348736,0.996969245597687,0.394096563808189,2.36145176152508,0.38097773346885,1.49148098137018,0.633750051264747,2.17274595946035,0.475211142696274,0.0041055466629161,0.257743081084346,0.065775657701315,0.068321572678668,0.104563609472335,0.117758318496762,0.128731663893819,0.0505591117153925,0.00700810704274446,0.00329673534053653,0.00319606459672965,0.00227673183467719,0.00215305570478235,1.31406146835568,0.00544261057398736,3.94801618153389e-07,-0.141973562980205,0.00289591390778095,-0.00866601026618689,0.000671861676127024,-0.17394730368332,0.00763717813421357,-0.170926931435374,-0.0197680406503526,-0.13668574508252,-0.156394952639351,-0.0224104668240911,-0.341772654558714,-0.481235402905218,0.0923309033358562,0.0241209341377563,-0.168985705864001,-0.654718715814512,-0.0134740037342632,0.640036374387764,0.473601587942903,-0.872502894090019,-0.559784280705118,-0.466521713621508,-0.402687880590214,0.997997769653315,0.954979661383037,0.32993701612782,-0.0220170711387877,-0.214604054252197,-0.392829068642143,-0.0147695542329012,-0.0496505678701962,1.79999946772531,1.56905891097779,1.49613644095009,1.50860047605271,1.49878486186152,1.60107642269246,1.70582185141437,1.59652269887002,1.49491303520787,1.53440113775197,1.5886265125685,1.49513142572871,2.15747029571451,2.5719698233672,1.46982167867033,1.49554747439719,1.59603310013854,1.42865659683801,2.31541406583519,2.28329636731936,1.77192167063584,2.60003699057163,1.82970790550731,1.70587592941062,1.68373654746551,3.62366392289194,3.97380154913671,2.30248203928633,2.25048440268649,2.09956063193192,2.08176999908,1.75628153652664,2.12551361747113
-15,15.2222222222222,1.34888888888889,0.444444444444444,0.023505315822389,0.0726516572858036,0.123933708567855,0.175215759849906,0.226497811131957,0.292736085053158,0.023505315822389,0.0726516572858036,0.123933708567855,0.175215759849906,0.226497811131957,0.292736085053158,0.023505315822389,0.0726516572858036,0.123933708567855,0.175215759849906,0.226497811131957,0.292736085053158,0.333333333333333,1,150.000015727529,195.341235287991,-15.4908406384751,613.885136964899,364.273066555567,6161.02020622852,-32.3043328707426,2.67486699302156,-0.664564280097906,-0.115890789501094,2.74699000104156,-0.22489256952505,5.47236067237788,-0.253984268138735,-100.902925736902,0.35353119957921,5.63531580043745,1173.66805541089,9.27223914175613,1.3732271638371,0.846944016248308,0.577548932402875,0.548291407145089,0.429063982918446,0.374077825226539,0.0208773359785439,0.0127402721383189,0.00809755733777731,0.00838413706905531,0.0088955365066139,0.00959791396729508,4999.9908342881,43.0936839912504,17.3232166618681,50.4069010703452,124.051835689983,121.178194738611,2605.50623507605,1840.76936926973,23.8849487553164,1.00757872951024,0.527264393676904,0.0775583523791761,1.06698042942456,0.39342748688538,2.50068946672822,0.407394141954214,1.59027093197624,0.633170471036843,2.32772636413762,0.47093574784251,0.00417810426669075,0.24941543522548,0.0663910450935822,0.067240856775876,0.102029821488769,0.115240984465386,0.12587370164383,0.0437910455168839,0.0062561504012816,0.00291681150982051,0.00271251979519691,0.00184137339282889,0.00193980814646645,1.52579191929118,0.00579688520399123,3.94801618153389e-07,-0.159589120596167,0.0027912445504004,-0.0127264520123228,0.000154207632207754,-0.192157344163339,0.0429362212411708,-0.190720727591764,-0.00534492351117636,-0.157087481507793,-0.175572424575536,-0.0195819515547435,-0.316935148900422,-0.100637054515344,0.108477637575044,0.0209224471968202,-0.187719456684123,-0.713745619536603,0.0217048184032519,0.545350518245261,0.477517976120866,-0.839570883414401,-0.549810363966129,-0.457550750905575,-0.40524764960709,0.794612735950358,0.948546792590855,0.417462881079013,-0.303700437179787,-0.523106297630337,-0.414296900703904,-0.0114801078995239,-0.271861383418019,1.79999946772531,1.57352883182154,1.49651356507101,1.50758863138737,1.49928954753956,1.60488938279538,1.75307207458599,1.60128864508202,1.49990131521607,1.52996323876432,1.5929897906026,1.49619608206313,2.15818620991879,1.83516708722648,1.47090767056164,1.49677668241537,1.60052458164958,1.50943280940735,1.99903080941113,2.06583256066762,1.75625369667268,2.56253635184853,1.82111492089724,1.6971789418566,1.68489462311153,3.29007222123043,3.81940079120715,2.17798669762105,2.54102200929287,2.69322408414704,2.33199604540825,1.78055583525878,2.2827441939235
-15,3,1.34888888888889,0.444444444444444,0.023505315822389,0.0726516572858036,0.123933708567855,0.175215759849906,0.226497811131957,0.292736085053158,0.023505315822389,0.0726516572858036,0.123933708567855,0.175215759849906,0.226497811131957,0.292736085053158,0.023505315822389,0.0726516572858036,0.123933708567855,0.175215759849906,0.226497811131957,0.292736085053158,0.333333333333333,1,150.000015727529,47.8000031246745,-1.7297666284762,203.761508176231,36.7696108842829,1626.64597437767,-19.817484637017,0.931862451827936,-0.066986418406416,-0.0140704338089782,0.931862451827936,-0.066986418406416,-0.214387530602021,-0.0304333864607854,-33.1702655973336,0.116640438604312,2.12533371523799,672.317800229151,-6.19958916779502e-18,0.187065524424539,0.150375135923342,0.181664941151963,0.267852025830642,0.306662451827935,0.379468961566504,0.0120115373398605,0.00812997771065513,0.00599736027497136,0.00599321674825539,0.00750574950525987,0.00910367242995521,14.8272815331736,0.223095844182897,17.3232166618681,4.1682887963256,122.204217312156,120.385227458287,2529.49262304292,195.411545330967,6.78110293507185,0.20812966533657,0.342288621403784,0.00592717856370643,0.20812966533657,0.342288621403784,0.259346081160551,0.0528459666178494,0.36455732612861,0.548357458974148,0.433656836389719,0.059079696208707,9.49263337486228e-16,0.0147023921968803,0.0277019475346643,0.0337286187816194,0.0505780467066097,0.0605356839959946,0.0984350029580364,0.000486798181665973,0.00023902469651649,0.000242429840969694,0.000423015142058926,0.000881813968745684,0.00216929770175339,0.168712541526454,0.00252931364584384,3.94801618153389e-07,0.299274499964211,0.0170460813684807,-0.0154571199595536,-0.0160388357756622,0.0204997324942766,-0.397857536912909,-0.0246027986116426,0.0072023473174815,-0.285076136740156,-0.0246027986116426,0.0072023473174815,-0.849547617095438,-0.198188131520816,-0.0260193089710392,-0.00569683884336737,-0.112365039234092,-0.067943414581522,-0.0670842440488982,-1.06105697553821,-0.506114443614185,-0.184841094990535,-0.00789916053791352,-0.0398048872504319,-0.36614100538693,0.345118275273063,-0.206675389835612,-0.440724529963131,-0.450268994133657,-0.168497900238308,0.0699844725789596,0.334730249189406,0.335263079108916,1.79999946772531,1.61805130799783,1.5074207248957,1.49700619924401,1.50726170567312,1.49604945105555,1.66395208339507,1.49853771667876,1.50354416495022,1.64951550030475,1.49853771667876,1.50354416495022,4.1632618013245,2.82028041823628,1.49792862053179,1.50264377868555,1.55255243543914,2.65434789526957,3.84194425205505,3.71812539433919,2.06864972314556,1.59869627775466,1.47879414157831,1.50045288256666,1.93684858347354,3.74482542844193,1.40043901185623,1.7270631489383,1.89101081277498,1.55194597002573,1.56988639989741,1.60103530838706,1.60044945231642
-15,3,1.34888888888889,0.444444444444444,0.0626808421930373,0.193737752762143,0.33048988951428,0.467242026266416,0.603994163018553,0.780629560141755,0.0626808421930373,0.193737752762143,0.33048988951428,0.467242026266416,0.603994163018553,0.780629560141755,0.0626808421930373,0.193737752762143,0.33048988951428,0.467242026266416,0.603994163018553,0.780629560141755,0.888888888888889,1,150.000015727529,45.370304134986,-1.39772328715758,204.703862097698,31.8120636912822,1498.87876262889,-20.788714717217,0.819470857202375,-0.0590880532944485,-0.0108636027497136,0.819470857202375,-0.0590880532944485,-0.380084874867201,-0.0268639134348505,-33.2829371940422,0.10117677641079,1.8381272784085,673.472534111025,-1.23214228580356e-17,0.188575981668576,0.144860579106343,0.197383376731591,0.257424924487032,0.271864243307989,0.313148182480992,0.0120119050098949,0.00827673367357567,0.00599756994063117,0.00700412425788981,0.00719882303926674,0.0120059280283304,22.3550661389439,0.335777804395375,17.3232166618681,2.92230871044777,122.299714327654,120.146098005023,2527.48179217558,127.556066463479,6.34863124306146,0.151748882370213,0.337733992457695,0.00385023126928337,0.151748882370213,0.337733992457695,0.200955080163012,0.0481944068523171,0.360058324431613,0.539902201447174,0.297217893287376,0.0559643162711097,9.22808989189404e-16,0.0150938899109208,0.0274234285526311,0.0367756184897661,0.0467750636085108,0.049795082834059,0.0628948558366001,0.000491521940991387,0.000233040522675093,0.000293251135491704,0.000455801788148316,0.0016666317202277,0.00682506727161037,0.17826542213607,0.00266346500737007,3.94801618153389e-07,0.191128828094051,0.0153812633751403,-0.0150475001280117,-0.014903584884406,-0.0324925964197416,-0.357603871082652,-0.0149224436481242,0.0107708132959533,-0.286502031156933,-0.0149224436481242,0.0107708132959533,-0.931884270328056,-0.111918642769736,-0.0280208312817462,-0.010180103604653,-0.0900259209150854,0.0234158008956115,-0.0048478483718998,-1.04126188713276,-0.499551136037025,-0.223436425435906,-0.092821779039349,-0.131319526752871,-0.53509848449935,0.398434381583124,-0.0959298734490809,-0.399160840767419,-0.330608446917492,0.00942753823661969,0.359472342137091,0.117126138277968,0.116881526057822,1.79999946772531,1.5846594748339,1.50541908867741,1.50215133620672,1.5052353283472,1.5166611416445,1.61370745120176,1.4799494092917,1.50320161252946,1.73414292116592,1.4799494092917,1.50320161252946,4.57984714896093,1.77833097197925,1.50067555578603,1.5027874694952,1.54923844796321,2.50499763004905,3.64750618587253,3.64685229009517,2.03236052093473,1.61673757226556,1.5011242939247,1.51998050477769,2.07374271034589,3.71080381735154,1.37008924686663,1.63086363391019,1.59729444285582,1.48306700477126,1.51561183918613,1.69748618786502,1.69670304602727
1.66666666666667,3,1.34888888888889,0.444444444444444,0.0626808421930373,0.193737752762143,0.33048988951428,0.467242026266416,0.603994163018553,0.780629560141755,0.0626808421930373,0.193737752762143,0.33048988951428,0.467242026266416,0.603994163018553,0.780629560141755,0.0626808421930373,0.193737752762143,0.33048988951428,0.467242026266416,0.603994163018553,0.780629560141755,0.888888888888889,1,150.000015727529,46.5699677116967,-1.10969732215394,205.447481512343,26.962094844287,1542.46984689095,-19.9833506926362,0.841661233204874,-0.0599918579262577,-0.0112162134152693,0.841661233204874,-0.0599918579262577,-0.353205991816477,-0.0279759014383918,-33.4185355692115,0.102697212407041,1.88605863972503,674.83703780856,-1.20212041933132e-17,0.218337766899282,0.167511552963233,0.216399020935319,0.274000697843975,0.286072523695448,0.324532819497969,0.0120282970523904,0.0082182607020102,0.0060047739818769,0.00690826840954068,0.00704007509634413,0.012788795021352,31.1694052702844,0.467225205707739,17.3232166618681,1.36424176475702,122.370242543795,119.992926613884,2525.90527086815,92.2180418450585,6.8764632057189,0.116207976369865,0.333471464507363,0.00307020785900076,0.116207976369865,0.333471464507363,0.208440701363703,0.0490521555004119,0.356078059399539,0.532269574208267,0.240868045649877,0.068700251148465,9.03671264391884e-16,0.046130159157859,0.0485378933879085,0.05075230334551,0.0516068625779359,0.0520750865655294,0.0612511765436117,0.00109896834466877,0.000492201133352224,0.000461713868097786,0.000548925930160874,0.00154002104256645,0.00708888195632342,0.244039081589516,0.00363130113588102,3.94801618153389e-07,0.260838964700939,0.0108485173158549,-0.0114802184159007,-0.00910957325953712,-0.451110175503741,-0.210894277960865,-0.119992994430816,0.00271647551548519,0.0848862234497259,-0.119992994430816,0.00271647551548519,-0.784580663937596,-0.0952507113356907,-0.0236968576140522,-0.00187318080217624,-0.245778765972669,-0.631718900435154,0.0335407310859814,-0.303285861498182,-0.16198324626944,-0.128733385548711,-0.122015938077783,-0.111632181466312,-0.607645439925295,0.0455423777627551,0.0140831509029106,0.131700108461738,0.030727773328619,0.0109996547643694,0.15122816510759,0.00712503861481349,0.00737237287538866,1.79999946772531,1.63828496126476,1.50144606487242,1.50435658412951,1.50123555707656,2.02738732732677,1.58211768454805,1.59350630593224,1.4991414037332,1.86115972186185,1.59350630593224,1.4991414037332,5.02054240252589,1.85723598814418,1.49852086867956,1.49874697498552,1.72439382365008,2.26871406233062,3.73621175063755,1.8787323062989,1.68444481151553,1.61266939248295,1.57431907147753,1.54955996648163,2.15460370249798,1.28173331587643,1.45639133619501,1.48414477592367,1.54595126200898,1.70639351726749,1.35007663316011,1.59318965604913,1.59310862358774
-8.33333333333333,10.3333333333333,1.13555555555556,0.277777777777778,0.070515947467167,0.217954971857411,0.371801125703565,0.525647279549719,0.679493433395872,0.878208255159475,0.070515947467167,0.217954971857411,0.371801125703565,0.525647279549719,0.679493433395872,0.878208255159475,0.070515947467167,0.217954971857411,0.371801125703565,0.525647279549719,0.679493433395872,0.878208255159475,1,1,150.000015727529,151.597281533174,-27.3320199000104,369.712134152693,770.323196781586,5113.98968857411,-1.38218592636184,2.54853390271846,-0.282437255159983,-0.0902179033434019,2.54853390271846,-0.282437255159983,3.15709506301427,-0.192653578511613,-60.9441089469847,0.458585125246328,5.44718112696594,911.96981564421,-1.51095110925945e-17,1.64776085824393,1.25416227476305,1.04938131444641,0.939611905009895,0.780622278929277,0.653382658056452,0.108221344651599,0.0319373160087491,0.0352579929174045,0.0410825299447974,0.0424925184876575,0.051975146338923,1917.67742943443,21.2716779502128,17.3232166618681,8.76528426431044,124.199973345216,119.748363487587,2577.05721556056,434.384469678452,21.7625629286703,0.294088642606036,0.347454470804338,0.0212328865802711,0.294088642606036,0.347454470804338,0.729282380692229,0.450252767797428,0.647587349484725,0.555318252250762,0.627200595737737,0.222010832527154,1.36866976074418e-15,0.163041990670901,0.0492660434696988,0.0408866123512784,0.0459354877668776,0.0439393507013467,0.0406627773104674,0.0745755632677497,0.010308410224066,0.00547752337420388,0.00525608376122018,0.00542906695005928,0.00717771243023757,0.854765986398844,0.00602311711640575,3.94801618153389e-07,-0.413977747138321,0.0638466625797641,-0.00708747222097553,-0.0593055812831987,-0.263678277577151,0.033459871992164,-0.153776946738025,0.0461505657027394,0.0607509458261506,-0.153776946738025,0.0461505657027394,-0.778150816234495,-0.0163004514540209,0.00206040134358073,-0.0456220218743373,-0.182399302467239,-0.111027192334791,0.00542298332265016,0.937426417268493,0.235901466664221,-1.00923276152833,-0.768573581781447,-0.614760246278462,-0.60850507573325,0.541005440067853,0.268207171171181,-1.55793594009031,-1.17142669413026,-0.831163581998778,-0.747601561740379,-0.0362339073334309,-0.089384327495442,1.79999946772531,2.12124407451076,1.49418098159777,1.50672185180556,1.49546808472068,1.79553468313621,1.53495887870263,1.65355758562127,1.49372795005129,1.6044535238357,1.65355758562127,1.49372795005129,3.93728238923662,1.71786498790681,1.61483832079202,1.49371185237391,1.6739005045901,1.85078279166247,2.69284141695331,2.89093806227832,2.41005823724071,3.51411249196427,2.40416718277294,1.99549330196374,1.92738904886524,1.58902525926537,3.1817544489868,5.65126606748892,3.76313029887503,2.65328440965367,2.19790294936461,2.28526598322542,2.59863744611918
-8.33333333333333,22.5555555555556,1.13555555555556,0.277777777777778,0.070515947467167,0.217954971857411,0.371801125703565,0.525647279549719,0.679493433395872,0.878208255159475,0.070515947467167,0.217954971857411,0.371801125703565,0.525647279549719,0.679493433395872,0.878208255159475,0.070515947467167,0.217954971857411,0.371801125703565,0.525647279549719,0.679493433395872,0.878208255159475,1,1,150.000015727529,152.928545984793,-8.81835343610041,620.044359962504,120.822772992397,3849.40162483075,-39.6055702530986,0.944428325174461,-0.383121497902302,-0.016952922060202,1.01724948135403,-0.0626729820383293,-1.60570764868243,-0.929399928132486,-101.089522966358,0.0668200579106343,1.52001737454432,1173.78221018644,18.5551692532028,1.54785314029789,0.973091761274867,0.578271669617749,0.357985157796063,0.158258241398813,0.0594713584428705,0.105396943017436,0.0198667185709822,0.0167328770961358,0.00768918737631496,0.00956730028122072,0.00988248890740548,4999.98177273201,43.0935215081766,17.3232166618681,43.3967120239516,117.048929946098,117.575292480097,2411.13180599595,1155.9810689651,14.380749410029,0.46682933004785,0.45379291516603,0.0128813181835896,0.557256925797201,0.336627476486026,2.93037586416415,0.503475093370302,1.51332704024891,0.534446014257881,1.135763430699,0.910448693173003,0.00507187879744535,0.227977119860702,0.133567009282138,0.0814847122127161,0.0820351654240081,0.0848188137626327,0.0831448650700734,0.106078844822266,0.0125308685336352,0.00400902628762809,0.00254252846333441,0.00174245297555179,0.0024649965458704,3.42803713011208,0.0119060462955526,3.94801618153389e-07,-0.0111460857667161,0.0125140485423456,0.0041257573289412,-0.0136544396356649,-0.231294446539036,-0.109577943329912,-0.421550574814159,-0.00601607181862233,-0.201159727665661,-0.325236462916186,-0.00680410651409478,0.549685341382136,-0.912846418101586,0.302455227242708,0.00811732012689793,-0.399453291203022,0.0650738629560115,-0.0916716336945107,1.3142263437888,0.358209638437558,0.0904209473128897,-0.366904463325227,-0.705400603900931,-0.753908178102522,0.687428328350745,1.33578685178291,0.581506111124436,0.940529964113266,8.96380566944788,0.883713195850033,-0.0548320207300933,0.0638907772846431,1.79999946772531,1.43752248022314,1.5039529563827,1.5094289230962,1.50772160084938,1.64085727014113,1.74089268488981,1.86521147557393,1.49315288556488,1.45680037765998,1.76891246220583,1.50312609735838,220.733934282699,4.11497451454772,1.58089476855324,1.50241804617071,1.86626884590658,1.82084758120276,1.23363727454579,3.95393769821375,1.57252539210941,1.84099942642219,2.05471436287455,5.52361681958838,3.00161314102877,1.87174422285809,4.66066963811273,2.49373171382563,2.94156532772465,360.885597909949,24.9119075484505,1.65460509900995,1.89045282830009
-8.33333333333333,22.5555555555556,1.31333333333333,0.277777777777778,0.070515947467167,0.217954971857411,0.371801125703565,0.525647279549719,0.679493433395872,0.878208255159475,0.070515947467167,0.217954971857411,0.371801125703565,0.525647279549719,0.679493433395872,0.878208255159475,0.070515947467167,0.217954971857411,0.371801125703565,0.525647279549719,0.679493433395872,0.878208255159475,1,1,150.000015727529,154.389494844287,-9.09698014040205,620.408124153734,116.982882118529,3693.12634100615,-51.0405114050619,0.748641936964901,-0.313322914883866,-0.0131351107280492,0.81018503750651,-0.0473243507363816,-2.49747297495053,-1.04256328165816,-101.060306218101,0.0366047207988751,0.98274793446516,1173.71471721696,19.3682585147384,1.55225903551714,0.903517456514947,0.508406551400896,0.29371084262056,0.113121559281012,0.0117206308634517,0.0895669708260599,0.0190899945838975,0.0138142282053953,0.00672763305905635,0.0096394402666389,0.0102102647640871,4999.96021247787,43.0934204770341,17.3232166618681,44.5875181901771,115.728925690917,117.429002320869,2386.04191206907,1228.23107742685,14.4700434540244,0.51324360023811,0.46611242245467,0.00992241957118604,0.607312439060641,0.334444316823267,3.02097061118067,0.622079988644986,1.57974234119176,0.531440902707613,1.26001355590443,1.16938420659317,0.00725346444825528,0.257642829073076,0.13698380604347,0.0812842668240069,0.0818315297840651,0.0735001640081577,0.0890238020094679,0.0963164401434461,0.0116049972124966,0.00472221245510471,0.00111402282967084,0.00190445649929517,0.00251560678686926,4.5769895624579,0.0153625340188634,3.94801618153389e-07,-0.0867751329304392,0.0122912414865063,-0.00305234558904449,-0.0150293790660237,-0.357685151514287,-0.134672665940175,-0.553598162586724,0.048842892359987,-0.330566883302869,-0.473905355042804,-0.00661092855106396,1.11652273804429,-0.0937545587698196,0.432488693419903,0.00855935418533301,-0.557877909605164,0.0977928054916988,0.277743817598263,1.14737072687552,0.362275706102554,0.109756167390913,-0.298354978198678,-0.551436917495158,-0.683900943096769,0.739489877795334,1.29985233299448,-0.0722954262643011,0.207663456987078,3.75542949384824,0.0570584962538262,-0.0273379516104756,-0.0121607132170509,1.79999946772531,1.479659361331,1.51254137365264,1.51269893876394,1.51985737326513,1.7897399006398,1.83478517041134,2.03967939996928,1.51643963383152,1.52272964011342,1.95525400065165,1.5031117346098,104.456181205998,2.84178129576881,1.65974094650268,1.50001175142895,2.07107837545815,1.96906750408846,1.92799132062187,3.29163568286429,1.57246315336765,1.79262655234194,1.94148031665188,4.68212121756952,2.10977355091991,1.98325134465734,4.47161162680768,3.07091198901392,1.95411740902933,89.6925333618866,10.5257326567869,1.36655588771446,1.9743233827705
-8.33333333333333,22.5555555555556,1.31333333333333,0,0.070515947467167,0.217954971857411,0.371801125703565,0.525647279549719,0.679493433395872,0.878208255159475,0.070515947467167,0.217954971857411,0.371801125703565,0.525647279549719,0.679493433395872,0.878208255159475,0.070515947467167,0.217954971857411,0.371801125703565,0.525647279549719,0.679493433395872,0.878208255159475,1,1,150.000015727529,153.518931361317,-8.46955817102385,620.705311946673,99.1874017706488,3695.07822101864,-50.054183939173,0.784062962191438,-0.329138724247475,-0.00967009144880743,0.849043287157587,-0.0470741057712738,-2.31499742697636,-1.04922771794605,-101.075410894699,0.0383130854785959,1.10316311842516,1173.63805853557,19.5977533590244,1.50692844495365,0.901815862930944,0.51856710759296,0.308100447870013,0.117866608686595,0.0393835297923133,0.103389793131965,0.0197415750215603,0.0129022114363087,0.00725839714613061,0.0106393544422456,0.0101487649203208,4999.96937818977,43.0933704822419,17.3232166618681,32.7246841476923,114.197832232863,116.858946994287,2343.31877025085,626.9436099257,20.4622078589183,0.188264300339242,0.352095444048146,0.00494616918415686,0.244605999034216,0.315564539552853,3.33971298495383,0.423460629729157,1.15112430566184,0.501076516469032,0.451923768757224,0.938263767279707,0.00593049985747644,0.291719637423518,0.216104328232067,0.145945330979252,0.0966725069435862,0.0647465100845041,0.0310554545695111,0.117636538746713,0.0178698263048089,0.00796652621986197,0.00183033855915038,0.000966002658340083,0.00259768239515265,3.62909247706112,0.0114652154847251,3.94801618153389e-07,0.102463738759899,0.0128609910054328,0.00421184237753193,-0.00539643449925038,0.0223938986956499,-0.0103950807151646,-0.329410929113646,-0.0792815510808162,-0.0407705502374508,-0.168216621735183,-0.0183230069907356,1.89478243236659,-0.283445139457769,-0.00973820556475039,0.0193341000633055,-0.298278528222088,-0.0112487345553878,0.113640847095553,0.992259704148332,0.194501636208665,0.153951980809004,0.0944165767273874,0.0264009066250743,-1.1106024827633,0.804681602829671,0.969848317857144,1.2735711804823,0.0725981493297763,-0.842400261200776,-0.135421928369382,0.118907705608787,0.168130324232925,1.79999946772531,1.62510097631747,1.50170423776782,1.50900938997545,1.49574691367218,1.58819359136477,1.56427379949019,1.54780996549814,1.50013648976522,1.60096769555351,1.52542351539887,1.48788439932558,97.8272496869166,3.49342233906786,2.09349587329979,1.4882128297895,1.52003557046673,2.10349937821699,2.54214198497553,3.14597068959307,1.72743845383584,1.67834208466591,1.63488776719857,1.59078400225822,15.4602673329781,2.22857457602093,3.90698184701678,4.15934655645693,3.49444480063703,2.45359969460864,5.39914473300366,2.55632012374563,1.63948143587504
-8.33333333333333,22.5555555555556,1.31333333333333,0,0.0313404210965186,0.0968688763810715,0.16524494475714,0.233621013133208,0.301997081509277,0.390314780070878,0.0313404210965186,0.0968688763810715,0.16524494475714,0.233621013133208,0.301997081509277,0.390314780070878,0.0313404210965186,0.0968688763810715,0.16524494475714,0.233621013133208,0.301997081509277,0.390314780070878,0.444444444444444,1,150.000015727529,157.964118321008,-8.04463233517341,620.583949588585,29.7189045307781,3843.33173627747,-46.0925622331007,0.8151131548797,-0.32404415035413,-0.0101616426413915,0.876688594938027,-0.028827589981252,-2.28860186605562,-1.01548958233517,-101.076814915113,0.00619370204145403,1.11042902822623,1173.72981981044,19.7963055931679,1.51791323820435,0.936588386626392,0.512962983022602,0.345870148942818,0.133215533798563,0.039568936043433,0.0874116271284242,0.0145389101540465,0.00847412904905739,0.00685300656181647,0.00980391886261849,0.00930351130090615,4999.94813040308,43.0937183626712,17.3232166618681,30.9411454902045,112.974861668124,117.012495556311,2315.99481837463,619.928360311694,22.4924370830348,0.226100474851276,0.328269717479558,0.00504028209227195,0.253034620107676,0.30798524619554,4.7040146986953,0.493574583313997,1.08502898387286,0.488848656510829,0.504408283503205,1.01381871881104,0.00589897051087951,0.312029435164547,0.231065492266061,0.156688628677017,0.113063961232812,0.0804117528144786,0.0433689652804635,0.107698164055545,0.0180549306662791,0.00577579835218608,0.00218830355347343,0.00100115374744352,0.00254770899704977,3.84835149962417,0.0125849383054592,3.94801618153389e-07,0.106727580512025,0.0087877218030691,0.00235263557362732,-0.00123464523116423,-0.0313531252818267,0.0320880722994039,-0.23031589637414,-0.0877768745453731,0.160803032263199,-0.240855609397695,-0.0221195610316155,1.42765953177276,-0.622027032322883,0.0312587921686683,0.0227923234303716,-0.282247101767907,-0.137850623198795,0.324572416888549,0.94676353629682,0.202774272953634,0.167077665431543,0.0936493890456436,0.0481093858234464,-3.12654501879626,0.852127773082019,0.940696175006024,1.44735848890002,0.837600848964186,-0.47896045022093,4.25786785769678,-0.321989830354117,0.0542285955564977,1.79999946772531,1.63385167009093,1.50439450053705,1.51115133458262,1.50061672658995,1.61972685056341,1.55141370977395,1.62354092556135,1.48505372796709,1.57734557947391,1.59233461994898,1.48794191744274,169.130045805299,4.73606676337343,2.32206162833648,1.4871044727144,1.63700539457122,1.83902403157552,2.30708896811106,3.00913196247677,1.72423468318133,1.67522986027607,1.62535618710603,1.57102437499198,54.1013272266452,2.39124958251508,3.81101615496334,4.84068423144909,3.46143313670864,1.68590696162097,79.9003996635869,2.28277480069858,1.58065609082307
8.33333333333333,22.5555555555556,1.31333333333333,0,0.0313404210965186,0.0968688763810715,0.16524494475714,0.233621013133208,0.301997081509277,0.390314780070878,0.0313404210965186,0.0968688763810715,0.16524494475714,0.233621013133208,0.301997081509277,0.390314780070878,0.0313404210965186,0.0968688763810715,0.16524494475714,0.233621013133208,0.301997081509277,0.390314780070878,0.444444444444444,1,150.000015727529,158.72259139673,-8.11452518591813,620.552390376002,30.1254424539111,3865.23268409541,-47.3384762003958,0.813805478595981,-0.321805563329237,-0.0106224656806583,0.874665972294553,-0.0283122345016144,-2.30547506561816,-1.00615713226018,-101.072051869597,0.00461131762316426,1.0923291601604,1173.64305801479,19.7214321424856,1.50780793667326,0.943866649307363,0.517617144047495,0.350028882408083,0.136451828976148,0.0315123809322988,0.0870664216289971,0.0141186256598271,0.00855802416414957,0.00611226330590564,0.00986108363712115,0.0103258734506823,4999.97104468285,43.0933986043124,17.3232166618681,42.3430903576247,116.488886089299,117.136839301858,2411.49166846791,907.775310981452,17.6150038053703,0.214885172575724,0.405440258492453,0.00639635888416981,0.317683240638563,0.331109576343917,3.01246987771371,0.452904529755475,1.33513556498679,0.523135910744182,0.516839300222687,1.11082551025715,0.0063983074001149,0.306402143132467,0.230634091203177,0.144565856409404,0.0930839471821607,0.0566099012013755,0.0267900214279046,0.0956691665437919,0.014919373802084,0.00447342920024721,0.00109852685847356,0.000701694882635327,0.00182032056189181,4.28898723503282,0.0127426594118019,3.94801618153389e-07,0.0556274461704914,-0.00201419848895348,0.00303566947562277,-0.00416362734184469,-0.0613187850553251,0.101879333126762,-0.136894459684269,-0.00129278455432046,-0.300889111344306,-0.0537429661596538,0.00860894530281678,0.985022192053023,-0.5120233945128,0.0787275184299829,-0.0121691690499443,-0.149953086556596,-0.0844837132913321,-0.135907060664891,0.403937483858381,-0.103804651624909,-0.0618471930565739,-0.0606067862333826,-0.0493000768070327,-2.14156325766164,0.394233359875923,0.0747854367765385,0.534219822553808,0.0916970424248701,-0.16748988271968,0.0319056212893956,0.158872261529274,0.0266252323456946,1.79999946772531,1.42870152932065,1.50202051794414,1.51437594944784,1.50722459321702,1.49560609081461,1.44241529859911,1.7126149518442,1.47851483797168,1.53777340289893,1.51251546036605,1.50642405755109,128.687849838536,3.45720179994014,1.58273230952062,1.50791727674616,1.78686764350172,1.72603171883279,2.38390091817212,2.26159796101772,1.715161360565,1.7106365439481,1.72942768285223,1.70982294007597,18.0437655156459,1.96129395189069,1.38293135713116,1.84380614250406,1.81937783289473,1.56026843032939,13.7300847664256,1.99341249264034,2.20032843839669
-11.6666666666667,15.2222222222222,1.42,0.5,0.00783510527412966,0.0242172190952679,0.041311236189285,0.0584052532833021,0.0754992703773191,0.0975786950177194,0.00783510527412966,0.0242172190952679,0.041311236189285,0.0584052532833021,0.0754992703773191,0.0975786950177194,0.00783510527412966,0.0242172190952679,0.041311236189285,0.0584052532833021,0.0754992703773191,0.0975786950177194,0.111111111111111,1,150.000015727529,187.294297469014,-13.4463552650766,614.630809290699,306.425085616082,5817.21362358088,-39.8084455785855,2.46075360899906,-0.657215648174149,-0.109391485574419,2.5388859910426,-0.203257729174044,4.643253669649,-0.288849845284866,-100.930009374023,0.316849472049891,5.16258980314551,1173.72190396834,10.3765232788251,1.31813279866681,0.7872568899073,0.499991969586501,0.465588251223831,0.377532548692844,0.326481476929487,0.0157305980920737,0.0103068195694199,0.00620465211957087,0.00611978887615874,0.00696389636496198,0.00756456473284032,4999.98510571815,43.0936600354121,17.3232166618681,62.1239447402717,124.270658718526,121.628994627194,2617.21042154068,2274.77876004958,22.4131826249267,1.24202235154327,0.600479327269482,0.0880504825769641,1.31789010079898,0.4078809816942,3.0157881130115,0.527736199035611,1.84208311371359,0.658356245745389,2.89618303149003,0.448084301436258,0.00476256066434076,0.176930320465931,0.0801067477694689,0.107238365594117,0.135098601551306,0.155122960622686,0.164237528153351,0.0290971842874188,0.00555932666984959,0.00283879408658852,0.00214018846991947,0.00136782648646353,0.00108094371856737,1.21539046013753,0.00497898035482551,3.94801618153389e-07,-0.159771343276036,0.0122018464764089,-0.0206337699985378,-0.0160060262886327,-0.176508785342787,0.388150258572869,-0.178958007156282,0.0270273068351514,-0.258626142502557,-0.1680269337176,0.000613684846717764,-0.192828853152271,-0.339139968156301,0.0364841903150646,0.000360269572332534,-0.177753079179299,-0.990507923721971,-0.639722312383312,0.500621901084772,-0.308414462709471,-0.478740239825321,-0.380897509676026,-0.364232577207788,-0.356338046882483,0.927175423624522,0.636655618547321,0.437345580104863,0.192520652802983,-0.484864541245205,-0.421648047096168,0.101580193787336,0.363039727854916,1.79999946772531,1.56430271367843,1.49723368495416,1.50319082486643,1.50231203832203,1.58372725423353,1.85803232220097,1.58125629175073,1.51006467703489,1.53676515568463,1.57598245567345,1.50160778079862,1.98522219558725,2.02643071427448,1.47384147972279,1.502420525742,1.58019935705684,1.98110594695593,1.40924463695516,1.83119913712963,2.27391087621249,1.8842202735703,1.66749185703513,1.62715080476271,1.62993043214089,3.29814252142782,2.54721860691574,2.01314683512863,1.82214973912505,1.85082671923104,2.28976970443883,1.99892881349804,1.61234120318437
-11.6666666666667,15.2222222222222,1.42,0.5,0.047010631644778,0.145303314571607,0.24786741713571,0.350431519699812,0.452995622263915,0.585472170106316,0.047010631644778,0.145303314571607,0.24786741713571,0.350431519699812,0.452995622263915,0.585472170106316,0.047010631644778,0.145303314571607,0.24786741713571,0.350431519699812,0.452995622263915,0.585472170106316,0.666666666666667,1,150.000015727529,196.582001874805,-16.1276636392042,614.399375065098,364.476897458598,6069.40829080304,-36.7683051871368,2.52354098531403,-0.631207961168628,-0.106041586188939,2.59269981251953,-0.211143800520779,4.77064799622956,-0.270155795653578,-100.938951150922,0.326657510382252,5.22330319758358,1173.67409644829,9.38741349859388,1.39597656494115,0.838732809082387,0.601387907509634,0.523242120612436,0.38432076866993,0.318072690344756,0.0192123108260598,0.0154095816060827,0.0122980344755754,0.0110428643891261,0.0114509479220915,0.012384809811478,4999.98187688782,43.0935267159669,17.3232166618681,56.5440967574607,124.447210637072,121.539509058205,2609.85420268403,2043.11940387477,23.0146528591589,1.07589355549635,0.535953222250548,0.0772574053661505,1.13572327920818,0.393595213308984,2.57867755087576,0.429711783152342,1.62198964553344,0.632239645004955,2.45125626189902,0.489179562580815,0.00506283857491528,0.177528881373072,0.0769410875044579,0.11394682992796,0.132387552484184,0.13169378670278,0.130793135634501,0.0319950795277264,0.00643564391569451,0.00468338767782366,0.00459434951400262,0.00358996767304911,0.00453369498003004,1.872466248541,0.00677145815594815,3.94801618153389e-07,-0.14891182285177,0.00835137221240878,-0.0174866943140355,-0.00834925784511891,-0.161849033224824,0.225868114390919,-0.162873497453803,0.0107924759447166,-0.212656154942155,-0.152994842725499,-0.00619053886751744,-0.244309175244266,-0.11611906672008,0.066308409501696,0.00742779524060753,-0.163551267085674,-0.489998668205653,0.00356243161076869,0.595168496486375,-0.32991899345359,-0.482735557197218,-0.406198691207901,-0.367643262089221,-0.369488498456355,1.01995807350607,0.61515666576087,0.324797589515778,-0.0527639887756654,-0.115066119273529,-0.0149164705304239,-0.190980566453566,-0.370525924496885,1.79999946772531,1.5737947375051,1.49709785410569,1.50909350809406,1.4987520276771,1.59132185833546,1.76696226306761,1.58747701818399,1.50227753981409,1.5386014984245,1.58218132222247,1.49515810006969,1.97892470072205,1.87242042062982,1.47026239377123,1.49581299342132,1.58760890560667,1.86824498836353,1.70957729612759,1.98412314870663,2.30599417089987,1.89432321992818,1.69127035951508,1.62761076385955,1.63574713968464,3.44324083842797,2.60033215314726,2.13041388394234,1.96337243521876,1.94190703906338,1.6229145258968,1.71792510293936,2.42619922963069
-11.6666666666667,3,1.42,0.5,0.047010631644778,0.145303314571607,0.24786741713571,0.350431519699812,0.452995622263915,0.585472170106316,0.047010631644778,0.145303314571607,0.24786741713571,0.350431519699812,0.452995622263915,0.585472170106316,0.047010631644778,0.145303314571607,0.24786741713571,0.350431519699812,0.452995622263915,0.585472170106316,0.666666666666667,1,150.000015727529,48.1756442037288,-1.42122096969066,204.578182480992,31.6489562649724,1626.00177064889,-21.0896187897094,0.912146599312572,-0.0650997311248828,-0.0133470647849182,0.912146599312572,-0.0650997311248828,-0.248155550232267,-0.0300925269867722,-33.2867638787626,0.112504541146756,2.06364472450786,673.494885949379,1.49206543068431e-18,0.198436839912509,0.15519095094261,0.197578106447245,0.271068336631601,0.292030819706281,0.346286574315176,0.0120083262160191,0.00820320924903656,0.00599887970003125,0.00653979502135194,0.00735379481304032,0.0117370547859598,22.4706218102281,0.337504187063847,17.3232166618681,3.0324529029147,122.35342483939,120.203493581624,2529.78428563833,175.37016177987,6.90910087165208,0.186254801361901,0.33933010322862,0.0051254350337486,0.186254801361901,0.33933010322862,0.239574349179417,0.0501076486327704,0.362033515039404,0.542810179497732,0.389414942996127,0.0761159341307964,1.00136375631632e-15,0.0226368975617495,0.0372684695570782,0.0439266506258529,0.0542666085697273,0.0582112979534193,0.0800758194355441,0.000586823759947303,0.000329164301460704,0.000345363557847249,0.000481127573886986,0.00138203177445465,0.00493581535132772,0.201293108165923,0.00300702219258025,3.94801618153389e-07,0.279897602330039,0.0152342867912818,-0.0150059782965459,-0.0144094518230682,-0.159823624346628,-0.319260619677683,-0.0935535516003848,0.00732852448704198,-0.127573774849758,-0.0935535516003848,0.00732852448704198,-0.918271697982213,-0.204648952899757,-0.0232890244915943,-0.00603101184990451,-0.193073999948785,0.0858906376550214,0.123206456997189,-0.946655913810658,-0.331168423142142,-0.188753983111065,-0.118776041545862,-0.134780084761585,-0.462820178156446,-0.00692288567888219,-0.0500048863325681,-0.171281221559823,-0.251187903405242,0.0118846491619462,0.086090728566335,0.0619382328787625,0.0616139267212575,1.79999946772531,1.49853885620235,1.50537898341877,1.50231936222788,1.50512622770538,1.59007196894795,1.63197999420009,1.52796732160203,1.50103055233088,1.66920950051189,1.52796732160203,1.50103055233088,3.41393221481502,2.06304527733363,1.50125253639387,1.50008884468685,1.62513051336287,1.72998109035567,3.87108218401035,2.93591400106188,1.80126014609504,1.58904276867555,1.50527632188596,1.51398287584606,1.84987935102999,2.48690649361792,1.31095999600684,1.54739112384908,1.6166302238364,1.47810291207451,1.39251209474874,1.59931121817742,1.59896596493281
5,3,1.42,0.5,0.047010631644778,0.145303314571607,0.24786741713571,0.350431519699812,0.452995622263915,0.585472170106316,0.047010631644778,0.145303314571607,0.24786741713571,0.350431519699812,0.452995622263915,0.585472170106316,0.047010631644778,0.145303314571607,0.24786741713571,0.350431519699812,0.452995622263915,0.585472170106316,0.666666666666667,1,150.000015727529,48.7935975419229,-1.22921561920632,205.063549630247,28.4428017394021,1648.28392875742,-20.2020836371211,0.923315571294656,-0.0654781756473284,-0.0134062159150089,0.923315571294656,-0.0654781756473284,-0.234361270869701,-0.0306811748664722,-33.3711030101031,0.113139891948755,2.08764659931257,674.340506197277,-1.04749040724924e-18,0.216438725132799,0.169050631184252,0.208806009790647,0.28135334860952,0.301131330069785,0.354857900218728,0.0120381231121758,0.00817498895948338,0.00600552817414853,0.00650858316841996,0.00765290667638789,0.0119679633371524,27.9614831788355,0.419446078533487,17.3232166618681,0.99544599201093,122.313115937591,120.116543868093,2524.57438056713,142.343677418645,7.61945097108819,0.144849081569293,0.3328703422512,0.00402578395641002,0.144849081569293,0.3328703422512,0.257812600421479,0.0507009364486193,0.355515034129332,0.531243034444367,0.326576326886143,0.0546553023133648,9.22067305881313e-16,0.0574141596229351,0.0589248629308042,0.0583132565181679,0.0623845446228155,0.0628867347199801,0.0786357313842788,0.00136336047669908,0.000606976969877299,0.000518034071497403,0.00059618096576599,0.00124843471747216,0.00500027333706092,0.24238370912954,0.00361275856711301,3.94801618153389e-07,-0.499809572351928,0.0128030998089495,-0.0130233027151336,-0.0114607679245475,-0.411392107554839,-0.117467293241433,-0.252318812644015,0.00242036013252524,0.327288895551794,-0.252318812644015,0.00242036013252524,-0.749357040542649,-0.0886904875043491,-0.0202362870301604,-0.000731249433133191,-0.335086964261801,0.00389585743810422,-0.0660463296762662,-0.180488750861886,-0.0878786439079215,-0.0564575397141131,-0.0431598896778808,-0.0418202749581931,-0.396601353591677,0.128525801408285,0.00771029545302066,0.158983898966873,0.0217982453194938,-0.425305398037679,-0.000298288315528918,0.161767342505367,0.16207080685457,1.79999946772531,3.06155828088786,1.50291959824552,1.50411718886194,1.50268774433714,1.86433201776014,1.58200687135479,1.67207782305732,1.4993459500796,1.79594792935573,1.67207782305732,1.4993459500796,3.63676246780941,1.80443576166889,1.50077233923061,1.49863622565724,1.74727311047965,2.13823666552589,3.87605807587666,1.75327664187475,1.63523410605616,1.58663858762218,1.55134282603703,1.53085609153163,1.69154716471085,1.39371867760878,1.58568252717986,1.59278720443117,1.61234673629246,1.9001948140938,1.34788962426534,1.52401446795013,1.5240177387808
5,3,1.24222222222222,0.5,0.047010631644778,0.145303314571607,0.24786741713571,0.350431519699812,0.452995622263915,0.585472170106316,0.047010631644778,0.145303314571607,0.24786741713571,0.350431519699812,0.452995622263915,0.585472170106316,0.047010631644778,0.145303314571607,0.24786741713571,0.350431519699812,0.452995622263915,0.585472170106316,0.666666666666667,1,150.000015727529,45.6655692115405,-1.3413406124362,204.909193833976,30.3635379647954,1513.9811477971,-17.8458578273097,0.833676481616498,-0.0597613247734611,-0.0110949057389855,0.833676481616498,-0.0597613247734611,-0.357345241579002,-0.0277153954613061,-33.3189928132487,0.102667645047391,1.87551348817831,673.837402353929,-1.96339344339131e-17,0.21710395792105,0.169586597229455,0.209255931673784,0.281806811790438,0.301568794917196,0.355257098218936,0.012036881574836,0.00817325726486823,0.00600490323924592,0.00650619445891053,0.00768635183835016,0.0119850264555776,24.6854463076763,0.370581501926883,17.3232166618681,0.929847048032794,122.233071952599,120.140116883787,2522.76050548048,112.929206985575,6.89685833745861,0.126756334058347,0.332390914590643,0.00326422785726346,0.126756334058347,0.332390914590643,0.242959350473561,0.0502329887058015,0.35500495309105,0.530422857101282,0.281798079398042,0.0514567118909265,8.8070544537222e-16,0.0575550876783848,0.0591002596524996,0.0585434957822416,0.0627370129111304,0.0633365493078421,0.0791368671977256,0.00136929060991869,0.000609833225712484,0.000520640133744555,0.000600138215672822,0.00126172457925857,0.00500479692067687,0.21687633586803,0.00323675690864286,3.94801618153389e-07,0.43467954894237,0.0143542891831262,-0.0144578930157327,-0.0131518659955533,-0.476767796326719,-0.147948248748159,-0.236040966847275,0.00497701612835454,0.314025591317844,-0.236040966847275,0.00497701612835454,-0.655301831906025,-0.0653280001974817,-0.0236263927361472,-0.00344973900922693,-0.347192773560106,0.18080239317478,0.00886151184784867,-0.18013445668673,-0.0880141769554641,-0.0566492480337266,-0.0437112830417501,-0.0427866949379364,-0.396536306823644,0.129665322788163,0.00773488631593396,0.158555280377513,0.0222301166118607,-0.443028974137108,-0.00672990126864504,0.16690692280298,0.167212731482081,1.79999946772531,1.89044822621749,1.50440084087397,1.50325404512439,1.50420762003626,1.94942487662182,1.5836325948073,1.65504143687703,1.50144851231492,1.86901223231242,1.65504143687703,1.50144851231492,3.64784187772311,1.76392560297316,1.50101149563093,1.50085977710274,1.76145763293907,1.79765695785761,3.81885791042613,1.74815597882726,1.63142769556735,1.58417612063071,1.55047165050642,1.53124356926706,1.69392410347445,1.39634791288464,1.58816910064085,1.59624317902655,1.61078739306363,1.90348141595678,1.34804137894394,1.54770811323763,1.54752255012271
5,3,1.24222222222222,0.222222222222222,0.047010631644778,0.145303314571607,0.24786741713571,0.350431519699812,0.452995622263915,0.585472170106316,0.047010631644778,0.145303314571607,0.24786741713571,0.350431519699812,0.452995622263915,0.585472170106316,0.047010631644778,0.145303314571607,0.24786741713571,0.350431519699812,0.452995622263915,0.585472170106316,0.666666666666667,1,150.000015727529,45.8203260077075,-1.22469147380482,205.160968649099,28.9467702843454,1522.07770023956,-17.7014917196125,0.842414967190917,-0.0603237220602021,-0.0111073942297677,0.842414967190917,-0.0603237220602021,-0.346155725372357,-0.028189517251328,-33.3629038641808,0.10387470020727,1.89944005832726,674.273669409451,-2.14511361670659e-18,0.215407967920008,0.168703666284762,0.208124393292365,0.280475565045308,0.300146432663264,0.367348422039371,0.0120171763357983,0.008188149776065,0.00600193042391416,0.00655596458702219,0.00732705655660869,0.0102289152171649,27.5224778668888,0.412902666388918,17.3232166618681,3.5073995809989,122.214203722766,119.970695880456,2521.43548947452,33.4879829746515,7.06694900046447,0.049700914435768,0.330765770464674,0.00170347528877367,0.049700914435768,0.330765770464674,0.115756616334877,0.0456666631190915,0.351212934026886,0.527545230726487,0.072619478959367,0.044044989671449,9.42711555745428e-16,0.0355748361445836,0.030225572663011,0.0264863336755386,0.0260890934019843,0.0253881114736773,0.0255403953298208,0.000860467650858115,0.000312957435308371,0.000241472444408599,0.000265101239301373,0.000627649817132811,0.00481449488172378,0.121140479552114,0.00180413505766509,3.94801618153389e-07,-0.174369924744751,0.0132843938615732,-0.0132691405650771,-0.0127817480814872,-0.0770394820797001,-0.196773675475338,0.0505573300494823,0.00861879764009427,-0.403874985262722,0.0505573300494823,0.00861879764009427,0.212194515868326,-0.0737480704696341,-0.0297911354848508,-0.00810275192040402,-0.741062691105088,-1.07483926704668,-0.0139185069993629,-0.413308323502599,-0.301053043722901,-0.228522325707464,-0.122890033833239,-0.114978087144775,-0.137013059347142,0.0307317671459979,0.0733303911385097,0.15652139561008,0.523704282499167,0.161311804475243,0.302468350302854,-0.0217271114625599,-0.0220326884890182,1.79999946772531,1.50198027728012,1.50315041682574,1.50387583571891,1.50312012942537,1.8284583556744,1.54845461977342,1.57774957623023,1.50234257006729,2.2674700572443,1.57774957623023,1.50234257006729,5.66253595651639,1.76800988700927,1.50250270652738,1.50223491850829,2.30478779093785,2.15527944928148,3.93768080033887,2.07416709564493,1.92459565372587,1.79684266712082,1.64981234331108,1.60383448794792,1.60577591864676,1.35901254795946,1.30939739486632,1.40791456333476,1.87654205502635,1.7951459341879,1.45915495485422,1.62607221368427,1.62435082856416
-1.66666666666667,15.2222222222222,1.34888888888889,0,0.047010631644778,0.145303314571607,0.24786741713571,0.350431519699812,0.452995622263915,0.585472170106316,0.047010631644778,0.145303314571607,0.24786741713571,0.350431519699812,0.452995622263915,0.585472170106316,0.047010631644778,0.145303314571607,0.24786741713571,0.350431519699812,0.452995622263915,0.585472170106316,0.666666666666667,1,150.000015727529,192.449599000104,-15.4817075481721,616.013623580877,347.805087864806,5927.4896364962,-30.0541584973534,2.45569690657224,-0.631330903030935,-0.0840573346526404,2.52725424434955,-0.205004443791272,4.52189580043746,-0.292577284041246,-100.998794917196,0.31711322677846,5.09146609728153,1173.61076971149,9.78027309655241,1.43032809082387,0.876626403499634,0.635696948234558,0.554055306738881,0.411372023747526,0.344681741485262,0.0175074807450578,0.0154192638266847,0.0130168253306947,0.0139300713467347,0.0116916477450266,0.00677963722528903,4999.99177169045,43.0932444537024,17.3232166618681,19.654917538187,121.501787153426,117.0143102529,2503.40060254026,359.109330673768,25.1628937462359,0.094188244576865,0.352882973519709,0.0102471679588281,0.14606486444012,0.334755923787256,1.44574600573104,0.35805284934758,1.15152141919903,0.531740225773309,0.208338231912742,0.569762963490816,0.00502966140385693,0.133721131040928,0.0760545074249883,0.0497792938468807,0.0347157786114039,0.0264541452438196,0.0227802169502454,0.0254836425205094,0.00679318316565651,0.00291545797964059,0.00187395235437607,0.00335499848088443,0.00240661402595915,2.18661529641955,0.00739675651862361,3.94801618153389e-07,0.146355726451627,0.00718081943510353,-0.0118238234084754,-0.00719409040347139,0.164288943368165,-0.0512162953548858,0.109910481843716,-0.00315665694351046,-0.182881050608136,0.0833475044605983,0.00588262403294127,0.239636269318151,-0.36412426330418,0.0740650180789903,-0.00704309618358248,-0.0404683807831523,0.263695246904737,-0.0579562644863504,0.399927077657922,0.302472926755409,0.2588613607856,0.190591153985032,0.202919053190261,0.502655509614623,1.26590268624896,1.28675994127923,1.31902831184325,1.73403833052973,-0.418406658447184,1.87507605345347,0.0534873363871929,0.0671317129557613,1.79999946772531,1.49828494752879,1.49652468904463,1.5078670493748,1.49945558611767,1.49658836088479,1.55964684883232,1.5652050714332,1.47785079024333,1.47819906064293,1.45038505601281,1.49497115583339,7.16190506364039,2.35761608657818,1.65085478690993,1.49492007316759,1.64050779434883,2.22100228169223,2.20132066287917,1.58074924334955,1.53201775639983,1.59286194293124,1.62181337696392,1.75477453204711,2.45992158605939,3.74219007049672,4.4826322673659,5.95073271727635,9.15592032192294,1.9781864912401,6.03984516870916,1.71377719753376,2.67032657574034
15,15.2222222222222,1.34888888888889,0,0.047010631644778,0.145303314571607,0.24786741713571,0.350431519699812,0.452995622263915,0.585472170106316,0.047010631644778,0.145303314571607,0.24786741713571,0.350431519699812,0.452995622263915,0.585472170106316,0.047010631644778,0.145303314571607,0.24786741713571,0.350431519699812,0.452995622263915,0.585472170106316,0.666666666666667,1,150.000015727529,200.870721799813,-17.3098373086137,614.404134985939,406.24429955213,6322.46870117696,-27.0842362408082,2.73478158525154,-0.650718133527758,-0.103870505155713,2.80153119466722,-0.232164015033851,5.65416394646391,-0.250070008212686,-100.928019997917,0.364513916381627,5.73725622331008,1173.73159045933,8.64687136756594,1.41979629205291,0.909854681803978,0.679968690761379,0.60088672013332,0.459678814706801,0.392946255598375,0.0528462715822518,0.0158035050911259,0.0134000106238933,0.0139125434850536,0.0138625427559629,0.0124881784189147,4999.99093844391,43.093328819914,17.3232166618681,18.8122622905744,123.411375829651,117.299507239055,2543.56365028884,314.083245806463,26.2550261110641,0.0499090140742301,0.342845977592489,0.00691073593411303,0.089939851953957,0.334578111262776,1.48664248206776,0.312582070519214,1.10628749748881,0.529644556669136,0.0972112764006494,0.568194198543918,0.0045397794887694,0.372454510386279,0.193706918826498,0.119655033145829,0.0728426948099014,0.04721208934482,0.0342508212308612,0.0723596967708367,0.0138241725170063,0.00514732296610453,0.00246651106398489,0.0017149718491585,0.00518809099377853,2.02325572110428,0.00598618997089689,3.94801618153389e-07,0.125709915553465,0.0113071078028238,-0.00929918516288308,-0.0129196072404464,-0.0864637580276767,0.0130017083462545,-2.03326863761082,0.00315809043070332,0.374201754135877,-0.529498553158779,0.0106951885268927,0.140373137035226,-0.400921085920486,0.0980525138087473,-0.0121843761550408,-2.74236409753278,0.0592353552979619,-0.021593029392332,0.371636716828436,-0.0136815373217257,0.00210573689766301,0.0120903428555117,0.0517427519837542,0.0866744754509126,0.20517783281258,0.052979423233527,0.0345360491895538,-0.0473591913753046,-1.01393525043168,-0.358047699912917,0.0168705855330089,-0.151320967009343,1.79999946772531,1.39561214992261,1.49681288405999,1.51014147119271,1.4996676134061,1.58622165192646,1.48437638872003,6.81241449383929,1.47767465429698,2.47981779905658,2.38215780478061,1.49431692484197,7.8340709884555,2.49151505659465,1.62425420779136,1.49485533563641,11.0956962355244,2.51221061189747,2.20484275547632,1.93895532530127,1.67236513806302,1.65046620709268,1.61065777558266,1.58294850636022,1.55403975882704,1.68260244717244,1.4286850086069,1.35586144435462,1.96511259605629,5.48104863488033,1.40717337883652,2.02883565633791,2.49697773856514
15,3,1.34888888888889,0,0.047010631644778,0.145303314571607,0.24786741713571,0.350431519699812,0.452995622263915,0.585472170106316,0.047010631644778,0.145303314571607,0.24786741713571,0.350431519699812,0.452995622263915,0.585472170106316,0.047010631644778,0.145303314571607,0.24786741713571,0.350431519699812,0.452995622263915,0.585472170106316,0.666666666666667,1,150.000015727529,46.8452931986251,-1.43031156546193,204.575348401208,32.2400439329236,1572.98823039267,-18.8301953963129,0.8826605353609,-0.0633181807592959,-0.0120774781793563,0.8826605353609,-0.0633181807592959,-0.288236140152068,-0.0292092352363295,-33.2749557337777,0.109495933103843,1.99895229663577,673.385564003735,-2.00266934392251e-17,0.193152900739506,0.152360847828351,0.195923560045829,0.270406280595771,0.292848255390063,0.363421831059264,0.0120198791792522,0.0082154707842933,0.00599931142589314,0.00657065034892198,0.00744315477554421,0.0106579725028643,21.7141933131965,0.326200666597228,17.3232166618681,6.07471016969505,121.902956644538,120.034702272084,2511.49930122212,158.555939021413,7.84969904292672,0.0441188018036342,0.324995518972437,0.00129951200727421,0.0441188018036342,0.324995518972437,0.163189400151311,0.0454671081521937,0.343194491473564,0.517450702076677,0.150577442752288,0.0351472659553415,8.87621732811389e-16,0.0374968234233948,0.0200978511307249,0.0196764634957544,0.0364613264742019,0.0390207181257569,0.0446611210536847,0.000805122070186148,0.000206290224374291,0.000190729366194119,0.000356320562488642,0.000957225932491229,0.00523006996880719,0.0763368202515365,0.00113990934095737,3.94801618153389e-07,-0.0457846141501262,0.0160154808731571,-0.0157045564395941,-0.0163430478750957,-0.0129603229975867,-0.106506635939024,-0.0235036775633538,0.01595917766499,0.589543026565005,-0.0235036775633538,0.01595917766499,1.36143241207506,-0.119986431103893,-0.0304456076316153,-0.015924370167193,0.0414594958878764,-2.02381920779934,0.0328449885034942,-0.286321125461686,-0.294007426504112,0.128325713509586,0.0918768866604252,0.069359890256602,0.048673912907919,0.102359284601761,0.0195008247526001,0.385933842064135,0.199558807964482,-0.14661223793919,0.347883089273173,-0.258606748129938,-0.257637661315945,1.79999946772531,1.49715470377854,1.50562482160039,1.50176988138794,1.50562700560427,1.52477749808951,1.51762418940176,1.57681149514572,1.50531861566084,2.13793118847635,1.57681149514572,1.50531861566084,6.49440130046941,1.76618463943889,1.50157520623189,1.50531284320915,1.58142902268156,5.09584418756363,4.12048218583843,1.96924556599168,2.12422026650535,1.39880721396134,1.52123077381417,1.53520507299715,1.53292816334349,1.34790519500431,1.82301770412056,2.31116627760101,2.14958629621857,1.52681970747676,1.30838928483749,1.94856922159675,1.94241704024439
15,3,1.34888888888889,0.277777777777778,0.047010631644778,0.145303314571607,0.24786741713571,0.350431519699812,0.452995622263915,0.585472170106316,0.047010631644778,0.145303314571607,0.24786741713571,0.350431519699812,0.452995622263915,0.585472170106316,0.047010631644778,0.145303314571607,0.24786741713571,0.350431519699812,0.452995622263915,0.585472170106316,0.666666666666667,1,150.000015727529,46.4138735548381,-1.52245161545672,204.375346318092,33.5348287053432,1553.59816685762,-18.9947039891678,0.86817940839496,-0.062432885075513,-0.0117308478283512,0.86817940839496,-0.062432885075513,-0.3073058577544,-0.0285624050567649,-33.2410030205187,0.107787378950109,1.96323466305593,673.048619935435,-6.53366812831972e-19,0.195560748880325,0.152598691802937,0.195157098218935,0.268170773877721,0.289553161129049,0.350559077179461,0.0120434090198938,0.00820663024684927,0.00600101479012603,0.00655949640662431,0.00747072054994272,0.0108834883866264,19.516735756692,0.293336819081346,17.3232166618681,2.96797919190706,121.925942017459,120.211840586244,2513.04837851718,80.2614891358607,7.62120221880173,0.0495154349873178,0.326574395287426,0.00166502037977634,0.0495154349873178,0.326574395287426,0.180045449098101,0.0476028951641209,0.347138487151322,0.520201102469598,0.156841104008741,0.0499835536955767,8.80063776616972e-16,0.0588334105597778,0.0465611603406488,0.0417780712998712,0.0487146281495076,0.0485270238356936,0.0599179489415037,0.00128366256286045,0.000430867159702422,0.000346776813415915,0.000453082718041781,0.00117478215184576,0.00504818457895752,0.173166435659554,0.00259012778108903,3.94801618153389e-07,-0.154570656761597,0.0164147078309102,-0.0158364473665247,-0.0158076488826013,0.443147165524789,-0.0863721933486863,-0.775650415146338,0.0094334467108507,0.963011913174996,-0.775650415146338,0.0094334467108507,0.340745099615319,-0.104751126393756,-0.0308599167285251,-0.00834600181539675,-0.129434575177734,0.0552236219249931,0.0714294804961515,-0.110457056552204,-0.0737723943260971,0.0125198198503242,0.0803565980083563,0.0629198942823135,-0.159146762043905,0.162402357057636,0.00938273338519481,0.140354827330129,0.0148679234056999,-0.163635661900821,0.329998297802177,0.00347197383042275,0.00350383137800767,1.79999946772531,1.60655221730486,1.50635389024423,1.5006907320537,1.506231643371,1.57462210837368,1.53483651727376,2.43947992522942,1.50408998373014,2.67970845899236,2.43947992522942,1.50408998373014,6.88871481680168,1.75938218220149,1.49741308391276,1.50365232284202,1.54051799278893,1.00304964844391,4.06409789589569,1.72344838452659,1.68238954196879,1.5859740233242,1.47041753306925,1.46881570450102,1.68104737114876,1.52651796215364,1.58649914470706,1.5929127042322,1.78193936252259,1.48260211275008,1.37157433211894,1.62410919682693,1.62376164248933
15,3,1.34888888888889,0.277777777777778,0.00783510527412966,0.0242172190952679,0.041311236189285,0.0584052532833021,0.0754992703773191,0.0975786950177194,0.00783510527412966,0.0242172190952679,0.041311236189285,0.0584052532833021,0.0754992703773191,0.0975786950177194,0.00783510527412966,0.0242172190952679,0.041311236189285,0.0584052532833021,0.0754992703773191,0.0975786950177194,0.111111111111111,1,150.000015727529,48.3334225601499,-1.65707801166545,203.891600874909,35.5838700552026,1658.67982501823,-17.6416304551609,0.966050234350588,-0.0691377202103948,-0.0144712135194251,0.966050234350588,-0.0691377202103948,-0.160830795183835,-0.0320334368899073,-33.1930705134882,0.121178667435684,2.21704968232476,672.540256223319,-2.76686124640661e-18,0.193298105405687,0.1575522435163,0.179419050098948,0.259432861160296,0.322080252057077,0.408407009686491,0.012027082595563,0.00807321987292991,0.00600034371419643,0.00599902103947506,0.00680279793771483,0.00711570429121966,16.2656171232163,0.244654233933965,17.3232166618681,3.27215302678453,121.723821759125,120.372166865628,2505.87812762649,141.824643700014,8.76008338877057,0.0932211010414067,0.322566754623299,0.00289483641122224,0.0932211010414067,0.322566754623299,0.300040461674404,0.0525706101013592,0.343111297732232,0.513057523213804,0.289218555857405,0.0576004283211361,9.36563915046896e-16,0.0582525589005515,0.0482061614533897,0.0397121506460041,0.0510561755388774,0.0621914006949095,0.0984662372752755,0.00123995252696011,0.000442816015552764,0.00029777896405149,0.000430800797903116,0.000506643852556455,0.0010726430921212,0.235697892912583,0.00353253317970065,3.94801618153389e-07,0.019563386546156,0.0170710073130071,-0.0154129178574647,-0.016194054337373,0.411535905345389,0.00721039157390275,-0.339157825408075,0.00341251004073428,0.567687891483513,-0.339157825408075,0.00341251004073428,-0.251043068306678,-0.244107356967396,-0.0219009025976804,-0.000723970502701447,0.00232372742970865,-0.331390457429264,-0.0904398697742302,-0.110675500862763,-0.0678305293703684,0.0508322340004211,0.136895157257149,0.140416988371401,-0.179725626130007,0.151639520128494,0.00934302220183782,0.133575492848944,0.185298882627469,0.128543992804553,-0.0924199681491564,0.132536481634191,0.131383311634577,1.79999946772531,1.81573032959833,1.50720830631087,1.49851710484202,1.50696088126604,1.60410187988054,1.54640002840962,1.89575106985718,1.50464422133105,2.30958481864948,1.89575106985718,1.50464422133105,3.83785767615995,2.33228718760217,1.4927087126436,1.50433506361903,1.65991421856201,2.24371698634475,4.13860235986439,1.72767646000224,1.68525685063962,1.57114347268251,1.46323065771224,1.47278981562934,1.95828193370701,1.54265425093179,1.57114470424518,1.72149201769923,1.80654863724364,1.65497623258686,15.4225050684237,1.51294217627026,1.51270301888983
15,3,1.17111111111111,0.277777777777778,0.00783510527412966,0.0242172190952679,0.041311236189285,0.0584052532833021,0.0754992703773191,0.0975786950177194,0.00783510527412966,0.0242172190952679,0.041311236189285,0.0584052532833021,0.0754992703773191,0.0975786950177194,0.00783510527412966,0.0242172190952679,0.041311236189285,0.0584052532833021,0.0754992703773191,0.0975786950177194,0.111111111111111,1,150.000015727529,45.102393500677,-1.73323054588063,203.830359337569,36.9732343818353,1516.06613894386,-15.5189397979377,0.866171544630768,-0.0626879466368087,-0.0117950004166232,0.866171544630768,-0.0626879466368087,-0.299846771735975,-0.0285749261734194,-33.1620060410374,0.109176205787418,1.97693084053744,672.245995208831,1.18343157233621e-17,0.193696968024164,0.157884980731174,0.179660847828351,0.259657379439642,0.32229811477971,0.408389751067597,0.0120271992500781,0.0080725279658369,0.00599997041974794,0.00599839902093531,0.00680134506822206,0.00711730362462243,14.35517654411,0.216015737943964,17.3232166618681,3.34672021346637,121.688799604317,120.393515970052,2505.84211800289,120.770920807471,7.83353397707043,0.0747706186488001,0.323359827309547,0.00223287381178938,0.0747706186488001,0.323359827309547,0.287171656088837,0.0524907637860114,0.344268119174821,0.514497474577533,0.243779840925107,0.0502789259402442,9.24135464140364e-16,0.0583091622308757,0.0482205071453671,0.0397093505107984,0.0511014469581369,0.0622838222339524,0.0994276200054514,0.00124232733491061,0.000442986022016729,0.000297477394379109,0.000431109842483956,0.000508112346069271,0.00105656557355827,0.205549144001535,0.00308272795853274,3.94801618153389e-07,-0.0897191501405946,0.0174068803472062,-0.0153850012634616,-0.0165687977009918,0.467602296277401,-0.0260352628132822,-0.473427675760958,0.004960061227095,0.713707059935229,-0.473427675760958,0.004960061227095,-0.290673743464096,-0.171144791098038,-0.023625965865738,-0.0025286563375915,-0.0154108225152955,0.109056034456757,0.0850139151643259,-0.112150263958758,-0.0704787809566251,0.0478489310201491,0.134997802088961,0.137997940983732,-0.196590441120465,0.155952321120199,0.0177870218642104,0.13957035387054,0.191555401778368,0.141442660899721,-0.0243584253353076,0.123780794507747,0.123308215900797,1.79999946772531,1.71677062021116,1.50753117035632,1.49680823878671,1.50732224407257,1.65825166298283,1.54470163465834,2.02355001282465,1.50562046498536,2.47451837705168,2.02355001282465,1.50562046498536,3.67761422368985,2.137345290772,1.49231481560767,1.50540194574715,1.68991437878024,1.1460014977915,4.00268682117404,1.72228373026398,1.68051944452275,1.57125254161905,1.46590928507274,1.47396447623333,1.97002936744866,1.54595359867675,1.57027755201862,1.70863969870854,1.79397217876577,1.65736597455156,16.3732974348591,1.50307351502057,1.5026971321326
1.66666666666667,22.5555555555556,1.31333333333333,0.222222222222222,0.0626808421930373,0.193737752762143,0.33048988951428,0.467242026266416,0.603994163018553,0.780629560141755,0.0626808421930373,0.193737752762143,0.33048988951428,0.467242026266416,0.603994163018553,0.780629560141755,0.0626808421930373,0.193737752762143,0.33048988951428,0.467242026266416,0.603994163018553,0.780629560141755,0.888888888888889,1,150.000015727529,153.100799916676,-9.28716656389959,620.433298614728,113.862592646599,3614.92605978544,-50.3953338193938,0.684191797663786,-0.290286009059473,-0.0145250346943027,0.742113911932819,-0.0406699490459327,-2.77104357160712,-1.09137361461306,-101.044560983231,0.0243768264357879,0.811436764212061,1173.71211332153,19.8538193938129,1.54593125716071,0.903435933756901,0.509289032392459,0.294609954171441,0.111315846832309,0.00331665995000521,0.0643749761418187,0.0178145317154463,0.0120297646078534,0.00765718623060098,0.00891078491823769,0.0115492211227997,4999.97083637121,43.0933913134052,17.3232166618681,55.4744606828004,116.675827573071,117.243337419283,2420.27929582947,1586.79406744975,16.3196831009722,0.636665510714191,0.529212690117884,0.0115730880313165,0.752050807167734,0.346161899104093,3.40115542940912,0.695456508486463,1.78322943158801,0.549581803516701,1.53949522595614,1.25475268233371,0.00763246102779609,0.204758429473847,0.186548638503154,0.159172321627874,0.135199122985159,0.0978442037671553,0.100449784704735,0.0609395379640078,0.012402050423538,0.0065016692519916,0.0023440251136982,0.0018039620222714,0.00406334261099514,4.94003452020599,0.0170531608615095,3.94801618153389e-07,-0.106304799744774,0.00617153246683782,-0.00779406917248526,-0.0187213843697097,-0.273213693566362,0.462969930789175,-0.410112139542005,0.09511375467582,-0.562698364759318,-0.364377184892894,0.0146850994926619,-0.434036478745703,-0.0584057005713527,0.318294271068359,-0.0144770103168669,-0.432994366066514,0.112988383223988,-0.102582276867368,0.364477043627467,-0.150569606661662,-0.145156738490721,-0.136217682029732,-0.0582286613965211,-0.499922287709246,0.149309251451964,0.264271914388858,0.614948824100963,0.828649551757449,0.427132638610091,0.944407843618543,-0.0790047020778706,-0.0348665645400842,1.79999946772531,1.54261812086644,1.51291695868193,1.51862762785769,1.5264038711605,1.72570061239156,1.64857978810886,1.88707493482197,1.53885350165569,1.79607086044817,1.84034990708918,1.50694742328944,295.378190259327,2.73587375243459,1.5867728931081,1.50391810234029,1.9252400177957,2.24815623560733,2.52915973408757,2.05925654254662,1.73457270834968,1.73224256166125,1.63381078076371,1.62324458085715,1.78159325873063,1.57284562392257,1.39943012572213,2.22222496165889,3.52848173683602,7.2002287980496,3.89301558236555,1.43236039657023,1.91474430655946
-15,22.5555555555556,1.31333333333333,0.222222222222222,0.0626808421930373,0.193737752762143,0.33048988951428,0.467242026266416,0.603994163018553,0.780629560141755,0.0626808421930373,0.193737752762143,0.33048988951428,0.467242026266416,0.603994163018553,0.780629560141755,0.0626808421930373,0.193737752762143,0.33048988951428,0.467242026266416,0.603994163018553,0.780629560141755,0.888888888888889,1,150.000015727529,158.533340277054,-8.57356900635351,620.202260181231,89.378443276742,3924.96250390584,-49.4934027705447,0.902937912717425,-0.357119708269972,-0.0127843651702948,0.969650692636184,-0.0510519858900114,-1.88772516246224,-0.933886037912718,-101.091711280075,0.044426783251328,1.35189899643475,1173.64014165191,18.5652723674615,1.49080429121967,0.933142787209666,0.546780720758254,0.334097364857827,0.13754050098948,0.0480386719622956,0.150016103130299,0.0207399488351213,0.0132996863868347,0.00655154056869076,0.010506634413082,0.0102980764503697,4999.96635767108,43.0934673471519,17.3232166618681,30.9036966130559,115.221583354555,117.475925610382,2361.98550528209,649.816053659724,21.1447215328364,0.243821472440171,0.376665040343192,0.00673232301919343,0.313221912221373,0.321270514333592,2.76166474328213,0.474104152888336,1.27633540294031,0.510201511767785,0.624298675513909,0.950531069069276,0.00499283610836213,0.396402269279474,0.253301036454776,0.121424581806213,0.0520282104600985,0.0414915400138116,0.0415257887775474,0.174772891174813,0.0214533209802842,0.00702465929156525,0.00119395551478969,0.000590152984119895,0.00248660511415426,3.62416848980219,0.0121109111158254,3.94801618153389e-07,0.117624150456161,0.0125209927234011,0.00462780111733394,-0.00503368569550051,-0.364149450443962,-0.25430506888162,-0.899706114216936,-0.0525291736996652,0.165660230374422,-0.614955054305898,-0.0232319560685196,1.41996279812175,-0.866196529196336,0.432847921562415,0.0222007255273263,-0.792280492149748,-0.0768645920709313,-0.109108987733531,0.699290240124534,0.229480611764209,0.162065371888574,0.4562476594232,-0.125198054427856,-1.54181367714578,0.915107763873391,0.788853063386024,1.09085620828969,0.913824922486785,-0.612105048955292,0.35981455922228,-0.178780131315718,0.150593802687646,1.79999946772531,1.47574344739421,1.50460411889673,1.50616693964215,1.49962232416144,1.86652330465754,1.60466787417909,2.60204516770865,1.48393257937318,1.71853899970342,2.1681054586453,1.49076390436632,121.721373233887,3.71977337973067,1.88999258144068,1.49042798158759,2.48666518551774,2.052655486617,1.01190477121329,2.2587967548843,1.79556272785851,1.69069842098572,1.84974296377212,2.39859524930888,13.6547696057066,2.66251168654717,3.56592782652905,3.80138750558721,5.97473217241904,2.22959876967667,14.9588095086015,2.48487492003578,1.47121511466963
-15,22.5555555555556,1.31333333333333,0.222222222222222,0.023505315822389,0.0726516572858036,0.123933708567855,0.175215759849906,0.226497811131957,0.292736085053158,0.023505315822389,0.0726516572858036,0.123933708567855,0.175215759849906,0.226497811131957,0.292736085053158,0.023505315822389,0.0726516572858036,0.123933708567855,0.175215759849906,0.226497811131957,0.292736085053158,0.333333333333333,1,150.000015727529,159.928486615978,-8.41760736152484,620.185772315384,50.8228003332986,3976.90094781794,-47.4018143943339,0.899537131548798,-0.349071974877617,-0.0129095105718154,0.964080408290804,-0.0397410472450786,-1.96864625297782,-0.930459284449536,-101.087531507135,0.0239479206426414,1.29816845782731,1173.69117800229,18.8484824497442,1.49330455160921,0.959558202270596,0.51929366732632,0.357236558691803,0.14643994896365,0.0456786505480679,0.127258325671284,0.014803182576742,0.00781726903447557,0.00605726205603583,0.00957973638162694,0.00949970815540047,4999.99031350901,43.0936194146447,17.3232166618681,30.3257760255724,114.031851371158,117.586651070825,2340.6325242491,670.09367868118,21.5280168438355,0.284816333390303,0.378363900318,0.00701106637464701,0.349896681387996,0.319144881583175,2.87681162918686,0.512718773648156,1.29186303198452,0.507283995934999,0.728374993709434,0.968318063749049,0.00664885087801845,0.418233991461306,0.267843476449822,0.125961673385107,0.0561947994034101,0.0500436704392139,0.0487456630955484,0.157650455531739,0.0213789397273548,0.00479225103076663,0.00108687350041429,0.000617816806533793,0.00189292618049883,3.70992614420452,0.0117123747819274,3.94801618153389e-07,0.0705287915383623,0.00689734766192337,0.00118800398245713,0.000730698382278891,-0.579048439536645,-0.236679721222422,-0.847428931376979,-0.00522283421033801,0.306129419585471,-0.73815255860294,-0.024957699630032,0.471451321403354,-0.785386047718924,0.52251561969922,0.0225167908363888,-0.80933287831108,-0.050344376816537,0.180273111295599,0.708443958432125,0.203499942758481,0.17367491663036,0.442990582684116,-0.0968525609831792,-0.686719096295608,0.973175468756266,0.810808531606594,1.2845435058517,1.4622703995015,-0.182913729594516,0.228186203817565,-0.175881471665522,0.0451435707783463,1.79999946772531,1.48263041336915,1.50709550139278,1.50845574494361,1.50427574375948,2.09244866616163,1.62289152099549,2.53673519427274,1.49122487892722,1.62951912155348,2.28855016574594,1.49314777277982,110.436876758229,3.45288619710059,1.95356797665853,1.49236774196464,2.50131411302805,1.93489420736468,2.22945386883622,2.30755793112539,1.73715461573642,1.69081736384207,1.80688433749205,2.21978989484124,3.32961337951635,2.84916026283666,3.67431813669019,4.77632009618687,6.9475842863215,1.97413962632759,10.1935930197288,2.1861405475128,1.69129763557391
-15,22.5555555555556,1.13555555555556,0.222222222222222,0.023505315822389,0.0726516572858036,0.123933708567855,0.175215759849906,0.226497811131957,0.292736085053158,0.023505315822389,0.0726516572858036,0.123933708567855,0.175215759849906,0.226497811131957,0.292736085053158,0.023505315822389,0.0726516572858036,0.123933708567855,0.175215759849906,0.226497811131957,0.292736085053158,0.333333333333333,1,150.000015727529,156.661556087908,-8.16444433799632,619.837652327882,69.7440975210916,4060.72846578481,-36.7058248099156,1.06167299239663,-0.411078394583897,-0.0177907371107176,1.13699685449432,-0.0580142297344026,-1.18985559538538,-0.850397435683784,-101.103541297782,0.0589446524632852,1.76502709613582,1173.6894073534,18.2452598687637,1.51588438704302,1.01422200812415,0.575595719195917,0.413344859910426,0.201917166961775,0.0900674893140298,0.139501239958442,0.0157481953709301,0.0082542309863556,0.00649259639620872,0.0089014445370274,0.00945471325903551,4999.98010623893,43.093425684825,17.3232166618681,32.3944767996028,115.249237259909,117.604265892496,2365.45194474566,735.908685820229,19.9311601820892,0.305976585757753,0.394544762496341,0.00980000363356899,0.379493506801748,0.324449866371037,2.03497560345749,0.445260380763121,1.31822354404341,0.51579249513244,0.785721479959199,0.983817645272764,0.00499350231378575,0.398950660805634,0.266364203621283,0.126704195107007,0.0555731366916949,0.046681747236542,0.0507408176781416,0.166909094028198,0.0226321811618789,0.00524890406360751,0.00160411411874005,0.000614693223174167,0.00158704454377213,3.75554035575602,0.011299102223381,3.94801618153389e-07,0.0802485199030125,0.0081799618242342,0.00513062944562383,-0.000129829511051715,-0.384149686328694,-0.215928117484827,-0.729767285404957,-0.032322757919646,0.197882706804356,-0.552405922493911,-0.0278406041760262,0.215914386004584,-0.712617693220564,0.417388898645823,0.0265953162870201,-0.643171788205801,-0.0584649915742709,-0.104088185732674,0.70228919910736,0.219386495016063,0.166235705637465,0.426794872751707,-0.309986326449341,-0.48673237411846,0.969652454994308,0.785575961076137,0.742738626462788,0.958886430965705,0.374053438994207,-0.615682839445268,-0.0310580866393908,0.0842854511104696,1.79999946772531,1.45972507734438,1.50329569567321,1.50643007888985,1.50015423116361,1.78875337614938,1.63316998837844,2.19557222141252,1.49389318984998,1.58001877435118,1.95462551457139,1.49430891813893,81.007033026433,3.08451461505398,1.78052364084536,1.49498051333843,2.10003520648457,1.89962479382752,1.01083435040915,2.24180328039568,1.7809125750616,1.69592026841859,1.85439939465905,2.64606176328714,2.40986322221948,2.91218353752887,3.58965308293194,3.69774484881412,3.92231707357393,2.79729677463361,6.22307026214633,2.30273299441565,1.69331757409873
-15,22.5555555555556,1.13555555555556,0.5,0.023505315822389,0.0726516572858036,0.123933708567855,0.175215759849906,0.226497811131957,0.292736085053158,0.023505315822389,0.0726516572858036,0.123933708567855,0.175215759849906,0.226497811131957,0.292736085053158,0.023505315822389,0.0726516572858036,0.123933708567855,0.175215759849906,0.226497811131957,0.292736085053158,0.333333333333333,1,150.000015727529,154.348258514738,-8.29374952400792,618.925622331007,91.2680714508905,3971.8956150401,-39.7923372565357,1.01453176524737,-0.402307755143214,-0.0336837973127799,1.08967922668472,-0.0610220750692635,-1.35411570831163,-0.878858518430445,-101.064785959796,0.0634327109603166,1.65906950890532,1173.72815331736,18.425568169982,1.53017196125403,0.970256254556817,0.522830257264869,0.361458213727737,0.169665702586189,0.0513236047682533,0.110929611674826,0.0139908795292157,0.00821243432975732,0.00704023455890012,0.0081232132069576,0.0101380652015415,4999.99760441621,43.0933652744501,17.3232166618681,63.2258624436057,116.897774009106,118.213424169358,2421.60777704002,2135.12537021652,15.8652581892531,1.04605198005532,0.649145387350258,0.0302202366003926,1.17659603564806,0.362268653587699,2.89856086753711,0.728491132446802,2.14528360559924,0.580724049248046,2.56156637992015,0.757770864548134,0.00496787212104871,0.359285319113394,0.16489377323842,0.0963753579761318,0.15387253148997,0.167357012797077,0.200732208083938,0.132538319755678,0.0138410466222122,0.0035258706107624,0.00211633170411715,0.00144095043831629,0.00248491958226653,2.77314023456814,0.00764967307649624,3.94801618153389e-07,-0.160250543709637,0.0182139518836599,-0.00525124624746223,-0.0286851579161338,-0.238426851792591,0.400570060062173,-0.270457657949063,0.0795137326554863,-0.546437333810824,-0.24687449636576,0.00895474242587878,-0.306047761884501,-0.848625450026922,0.21284612755067,-0.00619585899054987,-0.264191593645189,0.23187305365081,-0.228749677674851,0.817437429956402,0.365779999970469,-0.245687123740597,-0.579500871045119,-0.407947175660103,-0.509513953230535,0.881909545168698,1.04975460630614,0.690804606425067,0.00240572682877719,0.999483897654793,1.01745322608919,0.230056466692929,0.144184232489232,1.79999946772531,1.52816213558462,1.50728652360452,1.50373411224212,1.5109315486902,1.61404392980288,2.05031602668678,1.65461424275076,1.54289106603175,1.69436078488044,1.64333421583139,1.50436791399646,4.58150856607284,3.18460871295019,1.46568626473635,1.50315362793281,1.66215532530126,2.21118946017385,1.05232641506705,2.59985515320595,1.72163712965155,2.4004600648758,1.90692235337035,1.63836698068021,1.75673861418272,2.54722445596962,4.03479330069284,2.60576078189958,1.50635414440684,4.32431869894957,3.46347082895179,1.91056838797181,2.67193457931872
-15,10.3333333333333,1.13555555555556,0.5,0.023505315822389,0.0726516572858036,0.123933708567855,0.175215759849906,0.226497811131957,0.292736085053158,0.023505315822389,0.0726516572858036,0.123933708567855,0.175215759849906,0.226497811131957,0.292736085053158,0.023505315822389,0.0726516572858036,0.123933708567855,0.175215759849906,0.226497811131957,0.292736085053158,0.333333333333333,1,150.000015727529,192.294479741693,-22.4532271245704,468.710957191959,763.530252223727,6797.11405061973,-4.7409985237996,3.66091000937402,-0.370359377993178,-0.196151726903447,3.66091000937402,-0.370359377993178,7.56717227372149,-0.36333666284762,-77.3824049578167,0.615131794068327,8.06685886886783,1030,6.34506334756795e-18,1.4174336006666,1.06642010207271,0.903305082803873,0.930949609415685,0.86176535777523,0.826055785855641,0.0164253908344964,0.0132113441922716,0.0072940493429851,0.0137181423060098,0.0134881592542443,0.0158451294656807,2762.45589001146,27.1316977398178,17.3232166618681,29.9900692720147,127.242792774263,123.07947694279,2712.32802024984,1300.73707814849,29.8920527857273,0.840452003404027,0.401965821206992,0.0870402069984326,0.840452003404027,0.401965821206992,1.65373312901004,0.138002373603786,0.828786661426661,0.648153826758888,1.8674947922107,0,1.32032646867912e-15,0.135792698901834,0.043078778902122,0.0948543326808485,0.123559600522816,0.130388691490257,0.139825518378075,0.0272684171715644,0.00589302274948933,0.00497901301504798,0.0060322249159673,0.00533779772672272,0.00568977863209979,0.805551662672622,0.0049024530525768,3.94801618153389e-07,-0.0895472708212821,-0.0459909326254097,-0.046808757577289,0.0534459309378677,-0.0572569182957292,-0.104575610766914,-0.0311914790972482,-0.066770201879901,-0.1636437183167,-0.0311914790972482,-0.066770201879901,-0.418535869690738,-0.887260640312428,-0.022962343060966,0.066781518586241,-0.0340529661327533,NaN,-0.00643648744566893,0.474454875867642,-1.44362564995897,-0.418173744126226,-0.339484910315092,-0.317358377356361,-0.247351667081499,0.832966679653486,-0.534377781536167,-1.06661918165997,-0.753353381730289,-0.45272982723917,0.203306345032814,0.0381244561683497,0.36061096747189,1.79999946772531,1.60910757922449,1.49735548440349,1.5036012509788,1.49930486010019,1.58601131660733,1.62908548459163,1.57014247830964,1.49961617267145,1.57107025808937,1.57014247830964,1.49961617267145,2.24202975148313,3.29472735490435,1.48472028820729,1.49986687517672,1.57271716965792,NaN,2.61000141523385,1.98974188916758,4.39482748279656,1.75236918531243,1.63179235872637,1.62523528193624,1.62500323035146,3.01539523071792,4.33702920648651,2.73488442744595,2.23975951786042,2.10759383971742,1.84531813230986,2.51879729374424,3.42671780739422
-1.66666666666667,3,1.13555555555556,0.333333333333333,0.00783510527412966,0.0242172190952679,0.041311236189285,0.0584052532833021,0.0754992703773191,0.0975786950177194,0.00783510527412966,0.0242172190952679,0.041311236189285,0.0584052532833021,0.0754992703773191,0.0975786950177194,0.00783510527412966,0.0242172190952679,0.041311236189285,0.0584052532833021,0.0754992703773191,0.0975786950177194,0.111111111111111,1,150.000015727529,45.7005811894594,-1.52743413519425,204.407074263098,33.5245872096656,1536.24122487241,-15.6701955004687,0.874936142068532,-0.0629152074252681,-0.0121373373606916,0.874936142068532,-0.0629152074252681,-0.289749212769503,-0.0292624493770441,-33.2466170190605,0.109494606113946,1.99449901051973,673.105874388088,-1.84948953234046e-19,0.214945391105093,0.175600624934902,0.192472502864285,0.27204658889699,0.334607040933236,0.419950692636184,0.0120108332465367,0.00804854963024685,0.00600108269971877,0.00600036767003437,0.00681343183001771,0.00713913190917612,19.883373606916,0.298821310280179,17.3232166618681,2.73455872729349,122.12970999974,120.20310844762,2522.15450803433,62.5233384118777,6.99596030555346,0.111422717788825,0.33409974689888,0.00321531082965241,0.111422717788825,0.33409974689888,0.25137797323712,0.0507522474440801,0.355443432087987,0.533658398524523,0.222559033423485,0.0674140537030065,8.75611659536316e-16,0.0300984229213031,0.0341787488133014,0.0298637176407889,0.0296403948234541,0.0343290733563175,0.0702632212631945,0.000756240078035994,0.000344336308564689,0.000233336066725751,0.000255361149511167,0.000276713118897673,0.000910353419981213,0.170538249885959,0.00255162774675049,3.94801618153389e-07,-0.00402041547221397,0.0161096168355941,-0.0154058169180944,-0.0153028596141109,-0.415439449777422,-0.226535066956422,-0.160297538818505,0.00539813391579806,-0.068876989493458,-0.160297538818505,0.00539813391579806,-0.361945740229195,-0.147859766113356,-0.0219046767487675,-0.00343630241318293,-0.525535056565137,-0.0703228178771425,-0.0069211359350974,-0.5821939113034,-0.322413051042879,-0.273409611079563,-0.327597878803106,-0.329572180838095,-0.640878057767446,-0.00674439926027553,-0.00630170414362786,-0.00603323315048938,-0.0784155458104619,0.039003087401238,-2.5507567776518,0.118253972560443,0.117915293376921,1.79999946772531,1.72503307335024,1.5062441207603,1.50091926410916,1.50608471363273,2.2267888314872,1.59472314252711,1.60336786152663,1.5026440833568,1.9085263478866,1.60336786152663,1.5026440833568,3.47343561853256,2.21623722987323,1.50087738700652,1.50187091290866,1.87199626206326,2.19621900345301,3.86484298088859,2.30768193635116,1.88658951577746,1.75785784427515,1.71789576990464,1.65662572468849,1.6727727236873,1.65066374377401,1.28107421244678,1.44314593793066,1.79012912685155,1.86375746020209,33.8218169359305,1.52661494535056,1.52631423353582
15,3,1.13555555555556,0.333333333333333,0.00783510527412966,0.0242172190952679,0.041311236189285,0.0584052532833021,0.0754992703773191,0.0975786950177194,0.00783510527412966,0.0242172190952679,0.041311236189285,0.0584052532833021,0.0754992703773191,0.0975786950177194,0.00783510527412966,0.0242172190952679,0.041311236189285,0.0584052532833021,0.0754992703773191,0.0975786950177194,0.111111111111111,1,150.000015727529,44.367137798146,-1.73618612332049,203.848243932924,37.0523558171023,1483.20070825956,-15.1451380064577,0.842771263410063,-0.0611433949590667,-0.0112503078845953,0.842771263410063,-0.0611433949590667,-0.331457590738465,-0.0279309961921258,-33.1595719195916,0.10630221782106,1.92049619831268,672.224643266323,-2.00541746797211e-18,0.194309885428601,0.158195128632434,0.179944870326008,0.259827924174565,0.322435642120612,0.408759212582023,0.0120229257369024,0.00807557660660348,0.00600036829496927,0.00599801426934694,0.00679299458389751,0.00712476430580148,14.2274325591084,0.214099385480679,17.3232166618681,2.84680988393684,121.709688325211,120.412243969931,2506.72956923107,120.091775770998,7.6105707597513,0.0861614117523851,0.323970435010957,0.00240745807487494,0.0861614117523851,0.323970435010957,0.312215571748325,0.0539252190138495,0.345235448128869,0.515564087288943,0.2616945448481,0.0625244978547806,9.28127455484443e-16,0.0626560353451634,0.0539490676132612,0.0449525875342839,0.0555591831626503,0.0669002648095674,0.104924946215362,0.00134919407718902,0.000501250881743389,0.000337583201736529,0.000465670213805361,0.000542569762960485,0.00103243619848464,0.183283993147139,0.00274815025620143,3.94801618153389e-07,-0.0397607829610939,0.0175493475461257,-0.0153517505084201,-0.0169077096943829,0.342518686950168,-0.0215808225318817,-0.50341247714771,0.00554303590607117,0.781845476922175,-0.50341247714771,0.00554303590607117,-0.597469755648681,0.219708802708644,-0.0253402394068593,-0.00322760968085389,-0.147252438222467,-0.235351918059564,0.125208727804192,-0.0906183438075042,-0.0493649815385982,0.0457682374746289,0.116486281424054,0.112187961451483,-0.264440061671269,0.189678814061799,0.00502634591148082,0.133481036912977,0.182775597345605,0.131150349536889,-0.235579930931491,-0.021930720197573,-0.0215203915488648,1.79999946772531,1.78134758797029,1.50755902034342,1.49668755822347,1.50737406129764,1.67317037415093,1.55304922818369,1.89135322280474,1.50630979987917,2.23879078459373,1.89135322280474,1.50630979987917,4.75175505539528,2.19137145970841,1.49105875609437,1.50631611784903,1.73342739089155,2.37047621198157,4.21231575509848,1.69795607601266,1.65139601993875,1.57256837740978,1.47537315623623,1.47158616886343,1.99262979819751,1.61674017807576,1.6435212852337,1.76267655464433,1.82881371210074,1.6058559447384,17.2978408435544,1.59251468937669,1.59167694866863
15,3,1.13555555555556,0.0555555555555556,0.00783510527412966,0.0242172190952679,0.041311236189285,0.0584052532833021,0.0754992703773191,0.0975786950177194,0.00783510527412966,0.0242172190952679,0.041311236189285,0.0584052532833021,0.0754992703773191,0.0975786950177194,0.00783510527412966,0.0242172190952679,0.041311236189285,0.0584052532833021,0.0754992703773191,0.0975786950177194,0.111111111111111,1,150.000015727529,45.0829184459953,-1.63335818873034,204.072447661702,35.6360012290386,1518.45953546506,-14.8575318196021,0.873021726903448,-0.0630775512967399,-0.0119256267055515,0.873021726903448,-0.0630775512967399,-0.288504399015103,-0.0292582680963442,-33.196650348922,0.110163166222269,1.99792698677221,672.584803666303,-1.7582906999271e-18,0.191543620456202,0.157421393604833,0.179905707738777,0.261150525986877,0.324802728882408,0.437173888136652,0.0120213321529008,0.00806296614935946,0.00599916248307468,0.00599972429955213,0.00680659952088324,0.00703995308821997,16.6109186543069,0.24982855952505,17.3232166618681,5.8566338563734,121.687975481157,120.211642045256,2504.55866142165,166.03441489691,7.87120216252819,0.0502724097705938,0.321975145634795,0.00144774382172575,0.0502724097705938,0.321975145634795,0.248099722819532,0.0483465253357326,0.340457363217317,0.512036419301233,0.197695291583656,0.0359004046387248,8.74887110555621e-16,0.0412995678596148,0.0261142302876419,0.0227058709533824,0.0423338794582273,0.0558065052291017,0.073723264874289,0.000863253358290867,0.000248656717433589,0.000184178195677901,0.000361761396275932,0.000450698630271867,0.00088980954435901,0.0994671729082305,0.00148818293070188,3.94801618153389e-07,-0.0493630122722273,0.0169313246203148,-0.016180544432663,-0.0162565883811133,0.0310256612262888,-0.0685583075469267,0.123002343856745,0.0132789350693124,-0.456629824141834,0.123002343856745,0.0132789350693124,0.679840680197421,-0.293027817388273,-0.0296451906254827,-0.012917844084369,0.137193870118639,-1.93900204225372,-0.0850946208029958,-0.237110136335415,-0.209371173408148,0.123732175074389,0.120369409802641,0.106763774418153,0.13160882737061,0.0766504533822066,0.0303628142843952,0.262889105673604,0.20775832414237,0.116329330996257,-1.8783109552365,-0.0261045159322205,-0.0264712092481246,1.79999946772531,1.50979008749092,1.5070957424152,1.49840469974008,1.50700798215737,1.57364985422122,1.51850220649039,1.71173561365804,1.50623887394251,2.17002819343961,1.71173561365804,1.50623887394251,6.50899936609956,2.47293752267754,1.49717189418805,1.50614249561749,1.60390305358544,4.75972891787675,4.01939556945664,1.88689925614231,1.93806098397225,1.43355932687507,1.50613913602146,1.52949802713653,1.52551421413052,1.32610618923493,1.42738822049937,1.85566551945783,1.9794409097842,1.94366250551308,19.4708971179716,1.63697453472535,1.63257464185736
15,3,1.31333333333333,0.0555555555555556,0.00783510527412966,0.0242172190952679,0.041311236189285,0.0584052532833021,0.0754992703773191,0.0975786950177194,0.00783510527412966,0.0242172190952679,0.041311236189285,0.0584052532833021,0.0754992703773191,0.0975786950177194,0.00783510527412966,0.0242172190952679,0.041311236189285,0.0584052532833021,0.0754992703773191,0.0975786950177194,0.111111111111111,1,150.000015727529,48.4101572752838,-1.53988383293408,204.161884178731,34.0101014477658,1665.78783460056,-16.9291579002187,0.976853681908136,-0.0697788076005624,-0.0147108374127695,0.976853681908136,-0.0697788076005624,-0.14341806939173,-0.0329400591891428,-33.2341297781481,0.122663537731486,2.24811488386626,672.95711905009,9.3468387773148e-18,0.191089396937819,0.157059202166441,0.179655452557025,0.26093063222581,0.324581283199667,0.436112102905947,0.0120219143839184,0.00806361962295594,0.00599940714508906,0.00600008842828872,0.00680756764920321,0.00704473213206957,18.9450432246641,0.284782741381107,17.3232166618681,6.0126708522374,121.718248384577,120.14654834731,2504.17138996617,181.833134591364,8.84139640530215,0.0630243352407298,0.320738505219377,0.00188013107552819,0.0630243352407298,0.320738505219377,0.251182962887883,0.0488636021088404,0.339238417005717,0.509792153895419,0.233372114846274,0.0494931739040725,8.92188197934095e-16,0.0412680221496826,0.0261701390931546,0.0228210113278737,0.0424790760760793,0.0560224592300852,0.0738483031242948,0.0008616059867591,0.000248638998446005,0.000183882884906243,0.000360573305353835,0.00044971657351138,0.00106758069546079,0.114654920241569,0.00171540964030368,3.94801618153389e-07,-0.05428119196218,0.0163277320556136,-0.0160008994222521,-0.0155764721567592,0.0374433560878622,-0.0374016000240287,0.142877547816161,0.012124695485034,-0.690691187419727,0.142877547816161,0.012124695485034,0.698869867062349,-0.258864317259557,-0.0282011159704722,-0.01167913421995,0.135533340721882,-0.287693041194062,0.0579200112910739,-0.236046913997691,-0.206237286524702,0.124179391388223,0.118732831376153,0.104169253198166,0.151602198917489,0.0764631989403946,0.024780897399639,0.228762331208468,0.184050269674105,0.10113077568507,-1.4933417759163,0.0598752631227349,0.0588566807784163,1.79999946772531,1.51129294916645,1.5065278693515,1.50015040407387,1.50642883573988,1.56908503299594,1.51738571879699,1.66691367269651,1.5053709814923,2.1353316549694,1.66691367269651,1.5053709814923,9.07542653608157,2.51453696933418,1.498470684593,1.50520927013175,1.59101839484645,1.082767286058,4.29736509958769,1.89175978633618,1.93940021722904,1.43165806591788,1.50382137094266,1.52725391095614,1.53743893224352,1.32360509696994,1.41672128468211,1.8141280112672,1.95625269635354,1.93135262926395,14.2113732559598,1.59441349078315,1.59226997541493
15,3,1.31333333333333,0.0555555555555556,0.047010631644778,0.145303314571607,0.24786741713571,0.350431519699812,0.452995622263915,0.585472170106316,0.047010631644778,0.145303314571607,0.24786741713571,0.350431519699812,0.452995622263915,0.585472170106316,0.047010631644778,0.145303314571607,0.24786741713571,0.350431519699812,0.452995622263915,0.585472170106316,0.666666666666667,1,150.000015727529,46.1234371419644,-1.46286373919383,204.522741381106,32.7795881783148,1541.67024268305,-18.4121976877409,0.861408238725132,-0.0619674156004583,-0.0115346044162067,0.861408238725132,-0.0619674156004583,-0.317225282564316,-0.028508023180075,-33.261529007395,0.107007255410895,1.94838016873242,673.2594000625,5.35998574106863e-18,0.193587907509634,0.152277658577232,0.195499437558588,0.269524268305385,0.291641006145193,0.361709467763774,0.0120220237475263,0.00821441297781481,0.00599948609519841,0.00657284657848141,0.00747664128736589,0.0103317270076034,20.8635767107593,0.313481928965734,17.3232166618681,5.4263880825393,121.899198988895,120.081713847994,2511.67613709682,133.787357706617,7.628788818616,0.0271820417093959,0.325407423060522,0.00106598798927982,0.0271820417093959,0.325407423060522,0.149895832167725,0.0450823787479055,0.344017737274584,0.518174335627843,0.123211755553924,0.049110997113596,8.99508251452249e-16,0.0416403080035612,0.025028454177539,0.0221787253939511,0.0359961207480011,0.0376487203549147,0.0425405990513036,0.000888498521534691,0.0002400120764199,0.00020364138116882,0.000350880117972724,0.000923900688351753,0.00514347580684225,0.0822160363973362,0.00122887120780425,3.94801618153389e-07,-0.0733469896979979,0.0162438876501236,-0.0158108769937174,-0.0164534368003638,-0.00465367590277992,-0.11248540754042,-0.0503051422554981,0.0148863791360319,0.308146695043957,-0.0503051422554981,0.0148863791360319,1.25612674162755,-0.178507205117734,-0.0315113275524695,-0.0146717079124417,0.163416999451564,-0.38282880126657,-0.0798072578515198,-0.239912641031663,-0.231040776579683,0.0854901738300192,0.134399851477101,0.129848696219165,0.125298233823837,0.118763839014705,0.0250253818562846,0.253807179213085,0.14507942233477,-0.189025124196598,0.425979191795772,-0.244148950599621,-0.246149382218467,1.79999946772531,1.49627730906678,1.50591167578849,1.50131944940064,1.505917374612,1.5604874803996,1.52138375214796,1.73276781646435,1.50542885479574,1.84823032149136,1.73276781646435,1.50542885479574,6.2981684079576,1.81900279755648,1.50114888721195,1.50538153150802,1.64661483546332,1.14655789097863,4.14864963242545,1.89316174508888,1.97406094603217,1.46702249122343,1.4845753000838,1.51803171398627,1.53436842329257,1.36102990154016,1.43728778511356,1.83957371013632,2.04871106264831,1.53308602572312,1.41435296400946,1.81272140663937,1.81260087131796
15,15.2222222222222,1.31333333333333,0.0555555555555556,0.047010631644778,0.145303314571607,0.24786741713571,0.350431519699812,0.452995622263915,0.585472170106316,0.047010631644778,0.145303314571607,0.24786741713571,0.350431519699812,0.452995622263915,0.585472170106316,0.047010631644778,0.145303314571607,0.24786741713571,0.350431519699812,0.452995622263915,0.585472170106316,0.666666666666667,1,150.000015727529,201.562816373295,-18.1665760639517,614.141724820331,435.88286355588,6368.22101864389,-24.9258506395167,2.77482074783877,-0.647857264868243,-0.107158791792522,2.83935371315488,-0.239520599608374,5.81886132694511,-0.249433933173628,-100.914546401416,0.376971805596293,5.82838704301635,1173.72513279867,8.31997698156437,1.43477040933236,0.935887563795439,0.707645120299968,0.624755192167483,0.480252734090199,0.409934298510572,0.0644732921695657,0.0161818639083741,0.0137446366003541,0.0140561299864598,0.0139950918654307,0.0137668549109468,4999.99041766483,43.0933559004265,17.3232166618681,20.0811551518801,123.69570715898,117.855477300342,2550.2931558856,428.563868854267,26.2607681407274,0.144706483278448,0.353140434101614,0.0134139758623577,0.176982589418577,0.338114592483869,1.44060138789727,0.296647825400303,1.1105747784358,0.535826208615875,0.304630998393301,0.581093209649009,0.00468706012298015,0.386610786857954,0.210485288068409,0.140178289916615,0.0907190754148891,0.061535231228685,0.0435455824102511,0.0837208145683524,0.0156736137600987,0.00619699654936348,0.00310302143146698,0.00204379215591015,0.00447986824932863,2.02785597021943,0.00608852137428136,3.94801618153389e-07,0.0219611648785591,0.0147928134956443,-0.00816111055952172,-0.0203264166578717,-0.395682506837432,0.0653745739271347,-0.888739976806475,0.00843416396469007,0.522939779675116,-0.631565003606278,0.0184986921799087,-0.131692185625792,-0.513231326927312,0.130236508073473,-0.0198142940740513,-0.963410277735718,0.123928994433493,0.0115178872216669,0.432432242499379,0.00123972907401342,0.0253478947072676,0.0335742263050547,0.0735430431741936,0.101494247122479,0.274450496371404,0.0746133306939079,0.0503515778744625,0.115517668011352,-1.03377394856502,-0.622495444784905,0.070816686079075,-0.187243019649997,1.79999946772531,1.45297205025976,1.49744718330869,1.51049538539533,1.5000810504159,2.0135473656631,1.49297318179001,2.90293334883979,1.47880672544918,2.31117379158527,2.43353994483835,1.49358300623996,7.086524617258,2.49402743497578,1.59135283666757,1.49416003645131,3.17756136236067,2.46635028460675,2.24771183685977,1.98257831143723,1.65860593119382,1.63321357035325,1.60472543519836,1.5856288003917,1.60337066085125,1.70883672444342,1.48861111653657,1.36348076347287,1.75717871625832,5.41486345682961,1.87264082600847,2.01520291987897,2.49724617779202
15,3,1.31333333333333,0.5,0.0313404210965186,0.0968688763810715,0.16524494475714,0.233621013133208,0.301997081509277,0.390314780070878,0.0313404210965186,0.0968688763810715,0.16524494475714,0.233621013133208,0.301997081509277,0.390314780070878,0.0313404210965186,0.0968688763810715,0.16524494475714,0.233621013133208,0.301997081509277,0.390314780070878,0.444444444444444,1,150.000015727529,46.6653952713259,-1.5894354233934,204.18313196542,34.4322791375899,1571.6254556817,-18.0194538068951,0.887533777731485,-0.0637645846974273,-0.0124572863243412,0.887533777731485,-0.0637645846974273,-0.276533793349652,-0.0292097466656598,-33.218380377044,0.11050715786793,2.01455827517967,672.811821685252,1.0542520393709e-17,0.19736637225289,0.156357641912301,0.190637880429122,0.277238287678366,0.305520008332465,0.375778533486095,0.0120548336631601,0.0081589713571503,0.00600390657223206,0.00606995229663577,0.0079533148630351,0.0100745937298198,18.0221914383919,0.270966670138527,17.3232166618681,1.38606689972567,121.913681680326,120.36975893632,2512.66458362125,154.967900284567,7.86334503190651,0.13095299290835,0.326727188501874,0.00348462096348449,0.13095299290835,0.326727188501874,0.298689387121669,0.0523797117520427,0.349264482350505,0.520419853733098,0.336305889042537,0.0571804879354264,9.07707086982859e-16,0.0763223341260778,0.0700964191621478,0.0639532232556594,0.0756433888148924,0.0772467839584057,0.100191443697466,0.00174510298715196,0.00069812036294515,0.000535164611474366,0.000688368669705766,0.00116419519443553,0.00297994197884831,0.148031560590497,0.00221625750713921,3.94801618153389e-07,0.395854778315719,0.0170280551715744,-0.0158607889461597,-0.0165689315944161,-0.207500528248978,-0.00233112429413107,-0.352582320397296,0.00687941414272535,0.650109465913763,-0.352582320397296,0.00687941414272535,-0.784243642753593,0.146874540146925,-0.0275140023948449,-0.00488297233290015,-0.293700622438254,0.00331669895611423,0.0244473403482299,-0.0334489463495025,0.00798055897539018,0.0573256019677097,0.0767290673964205,0.0415236484078414,-0.256288048951878,0.238998003258151,-0.00892932369771014,0.109719245976984,-0.0579449466172689,-0.656884111080408,0.0425097306531308,-0.101326600377801,-0.101769129402618,1.79999946772531,2.02591700546855,1.50672740163163,1.49964714084518,1.50664115119637,1.70365939669175,1.56058247875117,1.69111462318476,1.50605899278876,1.83288021817566,1.69111462318476,1.50605899278876,4.42491995231807,1.76251226672992,1.49767368624099,1.50609123065109,1.69846997557313,2.92849001018002,3.80403553538176,1.65287623981528,1.60417549915778,1.57232893006304,1.51138052176625,1.49885235971147,1.78445491551061,1.75735000951371,1.84148363567405,1.83159931761817,1.83879189468739,2.40165646693234,1.75417210172794,1.60502099403994,1.60378448906363
15,3,1.31333333333333,0.5,0.070515947467167,0.217954971857411,0.371801125703565,0.525647279549719,0.679493433395872,0.878208255159475,0.070515947467167,0.217954971857411,0.371801125703565,0.525647279549719,0.679493433395872,0.878208255159475,0.070515947467167,0.217954971857411,0.371801125703565,0.525647279549719,0.679493433395872,0.878208255159475,1,1,150.000015727529,44.0647057598167,-1.43250340172899,204.706306634726,32.0898376314968,1436.53556921154,-19.6789136548276,0.770290344755754,-0.0557487672221643,-0.00953146276429539,0.770290344755754,-0.0557487672221643,-0.450215527059681,-0.0250368682026872,-33.2708905322361,0.0947727860045829,1.71563785022394,673.365753567337,1.20184160295803e-17,0.199611318612645,0.151137953338194,0.207141683158004,0.259637173211124,0.270003447557546,0.299226726382668,0.0120858547026351,0.00824392782001875,0.00600806613894386,0.00702967628372044,0.00821405072388294,0.0132654632850745,21.6532329965629,0.325288178314759,17.3232166618681,0.848031347308498,122.097133876631,120.192894901814,2518.33073441903,103.692400729631,6.67172581191063,0.104450419385906,0.32987980928864,0.00254226676869733,0.104450419385906,0.32987980928864,0.222862501322562,0.0493147554980309,0.352278193505825,0.526033882431105,0.24198728526456,0.0590548588005378,9.76436163867725e-16,0.0771487023918111,0.0677668219115211,0.0678331948440439,0.0688009222040914,0.0666919649675889,0.0711441036749315,0.00179468825798957,0.000679793963959184,0.000628554587675314,0.000810739442698364,0.00224609139349842,0.00798597959034632,0.229536727223437,0.00343046778027923,3.94801618153389e-07,0.0321265788402636,0.0149542278573111,-0.0155799216609911,-0.0123502353716551,-0.395847835656463,-0.107925189337797,-0.262030558840699,0.00347191621853288,0.505038782724207,-0.262030558840699,0.00347191621853288,-0.747170926506135,-0.020461466821804,-0.0305552566611852,-0.0021839528276536,-0.340669311432222,0.271775430030597,0.0307360356798046,-0.0313454308157402,0.0091636093540775,0.0318248830764184,0.0430352541974029,0.0121982741773521,-0.319666269090649,0.214394315309987,-0.0847773815890175,0.148327476566053,-0.376676424719429,-0.183994022014296,0.257777097720574,-0.115374033572599,-0.11559150730891,1.79999946772531,2.31896673440519,1.50549174340297,1.50190423565052,1.50540367482377,1.82675657245873,1.56560618675882,1.78251923003413,1.50327712317853,2.07537841234079,1.78251923003413,1.50327712317853,5.31783819539739,1.82776912656722,1.50398282180572,1.50275592408748,1.77739012795226,2.33155340534987,3.63264886753584,1.65148197033509,1.60268797765855,1.56660644146247,1.52182704284018,1.51052725363608,1.73606744578728,1.73796942046512,1.85914553180999,1.75884159975522,1.83315867179587,2.15998151165268,1.4284541341009,1.61068776167626,1.61064118082398
15,3,1.31333333333333,0.222222222222222,0.070515947467167,0.217954971857411,0.371801125703565,0.525647279549719,0.679493433395872,0.878208255159475,0.070515947467167,0.217954971857411,0.371801125703565,0.525647279549719,0.679493433395872,0.878208255159475,0.070515947467167,0.217954971857411,0.371801125703565,0.525647279549719,0.679493433395872,0.878208255159475,1,1,150.000015727529,44.1627965836892,-1.13426298773045,205.349547963754,28.2710539006353,1441.23591292574,-19.6900770753046,0.775409415685866,-0.0559802802749713,-0.00950237069055307,0.775409415685866,-0.0559802802749713,-0.444727914800542,-0.0258626523872513,-33.3803582960108,0.0953359945109884,1.72992344547443,674.471211332147,6.62838015519216e-18,0.195052831996667,0.148257503385064,0.204663285074471,0.256638381418602,0.266841464430788,0.305291886261848,0.0120573534006874,0.00828672721591501,0.00600198156442038,0.00721047651286323,0.00694084626601395,0.00977105009894803,28.7964451619623,0.431888907405478,17.3232166618681,3.47865500846065,122.194220458462,119.949006709986,2519.98047090528,55.6304834911647,6.76481315139047,0.031287350360579,0.328989685139047,0.00128821691527606,0.031287350360579,0.328989685139047,0.113839008375157,0.0457336846171733,0.349319840228497,0.524420048665677,0.0768868044679587,0.0452801605367794,9.0675680597564e-16,0.0545191969947074,0.0399268183084379,0.0370125897893608,0.038820190631572,0.0362910215925402,0.0337606015724749,0.00119665071875594,0.000364828010931533,0.000329149671460559,0.000441105113719325,0.00152561379079211,0.00682982534330813,0.129251520533357,0.00192421056969592,3.94801618153389e-07,-0.163730555350537,0.0126568398600989,-0.0128419590591049,-0.0120088799627195,0.372877612327308,-0.161177132300779,-0.216551347537306,0.00783336670638142,-0.0336956598510126,-0.216551347537306,0.00783336670638142,0.609713360412963,-0.0860145377914111,-0.0310219395660317,-0.00733304380409938,-0.298920105393779,-0.936941769652577,0.0436454024801989,-0.138303964696564,-0.111364736533606,-0.0232164629857762,0.0519183695426603,0.0301702541094939,-0.000957072052694715,0.149527880702551,-0.00129124686795549,0.146476656525388,-0.0557662365000696,-0.0937665578149074,0.541234374392691,-0.220769976267408,-0.220793083867412,1.79999946772531,1.51840677198921,1.50256791231585,1.50408634663903,1.50255758719989,1.85573761159715,1.54005513814352,2.00035855001883,1.50202938398689,2.35470940220483,2.00035855001883,1.50202938398689,5.68150706584387,1.66717802299395,1.49983415394592,1.50194954597441,1.64245820120349,1.87785987997568,3.70806484264662,1.75793401183319,1.73352124669969,1.6112373164634,1.47017414538726,1.47108059614374,1.48793850754697,1.4844541385487,1.52055042445059,1.48839507995341,1.77524337732591,1.479917710934,1.66199556005897,1.71727251976837,1.7161318377797
-1.66666666666667,3,1.31333333333333,0.222222222222222,0.070515947467167,0.217954971857411,0.371801125703565,0.525647279549719,0.679493433395872,0.878208255159475,0.070515947467167,0.217954971857411,0.371801125703565,0.525647279549719,0.679493433395872,0.878208255159475,0.070515947467167,0.217954971857411,0.371801125703565,0.525647279549719,0.679493433395872,0.878208255159475,1,1,150.000015727529,45.4123414227685,-0.828166102489318,206.183500677013,24.0602107697115,1487.46193104885,-19.9256754504739,0.799862712217478,-0.05729769203208,-0.0101095851473805,0.799862712217478,-0.05729769203208,-0.415490226018123,-0.0271025958223102,-33.5601770648891,0.0975719747422143,1.78354056869076,676.267305489022,-8.97304247161754e-18,0.216575283824602,0.16507752317467,0.218967065930632,0.268970357254453,0.276916102489324,0.313056931569628,0.0120233548588689,0.00826961722737214,0.00600202895531716,0.00718607645036975,0.00665692615352568,0.00919370305176545,40.478592854911,0.605485043224662,17.3232166618681,3.49547310169429,122.401070183651,119.83249627946,2526.34651503719,33.693304750039,6.65185561864682,0.0730494202798793,0.333189300213423,0.00210263877991843,0.0730494202798793,0.333189300213423,0.111840875801296,0.0462745207978782,0.355188550131841,0.531779666449571,0.103868743518209,0.0469121441729674,9.84631701841411e-16,0.0229584145450429,0.0217663986779248,0.0213597929976102,0.0191555538717306,0.0196078136810174,0.0190510332757942,0.00066930869497283,0.000242177867724709,0.00021877444052761,0.00024081671148351,0.000827523145738915,0.00469358411999828,0.149775418498638,0.00222075653886289,3.94801618153389e-07,-0.119866531423959,0.00580452496363641,-0.0064649987825931,-0.00509471228179622,0.248536537931985,-0.265644864474088,0.111971157145267,0.00113842579440544,-0.58698911370128,0.111971157145267,0.00113842579440544,-0.0693192219044776,-0.0495787811482871,-0.0241775413291033,-0.000728812402535514,-0.160773728550863,-0.737821331179282,0.00226673150165416,-0.788210362319464,-0.557204723471913,-0.488746842384156,-0.513864130480089,-0.474853166787778,-0.568152024733271,0.166681880627899,0.0945980995704292,-0.243989859386774,0.66731966564035,0.51097918474069,-0.208625050228917,0.0804691865160237,0.0809026652028416,1.79999946772531,1.51790945072221,1.49810442470223,1.5030941636747,1.49802424856487,1.69250589289575,1.56420378661123,1.47792033653818,1.49735916961894,2.06967173598453,1.47792033653818,1.49735916961894,5.66444796026429,1.6161938263023,1.49929341720534,1.49727752081667,1.70614683545511,1.54438031641898,3.46566104964969,2.73684141414675,2.31488340767179,2.09144537151159,1.98799225101672,1.84034684329927,1.87982292735676,2.41456649116591,1.75029929581443,1.95985133794855,2.15597902065532,1.96650027736484,1.4353571882071,1.69862017227449,1.69865813239769
-1.66666666666667,15.2222222222222,1.31333333333333,0.222222222222222,0.070515947467167,0.217954971857411,0.371801125703565,0.525647279549719,0.679493433395872,0.878208255159475,0.070515947467167,0.217954971857411,0.371801125703565,0.525647279549719,0.679493433395872,0.878208255159475,0.070515947467167,0.217954971857411,0.371801125703565,0.525647279549719,0.679493433395872,0.878208255159475,1,1,150.000015727529,204.062774710968,-20.6052091094678,614.539943755859,484.910080668681,6312.0402041454,-26.5270593974586,2.64166618060618,-0.60371806374336,-0.0986734767211749,2.69968815748359,-0.23354214533934,5.16800666597229,-0.264350797146131,-100.953733986043,0.362382183058015,5.44329705239037,1173.62003957921,7.92901364441208,1.55126747213832,0.990871211332155,0.745962462243516,0.620871898760546,0.456897635662951,0.3592570044787,0.0360331649335486,0.0191444114154776,0.0180626994063118,0.0192903676700344,0.0183259507342985,0.0171277906468076,4999.9719820852,43.093560045828,17.3232166618681,27.6242155538731,123.634139256434,119.027424348503,2559.48281104061,878.5385697804,24.3763112375268,0.436913262166727,0.396240302463683,0.0335779673659974,0.472340942842966,0.353260818335837,1.55813290382984,0.366184707510768,1.21586237556417,0.562986054443747,0.972234555826089,0.485401936646304,0.00489303514981185,0.138690986373315,0.0901845023426584,0.0750650867521206,0.0665921353106963,0.0580083200716443,0.0500009978561352,0.0305625048812527,0.00813330305532003,0.00430838989267944,0.00289636462875815,0.00290830786601249,0.0087727922480958,1.64181883329002,0.00608548164332371,3.94801618153389e-07,-0.141786347966523,0.00834132760630316,-0.0060659560167913,-0.0138710659665611,-0.306808550740023,0.0160809501167715,-0.342398696139135,-0.0101835039014577,0.126496025498476,-0.298312511775364,0.00434161126395253,-0.551880250590253,-0.498830861170101,0.114259328441116,-0.00414474500860664,-0.350215662475469,-0.494624442327056,-0.0442209003676668,0.315917557815565,-0.249465238722789,-0.328785403651207,-0.337668928938125,-0.350534497916722,-0.457724944357233,0.363266314283471,0.457319543653536,0.050465539773455,-0.413170957099123,-1.44047137148463,-0.776695057688806,-0.0877436324194624,-0.0925272928266902,1.79999946772531,1.59132991805772,1.49584010489653,1.5110056967535,1.50052491846895,1.76313384702641,1.5697307471708,1.78489123971973,1.48189982100473,1.6240649017993,1.74471827579035,1.49518274116154,3.27159781245396,2.47846863772191,1.55301670086897,1.49528474740972,1.79955218637032,1.24465333894743,2.40861216404718,1.73446571086968,1.91607894644642,2.00743301707712,1.84369038208157,1.72819087074704,1.74571922481861,1.64445037236097,2.16913330547284,1.88456358130512,2.35850157331239,5.33828055134251,1.80959989418402,1.70382898114277,2.60042936305325
-1.66666666666667,15.2222222222222,1.13555555555556,0.222222222222222,0.070515947467167,0.217954971857411,0.371801125703565,0.525647279549719,0.679493433395872,0.878208255159475,0.070515947467167,0.217954971857411,0.371801125703565,0.525647279549719,0.679493433395872,0.878208255159475,0.070515947467167,0.217954971857411,0.371801125703565,0.525647279549719,0.679493433395872,0.878208255159475,1,1,150.000015727529,208.392886157692,-25.569583939173,613.002905947297,671.324790188522,6598.57285699406,-14.6875453474638,2.89882772627852,-0.588202723674617,-0.117411154046453,2.94434215185918,-0.282877563231955,6.21712779918759,-0.28074342131028,-100.880873867305,0.445977022005,6.03659275075513,1173.63347567962,5.98240818664721,1.62675304655765,1.13163178835538,0.881507405478596,0.747474742214354,0.579210759295907,0.462298656389959,0.0787067793142381,0.0223440075617123,0.0220048613686074,0.0247196958650141,0.0202996854494324,0.0242793636079575,5000.03124674513,43.0944870326008,17.3232166618681,22.4123447292553,124.600190669135,118.967315341986,2587.58850310805,747.019872649995,26.1493168053825,0.399574694083605,0.385769337536327,0.0337208050442854,0.425840863644011,0.356554157417907,1.4834866640856,0.235046676075877,1.16515914364793,0.568686456345833,0.884581158400653,0.598713979133187,0.0164593037156849,0.144091546230668,0.0813625726930295,0.0671593639253791,0.0595375620975488,0.0584466704021751,0.0504179381237755,0.0541290805101961,0.00954385017873678,0.00567182971925434,0.00493743764635655,0.0019343727409803,0.00131603981432161,1.75762108332486,0.0119133094144335,3.94801618153389e-07,-0.135420360727189,-0.00202701418795629,-0.00203645528799075,0.00588816788584291,-0.322960697837916,-0.0564971970425746,-0.342870566850688,-0.0282644404565517,0.154929997715203,-0.304346187044164,-0.0194909861333922,-0.514749428308563,-0.0421407785464422,0.121398657161899,0.0196305157973868,-0.36214756474049,0.0609625076559783,-0.452245872515052,1.00496536430757,-0.307253525854986,-0.373121812086878,-0.371752777393067,-0.377961247548947,-0.480668704556319,0.135275162944686,0.150272025730663,-0.549014858681021,-0.391905806225708,-0.577220590737753,-0.768964405449404,0.060390316013508,0.252721175920133,1.79999946772531,1.63692931154417,1.49527141128859,1.51455403551466,1.49738854067634,1.81290798267835,1.55525931339085,1.80183074671495,1.48189910185675,1.65248570988498,1.76528464427035,1.49081179437339,3.2330615005997,3.81105995129553,1.49745401055276,1.49096290666375,1.82207623381957,2.58806311295382,3.40258490406909,2.46381528852351,2.01210633184732,2.14179489475456,1.97039499864307,1.76793526570313,1.76757798945312,1.51008972043208,2.17089089957643,2.23070161581735,2.30157239725148,2.4905969881091,2.56761703356114,1.73160828988459,3.32401558297035
5,3,1.31333333333333,0.166666666666667,0.00783510527412966,0.0242172190952679,0.041311236189285,0.0584052532833021,0.0754992703773191,0.0975786950177194,0.00783510527412966,0.0242172190952679,0.041311236189285,0.0584052532833021,0.0754992703773191,0.0975786950177194,0.00783510527412966,0.0242172190952679,0.041311236189285,0.0584052532833021,0.0754992703773191,0.0975786950177194,0.111111111111111,1,150.000015727529,49.3661472763254,-1.37977774190189,204.601949796896,31.1242122997604,1700.2265389022,-17.2864524528695,0.993575585876471,-0.0705471565149463,-0.0151517425268201,0.993575585876471,-0.0705471565149463,-0.12310996260702,-0.0335591545407771,-33.3067670034372,0.123889187342985,2.28313925632746,673.666805541079,1.76550367003437e-17,0.212905551505051,0.174465951463389,0.191810603062181,0.271842183105927,0.334920393708989,0.434063920424956,0.0120134444328715,0.00804781918550151,0.00600106551400896,0.00600142037287782,0.00680341318612645,0.00693396393084053,23.6655577544006,0.355354556816999,17.3232166618681,4.14593945661183,122.061319118952,120.052494052298,2516.70271262351,66.0903424282247,8.34898138295765,0.0347421991803698,0.328764927324556,0.0016316335100753,0.0347421991803698,0.328764927324556,0.2324327588317,0.049915895982782,0.348197418826992,0.524069968744699,0.0730505895013076,0.0518721645261401,8.85727775925608e-16,0.0311401512890124,0.0254331549514552,0.018808239552477,0.0195380050474339,0.0226010673764163,0.0425258182387907,0.000765370634113312,0.000271614982961872,0.00016345706679931,0.000190245817238039,0.000200465575777841,0.00119282725956108,0.169411984961091,0.00253010381743633,3.94801618153389e-07,-0.184491432451399,0.0148871806083475,-0.0146004310927963,-0.0142297002024147,-0.081160440193542,-0.131912198559853,-0.501421505691955,0.0077126220564308,0.0589180389274821,-0.501421505691955,0.0077126220564308,0.0884171834944467,-0.271555984660162,-0.0239109384623734,-0.00656546052753581,-0.73969550805791,-0.196667711167633,0.0244089828955896,-0.481264849339171,-0.367162874388159,-0.204465682948341,0.1753354540382,0.307524522472635,-0.64533926845904,0.0424054951795261,0.0338714899104457,0.204242502635185,0.576602611424203,0.679526318456599,-0.306830892551869,0.180651599590693,0.180948356417782,1.79999946772531,1.51750585128803,1.50491225751137,1.50284709746278,1.50476860094295,1.70821176253938,1.54118317987294,2.83780377824872,1.50194895071048,2.59804192039216,2.83780377824872,1.50194895071048,7.41922072097707,2.5091823613511,1.50003983319205,1.50133975283558,3.24037914557674,2.11063108498523,4.24405611266819,2.20017002689698,2.06892976464051,1.83738495338453,1.52575024877386,1.55236879471203,2.85281707966176,1.50707002810829,1.47309115631686,1.71619477193055,2.14434125130654,2.43760807188118,15.2211801465793,1.65896978104348,1.6590074995413
5,3,1.31333333333333,0.444444444444444,0.00783510527412966,0.0242172190952679,0.041311236189285,0.0584052532833021,0.0754992703773191,0.0975786950177194,0.00783510527412966,0.0242172190952679,0.041311236189285,0.0584052532833021,0.0754992703773191,0.0975786950177194,0.00783510527412966,0.0242172190952679,0.041311236189285,0.0584052532833021,0.0754992703773191,0.0975786950177194,0.111111111111111,1,150.000015727529,48.8515967086762,-1.37460678262681,204.628143943339,30.9754026143111,1674.33163212165,-17.6584457868972,0.97044262056036,-0.0689661113331945,-0.0147677455473388,0.97044262056036,-0.0689661113331945,-0.156538985406729,-0.0325147435709822,-33.3072544526612,0.1207415459223,2.2233623580877,673.68826163939,-3.31859702114361e-20,0.213705957712738,0.174200453077804,0.191812863243412,0.271311196750338,0.333917633579835,0.41990596812832,0.0120276658681387,0.0080600530153109,0.00600360056244141,0.00600231163420477,0.00678499833350693,0.00713999442766379,23.7265128632434,0.356264087074263,17.3232166618681,0.94387122965609,122.175593370858,120.215662158128,2521.05067606617,126.637758522802,8.03836081856111,0.139955457348515,0.331636969066521,0.00414009072461698,0.139955457348515,0.331636969066521,0.298178444601803,0.0526595774926696,0.353500946983076,0.529177337221955,0.329310500066081,0.0326392637430356,9.01709379551912e-16,0.0523119017281787,0.0544661326826981,0.0477102653408544,0.050363761759603,0.0578403455865033,0.0885198956261777,0.00120902444282334,0.000546494435586113,0.000375094306357992,0.000424159596731002,0.000465948315934528,0.000968388227103626,0.117656124407365,0.00175625777647169,3.94801618153389e-07,0.89874200892813,0.0151403372849279,-0.0143313950831949,-0.014888309047156,-0.496790964791397,-0.0822838771733326,-0.344837487544439,0.0050107158862426,0.439535339440802,-0.344837487544439,0.0050107158862426,-0.576252831260451,-0.00629117983851157,-0.0223911074958938,-0.00308187056201696,-0.380089877405175,-2.25090559205855,0.0618239999598939,-0.214264843454318,-0.12093370921831,-0.0772276841021411,-0.0637969041766542,-0.0598500958580031,-0.247631293215105,0.048610812263418,0.00933313726204248,0.152211368662917,0.239258989124928,0.333370642491813,-1.8031788791854,0.0357567539825422,0.0348275506040997,1.79999946772531,2.84658499179699,1.50479585842139,1.50285670490858,1.50470671679479,1.78084707995031,1.59073021661106,1.57277452031281,1.50315993798044,1.69009343919827,1.57277452031281,1.50315993798044,3.57404638655439,2.23078671128886,1.50136038612162,1.50304550770158,1.60640876753261,6.57108499850255,3.88635586088944,1.78817112643915,1.66258532916789,1.61400503014763,1.57915489874881,1.56350960876556,1.46756370346901,1.32719920058363,1.5190583380482,1.60665867962303,1.67658768438122,1.73951411366316,26.9429667007775,1.63413623181376,1.63234280792148
-11.6666666666667,3,1.31333333333333,0.444444444444444,0.00783510527412966,0.0242172190952679,0.041311236189285,0.0584052532833021,0.0754992703773191,0.0975786950177194,0.00783510527412966,0.0242172190952679,0.041311236189285,0.0584052532833021,0.0754992703773191,0.0975786950177194,0.00783510527412966,0.0242172190952679,0.041311236189285,0.0584052532833021,0.0754992703773191,0.0975786950177194,0.111111111111111,1,150.000015727529,48.2470461410269,-1.57406466722217,204.125681699823,34.3676370753046,1651.61004062077,-18.8812404957817,0.957761004062076,-0.0685125578116863,-0.0148185787938756,0.957761004062076,-0.0685125578116863,-0.174665361004062,-0.0316805514105822,-33.22763670451,0.119908046656598,2.19473929798979,672.884407874167,2.34109867565879e-17,0.19652119570878,0.160595471305072,0.181723424643266,0.262101760233309,0.324556139985418,0.407127018018956,0.0120092459118842,0.00806004405791063,0.0059986382668472,0.00599553431934174,0.00680415540047911,0.00711230994688053,18.5470919695865,0.278824289136547,17.3232166618681,3.94918681804347,122.307837188088,120.29074019189,2531.45806330021,192.955299225431,6.98447674255273,0.209515001431859,0.34231017049435,0.00612082437172003,0.209515001431859,0.34231017049435,0.275231448365583,0.0525226310939502,0.364553962172916,0.548442301233114,0.442670406508291,0.0420513807303047,9.54708872105066e-16,0.0188283881874365,0.0322057885869858,0.0343929374741956,0.0461973519716543,0.0591713533418584,0.102824216916707,0.000540188348749962,0.000289755662218817,0.000244472568054842,0.000370375084506371,0.000452208117664321,0.000992634185382304,0.111459637589342,0.00166732494625113,3.94801618153389e-07,0.365529007215981,0.0161639969773761,-0.0153937734037141,-0.014967317598381,-0.0365875546907064,-0.361797850499615,-0.0619622560882874,0.00528993892506176,-0.238539383417762,-0.0619622560882874,0.00528993892506176,-0.877683035174232,-0.332560300202745,-0.0262846219562847,-0.00378210450945034,-0.16092487396157,-0.933758580160974,0.114023623329501,-1.08572069588426,-0.40997860598164,-0.204951328236589,-0.0551076679182091,-0.0667649465248123,-0.377084900835159,0.0816227956321833,-0.153311627908236,-0.29589982138294,-0.400820449974355,-0.328754430383319,-1.40579207026518,0.0759065064799684,0.0762247603219573,1.79999946772531,1.69471417407949,1.50656694775467,1.49987817622275,1.50649934603532,1.53069307853918,1.66958637938228,1.53055486353172,1.50330471971696,1.64226146716134,1.53055486353172,1.50330471971696,3.83866345223294,2.36614171012654,1.50316133198628,1.50266750714759,1.58084721048923,4.2044533933418,3.99521055303917,3.31147114401319,1.94317847147997,1.63597585353092,1.49322645481301,1.49337899457028,1.93343806227404,3.11507858772912,1.3171449217505,1.55704948367472,1.81780626290649,1.67273006458745,15.4329902924811,1.67740962863243,1.67527119232973
-11.6666666666667,3,1.13555555555556,0.444444444444444,0.00783510527412966,0.0242172190952679,0.041311236189285,0.0584052532833021,0.0754992703773191,0.0975786950177194,0.00783510527412966,0.0242172190952679,0.041311236189285,0.0584052532833021,0.0754992703773191,0.0975786950177194,0.00783510527412966,0.0242172190952679,0.041311236189285,0.0584052532833021,0.0754992703773191,0.0975786950177194,0.111111111111111,1,150.000015727529,44.9547495052598,-1.66121660660348,204.04343401729,35.9272487345068,1506.84907822102,-16.5229391730028,0.856969648994897,-0.0620119170003125,-0.0120408312675763,0.856969648994897,-0.0620119170003125,-0.314804520289553,-0.0282461345599417,-33.1914977606499,0.107834556254557,1.95288199145922,672.542495573388,6.38233836058744e-18,0.196945755650453,0.160957376314967,0.182016560774919,0.262445901468597,0.32502222685137,0.408396781585251,0.0120089334444329,0.00805950015623372,0.00599852088324133,0.00599543610040621,0.00680273065305697,0.00710983015310905,16.3065763982919,0.245269336527445,17.3232166618681,3.61012656204969,122.19675348106,120.321042727225,2528.02390568095,159.726708759297,6.3293133043015,0.184913542876494,0.340417921013346,0.00490954153932097,0.184913542876494,0.340417921013346,0.238119462601302,0.0513309123570963,0.362993982704067,0.545062250533066,0.382363940574553,0.0494362026398246,9.48009963929124e-16,0.0189014907633597,0.0324075716339455,0.0346387540775574,0.0463703769722011,0.0593469484760221,0.102049466962592,0.000542003121000297,0.000291593309152806,0.000246119577573354,0.000371896632010551,0.000454062162992397,0.00102538559966486,0.0939309177733011,0.00140721772901056,3.94801618153389e-07,0.32924607433492,0.0167573343785301,-0.0156305231744467,-0.0157069624724331,0.0152555335125876,-0.379485731675934,-0.0395180642035791,0.00698942716465322,-0.296137159046094,-0.0395180642035791,0.00698942716465322,-0.614619960035645,-0.240440262930356,-0.0266426448435943,-0.00560989000535038,-0.147892146356583,0.303616259024668,0.191871331947498,-1.08186404104053,-0.410716764529099,-0.210371841240118,-0.0616450599931445,-0.0725829761054141,-0.371138935704827,0.091843502830403,-0.146212678904822,-0.300156101974789,-0.410492768205147,-0.330787011739864,-1.27148803645081,0.107445910634507,0.105673608851508,1.79999946772531,1.72069533550116,1.50711136905143,1.49816468393104,1.50705905699599,1.53771968217903,1.67128520242441,1.52881210194356,1.50445028690488,1.69441821446487,1.52881210194356,1.50445028690488,4.01311552225184,2.14325343450972,1.50237135605625,1.50390569586533,1.58090711857031,1.09218283286418,3.94580020527576,3.30524707948429,1.93681633067672,1.63490903195196,1.49506580938602,1.49323826749664,1.91769844903234,3.102116287618,1.3137659827203,1.55609561233062,1.81172224708686,1.66463674961394,14.3200339524437,1.79350420402453,1.78996671472139
-11.6666666666667,15.2222222222222,1.13555555555556,0.444444444444444,0.00783510527412966,0.0242172190952679,0.041311236189285,0.0584052532833021,0.0754992703773191,0.0975786950177194,0.00783510527412966,0.0242172190952679,0.041311236189285,0.0584052532833021,0.0754992703773191,0.0975786950177194,0.00783510527412966,0.0242172190952679,0.041311236189285,0.0584052532833021,0.0754992703773191,0.0975786950177194,0.111111111111111,1,150.000015727529,190.380356212895,-16.7843453911051,613.561628996979,430.955473971461,6117.70753046558,-21.2675677180502,2.77271502968441,-0.674476690246848,-0.123326590980106,2.84300177064889,-0.245396631906051,5.99491843557963,-0.261543571997709,-100.86549526091,0.392014700228102,5.93856306634726,1173.68690761379,8.73867430476002,1.44805874388085,0.937887417977294,0.639889324028747,0.606239964587023,0.525396625351525,0.46970688469951,0.0196817854056869,0.0108385475870222,0.00607526057858556,0.00609901468597021,0.00680128038745964,0.00723077012811166,4999.98979272992,43.0936798250175,17.3232166618681,48.1838802955037,124.929536531845,121.218360100397,2629.74395178435,1763.54846470669,24.3280230715613,0.978653987112806,0.516514571923674,0.0785966831167212,1.03352478184336,0.395458694862765,2.43142666368553,0.378907379811632,1.53900876073809,0.636213086033995,2.26287894188611,0.463775750301861,0.00368389726524261,0.195682607297626,0.0712569202926487,0.0897076342299627,0.117865878436214,0.136428259746141,0.146509364438663,0.036625878261316,0.00652630910615951,0.00319502610229234,0.00267906602356838,0.0017999598178153,0.00110911176208678,1.25070811974044,0.00525289386618184,3.94801618153389e-07,-0.148436213742871,0.00672315102460486,-0.0115865279430841,-0.00588809406813964,-0.181475486732314,0.0999871298776905,-0.183437965333784,-0.00233420897216675,-0.138947647744745,-0.169699265885704,-0.0117233937769044,-0.295025613061306,-0.321129328016182,0.0883758002068036,0.0130828165856388,-0.182433573368114,-0.806067795423389,-0.0335889119662916,0.630828149805245,-0.0692257378066914,-0.585335409210912,-0.453341284362718,-0.41472347016102,-0.393282843133546,0.936044133154742,0.792095548545729,0.12519309975113,0.152398895013405,-0.207369813198542,-0.718926657432531,-0.000859493974163277,0.0936671982216028,1.79999946772531,1.56771876718031,1.49603044708755,1.50772494222939,1.49948354636111,1.60154332353588,1.72110588524729,1.59788926694354,1.49667845177271,1.52845709408514,1.58994566986541,1.49600361944747,2.0959201998454,2.00577672020227,1.46817474401989,1.49644548543786,1.5964054783179,1.64974529081869,2.33223801318251,2.09092990523005,2.14120226159025,2.08556368090719,1.73836022113834,1.66194274449603,1.65842857940402,3.38752129458736,3.32602830276677,1.85873317313991,1.95084694734783,1.76520433424496,2.22072865270398,1.81656915974146,1.95524546063787
-11.6666666666667,15.2222222222222,1.13555555555556,0.444444444444444,0.047010631644778,0.145303314571607,0.24786741713571,0.350431519699812,0.452995622263915,0.585472170106316,0.047010631644778,0.145303314571607,0.24786741713571,0.350431519699812,0.452995622263915,0.585472170106316,0.047010631644778,0.145303314571607,0.24786741713571,0.350431519699812,0.452995622263915,0.585472170106316,0.666666666666667,1,150.000015727529,200.186949276117,-21.0408952984064,613.106957608582,547.350385418186,6378.2429955213,-18.7494997698156,2.82811925841058,-0.62851658103635,-0.122020237475263,2.88515883762108,-0.262945641756067,6.05013331944589,-0.265461467852307,-100.874086032705,0.416157208677429,5.9527216956567,1173.70294760962,7.32228247057597,1.54744359962504,1.01389447974169,0.783062847620039,0.68772795542131,0.536632840329133,0.456112571607124,0.0385153345078638,0.0162786736478492,0.0140223987084679,0.014919175398396,0.0128085670242683,0.0141027088844912,5000.00166649307,43.0935871263401,17.3232166618681,43.4272269323735,125.519834666048,121.086174399695,2636.92858110974,1586.38443940706,25.2827151536824,0.859312770865058,0.470744476134922,0.0693063712550857,0.900030401267359,0.387236973850007,2.15882452451346,0.413466707325523,1.39600903638943,0.62099857132089,1.93947183688763,0.45698360914348,0.0038646358684381,0.196300034415114,0.0672608378096564,0.0957607444786147,0.110944543577695,0.116505592183131,0.117095133853404,0.0458430635771503,0.00748314266122454,0.00482127629635625,0.00416137209273962,0.00407923459021317,0.00501192162223537,1.08790573542852,0.00479647623278085,3.94801618153389e-07,-0.145164082699126,0.00721207447941785,-0.00741935841556093,-0.00725197911354823,-0.170978752660913,0.0595426544334673,-0.167364535221805,-0.014400956344664,-0.111420274867748,-0.154842144322103,-0.0109929815151043,-0.382912280093668,-0.68205315219833,0.0703444022544783,0.0124970573967599,-0.167438830775551,-0.888251462310601,-0.128768269739824,0.841385914262712,-0.0963281925279667,-0.585419594526437,-0.504691382842225,-0.425105897673398,-0.409446153145672,1.02720836439292,0.799405706770055,-0.270514617451862,-0.42812230065264,-0.464311964844372,-0.652593637081507,-0.151843604715921,0.589160532458568,1.79999946772531,1.57878288660777,1.49584551271943,1.50932259218602,1.4994530954889,1.60817017406307,1.66727820205158,1.60036950158392,1.49244986797872,1.53503689700523,1.59329080175874,1.49583196888584,2.11111238275824,3.03199832079868,1.49796741186162,1.4961148447382,1.60033299413025,1.78899066029665,2.24432863633424,2.65502504318976,2.19330164684613,2.08206821400921,1.77920158051797,1.66910452073523,1.65970085095677,3.13809933665104,3.49549612961982,2.11960182724895,2.00920495582902,2.08744859906704,1.77972251779648,2.12929170144261,1.34711013278283
8.33333333333333,15.2222222222222,1.24222222222222,0.5,0.0156702105482593,0.0484344381905357,0.0826224723785699,0.116810506566604,0.150998540754638,0.195157390035439,0.0156702105482593,0.0484344381905357,0.0826224723785699,0.116810506566604,0.150998540754638,0.195157390035439,0.0156702105482593,0.0484344381905357,0.0826224723785699,0.116810506566604,0.150998540754638,0.195157390035439,0.222222222222222,1,150.000015727529,181.932258098115,-15.7910425164045,614.907353400688,389.959864389126,5678.69596916988,-29.6712218626185,2.42605806686804,-0.636029038058536,-0.104840836683679,2.49889299031351,-0.213979205888261,4.54101535621289,-0.308991116467035,-100.943205916051,0.33509071315488,5.09675597333611,1173.68503280908,9.79616446203512,1.38845835850432,0.889436610769711,0.602316904489116,0.557986855535882,0.44442783043433,0.38198796687845,0.0381231110448912,0.0124858918925216,0.00657953532246641,0.00701064209144881,0.00842680460368713,0.00902705613998543,4999.99614623477,43.0938423080921,17.3232166618681,64.0174861258987,126.743411814988,121.868139200416,2673.28569024278,2288.41641637686,26.9701670789863,1.19603964477117,0.576345969024489,0.0828917201482037,1.26346978853779,0.407824943585991,2.82228485702017,0.478970840064851,1.76944708648352,0.654556585762234,2.73511730053453,0.464527001218398,0.00305664089944639,0.371457565792588,0.300462475281391,0.260472362702681,0.240266546690244,0.22148012333308,0.201990658414956,0.0629071006915947,0.019828075778119,0.00871245635853433,0.00537130218599933,0.00297573662567069,0.00172907995642253,1.21847143870772,0.00487721375433508,3.94801618153389e-07,-0.166314875262589,0.0364760735281839,-0.0255546470542936,-0.0538122082229837,-0.162621490300442,0.574319217807274,-0.164083965651187,0.0730707060275107,-0.243667653362668,-0.161068664870802,0.0523732945733585,-0.16174460493545,-0.355973546920873,-0.0830706427017202,-0.0537227720901376,-0.167514496332361,-0.796691884311157,0.046824894947338,0.286104545591473,0.0108422384497399,0.0402183184458546,0.00475654545029133,-0.0576541152694377,-0.141789110886433,0.0842034318738554,0.241074581573325,0.273080720799425,0.54561775178425,0.137619172203506,-0.22826254009807,-0.0396306614420128,0.459844586486775,1.79999946772531,1.57260474855768,1.49899579583666,1.50563602187828,1.50354591547846,1.58171617907948,1.72735923917575,1.57380199667477,1.51263532810009,1.52699990269802,1.57129911544007,1.50182814410902,1.8670086856581,2.17612470845791,1.48847491021329,1.50292488808818,1.5719676486527,1.63471795852687,2.21599253841271,1.87375015748449,1.60194697220407,1.56961242021076,1.54791576773893,1.53986918545739,1.54809654511919,1.61611278143075,1.68259902659644,1.81694897359115,2.08728870151446,1.92342899679828,2.43342076575142,1.82323396368896,1.25539433264593
8.33333333333333,15.2222222222222,1.24222222222222,0.5,0.0548457369189076,0.169520533666875,0.289178653324995,0.408836772983114,0.528494892641234,0.683050865124036,0.0548457369189076,0.169520533666875,0.289178653324995,0.408836772983114,0.528494892641234,0.683050865124036,0.0548457369189076,0.169520533666875,0.289178653324995,0.408836772983114,0.528494892641234,0.683050865124036,0.777777777777778,1,150.000015727529,192.022383085095,-19.4375581293615,614.541724820331,488.481362670555,5980.956150401,-26.6799651609208,2.54404634933861,-0.609235130579106,-0.103703524632851,2.60555765024477,-0.233235080137485,4.90300941568586,-0.291153460707218,-100.942488282471,0.364493373886053,5.29282908030414,1173.61993542339,8.35218748047076,1.46044286011874,0.962212269555255,0.721357535673368,0.614693406936777,0.465362920529112,0.380790198937611,0.0754001794802624,0.0200109967804083,0.0158893480887408,0.0148676555567128,0.0129160733256953,0.0143556300385376,5000.00031246745,43.0935235912921,17.3232166618681,52.3003026001792,126.290443264729,121.374712171405,2655.50236857438,1861.46796805581,25.7379951426711,0.961532877693138,0.497173079367889,0.068640045897911,1.00952603562682,0.39063026660179,2.30693936914098,0.476487235861338,1.50317286150176,0.624754498976692,2.15841869327314,0.485427685135587,0.00536274314865015,0.362309108970541,0.285466750321339,0.246841370261621,0.213254774133903,0.185560414123145,0.157388137506889,0.0918849858134366,0.0228177383435435,0.0127819243141075,0.00930007175900814,0.00520738155992668,0.00579174676765261,1.82085714312995,0.00699625574393947,3.94801618153389e-07,-0.233353545825887,0.0307824064755049,-0.0157892781927302,-0.0464493147300481,-0.222662379038418,0.486770520778997,-0.198711461810724,0.0584375683715248,-0.123832881238611,-0.19401580643193,0.0439846581037636,-0.180306511584736,0.052099175597708,0.000535546529396904,-0.0449027366765936,-0.193348593439173,-0.494169053558729,-0.189912189392307,0.453350771061633,0.0457224721704243,-0.0558206315319728,-0.0732920626582461,-0.0568271748542804,-0.130659008676102,0.339571136854326,0.106275529936201,0.397484162359573,0.409745211320563,0.430922667924576,-0.130719077403269,0.0646586148407736,0.0966746144569284,1.79999946772531,1.60113536837634,1.49956691514866,1.50838444096675,1.50023108546853,1.60864395429301,1.68944148289805,1.59167793319537,1.5023207496181,1.50770294215048,1.58889985303635,1.49364146982864,1.87298143217557,3.1324179608603,1.4765429353898,1.49435840720899,1.58873569301002,1.24420305349521,2.17993117591355,2.05714646084238,1.67141868592007,1.56640348092131,1.54608877911013,1.54243982897608,1.54840516821845,1.81920806072037,1.50488547182917,1.54011323161961,1.48755452896463,1.99987402809338,1.58895593283351,1.67276769935561,2.79965210511727
-8.33333333333333,15.2222222222222,1.24222222222222,0.5,0.0548457369189076,0.169520533666875,0.289178653324995,0.408836772983114,0.528494892641234,0.683050865124036,0.0548457369189076,0.169520533666875,0.289178653324995,0.408836772983114,0.528494892641234,0.683050865124036,0.0548457369189076,0.169520533666875,0.289178653324995,0.408836772983114,0.528494892641234,0.683050865124036,0.777777777777778,1,150.000015727529,196.969888553276,-19.255654054786,614.058431413394,473.95942166441,6151.10498906364,-26.0800862799917,2.62239256327466,-0.618360693563171,-0.109240983230914,2.68401041558171,-0.235389065711905,5.18685292157067,-0.27422503798146,-100.923207999167,0.367888331766482,5.45672575773358,1173.7095094261,8.25595292157065,1.50879564628684,0.94788550151026,0.715877918966774,0.608825372357046,0.457922612227893,0.376849463597542,0.0270394800101031,0.0167888444623477,0.0153729117800229,0.0136931762316425,0.0129673800645766,0.0145217621081137,4999.98823039267,43.0933767315901,17.3232166618681,50.7284913624943,125.4045783105,121.383423145753,2632.45956447485,1831.56628617225,23.8876887667337,0.96442060668942,0.496923231669008,0.0717901636437158,1.01247303466965,0.389778215559772,2.33514310031974,0.378133125663586,1.48841777687001,0.624786951193413,2.17430178665954,0.581558770084477,0.0054983399061855,0.143047421135591,0.104336681679736,0.135247918675768,0.143720291734245,0.138611613578525,0.130657751260903,0.0301021561177236,0.00854737373695684,0.00635109231363227,0.00603832387691161,0.00463997502312495,0.00575722657939798,1.97962722801886,0.00692313724824631,3.94801618153389e-07,-0.146125828464025,0.0128489443346997,-0.0129591859153305,-0.0168641678187374,-0.15883617018254,0.223589081380276,-0.1553060569629,0.00355550417291219,-0.16929640416312,-0.145759504743829,0.00136168712858477,-0.276844382866236,-0.0557007934978916,0.0386273502164021,-0.000146780900522398,-0.155144814211842,0.146104380674009,-0.0648761696420785,0.665662136451785,-0.409704294595806,-0.393851301696268,-0.355666568099569,-0.325564222661609,-0.346024430882799,1.0654748479145,0.352994753299525,0.107591058599356,-0.0524289258732172,-0.153056784964013,-0.318100607788616,0.0375087933392496,-0.107627901322754,1.79999946772531,1.57845691929024,1.49695528765328,1.51063165664903,1.49850066062024,1.59576169353207,1.72124130310889,1.58820919369163,1.49540560398149,1.53456323445132,1.58334863122311,1.49238479316492,1.9623133030157,2.38671985360721,1.471019997624,1.49279762145557,1.58784859129443,2.42740701102506,1.96724916869862,2.00972174309039,2.11687204354387,1.79455202465496,1.65762704186606,1.60796120823936,1.61102468481118,3.04206424032097,1.82641909155212,1.66533164477092,1.72674739984104,1.78456668611177,1.52804384247286,1.82616481032768,2.6203830079563
-8.33333333333333,15.2222222222222,1.42,0.5,0.0548457369189076,0.169520533666875,0.289178653324995,0.408836772983114,0.528494892641234,0.683050865124036,0.0548457369189076,0.169520533666875,0.289178653324995,0.408836772983114,0.528494892641234,0.683050865124036,0.0548457369189076,0.169520533666875,0.289178653324995,0.408836772983114,0.528494892641234,0.683050865124036,0.777777777777778,1,150.000015727529,195.796948234559,-16.5915336287887,614.775606707635,372.9592390376,5997.44224559942,-36.8924023642329,2.45492360170816,-0.616360956098323,-0.10010200697844,2.52267561712322,-0.206582944303718,4.47200428799084,-0.280970119206333,-100.959450057286,0.317825295854598,5.04838975106759,1173.69284449537,9.41255296323295,1.41776242058119,0.851896489948964,0.62015632746589,0.520601906051453,0.377044255806687,0.304809095927508,0.018664543693886,0.0163247741901885,0.01358990886366,0.0119623324653682,0.0122445287990834,0.0132507486720133,4999.99656285804,43.0932809082388,17.3232166618681,56.7341095048716,124.700748528452,121.423982026432,2612.45637481194,2026.96745184939,22.8840326192829,1.0480714610671,0.527884960989345,0.0728951341838201,1.10652023410583,0.390817182906413,2.50006204525147,0.447052397612694,1.60588372919653,0.62677117519384,2.37367500398361,0.591008884665271,0.00580313598945301,0.134900393454974,0.104202969073438,0.136693737358871,0.144193185444591,0.136385833921066,0.129177295609139,0.0263937280921104,0.0076680182597812,0.00600236743426826,0.00537168704093093,0.00427961452659932,0.00549687550220336,2.1649404960625,0.00819076837106005,3.94801618153389e-07,-0.147199206133925,0.0118173042901699,-0.0186390543747891,-0.0135325911534835,-0.159691671916334,0.312913902030589,-0.16307315143221,0.0194923145783358,-0.210589581988067,-0.154517258083222,0.00172196923684601,-0.244713431155109,-0.222999577377442,0.0553603938951653,-0.000847581873917472,-0.165227600209426,0.21147954235811,0.0505857362940147,0.492902161638676,-0.39619326017102,-0.367805245353748,-0.325713298131513,-0.314227155542227,-0.341349168111513,1.265361126213,0.382212449077128,0.401092478409066,0.0805438416403977,-0.0487576819886487,0.0220702585336598,-0.172977098091663,-0.17180998444693,1.79999946772531,1.57436713133023,1.49774725979402,1.50989283747762,1.4987909020893,1.59308404922839,1.75035747040167,1.5893832566481,1.50174139488464,1.53767217130256,1.58439608333603,1.49396392223297,1.95513010131345,2.20706386687818,1.46899260738291,1.49461671210739,1.58949304854224,2.38258831256337,1.68498147190591,1.65474876542145,2.09086007145296,1.77033452485566,1.64455261847039,1.60057630605828,1.61386471207014,3.54086434988452,1.77590267930009,2.01954913100851,1.87727567240143,1.83370242362956,1.57088871779906,1.59262097198001,2.23045319814306
-8.33333333333333,3,1.42,0.5,0.0548457369189076,0.169520533666875,0.289178653324995,0.408836772983114,0.528494892641234,0.683050865124036,0.0548457369189076,0.169520533666875,0.289178653324995,0.408836772983114,0.528494892641234,0.683050865124036,0.0548457369189076,0.169520533666875,0.289178653324995,0.408836772983114,0.528494892641234,0.683050865124036,0.777777777777778,1,150.000015727529,47.9861149880221,-1.25654911467556,205.010525986876,29.0360013748567,1610.19935423393,-21.1346859702114,0.893539079262577,-0.0635934611925841,-0.0127484929694824,0.893539079262577,-0.0635934611925841,-0.278072861866472,-0.0294457772638267,-33.3540131236329,0.109487638714717,2.01357504426622,674.177356525364,1.05945469638579e-17,0.207192375794188,0.160517968961567,0.206239620872826,0.272188105405687,0.288890001041558,0.334589292782002,0.0120094792209144,0.00821605030725967,0.00600074919279242,0.00674091188417873,0.00715522122695553,0.0124432044787002,26.8903978752213,0.403479689615665,17.3232166618681,2.41765599050879,122.407633560943,120.101831872063,2529.39602042344,156.939588442229,6.93451914096999,0.169209798566707,0.337556491384623,0.00456132925088473,0.169209798566707,0.337556491384623,0.225919416793802,0.0494053707923255,0.360357790135144,0.539575791630382,0.354197218218626,0.075565443914018,9.95629109975704e-16,0.0291199850151421,0.0415383594619614,0.0475762056996238,0.0540038261970442,0.0567184708120767,0.0737471964433917,0.000709320596012523,0.000386394743470219,0.000397183001489899,0.000510485944290464,0.00156099718970339,0.00602255103427221,0.258550543115819,0.00385489947279019,3.94801618153389e-07,0.267108010222155,0.0133068408060154,-0.0134570546517576,-0.0121072330535546,-0.25106820834091,-0.279156739288,-0.125342635969695,0.00512021977925271,-0.045211007013806,-0.125342635969695,0.00512021977925271,-1.23827071306262,-0.169630477914386,-0.0196568261413917,-0.00391980036597805,-0.233692895625765,0.401061891107391,0.169503262337875,-0.686470464537787,-0.270265166960603,-0.179603236946182,-0.143532200316155,-0.139901247222194,-0.521969184279542,-0.0605970260083291,-0.00788492878358772,-0.0540825775430624,-0.0790167096122598,0.0772712208341667,0.107667281630584,0.025561325322544,0.0262884485398608,1.79999946772531,1.49005812375851,1.50353906843005,1.50400521100759,1.50316321933719,1.72517855364717,1.61635948443014,1.57151238805362,1.49893587761435,1.71394250780504,1.57151238805362,1.49893587761435,3.95699475677309,2.05382894038594,1.49601090823778,1.49804512797191,1.70003986010978,1.84260676098937,3.66126710823015,2.42139001976704,1.74339935938463,1.59467952319027,1.52783912097639,1.52152880922848,1.89303734348457,1.76253626255259,1.34219179248158,1.50265360693304,1.486836729003,1.4745720994526,1.3497514123682,1.59947075497949,1.59907686625214
-8.33333333333333,3,1.42,0.222222222222222,0.0548457369189076,0.169520533666875,0.289178653324995,0.408836772983114,0.528494892641234,0.683050865124036,0.0548457369189076,0.169520533666875,0.289178653324995,0.408836772983114,0.528494892641234,0.683050865124036,0.0548457369189076,0.169520533666875,0.289178653324995,0.408836772983114,0.528494892641234,0.683050865124036,0.777777777777778,1,150.000015727529,48.1005988959483,-1.06116860639517,205.447960629101,26.6717256535778,1616.09478179356,-20.9488678262681,0.900433569419853,-0.0640238262733049,-0.0126629400062494,0.900433569419853,-0.0640238262733049,-0.269050097496094,-0.0301433868760546,-33.434622435163,0.110443947003125,2.03292500781169,674.982251848761,-1.18587018643891e-17,0.207889553171545,0.161513696489949,0.20667417977294,0.27227972086241,0.28877204457869,0.346727851265493,0.0120121060306218,0.00823187886678471,0.00599988230392667,0.00680504426622226,0.00730860577023228,0.00930759212582024,32.1253213206957,0.481450484324549,17.3232166618681,3.84565092095859,122.404843381156,119.888864051892,2528.05671647655,70.2507160021103,7.24163403372926,0.10285428541478,0.33567123994599,0.00305184864661029,0.10285428541478,0.33567123994599,0.126901675843574,0.0460992611465223,0.356667044829551,0.536223301010496,0.165679768304962,0.0382095579088899,8.560593161952e-16,0.0145050253582706,0.0140822214634253,0.0153545723007219,0.0198049940083827,0.0215041133099309,0.0237414159762964,0.000558319429185782,0.000186886970107734,0.000166197754636431,0.000228940900349408,0.000637238905425222,0.00473675157732469,0.125678257254078,0.00186862137929418,3.94801618153389e-07,-0.0620734021968079,0.0108734880830618,-0.0107978808855414,-0.0105808162572159,0.373123416688861,-0.27977267055219,0.125224888214799,0.00643673377628034,-0.579325751244595,0.125224888214799,0.00643673377628034,-0.408253688192284,-0.0692851591876169,-0.0282201845697769,-0.00595815399978385,0.0651776210672885,-1.68824400302364,-0.0968901187595607,-0.448003979254004,-1.1123794615221,-0.650067733234677,-0.0629713415984474,-0.0789558312396421,-0.0765056064043256,0.576715210527632,-0.210887934646688,-1.27873590868881,-0.965076723028041,0.0817914034875967,0.432443088966093,0.261671801633507,0.263150421425122,1.79999946772531,1.55190531513305,1.50109544482378,1.50427583205163,1.50100948194273,1.62931042914197,1.57084343235493,1.47198968145502,1.50016317462843,1.86203154500999,1.47198968145502,1.50016317462843,5.32759270994586,1.76790662961624,1.50039982742087,1.50003902594905,1.512277558984,3.85016781415,3.82407162951357,2.84418569441551,3.53776338692077,2.34558111129579,1.5804386693562,1.58706102599981,1.65272548662935,3.82029904223469,3.93157504478384,4.53900975622138,2.8627917859279,1.63006921641696,1.58959366116981,1.66547518841186,1.66577286691629
-1.66666666666667,17.6666666666667,1.1,0.277777777777778,0,0,0,0,0,0,0,0,0,0,0,0,0,0,0,0,0,0,0,1,150.000015727529,164.744395375482,-11.6553285449432,618.59244870326,244.83625230601,4841.13331944589,-27.6493007796167,1.80827212790334,-0.577538620372878,-0.0553448639725028,1.89240083324653,-0.149043152307051,2.02156244917196,-0.481694001672743,-101.070132277888,0.221432357910634,3.65060481199875,1173.640662431,13.2095073429848,1.53840568690761,0.947679397979378,0.575619716696177,0.488198333506926,0.374143235079679,0.287150859285491,0.0232454560272888,0.00903255422578899,0.00610833444432872,0.00602791823768357,0.00576881928965733,0.00574261129049058,4999.99437558588,43.0933579835433,17.3232166618681,45.6616397737148,121.6670574545,119.043171879352,2531.42204169694,1469.0070606731,19.0005380715732,0.729602193878725,0.501316205745698,0.0384977292506626,0.806042955549499,0.365953361052736,2.02433515175127,0.457054934806645,1.60399699747768,0.584962858589689,1.73054028758716,0.590928417384721,0.0055917511076548,0.173598533754817,0.134617924088619,0.116079251688963,0.116135096687604,0.126008392041595,0.129567864792295,0.0319175280936939,0.00874386560164166,0.0033551519377714,0.00194679749227247,0.00119562148080452,0.000751229419250546,2.13925844535054,0.00801391115083548,3.94801618153389e-07,-0.142403400109332,0.0125015957190279,-0.0196408666690848,-0.017480855093792,-0.252799035096958,0.326456515321327,-0.297593345874018,0.0485197894596897,-0.106413545185518,-0.273681756262243,0.0107465454671521,-0.612559561919165,-0.44590957693446,0.182585613695108,-0.0110887438055855,-0.297569295599221,0.307585109133307,-0.0168076872809998,0.117326528803613,-0.188623526159652,-0.210937492276626,-0.228285775956378,-0.275211179326754,-0.367769022864059,0.483380768386978,0.447581136172749,0.316644099976626,0.352402254103705,-0.00897710016112155,-0.610531906828814,-0.067957556478065,-0.0782328608280087,1.79999946772531,1.54618947512109,1.50009875068862,1.5044184472954,1.50636765050184,1.65755132393485,1.67505404920026,1.68914857882227,1.50748505829511,1.50766342060717,1.66709987014771,1.50223182116193,2.56213039261149,2.29831530042465,1.51258737946704,1.5027801548313,1.68469871404168,2.31572834145366,3.17079147305387,1.55158714441931,1.81011853990426,1.7915034967776,1.68381880723991,1.63381442882597,1.6540583718285,1.84121540168921,1.67901235863002,1.42191032152008,1.5513181640387,2.13667202278935,1.79283581694274,1.43659110371509,2.37469525813953
15,17.6666666666667,1.1,0.277777777777778,0,0,0,0,0,0,0,0,0,0,0,0,0,0,0,0,0,0,0,1,150.000015727529,164.95146338923,-12.7536872200813,617.843610040621,295.048437708572,4945.55973336111,-28.1713053813145,1.9342396937819,-0.594818134743256,-0.0652017389855223,2.01677396104572,-0.166478683189251,2.57715125874388,-0.440193630078951,-101.048889698989,0.252650451230288,3.9707348505364,1173.59910425997,12.3747995000521,1.44111210290595,0.970409249036558,0.613876471200916,0.526708811582128,0.417225539006354,0.333050749921883,0.104606862106031,0.012053411537444,0.00634176488857411,0.0061153081770753,0.00582728507447141,0.00588650984272472,4999.99531298823,43.0934892198725,17.3232166618681,53.4687980714175,124.359010081826,119.625351745597,2599.68316672076,1760.10656720436,24.9118965779997,0.860157079478723,0.529154523027379,0.0479482533851729,0.935948892426506,0.379304744846529,2.23474439099982,0.484481428660744,1.67929312894938,0.605463705093787,1.99649851524433,0.512139334133023,0.00499623856016045,0.488962532538457,0.372572736413459,0.269931036353664,0.218139022169765,0.200442905856276,0.173217647913266,0.1347644249468,0.0275109901006944,0.00929906454041765,0.00447609344516385,0.00224739549332368,0.00102483291886815,1.84189635872899,0.00659317145374061,3.94801618153389e-07,-0.214087587139799,0.0331659529736602,-0.021600160049397,-0.0482303027156251,-0.245373504210269,0.456624287481136,-0.248478478283083,0.100267510771265,-0.149816756579389,-0.2437016696339,0.0536212553803855,-0.515796976526284,-0.534170606608888,0.0659196461655622,-0.056432278404078,-0.249762164996062,-0.156722434550323,0.0802645381985339,0.546285679714588,0.13330301349521,0.114234458923804,0.0824090584836678,0.0272382953779844,-0.0755280954019674,0.501704792954069,0.153010546811398,0.179008471152098,0.257415697237308,0.496481735199029,0.0583888126550125,-0.0493296284927494,-0.184686927687086,1.79999946772531,1.57684691326985,1.5016932422328,1.50525206884119,1.50640222421547,1.6379409745498,1.65961410416332,1.64081158643488,1.51994353033984,1.50113993105901,1.63316666805546,1.50300340221194,2.45226811853845,2.38939554724443,1.50001650223905,1.50449798467293,1.63773119742159,1.60650380469632,1.00644239609167,2.04997326293117,1.64672285583974,1.5862638204975,1.56335810682054,1.55592203788818,1.56457665763696,1.94938327743016,1.86295567153135,1.91513530186827,1.88944533111754,2.08693313524542,2.40637667673873,1.58700202796886,2.58923124428526
15,17.6666666666667,1.1,0,0,0,0,0,0,0,0,0,0,0,0,0,0,0,0,0,0,0,0,1,150.000015727529,168.467222164358,-11.6799325007812,618.202020622851,254.384370794709,5092.26632642433,-24.9191123273617,2.03023945422352,-0.619565555671285,-0.0591439818768878,2.11615269242787,-0.166245033350693,2.97472304559942,-0.416856688084574,-101.062600770753,0.25395902239975,4.21074929694823,1173.57421101969,12.4783803770439,1.45703642328924,0.959873075721279,0.599463087178419,0.522911040516613,0.425299041766483,0.353097750234351,0.0799265061118633,0.00985192818882408,0.00610816077734611,0.00600148942818457,0.00571939360483283,0.00520976585772315,4999.99812519529,43.0932382043536,17.3232166618681,28.2712909717598,122.004769226698,117.666806616182,2516.2831995673,570.148376704415,21.0503776349699,0.141187916479665,0.36471685350009,0.010936476749625,0.199525205214597,0.336363727407854,1.50043785320082,0.301957511303744,1.17619873067305,0.531842406959056,0.304794766939875,0.513502540613042,0.00524319860067825,0.42847980611848,0.264542183854578,0.149809395106921,0.0961571864024957,0.0691560576787386,0.0448383714386614,0.104775892555946,0.0176681398008602,0.004706754396532,0.00194128436455892,0.00104557161547162,0.000463256219337655,2.0484233330559,0.0073557249999794,3.94801618153389e-07,0.0278408486626033,0.0129873407833702,-0.0126416516515029,-0.0148599142628071,-0.148016067966412,0.0861909333385882,-0.608389428383236,0.00846644614055004,0.169289895133393,-0.317144512679888,0.0127417516883199,-0.784703980253312,-0.350001279962678,0.104738736342664,-0.0144357895845772,-0.66944257080699,-0.0872185326636597,-0.167582721998579,0.487641996529191,0.0342673483731899,0.0286209820821506,0.0365223609143915,0.0613354807759587,0.0582199090543558,0.386551126854252,0.0475492174758946,0.0124240752989119,0.145165268769085,0.312566513333894,1.36631968589972,-0.179631530098201,-0.242115886449605,1.79999946772531,1.40983411415911,1.49917153159476,1.50657635596607,1.50252366385706,1.58426497377765,1.4675306815766,2.5874517247705,1.47577776084804,1.88664443922249,1.92528210112715,1.4969354787646,7.39568787671506,2.68253710731111,1.61782720168093,1.49750834482617,2.84466384030969,1.51296669742472,3.19632165553524,2.03255539794798,1.65721750921307,1.64369041751177,1.63035220806447,1.6111354753896,1.58540443710719,1.84680304325569,1.60962995870898,1.51771991085716,1.60288453587182,2.13003710565437,5.82326176720477,1.68678158993897,2.384787458196
15,5.44444444444444,1.1,0,0,0,0,0,0,0,0,0,0,0,0,0,0,0,0,0,0,0,0,1,150.000015727529,78.2962555983751,-12.3916353192376,236.654021456098,321.230503551713,2783.8879283408,-8.84018756129569,1.60103124674513,-0.155430368888658,-0.0372008384543277,1.60103124674513,-0.155430368888658,0.766844810082282,-0.0690612315852515,-38.8378814706801,0.263828356004583,3.62534913029893,727.493417352362,-9.65133414331841e-18,0.809177616914905,0.630296937818977,0.53448222060202,0.593558316841995,0.674752286220185,0.743200895740027,0.0117623257214873,0.00820271305072388,0.00591547182585148,0.00593874221435267,0.00618210978023122,0.0062329927090928,399.134267263825,5.54994948442874,17.3232166618681,6.89726441008167,121.524882482513,119.694699746476,2489.60777393716,203.721194643484,13.9450931248276,0.0761693307060387,0.31746049762204,0.00318735366249775,0.0761693307060387,0.31746049762204,0.368230805844399,0.0595849353632273,0.392843733392813,0.504544554483114,0.250123957959523,0.0945185038481965,1.14523857244139e-15,0.129599503463183,0.0725398098819221,0.0506653052466387,0.0579478950387042,0.0654343293822115,0.0792322138507915,0.0121143229475789,0.00341404020837809,0.00155833125084405,0.00142011683237758,0.0013036806993523,0.00112287334750192,0.373115552672273,0.00477262702759972,3.94801618153389e-07,0.00849727832754527,0.099071802734859,-0.00184013423171761,-0.0981209155457948,0.105386302574221,0.0774458480090392,0.16844359745719,0.0960605883208434,-0.304448685948744,0.16844359745719,0.0960605883208434,0.615712964494655,-0.124921991843442,-0.017145042969944,-0.0960422647858051,0.153058898134204,-0.212882929656772,0.00326115148338666,-0.0899933800804402,-0.0614447930914918,0.0861044673522623,0.162574757675687,0.167358603490874,0.152501957793071,0.13526872638726,0.181781254482265,0.365083690324094,0.585723258579024,0.919341902990041,1.10533571840534,0.0643333679829866,0.0693990921393434,1.79999946772531,1.52769444088952,1.51302885594207,1.50052256836738,1.51283715711911,1.62267190343748,1.51998894199797,1.72080810309185,1.5110717132133,1.99632103360157,1.72080810309185,1.5110717132133,7.14015043959362,2.21367040680857,1.48561023594494,1.51102648238659,1.64296036872415,2.04988883699647,2.81040551142406,1.72551188302425,1.6909979826231,1.46337149504648,1.45670058728664,1.50931557353816,1.54248503785817,1.34567751631905,1.46102004482261,2.06223630194853,2.84353283447935,4.06420993556461,4.54908062642679,1.86523049750791,1.84131091262049
15,5.44444444444444,1.27777777777778,0,0,0,0,0,0,0,0,0,0,0,0,0,0,0,0,0,0,0,0,1,150.000015727529,87.8348974065203,-7.61562543068429,247.623567336736,232.623703572545,3167.4013123633,-9.64144713988127,1.84189574002708,-0.16101297878346,-0.0490017258618894,1.84189574002708,-0.16101297878346,1.17280639589626,-0.083213142890324,-39.6740777002396,0.27598622833559,4.19062076866993,735.578387667949,1.13258183418394e-17,0.782967742943443,0.612779502135194,0.52281559212582,0.583790834288095,0.665528455369231,0.738106072284136,0.0122321864951047,0.00842300760337465,0.00602667440891574,0.0060384585980627,0.00625281429017811,0.00628267190917613,460.345182793462,6.33072179981249,17.3232166618681,7.26597418425391,122.187911663272,118.914478586293,2499.48027824731,232.13066425136,16.1481859046029,0.0973747575070616,0.31649970319049,0.00470902377425588,0.0973747575070616,0.31649970319049,0.432367058000418,0.0631738369413075,0.396366525720883,0.502564273625205,0.308738919878567,0.100075721903845,1.170187385539e-15,0.126044878383319,0.0709035302996997,0.0504073498235653,0.0587915160523266,0.0672641243423339,0.0813939065312335,0.0115534575855398,0.0032932596183095,0.00152602146412801,0.0014177424483206,0.00132663107499941,0.0011614935527925,0.398680075399525,0.00498844422243421,3.94801618153389e-07,-0.0698464008729017,0.0162740716148759,-0.0871999865892023,-0.0150228182569171,0.0315225310021819,0.0267938490700682,0.0791244753918647,0.0128905931482171,-0.335216322974274,0.0791244753918647,0.0128905931482171,0.394591645349688,0.00143084283896795,-0.100412695498816,-0.0128143302165547,0.062627677434048,-0.125793156293737,-0.00541305001895083,-0.0210301486316048,-0.00343340349563147,0.105753984685999,0.124515908515682,0.107325013443501,0.076297767806017,0.0587656204205826,0.0964843747748463,0.283638690346764,0.51730501803616,0.887478930963712,1.10759686954435,0.117637937536895,0.111276387685642,1.79999946772531,1.54239418538883,1.49324150600768,1.52249942491802,1.49329225822817,1.61100915497666,1.50357240332905,1.65699788975788,1.49142205066107,1.8140423418619,1.65699788975788,1.49142205066107,6.51045691207485,2.18101742240827,1.5106428443212,1.49133707401754,1.59827925061164,1.95689846865349,2.86408221460528,1.74065914706551,1.71277677585028,1.46287311983113,1.43954476604149,1.48578829482985,1.51565980653512,1.31944461756898,1.42755899639205,1.96757342326766,2.75872006195983,4.02869147795942,4.61579021407677,1.79731504554397,1.77693717695582
15,5.44444444444444,1.27777777777778,0,0.0391755263706483,0.121086095476339,0.206556180946425,0.29202626641651,0.377496351886596,0.487893475088597,0.0391755263706483,0.121086095476339,0.206556180946425,0.29202626641651,0.377496351886596,0.487893475088597,0.0391755263706483,0.121086095476339,0.206556180946425,0.29202626641651,0.377496351886596,0.487893475088597,0.555555555555556,1,150.000015727529,83.4553234038121,-11.2147216326424,243.401407145089,298.433075721279,2931.04041245704,-12.2329062189355,1.62425622331007,-0.153716119258411,-0.0378098448078325,1.62425622331007,-0.153716119258411,0.777426777554421,-0.0695031463752734,-39.2595229663576,0.258418097152588,3.62566743047599,731.56080616602,1.10502321529007e-17,0.805143505884804,0.616537162795541,0.5635588272055,0.627658816789918,0.604612592438288,0.61698733465264,0.0118931246603375,0.0134934594313092,0.0111553430892615,0.0127701368607437,0.0132645266118113,0.0157022320591605,429.77143005937,5.94272867409642,17.3232166618681,6.56200575298208,121.705825286635,119.646386833369,2496.73124368399,169.354500702904,13.9881860548127,0.0516297331271119,0.321511077246592,0.0022610181350805,0.0516297331271119,0.321511077246592,0.377970987538803,0.0652225770052481,0.402275508719087,0.511779362535286,0.163410351029213,0.102225934553391,1.19879301755232e-15,0.129803683161339,0.0695025547494438,0.0490563068006151,0.0482849023334403,0.0422015443136344,0.0467208613512807,0.0121039513157144,0.00377128317953651,0.0020533382859247,0.00172431369155736,0.00116830994716775,0.000945532723905561,0.407202507114706,0.00514838360577505,3.94801618153389e-07,-0.052757426977881,0.06398068290278,-0.047101848979214,-0.0632754754800588,0.0406574413713943,0.0193700271193129,0.144969747042359,0.0623066645178282,0.360387336987845,0.144969747042359,0.0623066645178282,0.702376852262006,-0.0598831598846221,-0.0608448337047725,-0.062313026389977,0.140962530918653,-0.0502206269597289,-0.00107504901296857,-0.0594778184432494,-0.0434581539843045,0.0974939854808763,0.163809906234716,0.170766064880353,0.135812968816708,0.110707330432578,0.156976542950738,0.390613107257242,0.500583399500004,1.07478137699962,1.27314557437678,0.0791119412690737,0.0692996437458484,1.79999946772531,1.52865632704967,1.5039476685738,1.49988113075841,1.50391648594624,1.62492396385627,1.51236818984414,1.75690796976264,1.50249306658643,1.93457927004132,1.75690796976264,1.50249306658643,7.66276738169053,2.62621897111398,1.48440437751817,1.50245770190781,1.72875600496726,1.85816617616594,2.79931198170662,1.72084601872464,1.71884378592719,1.510386815647,1.43948422507388,1.49346861033092,1.53955171463431,1.33255810782976,1.38706604459807,2.04861661694188,2.70672073514985,4.86795677509455,5.43367286603805,1.7828353487547,1.7786186982993
1.66666666666667,22.5555555555556,1.27777777777778,0.166666666666667,0.0391755263706483,0.121086095476339,0.206556180946425,0.29202626641651,0.377496351886596,0.487893475088597,0.0391755263706483,0.121086095476339,0.206556180946425,0.29202626641651,0.377496351886596,0.487893475088597,0.0391755263706483,0.121086095476339,0.206556180946425,0.29202626641651,0.377496351886596,0.487893475088597,0.555555555555556,1,150.000015727529,156.165248411624,-8.64792750442663,620.45121341527,59.0984685970211,3764.3708988647,-45.7049234454745,0.76509229077492,-0.310077873638163,-0.0133998536506614,0.824926351088845,-0.0318885907374232,-2.47228097728361,-1.03800531923758,-101.059299031351,0.010427375846266,0.988845680147901,1173.70857202375,19.8486918029366,1.56303780856161,0.937525268201229,0.516571534215185,0.330619862514321,0.129810413751693,0.0206887218936569,0.0560618850782211,0.0148708466618061,0.00973579616706594,0.00662718175190084,0.00909055004687011,0.0107833152796583,4999.96958650141,43.0933746484746,17.3232166618681,50.0284494036399,116.302268263058,117.337878656203,2409.17552198217,1349.94785610057,16.1389343519817,0.508104323696836,0.484759566958339,0.0109143452012193,0.614451482843655,0.3400176709779,3.39977986072078,0.612141976066141,1.62409454846131,0.539183687646812,1.22419449292609,1.15192703230492,0.00729275500133497,0.20171661518377,0.175511593174168,0.140102702563714,0.118838689494336,0.0879020925412576,0.0764227174256287,0.0559327441224499,0.0115851360193269,0.0046251488102873,0.00142602482154074,0.00181880548696008,0.00317721295655762,4.60521804652986,0.0155739545844929,3.94801618153389e-07,-0.0473176842633625,0.00304336597272907,-0.00381590330888047,-0.0117753903537515,-0.21966916527773,0.364291895320233,-0.350190413330317,0.0471398442495812,-0.460991786912798,-0.291392638691913,0.00892340525946048,1.26635079472147,-0.197788595743757,0.26400078478302,-0.00963390285152425,-0.359979387051731,-0.0120782058485213,0.206611810024695,0.333752104567582,-0.145293079260635,-0.125446266094775,-0.154356165798234,-0.315705394005684,-0.584596937015717,0.115124832504285,0.367814162112371,0.650163805403429,0.0665082399192942,6.80889597250664,1.20679792408028,-0.131374406626591,0.00324875462456548,1.79999946772531,1.49769510063918,1.50840370332974,1.51758530293042,1.52015748355785,1.69438622081783,1.59277347872893,1.89751601696107,1.49886176409468,1.63384321431106,1.81244879086098,1.50777283240734,341.985708853649,3.16789701429435,1.59126916362555,1.50515590685969,1.93099101161732,1.85064991168926,1.89509970326377,1.9891394175356,1.71549526637784,1.74819881743698,1.69547263387554,3.93107071680277,2.37870086414359,1.4728663357188,1.56924830632119,2.19874589337849,1.78907756926705,164.364960319193,7.16592071562703,1.34374012900598,1.94693166555022
1.66666666666667,22.5555555555556,1.27777777777778,0.166666666666667,0,0,0,0,0,0,0,0,0,0,0,0,0,0,0,0,0,0,0,1,150.000015727529,150.853621497761,-9.32917245047391,620.632069576085,103.531025966045,3577.12457035725,-47.5654796375378,0.671203641224872,-0.287463695885845,-0.0127062168628268,0.729193187283616,-0.0377508737492969,-2.8331320393709,-1.11585602463597,-101.040858243934,0.0190154704822414,0.772019223299657,1173.6412873659,20.2212790334345,1.56014988022081,0.940578470992605,0.470847567961671,0.304856959691698,0.124532439609728,0.00413277582199771,0.0394029624593271,0.00931959181820644,0.00611198385584835,0.00601252650765546,0.00585247297156547,0.00634930455160921,4999.96823247578,43.0934631809192,17.3232166618681,52.3520062791896,116.031749555712,117.218480089789,2405.30725533308,1443.32047929036,16.4235144965492,0.557466343789903,0.505626823765895,0.0104695637463068,0.670494330344572,0.341849170744966,3.60628873917321,0.646965737413433,1.69711230624472,0.54250488428947,1.35217470456059,1.06000165527374,0.00689877305992315,0.217702755428312,0.187734315118233,0.136202779510656,0.118835193294096,0.0988982131831975,0.0839986316524904,0.0483619661406706,0.0108781978863601,0.00302174753709977,0.00110414716266597,0.00115294514619246,0.00130508918411297,4.22910686622474,0.014467453539665,3.94801618153389e-07,-0.0717265670324961,0.00633694827595501,-0.00730489392939945,-0.0160764381661916,-0.215873941676467,0.421689923828591,-0.317877753156517,0.0678441831586884,-0.582425071351522,-0.276640232780285,0.0162736172973003,0.839653080525475,-0.134631867860655,0.231425940853242,-0.016641839742397,-0.33187390636383,0.0952504147951834,-0.172989495852215,0.159090064160904,-0.12315603670599,-0.127493630755454,-0.156153031027726,-0.0434214949490634,-0.805621321711583,0.0996494077626717,0.328091316759995,0.277724035515748,0.373367353452174,16.3670608545698,30.2046518492822,-0.0342809692886383,-0.0604089819933787,1.79999946772531,1.50040010059811,1.50918017650444,1.51688090795151,1.5230022258421,1.68106523075424,1.62998575734805,1.84914588085123,1.5075426542246,1.79198297724652,1.7836659962163,1.51097938900873,852.647116418182,3.92098928252626,1.58693355387444,1.50823867343806,1.8748429793869,2.20205768038442,2.09445658842193,1.82582890681248,1.70022194015264,1.74485089358307,1.69181574371891,2.41742469458063,6.57947705418964,1.35149609008217,1.53354801425856,1.50709031347105,1.91914316250612,743.633944408268,1860.63386414427,1.39021170597192,1.99682113690447
-15,22.5555555555556,1.27777777777778,0.166666666666667,0,0,0,0,0,0,0,0,0,0,0,0,0,0,0,0,0,0,0,1,150.000015727529,153.197489844808,-9.08416947922091,620.478564732841,106.508141454015,3775.68190813457,-47.0845997291949,0.824587730444745,-0.337999425276533,-0.0101157070096865,0.889756171232162,-0.0502439564649516,-2.22382472662223,-0.996668353567336,-101.080368711592,0.0413921210603062,1.15196373190293,1173.68294969274,19.0564805749401,1.48687685657744,0.965109519841683,0.501750869701073,0.341358212686178,0.151822035204666,0.0405316736752421,0.118679985026039,0.0111160545816477,0.00626658154247474,0.00601577616914904,0.00592939277158629,0.00630847130507239,4999.96958650141,43.0935402562237,17.3232166618681,26.2338787589661,113.267554857699,117.46480163783,2326.52110176578,409.302135315333,23.2798264084458,0.141777346684072,0.333555511422261,0.0037028577221803,0.184270527049921,0.31209444861583,3.17286328593054,0.495605876605962,1.14394319382749,0.495320190947021,0.370831632807597,1.0682393450938,0.00603616382062336,0.440225837761797,0.304334604422413,0.150205294741077,0.074314681952078,0.0472871595959112,0.0366592012731451,0.153762323022919,0.0234067293783321,0.00472498791938581,0.00127503255530282,0.000402215297065611,0.0014119275336377,4.18622641401748,0.0127996040424179,3.94801618153389e-07,0.332970386084839,0.00535574893311354,-5.46334255951899e-05,0.00292760634584275,-0.0366283899847792,-0.173087645993481,-1.1139887738348,-0.0744447318069312,0.499933334084973,-1.11673934731151,-0.0278492755635996,1.82180802576277,-0.392114945636765,0.594001000104023,0.0255064739420351,-1.41700130513243,-0.00754173712577284,0.347001701630031,0.701619585880193,0.231516025141851,0.147987191976833,0.154162071829175,0.505805613596133,-0.96283023021467,1.01528540923273,0.749410224091128,1.17311521833549,1.68490320523496,-0.551212423001474,2.45251510906718,0.098402183034281,-0.0281673719634404,1.79999946772531,1.59741249755528,1.50576944090503,1.50910352561277,1.5017321131347,2.27651814645581,1.55544309621809,3.69376353214282,1.48889639783745,2.66707180936692,3.41468464745566,1.49136217940445,95.5479091807984,3.29271530206701,2.24923248297461,1.49154427752069,4.22727336334829,1.88195323547953,2.33190429072191,2.29834605533328,1.74218961986522,1.66968708438732,1.66779852549524,1.98245368598553,8.11758445663988,3.00196201963469,3.64821617655852,5.13651227378176,8.34644259023884,2.55066229348697,42.1708692692506,2.34807262474167,1.82750960847151
-15,10.3333333333333,1.27777777777778,0.166666666666667,0,0,0,0,0,0,0,0,0,0,0,0,0,0,0,0,0,0,0,1,150.000015727529,228.706936777419,-28.298512416415,514.924226643058,929.224770086449,8262.75002603896,-5.57865527497136,4.64045109884387,-0.463710021666492,-0.30537448182481,4.64045109884387,-0.463710021666492,11.7801071763358,-0.495245106459744,-85.7118800124986,0.779192372559108,10.3845811894594,1087.00947817936,-2.79284998854285e-18,1.30150390584314,0.997939943755859,0.813411905009895,0.853960556192063,0.908052463285074,0.906170201020727,0.0153876451803042,0.00878049416129571,0.00595149436110821,0.00590603083532965,0.00626926862722633,0.00596570370534319,3247.37506509739,30.2205239037606,17.3232166618681,14.6925262251291,125.640162451131,120.435199824464,2668.13689298986,675.993210646263,39.6749800364223,0.52048894113401,0.389520773421641,0.0710651296699366,0.52048894113401,0.389520773421641,1.54668125745348,0.279766126890669,1.00902349482136,0.62830149481025,1.14660011969094,0.688759262315122,1.25069663252926e-15,0.19059313452339,0.0760504959930473,0.04045425810568,0.0493056120798192,0.0601357264377176,0.0869210458815163,0.0318456724783081,0.00695853998467879,0.00303892935674992,0.00279464093051652,0.00250769745649196,0.00205982503914959,2.11020315432726,0.00812701746803417,3.94801618153389e-07,0.0748028056340294,-0.0201477036736519,-0.0205640402882454,0.0317534845046723,0.0212630980555236,-0.173567613788861,0.0789277584412079,-0.0593878059960987,-0.192878738497444,0.0789277584412079,-0.0593878059960987,-1.51136302905693,0.062077174990654,0.00333671250971967,0.0603422275156226,0.0665311349089008,-0.0122756152573759,-0.0144009894399503,0.290853385796645,-0.0241679684842169,-0.0861030423750743,0.40500231794348,0.412521169619622,0.292648046813318,0.35286935447514,0.387125826607323,-0.274623460154658,-0.673503109226827,-0.574528953872895,-0.367994915734827,-0.0490210950707172,0.162446582653541,1.79999946772531,1.62032629802451,1.5148103992913,1.49054097654327,1.51568170008905,1.57860262841962,1.58528678568674,1.53302394456832,1.51248149478569,1.56525017826313,1.53302394456832,1.51248149478569,5.35481182793759,2.61528439891028,1.4785477471513,1.51254963234634,1.55275589126925,2.10813146652899,2.79249634995243,1.83768560879161,1.64401473034348,1.63398885796866,1.76889243858893,1.6435698392282,1.55077638677547,2.46066300735464,2.5725855872216,5.1124334996833,5.3116596405836,5.14594204556475,4.40291261081985,2.28448284520578,2.99539334643836
-15,10.3333333333333,1.1,0.166666666666667,0,0,0,0,0,0,0,0,0,0,0,0,0,0,0,0,0,0,0,1,150.000015727529,196.629267784606,-21.3615412634101,469.463253827726,757.794428882408,7069.96677429434,-1.18019298406416,3.93756410790543,-0.391571757314863,-0.219822091448807,3.93756410790543,-0.391571757314863,8.60255796271222,-0.396128178804291,-78.3021091552963,0.656798354213103,8.78762128944901,1036.59368815748,9.88980440579107e-18,1.41080241641496,1.08803866263931,0.883275481720655,0.920230496823246,0.963703385064055,0.952521851890428,0.0169142588574107,0.00906089031882096,0.00590627499979168,0.00590987947120092,0.00654037363295491,0.00644085588276222,2816.1041558171,27.4816696177489,17.3232166618681,11.8703896127109,124.707460258369,120.692712815072,2634.01748407702,571.051559114211,33.6691423565642,0.446544463164035,0.376890416641938,0.0518647017733839,0.446544463164035,0.376890416641938,1.24428110151311,0.226658429613294,0.883868591147579,0.606730468364163,0.978705813232478,0.491169681977742,1.26677500187877e-15,0.229337630512658,0.0862985649917073,0.0419760672243684,0.044515127965261,0.0537181511067891,0.0800634733062576,0.0431500400076734,0.00827899901780293,0.00349434977554058,0.0029105653614062,0.00250603762304545,0.00213816266220488,1.24163216602928,0.00641885266468599,3.94801618153389e-07,0.0525009813788333,-0.0652825333884408,0.0113301663888545,0.0755970720345588,-0.0118314339882685,-0.20168237204187,0.0751283367481174,-0.098988069934648,-0.199201776346022,0.0751283367481174,-0.098988069934648,-1.44998234184825,-0.0273517947538813,0.0381341154899817,0.0997182831562158,0.0560675951027171,-0.381509854478927,-0.0310883334595254,0.476573279506951,0.0204293746442597,-0.162232975054313,0.547428533828771,0.555578991614163,0.370113982897494,0.624170868191292,0.522680606170236,-0.0442387595517127,-0.744398670365487,-0.844319077159139,-0.633520810444731,0.199873788205777,0.0981317438583867,1.79999946772531,1.70581755342272,1.52095383046202,1.49061754243206,1.52265557751192,1.63959415700555,1.60284885503477,1.562895471216,1.52164105996605,1.59440583744349,1.562895471216,1.52164105996605,5.01948617739372,2.99497150273351,1.48830395032486,1.52154727155358,1.58415592052842,1.14554976906472,2.68990414901464,1.97401134729922,1.6606112880624,1.56502412166375,1.90853094882726,1.76228577596489,1.62099520309915,2.95762205316715,2.72922244679287,5.22723110806009,6.37955364011473,5.3525483567563,3.85687599795178,2.61952804133213,2.90370038502613
-15,10.3333333333333,1.1,0.444444444444444,0,0,0,0,0,0,0,0,0,0,0,0,0,0,0,0,0,0,0,1,150.000015727529,195.554358920946,-21.1287956910739,469.072679929174,751.896068117904,7021.14227684616,-3.35778037839808,3.90163628788668,-0.388294983912093,-0.223429942714301,3.90163628788668,-0.388294983912093,8.48258483491302,-0.388963722528903,-78.1991990417666,0.650902565905947,8.70045318196021,1035.99822935111,9.45131738673057e-18,1.40153202791376,1.07021044682845,0.868605395271325,0.902041016560774,0.937385011977918,0.92614793250703,0.0150522332978856,0.00890338175335903,0.00603183110527029,0.00602987341631081,0.00692380150678054,0.00684228424122487,2810.39225080721,27.4444224559942,17.3232166618681,28.5076376097982,126.783399566052,123.887069620526,2718.39197440405,1264.64128295215,31.9468666190816,0.852807050270685,0.409443801984668,0.0950561805215236,0.852807050270685,0.409443801984668,1.71632293068981,0.152007877494116,0.868049846196873,0.661766257718672,1.91008197700401,0.0420439984927208,1.30236299325843e-15,0.148217150801836,0.0324314644066642,0.071677135388872,0.113379064943518,0.131996494221605,0.149099421961719,0.0283743299087482,0.00532396146831353,0.00388288541129522,0.00412651891413751,0.003739329056764,0.00283650427248315,0.836833283131022,0.00507672916444452,3.94801618153389e-07,-0.10937204705907,-0.0651451091645393,8.48044445465821e-05,0.0750868875947858,-0.0778199338712989,-0.204892945116357,-0.0314041420153563,-0.0912266125820994,-0.155969552765131,-0.0314041420153563,-0.0912266125820994,-0.492395445610564,-0.623940907740366,0.0127303092860545,0.0914071587910508,-0.0345528969467015,-23.701613440277,-9.15217710553778e-05,0.42834682621738,-1.54315031146796,-0.510452319349348,-0.255240705661499,-0.25813385853095,-0.0896998554852823,0.712950591969187,-0.418033952101607,-1.04869160609271,-0.804525456864414,-0.983666033070641,-0.68732640697699,0.110479552070725,0.23002345532429,1.79999946772531,1.59046936939217,1.52118404202102,1.49018235438068,1.52284823394955,1.56919825215933,1.66799968687431,1.55003918001649,1.51811263281081,1.55422610690329,1.55003918001649,1.51811263281081,2.37617074517153,2.48315199860239,1.46895355427665,1.5178150565823,1.55426462073702,562.766479672209,2.59101089082108,1.9679873848811,5.48550114620044,1.8879223390305,1.61698129357326,1.6337966236598,1.59938400219257,2.874787405554,5.27651259463692,3.23640202295572,2.24896989637209,2.38338751646111,2.25189607544422,2.52099114639544,1.38355559995845
15,20.1111111111111,1.34888888888889,0.277777777777778,0.0313404210965186,0.0968688763810715,0.16524494475714,0.233621013133208,0.301997081509277,0.390314780070878,0.0313404210965186,0.0968688763810715,0.16524494475714,0.233621013133208,0.301997081509277,0.390314780070878,0.0313404210965186,0.0968688763810715,0.16524494475714,0.233621013133208,0.301997081509277,0.390314780070878,0.444444444444444,1,150.000015727529,159.566738881366,-10.5180789126133,618.646693052807,163.49582659098,4233.76760754088,-47.9528383165295,1.19944032103947,-0.439573144453703,-0.0384401609103218,1.27461687538798,-0.0850376292261223,-0.641854582876784,-0.730932781068638,-101.077174252682,0.104189040499948,2.08764046695136,1173.67857514842,16.3100385376524,1.4224459014686,0.910516841995626,0.540031900843662,0.400026841345693,0.220742718647016,0.122789077959067,0.139261902639308,0.0189078573626706,0.00898669647735651,0.00849712936152484,0.0088924622435163,0.00973161295698364,4999.99260493699,43.0933579835434,17.3232166618681,74.8027402851398,122.729004632093,118.442063824781,2572.06069557378,2396.47961237646,30.1605133224163,1.04409346333866,0.649294964352627,0.0370148267956733,1.16700953679725,0.387044555771752,3.11673942636937,0.713061881966945,2.12777466493447,0.616213971789001,2.41704998031213,0.658445368212004,0.00544561885322953,0.515539824367101,0.417126869287921,0.323814486858186,0.261967527367182,0.187905080644584,0.15382627112159,0.168296016344455,0.0317532482298369,0.0109584072608973,0.00530789355593917,0.00229894262439649,0.00298175445322863,2.40265640642743,0.00919430649551578,3.94801618153389e-07,-0.155928769555006,0.0355556569604609,-0.00648654272789739,-0.0553260732361884,-0.153347797258031,0.269951178018647,-0.137981922670448,0.0538975240806443,-0.539548273227745,-0.12672142991488,0.0459136272921219,0.0552753971226904,-0.747706966374289,-0.0122897603980383,-0.0475834726820137,-0.131023266583321,0.198593305687719,0.00263583125750992,0.518792816824717,0.0968448895068147,0.0907749579141586,0.026706709194428,0.0938837329313778,-0.0891706509704897,0.644204421501227,0.252106678652037,0.559348946164207,0.983729097605078,0.243680114999374,0.950338361116551,-0.000266828462038988,0.188316930763815,1.79999946772531,1.52117732116596,1.50429914610347,1.50884239676241,1.50809097364345,1.54993332282729,1.66585525035556,1.57005080174873,1.50545913461065,1.67967899304099,1.55981033076305,1.50355051605072,30.9208388179694,3.03893581588121,1.48534504902982,1.50389096013969,1.57675885661719,2.53575007917147,3.37228442769499,2.07648385137686,1.66358076679203,1.58980917580258,1.56385485250949,1.51440300565404,1.60746824416403,2.16571053361619,1.80071078594493,2.22400394563261,2.84861247878224,2.62542443570067,2.9172059955324,2.39732995380282,2.20683074594463
15,7.88888888888889,1.34888888888889,0.277777777777778,0.0313404210965186,0.0968688763810715,0.16524494475714,0.233621013133208,0.301997081509277,0.390314780070878,0.0313404210965186,0.0968688763810715,0.16524494475714,0.233621013133208,0.301997081509277,0.390314780070878,0.0313404210965186,0.0968688763810715,0.16524494475714,0.233621013133208,0.301997081509277,0.390314780070878,0.444444444444444,1,150.000015727529,140.847088844912,-13.2487312639308,314.708676179564,471.517927403395,5030.84230809291,-5.40837921456098,2.75934840120821,-0.263301343223623,-0.107370038537652,2.75934840120821,-0.263301343223623,3.34905804603688,-0.181288941544631,-52.7613061139464,0.440601056567024,6.12487730444745,848.690886366007,-5.99471348817835e-18,1.27133628788668,0.962926299343819,0.8379332569524,0.865248526195185,0.801465264034997,0.775467638787627,0.0187995548814707,0.0144409366793042,0.0109621152602854,0.0151415555671284,0.0147472183105927,0.0177307530465577,1447.19268826164,17.249555254661,17.3232166618681,5.67362594537595,122.98535730592,120.482640479895,2532.86664533106,340.815094548846,23.211978303365,0.242606763782712,0.33169730334162,0.0187292140832336,0.242606763782712,0.33169730334162,0.648884019654204,0.131998996681612,0.522260872446575,0.528605647696327,0.560364555396069,0.221536433474954,1.36160218618989e-15,0.299128550208299,0.187853516178336,0.160571960020738,0.129879458433919,0.115770212978463,0.101578844220969,0.0442595073276329,0.0141464891707272,0.0075279979876251,0.00599572079534129,0.00475446777286048,0.00507396221178398,1.1050794992126,0.0106360282834381,3.94801618153389e-07,-1.34308425971465,-0.0470127918327182,0.0474076826988944,0.0519735252334442,-0.73249661366076,-0.0229586746744912,-0.642427985963005,-0.0772173943314695,0.624412748272925,-0.642427985963005,-0.0772173943314695,-0.708140305485368,-0.188857827904312,0.0841471143027389,0.0792374604298729,-0.564637387564081,0.0733721872385886,-0.0129187096847452,0.170420324287253,-0.0148986569114207,0.0156976060367691,-0.102409964177755,-0.151591999437654,-0.173433361626488,0.000292228159798771,0.0144784477102476,-0.176687512624239,-0.0388012625093591,0.0997710997064909,0.430616226150044,0.0877171272175953,0.0563479264056178,1.79999946772531,3.75884988606113,1.5016758578845,1.50442013311223,1.50099406557049,2.20262360559964,1.56010036853503,1.95714238369191,1.49476388655557,1.88806903044325,1.95714238369191,1.49476388655557,5.17220135261353,2.10341272426432,1.49748592938758,1.49457204209117,1.83914115571664,1.98177421428013,2.61639635679579,1.65988692815121,1.61132756883322,1.56823560858402,1.57220991691708,1.55284155270633,1.55679749080548,1.6299229492232,1.47349620214167,1.48042041806926,1.45731976809464,1.60051331387852,1.68982838083308,1.89526303605619,2.11149555602647
15,7.88888888888889,1.17111111111111,0.277777777777778,0.0313404210965186,0.0968688763810715,0.16524494475714,0.233621013133208,0.301997081509277,0.390314780070878,0.0313404210965186,0.0968688763810715,0.16524494475714,0.233621013133208,0.301997081509277,0.390314780070878,0.0313404210965186,0.0968688763810715,0.16524494475714,0.233621013133208,0.301997081509277,0.390314780070878,0.444444444444444,1,150.000015727529,123.840349963546,-19.1545240797834,308.398083532965,567.518142308093,4369.87917925216,-5.42275411238413,2.37450505155713,-0.247685736887824,-0.0796502895531715,2.37450505155713,-0.247685736887824,2.43300628059577,-0.147499086689928,-50.2819456306633,0.411878346159775,5.24852609103219,828.378273096556,-3.06521476929486e-18,1.30925105718154,0.991898458493908,0.863538037704406,0.883253504843245,0.815443745443183,0.785413009061556,0.0191022107922091,0.0137690437831476,0.0113683496979481,0.0153746368086658,0.0151290086449328,0.0181975710863452,1252.01749817727,15.2887605457765,17.3232166618681,4.14072996312399,122.79424267648,120.180468161747,2529.43845403057,269.843810890348,20.1223886667142,0.200244854804114,0.331404893250568,0.0135619674611079,0.200244854804114,0.331404893250568,0.558863172730596,0.14816631937222,0.512326582003122,0.528219266393511,0.45994791595016,0.221413020907022,1.44577445659649e-15,0.317527673310363,0.193417504334639,0.167807526645308,0.132380949451039,0.116717723833916,0.102812138370777,0.0499222912845006,0.015326156107198,0.00844487339270067,0.00648994075835307,0.00531856079979077,0.00563419410051375,1.05972973688156,0.0106812262031148,3.94801618153389e-07,-1.55128290380506,0.0476770185220279,-0.0407660415677586,-0.0406668647216995,-0.758969948706252,0.0740989040670177,-0.63083803118002,0.010427822716204,0.60377970811431,-0.63083803118002,0.010427822716204,-0.287724064604275,0.0344079671297335,-0.0316306503621958,-0.00768032067849796,-0.556524269493617,-0.0288267085771549,-0.0283773073510826,0.319951250932184,0.0674641930619613,0.103144402399752,-0.00657626572351169,-0.0798481576824168,-0.10589162544295,0.198580056079064,0.126870167634953,0.0092780081092396,0.116127668116332,0.232821883120007,0.455362093697536,0.0759777925234258,-0.0582304311235258,1.79999946772531,4.43924551611425,1.50065598168268,1.501189445244,1.49943137568761,2.24112666382376,1.56412340451979,1.96084766763197,1.4895201158368,1.89634058113571,1.96084766763197,1.4895201158368,5.08114866485965,2.18756853831474,1.4858461185748,1.48888540358224,1.8132602392758,2.12027939935037,2.64754411042706,1.77012149143146,1.62390632804337,1.5759644483787,1.56439842859993,1.53653458991724,1.5393406426301,1.69339138866397,1.50826814007688,1.49227731020356,1.50388685328419,1.65102686365327,1.68695079965643,2.13605593872062,2.12981626376004
15,7.88888888888889,1.17111111111111,0,0.0313404210965186,0.0968688763810715,0.16524494475714,0.233621013133208,0.301997081509277,0.390314780070878,0.0313404210965186,0.0968688763810715,0.16524494475714,0.233621013133208,0.301997081509277,0.390314780070878,0.0313404210965186,0.0968688763810715,0.16524494475714,0.233621013133208,0.301997081509277,0.390314780070878,0.444444444444444,1,150.000015727529,127.171003020519,-15.7415518091866,313.098854286012,506.61263347568,4508.18643891261,-4.4508529033434,2.46302551817519,-0.247067165500052,-0.0851198979272993,2.46302551817519,-0.247067165500052,2.62653181960212,-0.156470257383606,-50.7931819602124,0.412116652213311,5.45750473908969,832.708447036768,-2.40905760858243e-18,1.28993377773149,0.981088740756171,0.854106374336007,0.891625747317987,0.831394938027287,0.806413259035517,0.0154021823403812,0.013827129257369,0.00926838016873242,0.014659590563483,0.0137846950317675,0.0175033381939381,1292.94427663785,15.7068253306946,17.3232166618681,7.95757767294348,122.56967766313,118.377767332752,2507.93954887592,216.539509547898,21.1611403057257,0.0819094944817442,0.32122559957586,0.00521978741684755,0.0819094944817442,0.32122559957586,0.664362237767757,0.198642229451073,0.522026209742255,0.510906794044938,0.228961696222127,0.259230621527076,1.40653824130768e-15,0.233355475106266,0.117908264550276,0.0815704982731518,0.0569292556922469,0.0515809244193732,0.0527922583518455,0.034807263661054,0.00913711761484778,0.00416230433920002,0.00336592862903861,0.00277525685934078,0.00382886318951859,1.00680952359266,0.00972130435122153,3.94801618153389e-07,-0.0556628278560839,0.00779487809728892,-0.0793286677668559,-0.00747181674552378,0.0753044959861933,0.00398061231263424,0.212548160404725,0.0081726062977453,-0.0203002355138189,0.212548160404725,0.0081726062977453,0.579858997649231,0.161858016632474,-0.100792446207706,-0.00858311761280943,0.192776275819875,-0.157922470752608,-0.0303627644731221,0.128145028500238,0.00391944870082117,0.0624729711733046,0.0672894384975647,0.0376303822728503,0.0320087726510108,0.0543746641388496,0.0336960860939757,-0.0532981035473871,0.106381709783842,0.313977270985782,0.448612079165516,0.123245059652377,0.154632948129249,1.79999946772531,1.55503953074858,1.49374550125231,1.52236327878721,1.49404530868809,1.63923412236511,1.51494594667015,1.72934899929467,1.49169420882756,1.83358001506803,1.72934899929467,1.49169420882756,7.85448396560888,2.22967248106708,1.54076087466511,1.49167572912822,1.74111670642245,2.25570944231778,2.66011692823469,1.72645239737208,1.69589069130045,1.5617041613648,1.4524792827425,1.43173184876938,1.49469074910596,1.43707988842058,1.32095942123815,1.60285325951328,1.92739630469708,1.81992300993496,1.65553944112408,2.49623686891488,2.34555660590023
15,7.88888888888889,1.17111111111111,0,0.070515947467167,0.217954971857411,0.371801125703565,0.525647279549719,0.679493433395872,0.878208255159475,0.070515947467167,0.217954971857411,0.371801125703565,0.525647279549719,0.679493433395872,0.878208255159475,0.070515947467167,0.217954971857411,0.371801125703565,0.525647279549719,0.679493433395872,0.878208255159475,1,1,150.000015727529,107.346950317675,-12.960168665764,282.540204145402,381.072822268514,3639.90813456932,-6.98102156973232,1.85547411727945,-0.180637508499115,-0.0480042433079888,1.85547411727945,-0.180637508499115,1.21701287275284,-0.101267300001041,-45.9777419018851,0.296164590486407,4.01103603791272,791.701853973541,-4.80420203103846e-18,1.41019237579419,1.02602399750026,0.888991417560671,0.82335632746589,0.70712160191647,0.609136964899489,0.0291561980873867,0.0197620453077804,0.0223436089990626,0.0309168190813457,0.0332401728986564,0.045248672013332,919.460712425791,11.7479054265181,17.3232166618681,8.05041450087938,121.571072840445,120.053146113676,2503.797149103,196.664945872068,16.1623877478472,0.086049974468658,0.327531670335223,0.00471792046271042,0.086049974468658,0.327531670335223,0.538922161438546,0.307879170457098,0.492058097479444,0.522190161316537,0.153723827559253,0.167651361732366,1.34919674968716e-15,0.272315924770352,0.1203363680961,0.0650602169730786,0.0427462796360037,0.0266669604796884,0.0199686501462218,0.04583529204189,0.0106456260363768,0.00563117233990274,0.00455128952485292,0.00484188449359024,0.00454766713510173,0.779732908798448,0.00896624530808909,3.94801618153389e-07,-0.0290961749636887,0.0167118813778826,-0.0327879435482255,-0.0161627062533799,0.0239016212257999,-0.0540680551113078,0.027577277110688,0.0161969467009568,0.0705970904750327,0.027577277110688,0.0161969467009568,1.08473880818303,-0.0516792523179418,-0.0595027044006083,-0.0164210067415064,0.18306013076581,-0.0317637485104074,-0.00857124784282099,0.253936990940426,-0.0567250391625332,-0.0572893493460607,-0.00851400133953385,0.0116484085412045,0.120500656491341,0.152447878119245,-0.0286549265799332,-0.181450694677076,-0.125129646385425,-0.0306420008411145,0.0610067681714873,0.0294122035092299,-0.0920769141908106,1.79999946772531,1.54316101317594,1.51573273404111,1.49023502431109,1.51652207730777,1.59163196673947,1.53109136278888,1.56461796255205,1.51555350285189,1.51590784478817,1.56461796255205,1.51555350285189,8.77691154263655,1.67978458155617,1.5235118719363,1.51573522331994,1.70808139191478,2.15877486667635,2.68137389537279,1.80655684203319,1.68816042607889,1.62995789860666,1.51079763312792,1.4563934637315,1.50449332060162,1.57034618661966,1.3292943424208,1.58307749292174,1.77416098939167,1.49169942985176,1.49605046795324,2.205160008996,2.38479024687997
-1.66666666666667,7.88888888888889,1.17111111111111,0,0.070515947467167,0.217954971857411,0.371801125703565,0.525647279549719,0.679493433395872,0.878208255159475,0.070515947467167,0.217954971857411,0.371801125703565,0.525647279549719,0.679493433395872,0.878208255159475,0.070515947467167,0.217954971857411,0.371801125703565,0.525647279549719,0.679493433395872,0.878208255159475,1,1,150.000015727529,111.585532757005,-8.66345247567961,287.683418393917,299.77664002708,3782.67805436934,-5.33799950026039,1.91953140297886,-0.174585547392361,-0.0512565055723362,1.91953140297886,-0.174585547392361,1.37136427340902,-0.110471448525154,-47.0200187480471,0.286482514800541,4.1467612748672,800.620518695966,3.34137457556499e-18,1.46663326736798,1.06709884387043,0.916758025205707,0.845034392250807,0.721769524007916,0.618198854286012,0.0224659825705656,0.020167064889074,0.0236807749192792,0.0334420039579211,0.036125736902406,0.0475361347776273,997.957535673367,12.6091792521611,17.3232166618681,5.13573368358841,123.122922564567,118.744542725571,2541.57520324422,91.8627337991171,17.1327830003571,0.0819325019337574,0.33600668174549,0.00522838914467161,0.0819325019337574,0.33600668174549,0.535624644863175,0.424890527802937,0.504923818163172,0.536304403394867,0.107504741582443,0.169950304284711,1.27765174418322e-15,0.0906244642135901,0.0466797323939584,0.0277267765890023,0.0203121372882457,0.0139411827074974,0.0113820151783652,0.0213078331089951,0.00634595015474579,0.00358800306627575,0.00256712506276983,0.00234439753302544,0.00240249793317631,0.797085661307279,0.00890887026969988,3.94801618153389e-07,0.00925312417306651,-0.0543494234376722,-0.0314593117074019,0.0544720858088068,0.248074725765396,-0.150752749757678,0.00597860996505329,-0.0557819899497427,-0.325301124112842,0.00597860996505329,-0.0557819899497427,0.702348335033581,-0.0170941011591039,-0.057483004829133,0.0555988552559382,-0.424111715676579,-0.0419150314459049,-0.0202460592476829,0.394695071913694,0.289852499365026,0.211290093567328,0.124529718517774,0.184036990017104,0.387439407554676,1.30723655049274,1.09845517711006,0.524984745106014,0.702362828856012,0.429035076375761,0.192287775221852,0.0438065732912073,0.0108096395501026,1.79999946772531,1.63200906275517,1.49211952667616,1.51392723696286,1.49334654667889,1.60856908349992,1.53618050055195,1.52892283437733,1.49373592658458,1.65030511035743,1.52892283437733,1.49373592658458,7.15508488058648,1.60469859563795,1.64751640908084,1.49363848565343,2.12984796979688,2.05349147598044,2.71495646739746,1.71988365785726,1.61980786666944,1.67119718474478,1.67972637492532,1.92077881459965,2.42383578668536,3.8032257225611,4.60299764149168,4.2964338124831,4.25365827798567,2.55461894036067,1.99929411882554,2.13979555514202,2.40656231788993
-15,12.7777777777778,1.34888888888889,0.5,0.00783510527412966,0.0242172190952679,0.041311236189285,0.0584052532833021,0.0754992703773191,0.0975786950177194,0.00783510527412966,0.0242172190952679,0.041311236189285,0.0584052532833021,0.0754992703773191,0.0975786950177194,0.00783510527412966,0.0242172190952679,0.041311236189285,0.0584052532833021,0.0754992703773191,0.0975786950177194,0.111111111111111,1,150.000015727529,233.872742422664,-24.6722737776273,603.616248307468,718.250267576294,8028.28976148318,-19.576327548172,4.11567347151338,-0.719289896885741,-0.257725416102489,4.16025236954484,-0.385269505440058,11.3716067076346,-0.26885595558796,-100.278903239247,0.635693884418289,9.05550828038747,1173.80856160817,4.62253077804393,1.28812873658994,0.887470815540049,0.670952150817624,0.689310728049162,0.657854765128632,0.631446130611395,0.0149269844953651,0.0104373410607228,0.00598180866238934,0.00607985891053015,0.00681772919487553,0.0072320810332257,4999.9610457244,43.0931861264441,17.3232166618681,49.8781557237777,128.427392587936,124.119005245161,2751.92893756941,1949.69974862273,33.6483165636836,1.16484990875672,0.510778572383601,0.13752062706212,1.19637067327207,0.431817527501989,2.78278862165365,0.351909679364342,1.41829131906691,0.698639480881347,2.64740948235235,0.393453755728366,0.0071848738324576,0.159750134611829,0.0460907439443673,0.0799687460681812,0.110059911144553,0.126315465866753,0.138104233875915,0.0262759512367024,0.00483783405567202,0.00305530196673735,0.00291487008209807,0.00228560136169316,0.00158083924575933,0.802563023286361,0.00590229821095906,3.94801618153389e-07,-0.142344768422135,-0.00138225932046803,0.00144928358114395,0.0105744605912443,-0.141991716402047,-0.071794296869675,-0.11852982143471,-0.032916339582612,-0.128597478922932,-0.111964302108143,-0.0341828477855898,-0.270539879180638,-0.084380148293149,0.00208600562232321,0.0356331243259175,-0.117562934108801,-1.56855881623516,0.288586089887091,0.440486975416921,-0.857206335976007,-0.630249011305166,-0.400727124107061,-0.337185769916407,-0.230496268483531,0.709180300999403,0.0738159400820315,-0.504043592523132,-0.514096473763546,-0.588135417398276,-0.644371198441456,-0.227074412978683,0.134660688789687,1.79999946772531,1.56475418002551,1.49464316067415,1.51033455407435,1.49683099802212,1.56895586196795,1.69036339812774,1.55703810770227,1.49301650508963,1.52937306740273,1.55387478645987,1.49413471933734,2.08500952993784,1.68368168589118,1.44965281555649,1.49467177128936,1.55814669217487,3.46037675998988,3.43615733217419,1.87225053605746,3.68701471804559,1.99117295128562,1.67731234960044,1.63781921954412,1.6404651854232,2.99169053464401,3.93546927286751,2.29717692442861,1.90638331061167,1.89231602135514,1.83634893235937,2.55879779216708,2.80895287196833
-15,12.7777777777778,1.34888888888889,0.5,0.047010631644778,0.145303314571607,0.24786741713571,0.350431519699812,0.452995622263915,0.585472170106316,0.047010631644778,0.145303314571607,0.24786741713571,0.350431519699812,0.452995622263915,0.585472170106316,0.047010631644778,0.145303314571607,0.24786741713571,0.350431519699812,0.452995622263915,0.585472170106316,0.666666666666667,1,150.000015727529,263.462941360275,-37.4446933579835,599.333038225185,1120.43020706176,8992.09144880742,-11.8162498554317,4.5398592854911,-0.593376411822727,-0.300955244245391,4.55450796792001,-0.473826594128737,12.7005084886991,-0.470585360212477,-100.102578898031,0.773626946649308,9.80412831996667,1173.84762003958,1.6216749264139,1.49280710342673,1.07259858348089,0.915207551296739,0.856384334965107,0.740274596396208,0.668108509530258,0.0321012255479638,0.0170082127492969,0.0171201216539944,0.0206439263618373,0.0199197138839704,0.0239777044057911,4986.76960733257,42.9762368503281,17.3232166618681,48.1407555535241,129.42171216677,125.782930843956,2780.774703044,1904.52208686184,38.7566226127639,1.13333125540073,0.44811611898404,0.143226148834069,1.13828623787585,0.428817729230668,2.94473793046523,0.505830349123285,2.21885852191139,0.692005575991333,2.49812604991033,10.8047542974817,1.30462428175749,0.199453664406973,0.105777956342488,0.121107084598082,0.128140877619443,0.130809095000302,0.127681020929915,0.0448225428819926,0.00687233878375148,0.00645980807143051,0.00711462294758814,0.00724064990029555,0.00855730251747194,43.4750723252939,0.408831049227851,3.94801618153389e-07,-0.176943001447369,-0.00239999126423002,0.00340718604703309,0.0120094792006406,-0.133967966881072,0.0398882967917502,-0.0887924756055705,-0.029835921828384,-0.23726769849223,-0.100472669551382,-0.0254920097615106,-0.278549352674637,-0.144674861105816,-0.125462877743618,0.0260373649211314,-0.101504776525063,0.0541511268612392,0.0367763493121989,0.73484235018765,-0.234691658686084,-0.433245702241633,-0.319687742651573,-0.357363905631898,-0.300456593472263,1.4018606967791,-0.201533241223795,-0.644223186262606,-0.14514473727221,0.490425196625095,0.792447046776256,-3.18805219770934,-0.289967347856907,1.79999946772531,1.9664349917706,1.50091650474365,1.54320783242283,1.51249459713439,1.92734557775859,1.7499359507036,1.91140354081252,1.51392786873829,1.91809310945265,1.89594649308681,1.55525096537605,2.37576974083023,2.60063710266353,1.97929881969921,1.55907198473579,1.91224862255023,1.63248076711809,1.41739756876094,3.22567218161524,1.86784239512968,2.36229866616946,2.32357194847506,2.25564267401512,2.20354934219385,4.73155897756044,4.46117720388803,2.92508623325528,2.32286225385393,2.3226526035429,2.29641258194577,12.6034876388858,2.47127854855922
-15,25,1.34888888888889,0.5,0.047010631644778,0.145303314571607,0.24786741713571,0.350431519699812,0.452995622263915,0.585472170106316,0.047010631644778,0.145303314571607,0.24786741713571,0.350431519699812,0.452995622263915,0.585472170106316,0.047010631644778,0.145303314571607,0.24786741713571,0.350431519699812,0.452995622263915,0.585472170106316,0.666666666666667,1,150.000015727529,153.64760233309,-8.49503615779606,619.50547859598,80.5541512550775,3400.3295617644,-58.7460118737632,0.416750788303301,-0.180030621747735,-0.0249092052911155,0.453770771305073,-0.0137190870378086,-3.99128152005,-1.29930387667951,-100.968569940631,-0.0276373068180398,0.0454764333298615,1173.71430059369,21.6322403916252,1.49781512342464,0.916223185084888,0.466480397875221,0.242968534709926,0.0385328549713572,-0.0829937575691073,0.132468356882616,0.0171731169009478,0.00997872534111031,0.00645647380481199,0.0122716226434746,0.0178777611707114,4999.98885532757,43.0934183939172,17.3232166618681,67.2875988803578,113.182560283498,117.038104270497,2335.67067455105,2272.75274028203,16.2710726936981,1.08895022982023,0.707804140370952,0.0158179788908275,1.2507959824393,0.349732195091089,3.54079750895798,0.849900361668937,2.43922097505204,0.560912853127654,2.73484051359016,0.933928002248562,0.00483163593895675,0.377868223398835,0.198608106036056,0.101637597410522,0.146086536925528,0.170302097167567,0.202309322572987,0.155188885359707,0.0158068641629151,0.00450158916657871,0.00110763492714873,0.00555123586678976,0.0104365204257562,3.55914033862193,0.0105089659717421,3.94801618153389e-07,-0.292655053224805,0.0212005309676619,-0.0193181114393492,-0.0288319023645911,-0.387942947891587,0.0458107343906146,-0.409477964781727,0.235776434853609,-0.0803607627722844,-0.399523686191922,0.0188561765728628,0.732089711912553,-0.645862747615752,0.261378667946103,-0.0183271695696888,-0.412985497210362,0.0439478901951303,0.495731213376632,0.752833802055181,0.287358104153652,0.157004532949423,-0.477507674954187,-0.573252930334141,-0.492447513601055,0.888728923604239,1.00090089467522,0.768909108273233,0.876643039493677,1.46959486975721,0.695214188894532,0.210387113014689,0.107157669424068,1.79999946772531,1.57799472263109,1.51881331079571,1.5010758995618,1.52380199762342,1.70580144753905,2.10410212474661,1.73334127361777,1.59690176675237,1.61414821948747,1.71827004273994,1.5150398389445,62.9653122067275,2.23614829452454,1.64356785940684,1.51580590884499,1.72863233575405,1.91889249586774,2.94933836050377,2.49583422185985,1.72102068477875,2.08097088101599,1.82821267615714,1.93525467213181,1.665114602616,2.55216730728005,3.97571809912209,3.17200514267405,2.84023253627177,4.24759571368277,1.82506553995764,1.66987390513472,2.12436339699997
1.66666666666667,25,1.34888888888889,0.5,0.047010631644778,0.145303314571607,0.24786741713571,0.350431519699812,0.452995622263915,0.585472170106316,0.047010631644778,0.145303314571607,0.24786741713571,0.350431519699812,0.452995622263915,0.585472170106316,0.047010631644778,0.145303314571607,0.24786741713571,0.350431519699812,0.452995622263915,0.585472170106316,0.666666666666667,1,150.000015727529,145.033775383814,-11.1927566659723,618.019695865014,182.733506822206,2961.7687561879,-57.4784808874075,0.134612180083012,-0.0695208527132591,-0.0548184771377982,0.151080152031039,-0.0113340353109051,-5.09541215969274,-1.54743915920112,-100.841658160608,-0.0356108100614519,-0.667421538985522,1173.68919904177,23.0227267992907,1.50734236017081,0.889167138839704,0.450475890630143,0.216392496554525,0.00208140947193,-0.124316177364858,0.0754032078346006,0.0172667533147485,0.0103697206540985,0.0117417415894178,0.0140651912300802,0.020676490886366,4999.98948026247,43.0934610978019,17.3232166618681,114.704270758635,116.049908841654,115.372534113009,2422.90404027462,3875.23539834714,28.6223713064128,1.70093547850008,1.07262195141572,0.0390495722728192,1.97071681374639,0.400016709225661,4.17319231189194,1.34997011242268,3.64935571942276,0.641771059834335,4.19921371818036,1.08467400731698,0.00450014345306402,0.259601627430962,0.312332050165616,0.330449319760985,0.319715372751527,0.286881968853628,0.273610978018565,0.0802089235923232,0.0190932100708719,0.00909532467514947,0.00649547122708298,0.00916477322417258,0.0129683815612541,4.432008779729,0.00875528245326037,3.94801618153389e-07,-0.167162966706413,0.0432396996672289,-0.047614278126117,-0.091228660468625,-0.168547091751896,0.460061745802441,-0.180272819326419,0.12576630791041,-0.293493725825755,-0.171866895475015,0.0803023037097493,0.291032055918784,-0.420584819382431,-0.132127480883895,-0.0817433616195775,-0.181904094338895,0.107208547861028,0.952141417036266,0.364786387096183,-0.116952455747407,-0.0700318215604327,-0.137417346566421,-0.241104235577008,-0.247177812546023,0.300501209843626,0.218285023324671,1.05299974754526,0.656827359452014,0.94965181569912,0.513868862877814,0.239533453960624,0.293360156713449,1.79999946772531,1.55210393099495,1.51163295680386,1.50630571614631,1.53393383670505,1.56664177375624,1.92990995549973,1.56755178704353,1.5259909814666,1.92681466499622,1.55908661829859,1.52620875159741,12.6577732592193,2.04875459374953,1.58844670191444,1.52809138778968,1.55971730232338,2.1229225203799,2.10598013776917,2.28475762538115,1.68637180364729,1.57255536555167,1.58477815028179,1.62250798453479,1.53650153151205,1.79307315257796,1.4961485655565,2.76535812553596,2.87934094834724,2.53450090682468,1.60133745596009,1.90606060524856,2.53981009365112
1.66666666666667,25,1.34888888888889,0.222222222222222,0.047010631644778,0.145303314571607,0.24786741713571,0.350431519699812,0.452995622263915,0.585472170106316,0.047010631644778,0.145303314571607,0.24786741713571,0.350431519699812,0.452995622263915,0.585472170106316,0.047010631644778,0.145303314571607,0.24786741713571,0.350431519699812,0.452995622263915,0.585472170106316,0.666666666666667,1,150.000015727529,151.630032288303,-9.31966145505676,620.43379856265,85.3688128319967,3208.01772263306,-56.0061649828143,0.267557231070722,-0.113428381594521,-0.0154300324966149,0.290608192959067,-0.000654801885220285,-4.62048039370899,-1.44802085168212,-100.944753671493,-0.0512392542547652,-0.345535017331528,1173.67899177169,22.8457202374745,1.54922820539527,0.922022070617644,0.479327434642225,0.249907886301427,0.0433841389271951,-0.086044626705864,0.0675376833986043,0.016051006331528,0.0100562870534319,0.00657134777627331,0.0111814107905426,0.0164773026768045,4999.95875429643,43.0933506926363,17.3232166618681,67.2271264023822,113.997613243211,116.522291832921,2370.6197311263,2003.42527506985,18.8066079283394,0.818829704487098,0.642594829732882,0.00963438893495512,0.980314855268264,0.349844371236259,4.19691704148301,0.824631838973418,2.20880885703588,0.557071890453475,2.05255755091193,1.50141088647858,0.00777847295062509,0.210886946658724,0.208892599401492,0.18317564697628,0.158506603980001,0.123153705697323,0.134153492202933,0.0652558997511959,0.0131937239561871,0.00570918294120388,0.00134209056682472,0.00408670029919007,0.00933263946126723,5.79298845859321,0.0182297496608502,3.94801618153389e-07,-0.173080293930381,0.00317182839997063,-0.0201953244359764,-0.0148937130643953,-0.323849640393271,0.540473339439577,-0.425147040591152,0.206436380417277,-0.440509026355888,-0.403221579042468,0.021054795815267,1.94456888580559,-0.621928848951296,0.243403984174769,-0.0223591699026092,-0.449576845628295,-0.0366246624571295,-0.0112332573019316,0.36543146903301,-0.133544561543869,-0.0802801078678916,-0.0802725117525868,-0.204368828214225,-0.420017259007383,0.140294078605959,0.267170196237283,0.833725461379643,-0.146366128969693,1.29148921955871,0.532547070668305,-0.00418591440176145,0.0314776140492081,1.79999946772531,1.54792154679783,1.51118494534835,1.51519004919128,1.52558430192754,1.68333377201681,1.79190828283317,1.76350074943639,1.55982230831095,2.40241587783991,1.71824430134414,1.52492925916952,456.662914842583,3.38617938489671,1.61980510301161,1.52839038651764,1.75548757144321,1.78359426569911,2.58355321707799,2.12716705491304,1.71006759376216,1.69814451117702,1.6197788003876,1.81352202345886,1.6282332669093,1.53938353786708,1.40974598325584,2.32016439816395,1.96731102087692,3.95512470413033,1.65641344355632,1.49343825295746,2.11801364151181
1.66666666666667,25,1.17111111111111,0.222222222222222,0.047010631644778,0.145303314571607,0.24786741713571,0.350431519699812,0.452995622263915,0.585472170106316,0.047010631644778,0.145303314571607,0.24786741713571,0.350431519699812,0.452995622263915,0.585472170106316,0.047010631644778,0.145303314571607,0.24786741713571,0.350431519699812,0.452995622263915,0.585472170106316,0.666666666666667,1,150.000015727529,148.223526715967,-8.11076882720549,620.444464118321,68.0531799291741,3337.64018331424,-44.8902510155192,0.472254063440267,-0.210703064337048,-0.0137029944797417,0.516892568794917,-0.0155554167399229,-3.63590831830018,-1.31825528663681,-101.002463285074,-0.0202340760129153,0.25986575577544,1173.75523382981,22.3213915217167,1.56672357046141,0.968583043432976,0.530155421310279,0.296687061035309,0.0845527890671806,-0.0495012861396729,0.0818348583972607,0.0164774671417978,0.010715091657119,0.00772313540256223,0.00988212519529216,0.0153511811269659,4999.96719091761,43.0933819393815,17.3232166618681,61.4275379847954,114.617171847517,116.901485585562,2381.16573581696,1770.51931273406,17.1354911036733,0.709559062606621,0.587416313936809,0.00898200785873898,0.853730301396555,0.345934334057368,2.74383127000876,0.69616690139161,1.98815991254339,0.549686409676687,1.77127187183144,1.54180628309422,0.00780096995750422,0.20237391763042,0.206180772568705,0.185100483701961,0.160893277803883,0.121912402941072,0.130314895451325,0.0741549346535339,0.0138516218602902,0.00623167489996789,0.00272964619941045,0.00265062403252979,0.0084756441805821,5.89899943086265,0.0198790311118706,3.94801618153389e-07,-0.118270178093679,0.00216148443869257,-0.0111288460309667,-0.0123540315995203,-0.300207344440051,0.522783783443669,-0.443718128445513,0.157572888381136,-0.335101406793392,-0.404263161087685,0.0110913918573809,1.02363011099105,-0.467235223841245,0.298471559583256,-0.0109965084958954,-0.469369468120964,-0.224819854813548,-0.17394359244813,0.589207018852469,-0.157390699963093,-0.0905215895563622,-0.117845286535662,-0.118144608785395,-0.492589024691592,0.123316450598519,0.247219026515356,0.766744368682579,0.855786239738723,1.26464046828793,0.794891967804654,-0.126594080068786,0.0527715466886243,1.79999946772531,1.52965325383162,1.51442989442344,1.51723516344758,1.5283380968064,1.70721135889539,1.72652424490378,1.85256864344871,1.5554055007187,1.79289373720256,1.79607714462797,1.51421801578616,59.8419877237407,2.52488910423067,1.56694717770463,1.51370387333713,1.86574574465005,1.93369841449618,1.81692520139944,2.33692277134522,1.71935842672998,1.70094488502078,1.64264426998045,1.71915866500842,1.71503932169913,1.53080326317601,1.41516947850284,2.15786602028754,3.05305159862079,5.11632175831452,2.07178903378592,1.39415532672083,1.94665936353643
-11.6666666666667,25,1.24222222222222,0.222222222222222,0.0156702105482593,0.0484344381905357,0.0826224723785699,0.116810506566604,0.150998540754638,0.195157390035439,0.0156702105482593,0.0484344381905357,0.0826224723785699,0.116810506566604,0.150998540754638,0.195157390035439,0.0156702105482593,0.0484344381905357,0.0826224723785699,0.116810506566604,0.150998540754638,0.195157390035439,0.222222222222222,1,150.000015727529,153.126299343818,-7.87672429242788,620.679272992396,24.3873855848349,3496.38620976982,-48.0363847515884,0.537093231809187,-0.224046023635038,-0.00694646963857931,0.581899034695344,-0.00775661685241121,-3.446715316842,-1.24710840433288,-101.031830017706,-0.0333025863347567,0.386985672992397,1173.71055098427,21.8798687636701,1.51893427767941,0.996891709196959,0.506432986147277,0.308040391625872,0.081422375103635,-0.035568130921154,0.113802947164879,0.0135898677227372,0.00698464847411728,0.00605402301843558,0.00955682418498073,0.00853798385584838,4999.95740027081,43.0935173419441,17.3232166618681,35.7483585424673,111.466245575131,117.364979850663,2290.87025144357,804.196525132265,18.2862084267498,0.336091691921204,0.400663263713917,0.0036072614525744,0.417360497169074,0.315116972295205,2.76741361177111,0.615983615691118,1.41413399392337,0.501092604517169,0.886836684486598,1.37623509624436,0.00693597687652898,0.342523783165919,0.24811051016047,0.120690944825378,0.0660052372891472,0.0610427330998334,0.0783583731361035,0.135792434114313,0.0199239281493511,0.0043541598128088,0.000903573060820723,0.00147715746174678,0.00200518416752099,5.39690861271874,0.0161416882719041,3.94801618153389e-07,0.0554002860253296,0.00941716955561549,-0.00465637478947491,-0.00287115742539268,-0.603217955601549,-0.256322802261412,-1.00615217816466,0.0138694824631943,-0.0465373045842114,-0.875236019890778,-0.0384097774210734,2.44613001619693,-0.579254603255872,0.710316210590362,0.0426403782889868,-0.990822751540135,0.160683022252351,0.0174362396652771,0.822230447360845,0.221030682930739,0.253840137223903,0.385023506582945,0.0473569762083957,-0.663865105173425,0.906187436327768,1.06284452061076,1.39105323559301,1.05750054827289,2.15375808365692,1.14434492355706,0.0225280391107447,0.0985604359670738,1.79999946772531,1.49306969181606,1.51087957135449,1.50694995291452,1.50905176072969,2.0791284802636,1.68793989101259,2.62445309996176,1.56741006683663,1.82018175826233,2.4073741798415,1.5001908234159,43.4231405607161,3.26818624089618,2.01439565505429,1.49973246844044,2.59109997456751,1.72705309572268,2.07879825004424,2.71138835304489,1.74408624920003,1.65289938130445,1.73009276149515,3.14929278234538,2.03989926405113,2.71425233647697,4.29942346623749,5.49513363253539,4.22810785138509,46.3460070279249,5.72637742192051,1.93859412130432,1.87097547638399
-11.6666666666667,25,1.24222222222222,0.222222222222222,0.0548457369189076,0.169520533666875,0.289178653324995,0.408836772983114,0.528494892641234,0.683050865124036,0.0548457369189076,0.169520533666875,0.289178653324995,0.408836772983114,0.528494892641234,0.683050865124036,0.0548457369189076,0.169520533666875,0.289178653324995,0.408836772983114,0.528494892641234,0.683050865124036,0.777777777777778,1,150.000015727529,150.613300697844,-7.740858227268,620.737110717634,67.5348564628684,3409.99802103948,-50.0554713050724,0.514486528080409,-0.227711531699823,-0.00648866107697116,0.562250215366628,-0.0205757453390272,-3.48036439454224,-1.27319343537132,-101.031210290595,-0.0112665757733569,0.371723882744505,1173.71044682846,21.7789355275488,1.507526195188,0.953384959900009,0.52593099677117,0.286226715967087,0.0713609030249975,-0.0345616259962504,0.131852156181231,0.019203874205187,0.0121530430163525,0.00677746807624205,0.0104651708155401,0.0117368535569212,4999.95594208937,43.0933329861477,17.3232166618681,36.323140740874,112.613407491105,117.259271269665,2315.34338587068,788.086880452858,17.9329960527037,0.309824743405018,0.402595233795718,0.00358148063142106,0.395593365173102,0.31871821551173,3.58916168969181,0.598439591459004,1.41175412225741,0.506580342252682,0.830322066303735,1.40612655691923,0.00749806288562348,0.326373223163475,0.235508491740967,0.122516102383592,0.0621520812682441,0.0534688933623487,0.0767124205151505,0.148628174794952,0.0195386463510475,0.00653328105302664,0.000878139052584199,0.0014989300648665,0.00622945619418089,5.59376851490229,0.017467065566633,3.94801618153389e-07,0.106118880832562,0.0114904927039907,-0.00311165318904265,4.75576282299999e-05,-0.479450495912558,-0.300219147844905,-1.11651088085705,-0.0430147246322217,-0.40230821988576,-0.8532539619505,-0.0516988247453944,1.69055143701242,-0.0135516252880892,0.697191368415225,0.0574214766325932,-1.03787882186146,0.0255220269223422,0.0324058012794933,0.806062601541772,0.243780782829187,0.240759135612815,0.40226550516071,-0.237345882754797,-0.70113514304098,0.820181178581878,1.00234015348758,1.29741864650882,0.728940079540601,3.10584588745665,1.32948928989212,-0.115204439853004,0.00739139859870878,1.79999946772531,1.48211334588785,1.512528729147,1.50717681404401,1.51050751727321,2.00134140614505,1.68082840981704,2.80419592752617,1.5482470382635,2.16039880225167,2.4683627614586,1.49640752983769,296.184966027232,3.12308994935497,2.03849594478847,1.49544404490919,2.7265920388802,1.66200276865908,2.09544142048667,2.64277310136902,1.79258403809927,1.6495398427361,1.71603143325712,6.08155487675388,2.13237905991129,2.40020068560441,4.11720687540758,4.28930265957149,4.36643897133666,93.4480368227613,3.91038741503001,1.81988534445982,1.93269956139361
-11.6666666666667,25,1.24222222222222,0.5,0.0548457369189076,0.169520533666875,0.289178653324995,0.408836772983114,0.528494892641234,0.683050865124036,0.0548457369189076,0.169520533666875,0.289178653324995,0.408836772983114,0.528494892641234,0.683050865124036,0.0548457369189076,0.169520533666875,0.289178653324995,0.408836772983114,0.528494892641234,0.683050865124036,0.777777777777778,1,150.000015727529,149.410455160921,-8.34687475783772,619.592677846058,96.3969495990001,3340.86294169253,-52.2405811894594,0.451692637489428,-0.204604880946776,-0.0248626008749089,0.495379250536403,-0.0220724277262785,-3.74492353596501,-1.30573896046245,-100.977510675971,-0.0108303764587022,0.194923022268514,1173.71950838454,21.8178533486093,1.53057025309864,0.924757952296635,0.486649036558692,0.249863930943756,0.0434429898770961,-0.0723524379012603,0.110701350888866,0.0176692925736902,0.0115160649932299,0.00654029819810436,0.0131581761274867,0.0192414732840329,4999.97968961566,43.0935131757111,17.3232166618681,71.3496809947545,114.201679347101,117.047589749521,2362.89192606747,2352.34914038571,14.6297184181896,1.07775496701274,0.716986708686832,0.0163000127230668,1.24489440479161,0.354751244277688,3.47735462307974,0.84349201985918,2.44014013654005,0.56735534446218,2.68346160489499,0.988245292571147,0.00551000524464955,0.29361633889317,0.154967396219919,0.133838960342578,0.173847629701068,0.189186437557985,0.20430549170301,0.123547222732064,0.0128736250920615,0.0053350756093268,0.00134248253135977,0.00747206375474095,0.012420513393196,3.84424677650268,0.0121852052680383,3.94801618153389e-07,-0.214864013402808,0.0240537561868759,-0.0178885090408489,-0.0347945102676634,-0.304340494179188,0.502803174889098,-0.344665409427197,0.186318641532189,-0.131609706872741,-0.330537359900592,0.0250908194494391,0.737752895823667,-0.651678993163726,0.200311986041866,-0.0238671111475802,-0.348626219766673,-0.0165964085780091,-0.0554558866589827,1.04737334943678,0.436969842267702,-0.255057223043754,-0.40621597263386,-0.517158008914503,-0.446328086895405,0.765117392901754,1.1629312320535,0.490642783134902,0.582935213874994,1.4309979808365,0.734484359712169,0.175395412943108,0.0663087070237472,1.79999946772531,1.54649246342694,1.51573538251072,1.50380617883014,1.52258064254736,1.65686394421822,2.15924943823595,1.6894855284043,1.57036017851632,1.60571620813214,1.67366945454691,1.51651313947452,185.85385139776,2.6094853847907,1.54013797654287,1.5175321988913,1.68467507460951,1.81280541772572,2.77392269811866,3.27464922175531,1.58908444847749,2.03747079105652,1.73969173704687,1.85294776088032,1.64506768710241,2.11927648758414,3.94788773582394,2.94447409303335,2.31361857935775,3.72830298223704,1.84565664710477,1.65047116059646,2.1416964893764
5,25,1.24222222222222,0.5,0.0548457369189076,0.169520533666875,0.289178653324995,0.408836772983114,0.528494892641234,0.683050865124036,0.0548457369189076,0.169520533666875,0.289178653324995,0.408836772983114,0.528494892641234,0.683050865124036,0.0548457369189076,0.169520533666875,0.289178653324995,0.408836772983114,0.528494892641234,0.683050865124036,0.777777777777778,1,150.000015727529,141.492165930632,-10.182311633684,618.314915113009,181.619461962296,3026.49115961879,-52.5750611394646,0.285663420799917,-0.147588680491616,-0.0488903374648474,0.320461553400687,-0.0262761945318196,-4.3508838043433,-1.45889094108635,-100.898448078325,-0.00542623575669201,-0.198064967336736,1173.72346630559,22.6375585876466,1.46778829288616,0.909759098010624,0.481937012726799,0.245552935393188,0.0330062415154671,-0.0887382057687742,0.116802193401729,0.0217609385522341,0.0121453669637538,0.0131440942818456,0.0161379835433809,0.0213671791480054,5000.00135402562,43.0934808874071,17.3232166618681,110.790460238215,116.945780810232,116.004205996017,2453.86589741378,3703.86540317809,29.7010039759165,1.6017425304626,1.01836554191534,0.0334423607060351,1.8552989347536,0.400661056448887,4.20671690359142,1.23959764742883,3.43983838156508,0.640846722096473,3.92465007120196,0.78652737829477,0.00429599249359878,0.324740243429287,0.379669660849483,0.374660861162859,0.346940146178387,0.297369359759713,0.269219996786533,0.12544129228278,0.0267506203812646,0.012297147222261,0.00776290560546849,0.0098120364574025,0.0149879567584968,3.11703956767048,0.00743911917136419,3.94801618153389e-07,-0.176889114906158,0.0433036385713417,-0.038006383411809,-0.0880856646831755,-0.169171831783744,0.312554818910154,-0.164783594645029,0.111625311117451,-0.0818888834150978,-0.156542916375511,0.0770581488109554,0.4857192780211,-0.311287309597589,-0.119311852560627,-0.07852044428864,-0.161411887338826,0.326897229950555,-1.19121292990339,0.53524809529311,-0.0479253623934984,-0.0533538308739087,-0.0850286169788931,-0.174752493585608,-0.201143473136905,0.433322240608281,0.231514388362223,1.00946469462799,0.517626254754221,0.847567335810634,0.551763191327428,0.371904086449911,0.137957666628302,1.79999946772531,1.54348662618747,1.51096942553214,1.50264748780087,1.52566267534799,1.55796078220906,1.75213267523591,1.55996766260687,1.5242414442058,1.55426342957519,1.55312578916714,1.51853686947635,22.2720650780021,2.1246363606613,1.54487418849077,1.52039395619174,1.55447747994972,2.08108892340782,2.41898824468409,2.44482671176601,1.6716681056457,1.53697725061362,1.56661183919172,1.59301716523098,1.52641765852015,1.83163712418387,1.55477953473355,2.73132542785812,2.37410061819778,2.43205428255431,1.58786963300505,2.21940383510014,2.73002907431388
5,12.7777777777778,1.24222222222222,0.5,0.0548457369189076,0.169520533666875,0.289178653324995,0.408836772983114,0.528494892641234,0.683050865124036,0.0548457369189076,0.169520533666875,0.289178653324995,0.408836772983114,0.528494892641234,0.683050865124036,0.0548457369189076,0.169520533666875,0.289178653324995,0.408836772983114,0.528494892641234,0.683050865124036,0.777777777777778,1,150.000015727529,257.235652536194,-42.0589088532444,582.40603062181,1288.58819777107,8758.75023435059,-0.693057353504845,4.4294136027497,-0.493806843022602,-0.274154785959796,4.4294136027497,-0.493806843022602,11.9330499947922,-0.555610675940007,-97.1327580460369,0.804848755119258,9.52437214873451,1155.81981043641,-1.18231958348089e-17,1.58873908967816,1.23647312779919,1.05468242891365,0.955274336006668,0.834846401416519,0.735548651182168,0.131530286588158,0.0364945529745443,0.0347209587542965,0.0366055594208937,0.0310219737527341,0.0371702239350068,4680.76773252786,40.9687043016353,17.3232166618681,26.3716540257892,124.934700144214,123.725487016969,2624.51207409342,1108.41759443465,36.484792922196,0.685927656579598,0.3714079905217,0.0822043822727999,0.685927656579598,0.3714079905217,1.95193960966827,0.307897072624461,0.896548716313293,0.596329804720567,1.51701578735854,0.384365285106799,1.45947776363201e-15,0.278778192038425,0.191705786060462,0.162836223718086,0.134009487699096,0.128607089463318,0.110357726831235,0.118936328991859,0.0334932782799076,0.0247278038892198,0.019990751887676,0.0123101817432486,0.0134398403342549,6.54054695993518,0.0519596012064734,3.94801618153389e-07,-0.605864552417229,-0.00155042357072223,0.00505771915765633,-0.00428980487922202,-0.489864435764916,0.223322381235193,-0.431729122671626,0.0148629418806641,0.310836795455688,-0.431729122671626,0.0148629418806641,-0.0729044413828193,-1.57137949752094,0.259780828450677,-0.0167919928549836,-0.406184243116593,-1.66418303194966,-0.0081103781006013,0.778928025541433,0.190778455451601,0.0188367579277875,-0.154255880821461,-0.195929748297588,-0.265094706151057,0.311093477497548,0.42572456507972,0.609216623389111,0.581688205846343,0.0920100190798416,-0.117059899482324,0.0646166917275783,0.0764096029743121,1.79999946772531,2.04843172006761,1.50673123168359,1.48865613424871,1.50592593709398,1.81299349994427,1.69892514059452,1.70032235361398,1.50414489576426,1.58160376297515,1.70032235361398,1.50414489576426,2.31390042180351,6.73465308404246,1.62573452354921,1.50272294469443,1.68925899726851,3.76950516382961,2.61448036237076,2.29811176281126,1.96762784951522,1.82416899681519,1.80872467718663,1.59231162848071,1.61558778008769,1.78061269560374,2.01143955934948,2.24472035093598,2.02460399494192,1.73082029012749,1.53407712264944,2.4305228089008,2.43186842439471
5,12.7777777777778,1.42,0.5,0.0548457369189076,0.169520533666875,0.289178653324995,0.408836772983114,0.528494892641234,0.683050865124036,0.0548457369189076,0.169520533666875,0.289178653324995,0.408836772983114,0.528494892641234,0.683050865124036,0.0548457369189076,0.169520533666875,0.289178653324995,0.408836772983114,0.528494892641234,0.683050865124036,0.777777777777778,1,150.000015727529,241.138558483491,-30.3856940766587,605.586407665868,855.39060509322,8025.82116446204,-19.0393931459223,3.87390657223206,-0.627224199906155,-0.218435373398604,3.90584032913238,-0.382245007790855,10.1270524945318,-0.316684788178314,-100.498015831684,0.618394935940007,8.2923264243308,1173.86105613999,3.65122976773253,1.43187103426726,0.989941110301009,0.81903982918446,0.747162514321425,0.62154731798771,0.545085834808874,0.0317622821393605,0.0181980481818561,0.0182204960941569,0.0200699296948235,0.0187216121237371,0.0212244332881991,4999.8690761379,43.0878877200293,17.3232166618681,43.1023476807062,127.932555004923,123.785352179438,2701.12042430431,1645.93604801655,33.7161591221784,0.927755349800174,0.43414266752197,0.0985146749611269,0.944221339816601,0.395670043245824,2.37458900723593,0.369765164892792,1.81607686435605,0.634679025025055,2.04770808011121,8.15048981714918,0.707784365491795,0.268847428509382,0.211582729432584,0.187628315740555,0.165952523104911,0.148387012021998,0.127671514145977,0.047785707180917,0.0167813930174849,0.0104818339911353,0.00874613101287235,0.00698992499835737,0.00808228235837965,6.75463134869753,0.292697860956587,3.94801618153389e-07,-0.347821069398103,0.0164989110856458,-0.000188950489715232,-0.02259873562678,-0.304931025983753,0.213710383293945,-0.262177382760038,0.0362406421755401,0.0211744944343861,-0.265770801829377,0.0230563214182977,-0.191979689821179,0.237707022423457,-0.0739226555081618,-0.0239585539677164,-0.264210254328783,0.00125536936837168,-0.134230756516905,0.179245796390159,-0.0402003210824001,-0.131230194497915,-0.142002864525089,-0.170498348653004,-0.222426566755325,0.239477752995577,0.145521193089636,0.0702079164668431,0.126401413693597,0.43613951135717,0.179772185203297,0.0897663273547222,0.0157348755097817,1.79999946772531,1.8313090463481,1.49674946958093,1.52510800804983,1.5044408306025,1.79148255793914,1.66489714371969,1.75080646579635,1.50380917327787,1.62831167735341,1.73952548026637,1.5203900707803,2.36516104623235,2.97792183719167,2.17891405320939,1.52258859666425,1.74328656814177,1.49635057156812,1.55773899831799,1.98199244231157,1.86197318494499,1.79826679385678,1.79526057763505,1.75745913535543,1.79162473818425,1.90201812279296,1.51599392460959,1.55238845075683,1.75205079377798,2.5963852942468,3.49383448985749,1.68040839727611,1.50020043316875
1.66666666666667,17.6666666666667,1.27777777777778,0.0555555555555556,0.0626808421930373,0.193737752762143,0.33048988951428,0.467242026266416,0.603994163018553,0.780629560141755,0.0626808421930373,0.193737752762143,0.33048988951428,0.467242026266416,0.603994163018553,0.780629560141755,0.0626808421930373,0.193737752762143,0.33048988951428,0.467242026266416,0.603994163018553,0.780629560141755,0.888888888888889,1,150.000015727529,173.4780752005,-12.6853399520883,619.20395792105,237.948955680138,4942.78512654932,-35.4960399958338,1.72640287470055,-0.536340682220603,-0.0421207165920217,1.80275908759504,-0.134840149978127,1.53037516539944,-0.483957726936777,-101.099058431414,0.193450458531403,3.36765795229664,1173.63941256119,12.9809696906572,1.54084074575565,0.9160234038121,0.619453317362776,0.470041016560776,0.302308978231434,0.216339277158629,0.035981734788772,0.0175368051244662,0.0160173379856265,0.0111624878658473,0.00628852640349963,0.00851148682428913,5000.0109363608,43.093538173107,17.3232166618681,27.5041889893417,120.311700540027,117.563857988612,2480.67851531868,571.416365427835,18.4650718509993,0.167644812923241,0.375007207739375,0.0111243379628382,0.236268237340529,0.336031847589218,1.46521154792089,0.280845526052232,1.21219799882537,0.533170036790357,0.396437592650069,0.648206362366961,0.0064134638650301,0.16671466813974,0.101896886683285,0.064471254250798,0.0417813626808233,0.0271362780050305,0.018794120752311,0.0347652435225103,0.00817607218090276,0.00346649587717669,0.00498014578303643,0.0011413983674805,0.000813720013821763,2.53639860502119,0.00934248951674303,3.94801618153389e-07,0.112108793339392,0.00463175050688852,-0.0138752222213549,-0.00414973901372824,-0.0525444670057797,-0.0882130413853629,-0.514488260356751,-0.0225298146628422,-0.00527908485540422,-0.204975710282251,-0.00324832279092461,0.337926892719292,0.139523693777394,0.113121852132478,0.00258253428241374,-0.517163608295409,0.516958396060659,-0.089428515953192,0.124818804633876,-0.131701289483729,-0.144551353768357,-0.120136557679642,-0.0912997255585033,-0.283725971167465,0.143000972783899,0.72493605349538,0.663048587692845,-0.0430443318461003,0.443399065204831,0.222146935728459,-0.132158900400774,0.0743186792604528,1.79999946772531,1.39831417361367,1.49799849206674,1.50641967882931,1.50239426657133,1.49839972778331,1.52626733274869,2.2691992238833,1.47251453637613,1.72036607400418,1.73066787973696,1.49729278102546,6.42738050598185,2.99337155981569,1.5881495832138,1.49736416217454,2.37932802354806,2.31454646923847,2.403397628616,1.64035774799595,1.63376953501274,1.77266503757816,1.90817302649747,2.03879675396389,2.28528513086396,1.33536933668224,2.69096010352034,3.1984779427139,1.41377816157125,3.13909086326101,2.28945732957808,1.47090008598109,2.09519799299142
1.66666666666667,17.6666666666667,1.1,0.0555555555555556,0.0626808421930373,0.193737752762143,0.33048988951428,0.467242026266416,0.603994163018553,0.780629560141755,0.0626808421930373,0.193737752762143,0.33048988951428,0.467242026266416,0.603994163018553,0.780629560141755,0.0626808421930373,0.193737752762143,0.33048988951428,0.467242026266416,0.603994163018553,0.780629560141755,0.888888888888889,1,150.000015727529,173.459962503906,-14.4512939183418,618.502666388918,312.413560441621,5088.06197271118,-25.2553985507551,1.90000458285595,-0.561541812311218,-0.0509875367149255,1.97472607020102,-0.160642551627955,2.29008199888553,-0.43055941965212,-101.085400479118,0.23920285030726,3.80781001978961,1173.58764712009,11.8143276742008,1.58869201124883,1.01461345693157,0.717062649723987,0.561044016248308,0.381635756692011,0.284824622435163,0.0565825776164983,0.0183137949171961,0.0165101859181335,0.0167318570982189,0.0122307350276013,0.00485919206332674,4999.99281324862,43.0932996562858,17.3232166618681,25.5932411113155,121.169079095127,117.434699581539,2499.06833339856,529.434085656389,19.1276124518816,0.158869091746408,0.372645134826389,0.0117781141159997,0.2230862915921,0.338136579273232,1.41375112197393,0.279027198533629,1.20038917669948,0.536684711525651,0.36902326110571,0.570315606013732,0.00520901799131499,0.162657572409695,0.100596035324752,0.0643935318359815,0.0421623740717725,0.0275760791091505,0.0191796605028835,0.0476252750480926,0.00905779223049132,0.00380456074795896,0.00192378969495376,0.00485896974022776,0.00117241250499039,2.34619603725355,0.00860394101115998,3.94801618153389e-07,0.141103038121949,0.00338996756346198,-0.0111522566561163,-0.00328351867259618,0.00674915525500842,-0.109254708493605,-0.433567959477939,-0.0230619232689684,-0.0363542569807882,-0.154766214832635,-0.0035110507680165,0.390819855049961,0.0601527545473201,0.0850209107178364,0.00298065630496128,-0.473558084796893,0.323958387338326,-0.00373272427905719,0.545663658049315,-0.139878983748851,-0.137292808857248,-0.118318522996356,-0.0861447590780942,-0.189069923432531,0.112669249342069,0.703801733029821,0.651445311453136,0.159236900978446,-0.0509009761502274,0.384220249516419,-0.101370773860845,0.0275108401950364,1.79999946772531,1.40958128769162,1.49683684042843,1.50937695978548,1.50052461564512,1.46346615573284,1.52627773966051,2.16606282285326,1.47385972872935,1.70391116083483,1.68507789651228,1.49554334434608,6.07507462142568,2.66633325841855,1.58773405435135,1.495509653902,2.33883191322926,2.2090500280075,1.62419615451979,1.94568181236744,1.63694094294073,1.76635007691938,1.91377740121094,2.09250745724302,2.35920113618833,1.38907861427079,2.75969044054653,3.44790164544848,4.7370518168022,1.4483681496512,2.68154757718605,1.51121559084821,2.26859763680844
-15,17.6666666666667,1.1,0.0555555555555556,0.0626808421930373,0.193737752762143,0.33048988951428,0.467242026266416,0.603994163018553,0.780629560141755,0.0626808421930373,0.193737752762143,0.33048988951428,0.467242026266416,0.603994163018553,0.780629560141755,0.0626808421930373,0.193737752762143,0.33048988951428,0.467242026266416,0.603994163018553,0.780629560141755,0.888888888888889,1,150.000015727529,181.057441933132,-15.9874728780335,617.270534319342,365.733165932715,5452.73231955005,-23.2890835018227,2.1528410582231,-0.586973129882304,-0.0649362712217477,2.22367753359025,-0.1858605479574,3.29857314724508,-0.359799902036247,-101.052417456515,0.282788974153734,4.38756848244974,1173.59650036455,10.4733309030309,1.54086626393084,1.05272709092803,0.767032444537028,0.618872075825435,0.43830810332257,0.337835256744089,0.141938414470784,0.0227374977377356,0.0176396795125508,0.017569963545464,0.0166384741172795,0.0107946783668368,4999.98948026247,43.0942047703362,17.3232166618681,21.9007341267124,121.377054474609,117.151277777104,2493.49983522082,441.364379422543,24.963426140692,0.146648205557427,0.368476214295561,0.0128742648475786,0.207828797642634,0.337768504256595,1.4708550063327,0.310432570776545,1.18592382198236,0.537560530707091,0.349462857650672,0.515473327414616,0.00650222494829264,0.360891951207191,0.214138672924922,0.122429421744533,0.0749557303259792,0.0444489627615687,0.0256792967753048,0.158755787454877,0.0221088003444586,0.00758366317782329,0.00341417997852402,0.00267862914149932,0.00604676344371513,1.88905668441372,0.00728549802060114,3.94801618153389e-07,0.160697667400436,0.0151705886526822,-0.00692906327488886,-0.011869868522826,0.195908964132488,-0.081280711547797,-0.0647773222343699,-0.0315773215903803,-0.230849498304975,0.0704392047627704,-0.00342107926909679,0.421126153610564,-0.417001991872404,0.0840903048652867,0.00332678314330488,-0.161713164726041,-0.118247522838947,0.0929781505166161,0.683820323143673,0.249145981291072,0.0578803582469521,0.00116682994159735,-0.0292852687441206,0.112681346733331,0.875785696505192,0.656639970882901,0.727142069486531,1.11147890236975,-0.0323682040139629,0.0418386002627126,-0.0561541236513065,-0.0717670897802068,1.79999946772531,1.51998715280225,1.4993117521197,1.50812335591775,1.49848730666832,1.4857978476534,1.56864741651872,1.84974508728246,1.47459425020121,1.65685391141575,1.5670714073847,1.49063320372797,6.23439875647574,2.96144106999876,1.68443514657957,1.48992429584811,2.01890173158699,1.64775494665631,2.85167735458388,2.10016949322932,1.84827883590959,1.61889459121996,1.58912826274735,1.63729317073949,1.98607576623922,2.61303406731302,3.03785346352958,3.44660959176871,5.05994462624131,3.20820626123192,1.49003743947344,2.20166820729408,2.66666379159767
-15,17.6666666666667,1.1,0.333333333333333,0.0626808421930373,0.193737752762143,0.33048988951428,0.467242026266416,0.603994163018553,0.780629560141755,0.0626808421930373,0.193737752762143,0.33048988951428,0.467242026266416,0.603994163018553,0.780629560141755,0.0626808421930373,0.193737752762143,0.33048988951428,0.467242026266416,0.603994163018553,0.780629560141755,0.888888888888889,1,150.000015727529,183.246203520467,-16.4618678262681,616.770138527236,373.473786293095,5519.65534840121,-23.8579942638267,2.17565961878971,-0.584339683461306,-0.0713959670867619,2.24495177585668,-0.18735126027393,3.374595256015,-0.346822621529007,-101.036589938548,0.284627034517238,4.42212842412249,1173.61962295594,10.2632184147484,1.56196802416415,1.04926587855432,0.760459077179459,0.606491178002291,0.42559129257369,0.32427935631705,0.117025958960431,0.0198198278304343,0.0168760262472659,0.0171813560045828,0.0142856239975002,0.0143700105197375,4999.9963545464,43.0934808874076,17.3232166618681,36.3394392099776,122.804469498988,119.16120141986,2540.27258805223,1194.33863535029,21.5264776939362,0.601366483140879,0.438206497158927,0.0380308097983914,0.652006792260139,0.358537379056295,1.75980230062918,0.324346675775012,1.36042680016344,0.572581807417846,1.37698781791744,0.628561770623723,0.00628118042475941,0.299473789751745,0.117464442563933,0.0434634351488694,0.0550960413947552,0.0690076496907371,0.0765147675073944,0.12466987609036,0.012870440505324,0.00387592067975718,0.00267163389074255,0.00531520950301105,0.00690976529116235,2.26837112100661,0.00872418061362195,3.94801618153389e-07,-0.0990199143978046,0.00688611990607683,-0.00786843135500434,0.000672287159285239,-0.211264269883488,-0.0928321713174451,-0.255398791434884,-0.0315776775758851,-0.0427983264374275,-0.220646134124893,-0.0254406547262673,-0.590383898467937,0.160795077108433,0.160609930319454,0.0268728325288041,-0.254469232781057,0.505280212899963,-0.340076697402937,0.815893674973614,0.259783122990627,0.0668370093233889,-0.933930072314885,-0.686088537248719,-0.589257106556255,0.813887362071468,1.02378620846256,0.490661539245572,-0.891762650104993,-0.82715340971024,-0.126996715164938,0.0492770050456972,0.0290135931283779,1.79999946772531,1.50929471339251,1.49980114391647,1.5111582194242,1.49802421251839,1.63936746895839,1.67435738496069,1.68316587798606,1.48312535742669,1.54629785440128,1.65737267935817,1.48832987531898,2.55983213643437,3.21865623759914,1.47876433332443,1.48826060000519,1.6875899439544,2.34994817697307,2.35758755118612,2.48963240988959,1.81589285771867,2.66261230074484,2.66015647338743,1.94623393383614,1.8099689500234,2.37867311734469,4.05467105699624,4.45194200865215,3.99133325384094,1.99871561896553,1.33186355382305,1.40512250737647,2.25075372864831
-15,17.6666666666667,1.1,0.333333333333333,0.023505315822389,0.0726516572858036,0.123933708567855,0.175215759849906,0.226497811131957,0.292736085053158,0.023505315822389,0.0726516572858036,0.123933708567855,0.175215759849906,0.226497811131957,0.292736085053158,0.023505315822389,0.0726516572858036,0.123933708567855,0.175215759849906,0.226497811131957,0.292736085053158,0.333333333333333,1,150.000015727529,174.161160295802,-13.1151767649203,617.45401520675,285.879478221018,5245.44620352047,-25.6633752234142,2.0598704405791,-0.603213439995834,-0.0674590847828351,2.13959445891053,-0.170480038279346,2.9997431567545,-0.38901921283408,-101.044036037912,0.258306627228414,4.2150474950526,1173.58025205708,11.7662295594209,1.51948442870534,0.977097896052495,0.636522039370898,0.559193427767941,0.404242078950109,0.322594771377981,0.071576891693157,0.0135332735545256,0.00765413329861472,0.00885334756796168,0.00874575887928341,0.00878919883345485,4999.99885428601,43.0935121341525,17.3232166618681,39.4499355019993,121.512348334497,119.147343500825,2524.59360785635,1314.31447461152,20.6572666483807,0.68550387257834,0.475164516660853,0.0413542446679436,0.7504382620721,0.364051556070552,1.92591444447095,0.392313883104077,1.49173628923406,0.582921106090743,1.61871847454315,0.528008817597395,0.00503436162616004,0.340244943313222,0.13007795034673,0.0449999467319929,0.0621447659663273,0.0833167784598488,0.10199480278708,0.0923245592017212,0.0114604411317313,0.00292449667908864,0.0022703535116889,0.00156952961858819,0.00179289434991031,2.04060314299546,0.00754273129942579,3.94801618153389e-07,-0.125572382047277,0.00424833833664237,-0.0130813134097936,0.00116048221297484,-0.259617610168463,-0.0722781095434234,-0.299704641115174,-0.00842070930425701,-0.0587391876647533,-0.263112212216538,-0.022252535306576,-0.598094691038091,-0.527783878461982,0.226549905047664,0.023310482268807,-0.291093238045087,0.0355948954725243,-0.288374377355908,0.761314395287029,0.26839915035651,0.12558179802644,-0.884116516483038,-0.656504370284343,-0.565988476312014,0.797992258121332,0.919692945525959,0.938272125805633,-0.49745354438323,-0.797617812849615,-0.107459384792379,-0.0465569993942871,-0.0385043084218454,1.79999946772531,1.52771657358839,1.49954712054415,1.5061017572041,1.50109046292687,1.65978684506166,1.72685808650075,1.69407147268884,1.49528442490389,1.52825584141319,1.66689317997927,1.49539237164257,2.52668188194568,2.74993314925311,1.50885900684216,1.49557559046225,1.68927464444893,1.77605440673032,1.61512011841237,2.47922076113871,1.7804739043524,2.53175767521954,2.52703693994691,1.90024378894236,1.80082345430349,2.45893694913489,3.71156155693447,4.97271455329639,4.48397252630986,2.80614768735944,1.82420476575518,1.54171958426315,2.56212475963177
-15,5.44444444444444,1.1,0.333333333333333,0.023505315822389,0.0726516572858036,0.123933708567855,0.175215759849906,0.226497811131957,0.292736085053158,0.023505315822389,0.0726516572858036,0.123933708567855,0.175215759849906,0.226497811131957,0.292736085053158,0.023505315822389,0.0726516572858036,0.123933708567855,0.175215759849906,0.226497811131957,0.292736085053158,0.333333333333333,1,150.000015727529,76.2835881678991,-11.7168510817623,231.898007499219,304.72217913759,2675.88657431518,-11.5410380517654,1.49543235079679,-0.145768252216436,-0.0333157004478699,1.49543235079679,-0.145768252216436,0.571231912186231,-0.0622041417123216,-38.5489355275492,0.245352451737319,3.3492149776065,724.663576710759,-3.44198064576604e-18,0.804126174356839,0.627585970211437,0.550196719091761,0.625574148526195,0.628888865743152,0.659936610769712,0.0124394488074159,0.0118134108946985,0.00813397448182481,0.0093677064889074,0.00998111832100823,0.0114761823768357,378.022372669513,5.27690355171339,17.3232166618681,4.67427319537059,123.037031443674,119.997312446807,2557.89840265001,280.674131088778,11.7605515329299,0.24978465606895,0.347570690494999,0.0110040800894983,0.24978465606895,0.347570690494999,0.314086832892687,0.0584331399952028,0.422571680444518,0.556579837720741,0.534523833687343,0.0861882482760076,1.22242014562364e-15,0.0673476309379675,0.0172322031388772,0.0375579145934584,0.0643604510935482,0.078295349318933,0.0843463227694027,0.00794842810696377,0.00194488935841103,0.00158378845082067,0.00191482485227342,0.00166450577329489,0.00125622316163944,0.332038268155396,0.00428532730282667,3.94801618153389e-07,-0.0795876790945318,0.0836585939620684,0.0279871955566941,-0.0817871034348922,-0.216498513002315,-0.140316617219263,-0.128204368689515,0.0746253541684137,-0.0332014854358096,-0.128204368689515,0.0746253541684137,-1.10926669229068,-0.0366468745516529,0.00742144752299578,-0.0741864957031332,-0.161413269087414,-0.187232385022465,0.0216297312975613,0.436939203717874,-2.12138193315769,-0.621890804318386,-0.358454576573763,-0.380298414785762,-0.251404067987354,0.539980311249619,-0.736100245933311,-0.828865950457019,-0.827301596887455,-0.677522552474435,-0.789025911689037,0.0368037219550567,0.0368269293158064,1.79999946772531,1.56614649918168,1.50673129960198,1.50390654214318,1.50635816994629,1.63104866208289,1.55179181428143,1.53942437267696,1.50322026831425,1.55273310005306,1.53942437267696,1.50322026831425,4.12356837947815,2.03079154562086,1.4972223525147,1.5029333928614,1.57141511060586,2.39822115808237,2.84524294440408,1.9945987860442,7.55801773078837,2.20143774050112,1.71673076282394,1.71301741525635,1.65568172488234,2.60217529252371,6.4744643353069,2.95695378097122,2.41777911734981,2.02490006879752,2.00778550512292,1.89555626882051,1.88142539960845
-1.66666666666667,5.44444444444444,1.13555555555556,0.277777777777778,0.00783510527412966,0.0242172190952679,0.041311236189285,0.0584052532833021,0.0754992703773191,0.0975786950177194,0.00783510527412966,0.0242172190952679,0.041311236189285,0.0584052532833021,0.0754992703773191,0.0975786950177194,0.00783510527412966,0.0242172190952679,0.041311236189285,0.0584052532833021,0.0754992703773191,0.0975786950177194,0.111111111111111,1,150.000015727529,82.0981095719195,-9.01221179148005,246.73957296115,258.217115060931,2910.53056973232,-10.0024477231538,1.65385980627018,-0.151305503473597,-0.040035670242683,1.65385980627018,-0.151305503473597,0.859863773534007,-0.0744830107555463,-39.5279585459848,0.256889005903551,3.73091823768358,734.145609832312,8.63241820435373e-18,0.836413811061348,0.657084366211853,0.557738339756276,0.619772867409644,0.671934600562441,0.719780054161024,0.0121703822029997,0.00967976471200919,0.00602179262576815,0.00609108197062806,0.00683496010832205,0.0073798325174461,449.410613477765,6.19243391313405,17.3232166618681,2.81726344741833,123.020549042792,119.7253828021,2546.28478223116,207.374099173697,13.4157184310354,0.192727373644753,0.340126885553742,0.00952324252329525,0.192727373644753,0.340126885553742,0.327218918412269,0.0589364477681271,0.419975741797134,0.543609189758978,0.414472453449435,0.0924422423461345,1.18688981265619e-15,0.0613965942736352,0.057813203205965,0.0557736442547162,0.0654502902670227,0.0769428330846546,0.067135677526288,0.00699707476708323,0.00304710494567324,0.00174981999663888,0.00162711931846109,0.00145526916567153,0.000947098632485025,0.36300948200081,0.00455368804152602,3.94801618153389e-07,-0.359537714411467,0.0306866722978051,-0.076161155466451,-0.028269953336725,-0.387506066226493,-0.0783631306958771,-0.163170641108341,0.0156622103403285,0.0751933467623285,-0.163170641108341,0.0156622103403285,-0.978454982315964,-0.0800572019833053,-0.0872158856880747,-0.0143317850574102,-0.225407785784361,-0.0109566720578652,0.0281555814366437,-0.37351273100642,-0.353528444151489,-0.289063865460556,-0.263863149086967,-0.275692368404152,-0.41137675874442,0.528884711586969,0.0475064976777892,0.0285223062232177,0.101091232977666,0.123671313984084,0.100081494268604,0.11738185896903,0.123323455955691,1.79999946772531,2.32848712265596,1.49452449855474,1.51172921576937,1.49443536762345,1.86685499685438,1.54639985811215,1.60004465343502,1.49126850289652,1.60653503908228,1.60004465343502,1.49126850289652,4.64346418966939,1.97890784248946,1.50346201086512,1.49098501716739,1.64022066646096,2.14635062221961,2.74217300947658,2.09021125489739,2.04189233727769,1.83133584267316,1.6873171767083,1.62461916357911,1.70371574772142,2.18366059178561,1.6665539308295,1.5059208488266,1.45357942895462,1.57764822790873,1.81250764208827,1.78190295244395,1.76617262938922
15,5.44444444444444,1.13555555555556,0.277777777777778,0.00783510527412966,0.0242172190952679,0.041311236189285,0.0584052532833021,0.0754992703773191,0.0975786950177194,0.00783510527412966,0.0242172190952679,0.041311236189285,0.0584052532833021,0.0754992703773191,0.0975786950177194,0.00783510527412966,0.0242172190952679,0.041311236189285,0.0584052532833021,0.0754992703773191,0.0975786950177194,0.111111111111111,1,150.000015727529,78.6710988438704,-12.3200695132799,238.958064784918,320.630313821477,2783.95802520571,-9.95700214675554,1.58519070930111,-0.154227545417144,-0.0366601812311217,1.58519070930111,-0.154227545417144,0.739307790365587,-0.0683756013106968,-38.9699697948129,0.261026186595146,3.57611592542444,728.78714717216,-3.25483965420267e-18,0.815379252161234,0.63577362774711,0.53963306947193,0.60145511925841,0.654382710134361,0.70550487449224,0.0118058316855536,0.00954787990834289,0.00619286615977502,0.00605831246745131,0.00675991875846266,0.00733163295490053,408.843724612023,5.67485511925844,17.3232166618681,1.79186823790135,121.915363725347,120.283998558552,2506.4552746363,187.881205287898,13.5109110616105,0.146384997456504,0.324822405101683,0.00673402195543782,0.146384997456504,0.324822405101683,0.308804680028224,0.0569051015287885,0.400160760825221,0.517147909961033,0.365762489245498,0.0980932597527715,1.24913391012497e-15,0.176085183075263,0.129194530514447,0.104090255102664,0.109619468613248,0.116079183960545,0.105177415575161,0.0167191930896992,0.00607318476616791,0.00313873061043751,0.00255908094526868,0.00207093790171848,0.00134414679957419,0.403079862831458,0.00515927028602047,3.94801618153389e-07,-0.32489537521441,0.0937524133728032,-0.0133423551525291,-0.0926786464379334,-0.253473587396408,0.110231855594376,-0.362356686639333,0.0800244388520487,0.517761154128095,-0.362356686639333,0.0800244388520487,-0.552957060012547,-0.131229467085023,-0.0222887445039595,-0.0784674597163653,-0.211830021356252,-0.0408148756096624,-0.00180424086601513,0.00510368734173268,0.0153560244577174,0.0326764152130426,0.0373957545486402,0.000669680472040509,0.0364272861722264,0.14912210178673,0.17039169901055,0.0638301471001727,0.161493095193187,0.314491175873526,0.62325131194296,0.148583401416595,0.148186446171666,1.79999946772531,2.97540216113525,1.51371507658561,1.4998789393354,1.51332161198858,1.66153778248932,1.55558873149224,1.70808826030973,1.50780748847348,1.76035959902239,1.70808826030973,1.50780748847348,4.4788767382318,2.13651016921756,1.4779198906212,1.50722032699403,1.57494770976378,1.96000526789229,2.74865666425699,1.64778565445691,1.62024356201294,1.57335743487154,1.52151985866369,1.50984844371928,1.51269645979492,1.50735243554802,1.47359565081408,1.44414997198689,1.59580095186937,1.6390735458747,2.04905509028265,1.75097291377932,1.74738754266074
15,5.44444444444444,1.13555555555556,0,0.00783510527412966,0.0242172190952679,0.041311236189285,0.0584052532833021,0.0754992703773191,0.0975786950177194,0.00783510527412966,0.0242172190952679,0.041311236189285,0.0584052532833021,0.0754992703773191,0.0975786950177194,0.00783510527412966,0.0242172190952679,0.041311236189285,0.0584052532833021,0.0754992703773191,0.0975786950177194,0.111111111111111,1,150.000015727529,79.6932663264243,-12.1458886980523,239.893751692532,318.096915873347,2828.2064368295,-9.47325656077491,1.61583199666701,-0.156144160537444,-0.0377847328403291,1.61583199666701,-0.156144160537444,0.789098641587335,-0.0700107757504426,-39.0305343193417,0.264594457233621,3.64954858868868,729.365014061033,1.05067682220602e-17,0.804313081970628,0.62980201020727,0.53821096760754,0.6032597958546,0.660916956567026,0.718096948234557,0.01176476068045,0.00953110905114051,0.00597684334965108,0.00610422518487658,0.00685805103635038,0.00741286043120509,413.185730653056,5.7305865014061,17.3232166618681,6.80871450764878,121.446189673759,119.783578148721,2488.26865727434,196.926991770376,14.0334665858736,0.0709354665719011,0.317752355057811,0.0029726802359805,0.0709354665719011,0.317752355057811,0.377395790878629,0.060915344715033,0.396132442990686,0.505133645079914,0.235141067053238,0.0990466131329059,1.19124713574653e-15,0.129637916729035,0.0727222967092416,0.0503541616071342,0.0566956186957304,0.0607785771430051,0.0727227285085443,0.0120253014330463,0.00350236449185914,0.0016062789127877,0.0014920793858443,0.00130824320420683,0.00111250740292377,0.384578381080718,0.0048909398656069,3.94801618153389e-07,-0.0182102795607895,0.0891157779285473,-0.0205535088326952,-0.0881255513044407,0.0803871863337171,0.06792091577066,0.149872516461293,0.0863937226742913,-0.23520811372136,0.149872516461293,0.0863937226742913,0.619892072356131,-0.0616325058042945,-0.0339543954841886,-0.0863601998660607,0.138063191240883,-0.103469028558349,0.00846189090709488,-0.0816464223920227,-0.0535835214755662,0.101699204935822,0.176533387541541,0.171120843015309,0.150838252068975,0.135076243214631,0.167348567405269,0.394062710925129,0.52964329532081,1.0460705677891,1.13715049951364,0.0678054594450267,0.0673141052931184,1.79999946772531,1.52722801244233,1.51285501859718,1.49927718782317,1.51266618464022,1.62474305456077,1.52162795634562,1.72889862060615,1.51090812902984,2.01868931528314,1.72889862060615,1.51090812902984,7.11115088151297,2.22373541251448,1.48644888435263,1.51085065041455,1.65071831968223,1.94692916940192,2.85068066560926,1.72621977531051,1.69901318863172,1.47376973163107,1.45768399548895,1.5070130297233,1.54674833489479,1.34519397087175,1.42163771542999,2.16767374323238,2.92137399489897,4.34891499880861,4.68870308136714,1.84200809142896,1.81992325095594
15,5.44444444444444,1.31333333333333,0,0.00783510527412966,0.0242172190952679,0.041311236189285,0.0584052532833021,0.0754992703773191,0.0975786950177194,0.00783510527412966,0.0242172190952679,0.041311236189285,0.0584052532833021,0.0754992703773191,0.0975786950177194,0.00783510527412966,0.0242172190952679,0.041311236189285,0.0584052532833021,0.0754992703773191,0.0975786950177194,0.111111111111111,1,150.000015727529,89.1058118945944,-5.84496928236642,248.874379752109,198.081295958754,3207.11863347568,-10.1279656826101,1.85156650348922,-0.157298201326945,-0.0493820851994584,1.85156650348922,-0.157298201326945,1.18576707540881,-0.0849029641224873,-39.8672232059161,0.269544955837933,4.20244162066452,737.372513279864,1.06871130819706e-17,0.780742485157796,0.614072211227999,0.527814498489741,0.594535652536195,0.652869419852099,0.713916862826789,0.0124043200886679,0.00974927309655246,0.00612479825018227,0.00621728278304343,0.00690872721591501,0.00744155160920737,474.086418081447,6.50383470471824,17.3232166618681,7.12181049441521,122.429860067088,118.696086322526,2504.80710040477,222.609494097023,16.2359518223717,0.0898337931656766,0.317810620355555,0.00434003462752971,0.0898337931656766,0.317810620355555,0.431573749642813,0.0645039038907812,0.398419033319731,0.504813168151457,0.28897062306148,0.102416762216941,1.13698988408785e-15,0.125313924031935,0.0707544474058254,0.0501180064757691,0.0578021018632188,0.0627950055418991,0.0748394478199196,0.0114800644524173,0.00338024260932711,0.0015737806992045,0.00147416288078622,0.00130674169958537,0.00113075542856855,0.409065107621058,0.00509340542175895,3.94801618153389e-07,-0.0934839766687759,-0.00262118117047321,-0.0889958799175049,0.00380743540973842,0.0101889669110101,0.00203437167750579,0.0643491547783868,-0.00592335251918273,-0.303258507226504,0.0643491547783868,-0.00592335251918273,0.39558548493806,0.00166742497976404,-0.102788233904968,0.00599465116396062,0.0475100643561321,-0.106879482385121,-0.0418327142200529,-0.0187241459676903,-0.0148288255672434,0.0814642772714401,0.104176804173509,0.0880033200321538,0.0624625989003518,0.0384645415371792,0.0741902240830227,0.295821201271604,0.433499504482997,0.987985265530263,1.1517201255988,0.104010458308308,0.103729012438233,1.79999946772531,1.55522793660985,1.49221283751836,1.52923492130745,1.49235177769395,1.61336545870244,1.50219951146642,1.66391601789146,1.49064387101583,1.82243290953831,1.66391601789146,1.49064387101583,6.75450067397139,2.30704838471157,1.51730504275943,1.49055780644228,1.59983078735594,1.87098383527758,2.74160440807756,1.75054466837063,1.7127154488282,1.45516208923593,1.42881302979098,1.47570230569487,1.51452289988876,1.31341687950062,1.38903154170375,2.1085696406248,2.89253652719402,4.27580112156531,4.84182464203715,1.78831092225996,1.77261096464161
15,17.6666666666667,1.31333333333333,0,0.00783510527412966,0.0242172190952679,0.041311236189285,0.0584052532833021,0.0754992703773191,0.0975786950177194,0.00783510527412966,0.0242172190952679,0.041311236189285,0.0584052532833021,0.0754992703773191,0.0975786950177194,0.00783510527412966,0.0242172190952679,0.041311236189285,0.0584052532833021,0.0754992703773191,0.0975786950177194,0.111111111111111,1,150.000015727529,169.918768878242,-10.7020613748568,618.964607853349,202.224865472347,4959.27257577336,-37.8159141756067,1.81968128319967,-0.577396177481513,-0.0474395083845433,1.90386553484012,-0.141133039662535,1.99183366253515,-0.472821739652119,-101.088223101761,0.206671249611499,3.63730871784189,1173.63868347047,13.3648984480784,1.4090784189147,0.878848505364024,0.524431746693053,0.447860587438808,0.330088719925008,0.260098187688783,0.0644858910498906,0.0111260001853036,0.00629253077189876,0.0061926291011353,0.0067824013123633,0.00734503114258931,4999.98635558796,43.0931517550255,17.3232166618681,32.2868810075008,121.818308144076,117.829148988831,2515.32029106647,700.178142783827,21.8433194485353,0.194742276463929,0.378700828285682,0.0124600416568976,0.257889204125992,0.338873429153063,1.57946436450656,0.351930828299088,1.22820727612935,0.535921675285228,0.426408809975864,0.618263104648373,0.00499922897051329,0.434556918326539,0.262652450421864,0.148114508926514,0.0939258325346203,0.0631837939305245,0.0375268048206681,0.0899428625132169,0.0162335493582699,0.00415779021436077,0.00167722218676413,0.000577795244040463,0.00026945127452387,2.35962595424802,0.00828419612957848,3.94801618153389e-07,-0.0131666116335339,0.0145304124217726,-0.0145409822199983,-0.0172078570429091,-0.177178330165724,0.11802066348897,-0.413510641158861,0.0183972884559505,0.0991566368319269,-0.270685590676166,0.0167776584056982,-0.973767841348113,-0.380276119114,0.11468272210926,-0.0191454423011932,-0.438723835275688,0.42383268057706,0.040629149509619,0.420289800976262,0.0278388196789781,0.030712562709441,0.0394619192231657,0.0613426491019499,-0.00651629984426133,0.287668680796518,0.0959860662077006,0.0147197025080847,0.308469576221307,0.48488222271324,1.60329102820908,-0.169325502368674,-0.0362765287707873,1.79999946772531,1.42703558011529,1.50046200403386,1.50474122069301,1.50505076055271,1.62785624173538,1.46415097669567,2.15084746315064,1.48068501098732,1.74539826085988,1.82445129268356,1.50066568891593,7.41830357043463,2.58201221208901,1.61038810856641,1.50158751692951,2.26767666803849,2.33477891518953,1.00165072779062,1.98722045984233,1.64360722231624,1.64559907922803,1.64079940405778,1.63310197960837,1.67868515772515,1.74373811083671,1.6164671711094,1.56459726056,1.68142855082418,2.41155266628502,6.7947529694934,1.59513859654596,2.29646578635774
15,17.6666666666667,1.31333333333333,0,0.047010631644778,0.145303314571607,0.24786741713571,0.350431519699812,0.452995622263915,0.585472170106316,0.047010631644778,0.145303314571607,0.24786741713571,0.350431519699812,0.452995622263915,0.585472170106316,0.047010631644778,0.145303314571607,0.24786741713571,0.350431519699812,0.452995622263915,0.585472170106316,0.666666666666667,1,150.000015727529,174.796396208728,-12.0772706728466,618.704551609207,234.122719704197,5086.65451515467,-37.1278384543277,1.85714446411832,-0.566580035412978,-0.0487185428601188,1.93620154150609,-0.145351386865951,2.08945640227059,-0.444768274148526,-101.086636808667,0.21272333835538,3.69200572856994,1173.59587542964,12.6729382356,1.43751141547756,0.896782366420165,0.601376158733466,0.483227236746172,0.322755275492136,0.246214102697636,0.0903063373117384,0.0162541507150297,0.0121199318820956,0.00980687470055203,0.00786645838975108,0.00833226684720341,4999.96739922925,43.0931590459327,17.3232166618681,29.8244183641749,121.769809468035,117.598644484063,2514.46153153202,620.921657785388,21.0255462047225,0.155044852592547,0.372806612866956,0.0109555753724351,0.220708510874917,0.338093570875931,1.53900767432784,0.298828657477725,1.20555744810543,0.534937922561206,0.334062130368509,0.57536190304938,0.0049834347855238,0.42016762450252,0.244676200370134,0.152820432054781,0.090782128258856,0.0529955377202651,0.0304122449819675,0.110510573823516,0.0171940087434941,0.00615864935549193,0.00417851918255569,0.00161009661283708,0.000908371622989082,2.3355672927657,0.00816296346859809,3.94801618153389e-07,0.0309596652635936,0.0112859883121275,-0.012706462402431,-0.0124096808082996,-0.127270449015288,0.0989725143177694,-0.497651829892541,0.004687190976307,0.0538265502017563,-0.240768747906628,0.00948034880365835,0.0665999674230278,-0.252505545177137,0.101287246986087,-0.0116095694240812,-0.578258769660744,0.331758530115145,0.400590208563931,0.474619529019308,0.00571446739355473,0.0280106273000601,0.0285548137636802,0.0540204102738165,0.00837786151780508,0.445655487276262,0.0918317776896207,0.361647148891612,0.42378709098849,0.585545782630227,0.0362377020520138,-0.165847144256372,-0.0383176277603762,1.79999946772531,1.41160321884952,1.49978352872484,1.50624951500633,1.50304239880233,1.55469497464797,1.4602910556818,2.34076666782213,1.47568955330457,1.75845919576942,1.78319341318151,1.49711212455227,7.01944215497846,2.75983502680262,1.61992048672902,1.49776552462023,2.64778422484463,2.24000602460821,2.27545977517143,2.03128603711697,1.6551208502347,1.64658408602524,1.63801318816561,1.63013189281345,1.64132822642285,1.90003256978644,1.55349442209717,1.64192213435374,1.85606370059494,2.95341314869601,1.7881413988501,1.64912321275465,2.33360684447746
5,12.7777777777778,1.20666666666667,0.222222222222222,0.0391755263706483,0.121086095476339,0.206556180946425,0.29202626641651,0.377496351886596,0.487893475088597,0.0391755263706483,0.121086095476339,0.206556180946425,0.29202626641651,0.377496351886596,0.487893475088597,0.0391755263706483,0.121086095476339,0.206556180946425,0.29202626641651,0.377496351886596,0.487893475088597,0.555555555555556,1,150.000015727529,250.056108738673,-36.2182821261327,602.363597541923,1092.35957733569,8533.78627226331,-3.08638214915113,4.31864847411728,-0.590213125716071,-0.260520352046661,4.33543432975732,-0.45602286775263,11.9416046245183,-0.465694949007395,-100.24142381002,0.745174401260284,9.34605738985521,1173.73940214561,1.88971030101031,1.53859514633892,1.13432767420061,0.966750276012914,0.917183480887408,0.802915196333715,0.735973908967816,0.0445605665745235,0.0175304693722643,0.0165121156442037,0.0195497388813665,0.0180079079262577,0.0207166368086658,4993.25913967295,43.0365545255703,17.3232166618681,22.311108229755,125.378579421446,120.562521802029,2603.50875272245,877.823408555139,37.7625092161472,0.541922815133775,0.359420178150387,0.0639208342594002,0.539080236263285,0.356896906342809,2.07309909644038,0.452968057479755,2.12208402962839,0.570526858854722,1.19130899877413,10.8369063859356,1.25027257815759,0.216319184340963,0.154741512959571,0.138596862819898,0.114140153895363,0.10546067357119,0.0947576899112263,0.0548081467463745,0.0130440790235134,0.00781367846458294,0.00616179300868782,0.00572001468377164,0.00614525393344455,27.5927663763789,0.378618682365288,3.94801618153389e-07,-0.643811318107861,0.00330485348476772,0.0086338592056141,-0.000606320893580624,-0.510586176035194,0.100796260530892,-0.369636561579383,-0.0225572289250432,0.155014951074602,-0.404329492187391,-0.00814660241919909,-0.400993386263889,-0.150104538795388,-0.173582515606789,0.00817010164824019,-0.381797896933515,0.145681898798606,0.0324681982946384,0.232577201770708,-0.128190011597016,-0.252993431451771,-0.14197518404822,-0.264789227641137,-0.265624938374706,0.862825503426252,0.199581604641466,0.180941622237871,0.190113051490434,0.561598933592421,0.821070987875001,-3.23051033216454,0.00133571354827551,1.79999946772531,2.62885100435774,1.49953100507035,1.54738555138235,1.50906719750558,2.50161527953533,1.6911939401714,2.3603750671928,1.50509228615274,2.21337943164977,2.39799535393781,1.56272245476659,3.071463696986,2.46311689439056,1.92295481775968,1.56984824986702,2.35989413947653,1.61867799836123,1.47455839565036,2.39615350190116,2.40786633485609,2.30179427466354,2.34364973308581,2.27675054091387,2.24018107250798,3.50676073297171,1.71626274230405,2.18329729824238,2.37780528404552,2.35636123056601,2.52588211721225,13.9733387883942,1.64820315272769
5,25,1.20666666666667,0.222222222222222,0.0391755263706483,0.121086095476339,0.206556180946425,0.29202626641651,0.377496351886596,0.487893475088597,0.0391755263706483,0.121086095476339,0.206556180946425,0.29202626641651,0.377496351886596,0.487893475088597,0.0391755263706483,0.121086095476339,0.206556180946425,0.29202626641651,0.377496351886596,0.487893475088597,0.555555555555556,1,150.000015727529,148.925100510364,-8.37220397875221,620.175627538798,67.9583339339652,3332.23341619623,-47.3676011873763,0.44207453196542,-0.194186454119363,-0.0179806267055515,0.482709687272159,-0.0114169069992709,-3.79914203793355,-1.330151166441,-100.98929382356,-0.028622254226643,0.15613162918446,1173.68138735548,22.3600083324656,1.5161625872305,0.969361701906051,0.522781918550151,0.300802099281325,0.083921703294761,-0.0570397732611187,0.0983828821529008,0.0165162239970836,0.00944355265076554,0.00788584157900219,0.0101012615352568,0.0149197231538381,4999.97781481096,43.0932788251229,17.3232166618681,70.8141677493576,115.243555345961,116.742793191577,2399.88605198884,2133.9022699717,21.8374071786377,0.86895115257577,0.664920671426615,0.0120343549357926,1.03445686108728,0.356502991571454,3.11271962383604,0.77998300620513,2.24787228127613,0.567209769996753,2.15345235286592,1.31435836375689,0.00736262615485254,0.268665500902402,0.274234111285373,0.235244065476214,0.199830876931992,0.148738899405273,0.150171782561317,0.100045288564549,0.0181054198384847,0.00707930184030967,0.00323837699347672,0.00308385324398655,0.00708944052721885,5.00314770247533,0.0164740407698346,3.94801618153389e-07,-0.169972847802244,0.00857943802211241,-0.0143921951158869,-0.0275172972464882,-0.277051200116544,0.371389114154651,-0.363536224358983,0.180506704415153,-0.268267209725627,-0.342222956479842,0.0371413436718067,0.763430034016087,-0.566385435558427,0.192483996183616,-0.0391657071471292,-0.38892968060494,-0.0258986663558758,-0.00130729152288498,0.528464444964609,-0.0915242461701923,-0.0327111810511027,-0.0436168022350216,-0.0733718408326209,-0.420307454681447,0.298255795472845,0.0528984701327296,0.845890032678467,0.830224643076412,1.2923934289908,0.599652572402729,-0.0954191887152068,0.035224224881218,1.79999946772531,1.56129218566991,1.51626210522339,1.51498116918579,1.53076010270384,1.67833990032927,1.68900779346353,1.76788979733799,1.57249198255864,1.70941159548553,1.73727424087949,1.51469776122177,62.7411439340419,2.318031845402,1.55223350147985,1.51484661089193,1.78232135027899,2.44266519069192,1.84492993838755,2.40512497422146,1.7180819185245,1.64013939742376,1.57233684919416,1.67626032623339,1.67635848641226,1.7155301849981,1.38792364201575,2.25386232038577,3.23304844319477,5.39695267639031,1.84976432220112,1.67031857304183,1.8723098315311
5,25,1.20666666666667,0.222222222222222,0,0,0,0,0,0,0,0,0,0,0,0,0,0,0,0,0,0,0,1,150.000015727529,144.357487761692,-9.43230293781898,620.21345693157,114.898267261952,3169.5826372357,-48.3901545672326,0.365152584647433,-0.171308501927924,-0.0192818812623685,0.40297930169774,-0.0170304380585356,-4.08023216852411,-1.4041960697844,-100.965826476408,-0.0199940093219456,-0.0189574428601188,1173.68722008124,22.7141089469846,1.51935183835017,0.979387709613581,0.478724753671492,0.276124667951255,0.0764203010186439,-0.0754900450171857,0.0748893450608271,0.0101065264040725,0.0061917628157067,0.00608529934381836,0.00599539433392355,0.00637552119570878,4999.97864805749,43.0934017289871,17.3232166618681,74.3111400242846,114.968183911271,116.526474665884,2387.73820677439,2264.13626566806,22.5611082816357,0.928243537523181,0.693580220733808,0.0130409833574479,1.10261791039766,0.356262814660251,3.25746431533879,0.88500031120491,2.35026739318525,0.567199027190751,2.3012978175021,1.19013838060822,0.00563842879870963,0.285660053554712,0.293837148577826,0.229555311463963,0.20191950385683,0.167223689295079,0.157670174453893,0.0853409820867748,0.0175940342263037,0.00523434532056022,0.00193296615765356,0.00114587525267495,0.00130682542158217,4.58224179636943,0.0149864505863448,3.94801618153389e-07,-0.154278074559233,0.0187691950349549,-0.016446942252485,-0.0453830895553061,-0.228302146770562,0.407945195599645,-0.291109628379889,0.156790823071632,-0.239663081262448,-0.274700920082926,0.0551340458196406,0.96243813309219,-0.55054879533169,0.114092116904746,-0.0568099464627041,-0.312365475642303,0.0830579129625782,-0.280821284091938,0.42786545642033,-0.0828440903098609,-0.0397704323807832,-0.0570105906059895,-0.0164351161913165,-0.400729908651743,0.289000994143587,0.123010022085985,0.233763663981451,0.301035143106138,2.70110613814786,12.8439104325009,-0.0308978118997234,0.00614867918734048,1.79999946772531,1.54595011261106,1.5167178801833,1.5149979283895,1.53446568646072,1.64401802255965,1.71447022864432,1.71521406171822,1.55955119763259,1.63682673132404,1.69065936731148,1.51935806820031,317.700649106096,2.47891764757647,1.55628645880085,1.51913966912201,1.72500809991641,2.51845918217835,2.1664031632586,2.31662710096085,1.68225678798503,1.64097155275649,1.57346608861711,1.64608177978469,1.71660679041351,1.81589345227965,1.51164978599284,1.81777231085195,2.06234460774267,45.0245883746614,583.80801017706,1.79652937145071,1.95778578259661
-11.6666666666667,25,1.20666666666667,0.222222222222222,0,0,0,0,0,0,0,0,0,0,0,0,0,0,0,0,0,0,0,1,150.000015727529,148.083549630247,-8.4036467576294,620.787345068222,73.0846330590564,3364.75387980419,-47.4859577127382,0.505917672128945,-0.22533766266014,-0.00658165503593376,0.553488028257473,-0.0195364422997604,-3.50925353681908,-1.2886120518696,-101.027709613582,-0.0129975920112488,0.352189367315904,1173.62253931882,21.9873596500367,1.52055452557025,0.997100374960942,0.492243766274347,0.295181762316425,0.0817170086897197,-0.0411358617536715,0.105917614454744,0.0106172424863035,0.00624533631913342,0.00605162555983753,0.00595934183939173,0.00646927965836892,4999.95927507551,43.0934558900119,17.3232166618681,35.6122782686273,111.255576438173,117.327949121445,2290.18375779397,792.705435217084,18.0775036953703,0.332174448693712,0.400104704213231,0.00347557952472017,0.413474483963533,0.315374508779798,3.17010012354689,0.657144387702421,1.42183883779665,0.501386704080805,0.882446193261616,1.25141929804587,0.00671570864050638,0.351203302012326,0.255687730420056,0.119641456961611,0.0655958127606271,0.0607439830168849,0.0807098881075533,0.130443136182472,0.019714661384031,0.0037557344579798,0.000846095901090686,0.00132965982405914,0.00145089496820487,4.78581972857624,0.0161552802559377,3.94801618153389e-07,0.0671443497850488,0.00786497248115309,-0.00493962708769595,-0.00302183139323976,-0.577049567519428,-0.266959684377383,-0.961906475342863,0.0195080717941186,-0.113003162939176,-0.845538595303141,-0.0333857316488405,2.03900156049006,-0.568523016715207,0.700559894773571,0.0368733465308805,-0.950663868203225,0.0406453892686845,0.368450388105305,0.831533339574974,0.224364803931265,0.256386717082649,0.387468683167009,0.0530848965498904,-0.686087039695952,0.946214196473107,1.05151805317316,1.36588546885263,1.07913832504729,4.20368875920296,4.28875344276305,0.186482221883597,0.098508510183166,1.79999946772531,1.50346330383481,1.50877845644159,1.50680449567992,1.50658333157779,2.07586655947318,1.67985454650492,2.5895414095952,1.57290063853083,1.85895538695259,2.37993033233108,1.50174802258255,159.630249937892,3.18197957108801,2.00918925045929,1.50205426586776,2.55842809847926,1.67284575638393,2.18831883011991,2.7502780257142,1.72839741134157,1.6553077486935,1.74476157965225,3.60218290766162,2.09080903372967,2.84599054016984,4.24615460005895,5.66800795215489,4.07415901177147,105.948861997681,54.4349779450651,1.81895416038909,1.7837938466537
-11.6666666666667,25,1.20666666666667,0.5,0,0,0,0,0,0,0,0,0,0,0,0,0,0,0,0,0,0,0,1,150.000015727529,144.647242995521,-9.19414972190396,619.331340485366,129.049305978544,3216.64657047287,-50.1359889594834,0.40218103625664,-0.191751323403812,-0.0315250530153109,0.444794165191126,-0.0260068136881575,-3.92737471252995,-1.35427164126653,-100.952868451203,-0.00508949051140505,0.0777289025414019,1173.69753150713,22.1446765961881,1.54429726070201,0.954827882512238,0.442693188209561,0.244821829511509,0.0501918977836683,-0.0989305859045933,0.0876882537475263,0.0101532503029893,0.006205964691178,0.00603990490573898,0.00598009436517029,0.00627001176960733,4999.98552234142,43.0936964899492,17.3232166618681,76.3542834705715,112.888282221822,116.720708102561,2333.57899921472,2599.39712892423,15.0657207823299,1.24533262059743,0.792713896575282,0.0217038982165503,1.43234308821283,0.357260032200151,3.45446173438997,1.04609530113471,2.70592022630575,0.573953656614839,3.13977499390988,0.805684976220997,0.00498978990000386,0.324740648700678,0.170472006874128,0.127876791725191,0.18578156109106,0.213536381941004,0.25230315841214,0.10855927621599,0.0123507564096147,0.00287616661618649,0.00134125314228348,0.00165996523082642,0.00192673759169672,2.95784598577557,0.00928659187861367,3.94801618153389e-07,-0.208930716037454,0.0328696421216599,-0.0235135906713962,-0.0628956519039111,-0.272502113208018,0.659810112280829,-0.30254506832845,0.176158853613087,-0.153231585921643,-0.288792340802894,0.0542413330985598,0.211756013668919,-0.427224871734508,0.147150454157259,-0.0518771544167171,-0.304804450377893,-0.165264323082543,0.129632975264892,0.972807294082112,0.457558824222724,-0.263859047989916,-0.417802545957396,-0.384279368009348,-0.462504401151987,0.842350127195022,1.11072397664892,0.878111042417528,0.723491097840976,1.9848369888915,0.561385022638278,0.200636883133545,-0.0433186530975709,1.79999946772531,1.5593733826703,1.52221366027201,1.50497175432896,1.53787256733378,1.65018675005457,2.24944398874775,1.68124274785124,1.59007804967608,1.5608294375802,1.6742317521769,1.52083361072818,9.36614513253867,1.94284448006839,1.54834717103729,1.51904023157401,1.68736002217589,2.54582495041337,1.01680470828531,3.02245891880741,1.60892388871247,2.04935647389447,1.7178139039743,1.70218524114848,1.67406343054098,2.34729031367531,3.83830628571728,2.28176416235113,2.15582215667947,20.067373841372,7.29417538254205,2.09799259035187,2.05688845900711
-11.6666666666667,25,1.38444444444444,0.5,0,0,0,0,0,0,0,0,0,0,0,0,0,0,0,0,0,0,0,1,150.000015727529,147.519457348193,-10.7389325799396,619.073346526404,161.28073845464,3066.1420518696,-60.9814602645558,0.180111451690449,-0.0888290970211436,-0.0367968697010728,0.200411247068014,-0.0129173142641392,-4.97969629404645,-1.48966140622852,-100.880308301219,-0.0337635854910947,-0.57636999158421,1173.69461514426,22.5650682220598,1.5294336006666,0.911755556712843,0.403431330069785,0.20556616526716,0.0110662884788043,-0.137305110479846,0.07931420906416,0.00991705303728779,0.00619048911571712,0.00605090219768774,0.00606920164566192,0.00637679752109156,4999.98375169253,43.0938225184876,17.3232166618681,82.0975924285852,111.733621488069,116.007784486186,2306.73167930368,2847.70563400076,15.0816594948104,1.3751374583786,0.858219038439806,0.0273557485827781,1.58075623492157,0.358830040813456,4.79707197497655,1.14959437187976,2.96761716785378,0.578244494664446,3.47823221511066,0.964938016303698,0.00499979493903087,0.338610792725283,0.169188196534107,0.125748968847626,0.183623057234604,0.21096280441018,0.252601945793904,0.100241874907338,0.0117212398677,0.00250917071271218,0.00118947149368443,0.00175706660557252,0.00220003556899232,3.93437660860485,0.00936812843447904,3.94801618153389e-07,-0.248947949326849,0.0351931510323989,-0.0350472054183061,-0.0712139620404077,-0.297602124986933,0.579997729689523,-0.324420478304953,0.220389026644245,-0.605956140131662,-0.31556349722701,0.0690450476396531,1.04435805661727,-0.579830765959567,0.104923995727528,-0.068158650881086,-0.331671075519925,-0.115645241257544,-0.0272913643745118,0.904639956045034,0.453220138218846,-0.263173715402406,-0.403103837994604,-0.398065104933253,-0.46238144504822,0.793841464011943,1.11437003488136,0.894825234060621,0.583095698943426,0.956675369473347,3.78084798638823,-0.0841950019409101,0.119378856416459,1.79999946772531,1.57546548902817,1.5246125774632,1.50430970790909,1.54147570965485,1.65106285280888,2.30509292428356,1.67354859518164,1.59529592604847,2.48621268606972,1.6659685871709,1.52655430568584,287.608265987459,2.27794033373716,1.61181661508707,1.52646207181963,1.67652994432033,2.13153071174321,1.00074481857383,2.84610095388068,1.60347298853709,2.03768614952352,1.71538745956878,1.72497473438904,1.67039587504708,2.24877847126373,3.86754312392594,2.35985026859158,2.00741426652255,4.41357671418019,104.182837018612,2.11091847536562,2.12843317755549
8.33333333333333,5.44444444444444,1.1,0,0.0313404210965186,0.0968688763810715,0.16524494475714,0.233621013133208,0.301997081509277,0.390314780070878,0.0313404210965186,0.0968688763810715,0.16524494475714,0.233621013133208,0.301997081509277,0.390314780070878,0.0313404210965186,0.0968688763810715,0.16524494475714,0.233621013133208,0.301997081509277,0.390314780070878,0.444444444444444,1,150.000015727529,78.1607832517446,-12.1226482262264,240.829058431414,316.59451942506,2727.29819810436,-9.99536994083951,1.5072228934486,-0.148364532694511,-0.0327241214456827,1.5072228934486,-0.148364532694511,0.594591559437351,-0.0646719217758567,-39.0734308926154,0.248799303916259,3.36073961045724,729.742381001982,-2.46333300697844e-18,0.843056171232163,0.653913269451098,0.583880231225915,0.664588667847099,0.643411717529423,0.660529038641808,0.0117624778625143,0.012667433913134,0.00946707072179982,0.0114125599416727,0.0116811149880221,0.0136466159775024,416.041901885218,5.76721039475058,17.3232166618681,6.16321100791783,121.734300684753,119.777133478741,2503.16931686999,139.168398913431,12.8367801362137,0.0465491686821803,0.325466113044285,0.00227378320056378,0.0465491686821803,0.325466113044285,0.342846319813056,0.0654131066254629,0.405703399767671,0.518641216879786,0.0983028891923151,0.0950247611890316,1.12936170420582e-15,0.0872100877412643,0.0467133570850279,0.0322436955205437,0.0331209263014931,0.0301744181312615,0.0348325425010307,0.00873625470110713,0.00285382108048282,0.00154684478923293,0.00136306441710678,0.00100850621915189,0.000829199535766588,0.378755207826665,0.00481271106251343,3.94801618153389e-07,-0.0498925849245536,0.085651120969541,-0.024820169897564,-0.0851860698433688,0.0134966861660727,-0.00372333312698634,0.118736913828957,0.0842001374655618,0.144853631649529,0.118736913828957,0.0842001374655618,0.684129332269944,0.0221646746662984,-0.0379355172716563,-0.0841894001150815,0.18335061496018,-0.0105946718001627,0.00718067340195826,-0.24284892353432,-0.180754953467947,0.0996254205859107,0.219506473496694,0.206275814210458,0.159344072692767,0.268471982671311,0.332201408891239,0.746485283757471,0.874134782546932,1.51854414182496,1.70268889863523,0.0723761061952292,0.0755850229962236,1.79999946772531,1.52971161404984,1.51187262437739,1.49900507895703,1.51181980263708,1.62263315556319,1.51699322234969,1.60954792422482,1.51053252441773,1.69836613037152,1.60954792422482,1.51053252441773,7.52777465588794,2.46957923725251,1.48705862067711,1.51050663775266,1.88315703529809,2.05468831820724,2.7675090676486,1.88054524438419,1.85224458078566,1.51681280134431,1.48811348687193,1.57580180404042,1.62474478098076,1.44498705321972,2.1863818210776,3.55550219946385,4.71872872928403,7.37840811951217,7.63412594948683,1.83715192210806,1.81927330032825
8.33333333333333,5.44444444444444,1.1,0.277777777777778,0.0313404210965186,0.0968688763810715,0.16524494475714,0.233621013133208,0.301997081509277,0.390314780070878,0.0313404210965186,0.0968688763810715,0.16524494475714,0.233621013133208,0.301997081509277,0.390314780070878,0.0313404210965186,0.0968688763810715,0.16524494475714,0.233621013133208,0.301997081509277,0.390314780070878,0.444444444444444,1,150.000015727529,77.0679345901469,-12.4938039757317,238.719124049578,322.202357358609,2681.21747734611,-10.4811155967087,1.47671388397042,-0.146720579658369,-0.031744025622331,1.47671388397042,-0.146720579658369,0.541796916793043,-0.062476640619727,-38.9425830642641,0.245737002669514,3.28882783043433,728.488397041976,7.84196321945629e-18,0.851872867409645,0.657389782314342,0.583551775856681,0.658264649515676,0.631494875533798,0.648212175815019,0.0116705157896469,0.0126044414123529,0.00938056389959379,0.0113862008124154,0.0115434006874284,0.0136422820539527,406.600656181645,5.64604312050825,17.3232166618681,1.46266709668369,122.211786519055,120.183067312492,2521.20829733764,156.508033575524,12.2944854016398,0.143670876426842,0.331737680059268,0.00633012636878286,0.143670876426842,0.331737680059268,0.285416535603585,0.0610396425036329,0.409858860362096,0.529194635217368,0.321024022401314,0.0951355559605349,1.27578506549763e-15,0.131268346631195,0.100965956529316,0.0888167996567828,0.0931346888483542,0.0893554199810349,0.0786486738250711,0.0127058355243967,0.00529175223761482,0.00331649193980263,0.00286231878248857,0.00192888959479593,0.00120434816827913,0.389661427028804,0.00494452715245993,3.94801618153389e-07,-1.60687392126632,0.0949816397976511,-0.010492494707299,-0.0932939714783649,-0.637874593538614,0.0416149026976673,-0.371829631661649,0.0812160029081802,0.379823227410333,-0.371829631661649,0.0812160029081802,-0.644533116129106,-0.0917238219719398,-0.0199180255474793,-0.0799907023446557,-0.39626105714262,-0.110402491806646,-0.0335647668550566,-0.123705185151648,-0.0957463856747219,-0.0717473722502111,-0.110269651173057,-0.173207104090466,-0.178053212032245,0.16884728496171,0.212192242719439,0.295830997154185,0.265124374425293,0.388265605466757,0.325833035212009,0.133788999290591,0.136849352239585,1.79999946772531,6.03141650578717,1.5137544320505,1.49996889992392,1.51328683637473,2.16182488565224,1.55334069359306,1.77464941305487,1.50857092129905,1.78872946253594,1.77464941305487,1.50857092129905,4.86478110435877,2.32585396917602,1.48122310543806,1.50818950777012,1.75083085485523,1.91664238989741,2.68823209358613,1.73230567723763,1.68896267697339,1.6320921472518,1.59832777232829,1.59468910376204,1.58462916964148,1.31608139814926,1.35237260103149,1.44085247014419,1.42572408644394,1.58080646099741,1.5802281609007,1.79645348931407,1.78269643650978
8.33333333333333,5.44444444444444,1.1,0.277777777777778,0.070515947467167,0.217954971857411,0.371801125703565,0.525647279549719,0.679493433395872,0.878208255159475,0.070515947467167,0.217954971857411,0.371801125703565,0.525647279549719,0.679493433395872,0.878208255159475,0.070515947467167,0.217954971857411,0.371801125703565,0.525647279549719,0.679493433395872,0.878208255159475,1,1,150.000015727529,69.457405478596,-4.83384058535569,223.814152692428,146.671609686491,2329.3739193834,-12.006981505989,1.20679164670347,-0.10334981918998,-0.021207466930528,1.20679164670347,-0.10334981918998,0.0961345920333528,-0.0498450429661494,-37.7977064889075,0.171311417564837,2.63464347463806,717.398177273202,1.55950355483804e-17,0.899555619206333,0.660888542860119,0.615325018227268,0.613018050203103,0.548502218518905,0.503479429226123,0.0126086137237788,0.0174858648057494,0.0171412613269451,0.0192153640245808,0.0199502405999375,0.0268474096448287,324.475742110196,4.57531350900946,17.3232166618681,1.57778404965344,121.72886175543,120.555674113635,2512.81558471463,93.0567555476975,10.1101578139474,0.105282270206329,0.331096729223819,0.0039854873185376,0.105282270206329,0.331096729223819,0.236612282883653,0.0574116103635835,0.402639998541622,0.528270840926517,0.212358023800041,0.10111776461602,1.21644569143274e-15,0.137689891021509,0.100119999292367,0.086710938402294,0.0786528304891051,0.0675642562697615,0.053840680220358,0.013887017874642,0.00595758562561314,0.00406550170419412,0.00313327877311874,0.00180612876018174,0.00376595132787779,0.385229955333073,0.00507192371748499,3.94801618153389e-07,0.237651912351906,0.000557544964823506,0.0935763826498004,0.00136852527027403,-1.08900603535804,-0.131864187800918,-0.318032976577901,-0.0105231895986074,0.17543522639907,-0.318032976577901,-0.0105231895986074,-0.203062670840425,-0.00719508858008399,0.0840682195514912,0.0112416558792658,-0.576963581466298,0.0600305987656933,0.0147519298282146,-0.211378053340162,-0.195890775003051,-0.197579718645258,-0.254680630253362,-0.298031671166756,-0.428385205072891,0.0414875868150041,0.0864249587236165,0.126018927694352,-0.15852968161693,-0.220961909248316,0.671891319851728,0.154498635683557,0.136382628963967,1.79999946772531,1.7383273693799,1.50772318450423,1.49427637739489,1.50745193969525,3.17439449843958,1.5568410340025,1.83464156163636,1.50569047266167,1.98554019486266,1.83464156163636,1.50569047266167,5.37360652092729,2.26453227072757,1.46938214429539,1.5055869369159,2.02494077830734,2.27343317243443,2.65581336958873,1.73566031370969,1.69690597302238,1.65391416386669,1.64103608801831,1.65449731682259,1.72898017532001,1.2934865118844,1.3175778437905,1.3571652804117,1.40096835679167,1.40706741448772,2.03384955390629,2.03772212170079,2.0437927181652
-8.33333333333333,5.44444444444444,1.1,0.277777777777778,0.070515947467167,0.217954971857411,0.371801125703565,0.525647279549719,0.679493433395872,0.878208255159475,0.070515947467167,0.217954971857411,0.371801125703565,0.525647279549719,0.679493433395872,0.878208255159475,0.070515947467167,0.217954971857411,0.371801125703565,0.525647279549719,0.679493433395872,0.878208255159475,1,1,150.000015727529,69.8048255390062,-4.92062138277262,223.861484220394,148.998797562754,2344.56504530778,-12.4849684528278,1.21674370378086,-0.104466315612957,-0.0216926153525674,1.21674370378086,-0.104466315612957,0.110907705561921,-0.0501048343935007,-37.8108874075618,0.173224015217165,2.65773586084783,717.519747942924,-4.12550788459525e-19,0.879460962399749,0.647935465055723,0.606555306738882,0.607515800437455,0.544348619935424,0.501632454952609,0.0119835964482866,0.0172992759087595,0.0171206186855536,0.0189987043016352,0.0198466888865743,0.0254513915217165,325.372252890324,4.58718341839392,17.3232166618681,1.86409611510003,121.811190265133,120.58036100052,2520.4050341129,136.304954372083,10.1368669905314,0.141573371511137,0.335105372564835,0.00521085923845276,0.141573371511137,0.335105372564835,0.242865333298075,0.0599589025273116,0.407698141920943,0.535149020291169,0.285941996256655,0.0999144373649252,1.17475650548825e-15,0.0491562947273662,0.0305792373292807,0.0403619240592254,0.0482497368873155,0.048343262030735,0.0439781632449522,0.00712544277497713,0.0025363635270328,0.00215980556428621,0.00203241687718281,0.00140962565360542,0.00183999350681797,0.391666866575612,0.00515345757930527,3.94801618153389e-07,0.227557598984269,0.00119485732498614,0.0934585780827016,0.000130702807752357,-0.487915443357162,-0.186713454134001,-0.157883790300644,-0.00571339093670507,0.0166623322742711,-0.157883790300644,-0.00571339093670507,-0.650292039152861,-0.00368830527815441,0.0830173760898118,0.00603923759721057,-0.285837763922311,-0.116933009814535,-0.00963112542065354,0.456306589798928,-1.08457570749347,-0.746675984954596,-0.578235533443808,-0.550640942194813,-0.603388438711665,1.16080596641375,-0.211538023997762,-0.716498418255262,-1.06912960925599,-0.852173959194007,-0.0576413304918829,0.0149314769375617,0.00286623609608109,1.79999946772531,1.87600928309547,1.50752280673997,1.49417288764679,1.50741287192181,2.06816518535829,1.56549629424126,1.60361577772287,1.50627752741703,1.71695973173609,1.60361577772287,1.50627752741703,4.5465899770061,2.27444991649437,1.48040363592428,1.5061983485955,1.70836312088794,2.09167461247922,2.77230652460609,1.7580125581615,3.62414347119522,2.41831594384201,1.97046194856788,1.87188504901057,1.91740888459372,3.66621517518657,4.07664318099053,3.01325033442178,3.22164497431107,2.52081793677737,2.18467744327241,1.90728018245047,1.90413954093258
-8.33333333333333,17.6666666666667,1.1,0.277777777777778,0.070515947467167,0.217954971857411,0.371801125703565,0.525647279549719,0.679493433395872,0.878208255159475,0.070515947467167,0.217954971857411,0.371801125703565,0.525647279549719,0.679493433395872,0.878208255159475,0.070515947467167,0.217954971857411,0.371801125703565,0.525647279549719,0.679493433395872,0.878208255159475,1,1,150.000015727529,180.297291948755,-16.4083366191022,617.47204457869,363.955548765753,5353.21914383918,-24.0660900780127,2.04862660139569,-0.565384776552986,-0.0621310571815435,2.11791469638579,-0.176046207890845,2.84710452275805,-0.375407567354443,-101.059271950839,0.264501160139569,4.11899604207895,1173.67138839704,10.6773106968022,1.57256952400791,1.05976364961983,0.757648026247266,0.593452411207165,0.406521789396938,0.298424330798875,0.0879836599312571,0.0206122524737006,0.0182090691594626,0.0184824087074263,0.0149161088428289,0.0138363551713363,4999.98239766691,43.0936558691805,17.3232166618681,33.8303747725181,122.627769886847,118.716378256455,2533.08877997453,1040.04456880269,20.2353791865442,0.497220971413239,0.420368947839405,0.0299020047745716,0.547382316798204,0.352576235077463,1.60595562799908,0.33204808805959,1.32026288460766,0.561742706259764,1.13349974653769,0.706681681689979,0.00726408252579072,0.191410468584184,0.0824635848254381,0.0597482426215559,0.0663691048752799,0.0675451437016217,0.0661121514740965,0.0814230246092045,0.00982066084610232,0.00413791516806872,0.00299590508451801,0.00622474809831071,0.00774596988018114,2.72377696570911,0.0100596087552925,3.94801618153389e-07,-0.0557616086752887,0.00576997115712241,-0.00945151067786516,-0.000109913994796056,-0.217615335009402,-0.0596624649775776,-0.300102093109666,-0.0280902985326927,0.0140296039023237,-0.253710937572587,-0.0206425314147374,-0.517271342766926,-0.149554565795702,0.162477918774894,0.0215071629114306,-0.304054266769269,0.520102774803851,0.254282572667136,1.25747578569373,0.362325767255266,-0.415801413752295,-0.549148895406931,-0.519546101029838,-0.538229375318732,0.705217295324923,1.25070151440818,0.332262035087229,-0.528358371161971,-0.740655498392747,0.127115995115907,0.015764663977163,0.0921057510802793,1.79999946772531,1.49303212906297,1.49876129912634,1.51196348788614,1.4989901655602,1.66256155738791,1.63619743995804,1.73778510703685,1.47917661681045,1.56508509332128,1.6964451667259,1.48978221468905,2.77299143623398,2.66672168540456,1.48791874659354,1.48973026658234,1.74593116650865,2.18417028844466,2.25618263874329,3.88346322323531,1.53943717158109,2.48744569507333,2.11596058806508,1.83397246496599,1.77027575265213,1.95595450801135,4.44657950839717,3.12813143649192,3.16566420704468,1.81149745870419,1.42137137266951,1.35716034497836,1.90721230336407
-8.33333333333333,17.6666666666667,1.27777777777778,0.277777777777778,0.070515947467167,0.217954971857411,0.371801125703565,0.525647279549719,0.679493433395872,0.878208255159475,0.070515947467167,0.217954971857411,0.371801125703565,0.525647279549719,0.679493433395872,0.878208255159475,0.070515947467167,0.217954971857411,0.371801125703565,0.525647279549719,0.679493433395872,0.878208255159475,1,1,150.000015727529,176.461535256744,-13.9259131663369,618.57642953859,278.541088801167,5060.75752525779,-36.7138046036872,1.79602208103323,-0.538346411053015,-0.0493434129778148,1.86929671909176,-0.145813799931257,1.79770929093844,-0.449191518018957,-101.084332881992,0.211488133897511,3.51495104676596,1173.63160087491,12.2252494531819,1.5526455577544,0.934616519112593,0.633273929798979,0.478205311946672,0.307021810228101,0.214896659722945,0.0556086017196126,0.0189820324966149,0.0173160189563587,0.013317244870326,0.010060934485991,0.00672837621081136,4999.99739610457,43.0933329861473,17.3232166618681,36.7793701869822,121.354130259448,118.622487151118,2515.55405802337,1124.94027339227,19.1959980818579,0.527091127191931,0.439394790294905,0.0277082806340142,0.587789956911928,0.35410839201192,1.66668205347448,0.350452958075291,1.40405594588607,0.564354693817638,1.21941992873798,0.63162920083642,0.00504177919601548,0.206229477977264,0.0873304766271422,0.0616073024999106,0.0673389353917699,0.0676257755754496,0.0665703239744268,0.0568519680561692,0.00857699212535017,0.00367951237983929,0.00561387208101605,0.00439702406020481,0.00351456560736184,2.40530955437254,0.00883261264721546,3.94801618153389e-07,-0.096998633874498,0.00409225491706262,-0.0143504421450847,0.00106172297315129,-0.255842660792856,-0.0820452970869888,-0.328769674977794,-0.0137495831376801,-0.0160540226914996,-0.280924221507652,-0.0191642734374576,-0.542207045538273,-0.455847308325669,0.207409617413909,0.0198153448578011,-0.325832485197647,0.48611466166718,-0.0438069943643409,1.03926152905466,0.356994409540618,-0.345225789368887,-0.499968972045462,-0.481238694451239,-0.506296614368164,0.767425558308769,1.2584627831913,0.462622008981348,-0.477139453550265,0.538059192298155,0.175736416577688,-0.0708241765100838,0.0244685171822162,1.79999946772531,1.5123314361154,1.49858726111548,1.50677533181152,1.50209513518311,1.68316682760926,1.66652716125263,1.75126529827695,1.49102148672594,1.54525885950733,1.70774527780975,1.49820975672529,2.81796693077361,3.0632639363304,1.50003364505571,1.49847283700534,1.75283628295569,2.33677757614597,1.14685107228305,3.02900431090148,1.51825816084107,2.36050108655014,2.03893318918893,1.78550823284093,1.74688600250575,2.23170059440259,4.2981456370377,2.81970642243139,1.66181830925529,2.09429382484052,1.48306054344691,1.41852804750279,2.19808048252348
