B1N6Cdmean,B1N6Cdsd,B1N6Clmean,TipALxb1skew,RootMxb1mean,B1N6Clsd,TipALxb1sd,GenPwrmean,Alpha
0.00791792433413472,0.000353928096020942,0.496656599671013,-0.512764122238171,302.683654628694,0.0251235501018159,0.140601697739805,147.035665063467,0
0.00546187320516881,0.000648997810468736,0.451547177937747,-1.13678676173142,399.605316319873,0.0744397728070217,1.41199158323613,5000.04884907822,0
0.00618835689853837,0.000353928096020942,0.254329537124555,-0.536158962349691,192.200651696997,0.0701006507024182,1.79794886160852,5000.04884907822,0
0.00535934235420434,0.000884913485302546,0.911235612751901,-1.87127707905082,1215.07413990357,0.0434538749565761,1.91957180428249,4905.98315829658,0
0.00590556792622057,0.00133586066392347,0.889050699854685,-1.86082454929881,1031.80273645666,0.0694301153395499,1.61341450495356,4114.26740167726,0
0.00793365833174161,0.00211729832438897,0.902270684238334,-1.44628977906721,912.09911970693,0.102019487595729,1.24860959252573,3028.35168880891,0
0.00574440871542675,0.00111190326932052,0.92434240945065,-1.85092460837969,1267.88529729754,0.0440942391095912,1.94180280006284,5000.04884907822,0
0.00750735222304529,0.000353928096020942,0.161894083924702,-0.257290009067536,166.447524956546,0.0604515543428332,2.56706450348259,5000.04884907822,0
0.00919099598368105,0.000713546758246038,0.0769910286993158,-0.87667683961222,123.145863106277,0.0919062420737045,2.47886366286107,5000.04884907822,0
0.00998638911866162,0.00149292493105111,0.0856769656092585,-1.61841635364908,97.2475090952707,0.0713265400934165,3.35142480900463,5000.04884907822,0
0.00932612182245973,0.00165099721767293,0.144048481033389,-2.06994861500131,163.789622270146,0.111030038658636,2.34766396288596,5000.04884907822,0
0.00558121394809214,0.000353928096020942,0.565880220201799,-1.45625973585528,632.959517345341,0.0649697065946903,1.40141142725889,5000.04884907822,0
0.00984660489324608,0.00120138861391181,0.166957386365276,-1.71792879152563,169.455282725413,0.0716003306849306,3.16697979666452,5000.04884907822,0
0.00590755778774075,0.000623496534015202,0.260622798122439,-0.581607665223221,208.849986132798,0.0871685836640104,2.06515992809862,5000.04884907822,0
0.00659778755654189,0.000924847109351811,0.697959969685131,-0.830111848767031,53.3956059846183,0.0429874755313297,0.374926094508955,520.858553802356,0
0.00685437372346595,0.00100982342261382,0.719595970879981,-0.849373390759141,121.837367806898,0.0406049909707379,0.438408823251978,660.456875030468,0
0.00554281834992028,0.000852120176414124,0.336347013208047,-0.89814637811117,268.565194476138,0.0929333901862066,1.77240683678657,5000.04884907822,0
0.00750121367838088,0.00111064515191892,0.749559097513103,-0.789115754869507,85.2161288918022,0.0473822022753426,0.47435004470683,861.578397123556,0
0.00557018198589047,0.000991929678772388,0.320706193044272,-0.910439186169825,263.803181848651,0.106415995791261,2.02257469335845,5000.04884907822,0
0.00519702969132481,0.00140525893555039,0.94504862121597,-1.98396517613299,1217.14518614187,0.0508237704457998,1.75127127251542,4623.45420225793,0
0.00753404091943132,0.00105030572452976,0.773209958061583,-0.606370451572738,59.6346804938696,0.0702914073608282,0.416463178229674,697.886470146229,0
0.00773457955188952,0.000353928096020942,0.508413204727157,-0.548616180141018,271.038159885191,0.0264377516306057,0.140601697739805,187.86150539672,0
0.00593077177463703,0.000833585901418388,0.318302494137885,-0.69057405608326,252.234670116219,0.100723268873593,2.18919321936184,5000.04884907822,0
0.0106847488707264,0.000616168705686528,0.0706160480256385,-0.655714138822492,120.199657422073,0.0860655893603388,3.28401293033547,5000.04884907822,0
0.00710413690411898,0.000353928096020942,0.513873674091603,-0.679480647185837,259.362993318082,0.0214817768661349,0.140601697739805,87.4727282042013,0
0.0079006523562702,0.000353928096020942,0.71679370691474,-1.5482703601844,844.637901105663,0.0650399361393729,1.37799609249081,5000.04884907822,0
0.00693052917715861,0.000995353544214375,0.736469339811617,-0.867174203114979,191.38621086613,0.0400825903654815,0.487089606544313,773.319776618838,0
0.00657217747025209,0.000353928096020942,0.728010046103282,-1.73069939874727,941.649086589675,0.0529865572608533,1.47985497163585,5000.04884907822,0
0.00694093757208181,0.00126127039706623,0.836299090691333,-0.828276778128223,156.436180107001,0.0677533845230656,0.578041127990149,1215.08251672951,0
0.00580580384583786,0.00177247547729348,0.911279127384427,-1.28046251080127,621.580994553268,0.0871253580767048,0.84459981779129,1968.84046068482,0
0.00651926881099451,0.000983832600464875,0.232841910577703,-0.414079618041443,213.948515128067,0.107121176987079,3.14030880751248,5000.04884907822,0
0.00703429884381235,0.00213334028475636,0.947868632999226,-2.02402805766167,1267.25568590321,0.0734088160496696,1.64217423318485,4662.74016668175,0
0.0056380113357486,0.000615150701238723,0.202758122008128,-0.394543942245903,197.300877138382,0.0963135032655525,2.61773278463035,5000.04884907822,0
0.00660526078712317,0.000588066524836082,0.660492109512508,-0.505581798459019,-33.3766960015481,0.0685575822101639,0.282524095397495,299.075234449509,0
0.00701140882676953,0.00208081668896581,0.912473523193489,-1.73856896718953,1044.39464594311,0.0889874662177861,1.46757927776966,3777.03868932919,0
0.00845784815273385,0.00134708450917156,0.142352545493331,-0.738931848119465,160.921738415628,0.0917983262901488,2.95263597549878,5000.04884907822,0
0.00911948070627842,0.00152947298820368,0.0907176524827827,-1.54984625753997,140.203810496624,0.0949768613937142,1.8403854357407,5000.04884907822,0
0.00909545602144848,0.000826058415842824,0.0831148085071408,-0.988615124073106,126.879366268998,0.0961678376633151,2.3409659208809,5000.04884907822,0
0.00603890552208802,0.000353928096020942,0.63593220846077,-0.66111285604475,-11.4673769099992,0.0502660012605465,0.255608123042003,252.407667766848,0
0.00913411079806176,0.000353928096020942,0.106469233609929,0.442878966672632,164.200265700201,0.15508668742781,2.9963134260963,5000.04884907822,0
0.00900691709688557,0.00150177162101507,0.092718706956942,-1.4172664202968,144.24614200444,0.103245271824435,1.87985406707715,5000.04884907822,0
0.00543304278372282,0.0013843101746391,0.946923206056889,-2.10694610086546,1285.12539842894,0.0469006596794602,1.80752218755021,4946.75817883879,0
0.0090318747374831,0.000970568566631464,0.0989309379398154,-1.29331512233778,132.062867780645,0.0993036821540241,2.20050196504748,5000.04884907822,0
0.00849849946071696,0.00148484617888711,0.153994670710665,-0.918451412566234,168.266265766302,0.100036776910059,3.15519261590397,5000.04884907822,0
0.00625677451464057,0.000409964139637065,0.530540675520391,-1.22005049898593,492.479232597404,0.0920402516833541,1.3766511319343,4884.3883879421,0
0.0061154943207904,0.000353928096020942,0.620637516293697,-0.596168040002155,-3.1584728703362,0.0545547733078171,0.278113063920937,210.642608259802,0
0.00504797177208254,0.000589069254957865,0.472722228474367,-1.25326962261399,461.96467090018,0.0709024263878725,1.38893556311463,5000.04884907822,0
0.00669690561852311,0.000353928096020942,0.210751750240704,-0.250812651418735,176.146420348425,0.0609932903352722,2.14660265462531,5000.04884907822,0
0.00865278056489852,0.00156414662029171,0.149914947745796,-0.952478781628926,166.36934945369,0.101301785690998,3.10120645807139,5000.04884907822,0
0.00690684979711171,0.000812152942708189,0.690574108384976,-0.568878343200196,-32.1104919201645,0.0660918027146261,0.300837837955531,388.913719948391,0
0.00619445375394167,0.00145554291401203,0.860105801001708,-1.22964474604152,455.929511765205,0.0691385901109588,0.772803788939586,1642.96821591815,0
0.00714899846916788,0.00121320824736023,0.838702589353547,-0.679807816366764,146.01696986044,0.0781646991698568,0.542330383396693,1119.80170590395,0
0.00642492361759699,0.000491945059733411,0.304489774810227,-0.600068089504526,226.374848575566,0.0813699723374092,2.03170342204898,5000.04884907822,0
0.0058499256242985,0.000929429636354436,0.37772897411719,-0.908781934410234,303.475506596506,0.107642235911122,1.9366802771337,4987.1574063076,0
0.00552617727658015,0.000975202504459393,0.893070337513466,-1.43545543908601,773.323719734748,0.0742094853846974,1.22514401820543,2907.87606959197,0
0.00699822561479689,0.000353928096020942,0.26527202690354,-0.388662599310479,214.399129829667,0.0818718230820446,2.62977463420278,5000.04884907822,0
0.00688795003569956,0.000965870145379274,0.687906918889298,-0.836694660439135,35.7801977720916,0.0417059992072366,0.372775446018997,558.577057700362,0
0.006767460331529,0.000530234157160918,0.64342270148322,-0.407516496947974,-46.0627944381615,0.0726421266560178,0.261005005884808,260.867303254881,0
0.00607794117749911,0.000529721087410136,0.251288806951933,-0.457302554243273,202.182933865446,0.0853552297172382,2.20408789960529,5000.04884907822,0
0.00613241578088879,0.000389129233579205,0.651710241004366,-0.685213311719827,8.9072111879081,0.0524531146830823,0.308786829924686,305.58343501016,0
0.00773574284485746,0.00157877924112249,0.202012863799869,-0.892194499547644,199.869715953114,0.117397903790024,3.64381615914171,5000.04884907822,0
0.00934565970284975,0.00177398904928543,0.174613080362969,-1.62064367590985,180.118260002206,0.10700482846462,3.50496267212607,5000.04884907822,0
0.00751346650371203,0.000986069771817056,0.764055893008142,-0.729083749209145,-7.28597911979875,0.0541718323408152,0.43845153670383,786.256540089022,0
0.00913942975356227,0.00150574283715812,0.0966402864265077,-1.7094069616989,139.871959517982,0.0921793608088171,1.75394064554771,5000.04884907822,0
0.00713080705244489,0.00112088493678563,0.154527861248509,-0.414386612553086,171.112808938764,0.0963700183250435,3.07176060037037,5000.04884907822,0
0.00605257611505047,0.000608760919883196,0.264292530909444,-0.510244444355635,210.008494581198,0.0877106604937413,2.18697289634958,5000.04884907822,0
0.0110532177621115,0.000353928096020942,0.0789824296537713,0.462445338202122,155.379728428748,0.143763280137897,3.17635372790313,5000.04884907822,0
0.00714337845655507,0.00103860745836849,0.725953390779438,-0.791512537778462,16.0121762256741,0.0480882334477109,0.393787563890945,629.776697639177,0
0.00726066750804467,0.00136423287023074,0.848064569271825,-0.64820202836459,211.929014098247,0.089348145976908,0.550576986044268,1136.4354320245,0
0.00961659273345099,0.000721111562217143,0.082437746130765,-1.20778898100256,116.210332764095,0.0661971584100699,2.77969749636039,5000.04884907822,0
0.00755381598115072,0.00198901913755017,0.944981742349682,-1.99013064592592,1275.69438623962,0.0718995818286722,1.61705881085107,4780.68391284781,0
0.00551947823725964,0.000972261114012566,0.319277512617848,-0.950038771303578,266.554141819422,0.108892425781425,2.02528924072012,4991.54934440246,0
0.00926086825099528,0.000353928096020942,0.10061457510254,0.0682752539922961,134.346896798377,0.131574917560986,2.85468596333399,5000.04884907822,0
0.00616770511492428,0.000353928096020942,0.562051333029674,-0.62780596154831,107.23137650899,0.0356623180857814,0.163205091674756,105.435651379028,0
0.00633035579699139,0.000455905261663893,0.205110028001912,-0.323462481529964,188.935424342284,0.0856702426621316,2.63959870332126,5000.04884907822,0
0.00752905427685609,0.00194519925504211,0.900772632930266,-1.42217763701728,873.359203924548,0.103252485009301,1.20139363968356,2923.70132408126,0
0.00600415379731255,0.00125950137980759,0.152716877250994,-0.117024981890307,181.026545806136,0.109355677287759,3.37064186399413,5000.04884907822,0
0.00731619736307477,0.00110033780852493,0.761572950009909,-0.791268843767103,95.2588379949865,0.0487214523180407,0.476523541120728,857.871648169881,0
0.00654363782859303,0.000353928096020942,0.314258454719662,-0.701859887149384,220.392737031648,0.0518657384787667,1.55565081676379,5000.04884907822,0
0.00679712066926103,0.000353928096020942,0.575438632373534,-0.217242490161809,9.63912461872553,0.0699897852941829,0.203224598024104,117.926258828839,0
0.00694239825106173,0.000848494882462328,0.669070163419004,-0.807400410218907,-26.6105323727379,0.046019603134168,0.30951674206736,488.342718036864,0
0.00583697196611893,0.00126738557644119,0.886974479086677,-1.90328576158082,1056.83397088155,0.0659661333480118,1.66287269989412,4252.33406047227,0
0.00525594116930211,0.000752073225634124,0.860547404538852,-1.31374394572194,612.407507861077,0.0679314569313924,1.16778345931883,2698.22471768419,0
0.00680272003028545,0.00161426302320613,0.880136412080252,-1.52816370941685,839.796956007241,0.0975632524358638,1.30084591584366,3145.316224743,0
0.00610697297858269,0.00192782374040905,0.967391728404205,-1.81912588553198,1223.06770042107,0.0599782063957603,1.67805836223065,4359.34209902362,0
0.00655378710075087,0.00147738773747589,0.872923973362745,-0.9472069712503,297.859951489429,0.0773207703581787,0.639544525085915,1396.39326790365,0
0.00636210544787303,0.000353928096020942,0.541231797268831,-0.59131997055535,154.376961290371,0.0329315363754243,0.152858975130141,53.0935201756683,0
0.00588926465568776,0.00041867232497099,0.476353154615595,-1.12655046743589,414.380216963897,0.0821236264851655,1.45326445239946,4987.75808073493,0
0.00694109967985835,0.00104681954522697,0.881410260830513,-2.00794575721066,1233.28997338203,0.0603515369244012,1.6179647600743,5000.04884907822,0
0.00884384930542647,0.00143296137637918,0.127367588559592,-0.681808360599364,183.735964676912,0.144951991828164,2.68317013495647,5000.04884907822,0
0.00722833593461838,0.0010810752770745,0.747743033871894,-0.837618514823826,165.097945330854,0.0428659030235715,0.500115634160043,864.835135259164,0
0.00832185155773683,0.000353928096020942,0.717547880155247,-1.50881589046051,829.697448806443,0.0675639053157514,1.36976391335458,4954.29111799926,0
0.00693406341943767,0.0021111661865471,0.966890112623719,-1.72354772380967,1217.09367382924,0.0638786135977903,1.67086982140231,4312.17127900787,0
0.0104263170972813,0.000353928096020942,0.0654019571591086,0.19481623023352,140.747492741345,0.125111529974431,3.10291977503918,5000.04884907822,0
0.00908233279148754,0.00109975371998341,0.151632999920944,-0.913200362321052,179.354773290091,0.144012107317998,2.5239483706727,5000.04884907822,0
0.00630526590104262,0.00148301586588689,0.891827819307678,-2.04233870677585,1170.80205032516,0.0685566136769248,1.76423277224839,4651.87989723057,0
0.00677249214050173,0.000353928096020942,0.570198765765326,-0.243585825598386,35.7406399461086,0.0634748849398755,0.174651235858462,132.295349762086,0
0.00622068747977422,0.000353928096020942,0.297239425840306,-0.684431551423246,213.835295219846,0.0580667855542753,1.55529182689778,5000.04884907822,0
0.0064266355711089,0.000609603002417256,0.665671026745514,-0.614559621027559,-32.436391727009,0.0587051354688847,0.273424491168023,325.475237930258,0
0.00638519869364161,0.000390866519753207,0.625006613191153,-0.843585686124471,13.7288892896052,0.0366826361171301,0.262152751007995,353.282217067324,0
0.00654679893212727,0.000869735253756538,0.708159882644509,-0.74109423889507,33.4336220137802,0.0534406865881498,0.34898503078814,468.451777259536,0
0.00570742945390128,0.00155178023905873,0.907991530787777,-1.32160700905553,684.719274575461,0.0852572667601701,0.941793279625566,2252.8861426903,0
0.00759882236565408,0.000836883034550886,0.131578372908381,-0.197881730039449,155.831664835863,0.0791969773015224,2.76761520842225,5000.04884907822,0
0.00890981508223475,0.00164564774194615,0.131336011849617,-0.977631182459811,157.100175216868,0.0974390774713766,2.7807412220954,5000.04884907822,0
0.00666876220095992,0.000353928096020942,0.535419252316929,-0.773379759044038,204.043881871745,0.0214817768661349,0.140601697739805,123.478956499768,0
0.00939473332183803,0.00127525072277848,0.076513742026205,-1.07204394262441,138.044886238459,0.103314571711228,2.29451476904617,5000.04884907822,0
0.00569297041346127,0.000650621432121936,0.231315705558234,-0.467712871206681,203.523685447119,0.094502906187935,2.39276843340808,5000.04884907822,0
0.00602692525094428,0.00188513282610286,0.917194644075604,-1.25626267412875,679.087071865325,0.0965761948736719,0.861034245108284,2020.41850726523,0
0.00656090038052138,0.000353928096020942,0.636434026852031,-1.51202366124665,728.889293958484,0.0647722050620529,1.3653774416558,5000.04884907822,0
0.00805214282610902,0.000353928096020942,0.504241368301519,-0.371202079023006,267.13110183951,0.0344856528937884,0.140601697739805,188.429135809886,0
0.00557155673397245,0.000495075931886323,0.444037026249865,-1.12432488241782,395.177276974448,0.0623900789213781,1.39651140102046,5000.04884907822,0
0.00946666464756388,0.000353928096020942,0.0712193995636614,0.144282610233378,145.343627254648,0.132727918512327,2.87759625164738,5000.04884907822,0
0.00707467501453243,0.00120706411646313,0.800597568372492,-1.00696801141876,318.997224046369,0.0567690145354625,0.678725880919705,1359.5218717419,0
0.00674543623525807,0.000738252704711957,0.693885085265754,-0.69513357758509,92.0390716080048,0.0631044757651154,0.400957774727777,464.964815050327,0
0.0064235350663469,0.000391932420717177,0.818153734139835,-1.85492596837703,1182.097120453,0.0370856435433591,1.84259832277613,5000.04884907822,0
0.0070292637084494,0.000353928096020942,0.511504454255141,-0.651326475386558,251.514467208894,0.0220293957276125,0.140601697739805,27.0295172052065,0
0.00907127094997188,0.00173956775805335,0.117559568459423,-1.42683530490955,152.393403754554,0.0969813516408295,2.36105898975908,5000.04884907822,0
0.00577607335374636,0.00139213370932295,0.162826687923118,-0.118729313384884,192.924222965958,0.118456098544669,3.67527040899816,5000.04884907822,0
0.00484556623247272,0.000882086337872745,0.890087817418671,-1.53429694027625,938.327394797842,0.0609275747456071,1.60731600586742,3782.94065381294,0
0.00947420393810386,0.00144844290560036,0.100233097673413,-2.03373953497592,134.274906261988,0.0720824852791534,1.73435195111443,5000.04884907822,0
0.00913392681438216,0.00061621591411732,0.0969577238291726,-0.805090644195539,120.142685921457,0.1019803761995,2.92214889515193,5000.04884907822,0
0.00751431432336303,0.00125968973773852,0.142337959062702,-0.369305428433025,164.989689112656,0.0981132483945661,3.01210264501739,5000.04884907822,0
0.00680088904984523,0.00189318034475148,0.976957417955376,-1.9966376603851,1345.54650787174,0.0518040847880601,1.73508022363157,4986.17512672024,0
0.00691123672798142,0.00153850630606752,0.870952151499983,-0.927367305727724,455.857956296599,0.0972621293236734,0.61272227481266,1324.29491130235,0
0.00697505581711196,0.000790881143120066,0.122573534353382,0.102371461126648,155.514723759069,0.0814300808263085,2.83829291931909,5000.04884907822,0
0.0096825843481399,0.00153813355012342,0.0993337174189727,-1.86057782937965,137.959682306663,0.0623565497312057,2.16035556784747,5000.04884907822,0
0.0110677413478044,0.000415739450781598,0.0711741352187824,-0.222283371757119,131.850981970298,0.108287703311893,3.29232239806631,5000.04884907822,0
0.00950685481095447,0.00132931673571643,0.0802473739366049,-0.78862607763572,154.556595464498,0.125555980826793,2.819157528317,5000.04884907822,0
0.00660871541290654,0.00206313374358183,0.967576981922142,-1.73881214603905,1219.82704683037,0.0627948815570019,1.68181885757745,4323.47586404364,0
0.00599252291840999,0.00152537419276346,0.884220758942291,-1.26741802466956,531.342829648924,0.0782553544937436,0.75605353107471,1674.29350100439,0
0.00743432961524192,0.00169762961793394,0.188106908739763,-0.412895377708846,200.722379909253,0.135891296945628,3.74251421282489,5000.04884907822,0
0.00737731278476639,0.00101332008939925,0.770726134339224,-0.651739613079126,47.0202308655914,0.0642544038969661,0.413967839875252,698.741688513897,0
0.0106338336131274,0.000353928096020942,0.077072866923387,0.436215545927474,139.023549498208,0.142914259248137,2.69827677039441,5000.04884907822,0
0.00658033283252646,0.000353928096020942,0.528181708988371,-0.565241784591446,176.962162146886,0.0323646401307267,0.161646873419275,9.92566354530845,0
0.00564136535187029,0.00129779273661417,0.196085136980966,-0.3261718560078,202.715742070279,0.118563111801831,3.49753352953844,5000.04884907822,0
0.00899448168158298,0.00082180136337194,0.131714922658739,-0.508802845090792,171.749933202993,0.146271208241086,2.6428888515633,5000.04884907822,0
0.00789762592627505,0.000353928096020942,0.525683218399675,-0.559259493268471,216.702395449021,0.0313239358497265,0.140601697739805,289.051530100182,0
0.00696390819562271,0.000353928096020942,0.307654783253044,-0.466848212145668,231.570698453238,0.0801421495462586,2.34290131139925,5000.04884907822,0
0.0100868935072874,0.0016625672017867,0.149117010792548,-2.72939965850884,159.48545227792,0.0668503624179938,2.58312120790138,5000.04884907822,0
0.00482775742306761,0.000934706213297518,0.385584493089503,-1.07838117451726,336.312008951117,0.0985033659831256,1.62686816872193,4965.29598611731,0
0.00614716834660119,0.00137997681837928,0.899920172062117,-1.3055448322682,701.04773941128,0.0843366503237164,0.991240393114912,2307.24086391791,0
0.00858545652769674,0.00162048868537305,0.122799535716459,-0.581459672296352,156.201626840746,0.102254263731344,2.7052300367517,5000.04884907822,0
0.00618733543364451,0.00141874400202943,0.953380289987627,-2.09752910562766,1375.0181951576,0.0417285161021295,1.85106684677252,5000.04884907822,0
0.00547832097140407,0.000508222567230899,0.430412135250905,-1.1003630171864,378.961575060381,0.0630650881422625,1.39907194156566,5000.04884907822,0
0.00618786071575715,0.00053973391036119,0.654350891011422,-0.748887392795557,-11.6326313485139,0.0467736031188725,0.276401628983453,328.822672848825,0
0.00912829882887553,0.000655457355258869,0.0803052739961074,-0.967078743360852,117.284535637793,0.0867118877204973,2.60287820237032,5000.04884907822,0
0.00644853490047565,0.00081997750669193,0.680393701255406,-0.829407495211463,35.2882765616053,0.0420601087453042,0.349315794506279,462.333117492746,0
0.00616432791206518,0.00147500233228109,0.899746487445127,-1.42928373066247,778.176894144031,0.0935939377732691,1.11220545851513,2719.37236832821,0
0.00644639402770586,0.000353928096020942,0.285505807595664,-0.611186951865543,201.26283004013,0.0562241440239407,1.61161109721654,5000.04884907822,0
0.00541077332878483,0.00101432186579241,0.872920311689672,-1.3022643302525,610.126120330474,0.0710019493503484,1.07524901738429,2501.3749373032,0
0.00942018751804218,0.0015158586194029,0.122884109701875,-2.3996270250546,144.025510593904,0.0825159854089733,1.87706744488291,5000.04884907822,0
0.00853353903136222,0.00167152408621503,0.163607776792735,-0.445974806619677,192.872899261068,0.14128760177042,3.19463697277552,5000.04884907822,0
0.00691302031498184,0.000353928096020942,0.545566357069208,-0.867485393051908,177.796804825654,0.0214817768661349,0.146847812575342,246.734615655431,0
0.00686203117535869,0.00184339977419289,0.871263404990574,-1.08887420661823,411.163972472161,0.0760925042767686,0.774419500811157,1692.51395851825,0
0.00917244174706727,0.00071516317494206,0.0846706351559431,-1.15247868019773,112.089543691014,0.0801750799564115,2.78635398043219,5000.04884907822,0
0.00926331914336486,0.0010038832268104,0.100471409277681,-0.435896196648127,169.848976754245,0.146338642193376,2.9190459474517,5000.04884907822,0
0.00758798724971705,0.000582180743006868,0.182112920675104,-0.612083608204591,179.559500741673,0.080416472243959,2.92419289396927,5000.04884907822,0
0.0098563787572079,0.000353928096020942,0.0680006793655612,0.330141007383861,145.669468931224,0.135701888380024,2.95363240081179,5000.04884907822,0
0.00501249389966169,0.000629535251251057,0.866276980319111,-1.37850109131496,750.364028854503,0.0658029460596054,1.39400318076133,3208.41000358223,0
0.00685487313710339,0.00153683505385563,0.857122183300163,-0.955280879088291,249.238531911762,0.0728844319594556,0.649694401831686,1392.77431566148,0
0.00659495406703439,0.000353928096020942,0.344818785665704,-0.765023373548335,248.160533051358,0.0681868537813551,1.75348911339337,5000.04884907822,0
0.00647846207340074,0.000462058771524748,0.651835416604813,-0.535251532621826,-17.4719850024647,0.0671455685781359,0.303633064105971,282.978119531055,0
0.00609644323337158,0.000353928096020942,0.625827474695827,-0.798743392533079,11.8978899125058,0.0388121201728042,0.253640603018757,286.699706318637,0
0.00754930866204279,0.0016088732083271,0.200261640420435,-0.8236969883911,199.88763304038,0.120313547180106,3.66688605544246,5000.04884907822,0
0.00482406889081529,0.000578081493914137,0.332909574871072,-0.973822392860744,282.921725173056,0.0920015601951515,1.68215802380043,4994.5728808085,0
0.01015620910797,0.000519840913418495,0.0697590443118018,-0.718926632935031,118.687479847186,0.0801539762974304,3.08469478908844,5000.04884907822,0
0.00668569303690731,0.000360296385858867,0.620382357428383,-0.490350725742739,-25.774970918084,0.0581222489276107,0.20454017067946,261.513091062907,0
0.00916174999250863,0.00120597923519219,0.0824954994872866,-1.05003468648204,140.324622142059,0.10919727526994,2.13891211618884,5000.04884907822,0
0.00560617442752771,0.000353928096020942,0.29549361187689,-0.765189944176589,228.510627421095,0.0694626630409992,1.55393341020913,5000.04884907822,0
0.00732386690729901,0.000993765567589025,0.694789338596172,-0.841648859974409,123.416453390805,0.0357025936584338,0.458548363055452,736.118372802624,0
0.00695394659408295,0.00174817843634538,0.899828439255075,-1.49129679585342,869.676945504661,0.0975832027718234,1.23622039949256,3056.25751752468,0
0.00646656211156403,0.00128203687959486,0.861574321144058,-0.952968519797917,341.455199272065,0.0744486004842669,0.595016864456918,1316.06985040707,0
0.00906933369563853,0.00177056323057561,0.172138525246021,-1.40351845430512,179.743114314244,0.110964843994592,3.45640900505229,5000.04884907822,0
0.00704263907628276,0.00100945797353481,0.710054799132181,-0.853627394149441,135.581344758405,0.037655515990554,0.457933728080671,704.063746614366,0
0.00641259448924372,0.000353928096020942,0.24828314671222,-0.410402010374691,191.970833350595,0.074484081704453,2.11181545003197,5000.04884907822,0
0.00560046985905887,0.000718622005997701,0.214645323401194,-0.480302181654659,206.381995815429,0.102183745902823,2.69075644533799,5000.04884907822,0
0.00686208023209263,0.00100508976834799,0.805380062766639,-0.886848619609342,335.178025997988,0.0620467773677305,0.533684385444775,1038.41370024245,0
0.00620614366033313,0.000353928096020942,0.363583200988245,-0.880262168835103,273.271389292086,0.0645357778021077,1.56087573690579,5000.04884907822,0
0.00927654139049114,0.00126296733160361,0.0789175166023898,-0.967167732582914,143.283400319548,0.112722603566407,2.3268776315935,5000.04884907822,0
0.00994552942662002,0.00144086181310214,0.136986098140833,-2.89949702726727,146.5140258898,0.0557636529116524,1.89573681804764,5000.04884907822,0
0.0065893360901683,0.000353928096020942,0.559840107609502,-0.746395359586138,128.503524420376,0.0299340643817006,0.144613481405781,202.773601114468,0
0.0078257881598282,0.00163944236817596,0.159683235791529,-0.178730059106011,186.305376638987,0.130428731759296,3.33049033480325,5000.04884907822,0
0.0054448638148551,0.000986742389785413,0.330515600907387,-0.984076118048486,276.563472575723,0.109402430560365,1.96163953307227,4977.50557362387,0
0.00514281983434951,0.00101471065384163,0.401258320316358,-1.0696780638763,341.757867228201,0.0983930298865037,1.60387390126144,4989.63647414087,0
0.00940996011973867,0.000727725016164804,0.074892827923341,-0.926046587597993,122.027418349254,0.0842309426800651,2.57526154983046,5000.04884907822,0
0.00745798246023949,0.000437015588476096,0.650401242511606,-1.34910406156008,738.256004098248,0.0462485397935363,1.53768045727556,5000.04884907822,0
0.0110239821195379,0.000538701400394417,0.079772872096847,-0.658833933393995,128.692508632488,0.0824389926356751,3.48355532413805,5000.04884907822,0
0.00898724173603493,0.000607556677510278,0.0888689262904008,-0.860662100924384,121.19725027233,0.0981832187218207,2.6672971309815,5000.04884907822,0
0.005263872491225,0.000935384841723838,0.385212685560129,-1.02574716238162,320.296903696778,0.0955335514611068,1.6310829330936,5000.04884907822,0
0.00716315139594533,0.000766885332645503,0.671755632262509,-0.482873835320856,-49.7911507719649,0.0702390156190704,0.276298192695421,353.185122844747,0
0.00663384443984938,0.00114755099454525,0.838359881117037,-0.883873133605589,268.274212430103,0.0658538405599061,0.559114299181773,1190.57395911985,0
0.01009634102405,0.000353928096020942,0.115368225075506,0.754879659944296,152.889076470189,0.159800045409316,2.72820537596556,5000.04884907822,0
0.00575018004957884,0.00175085653592946,0.905514107818579,-1.35888773860884,660.488893426704,0.0895576480298322,0.882672269460286,2015.34135064543,0
0.00682536829126785,0.000444850978206069,0.663310938802772,-1.50023101301138,809.227267918301,0.0429885116661218,1.52640504423811,5000.04884907822,0
0.0063570394631464,0.000353928096020942,0.234800843122328,-0.362429652967607,187.871022170237,0.0746167114139971,2.16019759060456,5000.04884907822,0
0.00990139898971449,0.00116873407898337,0.086921097203831,-1.43266014453147,130.731004868036,0.0699047398786929,2.41391547614344,5000.04884907822,0
0.00791220664870101,0.000353928096020942,0.614622869331064,-1.30151437017668,613.804593741267,0.0836295664843192,1.32484085097332,4784.78804032549,0
0.00931041246672098,0.000747227591710992,0.0821455942779264,-1.16781356662497,117.018466847194,0.075702344542085,2.60992597788459,5000.04884907822,0
0.00537150281111093,0.000721663835981487,0.450092395637828,-1.13476010512635,397.352385191101,0.0794182394277956,1.42634100704528,5000.04884907822,0
0.0091342673277985,0.000353928096020942,0.100251017243622,0.420250884318803,160.783565213645,0.152254845753648,2.94486152943157,5000.04884907822,0
0.00676656572422375,0.000353928096020942,0.302871293058087,-0.438224501484515,235.354319127136,0.0874087574295385,2.4234224502833,5000.04884907822,0
0.00926645722616833,0.00096024338223879,0.0933003124894612,-1.50646862636938,122.483070930895,0.0755991498479421,2.35424783780828,5000.04884907822,0
0.00870341948950681,0.00151972560744177,0.120586260042013,-0.846909586939802,172.855753293452,0.132315919008388,2.45775101200597,5000.04884907822,0
0.00715916967664569,0.000963711685542071,0.734594799295595,-0.658810271698044,5.13100713292727,0.0619328962956447,0.361025842475841,540.160480201856,0
0.00908848949741583,0.00174443585609832,0.148893518754747,-1.30643922377463,166.405307317178,0.104365646482569,3.06406765272147,5000.04884907822,0
0.00695634481662938,0.00129036665115368,0.841432116184486,-0.824631651748268,153.607862596531,0.0699663894618864,0.586323524390712,1233.61171478298,0
0.00747484813288586,0.00119433627071611,0.818921225661984,-0.596704958757238,169.942802891305,0.0825126697164106,0.48766621533609,950.467529849089,0
0.00909517732987811,0.00166224767587523,0.0840702295297202,-1.26024926244672,142.304370867333,0.0957987241227374,2.25705866760868,5000.04884907822,0
0.00717565496179179,0.000979002823703037,0.753570328867309,-0.762800188274331,225.072965013391,0.0664313661677443,0.468138200812667,715.367921775922,0
0.00576135689864984,0.000353928096020942,0.483625489046802,-1.1930647217612,468.8955498051,0.049544771964844,1.41919455003774,5000.04884907822,0
0.00873382223536662,0.00146597508694037,0.125825146396501,-0.829882926951125,176.611017234534,0.136480791162848,2.48397444921999,5000.04884907822,0
0.0090910466989044,0.00154349308790301,0.0842216023820889,-1.27590415468567,143.633181767753,0.10385378911244,2.09222001900256,5000.04884907822,0
0.0103818949002326,0.0013079071932114,0.0712406041581463,-1.17945365951413,100.566351730145,0.0807644713898193,3.19619215568949,5000.04884907822,0
0.00516810841445407,0.000741498505276849,0.876997022317331,-1.38751076418913,721.636843782004,0.0694879577976003,1.26267837202898,2948.78230596503,0
0.0111453396217906,0.000851823649732948,0.0757210934132953,-0.695421665207478,122.477812372755,0.092030417479631,3.39772953618272,5000.04884907822,0
0.00690214547907388,0.00101077647780363,0.77606569835093,-0.881655487717535,248.879745408018,0.0464315534912389,0.528030070331003,953.887074795894,0
0.00537654731393843,0.00154276433337799,0.931883729616892,-1.60119941155323,1130.46981586823,0.0605173069794228,1.74896295560717,4210.20544845225,0
0.0056714498831664,0.000819485666704018,0.433380330324518,-1.04022519816634,361.839591669599,0.102233919009421,1.63761262489044,4950.32863860544,0
0.00933603674511433,0.00111151058963985,0.120989566504455,-0.731961678238595,144.511512776854,0.0617428863122415,2.69626594831045,5000.04884907822,0
0.00611258615844629,0.000353928096020942,0.618219460822165,-0.563265718628391,-13.0028326313401,0.0537752321920705,0.225721083847411,203.838202539124,0
0.00693428611031519,0.000353928096020942,0.539006171939798,-0.450875983619231,161.330092720211,0.0394788914340778,0.140601697739805,147.850435416862,0
0.00530100770441844,0.000617241384417733,0.305198545084829,-0.867341995176346,248.041391709852,0.0878265034255703,1.71981435154251,5000.04884907822,0
0.00685054505124244,0.00169134497258816,0.8858434698391,-0.891516476920035,429.108050023876,0.099336962023231,0.628436847910762,1380.08317714148,0
0.00776677632358926,0.000673794327925469,0.214071758542887,-0.745153899670423,197.514174401047,0.0875451668006,3.13397251036662,5000.04884907822,0
0.0091609703951537,0.00149695888010934,0.135699896010552,-1.12852528534228,155.562621774659,0.0849480035666407,2.82385542677233,5000.04884907822,0
0.0062659219240643,0.00100001403655165,0.128676262636645,0.109030822560795,166.097513669391,0.0942186127151774,3.11826987845784,5000.04884907822,0
0.00646626934300963,0.00141703618202273,0.875462314910301,-1.00445379195634,427.037041040804,0.084135421093833,0.619007032984046,1387.00801000372,0
0.00509157744134092,0.000841267544621041,0.386985806046375,-1.04042030232118,327.366308071185,0.0864967265509489,1.52949933118221,5000.04884907822,0
0.00925019841533538,0.00175818342595001,0.162487732833505,-1.50545274376734,173.049594961181,0.104894109190772,3.30930776139969,5000.04884907822,0
0.00785516156461452,0.000353928096020942,0.497960091523529,-0.39103519373578,283.06802954242,0.0318966866137703,0.140601697739805,124.146124989825,0
0.00551752378993601,0.000848697408776915,0.310645878995485,-0.86038980717888,251.220325688125,0.0960551163153295,1.88427036194752,5000.04884907822,0
0.00785526984353004,0.000353928096020942,0.513288906095562,-0.256382946010072,222.850562555619,0.0436927539045863,0.140601697739805,166.804477852331,0
0.00736002359343556,0.000353928096020942,0.550074130742332,-0.268111195133278,112.120277125993,0.053764101713265,0.140601697739805,192.144155534531,0
0.00602735025919627,0.000368538738223971,0.233031396102881,-0.453558980202633,190.816447545926,0.0801406568440986,2.06817394354196,5000.04884907822,0
0.00926724850924003,0.000353928096020942,0.0691415974310245,-0.152813962403774,117.443844895575,0.113224311763286,2.65106070205448,5000.04884907822,0
0.00666525026501719,0.000821485151774141,0.853408661865892,-1.94002121327878,1222.86585306416,0.0406658550713522,1.72882870970951,5000.04884907822,0
0.00922469810335263,0.000756297974076218,0.0745219441693071,-0.709944774203666,130.460600274167,0.103143805632547,2.46345806491037,5000.04884907822,0
0.00596096840880843,0.00105411288058161,0.913976495401085,-2.20638637962773,1322.5757182306,0.0476852433980998,1.83615900218544,5000.04884907822,0
0.00920571617489416,0.000353928096020942,0.0788347589412963,0.346517514874848,141.781797936073,0.137790940633183,2.7116654049737,5000.04884907822,0
0.00613611694499907,0.000353928096020942,0.358080900895738,-0.8703712560647,270.443312876702,0.0704399534940764,1.60024206330254,5000.04884907822,0
0.0057824626628329,0.00089844723896226,0.296843657545805,-0.496145007378404,253.237530866651,0.117284705412393,2.79390460812713,5000.04884907822,0
0.0065600216826152,0.00177138379334454,0.897831240878742,-0.988388759211431,446.951202919508,0.0932781065616698,0.684086050023624,1518.36251205687,0
0.0101103947567789,0.00145850587332063,0.0780903021107089,-1.48062569281434,96.2026205535338,0.0734286757460539,3.28207448084744,5000.04884907822,0
0.00641080664125826,0.0015418270375954,0.898936017890648,-1.26061233415007,680.566780839021,0.0869244240996807,0.940940208583006,2145.32821887191,0
0.00842888220407484,0.00171267043890786,0.161627789107958,-0.531673179880579,186.791237015368,0.134285919881704,3.21448770259418,5000.04884907822,0
0.00995716970420962,0.000989744093401046,0.0952629033711025,-1.52301745203521,128.383567624832,0.0582389801605811,2.51832889989427,5000.04884907822,0
0.00901897935311012,0.00143211105807843,0.0940837756965112,-1.43885934027396,143.189146175539,0.103393970899891,1.83139831263009,5000.04884907822,0
0.00894529465262386,0.000602715288701297,0.0931289774479793,-0.783185803892625,126.96141818221,0.105492737887558,2.61896531859477,5000.04884907822,0
0.00604677946219237,0.000371477294446737,0.648059637131343,-0.720406356145778,8.39789999245204,0.0480195290405591,0.296886553083992,300.044528965039,0
0.00631708085930788,0.00079295753119542,0.26729980515096,-0.33117212910357,233.372920943667,0.107410935214682,2.92478913693198,5000.04884907822,0
0.00984026494038781,0.00118037576953847,0.088934219140298,-1.52284599372467,129.844832301553,0.06789878947841,2.31845313057306,5000.04884907822,0
0.00641128639532399,0.000353928096020942,0.235628218161734,-0.357806533700276,187.802084528983,0.0736539753077383,2.16937009109498,5000.04884907822,0
0.00654583728830422,0.000889561729587286,0.692063575422354,-0.816249548934471,29.4772913711322,0.0445410193409747,0.35292038905605,482.814953416219,0
0.00649536918892592,0.00173116920051996,0.865230597037348,-1.16508302101261,427.508032852956,0.0728415389135518,0.815396369218897,1778.77618676002,0
0.00647622030055699,0.000353928096020942,0.60915928706484,-0.389658443702377,-27.2971091614227,0.0680264672393258,0.24666872075283,171.488029322549,0
0.00627349636284334,0.000353928096020942,0.550917165050476,-0.589543621152688,111.935156961764,0.0374126437922766,0.207496170508797,44.9023166059915,0
0.00564004058418091,0.000930739701032154,0.279936490490766,-0.494633969121461,243.817835377909,0.116920904376069,2.84816947354799,5000.04884907822,0
0.00771686745076923,0.00125712846762062,0.903677558840687,-1.93311737055513,1235.44235060262,0.060184963866207,1.58419098882405,5000.04884907822,0
0.00967721248539519,0.00115251858597468,0.106820861516544,-1.93377503885531,109.525671622516,0.0560736985281783,3.32190593599692,5000.04884907822,0
0.0101706171351336,0.00180069099515279,0.175758488682193,-2.51933352554858,178.229213551855,0.090530649910025,3.47456818876151,5000.04884907822,0
0.00847981962695925,0.000525703661402319,0.718627578088425,-1.33216986329683,832.918840677978,0.0523763304172831,1.58029408306978,5000.04884907822,0
0.0069357139472489,0.00106649262918108,0.810969673664362,-0.782664898252788,164.049657703758,0.0593590174676574,0.507218926191104,1007.77414640039,0
0.00880761466186868,0.000653083165344762,0.793079020880222,-1.51133138893069,974.34672139106,0.0561025938836487,1.54062835328209,5000.04884907822,0
0.00921583496024878,0.00178151762771182,0.155626186994638,-1.4649199993911,169.863927973962,0.105626244612288,3.17929741737984,5000.04884907822,0
0.00774091725915211,0.00171376789717024,0.198987211555139,-0.865084010605225,200.52271004305,0.125904824629677,3.74125126812626,5000.04884907822,0
0.00937571884924177,0.00111439898633794,0.107876027595247,-0.503798941177634,139.796212889048,0.0595704369146546,2.89112027612089,5000.04884907822,0
0.00774374149317466,0.000951550236777568,0.70044914575085,-0.524380702852884,-37.6508734624272,0.0725551480116686,0.319299051932696,446.137099567439,0
0.00834082267169243,0.00164660276589287,0.11196792642217,0.410394108681041,170.4410843573,0.122437115084399,3.43398545999148,5000.04884907822,0
0.00913941745895803,0.00165326727523329,0.140828007474303,-1.76938040753486,166.123332948779,0.116691575206274,2.38067773157895,5000.04884907822,0
0.00715019740114731,0.0010288737578659,0.795703035938341,-0.708433794936769,103.474569296534,0.0608234085555892,0.462280510664597,864.335464608915,0
0.00734685062251009,0.000353928096020942,0.270469896641442,-0.455822192505161,224.105442067455,0.0852082142043661,2.81571049563351,5000.04884907822,0
0.00683423706564882,0.000515315943327131,0.625976518478802,-0.840811581504729,-2.80022978201316,0.0390839701137108,0.258821296995532,433.817568952383,0
0.00628397359286056,0.000725405034836671,0.684872139251091,-0.781412890747342,42.9461366896904,0.0473347591243526,0.346531537306332,425.092222603532,0
0.00701896462738842,0.000904873114557142,0.670407443925134,-0.838079919970488,15.0294742878996,0.0410842338701496,0.349169726488619,553.366507265423,0
0.00914328096436877,0.000353928096020942,0.0945304902817778,0.168838248129718,135.460591025768,0.133608103883437,2.78768415920476,5000.04884907822,0
0.00668794737112257,0.00112852764749168,0.83686789026659,-0.860438484233266,279.68512285166,0.0676555861591688,0.543878582143378,1156.50355755178,0
0.00677081285860913,0.000353928096020942,0.340803505627036,-0.727530852476335,241.16572664708,0.0657322856185501,1.80461480430654,5000.04884907822,0
0.00667555574063699,0.00149200111487557,0.160086435785344,-0.0428565779811426,188.412772219811,0.123558173138182,3.55718755509521,5000.04884907822,0
0.00572088772544356,0.00163771468435778,0.892629608489861,-1.39359098898549,657.462243367074,0.0857063389683959,0.918615144413491,2043.03460966573,0
0.00982574864620112,0.000955082263374417,0.0717272753663,-0.750141033102271,101.940108257336,0.0986168688398665,2.92991280821898,5000.04884907822,0
0.00577345886179782,0.000795754400438139,0.828000326964287,-1.18552776311714,517.711458853977,0.0647071901325857,1.16366780784286,2569.802302653,0
0.00614278848098077,0.000992145874470868,0.144060492791969,-0.096543261651101,171.349303413044,0.0958968065093367,3.05270488297126,5000.04884907822,0
0.00682786025148876,0.00114662626556222,0.817927487766271,-0.878913030780195,221.574413044978,0.0590580695753968,0.562528269446668,1149.63386705715,0
0.00672423101830477,0.000353928096020942,0.542717515366989,-0.340039471055105,72.0897683853917,0.057802395423854,0.23000114189424,4.48972369439343,0
0.00624200651578751,0.00130729051660974,0.863997771331555,-1.21235221740882,533.137472924666,0.0771311464313275,0.710041589737383,1532.00277303799,0
0.00698861831483917,0.000910588497801191,0.235101999382752,-0.508764124555392,213.606263244326,0.102421060593554,3.15016685391777,5000.04884907822,0
0.00894451692183226,0.000353928096020942,0.0986282560511088,0.0817298219122012,148.609933834351,0.138493376219119,2.80401096029286,5000.04884907822,0
0.00593132434790494,0.000374261986440068,0.453367608955056,-1.07980737225873,383.496608848765,0.0778792520844469,1.48914579372755,5000.04884907822,0
0.00673838545794233,0.000372026663252707,0.330956077060017,-0.551054063075418,254.731836569639,0.0893253473874188,2.26390328749117,5000.04884907822,0
0.00684214831740885,0.000994853215710142,0.762505233455039,-0.827612650568606,184.264977667997,0.0499793857696386,0.459189415015517,763.281546473405,0
0.00594230699422177,0.000389789519147583,0.446115510814077,-1.05043719978816,372.401823524106,0.0840861519558596,1.5418345616813,4985.39566664552,0
0.00667286270462625,0.000353928096020942,0.486651771061046,-1.09797475596211,410.949495918753,0.0639670931073396,1.5405396489331,4975.61036009299,0
0.00928852153468547,0.00057503189898228,0.0728628912229783,-0.851193111053651,112.261596088691,0.0846528819515447,2.7226574038715,5000.04884907822,0
0.0103782938977868,0.000701838665458597,0.0866194115034954,0.0422006825225233,122.241195765285,0.132783053146421,2.69081518369774,5000.04884907822,0
0.00610163780927032,0.000446765989205411,0.649197633073598,-0.714060572316647,-11.1739072651345,0.0484425405904169,0.270030265876969,298.784232470634,0
0.00539109937349525,0.00157005233447769,0.927501772391894,-1.5433324572983,1072.47552080803,0.0652962433863251,1.66256651144687,3934.28069741091,0
0.00738348428617237,0.000353928096020942,0.526077575466655,-1.11258983931113,453.825439909057,0.058920994650612,1.61029830894367,4919.73941887633,0
0.00632203442099582,0.000824996133756184,0.25991603616022,-0.334987243931995,229.011390052154,0.107296060902911,2.96104951256514,5000.04884907822,0
0.00942560281343848,0.00160561245341351,0.0888731367794253,-1.63647000850141,136.949934828927,0.0766773655525954,2.12866285047605,5000.04884907822,0
0.00752151115013554,0.000723549617301842,0.1324047400018,-0.16381555945645,155.987165334177,0.0763090842855064,2.74536435950132,5000.04884907822,0
0.0063702383221856,0.00167072196732473,0.862303634833254,-1.17916002859031,464.937536865779,0.0721813007505287,0.879892399225987,1934.6851468874,0
0.00599783506740669,0.000520861641263036,0.239788418874985,-0.420223313333388,198.803746058714,0.0864131905366107,2.26314410904639,5000.04884907822,0
0.00782205534114545,0.00150735327988829,0.911384501178524,-1.78093553675286,1253.40493866868,0.0511658917703955,1.70913619306019,5000.04884907822,0
0.0069871769115195,0.000353928096020942,0.456525983424465,-1.00424313937997,361.759952066733,0.0596770479251193,1.66829426439975,4966.04723609639,0
0.00656570205762913,0.00130520253462997,0.863604255687765,-0.90847852658315,342.569300351551,0.0788335411941828,0.582485166696179,1292.30258901641,0
0.00644407432957662,0.000657923756933953,0.401957261288724,-0.807601420452778,327.44957539308,0.113883401421771,2.10530594851763,4926.33210043795,0
0.0114161132853285,0.000474611659724179,0.0781639228503446,-0.224184192158774,137.320899777338,0.111038325410662,3.40044612201666,5000.04884907822,0
0.00540084901003258,0.000806088222639831,0.208003843943217,-0.366228252714545,203.382001940853,0.103671502968297,2.81406274085384,5000.04884907822,0
0.00986657561118361,0.000353928096020942,0.0798437277010724,0.548910722378642,135.150773734261,0.144052938028409,2.57712932796896,5000.04884907822,0
0.00618452437629896,0.000837221738572095,0.866881983781928,-2.14078302464762,1242.65620937725,0.0602731315259053,1.83785531917252,5000.04884907822,0
0.00967399350860813,0.000353928096020942,0.0953000954364366,0.55814490869752,139.452170547456,0.147195446619322,2.6780578213727,5000.04884907822,0
0.00649797308460305,0.000353928096020942,0.593457821774066,-1.33398748360265,685.246215530607,0.0402073797198071,1.56140360485977,5000.04884907822,0
0.00962046215356227,0.00125724122396998,0.0745587017626333,-1.05494133918589,136.730737283084,0.0982053623793443,2.46716772608119,5000.04884907822,0
0.00692405883969755,0.00173224886352544,0.866753106875358,-1.01863458014344,311.137218106772,0.0755292452456007,0.701954926544961,1509.71751294589,0
0.005715159513729,0.000748759622631001,0.248220548445462,-0.409069463005151,215.59133989028,0.100997898922165,2.60439243761358,5000.04884907822,0
0.00831581563183974,0.000725636191861178,0.79386678762178,-1.5690063614013,1000.4347653174,0.0524758842895772,1.55463306546546,5000.04884907822,0
0.00761404590148511,0.000452120637317929,0.256600101739674,-0.583698621472471,220.490331528128,0.0881608574280648,3.00951239823581,5000.04884907822,0
0.00891736983826105,0.000398387968161126,0.087249652268553,-0.313546563255379,136.385760335102,0.12138391020743,2.59947484649738,5000.04884907822,0
0.00516866676228712,0.000713306996867413,0.859594742272192,-1.35686784963312,621.646090683763,0.0674838011911705,1.1854712126144,2751.23906480924,0
0.00719496257776811,0.00103899780816785,0.798370873052875,-0.727745548059203,72.0397003291127,0.0583647504576816,0.489606997972432,944.058804667352,0
0.00525040329204328,0.00113845242807555,0.924900241829963,-2.05622567330033,1222.1487209525,0.0469803633760058,1.81375073961974,4829.63426458377,0
0.00847603794407704,0.00133756758627175,0.114383948840407,-0.265097665585308,147.429253105785,0.0856706451880432,2.67521784028902,5000.04884907822,0
0.00800836793198628,0.000353928096020942,0.491092146347928,-0.019030367014561,221.013778903174,0.0576434473882412,0.140601697739805,6.37924298529742,0
0.00809830988834816,0.000353928096020942,0.646282367911871,-1.36203284861435,678.610897117516,0.0812691565955643,1.32305807018667,4800.94220865687,0
0.00719329936534725,0.00078063608069865,0.669891828227569,-0.742776057154577,-57.5401434140372,0.0514405722276068,0.28411196602622,467.894966337628,0
0.008681176025736,0.000353928096020942,0.493939920985121,-0.615241226933614,320.341501771541,0.0214817768661349,0.140601697739805,313.542949645511,0
0.010297073784207,0.000630471699098202,0.0634144414224675,-0.289902900571299,113.239556203484,0.11060114042391,2.82373764999221,5000.04884907822,0
0.00786105110137049,0.00115120397706856,0.796666412585281,-0.542289875644875,75.931742840499,0.0802519360161139,0.467577436038031,850.211709888322,0
0.00539416430172604,0.000828072371138978,0.328882284763992,-0.91388862819151,266.045888395022,0.0929141762763928,1.74957594943872,5000.04884907822,0
0.00598486795837094,0.000816541529795441,0.324052489390192,-0.670095757560545,257.680737144374,0.103047805801414,2.24845737409156,5000.04884907822,0
0.00621219682000998,0.000595257594735991,0.172973893991776,-0.257476985038904,178.130017850206,0.0867076536651876,2.74571861946574,5000.04884907822,0
0.00514776559507141,0.000693950140217285,0.86304478311851,-1.32168646989073,755.463399308027,0.0667758696843316,1.41511404854455,3209.67427407226,0
0.00649772655470441,0.00107657264215801,0.835351255037827,-1.04449014417923,431.097542448584,0.0665419300067521,0.617421732632926,1301.14262550646,0
0.00868344542900471,0.00159574493513821,0.0940513570746297,-0.2822341881447,144.816442808241,0.0947909634490151,2.72076206761913,5000.04884907822,0
0.00781844870732308,0.00108931310973583,0.77376350428084,-0.736741237206363,24.2533333517646,0.0558152041711716,0.498695367770399,1022.83569152707,0
0.00759313832818474,0.00097751394786496,0.789766323887992,-1.56660948719377,1052.85742220277,0.0450928486068733,1.69950126663552,5000.04884907822,0
0.00605478117715579,0.00137061122837342,0.876797879905374,-1.1983620317967,579.477121793283,0.0752092346684528,0.96133352921359,2180.61034172829,0
0.00681708460209084,0.000353928096020942,0.56205639646822,-0.195309095485449,33.5225640364368,0.0680096338308699,0.194279978563444,88.1544496530278,0
0.0059782699314023,0.0018105238098209,0.912989236823445,-1.33159351245652,727.050925402386,0.0982416170784378,0.940398088243549,2227.7005708833,0
0.00983895834075612,0.000353928096020942,0.0797843266887361,0.273061384493277,124.898826702852,0.134611225720404,2.61496532740637,5000.04884907822,0
0.00712871057755784,0.000353928096020942,0.525545862914411,-0.399183727423083,195.217481258035,0.0387543969073266,0.140601697739805,125.566986391069,0
0.00768849187770667,0.00217094581775858,0.962451946726759,-1.67318853518704,1221.4708129073,0.0651076724136088,1.67539088667339,4385.10144722236,0
0.00730562050399125,0.00203964913384873,0.959329369420021,-1.72868832067123,1318.42381568353,0.0556210102985284,1.82074216829631,4965.92787991172,0
0.00952560197505348,0.00133390557081669,0.103997530068249,-0.968197135043417,139.733478041445,0.0603366664119508,2.80537983671622,5000.04884907822,0
0.0100973548357509,0.00159044250108126,0.143723240795648,-2.64436511156768,155.888177590921,0.0594596655582632,2.40494904402695,5000.04884907822,0
0.00692607311107951,0.000353928096020942,0.570785211520162,-0.772488282368036,91.3589519958362,0.0330085565803355,0.153367112728719,303.296350443398,0
0.00899204222211104,0.000751891903171371,0.113324907650341,-0.890956900250374,141.218214231622,0.117271771661689,2.57657996688814,5000.04884907822,0
0.00647235246371331,0.00169643653139779,0.891242354701571,-1.39736848140407,766.187921984214,0.103865988448372,1.10469274957667,2590.41077833788,0
0.00636281976014027,0.000353928096020942,0.565212130065982,-0.472113230095341,80.7329362056765,0.04581877179454,0.154152884516067,123.363383696018,0
0.00666198961371549,0.000458989551822966,0.343628467024769,-0.547411480698588,274.448482585836,0.0992597063338865,2.36340189324288,4987.61675667906,0
0.00699369060217863,0.000976681652269894,0.221922126477583,-0.540976520576052,206.223841806362,0.102345439974394,3.19626363379509,5000.04884907822,0
0.00654113951484822,0.00170831449329243,0.906656492887933,-1.3450598810222,779.514203776472,0.101465098702329,1.03913344362796,2514.47223347696,0
0.00829349740299549,0.00104646373092056,0.816321682941976,-1.53640788251423,1052.44333432376,0.0521848169711205,1.63718016120251,5000.04884907822,0
0.00653601544427438,0.00121206834152312,0.126400035721958,0.231391686011269,168.422726792777,0.102869650117947,3.28233400598583,5000.04884907822,0
0.008424085000854,0.00139617864995161,0.13738947630835,-0.650988607403012,159.123317907653,0.0935451921969896,2.89850456554844,5000.04884907822,0
0.00720026341958229,0.000597660934023339,0.641761904965066,-0.691512022432398,-46.2087771119945,0.0514099375508161,0.236751012853828,410.913697217445,0
0.00972331593505374,0.000710048995121524,0.0783156881529712,-0.228532468430811,157.825168484875,0.135766169664065,3.17822967249782,5000.04884907822,0
0.00998372202866942,0.00149067685199037,0.128818729905192,-2.64773787313354,145.805833308761,0.0515035133012011,1.88267978329125,5000.04884907822,0
0.00897067484360712,0.000353928096020942,0.0895573764446816,-0.0333396635767793,134.131849004108,0.126907853365333,2.72898607406422,5000.04884907822,0
0.005902184570776,0.00158208970804327,0.896517787299314,-1.40465119658918,736.180023617827,0.0948860089072505,1.04698413447983,2461.62205659895,0
0.00565445786480188,0.00130364761587791,0.94976064686451,-2.11168537515,1337.78911866135,0.0420146356831277,1.86725098671537,5000.04884907822,0
0.00759362400963875,0.00170842036277226,0.941705929969274,-1.99605117120664,1289.78362138217,0.063547248066568,1.61937020112171,4989.3646356229,0
0.00632369609168315,0.000849698805755599,0.372943745376055,-0.717439870827884,305.067450011485,0.120779094809518,2.37733814004339,4950.79393186857,0
0.00559118970852559,0.00111329186736829,0.888310812726695,-1.9430957187997,1082.9238827646,0.0593281986395914,1.71385740605541,4402.28567644438,0
0.0054975847803775,0.000583388812618545,0.476490154691585,-1.21071225083248,445.502854877004,0.0675739149361735,1.37085190619202,5000.04884907822,0
0.00898721270347759,0.00163649678879618,0.0867513042802769,-1.21800087697257,145.820957313657,0.103352694651548,2.18754240700037,5000.04884907822,0
0.0076421093696271,0.0019226574894861,0.896684547600609,-1.21930818172943,764.270413617246,0.108265226114287,0.994242862826678,2255.0022932726,0
0.00788155507308295,0.000353928096020942,0.615859510016357,-1.30917224666597,617.571144250864,0.0821806962668963,1.32429255302796,4802.54582815734,0
0.00818182740664842,0.000716719093686921,0.155896839298116,-0.657813907204887,165.285981964709,0.0749833928107362,2.86355264312253,5000.04884907822,0
0.00776764933501902,0.000353928096020942,0.602750232024719,-1.30416185912495,596.929222231811,0.0673575922791187,1.37364694628912,4925.47256224777,0
0.00480584494260852,0.000786347858436567,0.887887568462816,-1.57543756177427,907.201329820553,0.0609129126709278,1.55171351860905,3702.11871703659,0
0.00810352611010167,0.00154222041253553,0.919749862225361,-1.90793327580892,1236.3656788158,0.0676650176184623,1.57248442686802,4919.35609551898,0
0.00857196630687327,0.000653858490659653,0.139695613565012,-0.510793316007725,154.926916759017,0.065090493236143,2.72120616958255,5000.04884907822,0
0.00537050428204995,0.00103949097272446,0.905016475209414,-2.04000766146418,1175.25059750275,0.0499188035170268,1.80180602335256,4742.08691706114,0
0.00744922627811165,0.000353928096020942,0.502726722231789,-0.17492827696446,168.742418356291,0.0563477101952103,0.162826634128154,-59.8215747618733,0
0.00702646768297075,0.000353928096020942,0.67417645655697,-1.55370915987399,803.064835180139,0.0521038154875121,1.41354335081024,5000.04884907822,0
0.00816949968106757,0.000558594516351781,0.11652883320801,0.15011147256795,145.550658510849,0.0638262306363777,2.77200718846573,5000.04884907822,0
0.00636698897327629,0.000556212670457288,0.81830479334911,-1.95897119978828,1141.51125594815,0.056005225684396,1.60805576306615,5000.04884907822,0
0.00935642734885177,0.000858146917901382,0.0923971990827423,-1.48217344841208,118.011478978365,0.0673596576358314,2.59915303331611,5000.04884907822,0
0.0106225939138868,0.000822170439896867,0.0732534882252168,-0.919113287368026,114.494664847987,0.0773363017719297,3.29214949157108,5000.04884907822,0
0.00901303880133373,0.00136060564167198,0.152573200093976,-1.17556859193088,180.573771651784,0.138669999754653,2.48912532779436,5000.04884907822,0
0.00895474887783492,0.00133371784036077,0.859469414354822,-1.49750222079967,1100.06571977251,0.059043651562766,1.65426109888828,4926.06893933477,0
0.00620649554526146,0.000353928096020942,0.553879990127487,-0.549250295499396,105.728604825158,0.0397040907019081,0.182158401559502,55.2855487407242,0
0.0069967056430614,0.00100130547226949,0.778941595323702,-0.803343826959517,240.871660469407,0.0603146608236078,0.475262178589914,828.56522288931,0
0.00747419869677782,0.000726482831974568,0.18814928421063,-0.627076349259904,183.90580036157,0.0864086872973386,3.02441260407602,5000.04884907822,0
0.00676986419075038,0.000959094645358957,0.143639231522722,-0.199300832148365,166.521306037476,0.0910021091224509,2.93948091389339,5000.04884907822,0
0.0109367480235493,0.000884666385874709,0.0835474510470102,-1.08667922024529,119.142404547292,0.0687552758686795,3.48486197907434,5000.04884907822,0
0.00671982150029524,0.000451294973825375,0.255320937092066,-0.362697230197142,214.323737262756,0.0898395385178887,2.7170755713988,5000.04884907822,0
0.00680828419995474,0.000353928096020942,0.37499659889627,-0.731417670933502,290.370355654292,0.088435740998702,2.02738315396699,4981.24743572945,0
0.00676713055780001,0.000353928096020942,0.290111301966596,-0.399957483977976,227.977230341216,0.0867602549731447,2.49150296376353,5000.04884907822,0
0.00509569390105978,0.000479257916764917,0.414786793056652,-1.09490201768052,372.850403073396,0.0627902446503681,1.39652149122979,5000.04884907822,0
0.00645661206039915,0.00195224296890184,0.911030194068156,-1.09781136241706,568.155704981001,0.100563471781655,0.740060799958633,1671.63849655131,0
0.00670048796969865,0.00206692296459776,0.914273575087869,-1.20769929789595,743.441140944577,0.111149636596375,0.908279175943248,2106.73283139904,0
0.00721428865819211,0.000552065736296297,0.624808743100085,-0.314102687883535,-40.1865021665764,0.0737041036919561,0.227730003063174,258.891709470729,0
0.00625785854988022,0.00167293057738181,0.888479900148213,-1.1280616995688,423.76972248799,0.0779557924130363,0.730325910054196,1627.48313225654,0
0.00595771742470845,0.000546718924160448,0.207477315999956,-0.293006240097341,191.537382537745,0.0898307549142698,2.58795603149798,5000.04884907822,0
0.00651760380638422,0.000472501165654448,0.787136515891639,-1.86814708708225,1077.43588546897,0.0486719277679891,1.57140789369693,5000.04884907822,0
0.00676647936464415,0.00157050567063026,0.901398564003464,-1.30090309867037,748.347934836778,0.093678927656445,1.01154866881492,2352.64332820557,0
0.00902296395866888,0.00140043942923982,0.125895296414355,-0.839971072124466,150.270523855399,0.0805446410940057,2.70028637064922,5000.04884907822,0
0.00642634275115626,0.0015475754570968,0.903479938073919,-1.40485616541543,794.169834180037,0.0955905368275511,1.10196756613165,2699.08992671127,0
0.00723309001501514,0.00101783624143931,0.79642997896285,-0.69129486513794,73.9179745844086,0.0613662675251612,0.465991677511438,876.039861141251,0
0.00617302515112844,0.000353928096020942,0.575178728180656,-1.38677760798499,652.288747811466,0.0439619724652998,1.47230667320036,5000.04884907822,0
0.0085354446124022,0.00180035301250348,0.193946318435374,-0.561781724651749,206.58933798938,0.146653118115564,3.62361707716032,5000.04884907822,0
0.00592726523687051,0.000809255442739917,0.305404953769255,-0.652475354853572,242.194132228123,0.0984984570273093,2.20740930854462,5000.04884907822,0
0.00576419556685334,0.00154719051283747,0.876515231009753,-1.31574025604113,542.141629544589,0.0729859476812059,0.904223130728537,1987.81968128421,0
0.00926035155032052,0.00143985077349808,0.11136498745974,-2.08334513579011,139.983367624617,0.0866347184996473,1.76331851582957,5000.04884907822,0
0.00622146924725547,0.000648738172749712,0.270363236406768,-0.350138807050953,227.071773078689,0.0997654294982426,2.68018103985766,5000.04884907822,0
0.0049248526996421,0.000430640947576346,0.856995500258215,-1.51736259903407,759.961009833304,0.0615445140335747,1.44331706694955,3415.52197813385,0
0.00987821707137671,0.00126831226822219,0.130197535621033,-2.66826189143767,138.959594087807,0.0519431914109649,1.90493916819215,5000.04884907822,0
0.005350386102311,0.00125947739379574,0.882119599326299,-1.37381438740784,632.434150082362,0.0748300658147456,1.03265420500262,2396.29341203273,0
0.0081977241912367,0.00161869597998156,0.126185012824329,-0.162184868004,166.145229098136,0.116485345318474,2.86794097319256,5000.04884907822,0
0.00682894174910966,0.000892410264263372,0.706219070381893,-0.715269596659348,-19.882371976741,0.0547677685546577,0.329340611753592,469.412582371356,0
0.00910212295697549,0.00168647745616356,0.104881767020233,-1.66209380658224,145.920191516782,0.0925619126475322,1.98824434112009,5000.04884907822,0
0.00930738317003731,0.000835556616468551,0.0768644923279852,-0.499552539530675,145.303879106214,0.122629661606443,2.66306086838727,5000.04884907822,0
0.00584650146977658,0.00135345825522118,0.260725629479832,-0.345126270989492,243.635834485211,0.134121335551866,3.61065560056811,4969.40534307734,0
0.00839943345800237,0.00162582534210748,0.932155330547873,-1.8668716955017,1240.55118338043,0.0630306901805273,1.58369507306624,4861.08830632202,0
0.0053516714115169,0.00105559241097011,0.882698687464252,-1.44064697536513,695.997033250294,0.0772710622623712,1.12953353345976,2702.36158708148,0
0.00930962618498222,0.00139835091263912,0.0819714152458845,-0.892098710143172,153.36371531867,0.123117598045458,2.61625996159965,5000.04884907822,0
0.00652818686613283,0.00174858400749339,0.920968013981444,-1.6439740042034,991.126372386255,0.0797851911067453,1.38521958496774,3489.83894140864,0
0.00795592402239555,0.00124594573407727,0.208779510030945,-0.912383788406131,200.016938749081,0.103644846894306,3.46451969247811,5000.04884907822,0
0.00611523982136602,0.00125797607553167,0.857759006121428,-1.16029883479551,542.490795009012,0.0715812109118714,1.00862739364074,2285.02008477867,0
0.00759064951171749,0.000470422988389803,0.616126978194173,-0.747332517391162,-20.1504769578271,0.0455726944034305,0.208321095645097,476.140658712645,0
0.00989758740245584,0.000353928096020942,0.0651148859583926,-0.194931301112037,136.867949604283,0.11151128529871,3.00306702083491,5000.04884907822,0
0.0057616714575094,0.00104976314442398,0.309907845158262,-0.843558880918199,258.023992226611,0.113199363911363,2.29704166933342,5000.04884907822,0
0.00604272839836152,0.00177421498811342,0.914869522414969,-1.27681964381018,709.875852921371,0.0951820231426012,0.909176251021639,2163.3991171985,0
0.00754900603223643,0.000353928096020942,0.568167716678037,-1.18633950219181,528.655861129494,0.0566647817892436,1.53467152445502,4944.99951063704,0
0.0056139275408804,0.00117458405371544,0.89273289957239,-1.32293046443541,667.911738729214,0.0768887566272994,1.0243993757715,2418.34219685195,0
0.00622527246363132,0.000353928096020942,0.575697209261425,-0.487951257027714,53.5616821708024,0.0480056672702264,0.172369032426453,125.415380546327,0
0.00593713285065568,0.000449046934867194,0.378919698960426,-0.934699250339388,296.566699746711,0.0747157840171118,1.57119616084784,5000.04884907822,0
0.00584400708695446,0.000353928096020942,0.550580347253998,-1.39487870729768,604.774643848879,0.0514185783397223,1.40044193942278,5000.04884907822,0
0.00643633225567634,0.000433889034799509,0.639641917447918,-0.546682057644181,-38.1696689239197,0.0587200909233832,0.234556371272237,270.90134912176,0
0.00704712774200345,0.00130590265406221,0.91330580481539,-1.963404468729,1304.02163232163,0.0444636375882059,1.7396930095257,5000.04884907822,0
0.00685845102272405,0.00102913360978308,0.728558409928451,-0.833432400882708,102.144514316844,0.0435269625131996,0.426640441619738,652.901965658529,0
0.00704080759929298,0.000353928096020942,0.655655561102132,-1.49787323862711,744.904259545589,0.068544774828588,1.3521730498282,5000.04884907822,0
0.00990125365842795,0.00154413330608888,0.152472414064546,-3.02257414367635,155.184506745679,0.0760205935816759,2.31802355717201,5000.04884907822,0
0.00909113739992131,0.00118862392439514,0.111116248938606,-1.65496107292672,139.518145248157,0.100411868061941,1.97053895274808,5000.04884907822,0
0.0072529381628427,0.00146266164833245,0.830240643353639,-0.906815089202961,197.894442697179,0.0683185725712311,0.621784491752503,1327.1243589713,0
0.0098947266063933,0.00050867830678836,0.0813435664385924,-0.0199323359489539,118.001013977634,0.126187383976878,2.70772089418329,5000.04884907822,0
0.00616958450283931,0.00065019653176516,0.286795460829998,-0.421541397240555,234.057691171557,0.099321571718969,2.53652054477772,5000.04884907822,0
0.0057419975508788,0.00131046887815337,0.928828091156565,-2.17085418658687,1288.74850779129,0.050313154922653,1.81743090130825,5000.04884907822,0
0.00658097699099445,0.00192675413557624,0.95688387187751,-1.69870584849872,1302.04592434212,0.0548541846690407,1.87750930068249,4850.8602651068,0
0.00902382959564717,0.00147083071691377,0.1937858099195,-1.46011449666953,190.524659594578,0.101468985441634,3.63402820656973,5000.04884907822,0
0.00935092262899535,0.00144545415228823,0.182445704451484,-1.61370095862136,182.165852567965,0.0941341447869444,3.53720227550441,5000.04884907822,0
0.00523228747651776,0.000353928096020942,0.815555027388208,-1.31451921367553,710.287177333678,0.0562310507950573,1.57811022026184,3534.14614802726,0
0.00694437824786443,0.00141029720973729,0.130404411975131,0.411226020176118,177.831746519457,0.113840143297533,3.60308341591841,5000.04884907822,0
0.00747873049293303,0.000961378799342416,0.743356503804923,-0.670112160941954,-16.4456596367722,0.0608283747675298,0.378405322230644,604.448861214174,0
0.00882037810778065,0.00140831478126733,0.109133003224419,-0.900876721795685,167.33927449652,0.132304102239244,2.35166565234752,5000.04884907822,0
0.00892744079897959,0.00089977102832528,0.115158618140968,-0.90915327108775,151.460185202465,0.12565616130583,2.31077327508703,5000.04884907822,0
0.00634763169367289,0.000353928096020942,0.326415870013369,-0.755109437676253,237.715780667036,0.0704570926533547,1.70806217626903,5000.04884907822,0
0.00718402514009323,0.000777871838397517,0.24403393779316,-0.525625510524809,217.250832893573,0.0985552402257434,3.09679002554468,5000.04884907822,0
0.00682587722769719,0.000353928096020942,0.54954034809891,-0.892474459040967,169.137014885179,0.0214817768661349,0.16572692683924,249.458945703399,0
0.00687548807884489,0.00109491259548239,0.824794430703978,-0.852744881063054,329.19584012606,0.0705933973688537,0.531278385337272,1089.50960421998,0
0.00646611536022515,0.000353928096020942,0.433921777469914,-0.999688955909024,345.318291729993,0.0674219238340847,1.59060917026481,4993.96261243179,0
0.00640593803930705,0.000353928096020942,0.560181033095824,-0.496597742749677,61.3602406508253,0.0498210926885404,0.249894506784192,54.4117663739962,0
0.0092680781177939,0.000353928096020942,0.0740327690710576,0.0375526430358299,121.987024523194,0.122109765740557,2.64712299198448,5000.04884907822,0
0.00666887892574792,0.00175112380088694,0.88254658738269,-1.05100564005865,382.947785026046,0.0798716116892346,0.727976056538526,1570.12097219158,0
0.00630222852658952,0.000933845018762617,0.881155415764592,-2.11663394057879,1269.13943712945,0.0562394266852174,1.7179460433284,5000.04884907822,0
0.00569959909152354,0.00173052377428674,0.909327941688956,-1.31886980549493,637.244148957769,0.0861042338228696,0.872107286752779,2034.57779008435,0
0.00753969326217906,0.00190688449929561,0.902456142935837,-1.42066552774503,874.296760142016,0.0999725014928562,1.1985917972276,2900.48503492783,0
0.00611825147659984,0.000353928096020942,0.40342026484739,-0.969874167845049,318.384830666024,0.0696748966721189,1.54946961934678,5000.04884907822,0
0.0090975613268494,0.000353928096020942,0.120386209649431,0.0191962705991293,153.051551963893,0.14088875698506,3.00239291900841,5000.04884907822,0
0.0100539420200616,0.00148776777344294,0.148038703531231,-3.11800981003733,152.491220069599,0.0587348845955757,2.10076405400143,5000.04884907822,0
0.00635976033179527,0.00172924455950074,0.879730203803827,-1.15674633800767,492.061162666834,0.075936992810954,0.841273795223501,1879.27999542322,0
0.00961281116766202,0.000353928096020942,0.109469554680037,0.67399886871622,150.811591474395,0.154663085496811,2.80404436789328,5000.04884907822,0
0.00678637948666579,0.000353928096020942,0.507736793496666,-1.13897288378182,440.710363259328,0.0678931502393451,1.50733225629333,4954.9785831834,0
0.00736497132204106,0.00134075524541249,0.122699741324438,0.14683098726101,161.113639802276,0.103130149677106,2.98371509312713,5000.04884907822,0
0.00795534695145263,0.000353928096020942,0.494592562570821,-0.326119421353271,284.023652680669,0.0347651893029861,0.140601697739805,110.82932061572,0
0.00812466657654759,0.00182046426972476,0.908752094901116,-1.59303637768297,1242.81655682788,0.0551746969068911,1.79200476757344,5000.04884907822,0
0.00883714431147418,0.0017109607595725,0.142294798861768,-1.14986540707802,172.677321359559,0.123800638331206,2.71168473119463,5000.04884907822,0
0.00705338902329753,0.00161182283715782,0.84499840635235,-1.00813902938325,279.512100987086,0.0707966949252632,0.679808990958467,1458.93506776113,0
0.00780839457854075,0.000985340017975968,0.718524067950239,-0.779779525137919,-39.290858989689,0.0491670612196495,0.389956438552925,721.752570160461,0
0.00557882086738758,0.000703408804341372,0.219913570362936,-0.380500288540565,202.653807924082,0.0981924003294791,2.60009195955429,5000.04884907822,0
0.00683207171742469,0.00217769116131216,0.912034479093911,-1.06213362170676,636.620465689222,0.112473751057109,0.786710684317808,1733.14765412305,0
0.00728132265512368,0.00107814864449782,0.802653009108561,-0.735976669020534,59.3331993755479,0.0599579725810914,0.512807829365528,1021.34304965832,0
0.00501340750875991,0.000353928096020942,0.82775630361777,-1.40401743799948,725.831091844803,0.0570008335141745,1.54754257790945,3523.89534955895,0
0.00674859513294168,0.000834196101511251,0.698027726445124,-0.655258413425725,-21.4209074168138,0.0593721024037141,0.312606755674046,420.429367449822,0
0.00688331359251618,0.00111101662030957,0.827593661388741,-0.775407268857943,162.362684277462,0.0649262802771001,0.530379614397514,1097.20865585963,0
0.00665480687390636,0.000957399813407406,0.723541090278057,-0.799470922370722,74.7559070842738,0.0482987830167753,0.388909180208021,560.212832555808,0
0.00617663816667789,0.000353928096020942,0.471553956963854,-1.08714581921985,400.806889017619,0.0817469160653531,1.51474469767611,4963.92624536405,0
0.00522939444222416,0.0007156270470463,0.859141186747465,-1.31829141305235,614.693333338174,0.0675150277739665,1.18198430635923,2729.93965667961,0
0.00835866866438724,0.0015650313192969,0.929008458668994,-1.81822337702502,1242.85652866373,0.0574824321431058,1.62533725411804,4959.71825190237,0
0.00612536113647569,0.001472614309431,0.8534998345194,-1.20118540590269,493.223029533426,0.0699037795289401,0.965339105932538,2116.24647547168,0
0.00594310846040036,0.000856506618409502,0.391599050707995,-0.913695910442264,315.405235348388,0.108097849556382,1.91202465807121,4970.84724070482,0
0.00844849363543243,0.00112094915149132,0.835501541397559,-1.55419027804129,1080.93132364221,0.0539225495671839,1.63821125420272,5000.04884907822,0
0.00710358607049717,0.000353928096020942,0.27331909336786,-0.399858465558012,220.796280686908,0.0830919576812707,2.66925212079434,5000.04884907822,0
0.00725815791457206,0.000920986475938689,0.705389090716402,-0.754722927732725,-46.5322042636365,0.0521186859870215,0.339033695749268,540.118769608703,0
0.00537194767025159,0.00138944283602279,0.227404699743881,-0.369827361005452,228.017475420137,0.132644872714705,3.74685904669253,4988.22013941228,0
0.00705989503968765,0.00106809624086661,0.861621858302576,-1.7764778078111,1231.23279563887,0.0420636177492637,1.8301247094881,5000.04884907822,0
0.00662350591322454,0.00139697128743267,0.141128783136033,0.153101398961824,179.057069730663,0.115116560854613,3.43463439416051,5000.04884907822,0
0.00621962584904371,0.00121999438573999,0.893103899382723,-1.3545870976837,736.589584598668,0.0810094872625467,1.11492452797806,2553.91102999099,0
0.00507075298429869,0.000353928096020942,0.841169858356815,-1.49965933929683,719.581341774276,0.0613858597411384,1.44095697762129,3368.87701011437,0
0.00632274318226942,0.00171063768609071,0.870123337201424,-1.18814626262183,457.53433031783,0.0732506286900053,0.841233204783023,1851.24913375352,0
0.00738298888716891,0.000387292014896276,0.765926829686341,-1.70849486275229,977.182523062337,0.0586019624566873,1.45273976205968,5000.04884907822,0
0.00581160937682574,0.000640909858835555,0.420436291796054,-0.996444510249386,344.171553921625,0.0960736515793046,1.66349700868893,4975.81516564084,0
0.00663700914031074,0.000353928096020942,0.559838651842482,-0.256890693577505,46.6724243377711,0.0623868708112209,0.187369044665585,77.8359907730446,0
0.00556272292816391,0.000759357256480381,0.23177526655644,-0.506956290140874,211.158217267733,0.10213473641121,2.57697733215824,5000.04884907822,0
0.00674435029277808,0.00154602237282734,0.865188751813012,-0.962256919363001,268.406153923848,0.0747039044659788,0.656394654816983,1410.84510012113,0
0.00665887431448018,0.000353928096020942,0.544377620002882,-0.790412166154635,179.133637199771,0.0228623604435018,0.140601697739805,168.80554519956,0
0.00573359746261173,0.00138076619148878,0.863538933668952,-1.27200487419437,537.492048057727,0.0704564292244342,0.989826042975218,2194.44602114293,0
0.00779145038587962,0.00149038155004703,0.123494066563712,0.0671464803538325,162.505862250053,0.109037219360484,2.9280931696477,5000.04884907822,0
0.00979582020078511,0.00166023362021273,0.186164406170488,-1.97180412185905,185.179938156753,0.0974136864042922,3.6714059619226,5000.04884907822,0
0.00770983114116629,0.000353928096020942,0.526672856425891,-0.704200510453674,220.359817786131,0.0247209755626191,0.140601697739805,301.359691509504,0
0.00729613152740169,0.00105260562697806,0.81286766198163,-0.6792315095016,62.7860735534489,0.0665800969735015,0.506734904431334,1006.87218209915,0
0.00647059683743081,0.000353928096020942,0.54759769697131,-1.2938484828284,552.478755255977,0.0528499141271898,1.40289149715558,5000.04884907822,0
0.00591497012630838,0.000391242152280876,0.464786145102233,-1.10042826783826,398.142423001328,0.0806620974426011,1.4773067010042,4994.20446943109,0
0.0079713370323082,0.000984886504638584,0.728976956457931,-0.767602850390932,-36.0220597846892,0.0495857400805876,0.412773491684502,796.860990466488,0
0.00549131840667806,0.00127565468914974,0.870211585520712,-1.31856983851174,578.185023104707,0.0713528535292124,1.02047317531087,2307.06283949731,0
0.00593237443278508,0.000398216410873159,0.243771971164484,-0.547688723909423,197.057362976839,0.0811401921925394,1.97030394189477,5000.04884907822,0
0.00620686598505713,0.00141691903955837,0.872210911211199,-1.13076014084144,421.497881324266,0.0734735900073399,0.67888729080032,1499.03492301728,0
0.00947786786833361,0.00163637705652841,0.102292175033462,-1.75581504995832,139.889901756263,0.0686827382086499,2.17244729277007,5000.04884907822,0
0.00632979341467723,0.000632125644287853,0.345733819972713,-0.609379307439551,277.13006790327,0.104951927838897,2.33123493866387,4991.10743952096,0
0.005968380638357,0.00147637776758343,0.959357137863911,-2.0570463617991,1361.64588797353,0.0429529458561917,1.86693621578516,5000.04884907822,0
0.00530986899084783,0.000746150168228865,0.846478585555507,-1.32142817116268,583.126436257488,0.066408050425972,1.17850707589332,2667.30464001746,0
0.00560683820577795,0.000699990442815972,0.223809224037562,-0.500048937190182,206.775784506593,0.0999447519625593,2.55306583992057,5000.04884907822,0
0.00717902742061942,0.000353928096020942,0.297578114121866,-0.484533167721149,210.314055723388,0.0646536980209613,2.16439407330595,5000.04884907822,0
0.00939903221811696,0.00127336330155235,0.126328442942698,-2.25598178529548,138.658711315632,0.0836497579471034,2.15315098787028,5000.04884907822,0
0.00661284655894058,0.0011959918413666,0.835473825041757,-0.946146549495704,278.891155234456,0.0632349200928937,0.593440623885722,1251.18533757429,0
0.00722169550643398,0.00195741903155953,0.953579183558492,-1.74246480340893,1328.24730599238,0.053237608915617,1.849962580685,5000.04884907822,0
0.00605728346474036,0.00154823977998381,0.887929486044814,-1.22027558522521,511.052263274011,0.080163191575603,0.725584348424358,1625.17458914484,0
0.00527392779726595,0.000850025489566218,0.441836827083282,-1.11734772054856,385.530918465839,0.0882560569962347,1.47384543804222,5000.04884907822,0
0.00951103275875694,0.000353928096020942,0.0843895244792265,0.390186895435984,131.463659532752,0.138177557122551,2.64610728298044,5000.04884907822,0
0.00820352597792072,0.00105762810756219,0.839238062684232,-1.629820277498,1100.80017340015,0.0518877062928095,1.62351314710009,5000.04884907822,0
0.00714586776180381,0.00101944961412327,0.760573279902673,-0.683557358672602,87.8911358361861,0.0634744163804245,0.404371318591357,648.728138495921,0
0.00646741102153532,0.000353928096020942,0.537136332273154,-0.577275773317339,168.369852790167,0.0325259030705952,0.140601697739805,60.6165392205712,0
0.00667135818714957,0.000353928096020942,0.399032501523366,-0.872760298598028,307.467924722345,0.0791198627844048,1.78558441016661,4982.80333484356,0
0.00626991146790662,0.00129972438818221,0.181960437805152,-0.387322769061045,190.955152335716,0.112188429599342,3.39707936804872,5000.04884907822,0
0.00501478297984688,0.000353928096020942,0.828943244010236,-1.40462676488839,696.241697354827,0.058343580436745,1.49120723807421,3403.10309175474,0
0.00651593120190552,0.000353928096020942,0.214651815124459,-0.31637157845698,186.052717815454,0.0751620694139025,2.40430297840235,5000.04884907822,0
0.00531201763641709,0.00152127570948506,0.928520803071718,-1.57697859078532,1096.51766865278,0.0626113390382662,1.70339217095588,4066.45148551757,0
0.00734216697706509,0.00186571726327598,0.855170406283259,-1.03222371556522,342.609463653758,0.0743284208219495,0.734606234306355,1608.30823625626,0
0.00593767105620779,0.000369809420192171,0.243581343393686,-0.54957631989714,196.630913950984,0.0804552869290046,1.95362342167331,5000.04884907822,0
0.00608209314813048,0.000353928096020942,0.589353829542284,-0.532432255025092,27.1136500100338,0.0491566520227064,0.198154231818678,137.763826121508,0
0.00668338011878389,0.000604246823354066,0.659003427811254,-0.48452038920404,-40.9612944192735,0.0690343562988021,0.272462176272063,298.156201630843,0
0.00649863289927988,0.00148059584421126,0.876531287926937,-0.955083306917281,321.824222066989,0.0789074398505815,0.637779148478889,1405.43357906799,0
0.00562030995241013,0.00096993768453625,0.264569198394631,-0.359286130339816,237.919419798787,0.118958731792078,3.07228582481683,5000.04884907822,0
0.00997281463758023,0.000766526299450071,0.0745641157224778,-0.329831713690245,109.54545780764,0.115087597740293,2.78357947471864,5000.04884907822,0
0.00575324304554039,0.000949090949933967,0.861786648531691,-1.20406687639438,610.870402799664,0.0722159922216717,1.12108341277413,2527.70229382765,0
0.00649074930693647,0.00213101142467908,0.916282927489542,-1.20807821978119,693.661706808033,0.11048563963992,0.839859193041685,1897.5842724716,0
0.00634460373078562,0.00129431519567339,0.134502889946748,0.212363803459504,179.005697236016,0.108906039310064,3.59809243604764,5000.04884907822,0
0.00733425398693134,0.000353928096020942,0.163606370348154,-0.336446973793825,168.794678602823,0.0688659545287059,2.6454409175155,5000.04884907822,0
0.00904025567233948,0.000353928096020942,0.0861506455284797,0.227046497613607,139.910632312318,0.135227218360603,2.72072023818868,5000.04884907822,0
0.00725586358246097,0.000353928096020942,0.564222767404274,-1.24932149375477,532.601243779603,0.0664605434550484,1.40962407760932,4955.73133968462,0
0.00599873831333588,0.00142261809232207,0.896990058955786,-1.75413117396727,974.792918632495,0.0755719824560648,1.48777965876133,3780.98177688423,0
0.00896986325895491,0.00172058093388982,0.13142250931677,-1.44477872979979,163.326769735536,0.113480427177585,2.45723738432118,5000.04884907822,0
0.00544407479663944,0.00075762029757757,0.203783572263852,-0.345443875364257,199.567318935392,0.100803831890782,2.75686416845274,5000.04884907822,0
0.00734877962593859,0.00107934728944908,0.764426783545901,-0.868658456015127,233.418091120372,0.045928115548515,0.573453977658604,1077.40695174044,0
0.00738720389793026,0.00109844330402094,0.751488223442939,-0.787465032952893,72.2300246558972,0.0479535821018886,0.460916683197718,817.74145971313,0
0.00672247362419016,0.00170850701392076,0.873042525686961,-1.03795087421063,334.047985015294,0.0760633506702944,0.707701388936898,1531.08845351729,0
0.00905183302586509,0.00162387676386502,0.114116399342466,-0.991824326326612,147.648177220801,0.0869026072473827,2.53430133530625,5000.04884907822,0
0.00587283109720793,0.00121088218242736,0.221149788621857,-0.358866621165159,213.211250215705,0.117744717299667,3.36351024506265,4999.56810020557,0
0.0104287987380333,0.001930469321393,0.0898310679338052,-1.74761907430244,97.0800400712788,0.0746723397613961,3.49911131772783,5000.04884907822,0
0.00658268610153255,0.00144655612539382,0.874351274515731,-1.00638718777961,459.387442998289,0.0887375119926747,0.622210616559842,1379.68378870614,0
0.00558456416267379,0.000968172063414085,0.881947504437296,-1.3220790547958,718.173738949257,0.0746874898231245,1.20479731404776,2734.7698020385,0
0.0062983384110026,0.00123390868638207,0.854673475996103,-1.09050312324159,414.666860250572,0.0689152504611926,0.646128276453887,1401.48370943411,0
0.00639505958419476,0.000861564253231582,0.872063264011138,-2.07601104287532,1249.69617596082,0.0535114393010362,1.68152808630306,5000.04884907822,0
0.00704151003591901,0.00201769361260529,0.894812614257315,-0.937922063623452,493.724622589417,0.104068508479335,0.724635182929988,1529.38639121555,0
0.00939751539206484,0.000653034550328775,0.069903226188921,-0.635375508516267,127.738610418062,0.0984653525886034,2.60968807617902,5000.04884907822,0
0.00773288908587064,0.00193885245941206,0.933118414636371,-1.65367992507219,1295.06843443207,0.0543955729637273,1.83637581944824,5000.04884907822,0
0.00719257178265552,0.000922347880154092,0.723405059871548,-0.704151811077857,164.327762734853,0.0702479276932889,0.447395745012798,582.177911624631,0
0.0066696961545056,0.00123694896718641,0.851474854039828,-1.00450449683783,458.575377880723,0.0814311156536952,0.608242200823354,1304.06632791734,0
0.00769391250145239,0.00152975838098255,0.14158278265092,-0.185550780030719,171.129756104801,0.114899297264157,3.0886567884262,5000.04884907822,0
0.00719248978428449,0.00110390657439516,0.774740465917133,-0.819649163525435,153.479962077674,0.0492884466219706,0.510346732103882,946.280933186608,0
0.00617027779314915,0.00149670556880359,0.855624818536593,-1.19079458321209,493.225754175234,0.0705014210334759,0.955190651722077,2108.11297130229,0
0.00540869190236684,0.000353928096020942,0.651461884410212,-1.7034563000908,860.244243671394,0.0489985211896785,1.62333598415845,5000.04884907822,0
0.00682674887724458,0.00176694667046608,0.902615390029418,-1.21785145365471,711.851908522063,0.0975418736438867,0.924142738147388,2100.56195368234,0
0.00919627590168923,0.000760111062943159,0.148514376727252,-0.487726673762872,174.018397153294,0.147382459649928,2.85682325522741,5000.04884907822,0
0.0105649298142552,0.000353928096020942,0.0843412203722023,0.709305620361163,162.984324502405,0.157853894206346,3.03170717622274,5000.04884907822,0
0.00904020395691369,0.0011076460784982,0.120781157782921,-1.4144994857101,147.937896560402,0.114112980613414,2.13255584734353,5000.04884907822,0
0.00853265266793705,0.00174072527285438,0.157800135753158,-0.722160949893319,181.216830818042,0.128546746952731,3.15342783250942,5000.04884907822,0
0.0064324312890265,0.0009779812793215,0.874387681107996,-2.08430836590332,1247.09491285676,0.0621834641775106,1.69691685908074,5000.04884907822,0
0.00638595986670108,0.000433224551974579,0.285243013311017,-0.572856834857857,211.131545747766,0.0769841435449507,1.96830532363354,5000.04884907822,0
0.00696617543024166,0.000353928096020942,0.415320393248222,-0.904403062860669,317.07447318827,0.0693627786101645,1.7731052204385,4972.39773109508,0
0.00615202923919079,0.000353928096020942,0.371041592095155,-0.892815156720567,283.060094048566,0.0725763394931834,1.61425311465597,5000.04884907822,0
0.00666758092091367,0.000926654626681153,0.72765709136586,-0.767408002214186,93.5521557263831,0.0535714958117119,0.390199342620325,555.202701913507,0
0.00733495698283028,0.00113231916250566,0.775494612428907,-0.834217411730787,175.906733237173,0.0502785114508106,0.542118226900226,1041.68021449465,0
0.00605636426720998,0.00184619814364936,0.951995887574922,-1.76305435047082,1138.48268706168,0.0650496379552298,1.58491530463012,4028.86209849153,0
0.00666610295497826,0.0016552854568025,0.205008782099174,-0.50594479736711,208.598888233092,0.131774642578191,3.86140088916365,5000.04884907822,0
0.00621398738533855,0.000353928096020942,0.629853474715088,-0.599499235299205,-3.13542202200364,0.0573024559739435,0.300256704974352,240.297275462046,0
0.00853265001234527,0.00161292031938241,0.110759820744662,-0.379160895651745,152.397179618252,0.101497016959879,2.64098921859905,5000.04884907822,0
0.00738773959527056,0.000353928096020942,0.520563189836037,-0.885175034124236,256.930995758928,0.0214817768661349,0.140601697739805,227.251054861832,0
0.00820897202281833,0.000532110492250656,0.807627977589377,-1.69881817988088,1027.68053669327,0.0624920880978537,1.46080046347701,5000.04884907822,0
0.00600895443161255,0.0004234888751387,0.221369053931936,-0.339491854233512,191.144266068147,0.084225527969356,2.32685393822931,5000.04884907822,0
0.00715515577638268,0.000999494244344435,0.691578916198354,-0.84239123623105,83.9380196371266,0.0379708394615488,0.420958320750503,661.361079335412,0
0.00626251010868077,0.00139133987070111,0.14610847156083,0.0964639025894024,184.370433987266,0.115800718632444,3.59930815915173,5000.04884907822,0
0.00698390092075164,0.00100884075684908,0.781060122522247,-0.939522211339589,310.120938733045,0.0472016094105285,0.603028112769231,1139.41432963841,0
0.00727162508963401,0.00106819842559323,0.747684271966155,-0.846631962939838,190.74172599226,0.0419938193587561,0.520480502370217,910.249733582568,0
0.00822470188654507,0.000661446453918447,0.136200975454437,-0.367838846692515,154.467928462913,0.0685440570799474,2.71387699894585,5000.04884907822,0
0.00811940224724262,0.00214235684121382,0.897850210470391,-1.39395102276175,886.374015588081,0.106275391841483,1.21186657586923,2898.17981770069,0
0.00630713165457673,0.00171986096770694,0.214669424974566,-0.349114757522128,220.279469139516,0.140993714252122,4.11039532036466,4998.14640725124,0
0.00634937591071956,0.00200534223519485,0.909387651691281,-1.2661245579887,674.662367781516,0.105681936202927,0.825453793083166,1829.94114124446,0
0.00572111086271453,0.00102651542670592,0.882280675938427,-1.30873642568409,713.679392181647,0.0759727122439803,1.18755809231605,2673.76867657032,0
0.00935347161217817,0.00154986387362073,0.0795557772812526,-1.33267945783502,139.256505048614,0.0945678087066678,2.23204465515842,5000.04884907822,0
0.00596297695319865,0.000363427547420679,0.435813418401955,-1.03821276379833,360.124417891715,0.0786254089333515,1.53086350120044,5000.04884907822,0
0.00936938351484483,0.00162256258357911,0.113969410942545,-2.19693415795233,143.683777033347,0.081151781947801,1.84914578656628,5000.04884907822,0
0.00638754193934369,0.000353928096020942,0.553264850987155,-1.32737385867689,559.060330821162,0.0610433672206783,1.35244858127808,5000.04884907822,0
0.00640147359470053,0.00161734283133104,0.916294358962895,-1.54853685012837,943.120035857548,0.0766522526558136,1.3753189522343,3288.53762977937,0
0.00608619811548881,0.00170973352042745,0.892228103032936,-1.19479542643067,517.557083676107,0.0777624682865418,0.831164719050718,1877.05856944326,0
0.00576611006261063,0.00155756374965075,0.92124478841458,-1.98327200065897,1149.64150393153,0.063432271786803,1.66553316846107,4416.77215668627,0
0.00581703210924924,0.000353928096020942,0.664040422170109,-1.68032933294413,848.311192371556,0.0524714900641174,1.50347673861972,5000.04884907822,0
0.00664289208400564,0.000353928096020942,0.593179633083038,-0.904293230308528,72.2328449411447,0.0242720852065591,0.26841375129939,372.563766222725,0
0.00652852620032295,0.000353928096020942,0.616716512469987,-1.47490032156395,690.868676895173,0.0611656964364886,1.35761083639089,5000.04884907822,0
0.00729762288926126,0.000967864698449804,0.735789158345567,-0.639715872409437,-2.82869959087748,0.0637656525258745,0.361671616024344,545.133349517135,0
0.00445862792269706,0.000519730047393439,0.388945961697053,-1.08956601701646,352.6588940675,0.0795302733489186,1.51270820643345,5000.04884907822,0
0.00780739967247116,0.00131472853148265,0.909394054836238,-1.88537086652879,1247.95120635358,0.0522417835662301,1.63234527851425,5000.04884907822,0
0.00547256148754937,0.00140985055225372,0.203317643310235,-0.3222852444174,211.767421849896,0.126638641363075,3.72648414706744,4995.31701060052,0
0.00554823516301601,0.00158880045912797,0.896373462022052,-1.35700206389446,617.869686434075,0.0795340832286432,0.916176296858157,2100.4076261111,0
0.00701716735990957,0.000353928096020942,0.593629858454668,-0.750057100944807,29.5981278015129,0.0399669769555257,0.17923309804643,357.239888961446,0
0.00590437267064279,0.00130660023136817,0.87541610868179,-1.21355639854008,580.201635632427,0.0740064147453658,0.98120380822111,2242.93794280054,0
0.00830822526001278,0.000353928096020942,0.520257595293802,-0.646596016125087,233.708265393199,0.0259792850397598,0.140601697739805,373.569179845567,0
0.00668746815328521,0.000482659940795122,0.787627124253323,-1.84515165574703,1063.4599454383,0.0525761853573834,1.5382002241789,5000.04884907822,0
0.00679978692974915,0.000353928096020942,0.572632932282494,-0.485856072670162,70.9973943215009,0.0466117095108724,0.144780151537993,211.742609703452,0
0.00674465632666207,0.000723715053819611,0.837979412985452,-1.94475706238853,1158.50647224985,0.0596706172606039,1.58371334919509,5000.04884907822,0
0.00720245044895815,0.00166488829704716,0.899427121018806,-1.33458220582476,791.197918537934,0.0966330389649941,1.08126380082668,2528.59237531736,0
0.0077873337166616,0.00172828961906063,0.190369502587673,-0.228480109559088,206.482828397967,0.143955885911216,3.74120150322549,5000.04884907822,0
0.0103243927895795,0.000353928096020942,0.0951831681424314,0.69292571352088,144.194358560369,0.155328368118466,2.57029148025682,5000.04884907822,0
0.00909867167505204,0.00066815221107957,0.0840666977919,-1.0379688871706,115.064180678001,0.0858728351545784,2.70191531940008,5000.04884907822,0
0.00577377251932848,0.000992024887662924,0.257676667842417,-0.702492339792188,236.540236850901,0.11849953043059,2.83877970366722,4998.31777250279,0
0.00694591153601839,0.00180700530530475,0.859150417834606,-1.0831664338491,375.314634129491,0.0737051240152473,0.767769804379588,1679.54862809887,0
0.00929492168526595,0.00102763584728503,0.100812084761141,-1.72369345499152,124.118153752012,0.0730138632413767,2.31363621825545,5000.04884907822,0
0.00600620082052091,0.00180830152409981,0.904349235744242,-1.32629649705568,652.260855126573,0.0942494923641045,0.832989410385241,1865.2962473883,0
0.00686897645976617,0.000927318262291127,0.691866301412401,-0.860540840806014,116.59730653356,0.036159174942127,0.434491213694841,627.045466328445,0
0.00673969830262998,0.000353928096020942,0.541408945010392,-0.249701440678858,81.3652018645206,0.0595925241692743,0.187052985722701,25.3675508753886,0
0.00961063150596863,0.000994063294504499,0.109976265781834,-1.961184329694,124.442628249064,0.0541752724333222,2.47854219298705,5000.04884907822,0
0.00604121955695022,0.000353928096020942,0.579079285771784,-1.4350291722703,632.607574701872,0.0640906469076139,1.35881464573919,5000.04884907822,0
0.00930613692237915,0.000929717666255167,0.0748790625563094,-0.726644561541087,137.288515518242,0.110022620729461,2.47334940015776,5000.04884907822,0
0.00594176795771002,0.000353928096020942,0.200844983804078,-0.290042292405658,183.5412772666,0.081782996568593,2.32109050462596,5000.04884907822,0
0.00901571871821258,0.000580792894597029,0.135522177510089,-0.482952917358138,150.850008349362,0.0559769907057128,2.71527652095872,5000.04884907822,0
0.00616871850968983,0.00131639878079888,0.928262531216721,-1.77193405429208,1283.18639386253,0.046480175181046,1.95060362899397,5000.04884907822,0
0.00914153273408072,0.000840066742745519,0.0834583585180255,-0.524955229050021,147.628579224249,0.125874581104625,2.55454027009579,5000.04884907822,0
0.00536511700068402,0.00138275058915876,0.916256060433237,-1.53308499295394,976.719802476386,0.0687777433053892,1.51788579982974,3575.6394744637,0
0.00677610766921779,0.0008227934713682,0.695307601040436,-0.641539685601131,-27.1189161645836,0.0601734659653865,0.30737748451771,412.355986415333,0
0.00509758658385324,0.000353928096020942,0.845351738883241,-1.49228427717758,909.842029805055,0.0519979352905126,1.76053254078071,4075.04278229963,0
0.00877096438032361,0.000353928096020942,0.752077328313654,-1.5224649029885,890.675933440658,0.0603118827334809,1.43065379395037,4973.15020651212,0
0.00560934842819091,0.000593816003142117,0.197767299817068,-0.319090633657456,191.870303287754,0.0931691980318788,2.57902580436612,5000.04884907822,0
0.00486325568590944,0.000501834923383552,0.859489937172047,-1.46024165432378,838.841360260203,0.0588293605281154,1.58984536107604,3679.52169566582,0
0.0100207757328951,0.000353928096020942,0.0873585683405082,0.501208042071219,170.462026086717,0.15781173403042,3.29851133609596,5000.04884907822,0
0.00598864065513868,0.000353928096020942,0.332619135997334,-0.789630154898214,248.800692562163,0.050747365029912,1.45970543836518,5000.04884907822,0
0.00711671031769136,0.000353928096020942,0.512068347861033,-0.73831447301696,265.157480798905,0.0214817768661349,0.140601697739805,60.8338420837108,0
0.00920086740173242,0.000396963130559146,0.0699642120624145,-0.496529393452997,113.710961407838,0.0998820773248228,2.68689720046074,5000.04884907822,0
0.00532288880753721,0.000940445352593359,0.882682500208125,-1.36167550723543,665.116105801613,0.0725439802176874,1.10686317094949,2623.36701692641,0
0.00649333069049752,0.00122051575322811,0.831921367806991,-1.11248591877879,393.796206958114,0.0617503865601934,0.695706331294353,1435.0084243841,0
0.00856548815283255,0.00153818882271526,0.160499801920605,-1.02490897019662,172.106586841495,0.102999462080124,3.26093631742283,5000.04884907822,0
0.009342322469335,0.000353928096020942,0.0701545975353032,-0.0956028441897646,116.995208822149,0.116166502932139,2.65628087358677,5000.04884907822,0
0.00894641679095095,0.00117208161658648,0.122662576466076,-0.675201952693449,177.136128252042,0.14561020350652,2.54393882149453,5000.04884907822,0
0.00532482315846627,0.00154698747705743,0.957290342092818,-1.94412629462467,1247.84929843401,0.0510903996889265,1.76836558839476,4651.51945322155,0
0.00576333217398019,0.000389576838164588,0.510918897360681,-1.28884433152748,522.792993841349,0.0522415678149953,1.39078270402554,5000.04884907822,0
0.00805479554395459,0.000835115805727179,0.203673741479436,-0.875235939323594,192.911117816611,0.0889941246231643,3.23420884280747,5000.04884907822,0
0.00994064450453252,0.00127441704543718,0.0750062893158157,-1.26881006942901,97.039498769415,0.0800597668574771,3.15979194730135,5000.04884907822,0
0.0105577804924404,0.00114754443739734,0.079207139798929,-1.32289426102763,107.575902121955,0.0660561536761542,3.34418693090171,5000.04884907822,0
0.00627969041998436,0.000353928096020942,0.585041675200361,-0.793258093778761,69.433367597115,0.0325319249335334,0.187877094902872,224.888568830226,0
0.00681169940258151,0.00152510378867582,0.862473087056644,-0.938606623011063,248.320965565909,0.074654990435342,0.64809293765688,1385.65644191706,0
0.00630556071131846,0.00151086663630808,0.884446229085335,-1.43752134223253,762.892116612416,0.0979662885104098,1.1537326393352,2724.28822984854,0
0.00843085496045324,0.0016783071857605,0.112141107789554,0.00126226337880686,169.807824700065,0.124909713256177,3.09413171906404,5000.04884907822,0
0.00683219787351641,0.00175980805166779,0.899699680047811,-1.58557007319431,916.878888470501,0.0928024578705625,1.32888736395482,3326.6705369647,0
0.00548549652722216,0.000860126613765873,0.238044795062158,-0.39512873006296,217.709374255227,0.108346668797066,2.83165852303506,5000.04884907822,0
0.00543822292235447,0.000353928096020942,0.669029087166221,-1.7350254358238,876.218108064089,0.0633296861227963,1.59985601330353,5000.04884907822,0
0.0063568684584897,0.00176806994297474,0.88957164948863,-1.14166100176001,474.929623167909,0.0787052654056395,0.79383358816248,1756.84237852766,0
0.00517937484252302,0.000362538844344991,0.468772572173968,-1.23619619131925,467.472378898859,0.056485260258212,1.3954328566862,5000.04884907822,0
0.00712378066095178,0.00162704222814558,0.898905029509836,-1.32904121756547,780.164944818277,0.0953452526661665,1.06927930180804,2488.91938805166,0
0.009836583250159,0.00142531153022643,0.112541701879656,-2.32260492742241,137.753569964411,0.0548981375088939,1.79154972902373,5000.04884907822,0
0.00540481115155058,0.00101196595416703,0.24083427689,-0.369386082134123,225.483247087339,0.117684269403188,3.12489299038478,5000.04884907822,0
0.00588366520388903,0.00154957507671272,0.212060210608262,-0.367870701603341,215.258785897037,0.131586832278981,3.85653801759129,4995.90615774824,0
0.00955867911751834,0.000981663860464018,0.0991276040457612,-1.70979947121363,123.202007621463,0.0603833896253551,2.41263090254263,5000.04884907822,0
0.00629034898394955,0.000353928096020942,0.595612852814368,-0.713273504434235,36.9467764288494,0.0396444121399243,0.186455092682594,228.930954671565,0
0.00807830455974632,0.000691595779143952,0.726646919783354,-1.39343752501233,876.345337333539,0.0490497535825187,1.59736625170282,5000.04884907822,0
0.0072762011058495,0.000353928096020942,0.514081005351731,-0.755571423162636,269.331852841687,0.0214817768661349,0.140601697739805,141.062985722555,0
0.00950625400120076,0.000353928096020942,0.0920910865062681,0.156872292466485,128.413050457639,0.132285065039286,2.75506163191121,5000.04884907822,0
0.0101906233540726,0.000951471031152416,0.0828042953462816,-1.04017039454975,134.35207321566,0.0763984671442805,2.86672823943681,5000.04884907822,0
0.0055574732837248,0.00037662864725151,0.504068972400066,-1.29648865022312,520.263988244381,0.053417644086543,1.39055896989375,5000.04884907822,0
0.00973335501293078,0.00101290487323242,0.107193101677731,-1.89855781121586,126.239463838335,0.0527614839968575,2.37416597297254,5000.04884907822,0
0.00654995498582714,0.000838979677473175,0.702200026017512,-0.710509917869576,14.0838532507707,0.0556474248377489,0.333155352136843,438.685374223993,0
0.00570099851545623,0.000797992639258891,0.265623373891553,-0.766110421842844,229.753487289959,0.105262796685281,2.3188410726117,5000.04884907822,0
0.00693160113101509,0.000353928096020942,0.4327022717498,-0.95695140709727,333.875868794838,0.0627772228096357,1.70178098473748,4974.42751017302,0
0.00852257629246042,0.000873050161880282,0.804788028340942,-1.51910435097911,1013.0829811935,0.0539192980550298,1.59234284416027,5000.04884907822,0
0.00705122899448439,0.000353928096020942,0.583636154360269,-1.30719397543824,577.081936207784,0.0789148017123447,1.32685235219661,4919.52796564719,0
0.00817524659135626,0.000358952323044873,0.498911800069635,0.0528712829160765,199.396486320315,0.0641993524732641,0.140601697739805,55.2962654882158,0
0.00522448507281524,0.000730247377005079,0.406845519295386,-1.06440755827608,348.640816189301,0.0769346300409039,1.45117666074813,5000.04884907822,0
0.00799969151976552,0.000893069889639796,0.686935827862473,-0.798604081221088,-57.9699231103358,0.0480555128451179,0.33918002297267,683.245751210894,0
0.00922919127258265,0.000353928096020942,0.102828161380023,0.495409637342868,166.152789849189,0.157099287127089,3.01569159176733,5000.04884907822,0
0.00648048071854313,0.000366919301709441,0.730909490354879,-1.73996926858876,971.710685041322,0.0435836589631162,1.5589749529531,5000.04884907822,0
0.00543386388769565,0.00137108846649682,0.892071910913277,-1.34863971977062,634.280212446338,0.0765938347086219,0.984850010592186,2313.79172451525,0
0.00962215793721924,0.00187529311679362,0.156584630785357,-2.0880496830439,169.80594418641,0.102410352006529,3.0723232674266,5000.04884907822,0
0.00646560587316674,0.00168038682083671,0.892948931296093,-1.00401590495316,407.42432109625,0.0866174733065558,0.680928472000363,1511.25529980083,0
0.00714342513456583,0.000353928096020942,0.517742481236321,-0.631065244423465,245.864958124144,0.0245969980889369,0.140601697739805,124.048366267621,0
0.00712381757232947,0.000704020859727031,0.655375923732534,-0.373712322327641,-45.595144481293,0.079274831367983,0.283304357743007,289.850366819162,0
0.00942837080140572,0.00151497243737233,0.0778416887314083,-1.25223622248998,140.075757668767,0.0976982598874052,2.32770641500045,5000.04884907822,0
0.00619036384571541,0.000353928096020942,0.46858663490427,-1.05163755802485,396.07853613136,0.0949537876680562,1.59443355099431,4913.3734868184,0
0.00683892271976129,0.000353928096020942,0.568241985399003,-1.29862789953266,573.445274596336,0.0538649290378207,1.41397225405867,5000.04884907822,0
0.00707912212227728,0.000519929923037453,0.634086171825101,-0.578196216701075,-38.6178443922087,0.0560491782627488,0.2195981681284,344.329214982078,0
0.00960199805191388,0.00119691866006132,0.11435777897018,-2.23508661214267,130.7500171908,0.0604187503404427,2.02527832341238,5000.04884907822,0
0.00823977331276218,0.00174440981686957,0.176036605319417,-0.854697086222121,186.941282473764,0.124319893156602,3.49904292807993,5000.04884907822,0
0.00545452075165517,0.000774832620742755,0.192858988411865,-0.292921705813396,194.326742978155,0.0997877119808923,2.81584283397353,5000.04884907822,0
0.00754876689791135,0.00147388864116359,0.155614543631807,-0.486846833322756,174.570594299493,0.111021421038967,3.24590439770012,5000.04884907822,0
0.00740433220267031,0.00039574919419307,0.766467770405231,-1.70733420027612,978.248131712242,0.0576589316609186,1.45508964489525,5000.04884907822,0
0.00692227370505154,0.00101837112651902,0.786779669592155,-0.806628096140166,209.960521359018,0.0563318641550192,0.475180728959996,862.354080467177,0
0.00693495830770347,0.00104758081691872,0.738063441728338,-0.823788785280818,100.603007832353,0.0449862545919828,0.432842994324622,684.044930108515,0
0.00968155025184921,0.00121510011165835,0.095459954026794,-1.77207219912723,128.782365067748,0.0649268282622144,2.07760980366983,5000.04884907822,0
0.00664087162004505,0.00208025054951601,0.956308178025695,-1.6299603105158,1159.8663001496,0.0674143547493603,1.64840846008494,4076.64382217332,0
0.0072575842231318,0.00140366108075922,0.849075353040043,-0.721034329635109,324.782943195647,0.0941126581165339,0.547963976897897,1143.69201904097,0
0.005796194012891,0.000976719308474661,0.289437826011726,-0.867655976731857,248.711577836244,0.114162427701195,2.36820432963828,4990.63883164147,0
0.00857755569765665,0.00119557418665652,0.104256410062039,-0.0251047273795578,141.330091237398,0.077186389240706,2.73097653144414,5000.04884907822,0
0.00674865251619069,0.000353928096020942,0.277617883174438,-0.396976446945737,214.458750688569,0.0808768036867903,2.40836221217429,5000.04884907822,0
0.00893244986419684,0.000771953105468204,0.115686879474615,-0.506081840007063,161.81018040423,0.139422616547457,2.5584959875117,5000.04884907822,0
0.00626666966784832,0.00100333927543022,0.887904442081616,-2.14157378349543,1280.78782992125,0.0577414327824698,1.74586180767855,5000.04884907822,0
0.00636805725012323,0.000353928096020942,0.585664735768743,-0.417829589597849,4.09971679590313,0.0614971729976526,0.247355018944713,111.137290819057,0
0.00821998630830745,0.00152216099258359,0.911459486564863,-1.73334987763934,1227.32623603153,0.0546903245932554,1.6752672243548,5000.04884907822,0
0.0059372797202485,0.0011777691575337,0.899503826312855,-1.42048154606613,773.088052676942,0.0808092411833959,1.14303889898399,2745.41417247465,0
0.00597336979557497,0.000353928096020942,0.508676665473345,-1.18237618146208,526.963675305723,0.0407798705175882,1.52063098083185,5000.04884907822,0
0.0089676360372098,0.000353928096020942,0.113514938161469,-0.0564598439639197,153.16274034807,0.139944533178844,2.89134317902937,5000.04884907822,0
0.00747642332257053,0.000353928096020942,0.503989854708213,-0.3729354119587,254.153270939158,0.0349801208378417,0.140601697739805,80.1787185057237,0
0.00887986375695181,0.00131781392672541,0.129280045024163,-1.24234931843091,165.89109813826,0.128231137441333,2.17219274471994,5000.04884907822,0
0.00741004494020614,0.000670143166489077,0.120141102007101,0.110371948933981,151.186806269991,0.0741439422016962,2.76569115408487,5000.04884907822,0
0.00625200969684781,0.000353928096020942,0.604011253455916,-0.829886838450838,37.5991697330418,0.0338768682585088,0.225006260026879,277.755278415755,0
0.0072816097902722,0.0013663508805385,0.845203215291779,-0.693733615713743,297.829369865383,0.0922481276534532,0.537359293978832,1115.47110237848,0
0.00492240028320114,0.00119373500410596,0.917428961961156,-1.65641561187841,1060.82311112855,0.0587084362051006,1.68406974973949,4076.06339266968,0
0.00793335918313538,0.000647769335130189,0.804010586697133,-1.69461645351845,1039.80812222025,0.0520725850595637,1.5194709361588,5000.04884907822,0
0.00542357391918583,0.00126447844825918,0.207192920039877,-0.44881944296156,220.897278080377,0.125204911214911,3.59957628285656,4979.50837780609,0
0.00727035194141631,0.00129445638303115,0.817446289593876,-0.831865591176767,140.649596889957,0.0645821012660994,0.57618703524709,1209.80792843664,0
0.00646774830020708,0.000353928096020942,0.627292375339514,-0.452645310774459,-35.743539948683,0.0638097465978796,0.229946197825315,229.748706232357,0
0.00976104678974083,0.00183622178768036,0.153270296145599,-2.58841678987343,165.511234059772,0.0953643914476428,2.7127547572774,5000.04884907822,0
0.00891828894368606,0.000679422389426657,0.0951171275820615,-0.746782677590207,135.02252409027,0.113188119700785,2.4589276117157,5000.04884907822,0
0.00944059010817255,0.000948779629649622,0.0847371745819295,-1.3250927345835,103.669742728325,0.0756135842596267,3.07502606426517,5000.04884907822,0
0.00820476967083304,0.000919146914938022,0.835188552687218,-1.6696714999178,1091.31498934553,0.0520910187507571,1.58252579838374,5000.04884907822,0
0.00625178986798367,0.00132424728432864,0.867537146900222,-1.10664295727491,440.707492009896,0.0745650354853958,0.65284135859376,1443.13293039085,0
0.00545612029060421,0.000827612860148644,0.335882397116544,-0.913144596928418,269.738118576175,0.0914210505441389,1.72741452627465,5000.04884907822,0
0.00727719988138522,0.00115048346748798,0.78715133711536,-0.824148309166272,158.022539762856,0.0537614019538282,0.539879799515559,1060.54667112223,0
0.00890754917254472,0.000625296998629104,0.0936612946776652,-0.618076018488135,137.148969543031,0.117172354452261,2.48425159846143,5000.04884907822,0
0.00539377837025706,0.000384338116117647,0.468470523092798,-1.20871463511607,456.135765736785,0.0546871591449728,1.39017026938953,5000.04884907822,0
0.00708670434288201,0.00116706420878423,0.834033453608554,-0.686793860368099,197.700503693488,0.077155187375498,0.51076512090016,1058.97431432179,0
0.00696967732646572,0.000353928096020942,0.633521773458263,-1.45980760721956,718.689329007278,0.0507892147676114,1.40891321017611,5000.04884907822,0
0.00471000641058686,0.000353928096020942,0.439579783649749,-1.20122241442136,432.238379617507,0.0630208757761962,1.4337912791262,5000.04884907822,0
0.00791346941257668,0.00156806305689408,0.169218860288062,-0.784712641679595,180.470601829721,0.113424416844411,3.40430900959111,5000.04884907822,0
0.00511585654369001,0.000379569923846058,0.837463425268818,-1.33090860075385,620.057082929109,0.0627313864275129,1.32269790910193,3010.13372757466,0
0.00905536585267971,0.00176344562807149,0.129842022628137,-1.40368262968059,159.251366852539,0.104533076168884,2.58643882494724,5000.04884907822,0
0.00680105313213435,0.000695688813816151,0.670179527666743,-0.531089858364668,-45.1223703479671,0.0658379527102472,0.273489351856569,338.785417075225,0
0.00953312670176502,0.00156301258422639,0.132479058792486,-1.55896537210637,152.76889170146,0.0763416800636544,2.69158220775612,5000.04884907822,0
0.00735380746722731,0.00153234546154216,0.856785272318944,-0.661086797947491,290.807191632263,0.0992337870223361,0.567789582316211,1171.24336636814,0
0.00928785979267388,0.000353928096020942,0.0785074792494349,0.135262777953229,125.047783908701,0.127107960865515,2.66111753709116,5000.04884907822,0
0.0073198778363817,0.0012198317810928,0.886172014422685,-1.85881344453778,1243.94515754201,0.0455368201497326,1.71023805080702,5000.04884907822,0
0.00684763331700997,0.00139924638941112,0.851449753278099,-0.889484939736908,205.266750045604,0.0717071566527428,0.615172757536586,1309.8140810658,0
0.00542680261280815,0.00143583189417373,0.892030876412299,-1.36759419559101,635.884835068308,0.0777514790514998,0.977007164336789,2271.51860664556,0
0.00576537532386357,0.000757057278751169,0.317854719078479,-0.81029288184307,247.925719355832,0.0878501769594265,1.80666990230887,5000.04884907822,0
0.0095024516096087,0.0013204390549234,0.127711876396684,-2.45962153807445,138.899544517683,0.0758807482982237,2.06866307187916,5000.04884907822,0
0.00607506014179094,0.00126097394718473,0.21472294819049,-0.396172046456268,209.069654880728,0.116972087648029,3.4059369575814,5000.04884907822,0
0.00751049432176699,0.000757426706567034,0.664565851576387,-0.734577955538294,-60.6233995343599,0.0521564461759564,0.275159684737071,491.904278832872,0
0.00595011162203138,0.00133944895054447,0.150628730916328,-0.0183591087726322,185.525013155088,0.11380621468994,3.57194945584501,5000.04884907822,0
0.00558373404917073,0.000974657948953675,0.149706376073354,-0.0971727836192079,181.27065771014,0.10033335563532,3.23872607823092,4983.32373617278,0
0.00549749267567979,0.000353928096020942,0.421865294929918,-1.00578156511128,380.644084081467,0.0432181641956686,1.48542842051427,5000.04884907822,0
0.00634372228810034,0.000353928096020942,0.56385387290339,-0.474165612332366,52.6172025172507,0.0515602503436937,0.238746121488363,60.4285292871118,0
0.0064481531846616,0.000560279843986827,0.433020405039411,-0.914716516475228,356.893430729058,0.112308182877438,1.89875759696555,4889.80318259265,0
0.00691804628624362,0.00182132064017091,0.907120363108874,-1.26778251406966,772.694591380873,0.10519567526947,0.992965237346543,2350.62662975984,0
0.00951096484966783,0.000353928096020942,0.0675289847846162,0.268128288490587,137.832127881417,0.131156379479642,2.75089671417135,5000.04884907822,0
0.00490558343189851,0.000519516295129858,0.859528401082639,-1.46358950830765,868.600981042191,0.0575784373380781,1.63956593016822,3791.08609309335,0
0.00662102179947292,0.000353928096020942,0.552989475358509,-1.27464194162535,556.441649935569,0.050785674402308,1.43396219090713,5000.04884907822,0
0.00995600400841942,0.00134487810888743,0.105684035251638,-2.06189846877954,135.570671960829,0.0543844826655291,1.97320119003133,5000.04884907822,0
0.00906438969774149,0.00174364874688565,0.119607074853425,-1.45322975523153,153.767916179863,0.0990335638080764,2.37142769912971,5000.04884907822,0
0.00705575753626271,0.000353928096020942,0.562996621446707,-0.523910299405843,101.391291231779,0.0424255746267014,0.140601697739805,239.435327504379,0
0.00965074417194016,0.00109032897660332,0.0864814587825609,-1.54780230906139,101.914485809004,0.0653877979766634,3.17829289581467,5000.04884907822,0
0.0065141948154681,0.00133811386015709,0.893431657697672,-1.33302657513444,727.577451240493,0.0843732705042963,1.06587082149579,2430.09853649138,0
0.00625337685097951,0.00126704469647529,0.896080547957764,-1.34991331772223,733.135687076038,0.0828456386604644,1.07733451706769,2493.77316655719,0
0.00569113233472224,0.000353928096020942,0.590835517862855,-1.50458250892242,716.916665083755,0.0444582480566427,1.5140088651931,5000.04884907822,0
0.00578324693107776,0.000477321827408155,0.481728798420075,-1.17959795272033,435.343889438351,0.0711980275428346,1.3921206069554,5000.04884907822,0
0.00716385182596993,0.00208945453638027,0.941104688335327,-1.69676150743883,1089.3495403527,0.0744412998173993,1.48723676851297,3765.1195061381,0
0.00631391345418884,0.000353928096020942,0.576777821990641,-0.418667847992441,40.0960964838395,0.0532354598008896,0.17775624935897,123.730221995008,0
0.00505226994213174,0.00045571284550873,0.849787419768084,-1.43152036475671,666.509931795961,0.0644937806687275,1.31718358405016,3070.94394721949,0
0.00594463013650279,0.000977202041331427,0.159972250560526,-0.207724523106372,178.723598449312,0.0985986234630541,3.05966010794434,5000.04884907822,0
0.00652095113142463,0.000685947932080833,0.652733074520296,-0.847275160599789,17.0973277614854,0.038745131640438,0.317217791344794,437.018843458835,0
0.0076346428086525,0.00141713774241721,0.911053255203345,-1.96087536809083,1247.18798364123,0.0663356785694582,1.59280710347175,5000.04884907822,0
0.00957391508449372,0.000353928096020942,0.064042449415971,-0.0900541586836874,133.511917806937,0.116091764687265,2.81629680319867,5000.04884907822,0
0.00745530534165793,0.00106005801602772,0.785745666392482,-0.733504550103819,34.1747621770998,0.0564582735617686,0.492215348464863,958.562809472371,0
0.00658927746856775,0.00213448261759435,0.916852794873766,-1.16675836585105,697.4488863068,0.110747117784933,0.84320599851217,1918.04093978542,0
0.00637994216895445,0.00168512901334484,0.922978688134593,-1.60897344343632,984.055490615358,0.0755542985785365,1.40565234205117,3441.16022625592,0
0.00529287697553888,0.000527911410520688,0.838665570775324,-1.27137506279965,585.133873300789,0.0643525158339926,1.25162566280967,2830.0846173738,0
0.00553788906143055,0.00139111340383481,0.881577014886674,-1.31022804808338,584.825609335617,0.0734844013713866,0.974402915484298,2235.52912749414,0
0.00604876444278945,0.00119196598834154,0.236684254402074,-0.368946661663696,222.075604949759,0.118946677268354,3.34058742380595,4994.26322720018,0
0.00637631453273019,0.00140819750101432,0.904855418731193,-1.47748798769072,846.122934039748,0.0840550298368391,1.21611417408939,2958.10476737244,0
0.00601209263521616,0.000416305357025902,0.528184119928697,-1.30928102329778,535.791354136983,0.0561592564309386,1.36916838225644,5000.04884907822,0
0.00681460678508052,0.000353928096020942,0.571246930976944,-0.800671362058828,93.935756735356,0.0312467115988394,0.160025921369735,292.440911659494,0
0.00661380763742239,0.000353928096020942,0.316355364970346,-0.68793774283985,223.006682927878,0.0647241875626139,1.75117771096899,5000.04884907822,0
0.00913327610686154,0.000718089719656363,0.0870867855177228,-1.14587414626779,113.048329773689,0.0828632391744406,2.80236683283684,5000.04884907822,0
0.00732011462982695,0.00108285480561753,0.787146466789225,-0.670160100242851,162.604333557742,0.0709223716710187,0.44579788070917,785.468295737626,0
0.00570804966661374,0.000943329615793555,0.297505332740885,-0.756913878416114,244.731290671287,0.105702856562948,2.24955000486857,5000.04884907822,0
0.00590922047376205,0.000353928096020942,0.667494482415887,-1.65244982949628,880.48173658844,0.0403077758657162,1.61992286039196,5000.04884907822,0
0.00673008628264759,0.000353928096020942,0.559369152337147,-0.310873685078949,78.2500253845753,0.0542272013955274,0.147948787048532,132.954294270427,0
0.00585868752966683,0.000448487939781655,0.220645957592601,-0.456243280931231,194.13618370525,0.0874204979230612,2.25062841169256,5000.04884907822,0
0.00631563994495037,0.000353928096020942,0.586902016798757,-1.41264007559479,664.938273002539,0.0457004141231923,1.4473687581673,5000.04884907822,0
0.00609496151739349,0.00120735264594517,0.861694464786788,-1.16354856499589,566.365277053572,0.0729081947364252,1.02052460002784,2306.27739182402,0
0.00895891100019714,0.00171522688928622,0.111701162766398,-1.37581451244065,152.201486427332,0.101393621263972,2.21956365826562,5000.04884907822,0
0.00614546263597852,0.000956576376026476,0.264694543136046,-0.32912464003576,236.827261686098,0.115150561594741,3.09242637527306,4996.56708703837,0
0.00683538163724027,0.00106188767297397,0.799433461742209,-1.00152681522464,343.511370781303,0.0527542397800272,0.644504449486334,1269.39126416959,0
0.00758230464867657,0.00101421172528177,0.762828866230598,-0.618983505670696,21.1562878237903,0.0672554995128521,0.403260087613148,662.273070060642,0
0.00538924533214183,0.00144582113850707,0.206682340751601,-0.336916256530827,217.657666918595,0.130246503170063,3.83187755582974,4989.30441167398,0
0.0102867530490691,0.000353928096020942,0.0625231084468148,0.115228151142446,134.219573967806,0.120440193317168,3.00225803899324,5000.04884907822,0
0.00551102377653501,0.000353928096020942,0.496573656350846,-1.22213439202407,529.993118511623,0.0425297510492866,1.5217482807727,5000.04884907822,0
0.00755085156220101,0.000936482470710329,0.818640333653836,-1.69717426962563,1100.16635215982,0.0462352659357647,1.63857001765667,5000.04884907822,0
0.00937352742582622,0.00116838619347776,0.112092514642018,-2.07031674906148,129.740781499568,0.072809530892766,2.12946460782387,5000.04884907822,0
0.00596772905718665,0.000353928096020942,0.425369075992438,-1.03481582372171,350.094721051886,0.0670065748097343,1.48137127099024,5000.04884907822,0
0.00814559031564442,0.000353928096020942,0.490460581557931,-0.0433335271668738,242.313929424894,0.0535736789117702,0.140601697739805,47.9004969439111,0
0.00997968246894932,0.000597790604472752,0.0827018484381449,-0.0676008351810402,117.448770932169,0.1256554205664,2.72832320999724,5000.04884907822,0
0.00653655865550075,0.00132772593807197,0.866315740525316,-0.939007641228313,372.356570764455,0.0802899424242352,0.59132650690339,1316.38063658769,0
0.00980790823064502,0.00169918812318813,0.136731773148762,-2.40228775269464,154.222951605416,0.0723272208216702,2.44883124240449,5000.04884907822,0
0.00540549779797968,0.00161532914136775,0.959977226525286,-1.95019661484291,1244.79752959381,0.0525150145596941,1.74123225787011,4602.49416856956,0
0.00921735891596084,0.00097621823517444,0.109707328617629,-1.70403058583856,124.353868347565,0.0795494836706422,2.65535307717372,5000.04884907822,0
0.00629020893633131,0.000691794061213865,0.325811955218718,-0.443169915397128,273.183488478902,0.113677056318786,2.69677412595436,4980.52257395712,0
0.00832546155489109,0.00152897713392429,0.157695444907692,-0.868013029396501,171.638901640939,0.105142745661122,3.22574706710918,5000.04884907822,0
0.00589867474798395,0.00183698437327542,0.91347268500534,-1.27674711382577,631.284188360733,0.0913436842939796,0.828252617280486,1921.76017597929,0
0.00898591675015727,0.00183565269121451,0.161231563505431,-1.25736503457517,177.696170811565,0.120544424616465,3.1980069700636,5000.04884907822,0
0.00905854150376126,0.00165752690979942,0.100640540831404,-1.01003502374385,142.942270638919,0.0849206182507793,2.43097897646609,5000.04884907822,0
0.00701194703551266,0.00203955609239416,0.919911642080394,-1.68606374376314,1031.01095171256,0.0870156387540932,1.41589776755364,3634.67189555555,0
0.00744808568211167,0.000353928096020942,0.518467417424993,-0.164920821640167,180.584957695507,0.0517751625018925,0.140601697739805,99.0119887020892,0
0.0068799061779704,0.00131586465654681,0.910857945874598,-1.88408446925886,1315.83754339737,0.0427751026556368,1.85888674836878,5000.04884907822,0
0.00605647673379561,0.000353928096020942,0.562637808531602,-1.35328394775649,635.336733664001,0.0426663645937908,1.49552846830825,5000.04884907822,0
0.00826753546621603,0.00166639590395087,0.149255482560668,-0.319247255583861,181.235499048798,0.130113305869971,3.09780443581309,5000.04884907822,0
0.00994807498185215,0.00160195574644162,0.155488617099431,-3.06106121853065,158.337818765479,0.0781617674845056,2.3912605206477,5000.04884907822,0
0.00691319028299553,0.00134827399352573,0.851831190629942,-0.830726917165593,181.608184300551,0.0742014047420051,0.601672006421222,1269.82186972421,0
0.00579180339428315,0.000353928096020942,0.695494922699756,-1.74645098277843,906.174343265023,0.0655413495218212,1.54530416457773,5000.04884907822,0
0.00504667856992132,0.000580723648221746,0.85775266727481,-1.34838985826719,761.691259291644,0.0640366637435423,1.46220132204805,3330.52058196538,0
0.00775926678911077,0.000963176833914031,0.714798267405555,-0.78168797184007,-48.3642539305941,0.0498098296264902,0.375973938527402,683.327370623329,0
0.00758060023629687,0.000487533415606428,0.138290726186954,-0.187303863164519,157.442435746316,0.0698056750702357,2.69400410884619,5000.04884907822,0
0.00736031520809686,0.000858764954904454,0.696909442240969,-0.645725555038996,-52.4069462239923,0.0604689907296191,0.309156311847392,465.29308086363,0
0.00706641853391867,0.00119822468056711,0.835821942351219,-0.752255432007137,119.194440270387,0.071030294687755,0.561576391521473,1165.63068334984,0
0.00844472248450379,0.0013474020923276,0.128021978471428,-0.503165624155943,153.900044466924,0.0890464643288441,2.77332119085861,5000.04884907822,0
0.00618086106419052,0.000760968269641066,0.860521804710602,-2.09596191770924,1237.74845877256,0.0575409238440749,1.7223253208559,5000.04884907822,0
0.00740378852624615,0.00165231249918542,0.842628418764364,-0.940157811116567,221.529230610347,0.0721682425334407,0.654224912422572,1411.84508616963,0
0.00731354072127418,0.00127884265449236,0.837773767091832,-0.629532319460472,211.968502965245,0.0869744061592422,0.51961293943967,1063.21795570046,0
0.00627078717699554,0.000353928096020942,0.514981861542001,-1.22787459778969,482.511762875287,0.0617823436703584,1.38957324430046,5000.04884907822,0
0.00931741529571625,0.00169644944170357,0.105353831132663,-1.67493378823721,142.777230890517,0.0782652148392436,2.15821054906211,5000.04884907822,0
0.00762708043385175,0.00184372775132191,0.898743966193891,-1.35618200985979,830.494939458358,0.100424032276321,1.13493174653712,2673.88118863649,0
0.0113789316648921,0.0004118287847909,0.0779554390510533,-0.0257797861238307,139.809490009112,0.122961249160544,3.22994766496195,5000.04884907822,0
0.00928365636333531,0.00154066753747549,0.0790314697264649,-1.22597484570559,142.105223809452,0.101778145183043,2.28678025657541,5000.04884907822,0
0.00600347677146033,0.00182691501021368,0.958158615106782,-1.7265208844661,1268.34721753155,0.0556094394299293,1.84102951526355,4675.78474143632,0
0.00616467311111784,0.00167310909547631,0.876111914550227,-1.19915245642772,493.736947210244,0.074085099994463,0.867760455563498,1939.78779780377,0
0.00680486065541235,0.00105972653214529,0.883202718874446,-1.93114291793557,1273.31982485548,0.0410075281482142,1.78294426562182,5000.04884907822,0
0.00649211245160502,0.00149565217415988,0.855673367463013,-1.11481328278984,364.490939910542,0.0692832942750278,0.707020489617038,1510.55491226127,0
0.00958211619895767,0.00159647277322692,0.111697213285316,-1.74897307699629,142.739770771893,0.0649045579434182,2.30087264280961,5000.04884907822,0
0.00972144522115558,0.00104762960853307,0.0836502639288387,-0.455900204153661,162.765511157738,0.137923318685591,3.20220863567042,5000.04884907822,0
0.00789065060279005,0.00108738938309065,0.126199953412962,-0.219904097418374,153.563206106538,0.0846282581390373,2.77398419622965,5000.04884907822,0
0.00608380089062316,0.00137031518024114,0.866223315548134,-1.26852099933411,523.546426218711,0.0729673735984894,0.759577480066071,1632.66993608883,0
0.0100887463636899,0.00107827370871505,0.0871860343173598,-1.29779078682738,132.553926326959,0.06944938807571,2.63619141415267,5000.04884907822,0
0.00651922863072537,0.00168980965608127,0.857896844097356,-1.17525882561265,423.016958289002,0.0712606699530967,0.824550028559616,1773.67275492551,0
0.00632128724485323,0.00125879686909701,0.890384957795636,-1.31991335660801,706.258984069297,0.0816751959203905,1.06623183507449,2412.11312295857,0
0.00987816318786145,0.00167420724554104,0.137548860657708,-2.6562824890105,153.197069525309,0.067802058266025,2.27684205983541,5000.04884907822,0
0.0092012805345195,0.000660310816895524,0.0781157303731392,-0.962021780979576,117.387673497294,0.0846102787804517,2.59661803665068,5000.04884907822,0
0.00784787281125192,0.000625062939268116,0.174448048093706,-0.666361784872371,175.47795787588,0.0786263941864921,2.93122214862287,5000.04884907822,0
0.00760575113828884,0.00234022069585194,0.944622158317942,-1.86958158530522,1198.06241135415,0.0809395377750463,1.55400480507006,4261.83216114705,0
0.00618057161185305,0.000353928096020942,0.309629993298201,-0.735086109366777,224.611469968808,0.0594767577375135,1.54117156762874,5000.04884907822,0
0.00619774442808614,0.00164598253530058,0.89458877191901,-1.12315868243799,455.067356568865,0.0823418497380353,0.705073188468006,1594.24379444406,0
0.0061289565353924,0.00169928279929926,0.926900424473743,-2.08990270006237,1233.70519157597,0.064517776845062,1.7285946423271,4731.91593758369,0
0.00611317445536977,0.00144228541367116,0.863267964956896,-1.25524847904637,480.669604706909,0.0699715665443868,0.781712335807734,1667.81649338354,0
0.005796455894627,0.00104227955160989,0.844411250933457,-1.20219591586997,527.811509500629,0.0675513848583526,1.08805869206927,2431.49883348034,0
0.00643664440419765,0.00204019510277274,0.953870908637225,-1.93095692356025,1201.60228966179,0.0683697383232589,1.58995698143403,4309.02257886873,0
0.0066975016006518,0.00137957356044085,0.864963143778186,-0.849967772357298,249.809778039472,0.0783760703588237,0.603060842483989,1302.86941181937,0
0.00860971229400743,0.000691024983075659,0.782373023744331,-1.48675023355358,960.894926738895,0.0544732658829527,1.56004756038477,5000.04884907822,0
0.00971729867210804,0.0012425431826701,0.128120625036915,-2.57541670140446,136.215753769641,0.0583373195055892,2.04582734578654,5000.04884907822,0
0.0061952850213559,0.00141039586021873,0.879188858148836,-1.1990975763274,588.203934410962,0.0767564974818408,0.950061125025941,2132.89273576347,0
0.00660987114004315,0.00195975008149415,0.979415162626463,-1.96444996115319,1320.23340402934,0.0541711987058336,1.72087156146823,4804.95291994963,0
0.00993092178645138,0.0012536689069729,0.0838472631936674,-1.05017807754445,102.196032168765,0.093992995728487,3.12357334364824,5000.04884907822,0
0.0060320899953721,0.00166658492282602,0.902429299052784,-1.22063322133649,604.356740199601,0.0827828430923739,0.866240979434868,1983.24162843932,0
0.00523848192466233,0.000792058011676374,0.392622471677673,-1.03401794011762,329.382376316267,0.083629475130483,1.51365885474044,5000.04884907822,0
0.00698263829895312,0.00096566230707455,0.765625906486815,-0.817039152234401,245.118367696253,0.0585876984588867,0.477074316673479,788.844935004653,0
0.0079527947443264,0.000353928096020942,0.604730099058683,-1.24842608728391,591.906339665333,0.0589050065163881,1.48278877037254,4925.99371795222,0
0.00659765187359587,0.000856279548669432,0.677173089535454,-0.834567651112723,24.3608823165752,0.0418037620712071,0.345583842801675,480.73810068421,0
0.00889515919462243,0.00127113233222429,0.11401774696371,-1.31330077378171,154.216587833548,0.118855079608528,1.97260909007203,5000.04884907822,0
0.00734373158837086,0.00104382932761394,0.809938278028628,-0.674633888829346,54.7746773413679,0.0662247676663238,0.502656925987751,992.930546732422,0
0.00748466115493378,0.00125046604649041,0.801301647689789,-0.81108267610337,125.296649015309,0.0613281026652218,0.561930699113565,1175.90216386779,0
0.00541374298495484,0.000931126410721549,0.240515820200656,-0.411544556437145,222.860838552437,0.113321304117774,2.95634837106153,5000.04884907822,0
0.00938235265129278,0.00103952651903575,0.0986695915731143,-1.72045424674788,124.042458894438,0.0691619238076201,2.27625401986939,5000.04884907822,0
0.00670547477664444,0.00176807028008477,0.888812616666981,-0.986394321901681,401.177929321593,0.0879183304402841,0.70477388794306,1517.11151968934,0
0.00570155478171169,0.00165032071423534,0.969176126050569,-2.06692089783709,1324.77822907952,0.0478612507493191,1.79116123953892,4946.21228277939,0
0.00815670247504357,0.00160564270313917,0.111893034534597,0.303219715100105,165.32060623014,0.117477307624242,3.14321147351226,5000.04884907822,0
0.00661343975644104,0.000353928096020942,0.153373336820325,-0.0421683367479193,165.990785826957,0.0681251812174437,2.57253711151437,5000.04884907822,0
0.00820766297001828,0.00137249601051528,0.0987726871912473,0.305524679788427,146.503425623273,0.093206816309457,2.89570407366469,5000.04884907822,0
0.00728166653180954,0.000739942376049641,0.653826954236256,-0.349572928266379,-48.3493720815812,0.0803555565137471,0.278228609233149,293.007136549185,0
0.00715335421794301,0.00119424728942571,0.826972416747352,-0.87389097215215,410.350522403574,0.0838455666468189,0.568353437324141,1134.21762116904,0
0.00757863577970817,0.00214039579356361,0.920877551775713,-1.60137334440797,1009.70821122873,0.0873473672593226,1.37523115322613,3432.98697112358,0
0.00991469968171333,0.00141732068437233,0.143463533609908,-2.99832567477624,147.738230357924,0.0609809230658559,2.05846028198584,5000.04884907822,0
0.00663126134262672,0.000765483883723745,0.872512237484357,-1.84642268326896,1268.13830631468,0.038913621671154,1.93506456562342,5000.04884907822,0
0.00547480647390831,0.000927983924032777,0.886950364566238,-1.38001361468552,739.806881670644,0.073664646426078,1.21300703813857,2820.05015766656,0
0.00534798916830862,0.000881465589757083,0.885542864775237,-1.38983868279072,705.719776339185,0.0728284528318089,1.15949856852157,2750.67352806746,0
0.0107151502125643,0.000516193498050351,0.0661733895129231,-0.159373952036027,123.342320596079,0.115298991516555,2.9620412155028,5000.04884907822,0
0.00910811561807175,0.000784907189446652,0.0912222555538092,-1.25986654690342,118.260422097295,0.0825811379028035,2.63311107897707,5000.04884907822,0
0.00566212104975519,0.000725767748065768,0.198615241548474,-0.286374754111287,193.311520002066,0.0969748452446671,2.75510424238355,5000.04884907822,0
0.00933821863716004,0.0013743399578044,0.0988960940875957,-1.90708081839737,133.415561891858,0.0794113829410341,1.74608435570671,5000.04884907822,0
0.00935204151509498,0.00146368532529277,0.0833761036705477,-1.4999758561297,135.361626436193,0.0888804244979127,1.97090615452704,5000.04884907822,0
0.00699652620619504,0.00212098152235229,0.919452607791414,-1.76235950275981,1070.45614155734,0.0868464913394781,1.47961837050381,3842.4300298343,0
0.00588290120748054,0.000902250688274353,0.425795542914644,-1.00455192940856,351.456063820448,0.111269953167765,1.76463423746802,4921.06224631176,0
0.00668529959001138,0.000946607872154011,0.732637640950517,-0.789525405925178,108.578652711412,0.0513158421666145,0.403002326215118,588.850502241995,0
0.00736604773775797,0.000958021757908736,0.814240842860428,-1.68760673950869,1108.72377959462,0.0442776796846256,1.68618430198339,5000.04884907822,0
0.00932828168458151,0.000878686882306605,0.0855513871339075,-0.403075516004883,157.703599334507,0.136271599254078,2.86461659568828,5000.04884907822,0
0.0066124372980536,0.000353928096020942,0.579070297623619,-0.81428397530878,78.3343827279894,0.0316239343211322,0.175933992839671,277.942650274402,0
0.00729111075282501,0.00166015971392416,0.867182108600239,-0.711267579474457,313.686705605864,0.100638411248408,0.604732417797075,1248.93261526877,0
0.00603090394654651,0.00145046027225177,0.883257607266485,-1.21074630784752,581.841373258565,0.0761548850600831,0.933175294062253,2123.3217243767,0
0.0100365213293854,0.000353928096020942,0.0658242792914435,0.337020195395438,142.196778625049,0.13336745437907,2.93522021042433,5000.04884907822,0
0.00930516310617989,0.00113205676555516,0.0845102228569506,-1.34573536478784,128.896227433332,0.0872844216340937,2.09772130459306,5000.04884907822,0
0.00524513418503429,0.00129186389237215,0.921538690716377,-1.73290428877456,1026.13143910459,0.0634499223999543,1.53847226467967,3854.88956046711,0
0.00670444004926828,0.000353928096020942,0.760814872615891,-1.63994397036035,1062.16089563257,0.0378224363756524,1.82355217317601,5000.04884907822,0
0.00781105939277599,0.000998780939810722,0.710111182490774,-0.785444983802242,-29.5618254047311,0.0478041188988002,0.386669223054926,722.759132567171,0
0.00653574162929382,0.000353928096020942,0.645367865301237,-1.42270518363952,812.53803740568,0.0379870635554297,1.66895469772715,5000.04884907822,0
0.00671914511139498,0.00155067471755372,0.876040621982532,-0.899217555944659,300.433206960805,0.0830260144114685,0.643552810385042,1385.38336714003,0
0.0060076176863895,0.00173431872028732,0.951367189966503,-1.71607017513865,1267.34380673319,0.0541187117107937,1.86903378059947,4732.76531177752,0
0.00575170726776742,0.00170964826683627,0.971356595070063,-2.05307146571085,1318.6544512399,0.0493039363363533,1.77276927445756,4887.71377362863,0
0.00565862765164727,0.000599574066806518,0.210097503168058,-0.352071415414189,195.133835744276,0.0930227194763588,2.50802879626014,5000.04884907822,0
0.00801251433043135,0.00157950709843873,0.172926633580623,-0.865969874671577,182.062612121533,0.113197787317303,3.44429951789316,5000.04884907822,0
0.0100439399560821,0.00122977157887287,0.108289160401205,-2.02503448473572,134.35251798988,0.0509593016870647,2.06300839946538,5000.04884907822,0
0.00635958609973454,0.001583486793402,0.865008498226028,-1.15221962738398,505.588507707718,0.0732524693610287,0.912186184789383,2051.7293273607,0
0.00920061952424411,0.000496146411902829,0.144212612800202,-0.050010939816496,176.251612120801,0.155333964487959,3.11888960903344,5000.04884907822,0
0.00677437888065115,0.000353928096020942,0.615881330820872,-0.502006605342878,-18.5545855932285,0.0563720984477083,0.197072277633795,270.147642420493,0
0.00704546469367509,0.00047642573331363,0.258926409783741,-0.423205244813299,219.946878697317,0.0911236114659805,2.85391490241939,5000.04884907822,0
0.00612891463541475,0.00184720870957869,0.926168965152909,-1.45340838762403,1023.7329890964,0.0733020099092396,1.56510069996032,3610.84756856282,0
0.00618601317957094,0.000361864836509172,0.56263538829526,-1.34919457993284,575.612739629728,0.0790261664961792,1.3452557327269,5000.04884907822,0
0.00508459484362603,0.00060128591855068,0.860744994035908,-1.37287657810133,651.489498295052,0.0665661036405912,1.24174224789709,2894.37538896899,0
0.00982016870946271,0.000694808028410897,0.0758079389218129,-0.912922431913739,124.6103361155,0.0771581269343679,2.8114545172436,5000.04884907822,0
0.00662407190998168,0.00137532672452513,0.839452036839906,-1.07248281481913,339.557656276912,0.0653031033205295,0.681956688001151,1429.11712848208,0
0.00896799657077747,0.00134340011498266,0.871893415665622,-1.54607979392995,1120.41939556403,0.0593701506830802,1.63990354358666,4906.92895852143,0
0.0100230193769983,0.00164163547313614,0.150172474201618,-3.07813302881872,157.243239139595,0.0683012573586929,2.32311015531473,5000.04884907822,0
0.00952711874833737,0.00083550256549653,0.0937632826252316,-1.55355717097911,113.536883871502,0.0585683852076197,2.86075457330106,5000.04884907822,0
0.0091537739392613,0.00160902406745076,0.169521687333159,-1.28437205141481,189.827370068272,0.139594143369248,2.83640182758399,5000.04884907822,0
0.00762785101692934,0.00111418669994886,0.748301433663041,-0.786315696044151,93.5413855786078,0.0472937752487046,0.486075053410188,906.301741265384,0
0.00672358877076303,0.00208171897876769,0.910090361215127,-1.07196715471134,596.775697175901,0.109271331266142,0.745933003280145,1650.97169187233,0
0.00851369939538644,0.00173822391754166,0.188752536573659,-0.33842140347124,207.695687934559,0.149897762901438,3.55780140479395,5000.04884907822,0
0.00871040982302184,0.00166903344651815,0.111875995022312,-0.465882582562719,175.581667349846,0.134302885613768,2.96675815522306,5000.04884907822,0
0.00542961389779513,0.00148295270407851,0.945219527695264,-2.06887942763197,1245.96784124078,0.0515039658618899,1.75331394845601,4749.10945538508,0
0.0062651516605954,0.00150867145642122,0.90038244828273,-1.42596949105017,785.113803297236,0.0948143679398012,1.11489290520912,2727.9717670137,0
0.00728985458936505,0.00105581024753627,0.741108691326805,-0.848719596269395,193.0405077926,0.0405413735006186,0.520071052956096,896.226060490555,0
0.00763388706233653,0.000988372995774573,0.10861794290621,0.281209641578124,147.682060899732,0.0822269488799146,2.83761681249193,5000.04884907822,0
0.00923832310611945,0.00141527297442441,0.119566907311851,-2.09128969055653,143.875111373997,0.0935933479280123,1.88051754401034,5000.04884907822,0
0.00524088791844338,0.000617814130648495,0.305229058755338,-0.881208933686799,250.281563759298,0.0899562119302151,1.74346826841805,5000.04884907822,0
0.00619581560730469,0.000353928096020942,0.336033100706055,-0.794869113290634,247.072043170401,0.0515446254089961,1.47880609967384,5000.04884907822,0
0.00629679956667629,0.000661997205865038,0.386327896634406,-0.793781016001768,310.676026570459,0.108356433170405,2.08617637905567,4959.86742890813,0
0.00623554146438513,0.00159002174600071,0.965554320293068,-2.13020003303689,1378.77676849919,0.0447438752898863,1.80244669823545,5000.04884907822,0
0.00614120856888202,0.000353928096020942,0.228940422544442,-0.394233561160831,186.998506604589,0.0773400535473095,2.09859197700645,5000.04884907822,0
0.00930727828232552,0.0014220091437986,0.0953856761021449,-1.82190076395862,134.456761043352,0.0823820874785542,1.74092394165518,5000.04884907822,0
0.00627910525273954,0.00140608664422255,0.187617350126448,-0.408296135954167,195.640125205938,0.117765193498461,3.53463711537652,5000.04884907822,0
0.00526851446448167,0.00116673101842833,0.910421604851346,-1.96076416747033,1122.27547716926,0.0549009225521582,1.71329944273515,4455.90347989309,0
0.0058822993391534,0.00167047030461641,0.896889800784142,-1.23889574424486,553.550301672484,0.0783634606305239,0.853132213447271,1953.74816924375,0
0.00930420714189477,0.000353928096020942,0.0660664678910131,-0.0481473217495081,122.519844183466,0.115891627093616,2.63338294171297,5000.04884907822,0
0.00647464087473458,0.00144598801823841,0.252536832487481,-0.454863552823973,236.129663730238,0.129342617893934,3.60894554852459,4963.57405722725,0
0.00707111298884377,0.00135484962313408,0.824912098631758,-0.918274293837436,216.523325777856,0.0649322615535187,0.612430746114678,1286.43180004665,0
0.00544438869130401,0.000928152336411557,0.875902208104618,-1.29996356797208,641.664752581594,0.0720658227902681,1.10771002807843,2569.21301393614,0
0.00724228003607357,0.000802209263975951,0.678416109214909,-0.513793351319118,-49.6931294052003,0.0687687412725421,0.283065488632769,377.620668598624,0
0.00988369790868882,0.00100169485523896,0.0719224084478384,-0.652575738671668,142.961414987974,0.109496432174507,2.92262134384979,5000.04884907822,0
0.00898008490107967,0.000590822354523087,0.0933142633191091,-0.812376785205342,123.537520089021,0.102460722083424,2.71766823617784,5000.04884907822,0
0.00573490884335334,0.00136203658333362,0.950553861854286,-2.1685792317637,1345.1324711072,0.0436931452688368,1.83881619146162,5000.04884907822,0
0.0114464150187856,0.00116564605441265,0.0966167199457597,-1.33060304892411,123.553094440585,0.0641783043892542,3.73540509594099,5000.04884907822,0
0.00585219769237209,0.00108911297478372,0.875741367265277,-1.55157258689524,791.057812128739,0.0815281710801859,1.29923329662118,3159.222111757,0
0.00659816019556534,0.0017815950180275,0.878241196415858,-1.13268222598886,481.868980999753,0.0768549890215598,0.822462280349666,1815.4114406532,0
0.00744770702912278,0.00159203360187257,0.836595157581042,-0.915817450614169,198.441596225661,0.0710384426581652,0.638535803597416,1378.48047365453,0
0.00621754210694494,0.00159005520244412,0.888316922957834,-1.2002059950188,574.45018142682,0.0783640825843443,0.888271931695418,1996.84680750166,0
0.00661144503649873,0.000353928096020942,0.329083133101429,-0.745412600558505,231.362463708776,0.0566290335870742,1.61829854994883,5000.04884907822,0
0.00619688716322192,0.00123577420687475,0.227864769684386,-0.405825657570245,216.326182238106,0.117661236257138,3.37853613183681,4998.79135252627,0
0.00949460094447461,0.000905392678870273,0.0927079859411182,-1.51641652145463,120.85644662272,0.0643350113286623,2.50772096953557,5000.04884907822,0
0.00716186176993695,0.000494721230519171,0.628408182229704,-0.589492707445985,-32.1849239361511,0.0545524643243816,0.212290070057369,352.004314515611,0
0.0073346006340834,0.00161449600247415,0.18433179256195,-0.644248351911638,192.722060509948,0.123223464930117,3.62524337682408,5000.04884907822,0
0.00658105087970938,0.00148087428901154,0.898997340119396,-1.30204703944589,724.70067716555,0.0891411408618914,1.00308156058756,2311.46278491485,0
0.00660496370676078,0.000353928096020942,0.2273755944573,-0.316829088198281,179.421563637488,0.0641951627344493,2.0707616610944,5000.04884907822,0
0.00501602033738047,0.000353928096020942,0.83132480460466,-1.45733511009146,715.142390849479,0.0582956762506515,1.49895414576576,3453.27694918616,0
0.00652751899204409,0.00191848387451322,0.904945811213726,-1.07283793064965,540.668614860744,0.0948673373779989,0.765671491735144,1689.17048192262,0
0.00638205606846315,0.00138315945709377,0.878105625415721,-1.58660434626529,848.604786266679,0.0881977284146491,1.35077820440891,3302.74414476417,0
0.0049824146835498,0.000561534193280459,0.865267405177032,-1.4117730760057,717.006328034953,0.065451510278255,1.33770377822398,3123.97505405208,0
0.00811503353918199,0.00166136437624781,0.160662160130438,0.0474074594536196,194.868498363649,0.14013076396989,3.3659635439888,5000.04884907822,0
0.00581607174657613,0.00145027998680745,0.862887487380722,-1.32924284113042,547.323664858391,0.0709261443290317,0.945382586101187,2023.95928441715,0
0.00716485401998071,0.00105734552545702,0.793109384268359,-0.77391039039758,268.000666762322,0.0691114489638172,0.487924542853514,886.726112822857,0
0.00537373593681452,0.00081737973577532,0.846697926448254,-1.30439863281809,572.561833327686,0.0666628261800593,1.15685058972892,2606.0292735912,0
0.00609986248782105,0.00175154218249668,0.931863735421536,-1.78940086571209,1076.00206659927,0.0718233925043394,1.49893454117785,3887.56182791058,0
0.00536140988899368,0.000902323008984037,0.202783919707105,-0.321433716649264,202.270145092266,0.106595615485478,2.97088635402694,5000.04884907822,0
0.00554887069166464,0.00118279202314274,0.930209391766463,-1.851806269752,1256.21126809289,0.0456423238420463,1.91500629103465,4927.9598519628,0
0.0064004879185362,0.00136857038679849,0.86779308171912,-1.15805979998584,575.28131599543,0.0760663048183048,0.975526103986124,2167.58219775497,0
0.00601155754841415,0.000353928096020942,0.585623288921657,-1.44990059780633,645.522612911345,0.0674708890523734,1.36579902457486,5000.04884907822,0
0.00714135413247425,0.000825946094160407,0.685417976111353,-0.51015385167612,-40.9033019540774,0.0705035525903671,0.295251559160121,377.957670970306,0
0.00490736227614456,0.00114716985750105,0.914886523014948,-1.6614651472108,1067.03505156258,0.0573583084759959,1.70978054911942,4138.71098353192,0
0.00491229671246431,0.000423883204936074,0.856801715940432,-1.55064257505934,789.44892371601,0.0601077679906338,1.49048049439912,3538.57385512034,0
0.00945366419469246,0.000910835435772276,0.103585982627957,-1.77126486092257,116.631553363938,0.0581853233833818,2.84006162184184,5000.04884907822,0
0.00493879102448754,0.000353928096020942,0.846646232403013,-1.52392447795612,765.532280018215,0.0591102882941889,1.50247215573773,3529.72575570694,0
0.00771936225080591,0.00102575355549871,0.714485556213561,-0.78497432453598,-16.1927050361512,0.0475742003792421,0.396127493937251,723.11303724966,0
0.00695337277178197,0.000743372097748435,0.673377912177417,-0.666601274101075,-54.1712680799006,0.0559282166524325,0.276999563980839,405.42498487694,0
0.00588255800856218,0.00100663735891604,0.9056241585344,-2.18747321820676,1289.53624068952,0.0488321938019902,1.85804294001975,5000.04884907822,0
0.00696073778268979,0.00125751111053688,0.849433143007106,-0.723879437259265,236.869846507926,0.0816264602258938,0.539534262599805,1151.77905530008,0
0.00723745718074158,0.00101429831976685,0.793410381096755,-0.706195098746425,61.9439621240136,0.0590891527190264,0.469374033306015,881.136952517952,0
0.00750120503319838,0.00100018423311734,0.741034562565956,-0.759010674888373,-19.8146632556011,0.051244582314864,0.408223564428445,705.413770126145,0
0.00894153451006494,0.000744933439639417,0.11018954559435,-0.812232397068112,143.256935922824,0.120437942829561,2.49649666955173,5000.04884907822,0
0.00667869194312421,0.000953681249431344,0.718937196533846,-0.783755992596374,44.4842967278061,0.0494274804996991,0.371777537384646,532.34537736983,0
0.00533736355826239,0.000912058417332696,0.176422229528396,-0.260777048389578,192.28672689651,0.103794174907934,3.06857430342422,4989.25398506444,0
0.00580003156968609,0.00129286795698127,0.948977044857561,-2.11605661856988,1352.67285547452,0.0411414700584315,1.87411857802262,5000.04884907822,0
0.0058007890035842,0.00145625045173407,0.916371646229964,-1.72569267577237,996.369411638672,0.0717968248971275,1.45337898893805,3703.23047829664,0
0.00810180954449393,0.00119337935827179,0.103080200631657,0.246376582005093,144.58454042024,0.0848840193933544,2.80636659443307,5000.04884907822,0
0.00722893818553655,0.000353928096020942,0.209468551184387,-0.457048537416398,186.455293053966,0.0691209874176438,2.58038110929732,5000.04884907822,0
0.00706791846040699,0.00120840504853586,0.148396679535175,-0.328971589377463,169.64734212938,0.0998830237770869,3.09170117263821,5000.04884907822,0
0.00589513959836185,0.000528003466481899,0.472909670264635,-1.0918440206721,405.641728168817,0.095634258911975,1.52408203436114,4926.95434274481,0
0.00764504888309515,0.00117769186091868,0.790817095484871,-0.764305500999198,72.2800263778488,0.0594600466703385,0.533581367599108,1112.49572786077,0
0.00513185393056052,0.000353928096020942,0.392705824037071,-1.01627636800011,343.834104204227,0.0560736498109291,1.41557349769733,5000.04884907822,0
0.00605580015097358,0.00138758127026256,0.950647819410984,-2.18497308826054,1371.13397496945,0.0437153331426255,1.81941744460829,5000.04884907822,0
0.00778425614652885,0.00239208518407593,0.939470404935528,-1.80989015191719,1164.50434973235,0.0842933128345973,1.52169321004195,4097.99089238863,0
0.00970021499296912,0.000353928096020942,0.0665764558432667,0.336661850299272,138.999016232731,0.133318999957148,2.7875365578113,5000.04884907822,0
0.00918614913976719,0.000880129079399889,0.111736467542575,-1.39455146057113,125.752806233436,0.0908792523014108,2.87695527535202,5000.04884907822,0
0.00582587496218299,0.00107143530788503,0.877395533925905,-1.2669253032782,706.348997285055,0.0766593590900804,1.2010960696756,2658.57838273524,0
0.0090316002235566,0.00127282250490536,0.15533560925451,-1.01519596430814,184.136213197238,0.143816064407218,2.54292855705221,5000.04884907822,0
0.00735856898272398,0.000990942665636687,0.757252563857333,-0.733277719015102,2.4073074333084,0.0538142821009772,0.418628164097311,715.192539097179,0
0.00699243317358586,0.00163771536703288,0.900835149654224,-1.30012198526869,763.42273173106,0.0966840156925328,1.02622304086171,2387.85358249371,0
0.00601201402936911,0.0015281379567285,0.191009821925921,-0.314776741375691,203.674988110264,0.127566099485811,3.79973855452743,5000.04884907822,0
0.00625459014622105,0.000353928096020942,0.684459126087034,-1.66844120151376,883.031012205306,0.0443585836399353,1.52467275198246,5000.04884907822,0
0.0111278728377546,0.000366080191930645,0.577712946985204,-1.11403863496193,565.03315212623,0.0551959962750908,1.52651558961807,4932.09732243533,0.25
0.0123791940911112,0.00237443169050536,0.87678493138908,-1.20948476036419,512.332424708648,0.0528337909826765,0.69572245390829,1612.4889865821,0.25
0.0102819739847722,0.00107289916916927,0.787296454883987,-0.476876635378373,239.081789978125,0.0672635661849579,0.410080147627701,785.151273420516,0.25
0.0118317690956172,0.00262059630764265,0.882476157845475,-1.44334758879553,879.655035122452,0.0563457797265072,1.16858318324334,2899.33167655573,0.25
0.00852932710285174,0.000493070211185086,0.239193729677794,-0.761581760283372,200.064271080009,0.0594809198195014,1.54843265622538,5000.04884907822,0.25
0.00913098268450641,0.00100435236158946,-0.043416316950639,0.640189498588625,39.6567493028465,0.104186096114079,3.13447849219825,5000.04884907822,0.25
0.0129685111540427,0.00278100934372449,0.829657195666279,-1.39951216601931,1120.65432147113,0.0608070426494094,1.73590533357163,5000.04884907822,0.25
0.00734645002842296,0.00223192976386779,0.35447948858543,-1.0014942417098,299.155766909334,0.0772680255298499,1.64747094937851,5000.04884907822,0.25
0.0117063354177873,0.00197562465491965,0.780517047048098,-1.33783723580995,1001.05574153937,0.0655021951819602,1.61210997701596,5000.04884907822,0.25
0.0112864015625674,0.00393994286722162,0.906062025937074,-1.50902160028343,1175.29021238325,0.0773480992753316,1.5664765003067,4314.59167874745,0.25
0.00774967165598319,0.00147507768516382,0.273684324100241,-1.02634609617237,238.118142889808,0.0863296623501087,1.78340341730798,5000.04884907822,0.25
0.00846869168523869,0.0012363801221157,0.267444527574947,-0.742216337419717,242.581967663542,0.10743300080045,1.81593272474567,5000.04884907822,0.25
0.0106398938287703,0.00261548082776923,-0.0261017273609933,0.698484575726097,62.097390691931,0.109779454460124,3.36809369079033,4979.87975817811,0.25
0.00918771518711549,0.00159148541582627,0.463243016557149,-1.11861687934529,433.923202644946,0.0520957777698773,1.5684697988539,5000.04884907822,0.25
0.00866538327234294,0.00152093622709437,0.485280492090493,-0.987615777430146,421.864882913592,0.0749171908905523,1.49338871609714,4965.96156564474,0.25
0.00820843588241611,0.0021491808940572,0.296285757879093,-1.08766865605841,257.68799298467,0.101047665173222,1.91565087005284,5000.04884907822,0.25
0.00901294792251383,0.00108398730920002,0.487098471141321,-1.00606074031007,432.033742223425,0.0671266552238806,1.53398348430582,4987.13215231087,0.25
0.00894167390530093,0.00154836622298431,0.446939700506218,-1.00359824102726,393.164330643567,0.0592519760192592,1.59384995416849,4989.03375132991,0.25
0.011677316421015,0.00437400946202527,0.939609309511792,-1.44578628482399,1205.31859567437,0.0714701923449855,1.64957900892395,3806.546688424,0.25
0.00953086945095879,0.00181555170263152,0.0359575612402626,0.660943948953846,92.4081184733712,0.147479223817965,3.68944376409586,4985.03209890561,0.25
0.00875203544548287,0.000666336348759859,0.200867869426899,-0.753523598220084,181.474741907898,0.0645359878431495,1.68577322712699,5000.04884907822,0.25
0.0101019359620556,0.00125748446205947,-0.0310760536260006,0.9655018890296,78.5653880509007,0.145770575027561,3.27944500371392,5000.04884907822,0.25
0.00902319107791693,0.000837474571736475,0.483794302815302,-1.08091850362476,434.325281904777,0.0492913617868055,1.71568905846494,4952.44088121441,0.25
0.00913873196830911,0.000506926025744458,0.225150574895998,-1.00087723532128,195.368503456678,0.0628394596997835,1.82929065225419,5000.04884907822,0.25
0.0127352443943649,0.0029842070129621,0.859029545915401,-1.13361976129202,904.790333442179,0.0892567878843608,0.953415803190969,2558.99149608972,0.25
0.0112466279878659,0.00216307421191269,0.834206839659853,-0.832433999611766,636.32868772411,0.0808024097056709,0.574643198180916,1354.6507842557,0.25
0.00971683257466137,0.000934854277431806,0.142482411276166,-0.325244479988172,133.52207704094,0.0569572090592737,2.34348152463482,5000.04884907822,0.25
0.0100724918259094,0.0006670589909531,0.580498183474853,-0.886170355221711,3.57167896155897,0.0448281525384996,0.218232426136721,269.400508506488,0.25
0.0117277918676955,0.00267389673808093,0.877962820809019,-1.14542579966748,854.010462583164,0.0779141069299385,0.791300868320763,2029.13329795675,0.25
0.00840932344283868,0.00105604662663455,0.407881125354495,-0.889819891936316,356.347104832858,0.0714926438991798,1.61808493014849,4992.44087081892,0.25
0.00900367885417146,0.000998361564484499,0.528588296359925,-1.05249290401645,495.110367373109,0.0666950772172134,1.44052670942743,5000.04884907822,0.25
0.00797400729148768,0.00119557818913219,0.397551468821661,-1.01440791756973,343.044248107707,0.0492437566888101,1.62281263986503,5000.04884907822,0.25
0.0089931691605013,0.000353928096020942,0.220310734844014,-0.689716211145543,182.200358195622,0.0481456402727057,1.81736459908913,4994.77308038013,0.25
0.010095949165467,0.00128503324176284,0.649299500061139,-0.267275387870317,70.7182214375783,0.0747325334159123,0.26890617409658,305.873529587449,0.25
0.00959355246414434,0.00103303823195901,0.796497876600728,-1.03752223300703,432.021283446504,0.0497692248443602,0.537488494923237,1146.95341257292,0.25
0.00821316839655015,0.000883845293741162,0.0104571606115864,-0.150149023060887,36.719542845929,0.0822149719514072,3.62416614976804,4923.63650373292,0.25
0.00904566698126356,0.00092281800802009,0.697260998141303,-1.41102246962168,894.684307020231,0.067187094329077,1.64216820159313,5000.04884907822,0.25
0.00943365118483082,0.000817940040229512,0.54419116357518,-0.0253273121327159,-27.595177367191,0.0634902391223779,0.1651864075738,136.884253340706,0.25
0.0110563861817804,0.00162127843949154,0.800276221738907,-0.463739786339647,442.167334602947,0.0764634693937169,0.47380679983042,989.275639569432,0.25
0.00636665246904962,0.00170957632062891,0.324313229883786,-1.02736187835028,269.482483710183,0.0867646316914431,1.75189204619552,5000.04884907822,0.25
0.0134759290868243,0.00447970330207916,0.952605884162638,-1.47017475244243,1315.46661429575,0.0713022871030515,1.76209962249792,4558.96890866722,0.25
0.00947473153598674,0.00142426059566056,0.499942806540126,-1.15420770143054,482.291177092476,0.0485490321583229,1.57868193681107,5000.04884907822,0.25
0.00998170303431919,0.00132928578820892,0.834464403955845,-1.48060516464325,627.999108575358,0.0525111290292456,0.969334992564519,2098.79875377001,0.25
0.00956499367084088,0.00109644028251415,0.589101480039281,-0.0351261394009333,-14.0563793991739,0.0735804394418275,0.193733172969051,212.299738835904,0.25
0.0112573464139403,0.00231586852241508,0.859932120684974,-1.16048106044513,757.125232886527,0.0803072475440789,0.694040268766344,1703.8789377461,0.25
0.0079775266065782,0.000931636531434002,0.413102707548425,-1.0962966484609,372.804147060174,0.0436998651066254,1.6546959139676,4974.82640440129,0.25
0.0106097750613367,0.00331285725254028,0.868352924904894,-1.53601052550475,1092.41900488625,0.0835404882448534,1.51792868918823,4156.16358849157,0.25
0.0099140093330406,0.00206137855936252,-0.00351838033798235,0.753760896937334,79.9838778994812,0.139474191094232,3.3779799845385,5000.04884907822,0.25
0.00828511070444198,0.00100388957319651,0.359657688755638,-0.792885715569899,294.990197862184,0.0587694898672589,1.69476483357723,5000.04884907822,0.25
0.0100585628295535,0.00258902029245852,0.901796816346343,-1.52004974241996,1005.51959459633,0.0656369441092468,1.34746128172929,3372.37302969456,0.25
0.00938497722604828,0.00138221130851592,0.0863214858533534,0.988375168920163,100.066477242131,0.074215127828066,3.39642513644144,4996.39608584337,0.25
0.00843256779727027,0.0011659646787953,0.249269600541024,-0.723962176100073,218.668856724776,0.0771198198367022,1.61560053503631,5000.04884907822,0.25
0.0106449330656788,0.00128843529413683,0.83178802858509,-0.904862234048431,332.809414089037,0.0564006574181139,0.544560355500703,1197.28052575204,0.25
0.0115032169166643,0.00316555259442142,0.899991765753804,-1.58015584955452,1066.39853720671,0.0603090653502357,1.44882195334503,3722.78859205624,0.25
0.00836852729115663,0.00109663225434282,0.0120102815942884,-0.108669400623386,37.4259998858573,0.0769730005223197,3.50181759244541,4969.17812529527,0.25
0.0107488588197918,0.00116223627237576,0.725277548124997,-0.754037977129503,457.352324067073,0.0591198466289303,0.45868851217757,736.339915805841,0.25
0.0110313161020473,0.00323448585542144,0.854968431435796,-1.40807054044885,1014.23787532239,0.0881219987071898,1.3698659985789,3537.99276377922,0.25
0.00942331172011496,0.00113960985808151,0.799599593747135,-1.05888025861841,512.147954501698,0.0532932462661402,0.593619788030147,1221.11433664675,0.25
0.0121419093870052,0.00274342937500936,0.80435353139489,-1.42302416474643,1132.19881897919,0.0585496266120139,1.84744789713535,5000.04884907822,0.25
0.00798902577156818,0.000992225459065882,0.381532514807225,-1.04975375184354,331.644511855102,0.045529869664062,1.64387876664674,4961.25255463608,0.25
0.0107262638362278,0.000813242377868503,0.783466463233294,-1.70234648318785,1087.33490270752,0.0633367654462277,1.7826401426247,5000.04884907822,0.25
0.00819752670342848,0.000893779002289884,0.252459000869902,-0.948426290305113,223.393506105158,0.0703115684442009,1.7898377208584,5000.04884907822,0.25
0.00959852764023861,0.000773284165619424,0.456991481269174,-0.196419167212799,200.252762476675,0.0314295307455643,0.140601697739805,90.0885817129911,0.25
0.00837907996471423,0.00135554254696818,0.244347207085158,-0.795922312331566,224.488578921404,0.114822467926638,2.01483164826464,5000.04884907822,0.25
0.00885550567370199,0.00155294212153819,0.0307798968925753,0.286012076537664,71.930886164996,0.119979205808145,3.1159174684847,4933.49260908836,0.25
0.00996075077692437,0.00250496050851142,0.00450635967839147,0.536540116046619,78.9840036511773,0.118894242475843,3.25520576453182,4995.17710746454,0.25
0.0102858037284245,0.00110750138769063,0.740908225228233,-0.811677829089342,339.660924790265,0.0510433864885331,0.414949973871241,688.510682033883,0.25
0.00995614179861454,0.000391878283122953,0.508905545215685,-0.65590355029625,90.8052936059943,0.032982712889711,0.15987389163481,106.126387761215,0.25
0.00844998178751035,0.00122155449385956,0.327349008147628,-0.737206469172507,275.811767595714,0.06831602239263,1.67938481726007,5000.04884907822,0.25
0.00763661967831343,0.00221737979718377,0.334729518659891,-1.08587743625438,286.615550015751,0.103206386463447,1.84318860168006,5000.04884907822,0.25
0.0104654567268897,0.00137757334120658,0.84138175304763,-1.52330284634747,730.841939721792,0.0525133786228207,0.961039970667348,2368.01072409021,0.25
0.00889366336891563,0.000779210204586505,0.200801784540473,-0.844537358175844,184.082659568209,0.0764234139801769,1.73832062699475,4984.99481636149,0.25
0.00886347766481324,0.00108598502937838,0.207345720740289,-0.925811952676774,190.283224204158,0.0885315485928281,1.89821419500786,4996.6343186854,0.25
0.00979304647812039,0.00128458690397989,0.718203965871697,-0.970345419161944,232.884159563548,0.0471482148337105,0.446399888648179,639.513210963494,0.25
0.00976257896334597,0.00222845794493883,-0.0370206928097063,-0.182241962101347,25.2793180825765,0.102848341140336,3.35155993565213,5000.04884907822,0.25
0.00920786975295408,0.000353928096020942,0.537202740962164,-0.152288625427997,-54.2747028707052,0.0608576863248025,0.188260057711413,68.6475549244187,0.25
0.00893690396670271,0.00169071263535651,0.0586460813142856,-0.448714870321604,82.6452259036637,0.0747101640572526,2.49944747097738,4963.07249881484,0.25
0.00911493899915935,0.00147928812674774,0.0866681368858535,1.03638570525368,106.656331753949,0.085120530112321,3.330366171826,4969.12441942048,0.25
0.00936792633932098,0.000574196638296056,0.644750350213004,-1.11468914983738,685.402967160041,0.0774667232804232,1.38614460379725,4932.2674512629,0.25
0.00991433452700357,0.00135933412284034,0.775977004193897,-0.544729308981202,356.236596780572,0.0693687912312933,0.422326599754222,812.325737034042,0.25
0.00823162149321279,0.00201939206638625,0.343284568160072,-0.881914921448186,287.486757309332,0.0857891233883356,1.67079530948087,5000.04884907822,0.25
0.0093933932569926,0.00199019876951003,0.0187523359993182,0.0993655553917168,54.0187813364128,0.0710843169868724,2.40282516017294,5000.04884907822,0.25
0.00856446307251037,0.00110744953836969,0.16031732792973,-0.319889227063448,155.053662774129,0.117318765023126,3.0196281882773,4990.89680293141,0.25
0.0121174488657102,0.00349135623810387,0.882840201939474,-1.46590939178614,1018.10282997856,0.0649539600009307,1.32680641361511,3486.52215883315,0.25
0.00932047589126082,0.00144843208173947,0.455880890446045,0.379596888259473,125.803672958605,0.0557399760710453,0.140601697739805,78.446094133521,0.25
0.0101954180962559,0.00130512939155541,0.840092685340533,-1.47857997008984,799.2075331857,0.0604597743166578,1.02573872646072,2575.6023604773,0.25
0.00931401847142391,0.00108664549148332,0.19762136166304,-1.20253079570733,180.44696421532,0.0885950931506727,2.29408567136642,4998.01167275058,0.25
0.00830984246244875,0.00079055160706158,-0.00594281706638106,0.0799932912130349,41.0042844839341,0.0893225595991062,3.09776656279311,4973.38760170154,0.25
0.0103157519786534,0.00229569029188648,0.0136687039244118,0.46168217360888,104.928756102907,0.151448847040263,3.63563668989309,5000.04884907822,0.25
0.0106947764892423,0.000710539984073462,0.600948511141457,-1.14452995400533,602.40892174684,0.0605340493188546,1.44397109486167,4975.5203395937,0.25
0.00855138765132199,0.000964170573913754,0.189235960430259,-0.774900778267128,184.30870871578,0.0833688182738104,1.81191789447282,5000.04884907822,0.25
0.00828618794267025,0.00150771315358925,0.260660848704298,-0.977507200365043,239.91480028651,0.110481486050012,2.12474686316386,5000.04884907822,0.25
0.00853768523143809,0.00111322675923874,0.441433169764915,-1.05025767825113,390.776723283506,0.0463007226511922,1.67204425923738,4984.81614852546,0.25
0.00853892252475337,0.00143808462939049,0.156062640239517,0.21919151649988,168.116808394848,0.110899171023007,3.30982569652827,5000.04884907822,0.25
0.00939112744111972,0.00182028715416173,-0.00830020464068654,0.685624346127005,62.4256196325189,0.120054215647616,3.21853301348139,4963.78514182712,0.25
0.0096306451785456,0.000433008766260072,0.463599068626686,-0.254533517726238,130.242342370603,0.0338670290857861,0.140601697739805,-27.0986590037246,0.25
0.0105045782726279,0.00134318686454272,0.806639216599235,-1.33039380862787,503.583565924581,0.0533829659888026,0.706313805221434,1463.89678052273,0.25
0.0112551058618232,0.00213008812713852,0.8671758227997,-1.32348537623552,847.902863800349,0.0687793067597227,0.840400811103659,2219.85341763112,0.25
0.0116714105147351,0.00398324098078618,0.924135237564049,-1.61685064677275,1187.46465480878,0.0636153672589899,1.58952513297126,4164.77092938291,0.25
0.00965739537794688,0.000980663089569231,0.659934561780664,-0.56262912798911,7.36798741113245,0.0607492692283691,0.27674362668218,274.1949569468,0.25
0.00840201314857324,0.000525293874435177,0.267637362621985,-0.691112678920602,214.323780716782,0.0561758315065906,1.60495783074836,5000.04884907822,0.25
0.00887341955741935,0.000353928096020942,0.571588094810111,-0.420153920919114,-52.8915897818259,0.055467691709547,0.231238643379571,168.456865313526,0.25
0.0118073593426847,0.00333095020246255,0.891399634816073,-1.52190870426881,1111.4815543322,0.06072331555951,1.56654555155999,3755.43685619182,0.25
0.00896513588026022,0.00130421621633681,0.10094420381315,-2.14091122098858,91.6458153164108,0.0534135182196877,2.42809545033621,5000.04884907822,0.25
0.00941209447506509,0.00163971065961099,-0.0351840508052388,0.0264271312427037,26.9209464609755,0.107751618047633,3.20175838514359,4976.56333987116,0.25
0.00827290632483744,0.00215472272129389,0.409134901399649,-0.930134194128315,350.558534950539,0.102936110810328,1.58296162135447,4998.94698736697,0.25
0.0121686536492736,0.00135314678020399,-0.00875776702651088,0.890426517771562,113.424369079909,0.170264860735758,3.32922836307251,5000.04884907822,0.25
0.0110515571772072,0.00183541074987949,0.837146740600849,-0.63164614150689,478.934055848597,0.0760508243872962,0.509310007971654,1206.20051935433,0.25
0.00937829747572329,0.000400629548379144,0.738765733472101,-1.64433032776421,1048.98837284413,0.0582531263973148,1.89574417161631,5000.04884907822,0.25
0.00721968679020494,0.00257024762110434,0.347526115080516,-1.00058267417518,287.049907535018,0.0827804556330927,1.69886686249802,4984.79526111768,0.25
0.00846353889125245,0.00119297250757155,0.148387144437934,-0.385781033848244,164.398371803009,0.0938651766311377,2.69755927811391,4985.88952623755,0.25
0.00949067396798601,0.000464304025459371,0.181938128289591,-0.64794464799777,163.735694019143,0.0562460181242428,1.8665924715968,4995.51862372328,0.25
0.0101024539419499,0.00103070933370296,-0.0495260384350772,0.799752826925802,52.2216908553239,0.107384298025507,3.33495819757271,5000.04884907822,0.25
0.0106825349665748,0.000952438213097911,0.759888324064784,-0.974684869463952,486.602826823801,0.046038675901176,0.502803120320661,1001.36708647066,0.25
0.0115557152186202,0.00163618355343606,0.773649346203886,-0.260068744871447,341.073764483981,0.0799525430925239,0.419889426606989,749.037165164531,0.25
0.00831081337792348,0.000642334713261205,0.332245752544093,-0.593009160823184,277.10358603083,0.061718308026463,1.75386285817976,5000.04884907822,0.25
0.0088123303731896,0.00130988244018891,0.0500564049581931,0.0546390823402771,78.9296123140968,0.122076087296384,3.29156012388446,4932.56879138634,0.25
0.0084327271264884,0.00140899094662772,0.219855461529013,-0.78481238556405,203.579072458559,0.117841789747912,2.41121121017944,5000.04884907822,0.25
0.0120188106402873,0.00280950421610612,0.868954297153862,-1.51255399601744,948.504087759249,0.0545216634989328,1.31663171959907,3358.71003933967,0.25
0.00990361932972185,0.000705012788870024,0.159890684536597,-0.72748109821521,141.742298810671,0.0566951831524092,2.45347340260227,5000.04884907822,0.25
0.0101029372134683,0.0015199142822065,0.804354557891545,-0.671559559054442,434.652915646203,0.0646937364697523,0.507263464199237,1025.37453653977,0.25
0.0112363341715052,0.00158026531332183,0.846642420071837,-1.45396884031688,671.897772793081,0.0470263396594838,0.931992070955391,2233.99713751867,0.25
0.00986612708761332,0.00129227001968392,0.842761018927355,-1.65841824441765,1045.08912803128,0.0522713090555068,1.75726616528336,4274.16154966565,0.25
0.00924989469253132,0.00124494114001402,0.074458265547316,0.4541215645345,111.63181453575,0.154302483518717,3.88143745260273,5000.04884907822,0.25
0.00842722763830383,0.00147375429119466,0.245733867827414,-0.964238841703766,222.620084242437,0.0866969647556071,1.89747016322027,5000.04884907822,0.25
0.0107896107153318,0.00314450985891385,0.871194478983122,-1.57039123346457,1166.77207765096,0.0766650460875661,1.62558389068529,4710.8082037108,0.25
0.00877130745063693,0.000757862149377579,0.205571882449276,-0.774569299580553,187.147694152221,0.0681618074032933,1.67416678142673,5000.04884907822,0.25
0.00873962731013072,0.00166486975629007,0.0369385892619944,-0.245633596235236,74.3297732455483,0.0879330282512291,2.20475172847343,4958.6772312247,0.25
0.00857861541748443,0.00156140364185295,0.0673381009203911,0.149098980792113,103.419159516789,0.101676955532524,2.56529606544497,5000.04884907822,0.25
0.00930360936110874,0.00109469333593799,0.0243258240960362,0.752134280221257,99.5085093653942,0.15428505069514,3.44046174088036,5000.04884907822,0.25
0.00985803636938784,0.00121069109141755,0.692927944605386,-0.575441627090843,98.1340494500728,0.0617958715205064,0.326082549037547,370.551526056165,0.25
0.00978900187773013,0.000353928096020942,0.554519123691259,-0.690730725293356,3.826902154984,0.0409121126535517,0.172511618542431,190.736933383608,0.25
0.00834216607251826,0.00149712670958846,0.308399024871512,-0.68857106169346,265.907015959047,0.0845289189674486,1.6392648570827,5000.04884907822,0.25
0.00986705731814827,0.00120120913756887,0.780898025073281,-0.887227713073721,455.165289723162,0.0519501506269427,0.493086466669579,999.271903534575,0.25
0.00819745638626307,0.0016062440803857,0.42384333891513,-0.95840892059858,370.781017612997,0.0725908911708023,1.60323504043834,5000.04884907822,0.25
0.0108531584588665,0.000833081491131691,0.48190814988735,-0.578362083609611,150.463437706886,0.0290135130146162,0.140601697739805,334.159014971986,0.25
0.00871503319127323,0.000758267250130492,0.192553587649805,-0.748952560635628,178.646307963682,0.069705496624439,1.71277323955651,4992.8548828441,0.25
0.00859559292895207,0.00106881162660787,0.164172299231709,-0.237497667083587,157.609272106825,0.11025324829079,2.9320871367675,4977.84856006651,0.25
0.0103734308035135,0.000902110431774482,0.618597051969355,-0.811153441318355,34.190609069461,0.0492226130875874,0.277066103272684,278.503871196353,0.25
0.00874775953242542,0.00116564224190057,0.208121544630616,-0.838179015721308,187.54219316956,0.121406275482895,2.87634244237711,4958.09708532269,0.25
0.00878168542855016,0.000820140595613761,0.48525102412796,-1.09490602624965,439.014576029524,0.0473081814548818,1.67862979289459,4990.30358856345,0.25
0.0107770658145505,0.00141250337756248,0.806326295876766,-0.654591868717104,384.847202058432,0.0623934010120888,0.476674144235084,1029.62103105578,0.25
0.00881543900948459,0.000353928096020942,0.209499980135494,-0.697616204344921,183.337880516589,0.058157706490895,1.71179742886093,5000.04884907822,0.25
0.00951893918750081,0.000660514297151367,-0.019410397792112,1.04987762669831,71.0178387491884,0.149875648795312,2.80603460752352,5000.04884907822,0.25
0.0110179989401408,0.0018788194651088,0.781504399923391,-1.35690785910223,993.198148957158,0.0739666685988748,1.52809653835088,4924.65061422347,0.25
0.00848996335765623,0.00124649729048038,0.0898707951149031,-0.957211590634572,103.061881667551,0.105394978550352,2.64022254184454,4924.26181462627,0.25
0.00921873142377548,0.000873051820906732,0.577766741730704,-0.131898931330994,-35.3469669231246,0.0659669703030857,0.190834043216806,203.034283248558,0.25
0.0104992109502274,0.00103558158058093,0.677822552177563,-1.02295371752441,241.736440972464,0.0402963443609669,0.455775700291501,642.673312127369,0.25
0.0102170065651687,0.0012773117441262,-0.0499418745152516,0.621105196879113,46.2303762360591,0.0999272658102803,3.54335019534448,5000.04884907822,0.25
0.00901707336644288,0.00106597542426784,0.189578806176213,-0.965865934697473,175.267347986497,0.0910519512064636,2.17363992831696,4993.90198257789,0.25
0.00842788641728632,0.00132464207712119,0.0813164468666472,-0.323589025270613,107.400948683794,0.111159423258249,2.52319545919384,4952.37367253494,0.25
0.00787458099414059,0.00216068428773876,0.379779099689035,-1.02738081317264,322.323186421522,0.0637041142749385,1.59425279391942,5000.04884907822,0.25
0.0117127446175941,0.00174773553946787,0.845377229563828,-1.46696040954149,589.441081281145,0.0482186833821006,0.833027772478829,1952.14733929534,0.25
0.0100865999720168,0.00129253941218623,0.845413250810651,-1.82857305002851,1174.39126633505,0.0579120902097904,1.8188866618881,5000.04884907822,0.25
0.00933395937143338,0.00146192442161205,0.0977484443001498,-0.924403143326644,101.73612727509,0.069002211842296,2.57343238055154,4976.57009897285,0.25
0.0086906911706238,0.000997059898190543,0.173414278644562,-0.674338272923377,173.329684724439,0.0800399812673629,1.88316350170534,5000.04884907822,0.25
0.0125499028539073,0.00398958276767477,0.920261250124849,-1.52287269170079,1121.21238592089,0.0656832136640735,1.48625954439443,3790.38623098241,0.25
0.00998098396306719,0.00238208043262662,0.878897606375137,-1.75017201985568,1251.24942696183,0.0667311790711271,1.79647966852331,5000.04884907822,0.25
0.0120112888203215,0.00255179582111302,0.850237644907671,-1.27575738479486,911.187513523204,0.0803550202148296,1.04359080462407,2797.88133596029,0.25
0.0111797240686918,0.0012957005713072,0.801346787806218,-0.763525026773031,420.816454327695,0.0582700751386544,0.484090532854569,1063.70477792131,0.25
0.0105110178260652,0.00211794945551914,0.860799210482764,-1.18190525686297,348.938824679612,0.0596285529380004,0.669320425575313,1421.28193760127,0.25
0.00863690695329781,0.00128597548530698,-0.0248432284622348,-0.248856520582637,19.9878791485456,0.064506597361691,3.5832749425625,5000.04884907822,0.25
0.0113786459444629,0.000890460468005915,0.778344694798892,-1.69738388131352,1075.44600805317,0.0604290381026128,1.78020248265551,5000.04884907822,0.25
0.00868856241162286,0.000379799599110014,0.238992140015445,-0.809454590805212,200.049128801932,0.0547443823427965,1.58140520980906,5000.04884907822,0.25
0.00952163078732105,0.00148462056933456,0.457335973717057,0.214918039892288,120.700494760492,0.0474159269840243,0.147876656020726,41.6902103661978,0.25
0.00999816390965439,0.000353928096020942,0.537023819051531,-0.87001618854677,44.3026639995641,0.0293439180702247,0.21053751098125,178.774387006027,0.25
0.00781444186001374,0.00191255634403924,0.408054942624578,-0.993050549724214,330.851325423072,0.0695411094616664,1.52504858399985,5000.04884907822,0.25
0.0126512369313946,0.00285635379071045,0.868629308507769,-1.15996224241575,882.567883044161,0.0841894013802292,0.929910121859321,2439.10437168867,0.25
0.00806669316789212,0.00198814344068674,0.386451975506281,-0.910773252372689,329.044472783102,0.0893760716298816,1.60144933239621,5000.04884907822,0.25
0.00942496570816843,0.00135808385389586,0.677897470882653,-0.281173578988938,55.9500017385006,0.0785288800047903,0.295626086877748,321.013205815933,0.25
0.00825856811657939,0.00145882601291499,0.496106891983161,-1.00432226424609,424.899949817507,0.079224229827316,1.39995237068207,4948.20318900614,0.25
0.0110332272084811,0.00266147624568082,0.870381216350353,-1.65694315886177,1071.3954775868,0.0593453123117764,1.49615023655475,3973.18049569269,0.25
0.0101500789570293,0.00130764853126821,0.825305216885733,-1.31408913008427,558.98251510462,0.0558825075448105,0.682054605329097,1515.99090473877,0.25
0.0085038273886825,0.00128590726895132,0.419056937806105,-0.994897305919318,368.870150627071,0.0514472291193668,1.67612545823701,4994.02556939361,0.25
0.00874258677346012,0.00215294980262392,0.437411984344282,-1.01893362671146,375.104655937683,0.0638720408987826,1.53110905849419,5000.04884907822,0.25
0.00943172312846016,0.00047669233697126,0.520620450206664,-0.423815310289939,27.1654072544709,0.041736118011309,0.170944889631261,153.36477910263,0.25
0.0115681025252197,0.0022845152538273,0.899482862522151,-1.39926926578832,725.671934809392,0.0536950270425752,0.8629461904844,2140.13976336359,0.25
0.00919136061536664,0.00190938933297102,0.017352862999203,-0.0787256011015239,60.3352300446433,0.0798283959706713,2.29779324572313,4988.99937207767,0.25
0.0106228386702245,0.00136804070315912,0.827443345785859,-0.897023865286999,192.283825146754,0.0547206167566678,0.561654308745357,1117.46292249467,0.25
0.0111630156646995,0.00233410595981997,0.885047453727461,-1.25661551771766,513.243008008354,0.0560408656914614,0.734396607889721,1625.16986959067,0.25
0.0125134609687152,0.004274236158611,0.932419395282704,-1.51080524261026,1239.76491222864,0.0669544400671249,1.67036445129281,4052.77703269938,0.25
0.0108179822590848,0.00221386434951693,0.871267631350689,-1.36498533634603,560.502800311279,0.0555402491433827,0.792829519407646,1784.29626406056,0.25
0.00751475159000047,0.0020813082771347,0.433652008867359,-0.983525388014787,368.256814756132,0.0830071074327836,1.53093065482234,5000.04884907822,0.25
0.00853735444930774,0.00116589816787153,0.130194975950755,0.608098975437723,146.156519202132,0.120356290501996,3.27671959992146,5000.04884907822,0.25
0.0112462113698016,0.00358942921318535,0.861610652042672,-1.41782911644495,1076.79854799744,0.0851319775450789,1.42215633716452,3944.54237072619,0.25
0.0114552110373519,0.0027698453863164,0.893884765890659,-1.44149533901783,928.889137507695,0.0614737801718107,1.22109462997074,2981.73021846917,0.25
0.00871037833466643,0.00127308697445553,0.770044708611757,-1.41719729385533,984.426022299466,0.0829068748381895,1.56608417680028,5000.04884907822,0.25
0.00913404902231563,0.00169836305409366,0.0375802869939581,-0.452131777572924,52.8728972534471,0.0538147912991343,2.24220006528998,5000.04884907822,0.25
0.00926175524033427,0.00194573663600071,0.0114312762224201,0.186714691156288,70.9750031504752,0.108481081223904,2.53697857425318,4924.18886156496,0.25
0.00849119195863431,0.00117139629398227,0.0643710557620774,-1.10979524025631,62.9542590605578,0.0686724701670803,3.10245714589305,4902.87119650667,0.25
0.00924434590360318,0.00158696882720158,0.0935048860088754,-1.42002663141987,86.647504536393,0.0455922249335739,2.45341612198922,5000.04884907822,0.25
0.00849561622100538,0.00122396799426403,0.0928789883275533,-0.894120789919732,107.542600159514,0.106451484612827,2.57725198524144,4940.05795808791,0.25
0.00949435459885547,0.00108541291014656,0.169321555565558,-1.45096805259719,154.750625117461,0.0903323269215725,2.95650886118353,4981.61215003593,0.25
0.00904157812810779,0.000541371632829292,0.558857541881102,-0.98953437834837,494.101229005498,0.0913994333402515,1.33763337755003,4690.027367862,0.25
0.00928977368736933,0.000947146802877372,0.512776454900004,-1.08797922041259,466.521416212683,0.0610372497959443,1.52774683380118,4987.01782039765,0.25
0.0105420995513038,0.00116247406607512,0.797588488507895,-1.07299723441507,365.801567977421,0.0521607196360924,0.560565921756597,1123.05924916777,0.25
0.00771159763726956,0.00227223128418653,0.434545227496447,-0.970779554133603,360.640800124322,0.081665360242565,1.53124757513245,4962.30382597497,0.25
0.0118279002429007,0.002848610678986,0.888150210241084,-1.30616765549,919.483775059672,0.076389006838402,1.05879947465946,2719.06930517629,0.25
0.00867780608201561,0.0014694375332234,0.0625906931467178,0.160085923498056,107.036221172295,0.129420153670568,2.84462489567352,5000.04884907822,0.25
0.0089914796531375,0.000718008700356182,0.193760759023344,-0.77286009797659,181.121907741423,0.0717120381096734,1.67929048290958,4976.35330598353,0.25
0.00966555376470468,0.000949858759733363,0.199009285053156,-1.49299096413048,178.392880088741,0.0801022509722631,2.58126025589939,5000.04884907822,0.25
0.00697239031338129,0.00115691549070015,0.361159067818468,-1.02605929778987,295.623456998731,0.0604390761078888,1.60855534813198,5000.04884907822,0.25
0.0139852751169675,0.00394657249361097,0.855091311692951,-1.08072261870558,891.32918399413,0.0926734527359238,1.06571303298227,2719.25785689198,0.25
0.00912446447966703,0.00131328400364754,0.709297598538146,-0.908048390392115,235.511523634801,0.0446866638942285,0.446227217212376,591.981869023428,0.25
0.0124325026612579,0.00447756441082979,0.939227510275611,-1.47918852577027,1252.22620482851,0.0681362094445414,1.70429265792687,4025.7613413145,0.25
0.00802135488760184,0.000353928096020942,0.383939243932447,-0.815994369912722,317.672768667756,0.0476290420447391,1.75363478010335,4999.77462755366,0.25
0.0126969561885842,0.00333013110434964,0.882877000989976,-1.54330248352869,1272.47666678979,0.0630299063923429,1.82430464582584,5000.04884907822,0.25
0.00668160233544115,0.00146532207458056,0.30039765949805,-1.02622648584144,252.924884954109,0.0826957329560409,1.82673522102483,5000.04884907822,0.25
0.00892348418069454,0.00110201895540521,0.16347604085206,-0.589076004489495,158.772771966352,0.086109240480181,2.11673387462037,4988.93239160109,0.25
0.0105387646937213,0.0012599306777261,-0.0551882930264409,0.828022013463273,53.8132877138294,0.117841923098274,3.37883614347206,5000.04884907822,0.25
0.00815289834486711,0.00137171951815158,0.290657202382604,-0.896877868423301,236.265453562651,0.0613669496167937,1.57416898855633,5000.04884907822,0.25
0.00827347442334138,0.00198356883620216,0.447299200834192,-1.07723286348273,393.269092877002,0.0625975273978467,1.55062897621257,5000.04884907822,0.25
0.00957432608757096,0.0014616015322271,-0.0435986142958299,0.220308903307551,31.543812496005,0.110651313898554,3.06050279051308,5000.04884907822,0.25
0.0114568491495149,0.00342640053757319,0.886603141940085,-1.65358627496565,1196.14225562966,0.0661421655476018,1.64682965524811,4684.50453848573,0.25
0.0085945185645692,0.00103153553885492,0.166565200748793,-0.627301828527333,171.354806704677,0.085937843604226,1.9835647923302,4977.53309564954,0.25
0.00775409379546288,0.000678836623059809,0.309153450050612,-0.949511417694644,260.556845836515,0.0505051933751459,1.58658671638484,5000.04884907822,0.25
0.00779586526704992,0.000611303930066087,0.368867810260382,-0.897463581678092,306.842368689965,0.041394144295617,1.68486908873825,5000.04884907822,0.25
0.009461068188011,0.00217443856542291,0.0198608384158994,0.387712318653812,88.3956724882288,0.131495781601412,3.0118014999148,5000.04884907822,0.25
0.00916677968016626,0.00161129847425498,0.0376268580822245,-0.328759039899372,46.7096507251442,0.0450634037903123,2.67899608944129,5000.04884907822,0.25
0.00901766584078897,0.00184653844799915,0.450795239264363,-1.11799862488986,411.831819477875,0.0484689555837313,1.61333395118523,4989.56304231512,0.25
0.0103840283323291,0.000614488579721214,0.584379087782153,-0.895479046552963,13.0696979960503,0.0420608090194599,0.225135698841062,328.985607432834,0.25
0.0110029650483309,0.00158564953787638,-0.0430312728690763,0.660053091341114,62.6802726801708,0.133964281052959,3.13901569482965,5000.04884907822,0.25
0.0109043719125981,0.000854265239642151,0.755363096513332,-1.19608220074025,479.735721627452,0.0452533559704331,0.613574598442558,1168.4420268181,0.25
0.00904587106931179,0.00093703825396532,0.52804901416325,0.0989057421313669,2.59007121865847,0.0638127196023592,0.18173206430045,104.504981886708,0.25
0.00872576484998303,0.00148719254487153,0.26320684064869,-1.05461367598426,246.518133978568,0.116153240377058,2.25711795581944,5000.04884907822,0.25
0.00869259090073399,0.000922578846355872,0.200587982598182,-0.830236799819179,193.550427746712,0.0825041596268974,1.89908943650845,5000.04884907822,0.25
0.0108164907097603,0.00228204031548132,0.896890607173224,-1.3926897070894,744.05020430249,0.055781247215159,0.990100557147889,2342.67610384207,0.25
0.0105611308617241,0.00218578291562435,-0.0193922577394721,-0.474487004207881,41.9469301851885,0.063925057204676,4.13729738197078,5000.04884907822,0.25
0.00868975072742893,0.00162716080074138,0.793879269594775,-1.48468578642862,1040.7491523169,0.0831850215590495,1.62825318223907,5000.04884907822,0.25
0.00868214433141843,0.00187543684963475,0.00135108418462898,-1.17059631610317,16.4106797576621,0.0467100140438984,4.2576626466092,5000.04884907822,0.25
0.00939652225649524,0.00118276916211736,0.115187052663482,-0.199189336856856,115.991673580076,0.0725835607198235,2.5927284483395,4991.67761086467,0.25
0.00996096829887739,0.000353928096020942,0.48385018317573,-0.636515332791149,157.214609937946,0.0257621275573325,0.140601697739805,198.914457703133,0.25
0.00930341322025386,0.000798445575957588,-0.0382822270902521,0.725399644800853,46.0702076283929,0.12493980641108,2.88466397985789,5000.04884907822,0.25
0.0102174707380102,0.00105548598869537,0.658044133042194,-0.808103266115778,134.03107201272,0.0494804316354738,0.309669953210494,397.976536736429,0.25
0.009902393601644,0.000353928096020942,0.664514766557645,-1.50971436542063,898.967490739656,0.0529641208793756,1.84440442733123,5000.04884907822,0.25
0.0112728645053827,0.000863944242309885,0.682678576042774,-1.22082145960776,760.845329080635,0.062083283478282,1.47475264236404,4951.46367406373,0.25
0.00824021604360342,0.00177944621223303,0.275239939264206,-1.19844483498565,249.917222135827,0.105680064108501,2.21228492564509,5000.04884907822,0.25
0.00763822841542938,0.00195685406750865,0.411037044329677,-1.00305367171708,338.8580036502,0.0691543971307397,1.50481533188287,5000.04884907822,0.25
0.00789941250033577,0.00219499366045401,0.321266933300417,-1.01324127391979,274.377166464556,0.0888327621396719,1.70700194456627,5000.04884907822,0.25
0.00976235640305108,0.00102623123290699,0.587213330563387,-0.579996268502901,-14.9377865189275,0.0526225374598398,0.239312611361708,307.047800678812,0.25
0.00950617325007364,0.00045273494789133,0.166173749395013,-0.32513962914992,152.134835292778,0.049576101346334,2.20749490086659,5000.04884907822,0.25
0.00908970440728528,0.000353928096020942,0.646608471907379,-1.47052881698389,854.908653041662,0.0548967997367491,1.82014835947117,5000.04884907822,0.25
0.00997387946752679,0.00101218359160235,0.64973834501228,-0.823883737280582,76.6110961728716,0.0518207839278385,0.289755292703148,327.483240962822,0.25
0.00964581552885571,0.0011446706328055,0.63224784011292,-0.226610154402208,36.9622202300365,0.0783099195791562,0.25424527922695,296.968266877679,0.25
0.00913520873114841,0.00119897623051327,-0.0300301746438639,0.220162481053281,31.1931771958482,0.0697088575960024,3.37431044593032,5000.04884907822,0.25
0.00967301612149831,0.000787183425399071,0.544170233823882,-0.184456355322503,-10.2363399773647,0.0547871296684271,0.169584424150557,169.693601066362,0.25
0.00940773769449757,0.000504373526965785,0.535413972146285,-0.203671617004149,-29.4833807801699,0.0553885762755237,0.166726968682326,168.615766051972,0.25
0.0110773547721434,0.00208753297320868,0.838712839283425,-1.40646121142878,894.852940394707,0.0707542352626829,1.18299254420346,3052.10142292046,0.25
0.0103395241189241,0.000997544197548303,0.777378227632124,-0.939677093761097,256.140791913347,0.0502898812113172,0.50622607118116,927.249357269356,0.25
0.00897361721418461,0.00163058887186751,0.0372664991253916,-0.622842268711444,54.67068463401,0.058003574670752,2.28451522090346,5000.04884907822,0.25
0.0124179246776188,0.00234357141185479,0.863902394196187,-1.31545412368225,805.253122199559,0.0566220579122969,0.834724758758286,2222.80922501929,0.25
0.00960300100963659,0.00186384157812243,0.863999216964117,-1.40695264344037,632.186776910258,0.0618493475494121,0.808789209093855,1811.82502602716,0.25
0.0106673497002526,0.0024570516740004,-0.0184140601393944,0.748917274017007,83.417304391152,0.140548681848712,3.62890478033014,5000.04884907822,0.25
0.00906865685824325,0.000999599626517051,0.170513214134917,-0.950626212166451,158.41310079628,0.0968309972781093,2.60079804882311,4963.43978756836,0.25
0.0101879338592483,0.000353928096020942,0.49173719406639,-0.734491120831199,117.099252607993,0.0219468462259465,0.165891435858085,74.7767422560501,0.25
0.00976659574888424,0.0011859052172902,0.752952316564262,-0.971650047454787,262.18580493233,0.0489976591676379,0.50722411869457,872.623874419216,0.25
0.0110804467455292,0.000904412023895366,0.452090883351863,-0.529474032864494,234.755446054383,0.0214817768661349,0.140601697739805,253.784944982549,0.25
0.0108397392411534,0.00243782075834301,-0.00185701534985244,0.539749303540584,105.129131049354,0.153304636519174,3.9760897094216,5000.04884907822,0.25
0.011521586258646,0.00270004309274737,0.848734730025128,-1.47050925847524,966.764474700812,0.0661732770575212,1.31053961959455,3474.80059124294,0.25
0.0100780111350653,0.00109161566058306,0.667881509645503,-0.852815133499196,122.945291531316,0.050929339073122,0.323759992098249,380.188797633464,0.25
0.00940661137790005,0.000836381212161035,0.493178167895794,-0.177512960295621,75.3327237666919,0.042810577156879,0.141877314669259,118.618353043761,0.25
0.010695892776992,0.00361769084286347,0.908516574512393,-1.5559670841061,1147.89585721625,0.0824925099523663,1.5057730350876,4248.01860212675,0.25
0.00883130565429315,0.0012048452681551,0.126272283425992,-0.371824350631527,126.038208425909,0.100399604715116,2.96726494350043,4987.35258103322,0.25
0.00839690422287234,0.00102163365156252,0.255361555549898,-0.906323762792749,219.33715080795,0.0655225788063937,1.70199835747434,5000.04884907822,0.25
0.0114572673069236,0.00194914850743512,0.85745508549151,-1.43823776509359,682.800275932247,0.0536688310608632,0.802758917298871,1966.1075974282,0.25
0.0130361289144575,0.00293855061252619,0.869292852828999,-1.09344154786747,857.259540154731,0.0830492326520465,0.846976710832658,2145.90202799127,0.25
0.0122999613736021,0.002258089289866,0.862682149170438,-1.33638827135682,833.540123066126,0.0589035329274839,0.908619919853726,2447.06694134711,0.25
0.00934731611894902,0.00130326282751878,0.107701564318656,-0.120431941430013,110.630038648665,0.0751660706535348,2.72005660600008,5000.04884907822,0.25
0.0090990631675129,0.000731842392284264,0.500266323552833,0.112576036527208,6.3885744878686,0.0599052304152251,0.15182488350641,54.8972886783877,0.25
0.0129383837164879,0.00415619605141747,0.873394690923261,-1.26757588999646,1035.22771358236,0.0877767917496945,1.40215566629568,3909.24425775158,0.25
0.00865785475535599,0.00112913742437643,-0.0257452846290449,0.441098812368365,32.9289405320753,0.0924239861418039,3.22258055276026,4965.32513336939,0.25
0.0105659084138883,0.0020750577429825,0.840763905224877,-1.367471904072,852.891231418989,0.0812526059499253,0.936251900361169,2132.22762396727,0.25
0.0106658726274473,0.00158424831328583,0.849990785638882,-0.912300358253793,277.306397477768,0.0582776700218248,0.577112161484316,1199.78125904221,0.25
0.00870474855787621,0.001353753371329,0.19942628905442,-0.941074125675775,210.318205325301,0.114921083749354,2.89354480080791,5000.04884907822,0.25
0.00937217787130234,0.00130594602765171,0.101073776247234,0.504473646547969,111.190256806285,0.0687918335302687,2.81415840295117,5000.04884907822,0.25
0.012413992030865,0.0019089187613932,0.787221648076623,-1.34190756163694,990.271247198122,0.0624275275034005,1.58424888793467,4939.0761297862,0.25
0.00991732368764076,0.000817748534891069,0.203734366236187,-1.82587947653948,178.735697381303,0.0718029634287771,2.77061741852314,5000.04884907822,0.25
0.00746993661762487,0.00154348758881152,0.299723306680592,-1.03768358858965,258.583383228047,0.0846646415655859,1.71849288889064,5000.04884907822,0.25
0.00986829976370356,0.00232202865682127,0.0392406741797438,0.14091275256331,123.757158687309,0.146172174692334,3.61198059254686,5000.04884907822,0.25
0.0119936336952308,0.00190281293181597,0.855377629127421,-1.44811928796147,798.584892223765,0.0480250445586451,1.12627761629539,2769.32501956266,0.25
0.00831914222672596,0.000878524327560295,-0.0201440906658708,0.0217174360712193,26.6699260665603,0.0806931178044788,3.31185746548422,4976.21788802138,0.25
0.0109696090231027,0.0019819002444318,0.854286914086349,-1.24653100996178,550.888340505649,0.0583081106247649,0.696029850248831,1552.17030964682,0.25
0.012765116310659,0.00341335387648661,0.890323942030327,-1.56242801642967,1258.66390764273,0.0626729570047933,1.74537609322036,4971.9345165199,0.25
0.00733496794085546,0.000908363520801502,0.574050682403823,-1.18505482046913,615.427197094569,0.0732064354393273,1.53053281972075,5000.04884907822,0.25
0.00869432619552308,0.00104051042448975,-0.0308290762939402,0.180785664042617,28.5195496497292,0.0783401705060297,3.20927863981565,5000.04884907822,0.25
0.00955965880559347,0.00125077925540388,-0.0192720713378708,0.148789975822051,35.5101179634182,0.0569444241758965,3.66271939841089,5000.04884907822,0.25
0.00976703422498528,0.00164591122894542,-0.0188626503727304,-0.338166783706635,32.3183091750534,0.0527742468756904,3.96142238678544,5000.04884907822,0.25
0.0105202983482036,0.00207210365702617,-0.0513723887769448,0.215485970546756,37.0891555219739,0.110640976172861,3.32072146877086,5000.04884907822,0.25
0.00879875221157764,0.00120254896588401,0.47216960811902,-0.97598956372451,420.97138139724,0.0737412981923505,1.59504373892816,4959.89673992866,0.25
0.00816579717802442,0.00199367649805041,0.31204556762982,-0.976870022141721,269.21946843695,0.0707566114274646,1.6545261945649,5000.04884907822,0.25
0.0094864893057489,0.00073524062056422,0.180289711312919,-0.9015749994244,164.197239810489,0.0712048981155782,2.09480487402916,5000.04884907822,0.25
0.00720389402726675,0.00239169959922399,0.392811338428228,-1.02128156539472,329.773187347204,0.096102242462934,1.59228170690946,5000.04884907822,0.25
0.00888930080231322,0.00113093594414306,0.143345068683197,-0.109338204088198,143.483340240333,0.0906170585604401,2.6146443669279,4982.18976408237,0.25
0.00906775080072296,0.00183635348111743,-0.0331381516191748,-0.502903168106835,16.5368952342032,0.0742212156313933,3.58420558811292,5000.04884907822,0.25
0.0097301117319347,0.00129895768303704,0.853843316094446,-1.43328662979312,742.158323189484,0.0506483429464039,1.17988802823085,2764.25700578815,0.25
0.011606410333552,0.00339100513057853,0.922007260579301,-1.66523803658886,1277.7012237842,0.0648148170256711,1.72329982695792,4991.01156818883,0.25
0.00876997725825594,0.00143370190743351,-0.0230156365812054,-0.17361742024726,23.9081785495342,0.0937096069638937,3.51626534206383,5000.04884907822,0.25
0.00872631574789791,0.00117632439475856,0.153831547408654,-0.742361717129646,152.222261753991,0.128584119266203,3.2619803177017,4960.79363734973,0.25
0.00826762957194,0.00103701926369334,0.200659905346961,-0.772274633108496,189.852387363966,0.0915526189249561,1.79360197054495,4986.24312091509,0.25
0.00902345408334001,0.00150744256652584,0.0701171115668393,0.778980310649845,92.6884578037352,0.0848722480316448,3.36038388312449,4985.01489372313,0.25
0.0104160925318909,0.00130305326736046,0.75547104497047,-0.691037583657175,412.741397086244,0.0610647132467022,0.442583136965192,769.689769005041,0.25
0.0130878206602501,0.00460119339627604,0.947361502171526,-1.50129684350133,1327.59630735842,0.0687575976361956,1.79675158690454,4409.58433227334,0.25
0.00988167346659516,0.000488106418130891,0.490976890494462,-0.60220883339426,162.432452658141,0.0305384457234276,0.140601697739805,176.977894754389,0.25
0.0109233379406496,0.00203807482514933,0.840852152365337,-1.38245052082341,843.014121294509,0.0759590901615493,0.916711096884497,2180.99609069375,0.25
0.00828469753317962,0.00122139443864243,0.262567582906902,-0.697384020041528,238.320688628305,0.101492620956394,1.68336035126688,5000.04884907822,0.25
0.0120467181492314,0.00367744449804743,0.910695447417645,-1.53740384638236,1094.42696037211,0.0622557858799162,1.47095177336923,3686.91715302053,0.25
0.010064917965722,0.000469750129615992,0.56657772632589,-1.03062138737987,528.153882417543,0.0718113713815385,1.38617337984249,4875.41914323518,0.25
0.0105089970728787,0.000412729203370256,0.557710545737993,-0.960698011503131,28.6077397129854,0.0333592382893713,0.236916218434474,309.770887270232,0.25
0.00948422076524683,0.000353928096020942,0.509205960117242,-0.47425602000822,43.6243600561386,0.0371014923296243,0.165899137703603,80.3076292782689,0.25
0.00989051925319783,0.00206542509397704,0.88038006084779,-1.80183006178965,1190.8302138866,0.0586824163490548,1.76698609804621,4690.23463270583,0.25
0.0105253265830044,0.00345580666207868,0.925819788070842,-1.65696506733897,1184.59516480129,0.0609903659826856,1.67164322555836,4172.8193496089,0.25
0.0100807135183605,0.000353928096020942,0.516169786068482,-0.647577514101146,39.4828713637366,0.0312557066541475,0.150842139592007,125.915615957525,0.25
0.0099009328714898,0.00114272692848286,0.729430507341305,-1.02081070395485,357.212911127915,0.041285210366548,0.513641423281627,868.393440119697,0.25
0.00824372918598202,0.00160409841768392,0.49138449267815,-0.916585993280648,415.881120914351,0.0918451524633458,1.43716284143159,4880.2146062522,0.25
0.0127629180944574,0.00293644146514453,0.888586273443637,-1.4274843303546,869.757575878301,0.0617754122598025,1.11828348653947,2875.28755988455,0.25
0.0116368595914107,0.00189675583281416,0.866203321586277,-1.46704988817363,835.067410226987,0.0524701482243424,1.06067865600296,2800.1055088227,0.25
0.00809380165656614,0.00161444298009553,0.376220462543019,-1.04747713136915,322.331500158368,0.0522549369245646,1.60331890238437,4980.31345746104,0.25
0.00922950234770365,0.00089352459875427,0.500547261817199,-0.129414076912113,90.792538802079,0.0444086135111428,0.140601697739805,218.220402879228,0.25
0.00816752473553818,0.000958107501509994,0.00156241016960063,-0.441276654531032,29.8805671846083,0.060702309565483,3.46089389644065,5000.04884907822,0.25
0.0109884036233352,0.0016980327142569,0.831646636329163,-0.741310404059933,445.989021650572,0.0659943859651752,0.524873686142166,1208.13217553768,0.25
0.0111781744322614,0.00117577421097553,0.840783332444183,-1.51818788194084,735.071058790813,0.0442159639230434,0.996975039314857,2610.62311580403,0.25
0.00831285596269481,0.00131771482836964,0.192236580253286,-0.642764703371242,190.739512311725,0.11301556565006,2.60684007848424,5000.04884907822,0.25
0.00814094195736232,0.00210595716379411,0.407899538592199,-1.0418905028475,349.516026201757,0.0627304439349154,1.57893758656784,4999.07694845043,0.25
0.0099290984395007,0.00128536244405581,0.66828676121973,-0.298528949337662,97.1969571079379,0.0761270608348162,0.28562472639539,311.214246611146,0.25
0.0107758784876756,0.000490483587772303,0.568491614115241,-0.952157236044733,24.954506975802,0.0410087135001586,0.212801961554813,319.561675591694,0.25
0.0105494063480126,0.00200338503527431,0.843512793302204,-1.36447104669379,873.065065687305,0.0821151202824398,0.948707241747117,2300.02623848281,0.25
0.0103340559945305,0.000906426597085055,0.770599517282324,-0.817886855836811,251.556639642595,0.0494134653280824,0.443801572980671,804.77979838046,0.25
0.0121033274873787,0.00317846121135326,0.891793544628364,-1.72265007118032,1277.6609377022,0.058404220360051,1.79986152744607,5000.04884907822,0.25
0.0127723092344642,0.0023479536576093,0.872029284662137,-1.37840785154263,596.6704477796,0.0470747309198728,0.763402806671827,1854.96521661314,0.25
0.0116609877573936,0.00196913178520893,0.844311812615275,-1.13585614028543,333.819914488538,0.0552270486452529,0.63068593911774,1303.59607772674,0.25
0.00986575756295337,0.000862377834069005,0.811157730672607,-1.41555747276828,575.555146064739,0.0496384046295509,1.04438344022624,2413.33949583302,0.25
0.0125157878840871,0.00232500641392776,0.863834289583146,-1.33129851151773,824.100669753429,0.0579271983778993,0.923031261789706,2445.14201507386,0.25
0.00903281530112265,0.00152753093415947,0.489085628228939,-1.17669737305208,480.524658845048,0.0437930610654291,1.65635284196271,5000.04884907822,0.25
0.00950903171599989,0.00190150404616226,0.0191447510220631,0.160983404438884,98.5810837034802,0.135266768846255,2.96855284012811,5000.04884907822,0.25
0.0127507318631554,0.00333568935843865,0.885077213077813,-1.49022146725327,1243.63814372887,0.0644783116745673,1.78878364313269,5000.04884907822,0.25
0.0100510041592703,0.00211163372465863,0.864374604869598,-1.78583425897333,1156.58804945301,0.0646087539906754,1.72103492380885,4757.66526445878,0.25
0.00854375569642701,0.000797546929613591,0.514194303796257,0.166021185817648,4.77837231995687,0.0668673948423265,0.177197526715792,66.7053658812247,0.25
0.0123720110249716,0.00308809705666117,0.864419737168169,-1.38484618972477,1103.18868032644,0.076207626687876,1.5269298413425,4599.17216148088,0.25
0.00718953963885135,0.00232834241256765,0.400930844284196,-1.02014102020438,335.611353645899,0.0982028120480763,1.57346709999342,4989.92609741066,0.25
0.00896346671263684,0.00122330952133043,0.12305810076165,0.0399239598095738,122.92454365367,0.0978542001363977,3.07410326530646,4974.55857133587,0.25
0.0106247225454837,0.00346617015856214,0.927564647363837,-1.53151290400265,1170.45121459304,0.064195195948889,1.67245650056871,3867.05108032247,0.25
0.0108864034719571,0.00187766710444557,0.875032710505259,-1.40142357321061,847.46828530581,0.0583491682250415,0.965115392971156,2472.158675524,0.25
0.0116898128349577,0.00232900083535713,0.836827585297703,-1.13362059624955,766.673518928114,0.0814759695233553,0.666062211922748,1631.96580473406,0.25
0.00832153205890787,0.00121242697683572,0.185045957284473,-0.671715325677139,181.294392143718,0.100113843353879,2.14437333725003,4987.350527487,0.25
0.0129246453533967,0.00289565376212437,0.876880675823477,-1.27216134334882,854.552009932938,0.0710846336603055,1.00643363715642,2570.95925575274,0.25
0.00952175984764435,0.00108029022822507,0.642446651144438,-0.829112248853042,21.4556908344187,0.0543019055934429,0.315979431173994,306.4365878518,0.25
0.0122128403985324,0.00298951745279601,0.902884609438253,-1.69651510781667,1338.90005432446,0.0597289654750591,1.92746505413446,5000.04884907822,0.25
0.00842177921362486,0.00104914274681065,-0.0191248654828424,0.21176176757846,28.0735957677403,0.088406400346545,3.41171181664634,5000.04884907822,0.25
0.00912327143288647,0.00149603020858418,0.0793921145332337,-1.1516148669731,75.4517605727077,0.0436672212083224,2.26672152133176,5000.04884907822,0.25
0.0117316225384971,0.00217922556708325,0.849512915343924,-1.09684084731729,665.596940382284,0.0698800359054875,0.625095743796933,1567.96760950823,0.25
0.00976429444360982,0.00162423143197553,-0.0513729114377894,0.366313120853088,30.8792219170651,0.110776214292095,3.12580611987304,5000.04884907822,0.25
0.00847973257118276,0.00116561542228925,0.208001612601992,-0.809927862937312,194.850977182177,0.0940264620647197,1.81813249698081,4988.98950332627,0.25
0.0077445583355377,0.00140804389863061,0.343723872472867,-0.98529778007992,294.538619768304,0.0611413206701724,1.57685737417529,5000.04884907822,0.25
0.00836801914247579,0.00192314718092394,0.287096464393637,-0.960669347580785,248.596408306867,0.0822653711357243,1.73317570534487,5000.04884907822,0.25
0.00885671381911709,0.000971463519178177,0.168731896234626,-0.620496870342865,171.16465282556,0.0800680043647403,1.93015242573665,4982.88107183169,0.25
0.00699770784546279,0.00156747823126123,0.358184139218561,-1.01541605343039,286.326529661578,0.0655026994386633,1.63132684628107,5000.04884907822,0.25
0.00971765854294191,0.000501446451564079,0.468885378737959,-0.117229520360517,64.9396028830566,0.0415173498527428,0.140601697739805,8.09620291342617,0.25
0.0106106578147491,0.00199447079894642,0.847898098220005,-1.17974430551037,686.700050839973,0.072478460655718,0.672973800070633,1589.36780350738,0.25
0.00944568618302606,0.00108409036391589,0.73195281197952,-0.760381361608885,70.9056735365963,0.0547961552574857,0.403296767766917,506.620840543246,0.25
0.0095316807724531,0.000924618407597764,0.138887560455673,-0.146802202758722,135.923619817382,0.0686170122391042,2.39968508122877,4999.40131377351,0.25
0.00847343433841172,0.000733317577830191,0.221303301729218,-0.787085178705207,193.98300836852,0.0672650231554703,1.79250531358392,5000.04884907822,0.25
0.00849744799605133,0.00110156404775062,0.218870512007411,-0.965704960872545,212.375724264024,0.0976153711921828,2.14646024643379,5000.04884907822,0.25
0.00830782235784924,0.00107752267620384,0.257917392131976,-0.710509604451469,234.50660244737,0.102048731834708,1.72121591890793,4975.67038130423,0.25
0.0110189356044877,0.00222977606164606,0.874793527908705,-1.21049524114359,661.064446386539,0.0664782486584279,0.710550614322871,1739.94292888174,0.25
0.0130243647924622,0.0035365191055965,0.85894062196656,-1.18136542032128,918.834867942898,0.0854466577419913,1.1081398112564,2827.00726054829,0.25
0.0115090649984903,0.00229077087423104,0.853142540980458,-1.25760232635438,912.036711582578,0.0852242495761501,0.940596128857153,2548.98530510246,0.25
0.0101743077767461,0.00146465941660884,0.833202772340589,-1.47979235685642,598.259478804939,0.0526362853617691,0.938003488897851,2066.42364979255,0.25
0.00952554406736077,0.0010691820049178,0.728022947578862,-0.809022313742066,129.827286436383,0.0526710467502845,0.37352526112561,564.807924116432,0.25
0.0103899302111574,0.00155449954827859,-0.0409970438597114,0.478536836348359,43.409897439744,0.0801671553378282,3.87080949697939,5000.04884907822,0.25
0.0104655518706229,0.00177121588561263,0.862304784971315,-1.4555674904538,871.602124882344,0.0627416641663345,1.10316721937972,2884.06932820176,0.25
0.00942692396965484,0.00101285681368359,0.127103026417289,-0.346465880399167,125.127626128746,0.0697173658050811,2.47959516289982,5000.04884907822,0.25
0.00850736302079792,0.00101131775548255,0.18070304965488,-0.51416556650911,169.554364910061,0.119708237494207,2.97171685821843,4973.91083492811,0.25
0.00919844543971783,0.000799318612330087,0.51025533202618,-0.247815364009534,93.3321216363938,0.0433313462208563,0.140601697739805,260.95796397405,0.25
0.00891686430205404,0.00109667341670399,-0.0379924894610004,0.292617496889174,30.123391758731,0.104750899537698,3.05243813185392,5000.04884907822,0.25
0.00878368867627554,0.00127857208823993,0.114640076933257,0.54056070666094,128.413611090607,0.0887370535940954,2.98619000375357,4998.34427926247,0.25
0.00891737018570277,0.00083337499049419,0.233262791932425,-1.01996019812563,210.751551839461,0.0861455843683222,1.86687177758434,4983.52425442322,0.25
0.00960177211917091,0.00127582144906168,0.700199373194857,-0.940420825100851,126.565256329123,0.0510967142083276,0.377932865698581,533.269016174955,0.25
0.00919270276787435,0.000741218731263787,0.013591016793401,0.836569264654935,73.317074071149,0.14711018494895,3.1669815754424,5000.04884907822,0.25
0.00887749861029996,0.00161311647276035,0.460470164208657,-1.10015707430883,414.599757746393,0.0504655960813801,1.5887736893795,5000.04884907822,0.25
0.00860254407018463,0.000846462544359354,-0.027574210671144,0.188956535070682,34.3335397495274,0.0853554269645207,3.0295407633398,5000.04884907822,0.25
0.0101876563781769,0.00230516738974856,-0.00580642542660381,0.427902568481032,86.31975704039,0.12975333243032,3.12681840365852,5000.04884907822,0.25
0.0110445742059055,0.0028227137429879,0.883322674419488,-1.5140064710309,1005.2588796917,0.0638223938274508,1.35305668482089,3465.4866140412,0.25
0.010217713195914,0.0022111555836474,0.830950851991705,-1.58721929319311,1036.17542563442,0.0792802895931286,1.53893674926369,4060.75932517619,0.25
0.00843660550263747,0.00120618612728489,0.0617055297640371,-1.07721794370493,58.457196997839,0.0623787768914406,3.15461221901041,5000.04884907822,0.25
0.0102886744795024,0.000353928096020942,0.613820800012849,-1.37631640296888,790.929239820931,0.048795706997709,1.8239546723051,5000.04884907822,0.25
0.00767984481144787,0.000802548879780625,0.293422832318462,-0.980525862509408,258.808882991278,0.0592196045077368,1.69280230451447,5000.04884907822,0.25
0.0091316866238964,0.000798034206712089,0.552688595340178,-1.04681873322364,528.854504407935,0.0698466450498481,1.40285776929776,4991.50596551123,0.25
0.0110197081255196,0.00203472041418949,-0.0189780489334577,-0.239891199420722,49.2659530559243,0.0678429921569519,4.26396194321997,5000.04884907822,0.25
0.00982680117543985,0.00118812488630429,0.453930876085624,0.0904793684336167,113.327861572559,0.0410618983837364,0.140601697739805,62.3253238611442,0.25
0.00877590900707641,0.00114342450597917,0.102170202962424,-0.288253575314726,120.409713869779,0.136554430915944,3.01330982298193,4923.7136734709,0.25
0.00890549073353646,0.00137786654464629,0.0890156720399197,0.0515158771264406,102.876848996264,0.0887145188082859,2.8318106725142,4986.64788071564,0.25
0.00848329067030006,0.000463734171369376,0.277261214142253,-0.805849452607124,242.444521016365,0.0698172041788434,1.74299161478871,5000.04884907822,0.25
0.00908539575474412,0.00103055513950631,0.0471348148961033,0.664351003453096,93.4157080959122,0.148819917097986,3.68813969625312,5000.04884907822,0.25
0.00886981731050249,0.0013185690594265,0.0289435028472321,-0.381505171809756,44.4827779360501,0.0437849145749739,3.10668688902859,5000.04884907822,0.25
0.00975952680907238,0.000956847685059026,0.628982119189001,-0.671505762199679,10.9007186487494,0.0546849784819338,0.252114907823119,295.674610148107,0.25
0.00958328600443386,0.000708603015562525,-0.00278944604349812,0.986440136523421,74.5647818781798,0.153436190140421,2.72138009807564,5000.04884907822,0.25
0.00992705988783854,0.0016067719394839,0.84369216120127,-1.73475361403724,1044.80044069074,0.0581980149303104,1.64022729044101,4282.66672321232,0.25
0.0117044197487044,0.00379421721013225,0.877753932365954,-1.48011369075076,1114.84753606743,0.077419681215795,1.51804320638375,4303.58555513903,0.25
0.0120781685119695,0.00240140910757605,0.878927726032309,-1.20992084735039,562.082577179263,0.0553622956949917,0.720324995025025,1663.75452115351,0.25
0.00853071055196531,0.000928997005277278,0.224147201420629,-0.799994698664288,204.052895192202,0.0841689432686091,1.66152771038841,4990.15114317144,0.25
0.00847027144768243,0.000816166463028547,0.548414636299747,-1.08732871488354,516.332341282696,0.0727269373384928,1.40420717071651,4996.48446427681,0.25
0.0088689572607725,0.00119498816479051,0.776837310936435,-1.35186406690611,975.837513327325,0.084356229915362,1.52637414894778,5000.04884907822,0.25
0.00849212631719044,0.00132197325646916,0.0603529074497383,-0.724385135383161,80.0448898369179,0.0906372958658833,2.3606643585658,4934.42181880342,0.25
0.00825952086186145,0.000637405113753297,0.276670547072334,-0.652180273259352,220.60312078768,0.0560884564941176,1.64678823467694,5000.04884907822,0.25
0.00904752809270083,0.00183692728731026,0.0474172508695014,0.273808852808944,101.773787847556,0.12887686850241,2.99102279916545,4937.34651290543,0.25
0.00634754352451627,0.00209794295754421,0.40438672029835,-0.998285041290602,322.806645987439,0.0888007789884236,1.58398224784687,4973.00527390539,0.25
0.0107999388471698,0.0015760688597758,0.829740427661168,-1.46840682479352,844.65772041113,0.0627298581469277,1.22321769780563,3135.44516864698,0.25
0.0105165861921185,0.00264379673433704,0.887615652351582,-1.6980447690761,1263.10294817569,0.0654097779014386,1.73968086245381,5000.04884907822,0.25
0.00865614258616281,0.00158552296627707,0.0998895830410548,0.967378167276334,131.647350708927,0.110871007964604,3.38108329142707,5000.04884907822,0.25
0.010553929058524,0.000949893906341419,0.767583883765679,-1.11614033761964,420.157470545628,0.0480278192729734,0.573171314791188,1069.97962230719,0.25
0.00875445348195822,0.00162485253566006,0.162803981285707,-0.0963441365831125,179.00604019694,0.112348156618647,3.57538654227726,5000.04884907822,0.25
0.00851902754539638,0.00222616540826492,0.42334877805386,-0.974591978008973,366.146379248941,0.0677931919703376,1.58702121103956,5000.04884907822,0.25
0.0111569751942108,0.00175773599710744,-0.0509666771987311,0.736849240887051,62.1560238217903,0.13811326575021,3.24580578447401,5000.04884907822,0.25
0.00857940125507072,0.000663276678055725,0.00233635211686195,0.129059325507224,49.4583460633587,0.113079607408586,3.11994501964036,5000.04884907822,0.25
0.00848648365691837,0.00138161439648542,0.340388299274516,-0.676523414719546,293.041616274196,0.0830039937952275,1.6266526864594,5000.04884907822,0.25
0.0116832198008306,0.00251680552039585,0.846034880065233,-1.27036721070113,880.484173546886,0.0835148553035197,0.838858780937319,2087.1399991743,0.25
0.0105879479264319,0.00109043478278503,0.810114986357211,-1.46199219552596,779.879006396338,0.0628277216246641,1.11987189924646,2860.88137875756,0.25
0.00821394162748326,0.00149562917228216,0.169460176489928,-0.653121685266284,184.455801154075,0.104195720090816,2.73177847887916,5000.04884907822,0.25
0.0103586296732075,0.00120076282992164,0.770019199112275,-0.641365252827802,375.152996385284,0.0605477351554324,0.416405000464555,812.588940577538,0.25
0.00894896592570706,0.00142679986563673,0.078702689543948,-1.61068472424364,79.5319210146625,0.0510061078576946,2.09165300589005,5000.04884907822,0.25
0.00934910886081223,0.00151720304180173,0.108127496138239,-1.43794030828147,95.2424151543049,0.0507186649429081,2.92231970945633,5000.04884907822,0.25
0.0124441715348968,0.00170050708461054,0.835273123306255,-1.64713669090297,1248.56227854264,0.0536610833952432,2.01223357942869,5000.04884907822,0.25
0.0102731985301995,0.000353928096020942,0.506198018249238,-0.743143703468205,85.3764914987281,0.0281183806964972,0.172835278520841,66.2322653080982,0.25
0.00860054151453167,0.00136102914650955,0.352273037476144,-0.671411012978407,308.570978920409,0.0906109682839432,1.61600286729654,5000.04884907822,0.25
0.00844259897546288,0.00110788846694463,0.20084167671111,-0.789711415069974,193.969361238528,0.0909511364049216,1.76412629979251,4998.90558038864,0.25
0.00946145258951364,0.000881931421918279,0.191731483502423,-1.17007356708034,174.050417764106,0.0776915559926948,2.2082880874779,5000.04884907822,0.25
0.00915605915341385,0.00168725645068183,0.0714144440657111,-0.367298425049527,75.6390796618288,0.0569324881719023,2.68379031239319,4996.25104711698,0.25
0.0106301108827735,0.00177300296819338,0.856865060672053,-1.54215997589156,931.3083497125,0.0529454186806694,1.35383713919192,3361.57929883571,0.25
0.00704468675598027,0.000644749037281493,0.297003932476202,-0.990673355033024,254.27237930452,0.0646739159606581,1.73196909596438,4982.47121489659,0.25
0.00984297100840494,0.00102589394225105,-0.0495272312529698,0.839481366218517,53.3301372866906,0.122508044836546,3.08297793070214,5000.04884907822,0.25
0.0101646933216488,0.00116473359272764,0.760439606612568,-0.988583482771197,306.23614282498,0.0487093703660467,0.516727859962959,897.587605286405,0.25
0.0102300976784997,0.000974228335291588,0.8411846876607,-1.51852487774363,747.040737667927,0.0476318509206127,1.07057427526179,2732.26563905288,0.25
0.0108401223852783,0.000992539274305668,0.78695281587246,-1.23823590036362,470.286566820745,0.0497411491570327,0.62967088365165,1246.77822230443,0.25
0.0116052438209922,0.000960638875506774,0.741278613781946,-1.56349175373427,1068.45650434988,0.0534918635971352,1.90570068636604,5000.04884907822,0.25
0.00947444728824664,0.00199948248995129,0.00868288086650343,-0.0884278927433451,56.4059643950258,0.0755790756481379,2.54835907133648,5000.04884907822,0.25
0.0107417756524674,0.00155735156761289,0.833001769495771,-1.44126570603772,822.093440670415,0.0672921879814798,0.986926048318586,2480.66800973995,0.25
0.00895193364071242,0.000353928096020942,0.533290969181915,-0.297712228011303,-8.37979679311235,0.0496846872444871,0.145047301342913,114.093572014214,0.25
0.0101988827999798,0.000938263766680601,0.697140183141932,-0.863337793425138,111.690594851227,0.0528864412627929,0.361181352154349,451.728405738359,0.25
0.012118261005921,0.00183501411002245,0.843106640103335,-1.61508830981453,1266.07745503049,0.0565059085553973,2.04549807292836,5000.04884907822,0.25
0.00823464503467203,0.00198881105339911,0.412026688447014,-1.01796734753033,354.10396047374,0.0636220833550642,1.57890853935425,5000.04884907822,0.25
0.0115589949381114,0.00197366870826957,0.811759565796433,-0.839204365645024,658.190703238343,0.0805380211314909,0.568901919195541,1293.61813763739,0.25
0.00932199940656239,0.00103320911844269,0.492903741955625,-0.0132272837231505,83.7256831342366,0.0469030488319232,0.140601697739805,157.568787169253,0.25
0.00988288776822933,0.00073287845435056,0.549130523404392,-0.350454076743203,-11.4373918391844,0.0507173960209589,0.168556842837737,138.198266309745,0.25
0.00949678318961625,0.000549293739348489,0.534881978949997,-0.218612840471853,-25.6427455702783,0.0544467612118783,0.169248099467227,169.587277482718,0.25
0.00901459918199592,0.00133094903297598,0.0950931508788688,0.017234100468333,102.792613209656,0.0851459283317113,2.94205753937609,4985.16774733099,0.25
0.00841209192347321,0.000952460446272426,-0.00140825397573108,0.112679053871304,36.06655209467,0.0964332987325432,3.59680625435232,4925.71287333301,0.25
0.0125613082423313,0.00263447319312544,0.858594999662208,-0.880053938585196,634.383067418569,0.0761363572874136,0.627161876167016,1509.1026398816,0.25
0.0088085869214252,0.00167899587023212,0.0457586778007072,0.0774516104966539,76.1070737324329,0.0821814526974393,2.53047163496209,4965.8316777782,0.25
0.00966542501581948,0.00257295221423693,0.880416812409504,-1.69207193004616,1199.79638576148,0.077896753241886,1.67292786097386,4828.63860389941,0.25
0.0112404535401283,0.00170456968190483,0.82975790380985,-1.35755655097902,545.092503312356,0.0536382832871462,0.722812363158269,1560.47976790727,0.25
0.0121232933105942,0.00307544925728989,0.882302807493508,-1.48047308069866,1152.66120009564,0.0716721819171292,1.60203580358329,4781.67224100397,0.25
0.00948489603114714,0.000936510907066204,0.783046930930775,-0.808134910808535,163.004887175312,0.0503482230781073,0.450380777919797,828.942174331143,0.25
0.00926869234937402,0.000932801398339255,0.157542470512689,-0.598719158487045,150.488833196046,0.0713877944356529,2.08748843906756,5000.04884907822,0.25
0.00950742892618423,0.000498299571618333,0.501471548295256,-0.588329380365823,130.611906390218,0.0335371961653953,0.140601697739805,259.928874542087,0.25
0.0107888107486987,0.000353928096020942,0.489870946117116,-0.879131547535284,155.175503754973,0.0214817768661349,0.14297801222025,180.268056086992,0.25
0.00908420599493569,0.00115933751747638,-0.017880656512112,0.166496028460959,40.8311614405443,0.0679563105720957,3.26733629554506,5000.04884907822,0.25
0.00951014916233959,0.00207944395578808,0.848411158614995,-1.6675552614491,1168.71064933836,0.0754610047171466,1.70602726152866,5000.04884907822,0.25
0.00879333724489107,0.000743625339014163,0.197713442931886,-0.745633829293234,183.859858095824,0.0685357358321385,1.76085410281366,5000.04884907822,0.25
0.00901663595439678,0.00191311577020109,0.0462174282869625,0.352384328914905,107.998353904423,0.130302625620079,3.29269950854761,4991.70256021946,0.25
0.00910425738924413,0.00130510357917875,0.119374149581933,-1.63709866783826,109.791709326266,0.0761915697042956,3.29665072867511,4980.67685753694,0.25
0.0107321861187182,0.00165211084875631,0.841998537330692,-1.05792062562685,254.721150345157,0.0559867835848544,0.59009402204761,1240.43135665979,0.25
0.00908078022519802,0.00114748278344453,0.519813906428867,-0.939765603134838,453.942636759416,0.0886774799509664,1.43953417376941,4856.95785752339,0.25
0.00908035087076335,0.00183295886749202,0.0407624384713308,-0.280894337139891,73.7415928085691,0.0679932876889993,2.60628056142525,5000.04884907822,0.25
0.0105240221018862,0.000931770201891765,0.803872957589967,-1.52763947094797,817.917746699219,0.0570804135810861,1.34374909768207,3403.23857971017,0.25
0.00849056104187896,0.00068423233279351,0.259487628431508,-0.823496120321761,232.148390045939,0.075985667860303,1.65634143433777,5000.04884907822,0.25
0.00912915307186537,0.001988580641445,-0.0285992003002498,-0.741944441619064,14.5379329399368,0.0682036685592223,3.77549427559815,5000.04884907822,0.25
0.00858400646681386,0.0011953376625699,0.134832079693491,-0.105369214389424,153.773412621847,0.0868320738278236,2.72304736197176,4988.46959753874,0.25
0.00994200955342491,0.00108578936843304,0.740131278423572,-0.861160987890204,243.538357887992,0.0492675938638517,0.412523492516772,624.839610717349,0.25
0.0106515898514045,0.000899138280694533,0.651312508004191,-1.21437029091698,710.880057713519,0.0589062561163061,1.53600264297224,5000.04884907822,0.25
0.00912381559832688,0.00138444018743552,0.102775172925667,-1.90189061069647,92.0223928094987,0.0486886963047608,2.44078131371254,5000.04884907822,0.25
0.00882884087436622,0.00153847918016318,0.0824176520495696,1.12181891923606,112.653095272835,0.0994550484372511,3.57779769601638,4989.82222603684,0.25
0.00961471676225177,0.000527093305732316,0.515241525391356,-0.0289575451556167,-52.257422048084,0.063048874206115,0.204559872230509,62.56068570158,0.25
0.00982037609855824,0.00102324871479839,0.647665569815739,-1.21360060035384,733.822863222015,0.0647461609214334,1.49924819026873,5000.04884907822,0.25
0.00926423419154957,0.000706827944056509,0.628313753487498,-0.695054225564394,38.157253517572,0.0512708578429941,0.275533301896809,341.778716623901,0.25
0.0112213526651099,0.00155780055367876,0.81348237415115,-1.15054793685361,625.103425721661,0.0595644666113574,0.602781527337523,1437.96577950565,0.25
0.0107432057930208,0.00199119897806588,0.885996446090095,-1.42111512171154,845.794745736641,0.0573396977249646,1.04846586529022,2600.86426789853,0.25
0.00935299996391393,0.000950796595957229,0.784692460095113,-0.712002295694714,103.521010703966,0.0542895763961946,0.449680997012586,756.690286367468,0.25
0.00946055358582268,0.00219938975901731,0.0177311752166619,0.345018374024166,89.5633536838701,0.119775264046571,3.09539792944795,4982.55853054768,0.25
0.0131019206099714,0.00434858449305505,0.874038943252713,-1.24604122065427,989.860561376581,0.0898837607098635,1.30486203929673,3374.64778153686,0.25
0.00939888684889774,0.000715776435978431,0.60804731915219,-0.605201631601064,-16.6888857966451,0.0540942324227257,0.214046177210592,234.483597125482,0.25
0.00821164875523743,0.00102914050779075,0.00296956236900886,-0.161609072502504,31.5073086163647,0.077123984253971,3.67311021897798,4945.79513819995,0.25
0.00903696676700277,0.000736003569106397,0.163131202806677,-0.495728071940416,162.999535064006,0.0667836407671176,1.96472915947132,4997.16676517066,0.25
0.0101138851950109,0.00116328108993007,0.831632755597329,-1.65166440847764,979.382571942676,0.0494885685601901,1.65852042679829,4050.46108674591,0.25
0.0104633219185463,0.00331861250965673,0.904594273569639,-1.59049354996209,1108.74592133575,0.0695918364485204,1.48931783085928,3881.92470642201,0.25
0.0113439376773644,0.00159487244836127,0.756312068031874,-1.32460376375669,937.578601158636,0.0628464716522526,1.58697504650634,5000.04884907822,0.25
0.010155988114616,0.00104444486338503,0.474907376976785,-0.263128027153294,146.817595254636,0.0338153441117836,0.140601697739805,146.183311311669,0.25
0.0115874664206812,0.00174380792992486,0.838792555532339,-1.44704471111277,552.360992826839,0.0524865491956521,0.771846245178677,1740.40911578518,0.25
0.00938685890450711,0.00124309451991357,0.832453360407685,-1.62423786207754,946.952692038226,0.06330424526793,1.52328764581829,3858.96624704106,0.25
0.00981739594280436,0.00127302732609495,0.110461334691087,0.162927711119106,105.478757969614,0.0570173470496555,2.9722228487882,5000.04884907822,0.25
0.00996492470722127,0.000437773240200097,0.54544789566111,-0.833121451148523,37.5542080881762,0.0395559373168055,0.189973415635552,240.838787737734,0.25
0.0095851850638995,0.00161912632544978,0.0343511530431231,-0.115413034195628,48.4855997779379,0.0384637562943166,2.95587007853873,5000.04884907822,0.25
0.011514010496684,0.00219559937018057,0.833088421513265,-1.71758946341253,1095.09292051826,0.0560508564773708,1.66994358547505,4461.70661327638,0.25
0.0105986273747002,0.0010529023388947,0.764658692577205,-0.966595684273254,371.323608954268,0.0469782181767786,0.513599088998709,873.215637382595,0.25
0.00734380395152875,0.00106497957713996,0.281815314910592,-1.02220168460445,243.074632320061,0.0699584601044224,1.72024566907704,5000.04884907822,0.25
0.00919471840372602,0.000882633063294265,0.609853996480751,-0.616785806860621,-24.2285522567038,0.0563582561163905,0.236293032437672,262.052564392081,0.25
0.010290957537519,0.0011439091045939,0.80609758087044,-1.09008216883236,445.978724115315,0.0526466552574141,0.571460252146163,1184.30318274041,0.25
0.0100215362745312,0.000353928096020942,0.47936555493198,-0.240346458480964,45.400764292314,0.0391697351174928,0.140601697739805,44.577910486476,0.25
0.0090811044328007,0.000795007772531935,0.758887570656936,-1.61231398250609,1035.3562851222,0.0669479442276184,1.71857870455897,5000.04884907822,0.25
0.00892229044581668,0.00192092520281146,0.0474538181025511,0.713318818371691,91.5973541402253,0.0938587039679201,3.34376429047183,4984.69504238522,0.25
0.0087603128619693,0.00146108507504121,0.0563242801302192,-0.953852070547653,67.4424907218029,0.0626914258325499,2.00969693338088,5000.04884907822,0.25
0.00939461254190915,0.00222996785392887,0.888661698953197,-1.85418800422437,1242.85480329535,0.063997988415924,1.81247347121214,5000.04884907822,0.25
0.00955019213288555,0.00129015556927994,0.846484178770647,-1.47099164861656,925.444180379535,0.0562934012246697,1.5527082256451,3601.9883376585,0.25
0.0091083742665666,0.0013466997040292,0.125804774435454,-2.09661731825717,120.246103270565,0.0870190387815339,3.10819603684117,4963.99000025465,0.25
0.00972353640526867,0.000780372948893945,0.633774402862514,-0.70829618727259,49.9934759518017,0.0514655602815219,0.304423553949969,291.161743025402,0.25
0.0102993972171583,0.000353928096020942,0.52924157554118,-0.607692012147394,-2.48604844198212,0.0366568053224033,0.189749344996944,59.7038552970907,0.25
0.0107772373720071,0.00165112330975335,0.843331568976687,-1.16339943001905,514.411579717794,0.0584589215321937,0.644612577347702,1433.96768723971,0.25
0.00873211100653621,0.00140724109751762,0.238657321796594,-1.06676379632438,232.824049115672,0.117286208480386,2.44336757165763,5000.04884907822,0.25
0.00917659044722888,0.00101560543378401,0.544021168722126,-0.145572107338113,9.11220608128832,0.0561968880100169,0.18546749750883,186.098711263498,0.25
0.010573742501882,0.00171279500795473,0.825321521254703,-0.678514175214076,459.593093335731,0.0723331784830512,0.507793054360829,1148.69238826654,0.25
0.00806003242449049,0.000705161564801339,0.30510172610998,-0.832227154405651,244.923874867878,0.0475995012218005,1.57636576732188,5000.04884907822,0.25
0.00853181370642451,0.00187652445524553,0.309352159903864,-0.942505816558162,270.130481499116,0.107900114937945,1.88759868580389,5000.04884907822,0.25
0.0123218100247126,0.00416936285615503,0.924314440979403,-1.47399588500201,1176.9132630874,0.0658175267223467,1.62462901317514,3819.80557151479,0.25
0.00850515196540994,0.00102869735914641,0.544118022871045,-1.26073116503009,601.040578239909,0.0561742321454075,1.61598490775187,5000.04884907822,0.25
0.00955213486920923,0.000625901122715209,0.675308427446206,-1.20839124630591,767.095175595981,0.0710274781919897,1.43923901984518,5000.04884907822,0.25
0.00903186480789395,0.000968023551553585,0.629725433637815,-0.532618206433372,-6.18105440862399,0.0598122940797282,0.252862556502946,292.791185582601,0.25
0.0104757262481029,0.00140103464793569,0.566316686682974,-1.16792491051985,577.518027684312,0.0513538546725495,1.57274516802285,5000.04884907822,0.25
0.013404104232509,0.0033521981009962,0.862763345682732,-1.11528029513643,884.584447825082,0.0878752475193643,0.967107477050606,2536.80031091488,0.25
0.00963016848332297,0.00158004735628764,0.786382037377528,-1.46556586643538,1032.90430410933,0.0681104018903917,1.61738055861793,5000.04884907822,0.25
0.0131891706014469,0.00371914678633146,0.909299373424356,-1.54171137639774,1282.28783642525,0.0648263716178184,1.7708338904528,4901.30780920046,0.25
0.010518760914978,0.00248684159182263,0.865136465185373,-1.18438640798597,800.346357375641,0.0887306308292673,0.765779851435245,1766.38311952624,0.25
0.00991011999899932,0.00211248061452977,0.0286936885156581,-0.0727277492648283,56.4223433347215,0.0500494387838732,2.70979807289652,5000.04884907822,0.25
0.010269706523621,0.000916358526293047,0.763722708278092,-1.02492912258524,365.032672364907,0.04509061805146,0.504875125930113,950.199690283339,0.25
0.00880862314513849,0.00113100682952412,0.132996517772883,-0.669329864171486,131.909782271681,0.110801615115068,3.17945764137661,4939.84610608709,0.25
0.00842249980132915,0.00155139179240899,0.280939595653834,-0.896147774659326,253.121825766018,0.110374754140467,1.96726596344068,5000.04884907822,0.25
0.00938882530419939,0.00149614394178091,-0.0342792247693992,-0.120758320317204,26.4558928298042,0.0666071171228537,3.6453864205847,5000.04884907822,0.25
0.0102910171373891,0.00181200322082197,-0.0302441643777627,0.677513025124946,66.0115892439157,0.110735977044905,3.32979714746791,5000.04884907822,0.25
0.00973123392535642,0.000661660792151664,0.604922400280211,-0.805962905925052,22.5579152871312,0.0439373677768085,0.28369531669884,281.508360508849,0.25
0.011326382702316,0.00236223682159274,0.849054297687344,-1.58824169231147,1179.71912703367,0.063339738394039,1.7050307570968,5000.04884907822,0.25
0.00926707357897588,0.00106144018684318,0.652571610792123,-0.568201384170444,1.67974531820175,0.0601389330361562,0.261042527135874,356.252340991245,0.25
0.0102167535239076,0.0013962190506433,0.809310643974202,-1.25548803192366,454.193622183085,0.0555990741899718,0.681808652074589,1350.9946740869,0.25
0.00931431103340537,0.00162056658998894,0.0360144591909907,-0.442446640918816,51.0119272004439,0.0464032815818256,2.48938169473626,5000.04884907822,0.25
0.00901993116755011,0.00142783232924914,0.0746470207027231,0.21429556223843,109.108240495473,0.144618047903545,3.44161692717637,4977.37691987812,0.25
0.00985369645504114,0.000910896406797356,0.749731745775498,-0.859477308770705,205.607476776442,0.0498663110788814,0.421907782477132,649.009767707609,0.25
0.0084289100794514,0.00120273198175537,0.183268326749106,-0.630194237871009,174.036958865173,0.108407133432968,2.51383153417596,4983.00564226925,0.25
0.00981577934679971,0.000353928096020942,0.475386101944463,-0.169875014778859,27.3066741055641,0.0447743013416313,0.151654218033189,-14.2271229129119,0.25
0.00805608986805915,0.00114812304795224,0.391523143833904,-1.04014085415823,339.919093448108,0.048755501039215,1.59675618573076,4987.79655610189,0.25
0.008801494304028,0.000952530663483411,0.718387964595887,-1.46881487325668,934.918799287103,0.068680477566845,1.65751625631121,5000.04884907822,0.25
0.00935285543173498,0.0021145116194814,0.00520517867840514,0.497921495605794,57.6671585718402,0.106520838982823,2.82313532412611,4979.05759999546,0.25
0.00856952660234594,0.0013458595139508,0.408316818115141,-0.833325808602237,365.64451663759,0.0762070244855287,1.60226324658485,5000.04884907822,0.25
0.00989185363831437,0.00111394194539307,0.710541971519878,-0.652671524335016,126.653217959035,0.0582399709393023,0.350660607445827,436.68154006079,0.25
0.00917722599243609,0.00125859005489903,0.103514989115039,-0.143077219081165,108.546844689378,0.0854819986078708,2.82053138146912,4951.97840240029,0.25
0.0105256210034662,0.00132342808668323,0.735328548700758,-0.604290865618708,418.614764200666,0.0717243358308617,0.425691427482466,715.560670852788,0.25
0.00875055924872339,0.00100883533314528,0.183814111777011,-0.87538517411186,170.179577427272,0.105945504717869,2.5685793483989,4950.41232716539,0.25
0.0101684220369919,0.00236944455826178,0.00583139911924602,0.387538217305338,55.1689285240184,0.0726937780336131,2.93172602255467,5000.04884907822,0.25
0.00829955409544077,0.000951111686947698,0.292652035043161,-0.588710319977331,243.593308844902,0.0683543068436301,1.62575274471384,5000.04884907822,0.25
0.00823291600438795,0.00126798596854028,0.223259599591799,-0.759246342531054,206.444716769368,0.112871081939752,2.15746940701704,4986.61014217537,0.25
0.0105118571580896,0.000613960169542438,0.80639781623794,-1.48068622516194,905.393231912971,0.04936184916406,1.63175952459648,3794.10755800146,0.25
0.0107931032918349,0.0021020918722152,0.866239090889589,-1.59406137298949,977.197250166877,0.0536259719129498,1.40320871168253,3579.86541680976,0.25
0.0089733216251689,0.000999040735807718,0.206619755785067,-1.04108565923467,188.343081196794,0.102853509428713,2.25206719206449,4946.59613562625,0.25
0.00825297246860525,0.00100280799107042,0.301313901158874,-0.826573241200959,239.308324942306,0.051859588076789,1.60314563376416,5000.04884907822,0.25
0.0100662549396663,0.00119136219944241,0.676442382331039,-0.99826443717131,152.715500840166,0.0481782359835494,0.372477806933968,547.435431872008,0.25
0.00850076147868183,0.00120015126355774,0.0742947253985597,-1.21348200699221,71.6372231019882,0.0762759192619242,3.01540102470936,4928.06579624084,0.25
0.00866101602702852,0.00134812955119928,0.101795006468411,0.450426735542726,119.512009590544,0.109990000327472,3.09353534780409,4975.61747467241,0.25
0.00896781842286063,0.00112631579910543,0.119388257115137,0.252119227479743,130.573339250681,0.0797447879493161,2.64553052425167,4991.22639411999,0.25
0.00850457138939257,0.0012409461568479,0.0721499325131415,-1.02943277614116,79.8774232054098,0.0856822956983991,2.48602468225395,4890.8501666867,0.25
0.00737527491514767,0.00245622301434669,0.394249955792688,-1.00263939168534,331.065977271528,0.0854928982749708,1.58632751204968,5000.04884907822,0.25
0.0125018179418024,0.00285771444554571,0.873884108886134,-1.12135080394365,830.044824602075,0.0721532710654803,0.772848020467786,1990.45192919794,0.25
0.00983594712175411,0.00101936221269493,0.737012622620132,-0.939170300090925,249.139969851276,0.046697954615458,0.453598357536374,639.050781961271,0.25
0.0101697653609017,0.00123122720504464,-0.0238690178786675,0.553185482095811,60.492627534312,0.135361351817023,2.69535892866545,5000.04884907822,0.25
0.008334255952896,0.000781800395936674,0.292333816099341,-0.627561077529511,254.423328506561,0.0701769158807663,1.6238645509121,5000.04884907822,0.25
0.00617595570527418,0.00130165849862806,0.335548255091901,-0.971684749240835,253.794873896452,0.0784064805981783,1.71535658589655,4978.58599287428,0.25
0.00999293273737953,0.00115718058900549,-0.0462612344750088,0.785976027522088,55.7194319451557,0.112465157033025,3.28520088763823,5000.04884907822,0.25
0.0111226570780581,0.0025350847215326,0.824517512026994,-1.55521794818805,1216.99858994677,0.0594059937281513,1.95385067751873,5000.04884907822,0.25
0.010738863383852,0.00131855222871862,0.751409643184188,-0.7432765109273,534.598953446327,0.0645748666925273,0.469102429414953,908.379610535354,0.25
0.0107561699618006,0.00126772473750759,0.807726115912388,-1.46269216489242,824.991279882902,0.0664923913529128,1.26218155352675,3166.08364048958,0.25
0.0104584236862878,0.0011287789846076,0.770414161566983,-0.806330337374387,430.112533804676,0.0528936680013667,0.445087955794114,891.415703846623,0.25
0.00852523035755531,0.00114191321904651,0.112328492617497,-0.370735680794816,128.28219804208,0.130793437107507,3.05845904609162,4934.54715526876,0.25
0.0103169110879514,0.000664255943490937,0.605869404922174,-0.781688846390615,25.970289257459,0.0459239794257124,0.261525382224777,274.962787324897,0.25
0.0122673692698818,0.00214023185056155,0.849198308264259,-1.34767354725803,859.784698891857,0.0611375955787252,0.904383261935994,2455.24501023175,0.25
0.00861700257809987,0.00130913239279267,0.0990826352936997,0.606839851798219,121.135535990319,0.103260440286775,3.02141732719235,5000.04884907822,0.25
0.0125867843472789,0.00265636070752779,0.873978073930665,-1.18486800992018,802.749345051554,0.0649295134676332,0.799281280752325,2033.32080281492,0.25
0.0123100478214001,0.00436941069234997,0.931347276240301,-1.44720883479084,1115.71361760181,0.0692100494565551,1.51592721344955,3589.45929520664,0.25
0.00823650422028607,0.00181698107750642,0.407258207699906,-0.947032506057904,353.026662904271,0.0787041553298642,1.59218352071172,5000.04884907822,0.25
0.00822202734223873,0.000353928096020942,0.535382090983308,-1.26991129487004,615.851951168039,0.0605382323047592,1.72769427641112,5000.04884907822,0.25
0.00785709832375157,0.000642160027569875,0.378026490868842,-1.02170169698675,322.078501806018,0.042219044005436,1.61655312486245,4982.87302994045,0.25
0.00867631766878988,0.0012650522047032,0.108157325915867,0.569019042839647,126.976050878515,0.0878254262978914,2.96347510267006,5000.04884907822,0.25
0.00936398758153347,0.00144548895631636,0.501997103663271,-1.16949004679272,487.679284366297,0.0447109148152917,1.61972574293725,5000.04884907822,0.25
0.0108661090464749,0.00202551323832876,0.812458368178996,-1.54328850078931,949.652406386575,0.0740108558897367,1.49079464766628,3865.23564952759,0.25
0.0114529602769646,0.00209056616218228,0.850362090536223,-1.49363315483919,887.148215286875,0.0526918290174818,1.22200428612311,3139.15555782546,0.25
0.00908979411381785,0.00171395300579091,0.486359177090204,-1.03699070201929,427.47807375768,0.0665775776443791,1.49620032122489,4977.5031212245,0.25
0.0131423396636041,0.00463565911347591,0.93978701073744,-1.44540977756015,1160.895094348,0.0702719751211373,1.55011634438223,3798.16217340166,0.25
0.00748620229602668,0.0011318056389614,0.274541633600267,-1.00681759287662,234.519499874111,0.0747272439930839,1.68380548533139,5000.04884907822,0.25
0.0105856303308381,0.00181033635932592,0.644777611316315,-1.26775093212886,761.683446324796,0.0506842929521189,1.68653963087083,5000.04884907822,0.25
0.0086160027741131,0.00124868128498483,0.226022965233487,-0.951289149682327,205.030817982729,0.10760088921679,2.09011518913913,4968.90707552223,0.25
0.0096689505498198,0.00128874698415922,0.861232170059195,-1.50436854390331,784.717583755226,0.0517596413370985,1.086319035813,2755.26421993551,0.25
0.0115811500479425,0.00200965045477857,0.857946615944334,-1.07864682905748,487.540470972168,0.0589862874666744,0.628526114830753,1475.15543001013,0.25
0.00924839943357957,0.00131717910510908,0.863307402783656,-1.48806395362225,779.224922672937,0.0571629494412861,1.06432759881441,2636.72334070073,0.25
0.00979281718422806,0.000595730336620183,0.169525994079769,-0.411284169993142,151.638623305331,0.0489001915910839,2.15910178307682,5000.04884907822,0.25
0.00972052556203599,0.0010060419136359,0.663526588068381,-0.553952617201178,108.55362513457,0.0642464565417839,0.30212048785279,345.805746662189,0.25
0.00886021285563841,0.00178794393739611,0.0709182646197903,0.715848628413818,127.67905032109,0.128105956093337,3.84575003905691,5000.04884907822,0.25
0.0106372678510207,0.00102134983849314,0.778753064061904,-0.696030760740557,263.054304742956,0.0529726549205402,0.436685267692073,830.340947332785,0.25
0.0107194861934147,0.00193011938148164,0.85939720593082,-1.57516949259401,938.383708632746,0.0508039105774077,1.43132994197611,3533.99643185769,0.25
0.00806634527126457,0.000985756282875893,0.329270288927402,-0.954811342960197,262.856971539293,0.0491858615431321,1.58667087283347,4982.88748554865,0.25
0.0101168480962662,0.000946060768612396,0.623950710622308,-0.790527642309047,-8.52762909170065,0.0538958132702684,0.272500234309529,297.905729071175,0.25
0.00870627991191892,0.00121673689883926,-0.0201346513427697,0.365074460643369,37.0970822790747,0.0863875598298647,3.11658319645304,4962.62520454173,0.25
0.0128336363288469,0.00339099356324193,0.890438583933242,-1.59207696268092,1336.05918815054,0.0615702068960883,1.94556771326081,5000.04884907822,0.25
0.00979206273243008,0.00100800661826762,0.137392167436638,-0.70457131443533,122.683765834535,0.064239245912599,2.94001449848661,5000.04884907822,0.25
0.00768827740778913,0.0015966732091052,0.479833176693769,-0.953527484388494,401.837750849049,0.0852111677167671,1.42186874651783,4923.20117881115,0.25
0.0114540756768967,0.00190685662577068,-0.0455764747739679,0.806968291342196,71.7329819940726,0.148400983160198,3.22225797665537,5000.04884907822,0.25
0.00990004537321129,0.000428534040539991,0.592276737161245,-0.713419886176818,4.63765661795662,0.0459720172773804,0.235936722053952,264.824290448974,0.25
0.0085502851637936,0.00133290388366072,0.285258034819874,-0.804350903467787,256.42784954961,0.114608399961076,1.90829008323613,5000.04884907822,0.25
0.0104637849873489,0.00108872746707664,0.690870432918213,-0.973681079478598,127.149154746222,0.0517936086671221,0.402160428200296,509.751337167798,0.25
0.0063865228574282,0.00174027241722084,0.406005597971647,-0.976030322058378,320.035146732061,0.0856524342270235,1.56568980695189,4964.61203084551,0.25
0.00917081343403698,0.00161044180883233,0.476376004680031,-1.13717075106973,447.700106680034,0.0459593569403942,1.6349901519073,5000.04884907822,0.25
0.00947207497755212,0.00102120309961651,0.604083675846053,-0.398843333477039,-19.9484837560392,0.0606989060363002,0.240831283858341,207.424937586273,0.25
0.0118581367475459,0.00272034556970588,0.882277237575507,-1.39014418121936,931.330161539524,0.0699449451564968,1.13349513627517,2980.61840401354,0.25
0.00989987629255044,0.00231240347123547,0.0159663375751875,0.311370584354533,97.0925491240796,0.136920152309736,3.28824550101765,5000.04884907822,0.25
0.00991250002952215,0.00115419637949459,0.716970455772832,-0.776967423626259,200.966561334203,0.0534952074127247,0.38407759985513,477.066926908054,0.25
0.0139745520888933,0.00369895129302614,0.841670948040627,-1.23732811137986,891.657264437173,0.0718380541573373,1.11406571612972,2968.66028930358,0.25
0.00902885665301847,0.00127776861620454,0.128608851839532,-1.09435292320694,126.297636827911,0.101732189272137,3.15539209302321,4921.75244177895,0.25
0.00768121798594548,0.000614287334661763,0.560276701120977,-1.24403290640335,620.678077012398,0.0664936409447619,1.60996293573966,5000.04884907822,0.25
0.00976569978596784,0.00208566300373022,-0.00873889349788759,0.317797898493043,68.0977158586874,0.109804283735481,2.75062860477694,5000.04884907822,0.25
0.00923113302823502,0.000660076554519616,0.55865350872814,-0.205158313006222,-36.9874328122349,0.0596485093420639,0.185730303243838,136.248233868911,0.25
0.00976827073039164,0.000968974223007566,0.199589995162938,-1.54095898547679,179.001615130054,0.0800688285571755,2.68868529008185,5000.04884907822,0.25
0.00871105916859248,0.00173793719767696,0.0424555683763005,0.19692355884777,87.05012887901,0.0960243814164489,2.83993030127875,4987.11120518429,0.25
0.00819362994667733,0.00221476889805633,0.404873079368011,-0.977634058992479,349.387142194213,0.0683004839058343,1.60030959236542,5000.04884907822,0.25
0.0133839023068989,0.00443158093265939,0.917006408238335,-1.40289455247334,1093.5537045718,0.0670484631165532,1.48107998605988,3493.10301559101,0.25
0.0100332253361721,0.000951026787976305,0.760856027109857,-0.721481916718024,142.168233757532,0.0532539168777901,0.42747305767554,665.99910223996,0.25
0.00850612056810398,0.00135310081980717,0.23335008733403,-0.807031276379345,213.099398811594,0.116487414006119,2.18148759644239,4976.88171463112,0.25
0.00855526515832762,0.00145389565759976,0.131965555865704,0.704926160961364,151.877457810274,0.108302387753155,3.46999057251682,5000.04884907822,0.25
0.00991685221774173,0.00223234379883004,-0.0103975837150971,0.412482773200887,68.7114922040454,0.113520214728434,2.89690962344376,5000.04884907822,0.25
0.0102724984318978,0.00145626004700074,0.829475683520275,-1.3911510496327,851.165813871189,0.0800251544006605,1.08424726393561,2748.76332475682,0.25
0.00960043767134355,0.00126551930869471,0.15010680007263,-2.42075218422829,130.368577499608,0.0681645365661711,3.63423568181652,5000.04884907822,0.25
0.010797499503078,0.00127788512937716,0.767283224235563,-0.700673660637633,466.050295674352,0.0604139842120126,0.44114093802011,884.840991532542,0.25
0.0099305437341447,0.000643125772434967,0.604025277602987,-0.838674832380781,20.052095194643,0.0446267497733349,0.231824100252633,374.652144894235,0.25
0.00869243564980814,0.00126350322343028,0.0594227966453319,-0.092495852631323,90.3000464694589,0.125959791499968,2.92434582547699,4989.02528581108,0.25
0.00833638843283816,0.0020562462837281,0.416078590012466,-0.90592957904612,368.415756624735,0.0806127922543538,1.59987581646675,5000.04884907822,0.25
0.0100283455197658,0.00111565977328895,0.638463499748636,-0.338719681301628,42.0329534540282,0.0676172590338116,0.237878879005237,270.64102879101,0.25
0.00758597519150202,0.00206894919379988,0.387196994613692,-0.978049562341315,330.08575515977,0.0816728288216872,1.588097639573,5000.04884907822,0.25
0.0119064545114589,0.00153995662943826,0.730699201654087,-1.29783259528538,893.684158757438,0.057774250896951,1.60003959872122,5000.04884907822,0.25
0.0122718648379372,0.00245623904946277,0.886187951969174,-1.36550371623644,812.348647520056,0.0576382760861111,0.957363464134566,2346.33708182667,0.25
0.0108393511084755,0.00199987412739194,0.00872319075824107,0.662333915550539,77.6318896144612,0.159644849783428,2.81758816009935,5000.04884907822,0.25
0.0072740308030364,0.00185007568655351,0.381227514229479,-1.0250225565974,322.966890257556,0.0728765830480439,1.54173553940421,5000.04884907822,0.25
0.0116584682177185,0.00173907284799523,0.823837982223459,-1.3741838352434,846.154350726333,0.0708882706638967,1.00162272114695,2679.36405259823,0.25
0.00843501967250516,0.00134129098614667,0.100560464954208,0.0548747974616528,128.81350029096,0.122628345129897,2.81289477315299,5000.04884907822,0.25
0.00971072339871552,0.00156284796323783,0.769015999838567,-1.54936293696674,1035.50558201893,0.0603660894625986,1.68076167697401,5000.04884907822,0.25
0.0134074303049546,0.00246801608163759,0.81338657801556,-1.30759957628201,1057.56681290324,0.0611437322426791,1.6658888838417,4893.03713092203,0.25
0.00823084460872712,0.00108477275299909,0.255306791717325,-0.717357977100335,231.357120139076,0.0948466646936997,1.6549304938274,5000.04884907822,0.25
0.0122982402268958,0.0025489244883402,0.834860347027797,-1.45666146762609,1093.79293166164,0.0657230179288565,1.5744459043422,4956.06955114441,0.25
0.0116829597362984,0.00217612605194174,0.820329582998486,-1.54211704093145,1126.63030167784,0.0609060556934873,1.68990078656946,5000.04884907822,0.25
0.0098557633636017,0.00141161453796947,0.588888665175809,-1.27269883739082,672.644684237172,0.0490319848505909,1.65024856341236,5000.04884907822,0.25
0.0088895849311753,0.000353928096020942,0.214537669970407,-0.804016314127286,182.079355925948,0.0543209719303998,1.66360840857113,5000.04884907822,0.25
0.00981575964774422,0.000991640532669287,0.799678736696658,-0.892786554561202,155.583766860449,0.0519878430006015,0.501539324755324,984.253956717461,0.25
0.00991619865433602,0.00131631876595289,0.765119956935493,-0.660933702947152,379.286523994588,0.0616553470738825,0.42325061972357,794.992156813495,0.25
0.0105773639568083,0.00109302902339359,0.790752000064731,-0.727200117859947,419.404991963099,0.0596573087995575,0.452463685224557,982.722377007962,0.25
0.00893401047553374,0.00188852878696491,0.0377119452913392,0.662739141714244,91.1582699417959,0.102650578909251,3.48381337428793,4959.79474222637,0.25
0.008387207020022,0.00113891639393215,0.215822662222408,-0.909084662222956,209.151616090022,0.0947836417096006,2.05676815723408,5000.04884907822,0.25
0.0111681917876968,0.00224562037776802,0.853340220222906,-1.32070939349759,802.937425468101,0.0747573469293065,0.804622898976605,1914.32614197842,0.25
0.0109746760702381,0.00179500744536581,0.817994938845733,-1.67499048638106,1169.24521301113,0.0598037270169064,1.80701393793733,5000.04884907822,0.25
0.0114950441191369,0.00271824732935463,0.887786717656566,-1.48063728834638,967.162662943798,0.059383185188962,1.35422447547629,3261.52386859184,0.25
0.00988510776838409,0.00117964135182118,0.834488427716304,-1.48674731393855,789.374606025622,0.0629377669409145,1.04140703579256,2591.49575056862,0.25
0.0098961800522135,0.00102668056661761,0.783807314923819,-1.17041971210964,487.211914174119,0.0486775233084169,0.619414313502378,1248.59950645292,0.25
0.00863870522371334,0.000588588981706846,0.594157962416037,-0.26754307605167,-54.9479163436142,0.0715229088375396,0.256810010881999,224.546842805295,0.25
0.0108725775343759,0.00154044320491783,0.646919844206918,-1.22017785951322,742.177421820775,0.0507702085674649,1.68727381822162,5000.04884907822,0.25
0.0105093944237688,0.00157537870880139,0.850617591250427,-0.900931064960891,244.600887808695,0.0577280031469098,0.574426982229496,1241.08243827984,0.25
0.00830496605056916,0.00132619203110482,0.269884331222365,-0.763390273398939,241.830184265524,0.122147720194908,2.0651446016844,4978.69709400351,0.25
0.00753706837969896,0.000690035777961047,0.534433515919451,-0.976924309915002,484.453480203397,0.086937978269039,1.36839144691694,4882.77431027555,0.25
0.0138949097066174,0.00369813557575315,0.90021934184655,-1.45007110829763,1164.25319759551,0.0676875544203354,1.55295802602625,4500.69103545039,0.25
0.0101107181716792,0.00154263649980229,-0.0351392795509499,0.0819879487834969,40.4335135611903,0.07588932369365,3.72706240188564,5000.04884907822,0.25
0.0112553761961975,0.00202275368706232,0.850290276735021,-0.741626787438261,414.121696293181,0.0701142160865963,0.56680344267742,1272.01742169264,0.25
0.0105445127764737,0.00140610519252077,0.706360238366896,-1.43872129318039,943.653394319662,0.0566458888531696,1.76249520035332,5000.04884907822,0.25
0.0088450963642553,0.00162302325560108,0.0603054155242418,0.279754634991537,111.694959116129,0.134128645068342,3.23404590211178,5000.04884907822,0.25
0.0107136060171549,0.00229107163441541,0.876321956573931,-1.6173283600407,1092.86216226548,0.0549737882279597,1.6483852408221,3988.14430628257,0.25
0.0108263761550179,0.00181057297355521,0.856072107147954,-1.5690062217905,1013.78311916065,0.0516681260186898,1.598868545329,3799.98535433301,0.25
0.00817429705048564,0.00143187974746751,0.47210364294619,-0.944824915060892,420.459088530556,0.0889012872763393,1.53198270794455,4986.23426714211,0.25
0.0085751293699828,0.00136890694065428,0.224569522670515,-0.961189864038648,217.700877714557,0.111995828054243,2.27588603604639,5000.04884907822,0.25
0.00979086236962441,0.000353928096020942,0.477984583045213,-0.638135043038363,196.549396651867,0.0245691211765817,0.140601697739805,122.059432969667,0.25
0.0105372697132982,0.00131048938064229,0.798340956650696,-0.508982261302434,394.072175704831,0.0714646617660392,0.427284617515262,945.042554552892,0.25
0.00875516819379003,0.000893866495116334,0.201835358715571,-0.779973348438534,190.328642162878,0.0757438068131856,1.69801474629416,5000.04884907822,0.25
0.00801946193655536,0.000759049169531212,0.298198169300363,-0.930161962473724,244.807920015685,0.04847054921204,1.59973451182827,5000.04884907822,0.25
0.0065931161855741,0.00150939053024706,0.318154252932022,-1.05194231013394,267.126611451073,0.0864871937304693,1.74710967195609,5000.04884907822,0.25
0.0101608372211248,0.000634252258902088,0.586593249491807,-0.959398527983125,15.723590881956,0.0383109200929993,0.272028127374885,320.462189887861,0.25
0.00909488572604218,0.00120477521426695,0.0310735105401433,0.643361969823405,91.5473235159846,0.144630156759716,3.35146023336103,5000.04884907822,0.25
0.010126216696569,0.00149225327201902,-0.043853087079569,0.996603297773915,63.0661056985175,0.131898477194442,3.289977081553,5000.04884907822,0.25
0.00883489592339656,0.00154344275447383,0.020899427756316,-0.177784241644027,58.6266899535757,0.0877374518522292,2.28061070981676,4925.31543858787,0.25
0.00993127627457203,0.00114465015053009,0.706778650732849,-0.563368585433252,95.8491968319524,0.0625996932086636,0.344766802555144,358.86129676598,0.25
0.00978101213724785,0.00084046724875644,0.830939154471422,-1.51248250039169,787.615332306104,0.0504920902556818,1.22957454327441,3049.24003849314,0.25
0.0115402878009231,0.00138437626738493,0.739704461736026,-0.287268724001498,298.114213863301,0.0737222463755415,0.348174190292967,618.21826348077,0.25
0.0107229076542671,0.00142638520859125,0.836551061299974,-1.81843477260019,1161.00076864849,0.0564585004475891,1.85291325947397,5000.04884907822,0.25
0.00859565621628868,0.00140207502089334,0.335646494244151,-0.684088338368277,296.016828431623,0.105608669620898,1.68072601903572,5000.04884907822,0.25
0.00890806625923838,0.000477356237168902,0.487153650976991,-0.00666957036107352,49.0741797142411,0.0510170686869768,0.140601697739805,8.7486375530043,0.25
0.0133718626564639,0.00428208789570039,0.942656486898082,-1.54021318867499,1281.13365680179,0.0656661104582369,1.71936687096047,4560.36795181584,0.25
0.0070693083747984,0.00181104247819134,0.322119471322874,-1.04109863658898,274.481984194776,0.0825740910958205,1.71423606780674,5000.04884907822,0.25
0.0081829596619362,0.00125663057049379,0.146408892804718,-0.00415251728995675,160.425709923023,0.103997649681125,2.91900425969167,5000.04884907822,0.25
0.0084761234441746,0.000866443461833632,0.230181770625251,-0.792984294654851,197.557866417086,0.0670567333716038,1.6815584819478,5000.04884907822,0.25
0.00830460832697473,0.000787241987487755,0.279630344724747,-0.670204951847579,224.958654707712,0.0555895167301635,1.63881570352984,5000.04884907822,0.25
0.00865227205923498,0.00121603396074948,0.0427944836824905,0.0408255512580581,78.5183046622452,0.120918357481428,3.05887819067164,4940.754233433,0.25
0.0135006003169996,0.00296638758609753,0.857037988233524,-0.886584518794655,677.985420270381,0.0756510221323219,0.670670422205444,1574.49736300622,0.25
0.00998888824696433,0.000972121945879292,0.714083188099539,-0.962452134509146,129.201735171693,0.05027436842001,0.38849395299255,622.115187989549,0.25
0.00862194382513473,0.00157917734383234,0.357879735740917,-0.742745021593731,312.348863466858,0.0796406769404624,1.62608010617771,5000.04884907822,0.25
0.0109015772003993,0.00190678067727378,0.83237716495335,-1.33715430355727,870.375258569,0.0842162529569282,0.974529509158913,2404.99234558729,0.25
0.00941240884167206,0.00154189255374385,0.0818000090223465,0.429669544413813,91.9690735945804,0.0686368875606081,3.03552078600008,4978.43304926394,0.25
0.00905129925155797,0.00143649710267406,0.484276441778492,-1.08375342667541,443.831481091759,0.0569232391400682,1.52944286835218,5000.04884907822,0.25
0.0110313941134539,0.00199661585303558,0.873392271634399,-1.4588677020322,860.940332279677,0.055833984217122,1.08079596604426,2823.98584904385,0.25
0.00975687824915871,0.000918625614668937,0.61316493906586,-0.84320682925001,-13.7558614458251,0.051807466269691,0.254915235505887,340.902903464075,0.25
0.00995870832875375,0.00121064870183243,0.695541631227668,-0.73957339718238,214.985475353774,0.0545121113455088,0.362308991855831,476.111304365071,0.25
0.0101445240927416,0.000353928096020942,0.551954407609605,-0.388045695754626,-45.2665410239248,0.0518711775340267,0.206134447595801,66.9810680510891,0.25
0.00823522830009709,0.000736585711468418,0.293492190795539,-0.633126915915337,248.900513933382,0.0615866289581191,1.67856905949656,5000.04884907822,0.25
0.00748152692776959,0.00168538772410391,0.332108583900743,-1.02150180626407,283.866121191807,0.0686383837382287,1.61145418089309,5000.04884907822,0.25
0.010116817280305,0.00152136280364644,0.806026488333663,-1.16733989900422,357.432692750144,0.0560462668361929,0.646359063548531,1302.77523975496,0.25
0.0105495844451394,0.00219802120671437,0.869094187065125,-1.46543411536291,959.60230176686,0.0566049166995109,1.4770289043512,3408.73591365864,0.25
0.00964326747010285,0.000496017341237034,0.483812861591062,-0.35745282598097,106.455737509268,0.0345207512139973,0.140601697739805,48.1495609019403,0.25
0.00829013646263177,0.00188148205533024,0.364612801382701,-0.82300863850719,308.959152303488,0.0938189984263827,1.66188528019837,5000.04884907822,0.25
0.0086752262446192,0.00125791545584721,0.0749030796935922,-1.32594304310252,63.8443212912658,0.0453104927552899,2.77153598886607,5000.04884907822,0.25
0.0106650988386781,0.00113228769838812,0.698925271378803,-0.924014871274407,237.863118644515,0.0464255492921698,0.400944281284361,497.721973932,0.25
0.011860737689225,0.00257055761053136,0.883485051414298,-1.30926860239624,506.168571142056,0.0534119871518526,0.726613480607519,1667.43871161954,0.25
0.0098155937472852,0.0010628299784064,0.454522986185487,-0.17022543739052,230.743813122345,0.0305208391731177,0.140601697739805,172.057200332856,0.25
0.00968695841317809,0.00170775096735192,-0.00773205573513913,0.581037378382663,82.4112714458303,0.133576235631684,3.19879346205719,5000.04884907822,0.25
0.0084366870862064,0.0010547359395299,0.0304660380759866,-0.169125316420385,60.9126258069928,0.102188823832332,3.18309776896824,5000.04884907822,0.25
0.00950690087583723,0.0014786775594214,-0.00563293057696523,0.222506525057544,42.2856749171239,0.0561050421909119,3.3688827057361,5000.04884907822,0.25
0.00856668701034461,0.00129959506790463,0.022311733672959,-0.0298648271998129,58.3384594352932,0.100823551466084,3.06481094553105,4933.24850574555,0.25
0.0102638983867493,0.00113078512265938,0.762708725926525,-0.876942358323311,528.754280724361,0.054835109444903,0.488108550163475,1012.98867802729,0.25
0.00841200675181763,0.00134620970882219,-0.0142357549056824,-0.329247632859607,17.1696101182042,0.0684588942094304,3.87114327790844,5000.04884907822,0.25
0.00862846990534314,0.000954161708375835,0.187012883145311,-0.767231788541216,181.046803165024,0.0814806031443228,1.77820990224989,4989.71696167428,0.25
0.00891063204219555,0.000497015339559862,0.536222243457,-0.362906576364439,26.1699756609927,0.0468957061159205,0.149095431037308,162.540150782649,0.25
0.0131125147114638,0.00363153053643567,0.871747267410023,-1.25980342217396,914.902670064486,0.0763784454709834,1.12721882335221,2892.93510777507,0.25
0.0085878412622363,0.00177349061031452,0.361503751290462,-0.811176617941024,309.804511280382,0.0990157108464886,1.67083366913653,4997.68609130819,0.25
0.00765703597639875,0.000485691495914249,0.675943220226783,-1.2830902228082,806.647188327531,0.0819751889753886,1.53337595122258,5000.04884907822,0.25
0.0114569176044232,0.00189807621407046,0.83139167072605,-1.03004284425603,592.660134650109,0.0645310799776889,0.594506284703222,1390.86476666833,0.25
0.00955136425393532,0.000408602705770552,0.526765335639907,-0.372184096015263,10.9899609990659,0.0445945916769148,0.140601697739805,152.433754753932,0.25
0.00880774294066036,0.00137264163466333,0.0105083872023084,-0.166950753749918,43.4299899639972,0.0648145480509052,2.85288444136755,4972.57152866981,0.25
0.00912127430720795,0.000981745526916831,0.654035555296457,-0.562701074009302,29.9008145926844,0.0617923196813995,0.286622621284189,285.712083364382,0.25
0.00836842569690735,0.00142823723828331,0.439214578601862,-1.01429873776311,383.354969107131,0.0615570937474252,1.60424532954049,5000.04884907822,0.25
0.00843459814019647,0.000638842169827339,0.272653257469817,-0.74733399428735,218.163384650083,0.0489849331302384,1.61480929409785,5000.04884907822,0.25
0.0102076333092808,0.00140921335157622,0.547520130960665,-1.16969124108056,560.763968752966,0.0442603944635882,1.6702814178425,5000.04884907822,0.25
0.00848068694045198,0.00108192145026827,0.103254855529109,-0.334042813481224,125.234096618739,0.133013390237693,2.83347201164076,4950.01409592399,0.25
0.0112926647802334,0.00147890739838066,0.822577655164601,-1.25948394680878,470.470973768714,0.0532895130043836,0.653563716025571,1412.848716592,0.25
0.00954630457163265,0.0011364989858626,0.666341334378998,-0.821804881383855,62.7302149649776,0.0525942556274548,0.306190514317772,385.311152406509,0.25
0.00868036651179066,0.00112041792256051,-0.020695378259489,0.231757836629371,34.2401549838521,0.0768304252520877,3.1163199500528,4990.57568601489,0.25
0.00949711661445127,0.00086950076755631,0.461784786119357,0.196872214311521,47.5073540821102,0.0554087413225301,0.140601697739805,-13.5658178269032,0.25
0.00742627814365986,0.00204411672585506,0.437995884171182,-1.04943778437546,375.203056800255,0.0733818602275114,1.52647778280411,5000.04884907822,0.25
0.00882518515767945,0.000616930449886766,0.542053440113051,-1.04066543399054,486.857353686275,0.0779314043406896,1.38507675843755,4943.45694983263,0.25
0.0082620219889695,0.00141879249434731,0.392768529302223,-1.04764067925044,342.866297928876,0.048727954340708,1.62260749658561,4984.21439990883,0.25
0.00782135878698025,0.00144293986295635,0.489686136339932,-1.04484220977372,426.521586388178,0.0772159668875265,1.39004890581979,4948.09762390053,0.25
0.0106795043027234,0.000512840073783068,0.497467037714313,-0.742500339079158,136.631810902947,0.030429241664846,0.140601697739805,342.03332827158,0.25
0.0104395831458811,0.000988374098921833,0.74511922721481,-1.02228153547309,314.792719815382,0.0458913300185551,0.51547172204739,864.438219259058,0.25
0.010014476281994,0.0012633031033832,0.847771819027203,-1.60007709511185,922.081357038772,0.0515094510995867,1.44425084351797,3620.09763589112,0.25
0.0086555818212176,0.0013940236451744,-0.02373730836441,-0.523637858158437,19.3508223596357,0.0697775898878249,3.52145121074439,5000.04884907822,0.25
0.010940456593289,0.00163619722650131,-0.0535950577640064,0.532102823283728,49.9146589421694,0.11139569187313,3.55110816714574,5000.04884907822,0.25
0.0109941070394196,0.00206784026714856,0.864494028507376,-1.41973610688694,640.192712292928,0.0544340659050044,0.815890094176963,1907.38355088893,0.25
0.00856183528590146,0.00147993973511046,0.0494257713035071,-0.426729883678376,68.1907577150012,0.0942223826689869,2.70530892103438,4918.83216268555,0.25
0.0103551063784902,0.00128648450640908,-0.0424647874932984,0.919043404452834,62.3607505222873,0.144226267947734,2.89589254303771,5000.04884907822,0.25
0.00748262320450058,0.00231354100207972,0.354854316396487,-1.02401772279551,302.350456344946,0.0816048973696555,1.62228174196504,5000.04884907822,0.25
0.00860254282766474,0.000353928096020942,0.754671253434735,-1.62146277950466,1019.84055793089,0.0755975142392406,1.74484008909119,5000.04884907822,0.25
0.00861904950106273,0.000931992233760666,0.196819919940851,-0.816371302790935,184.100561893044,0.092758771332282,1.90420666875102,4967.58332585789,0.25
0.0096994433178646,0.000887464565103425,0.46455258497179,-0.271270446864253,210.132010548478,0.0300165335887496,0.140601697739805,261.32156031763,0.25
0.00883374333819209,0.00125528451717971,0.0722577927904931,-1.38428570694937,69.4363076333668,0.0492481779352774,2.17637827237501,4996.15132325041,0.25
0.00903835500744151,0.000534885828592949,0.488380171025408,-1.06353009054532,442.946982088057,0.0450237367180743,1.74170093152356,4957.56432523864,0.25
0.0103833878213606,0.00105809107520105,0.784359891702347,-0.913133240911183,213.373958376885,0.051900738344683,0.509460767466188,910.17264811848,0.25
0.0094636377570469,0.000353928096020942,0.571502530752859,-0.594503783955426,-30.0864686032965,0.0462883694917602,0.198728355559952,130.953689714224,0.25
0.00791364652760116,0.00255619927629018,0.40045032219187,-0.99159871131488,337.557627449958,0.102934790680356,1.63932887222722,4982.83203115194,0.25
0.0108923419739313,0.0010281402892358,0.750492079189645,-0.892931674316556,439.163867735514,0.047202409372459,0.467129737247398,810.619580719553,0.25
0.00828560750087279,0.00180789946672407,0.289733854247429,-0.972893896749751,249.845563345043,0.0956533287206519,1.81151053647825,5000.04884907822,0.25
0.0103428155864283,0.0024506377548702,0.902963574002932,-1.14411147014419,749.648726942772,0.0768832684048505,0.765526211261595,1858.27810021983,0.25
0.00865045487324722,0.00169830330721914,0.388646659575381,-0.786479262197929,337.396492005534,0.0915140378878277,1.61020240183686,5000.04884907822,0.25
0.00941548045841553,0.00134812522489349,-0.0240221669088658,0.0288493839144531,30.4670477404829,0.0569115451117999,3.73549363146449,5000.04884907822,0.25
0.00961513436749142,0.000771630135295575,0.547926545784496,-1.24666492443034,628.440698587488,0.0444229979635604,1.75594751555501,5000.04884907822,0.25
0.00999840618137673,0.0012698763164713,0.657715619852964,-1.35362283183136,813.606248384746,0.055259584754133,1.66278611939924,5000.04884907822,0.25
0.00911490829060772,0.000599682926205676,0.532020629293224,-0.290508580897861,22.2695767314246,0.0479556690033754,0.151573745694738,151.027900662941,0.25
0.00976201676554625,0.00110284003097862,0.698781834693314,-0.789872075822121,221.027583814728,0.051332966293439,0.353337260448948,514.903310319173,0.25
0.00875328904617107,0.00148082656203378,0.151793530472866,0.000977979368768922,166.922224526712,0.105576537829546,3.33131182038145,5000.04884907822,0.25
0.0104234464216713,0.000455859949650122,0.488218336495473,-0.377410259794748,50.4779032020182,0.0346489468058352,0.140601697739805,75.2589473180351,0.25
0.00742891375429949,0.00115144539675293,0.340328438210609,-1.02871969865131,289.584340408728,0.0558374315079639,1.59464047691755,5000.04884907822,0.25
0.0108946744641678,0.00202801890197382,0.85438351279282,-1.45089239946555,904.450243459228,0.0669353439914661,1.18283690686247,3120.95037089505,0.25
0.00972175797224306,0.00173825453499696,0.062081260050405,-0.468687327217672,66.3350011065667,0.0342605421316032,2.42932548415416,5000.04884907822,0.25
0.0105279299285943,0.000353928096020942,0.484014476240809,-0.60897248862561,110.461529638311,0.027374876496054,0.140601697739805,120.732645385512,0.25
0.00890936025111339,0.000882162129081499,0.141652111104278,-0.235412224663619,147.688895859,0.0661517988403793,2.14763812467795,5000.04884907822,0.25
0.00945629846613643,0.000481593436312394,0.56989049106684,-0.66790742904821,-2.93332486644749,0.0464843873722718,0.189554762965473,224.316430711011,0.25
0.00978077041687362,0.000651051288780978,0.715078390805624,-1.13001778726367,802.99410109868,0.0886411121739681,1.38997363332465,4743.6777827166,0.25
0.00839473768306277,0.0013686575319257,0.22570094016651,-0.749540857014596,206.848521095409,0.120766339121762,2.44731790776907,4999.92777373688,0.25
0.00953780688806777,0.00177458728298667,0.842501346014891,-1.75459730385106,1161.16992967133,0.0719537178062809,1.75813579984607,5000.04884907822,0.25
0.0104181601784487,0.00245740686000568,0.865556189950837,-1.76954550922823,1171.40644306823,0.0628168156463869,1.75206820604257,4768.8489120544,0.25
0.0106435509641445,0.00104148352423526,0.699762039335301,-0.955682281023442,342.889435480533,0.0413844183947306,0.433487895097514,650.65994130301,0.25
0.00834318036826532,0.00122114851538895,0.168518572007731,-0.110484293452382,169.733184838168,0.112636820276718,2.97650682118405,5000.04884907822,0.25
0.0112469734276684,0.0019320667184371,0.87766395535027,-1.6492395313664,1231.76537067108,0.0581129269187571,1.88680684331052,4683.63773109779,0.25
0.0127968281734698,0.00263673267317656,0.835708109020958,-1.57802985715841,1228.05770535339,0.0571154421409914,1.85468718255179,5000.04884907822,0.25
0.0105590321269826,0.000353928096020942,0.473348923686442,-0.730047133330149,173.443292900763,0.0214817768661349,0.140601697739805,138.037391306895,0.25
0.00853761078946082,0.00112619340437475,0.106502894621791,-0.871442240484412,116.143820755959,0.119649625094764,2.85271805090702,4912.15496100661,0.25
0.00897506721619865,0.00135321047201666,0.0954521522908295,-1.65664978748908,81.2090014712883,0.0436510456334649,2.42376033923612,5000.04884907822,0.25
0.00910520921730306,0.00138596486933298,0.462879044256539,-1.14244683077663,435.573869584953,0.0464260269576569,1.6260569377801,5000.04884907822,0.25
0.0115006928215486,0.00326945232167965,0.858629761071204,-1.61753507756611,1114.66577921984,0.0656396468729271,1.57482310877929,4303.24419124395,0.25
0.0100495680178794,0.00158085965776553,0.765984912111417,-1.58815208326903,1076.04682852382,0.0552167796906916,1.80601116185073,5000.04884907822,0.25
0.00846833140551199,0.00103113344727746,0.0448695703607038,-0.761142183544861,44.5502812213122,0.0395086845237803,3.51355473920375,5000.04884907822,0.25
0.0102389944113645,0.00097898126937774,0.788826276162104,-0.656681272346276,207.959352005804,0.0557261228875435,0.442709354651106,808.381791375934,0.25
0.010164227530022,0.00107937375152027,0.677071044363513,-0.839826631571067,99.3025907982611,0.0528404913097471,0.34348547282362,375.199466500592,0.25
0.0126749274752539,0.00405111487019811,0.927634629227691,-1.55040627865907,1373.6333565151,0.0670361531458705,1.93527260082354,4909.59644794436,0.25
0.00885654603956562,0.00199391387776195,-0.0183373060474206,-0.90264740192061,14.0333000090925,0.0625850427616291,3.88475175830006,5000.04884907822,0.25
0.00974177174775469,0.000927407676197686,0.631324048505698,-0.807507031889192,1.6058381483366,0.0544057486901889,0.26511195895105,319.837778592708,0.25
0.0107220374330163,0.00124443064182432,-0.0500989913575451,1.02865342393948,70.5631611626968,0.136088699045655,3.4239741955332,5000.04884907822,0.25
0.0107373931514765,0.00227561561797968,0.838577640721881,-1.5685203164037,1131.71169512104,0.068246439352339,1.64859027474426,5000.04884907822,0.25
0.00970376787688565,0.00132565339961839,0.802614688097333,-1.40746590096098,1017.25419370438,0.0794028715719473,1.5011693337255,5000.04884907822,0.25
0.00822193527087021,0.000353928096020942,0.701138430350291,-1.53489159222974,937.861939445336,0.0693405293127323,1.75882047008282,5000.04884907822,0.25
0.00857389737939656,0.00152244847268571,0.0633861981795106,0.113421923066825,100.406941672848,0.102751833085397,2.67352667573775,4976.81187505499,0.25
0.00932591853469313,0.00118899743282048,0.190693266260946,-1.28119520546871,174.714974314925,0.0946659901849382,2.50338936203272,4983.60619844659,0.25
0.010549955267071,0.00222346573345099,0.849635480798822,-1.71662505201738,1220.5901148167,0.0636186136753575,1.81959629984805,5000.04884907822,0.25
0.00724408159288885,0.00131508709881598,0.323064281407364,-1.03422208226569,271.862455782962,0.0604110622727855,1.64238312613493,4976.55839137203,0.25
0.010069880304497,0.000428050396645421,-0.00646329816415414,1.0451945963216,86.2238117035199,0.156250323553121,2.4706809974246,5000.04884907822,0.25
0.00654990845191775,0.000722443384743965,0.494952459509252,-1.08429654078967,452.043565413146,0.0802334968303114,1.46225887264,5000.04884907822,0.25
0.00963728292600379,0.00108363061878011,0.813398679417734,-0.77782783053338,216.746816194311,0.0551746916031776,0.505574489746443,961.34809796214,0.25
0.00844256433092612,0.00128433455843495,0.201415133300728,-0.477089538904925,187.59092067153,0.117721741147769,2.78962400606727,5000.04884907822,0.25
0.00835604547283398,0.00121977506169418,0.217032833647187,-0.779264567591208,200.1719523655,0.111520322371391,2.19676821305738,4972.25038272387,0.25
0.00856674552138553,0.000709910592497218,0.46173881069604,-1.0446977489014,413.779894574568,0.0428590203009895,1.68235881072338,5000.04884907822,0.25
0.0104643540084459,0.000468433175397009,0.477127094735979,-0.661684493093738,193.466835324677,0.0254287493103894,0.140601697739805,282.092032623712,0.25
0.00835180780471223,0.000572916415445042,0.26590986455786,-0.701251104408662,214.941543903118,0.0527714009138395,1.6569329105695,5000.04884907822,0.25
0.00809849883442733,0.00188577095290803,0.393119290754826,-1.03496871999244,326.629692749218,0.0594930078194242,1.58961943741052,5000.04884907822,0.25
0.00796194260446611,0.0023122528545972,0.34794402871992,-0.97762546055295,293.695245552251,0.0917313021205943,1.66663251209784,5000.04884907822,0.25
0.0106989817182374,0.00339806671011291,0.915923726410806,-1.59770922488023,1128.60814375719,0.065496461310493,1.50419055487494,3856.6169748958,0.25
0.0095258445978292,0.00188768945632325,0.859146877927642,-1.82461814773933,1184.02993919245,0.0638675921476659,1.80825555086055,4929.21020433908,0.25
0.00944370945651218,0.00116012908521281,-0.0237793503201796,0.861278274342454,70.1629939728988,0.132247891951333,3.10615062694243,5000.04884907822,0.25
0.00980950013691062,0.00227734396076784,0.849356380633522,-1.53424228647154,989.434867670905,0.0858491798648356,1.47169532776395,3738.57443073807,0.25
0.00899108852151134,0.00125182179459796,0.114855418356686,0.325636538670798,126.863968682386,0.0783342045219218,2.63210409191439,4995.0694866892,0.25
0.00860289026482475,0.00143975754957004,0.351387836419122,-0.739735104476227,307.413635991114,0.0994297974857539,1.62984444195224,4997.5311199671,0.25
0.0112714516593889,0.000916418697584757,0.696242012448253,-1.24152437768578,805.688831485311,0.0626622155022486,1.49229540916968,4984.79428151348,0.25
0.00909908915436942,0.000586077597556106,0.585500014135045,-0.795647433668068,-8.18029732625263,0.0454234177448098,0.21703322938589,251.566984553037,0.25
0.0100858366365903,0.00105230205363437,0.703997202093152,-0.708062663682197,100.558463028138,0.0560233711553402,0.336221754567403,441.643285553748,0.25
0.0119669819628151,0.00182018250489862,0.847143619832985,-1.44321510162999,621.108198809845,0.0506993564009242,0.757505389245864,1845.7550360604,0.25
0.0083709668608472,0.000820649661410417,0.254575952537822,-0.695601116010248,216.130477524162,0.0692055485512307,1.61258144380849,5000.04884907822,0.25
0.0113024793145142,0.00121342606220304,0.741344168025469,-1.31408808780709,909.44632995793,0.0661356363408167,1.49646329694959,5000.04884907822,0.25
0.00889311035671383,0.00210739032966679,0.377541896167388,-0.845211639530513,327.262499935671,0.103119241559824,1.63790058920408,5000.04884907822,0.25
0.00923237538036186,0.00205847840634689,0.0128437522602666,0.241919679844405,68.432743334579,0.0997414641899665,2.61895845797078,4968.83921788012,0.25
0.0109564693442716,0.000353928096020942,0.472703741371196,-0.802921754864102,184.052361219235,0.0214817768661349,0.140601697739805,183.39959356106,0.25
0.00851867770884978,0.00130849911281897,0.161220266980675,-0.164858129750199,169.606047815461,0.107894855367309,2.98837651003509,5000.04884907822,0.25
0.00845611352159739,0.00117854430422069,0.317800860885217,-0.629535651224744,275.35376013632,0.0772703315143865,1.62471883842865,5000.04884907822,0.25
0.0108144603719049,0.00209436790065127,0.866347558956438,-1.22727446516271,374.812588218248,0.0579705635411404,0.682836587546665,1497.69074952147,0.25
0.00803297384668815,0.00165329060907804,0.486831111484622,-0.944684554467639,421.545850549627,0.100730453213866,1.47528524236073,4874.32183791656,0.25
0.00757187092177047,0.00104365052670413,0.353168485014924,-1.04063652833475,300.495885912039,0.0504664155995565,1.59413838117104,4957.69255302434,0.25
0.00970858964316332,0.000562308854577324,0.183180630996713,-0.905744389139619,162.942695389705,0.0612536683510421,2.09119221269079,5000.04884907822,0.25
0.0114939339468252,0.00125325152104275,0.791758054744766,-1.27552946390334,422.248567728687,0.0518160984023624,0.62625824577943,1309.69857596078,0.25
0.0115447906171985,0.00221638219160132,0.873935473568471,-1.34673559984013,540.780271962761,0.0529814208683938,0.77073512912695,1764.9769818847,0.25
0.00954365255567264,0.00170377808397779,-0.042708660520238,-0.152680654976912,24.8370113376466,0.0838186050180891,3.41835820235786,5000.04884907822,0.25
0.011938431817421,0.00175567209715181,0.838828709667669,-1.47424393984273,624.28619769467,0.0489216037425417,0.833975579503713,1916.4303652912,0.25
0.0100030143773326,0.00107338263789123,0.776058197054571,-0.926677258369004,307.877108231289,0.0488740455097106,0.50716415654692,900.582544864243,0.25
0.007892515503539,0.000848958464925204,0.333174001693436,-0.981514075768547,279.879802629034,0.0502561813869023,1.58428744833137,4982.94943655873,0.25
0.00836285969811974,0.00131115370345993,0.284629125945773,-0.655173589242297,248.687958484163,0.0862592134578582,1.63923110393812,5000.04884907822,0.25
0.0112687868844072,0.00151159432673869,-0.0393850381320444,0.658722001506191,70.8806857781252,0.13587745034941,3.2753856210652,5000.04884907822,0.25
0.00955265005289915,0.00121844513871376,0.763434679152605,-1.31028569801055,944.03939061003,0.0811133990455719,1.50570771824776,4983.59443767174,0.25
0.00735866448747748,0.0018951590051321,0.376365872494788,-1.01887852618594,318.94809263566,0.0724795983422411,1.54900865258415,5000.04884907822,0.25
0.00764720749371457,0.0013926219602877,0.310930489159221,-1.01587412745718,268.842100806262,0.0650955879374079,1.6461595650862,5000.04884907822,0.25
0.00962702249505108,0.00113453637471378,0.492423026097765,-1.04775118874641,441.191943631681,0.0606911283760811,1.5391073056361,4960.86590913425,0.25
0.00881751060798657,0.000950516910201756,0.177238714706915,-0.876519153632987,163.795314495774,0.109597305110849,2.81401006925941,4950.12105822603,0.25
0.00814740407033609,0.00159642555507878,0.405482482333458,-0.984171432033616,350.885404502489,0.0611192416234371,1.63348605203776,5000.04884907822,0.25
0.0122216684448739,0.00249353852638203,0.88524550498207,-1.27641592612688,586.341415033288,0.0529396641852458,0.733267909014992,1769.58430142201,0.25
0.00807807990238405,0.000353928096020942,0.390137176627855,-0.776842747239674,327.296476270446,0.043613583454654,1.84624484798115,5000.04884907822,0.25
0.00977809357222946,0.00124996515556703,0.636788736805658,-0.177622093888331,10.8623194302169,0.0774552465645365,0.256922414842296,201.795616187571,0.25
0.0105783183100182,0.00221976627434472,0.886056971080824,-1.62635175038199,1140.11037570278,0.0563911636588927,1.77191278338525,4253.79948207871,0.25
0.00870811954274249,0.00179224579143522,0.0421733733477467,0.0797040696671611,102.095554688382,0.113177507291957,2.9507037701555,5000.04884907822,0.25
0.00837841158665038,0.000782701007387072,0.316708603060387,-0.583671000114112,273.812907298584,0.0714122033876797,1.66645277099376,5000.04884907822,0.25
0.00863899732349829,0.00121640242858249,0.0991937612318659,-1.34402248745045,94.4608125367065,0.0836495470779582,3.23723999475349,4957.08295736574,0.25
0.00953503557081968,0.000593559371238999,0.53600717974096,-0.487041167692568,31.1511710767114,0.0440673520353847,0.171793870713999,143.929161033671,0.25
0.00965642884569283,0.000736496367850462,0.600456057488811,-0.368357461356153,-16.9498852451622,0.0640263674819486,0.235791157762179,240.230367292359,0.25
0.00971460356045023,0.00105973974242214,0.702961386290367,-0.830927045908671,240.001410061376,0.0496577642336065,0.353482326362521,555.21830054718,0.25
0.00990363472157177,0.00093911840642709,0.729460161040719,-0.960990688930681,315.951988155973,0.0427078377778013,0.459175793088867,699.948488984989,0.25
0.00847631294001642,0.00119522715901632,0.251123290015516,-1.09834679492419,235.158259494546,0.101688144999088,2.25511347085343,5000.04884907822,0.25
0.0128194345592328,0.00297984525473427,0.882887994038172,-1.58949663500705,1336.0238170949,0.0620599070601459,1.97818028740017,5000.04884907822,0.25
0.00965930357161914,0.0010555610929369,-0.0407732562358984,0.977856752926612,61.9769714791742,0.133355466183506,3.10564104282721,5000.04884907822,0.25
0.0103002915055711,0.00254976204705733,-0.011329546745467,0.477332507863165,72.0194805786941,0.117690703014548,3.32705084865275,5000.04884907822,0.25
0.0088009455821203,0.00110409842753653,0.507915401611519,-1.2251701482286,542.279576937692,0.0492283008127099,1.66245274069992,5000.04884907822,0.25
0.0128617360414371,0.00342913543704079,0.903760058393438,-1.65641359762914,1341.42629480667,0.059400765530534,1.90566020708101,5000.04884907822,0.25
0.00992170536035798,0.000353928096020942,0.635711900216429,-1.03489032025131,650.724810229855,0.0785809309352529,1.33365246742382,4835.82935043794,0.25
0.00937676384835192,0.00158516332099727,0.0838832825481232,-0.712578714091638,77.2187900249349,0.04184346035213,2.72291603543433,5000.04884907822,0.25
0.0101477670377666,0.00112767829801812,0.742526108063724,-0.824199120803048,474.5821549736,0.056676753766655,0.467010557100532,894.068136538758,0.25
0.010272210368467,0.00132996971252225,0.714700188079928,-0.43174981983379,257.018907371039,0.074476434349955,0.340211764867143,492.833016979303,0.25
0.0110672887022952,0.00322636639543145,0.867523190154295,-1.42821410183259,1107.03193867076,0.0855354063000682,1.5426567423369,4541.58358311021,0.25
0.00917279277912109,0.000353928096020942,0.492855918512062,-1.04782684946754,447.692200265372,0.0459768485136995,1.75741671929565,4944.76392999659,0.25
0.0122673451734663,0.00283143353936306,0.867527099813901,-0.981134819443514,789.591574116935,0.0847056459731374,0.715385180064865,1752.99179126292,0.25
0.0104851635608098,0.00100872260570145,0.763792315687803,-0.768809077360169,338.972886377985,0.0518383500723553,0.409817669325644,800.819463682581,0.25
0.00790590223425646,0.00216957556181694,0.370761189770007,-0.973059486858407,300.951209571859,0.0662543822060695,1.61721079597606,5000.04884907822,0.25
0.00995100166892722,0.000758798079096203,0.569702784671196,-0.538754781648576,-10.2631600616128,0.0492113809859709,0.187690912411713,234.696515397185,0.25
0.0100464895252765,0.001433264601818,0.845210776794233,-1.69717020977576,1030.11756309917,0.0542602826792332,1.638436957846,4171.04473920666,0.25
0.0102051309523041,0.00051939895507499,0.488396694488022,-0.511501664720871,117.844156741812,0.0316827762449257,0.140601697739805,123.229862375129,0.25
0.0108310959602204,0.00115990528953042,0.80939093372943,-1.44394280813159,788.484677664964,0.0651718805540204,1.08980434340329,2773.10903095155,0.25
0.00838443398787313,0.00142603097279098,0.149980754677419,-0.31526976282626,164.598523784279,0.097080914901769,2.69934862979499,5000.04884907822,0.25
0.00975015076169102,0.00065175035950547,0.187543362414014,-1.15176477929292,165.958296481313,0.0644334198811577,2.27814092413551,5000.04884907822,0.25
0.0109176152663619,0.00222034311541145,0.86833007582017,-1.34035732900532,707.767956609692,0.0527755043193004,1.01769979742795,2299.39065018393,0.25
0.0105302740787817,0.00203492530793992,0.859083581323123,-1.57420637664169,951.829897471421,0.0596177487851351,1.38321510045218,3577.42425939349,0.25
0.0098981734062442,0.00124118173455541,0.123327882089035,-0.588860371415016,113.929453575649,0.0541910854917701,2.79532481505419,5000.04884907822,0.25
0.0107223562827363,0.00161903838168279,0.83558380219166,-1.43496864028332,856.170168907978,0.0721327781759318,1.14057343556419,3009.9400528602,0.25
0.00912429911849204,0.000400026612316468,0.172224390155406,-0.546168531556677,160.718965730626,0.0599183175055633,1.95568036160618,4976.82411369326,0.25
0.00845919682804277,0.00139655156991903,0.29996728255653,-0.671461082125819,265.641215839946,0.105442955615251,1.76763714266477,5000.04884907822,0.25
0.00867911088222203,0.00146149276825276,0.191541188606123,-0.688319159257582,201.86316544563,0.117717299019802,3.07250218077449,5000.04884907822,0.25
0.00889352916897916,0.00146679033244435,0.0666991145212424,-0.802835428930632,71.3159217445867,0.0596759507620627,2.43306301944078,4949.29192383846,0.25
0.00802375813081205,0.00134456858686177,0.167939181641939,-0.568037900299945,183.326804649816,0.106754472171281,2.8033526137434,5000.04884907822,0.25
0.00991932345449719,0.00135331970191824,-0.0285744609368933,0.837321869095304,76.8474553173486,0.134333462707891,3.26934020084901,5000.04884907822,0.25
0.00965303801183284,0.000906018244139449,0.634858669054901,-0.796265415701012,30.65421854655,0.0500305210944551,0.30472215880294,255.155016666372,0.25
0.00873057304258644,0.00110454165363274,0.130791992006947,-0.373920363510071,142.270722226646,0.141013818176487,3.10470104726365,4950.1119471008,0.25
0.0119561002466614,0.00146262649408238,-0.00618151135785205,0.850486144399223,114.002030319693,0.169385594270832,3.3642958650334,5000.04884907822,0.25
0.00949461221178855,0.000757278191009008,0.601760172179258,-0.708652567097742,-30.5841058239397,0.0531149419352587,0.239116129287165,219.880712320875,0.25
0.00740668343705636,0.000415828655520264,0.664376512052484,-1.21715477644159,756.443515465702,0.0864697466904306,1.461313662019,4993.8932749019,0.25
0.00822342407910197,0.00123005896457901,0.222323993942636,-0.911837874824476,214.963657835479,0.118864194855425,2.43256051016962,4998.88192340956,0.25
0.0109907810686513,0.00162716968996779,0.849271937066792,-1.47236917522446,796.034723047671,0.0578578915606299,0.904034902833499,2344.18544562312,0.25
0.00902237109880888,0.00144496628615722,-0.0340579017647645,-0.0740701551797297,24.1505324114738,0.0983396861889927,3.22485091819457,5000.04884907822,0.25
0.00957859093996051,0.00128424315717209,0.678618007714775,-0.967227718566445,194.812042531917,0.0430936373880663,0.460316473355062,567.380509084398,0.25
0.00938870685731489,0.00153910380306838,0.0916128146988962,-0.775441482187078,84.3559102448742,0.0481569346930494,2.89405351068545,5000.04884907822,0.25
0.00859942995770509,0.000964465504714538,0.209530134752982,-0.79336037186793,194.773146526688,0.0870814999247574,1.71529021470459,4984.82936191929,0.25
0.0118973215668386,0.0027507687943373,0.884210201756049,-1.07148527700194,832.209405208687,0.0833088843110129,0.783190998944594,1973.40305697654,0.25
0.00977118202460244,0.0010333426369576,0.736494118365212,-0.905298167836215,116.361665761548,0.0505312284541703,0.422356875362422,646.338959754174,0.25
0.00873681720240571,0.000538723078131189,0.225318544302234,-0.918378881480847,197.96721785707,0.0720227579525791,1.78024781874138,5000.04884907822,0.25
0.00817988960094395,0.00134687644542456,0.274390520844484,-0.722395878704495,243.769104150243,0.0987337865625106,1.7776046868192,5000.04884907822,0.25
0.0092734765045918,0.000353928096020942,0.527265431335962,-0.619919363689371,27.6775341922125,0.0353649677373244,0.19594861956724,99.3185976773848,0.25
0.00935439156102725,0.00155927112445414,0.849341772627273,-1.50124789202342,637.161459292137,0.0571314210816578,0.891798067576791,2013.56527689131,0.25
0.00996773011651686,0.00131907882722168,-0.0550505181707231,0.788734752470909,44.1463441523305,0.106243638768302,3.35376362243789,5000.04884907822,0.25
0.0121776631571898,0.00182628125707515,0.84037075486723,-1.25561605863876,498.828426342157,0.0521982752190289,0.649375484494476,1536.87457908851,0.25
0.0082857497000508,0.0011423078474814,0.203359320616986,-0.82433847343162,200.041893252543,0.0950603733534762,1.91312591547086,5000.04884907822,0.25
0.00721531848217269,0.00138576830547501,0.304893253325449,-1.03282031814983,262.78158551241,0.0785305267623155,1.7197105712972,5000.04884907822,0.25
0.0100941055395052,0.000861051156980895,0.203672742029751,-1.85859066198227,176.923552837936,0.0670542988057306,2.98404555365696,5000.04884907822,0.25
0.0104349389735762,0.000548910697716601,0.615395947495532,-1.16213827154687,632.203995574132,0.0618516471378891,1.4331984850022,4969.70938496978,0.25
0.0121536694987382,0.00353743420373504,0.90868511595253,-1.39667619122111,962.058797129754,0.074489739530123,1.22646033449521,3095.28208323813,0.25
0.0113252218513521,0.00105589856337406,0.786521135955633,-1.00813081530093,460.522586798251,0.049467187274536,0.521870636311125,1110.26823668246,0.25
0.00895251022050438,0.000353928096020942,0.697169798696494,-1.54864235856841,942.681592642385,0.0610484130839689,1.77721449022184,5000.04884907822,0.25
0.00656308673455426,0.000987255681340189,0.458446704129213,-1.06137139547763,401.388942564186,0.07563115842495,1.50526722050448,5000.04884907822,0.25
0.00851090658847852,0.00131764022763232,0.165011991762264,-0.330648993357404,164.842529213303,0.103377274216121,2.64764687104621,5000.04884907822,0.25
0.00954885120075986,0.000706787565173025,0.464971212671846,-0.245897650869891,159.67597939667,0.0331653653837932,0.140601697739805,77.916479665847,0.25
0.00900441705016778,0.000934087767844148,0.195785206923478,-0.917171552680037,180.665663210696,0.084076849979935,1.93022543326515,4984.5229634268,0.25
0.0113405931058486,0.00141293753510052,0.830832200789538,-1.76263516959497,1202.97236154958,0.0556832879892769,1.8787869607868,5000.04884907822,0.25
0.0122431930857155,0.00226005550788568,0.87996628348371,-1.33518026166947,641.485537673433,0.050330451915115,0.75222421514124,1895.90947541474,0.25
0.00987328309110748,0.000668715238747455,-0.0192647641882284,1.0584870223384,91.6298671333812,0.154372061818973,3.04130060284949,5000.04884907822,0.25
0.0105438077317343,0.00210427046341909,0.860506718600359,-1.64432831493218,1017.11410462392,0.0595807828550013,1.4406366064249,3850.27008443873,0.25
0.00810197677638406,0.00124694497041623,0.30344374521312,-0.918947637266391,250.506863269403,0.0573675537001797,1.58000313750248,5000.04884907822,0.25
0.00929629398904787,0.00053776984924972,0.510065385068836,-0.488652947865106,98.0825041053196,0.0380524706550819,0.153904437932733,183.106392063428,0.25
0.00769647939167541,0.000876099982971395,0.360505852994267,-1.0419662673248,309.80703102349,0.0479444111456033,1.63755131893585,4958.71076623195,0.25
0.0103380662960754,0.000850998715631717,0.528392451620313,-0.507463349189425,52.8586543078278,0.0423907561721218,0.163326445745377,286.094769460785,0.25
0.0117586914166857,0.00161784663867821,0.839399938315407,-0.973490330174204,394.607670185901,0.0555983598870892,0.554642534316257,1300.05100246402,0.25
0.0109049665635312,0.00221578150682652,0.880608750984907,-1.34259111606917,885.710514074076,0.0688515437361597,0.999540219156064,2549.66891375121,0.25
0.00875491146293012,0.000641710024822032,0.246533715557807,-0.940603068995127,217.074038990436,0.0743234793331225,1.79597411523528,5000.04884907822,0.25
0.0104958345745465,0.0033220904356465,0.900992789446096,-1.58616641362647,1125.11714658004,0.0746049105445766,1.48966041283411,4017.53377263473,0.25
0.0113219889166383,0.00385180289743609,0.922319918025067,-1.54410386341834,1181.56816989333,0.0646565549036264,1.64568214117142,3953.16735804775,0.25
0.0107630367708145,0.00149290612791168,0.838411381996918,-1.46351072760257,811.68788272587,0.0610507045929266,0.980760829444194,2478.09426066341,0.25
0.00877847721582909,0.00170551883057386,0.0385858024823716,-0.141670991783731,67.2559707868052,0.0799022086513996,2.47159218416313,4977.52484465491,0.25
0.0113471707956153,0.00168133167620458,0.816887462714443,-1.30078781211093,1001.61399306804,0.0811426411555096,1.4619673208521,4746.59296267533,0.25
0.00859559095244711,0.00143827997459951,0.0313667729816925,-0.173041447922476,54.8082061509635,0.0917293456636947,3.10039428021232,4911.66510861836,0.25
0.0129970680363634,0.00489800052075658,0.952745158135583,-1.41552779521075,1257.62065800621,0.0730182515998924,1.71156223942857,3997.4708278531,0.25
0.0111952742225673,0.00161207253189885,0.836168021075983,-1.4912017673761,556.036637716062,0.0522403225486317,0.80034101637432,1849.26358344983,0.25
0.00950981390176178,0.00200654127553709,-0.00558544703089414,0.400775599587866,56.132954518532,0.0976451020038377,2.72080615270996,4902.57135778624,0.25
0.0105305805407457,0.00113266718062081,0.801170202474273,-0.949626805360275,169.278040479209,0.0521969264493876,0.524933989910093,1044.13433858182,0.25
0.00905190359578811,0.00137740350895486,0.113454136059272,-2.21567579657247,99.9143802259739,0.0590433568406335,2.96598953197488,4999.67260924037,0.25
0.00719193008401174,0.00237646723084886,0.349806575647207,-1.05253696205363,295.54128549636,0.0929161622587682,1.71354965373027,5000.04884907822,0.25
0.00963828324854475,0.000854833131141191,-0.0371412954810424,0.901547484282735,53.4777915532838,0.136134354659077,2.7385670003385,5000.04884907822,0.25
0.00861188444393348,0.00143126157712627,0.247317833745471,-0.862040094125933,221.65903798788,0.120501938320742,2.22262299269731,4971.47169631139,0.25
0.00856078373391692,0.00110330872295165,0.107225074058481,-0.202942453038288,132.914813206256,0.135570663239209,2.81528386288188,4961.604021237,0.25
0.00846402606763145,0.000957751480129467,0.24105203659793,-1.02626071955925,227.130817306688,0.0955093918443045,2.15866368233368,5000.04884907822,0.25
0.00859819879895199,0.00107482031129353,0.0859333793360149,-1.60748358091416,72.2387974594383,0.0551254482341475,3.04640009455503,4921.62071606164,0.25
0.0083622322406132,0.00106952366962877,0.615895152789692,-1.24125732332524,680.284737351124,0.0690160097582551,1.49906086510283,5000.04884907822,0.25
0.0141527620337325,0.00500729789676093,0.949937013365318,-1.34868612357899,1290.32949807422,0.0747965198598395,1.75469512488565,4314.67368696984,0.25
0.0104365147070327,0.00194836344996516,-0.0507563069437858,0.149370966261081,35.8582560780305,0.0961554879112971,3.58718074680809,5000.04884907822,0.25
0.00993042406543236,0.000969403800647413,0.740126202805518,-0.831347844507526,179.891185916794,0.0509227081719084,0.425278532646889,572.255990843591,0.25
0.0108027651678554,0.00104800055053262,0.769529008405268,-1.00012846667944,382.413243174545,0.0477201899411555,0.523512443937993,960.186980734894,0.25
0.0136606116976216,0.00300345478609274,0.862546918952924,-1.17185048238268,830.475273551001,0.0733778781693081,0.890395311622867,2362.22317919359,0.25
0.0084305143615023,0.00131496485382608,0.0661652926811906,-0.385191940864306,95.6776005148812,0.105898755454224,2.31522592152349,4945.95228199188,0.25
0.011437082173152,0.0017311172651393,0.687404081824747,-1.25321790548483,815.374239823114,0.0524985781698627,1.67163708466776,5000.04884907822,0.25
0.00886367477859216,0.000353928096020942,0.220860174497584,-0.747716960818948,187.148474683896,0.0539503537354297,1.60777835209578,5000.04884907822,0.25
0.012739206666994,0.00421087228407747,0.907436781409062,-1.41389545983,1040.91497907105,0.0743897194279447,1.38110600628571,3515.32811186476,0.25
0.00970669918895244,0.000722683670614136,0.601183532146508,-0.378425502625296,-24.5604052653428,0.0635931153518855,0.236149393642215,196.96282303135,0.25
0.00832104865190369,0.00108925942563317,0.252508662482334,-0.71125625471605,226.345586398251,0.0862346429778075,1.62005874522179,5000.04884907822,0.25
0.010144664086401,0.00193770207698999,-0.016104566612167,0.334517119439063,66.2824827229155,0.099081871699298,3.05039389020402,5000.04884907822,0.25
0.00903551352850825,0.00139174362335448,0.0977301931526262,0.578315036163342,109.540318845327,0.087659233296797,2.95338965946634,4977.17486773569,0.25
0.00826662410985066,0.00107980727634686,0.286885359521174,-0.92034193324722,237.209386656479,0.0581434043329609,1.59640743137106,5000.04884907822,0.25
0.0101840080798869,0.000947975544482473,0.730799568826438,-0.73189159564678,203.520903037604,0.053978053627382,0.361508022782869,564.805681143333,0.25
0.00845912717451756,0.00153923827094393,0.417257365860893,-1.01101939162002,361.354909053324,0.0594906517611759,1.65317524865302,4975.77993439595,0.25
0.00850474973971743,0.00115160830418705,0.0852850397470892,-0.972292445033965,98.580100081536,0.108788791304421,2.36258161710692,4925.8031475997,0.25
0.010936110123846,0.00206979904586694,0.872828491622701,-1.3740986579691,607.30250031007,0.0541878569575154,0.77574231609837,1832.39530362137,0.25
0.00737896313496709,0.0026468574399931,0.396469533790225,-0.99206950991448,331.993943349727,0.0900846519468338,1.59984784346454,5000.04884907822,0.25
0.00891429267460964,0.00100766379420791,0.12974178811649,-0.0885390437677606,138.606579152951,0.0703478234185658,2.26606499568582,5000.04884907822,0.25
0.00996627150015584,0.000893466909969003,0.15611786855823,-0.451256222515281,141.770511606017,0.0618768171028051,2.4187162571412,4997.59716312154,0.25
0.00562239213101071,0.00141787977699952,0.339567469983923,-1.01302390245255,260.384584334062,0.0893334299458912,1.76018040893919,4924.96369649316,0.25
0.008485843515346,0.00141558650461973,0.327610371144304,-0.67416072463811,284.186398819738,0.0818484003030718,1.63601833340555,5000.04884907822,0.25
0.00918401608629843,0.00112640050359962,0.037175479061934,0.773916993949542,98.8081223548839,0.153507061244796,3.4659344061403,5000.04884907822,0.25
0.00968917972992831,0.00129935038913926,0.145636958844092,-1.42177141503986,130.926699938205,0.0722974387215598,3.10410102988087,5000.04884907822,0.25
0.00846609500323234,0.000704253550579338,-0.000435956305788798,0.367481611731742,48.0692723593037,0.113568560947374,3.28173649651904,4948.55942687786,0.25
0.00970580403219521,0.000926292360750388,0.190962076057355,-1.39435033062422,171.141925703491,0.0778876581654409,2.62131979241091,5000.04884907822,0.25
0.0102160734769173,0.00115767823920904,-0.0415392139377805,0.499503295486846,49.4325284622561,0.090805369855842,3.57974758205998,5000.04884907822,0.25
0.00860937459023339,0.000353928096020942,0.500576140675814,-1.2268741798041,540.189354153031,0.0516955401800469,1.68760550749206,5000.04884907822,0.25
0.010316092129749,0.00102385549663169,0.803787078224883,-0.740171807183943,189.879073655795,0.0543321329035815,0.506126308735388,908.708704567182,0.25
0.00897518274488479,0.00157264117249068,0.0587085439045015,-0.954469539639443,64.0128523250061,0.0493379248579097,2.1753763032991,5000.04884907822,0.25
0.0115556621970109,0.00231972191344843,0.840494119238102,-1.2942229064115,890.635835817884,0.0789067476368122,0.996805708413786,2542.79152275327,0.25
0.00986368787349578,0.00202476193923186,0.00829552938985567,0.10690777556466,49.2383454406198,0.0601052161875885,2.75237938246423,5000.04884907822,0.25
0.00832780200389198,0.00113965591053639,0.180938787822495,-0.759290780108227,185.226736091889,0.0899486148110847,2.01977368028292,5000.04884907822,0.25
0.00936423551191609,0.00118719317898815,0.10400992409297,0.557221181559584,113.422211937598,0.0680999815370258,2.89860802337101,5000.04884907822,0.25
0.00827484915750545,0.00159120982216143,0.246934588519406,-1.0244199427901,223.602510867385,0.0955478153293801,2.00595638269916,5000.04884907822,0.25
0.00718608575602828,0.0012700370923183,0.464145441016406,-1.07200273358502,422.523484604879,0.070730858737765,1.56339660713107,5000.04884907822,0.25
0.0106919580236396,0.000860921921959405,0.570416885288633,-0.762853423747034,4.30776249501315,0.0474744178907438,0.217208992569218,328.496067757903,0.25
0.008610136903305,0.00112409683660797,0.146215154492404,0.0476840859356796,152.971297467193,0.128723291667753,3.22265016417264,5000.04884907822,0.25
0.00856218625248343,0.0012744426130367,0.111965016577561,0.51203613381673,132.203738370769,0.117476766910074,3.08516476546942,4997.01292989094,0.25
0.00918744642565336,0.000403783902043918,0.194575389237272,-0.660389199866285,172.318312554743,0.053683033309897,1.87668125499557,5000.04884907822,0.25
0.00776704538087278,0.000598789612733843,0.29362741852452,-0.966359742455472,255.519353063945,0.0555791003055448,1.65564330347628,4983.02968828679,0.25
0.011929213753291,0.00267788907526412,0.887131443615417,-1.36335068953317,744.496012866027,0.0549351675116873,0.970401559135212,2305.88091673708,0.25
0.00682577757755991,0.000353928096020942,0.575472461449631,-1.23635861287091,640.446412247073,0.0744700537843522,1.58748648862493,5000.04884907822,0.25
0.00922993261189188,0.00189832690332712,0.0196240395576475,0.0535383151532767,88.533728585885,0.120761754902641,2.47080094009739,5000.04884907822,0.25
0.0115321208890387,0.000353928096020942,0.472289813978275,-0.859523899773627,168.873417814289,0.0214817768661349,0.140601697739805,184.930343069758,0.25
0.010210688270043,0.000932041851119739,0.755627253675563,-0.887824635213731,234.401806958702,0.0476938663367446,0.465475195572209,746.496052798383,0.25
0.00867497333908217,0.000589171970857525,0.465830051179228,-1.04026071273142,415.272772855414,0.0464076195538523,1.68906754364133,4987.97502591063,0.25
0.00800675308328669,0.000785745120391575,0.374459813720607,-0.898597266121955,308.271967613045,0.0466508666403898,1.70083233530505,5000.04884907822,0.25
0.0087725258372933,0.00157417478530666,0.260962907032205,-1.06502476434,245.507008833678,0.116839700695359,2.27754660356839,5000.04884907822,0.25
0.00727359898305294,0.00224590267750664,0.382267445676794,-1.01538965882201,321.053576987382,0.0750935203065242,1.59607785261322,5000.04884907822,0.25
0.0104109599170012,0.00112185173733896,0.776650605960048,-1.06872825279052,360.320924622599,0.05020592730681,0.555458499720045,1073.35720449287,0.25
0.00675425254902744,0.000511517693629331,0.66596329898919,-1.41463923607024,832.632184507851,0.0713949242271216,1.62928587634299,5000.04884907822,0.25
0.0092353512579352,0.000835762974395853,0.541020443168484,-0.305986684906961,14.8816689889564,0.0504907537574617,0.193509670944015,199.815398519179,0.25
0.0116070087663303,0.00120638252527633,0.674153749789811,-1.21306070612566,770.620254970192,0.0513178033253946,1.64302444396057,4978.45895807876,0.25
0.0089500159415651,0.00146842725425925,0.0757657604728598,0.520849953634809,101.823770340408,0.0871934210627954,2.87943925839808,4983.07386995629,0.25
0.00840999990701797,0.000580345899639822,0.27637853995255,-0.693841397137852,215.260458278791,0.0527571070533894,1.63451987233189,5000.04884907822,0.25
0.00847092270212659,0.0011048863844787,0.114022750154142,-0.0474748676743642,135.033278623329,0.1298016457475,3.07631394787335,4992.28481664169,0.25
0.0204112510087823,0.00219564642716691,0.699086174603112,-1.1079831159715,974.785068212111,0.0466493044924155,1.46694463722439,4951.90949647755,0.5
0.0238666771658748,0.00561078553910461,0.802912527058057,-0.82876265910306,673.529531855758,0.0491259907187917,0.757096031341315,2316.66363359587,0.5
0.00882020577456676,0.00166295300756995,0.0667967170254907,0.884662662927583,83.3618440923317,0.104822161849138,3.22555654844855,4999.4186723619,0.5
0.0187421816404367,0.00279191290930632,0.774623439364384,-1.24630817880756,594.009535756544,0.0349785202818356,0.790552063180912,2074.86252156025,0.5
0.0128815310627656,0.00181964744360883,0.581074820770467,-1.15181839977732,699.091195801553,0.0450055426415682,1.6424418275334,5000.04884907822,0.5
0.021048613034987,0.00556630130042229,0.791553371838649,-0.992926493093292,918.12233569624,0.0585684430752463,1.12968133813867,3457.52236833752,0.5
0.00837750923312711,0.00167686341444093,0.295138252648104,-0.804976719516814,303.661232215054,0.0511272631525128,1.73730626926546,5000.04884907822,0.5
0.00907842031562448,0.00277580355292077,0.296574283597322,-0.756662179133065,297.740286075081,0.0668417605481822,1.62979919550542,5000.04884907822,0.5
0.0208984446271927,0.00395886939791732,0.798399653311356,-1.02930313416422,554.23755067688,0.0352515114988781,0.657243929420508,1693.14272723335,0.5
0.0132089944768315,0.00583850653726759,0.0128312984123305,0.461955313579709,92.2952426843882,0.150899836289687,3.43054139742895,5000.04884907822,0.5
0.0109535207730038,0.00364365515491787,0.0110753564983696,0.999815249689343,54.2742910003163,0.108978556511258,3.30407993838535,4977.49130297634,0.5
0.012123878107672,0.00527499709052353,0.401430243538636,-0.755496505831281,424.271921894197,0.0845371501321124,1.63207004724705,5000.04884907822,0.5
0.0182185773638187,0.00231346595001471,0.722578423602768,-0.816843643695793,551.049095384822,0.0389556230135307,0.464554026370611,1014.59690201489,0.5
0.010336767454264,0.00324469370439029,0.0435478096618547,1.01163729754179,70.1444742089211,0.100220410964369,3.1405801446197,5000.04884907822,0.5
0.0143650330602573,0.000789050519842313,0.507589242817608,-0.358348772557985,-46.0086989430766,0.0406160746830834,0.224001624904276,135.932729728044,0.5
0.0198259080301499,0.00430387152338578,0.805744795278151,-0.796836181814429,557.618375524283,0.0503147599210289,0.636745547120439,1548.09099744772,0.5
0.01895531759256,0.00303124469855525,0.787567159309979,-0.798171078544683,305.08772913747,0.0420703139421798,0.528571343176569,1196.67960819504,0.5
0.0151460776475024,0.000837336096217922,0.58714801981853,-0.399080086186046,197.454516194743,0.048659231255515,0.250302720271221,242.037061973507,0.5
0.0104339740908349,0.00284203105765822,0.0299605354657722,1.14431889510167,40.7982548325136,0.0569339898177082,2.68185808056096,4977.08402260316,0.5
0.00971570944154695,0.00110262002390813,0.191698802909612,-0.454605693689273,182.901163210457,0.0534080990224868,1.4887650766063,5000.04884907822,0.5
0.0146229813308643,0.000930541211545137,0.629877856180159,-0.561511762564619,349.172970051768,0.0526766865371905,0.340596631839216,378.31105349913,0.5
0.00978329161903263,0.0022217538065507,0.0563056234719171,0.920636582266606,57.7619241405216,0.0727718562031257,3.12257231182674,5000.04884907822,0.5
0.0179304177848093,0.00352733659523009,0.800141666943172,-1.09824788087711,724.020413106272,0.051386340281031,0.724368786071463,1814.22867101025,0.5
0.00920997500992369,0.00185166293878019,0.0881612836190531,1.26967725740632,97.9062166371825,0.0916093697943624,3.37301152169456,4992.72670085348,0.5
0.00807073851650868,0.000661750670502755,0.422416995446234,-0.548768162793569,419.929857748659,0.0386075172643,1.80122004611247,5000.04884907822,0.5
0.00801871120266397,0.00115870142614556,0.240106156454205,-0.75895176865512,227.675873514425,0.0691785364769517,1.54865378357807,4998.61211433293,0.5
0.00854117534314267,0.00188182562198799,0.09959127033015,1.06105518452614,112.219433948004,0.11230679090898,3.57342108357393,5000.04884907822,0.5
0.0152267167952884,0.00198329684966539,0.679509100664412,-0.220953645530638,517.287167479791,0.0685155542806298,0.341050401847681,552.085229634814,0.5
0.00838376888934569,0.00160766436346692,0.395599057945547,-0.853205540872053,385.059154498115,0.0436512116070871,1.67676457222856,5000.04884907822,0.5
0.00883592457268011,0.00145090196350143,0.373517580312991,-0.890358231678511,348.637347662021,0.0464150742015168,1.59564746568201,4953.76940116842,0.5
0.00899541027704153,0.00107201530154051,0.0929830640630524,0.0632722461107156,81.0699510903912,0.0734321999763663,3.06107140457702,5000.04884907822,0.5
0.00899122398807371,0.00160896992023987,0.144121290693763,-0.0752870063103765,137.702271010966,0.0967748940533455,3.14108302976578,5000.04884907822,0.5
0.0266757166478594,0.00320263820891048,0.733745465080829,-1.34783395545012,1143.10804362144,0.0342527108684271,1.50622243700771,4670.63897170346,0.5
0.00900463911561903,0.00198568556027588,0.066162433491583,1.37295864788237,107.668119495101,0.11737810389516,3.81561711952002,5000.04884907822,0.5
0.0108924333014255,0.003108464399286,0.00513689029021075,1.44600965023599,41.3270912792532,0.0717779635802989,2.95007550455873,4984.49939490601,0.5
0.0106179675763507,0.00338451693681425,-0.0116675404754985,0.309473575912873,35.7546546822124,0.0625084790859739,4.14657842972028,5000.04884907822,0.5
0.0108252665790916,0.00338705599683511,0.0171814806976581,1.28733922916116,43.6032435245479,0.0765360371816969,3.08688296530372,4920.59301616994,0.5
0.0200138141967646,0.00145008609517509,0.673666339112697,-1.35458728083078,999.670360979079,0.0425293536741522,1.67704890949226,4995.84403667147,0.5
0.0150636618452996,0.000944857021245988,0.70224979603371,-0.822561264461971,371.658967857958,0.0404034542580702,0.470390650759151,804.068084489654,0.5
0.0141513772971494,0.00108965687794729,0.515301617366308,-0.720974010905905,43.8086396676932,0.0339933229641087,0.223738718084856,342.13414328961,0.5
0.00865861418223157,0.000370267693904023,0.449314407693014,-0.731298821883164,446.93942179881,0.037728432653329,1.78423327129395,5000.04884907822,0.5
0.0200272051887007,0.00265772431202441,0.752124653129739,-1.41614741584726,968.859722681933,0.0462243006253027,1.27475955507787,4016.88114332307,0.5
0.0157486392830193,0.0019494603073178,0.759754137672628,-0.569828403059104,495.296376328306,0.0532048981667471,0.479660253386763,952.390615020186,0.5
0.0102287484200769,0.0023839694733157,0.0539129676460649,1.17283919349851,48.2690449508092,0.0476902592155691,3.10398745995131,4988.63751553396,0.5
0.00986422333142492,0.000498981844737986,0.186850222297844,-0.590826782508464,181.674578644851,0.0542659907753659,1.85551007883984,5000.04884907822,0.5
0.0129509509464245,0.000724602528126469,0.71086061587808,-1.0343987347308,498.855968811148,0.0435030579201844,0.48716736087007,808.853390264578,0.5
0.0213270538592665,0.00462946492651599,0.817102947050779,-1.26184130075306,1056.9776816911,0.0471998523452078,1.30720216561259,4067.64794158969,0.5
0.00987277664446782,0.00267723087687647,0.0889694374625407,0.357709834154097,101.027290386771,0.117127496828029,3.6008755064801,5000.04884907822,0.5
0.00938009095444675,0.00145414460850272,0.140134232286725,-0.0779068186932771,126.083892743781,0.0800863528053677,2.93860189038613,4981.03271800094,0.5
0.00960309269102044,0.00170171899290887,0.10185000838864,0.388065129845648,90.5501894697883,0.0630383208822891,2.92207968779804,4992.29917898418,0.5
0.0144648946320213,0.00687800286628151,-0.0672646383592909,0.999403434894379,66.8921413473475,0.1243229296322,3.43936626747421,5000.04884907822,0.5
0.00948923647111592,0.00182539187611153,0.0727022846528593,0.644369618522864,54.1488486511126,0.0522732644149374,3.41186217223639,5000.04884907822,0.5
0.0123698575117342,0.00282416481570335,0.427986142915757,0.292551891959775,-14.6315748461528,0.041072031818335,0.141434893606986,-33.9087116257278,0.5
0.0195964340111911,0.00159266535771741,0.718809697228163,-1.22104304501187,990.078984255552,0.0608337464737774,1.38925041619827,4762.36888840058,0.5
0.0125263834831146,0.00511699491445654,0.0579870220898734,0.303107297625015,95.9646262008647,0.137421066117782,3.77052543364426,5000.04884907822,0.5
0.0140136125155408,0.00247639884123109,0.445719340527577,-0.362799913475105,104.014892146175,0.0235686047434281,0.211325315784455,154.508315222288,0.5
0.0158534812019857,0.00136957616516506,0.74506664125382,-1.39143399051505,770.306427011213,0.0384587949742837,1.30098255705634,3169.59718270469,0.5
0.0156730269330385,0.00274028408885653,0.804812256312125,-1.30440458640902,720.068845371891,0.041037689929885,0.999343138395119,2644.79384949247,0.5
0.00889086585673209,0.00268425537677454,0.308110710026981,-0.880586506101729,314.150461888306,0.0706788402850181,1.73724140610493,5000.04884907822,0.5
0.0146684287304675,0.00101824609734324,0.496158150389978,-0.696989742848891,58.824253419702,0.0308562333987925,0.204179974336595,232.155446255678,0.5
0.0209713499279047,0.00457362957249122,0.735492093688514,-0.631551447520002,670.612901268601,0.0725487248954608,0.614329459255914,1391.90504644553,0.5
0.00918631709140229,0.00199008763124498,0.0624396290397352,0.947220517005985,86.3659591355704,0.106640625829525,3.14200388926239,5000.04884907822,0.5
0.00903074203144365,0.00356800553355679,0.364130500242269,-0.791834808030475,322.82932100874,0.0858808327671956,1.66582258403094,4930.67744394581,0.5
0.0113631181841273,0.00209430312950105,0.463892938538981,-0.96464581989532,471.34954632543,0.0404546129321891,1.60018367498712,5000.04884907822,0.5
0.0194746579831081,0.00165952153952704,0.701156426054742,-1.08217163280574,924.421152216512,0.0352486808259786,1.55862476969181,4756.71203225533,0.5
0.0244746470268837,0.00453854507865347,0.786748831361272,-0.796479104985889,1048.82503827306,0.0609501489160108,1.15623202149305,4104.42299446112,0.5
0.0144972338427395,0.000654149347668701,0.678099197774964,-0.894715574955163,358.246452270158,0.0423772980944043,0.409349296660081,637.19908709089,0.5
0.0109358457676893,0.00332936526834849,0.0178683201326732,1.529688810905,39.3241801235725,0.056228186598359,2.93994736535223,4957.83507410181,0.5
0.00965919240227242,0.00154929356834663,0.0886863326237572,0.65618037584815,60.4493586214231,0.0369878067476516,2.7558092350709,5000.04884907822,0.5
0.0189082623577727,0.00435100077627019,0.815101569728562,-1.30590860353036,884.303006883482,0.0443373338156447,1.15901410734343,3387.60673119432,0.5
0.00910413439429202,0.00143173625805831,0.155026782426299,-0.91267303080661,141.875592523141,0.0920196736434025,3.26340077918985,5000.04884907822,0.5
0.0171101549931996,0.00325195714557689,0.766267067750736,-1.08131592104299,815.550266327205,0.0698089113020131,0.902917990820305,2370.74202451436,0.5
0.0180161760893915,0.00360689836446522,0.798950322437299,-1.2023207117357,658.018264575671,0.0436039078436736,0.891770660491984,2527.2660199484,0.5
0.0163332812823697,0.00157286439081761,0.747873005678991,-1.4475827245043,884.459214567919,0.0412404328595772,1.44520272934289,3639.92599600776,0.5
0.0108705287089809,0.00160567715855982,0.158916216881022,0.115177489985222,160.859950923118,0.0532141403939922,1.998178944702,5000.04884907822,0.5
0.0136743858435999,0.00109549600588368,0.485652432077071,-0.612481319145699,42.4192668687337,0.0293380377257309,0.179030359423083,137.365755426629,0.5
0.00903732033759951,0.000632649873984226,0.240602733503715,-0.684373814048435,215.38096611152,0.0407911440218949,1.78203214237148,5000.04884907822,0.5
0.0108142613253062,0.00345344326883902,-0.0172987337321166,1.64407275881503,40.6662051892948,0.0633246550642554,3.46915421728927,4889.51344876473,0.5
0.0239583840432035,0.0042769748269271,0.804821705654566,-1.40619917526389,1163.68328539042,0.0379928950214663,1.48995451483457,4327.69367506181,0.5
0.0114683925797063,0.00344464713729993,0.00429447276249506,0.783815107363737,72.7204573269203,0.147653078098287,3.34902840535301,5000.04884907822,0.5
0.00987645345128261,0.00160687360918426,0.141057760425807,-0.558710225074764,104.749499629309,0.0476606977571124,3.21016233106455,5000.04884907822,0.5
0.0206095701532281,0.00326415279038486,0.773420049619957,-1.3078526362139,678.803662058375,0.0362607449682397,0.989999703021479,2753.91226470832,0.5
0.00766399520022297,0.00172046998649654,0.309376515586885,-0.87751290537145,305.547863024619,0.0632603347556507,1.67200919735789,5000.04884907822,0.5
0.0134762816483711,0.00382070721305624,0.456136862486252,-0.817382200555914,485.331567783054,0.0629179050343045,1.42466549865879,5000.04884907822,0.5
0.0145848051819156,0.00041454869504822,0.565207448920815,-0.72390930288852,91.0540032314559,0.0366360699234217,0.236122981245136,314.460370483079,0.5
0.0111722485182309,0.00364695415012731,-0.0454664583837524,0.683623604201523,28.3855286039135,0.0799230589517475,4.01776339484565,4993.56088618502,0.5
0.00882020205185264,0.00208322921767005,0.111265545548976,1.5036845686932,130.957294085872,0.112223236623817,4.04231123684092,5000.04884907822,0.5
0.00981010233024143,0.000555886866002568,0.193343508511734,-0.618642930127916,174.365112424733,0.0493838926092226,1.71339851832631,4996.57934149731,0.5
0.0151111787186061,0.000531244740448606,0.699406863796783,-1.05555194970036,594.171938854469,0.0368864462778261,0.502444938235418,985.240298714569,0.5
0.0189367147804936,0.00213576579951814,0.766439666626962,-1.53568589386672,1063.05910782307,0.0406957664938761,1.60546214135126,4174.54729882032,0.5
0.0134630922559129,0.00607938749888189,0.00332298438238393,0.378683691002767,96.2342844319223,0.157172956406853,3.38586207062423,5000.04884907822,0.5
0.0132189711811199,0.000741461786977518,0.510580412919565,-0.538285870171771,2.91464575865632,0.0363670902850362,0.243447238946967,112.675879541824,0.5
0.0176999081232904,0.00240770601005196,0.742666128240524,-1.03591252526924,1033.86926491096,0.0701097666081729,1.37708942739103,4779.69991772171,0.5
0.00874145000820489,0.000999021070152022,0.230749519131815,-0.522975406867318,204.633404985282,0.044593930951184,1.63834244870582,5000.04884907822,0.5
0.0175528623858768,0.00299864099826459,0.543110458696444,-0.978752679324234,694.927539981997,0.0454165462230414,1.57621362090173,5000.04884907822,0.5
0.0140852247621423,0.00080902690247232,0.52254490551298,-0.267014377401999,-37.0280939111997,0.048362688976871,0.241296138104426,91.1917820370008,0.5
0.016063759350629,0.00167819785088214,0.735506846389629,-0.640559585519425,390.994772506686,0.0438868743957002,0.467636136431685,895.186695446839,0.5
0.015872916654062,0.00194262557484269,0.7254438670755,-0.633114214990689,636.146123112471,0.0566170156465597,0.44047818949311,992.546205398684,0.5
0.00980469487849564,0.00286690998590066,0.343155851965467,-0.830668334077477,301.921259092548,0.0582751341528002,1.61679104520616,4944.54946823385,0.5
0.0152022316351837,0.000887149535319403,0.655206740974741,-0.660118171042491,437.8057040286,0.0489148722379548,0.353473140853345,514.987807607359,0.5
0.00960513589208231,0.00163841799852888,0.547405270193355,-0.82920567397792,592.015628150922,0.0848584169069806,1.45720549744248,4963.96834342471,0.5
0.0102854024857579,0.000487079645554854,0.675026761135403,-1.21204948750124,874.16035313673,0.0820283708789784,1.59321396555432,5000.04884907822,0.5
0.0164139390005645,0.00114169639667887,0.693465375820213,-1.06203422019417,556.374909707271,0.0347756107731945,0.518983727324102,1057.37504709707,0.5
0.00929562282762805,0.00113872320363776,0.182021006963098,-0.906059019691235,167.243296288929,0.0836214361239059,2.70312567393745,4979.25218416098,0.5
0.0120127222538607,0.00384750690584447,0.410446163257462,-0.749973183322447,449.812392149199,0.0554661691705477,1.6494311105298,5000.04884907822,0.5
0.0165079203168353,0.000539336825976595,0.689221564094235,-1.04121268953915,846.885262991499,0.0546974144809054,1.35403783767019,4838.59465120182,0.5
0.0164614895396276,0.00337216908761364,0.772086148510245,-1.11296174206798,786.686782919183,0.0690691943976058,0.96681088857104,2750.04077996117,0.5
0.0192187357564444,0.00350735407595013,0.774630515594578,-1.27445184086407,998.605896043725,0.0589748214122446,1.23690000162408,3982.65792334847,0.5
0.0145565549438444,0.00164121097687139,0.749332626269172,-0.99737248650828,643.234583771647,0.0476071283070035,0.557033679968508,1129.20316128128,0.5
0.00907746600844445,0.00173085168934159,0.0860998900126141,1.00334510427281,101.831065643164,0.100887833631968,3.44371354261413,5000.04884907822,0.5
0.0134921191211911,0.00201047959457906,0.531374442369683,0.00745733396396731,16.4061512425259,0.0530959737299544,0.215703583096424,151.164875097063,0.5
0.0244248210098481,0.00447846466440243,0.816930958602971,-1.2132631004299,1036.78813417172,0.0394020298533957,1.29084996806014,3672.14026036451,0.5
0.0093965561617297,0.00136242598437997,0.13977780885766,0.0862019998423451,127.854309188306,0.0811501702294066,2.77063729703049,4974.80524683456,0.5
0.0178174020089621,0.00254944963836713,0.71204647076491,-0.660957065473113,632.363862747132,0.0607146949957214,0.523565646917676,1134.76517610284,0.5
0.0107591807179051,0.00208561692878441,0.0961797734828643,1.11741803101199,98.9348255368799,0.0677974852315423,2.93118936570166,4986.39659154533,0.5
0.0121206763922032,0.00254738366101021,0.5178909651084,-0.788712299990987,530.242757453457,0.0782509358857267,1.39712350394097,4973.52596029255,0.5
0.0142329205457477,0.00145994176978013,0.640022060216838,-0.321690520464523,289.685103266516,0.057184783480268,0.326998232636664,350.303048469442,0.5
0.00857688865055704,0.00172634512671535,0.277416500503017,-0.899144891806382,288.299135443442,0.0769036919107121,1.6716798222031,5000.04884907822,0.5
0.0132710824567437,0.00354809976901282,0.40872181623131,0.192548495084333,-9.49401057348945,0.0311466336086535,0.140601697739805,-95.8766870990667,0.5
0.0143888767870081,0.00134601796451409,0.539146048093582,-0.141408370751238,8.80266515540609,0.0543770956269348,0.231170214625499,114.203895339306,0.5
0.0175444148385498,0.00340498914865575,0.783194360945852,-1.05567901966298,1095.34082095907,0.0683952913257552,1.46912736806499,4786.5916898291,0.5
0.0122104501316803,0.00323145457158928,0.408174396232329,-0.910248300968184,403.179785775268,0.0455709084246896,1.54837384553151,4970.11129960864,0.5
0.0133432798496795,0.00202834383299375,0.583074650294813,-0.939713782374878,696.785454920449,0.0643020071355236,1.46078977501554,5000.04884907822,0.5
0.00906551310560514,0.00157738777454815,0.170120860866592,-0.330728746636627,165.23086070741,0.107916706469728,2.99835202968456,4993.53148521308,0.5
0.00897942030377526,0.00192225565991773,0.205475904089745,-0.855969691065392,193.853587691402,0.102321063556509,2.1545581527501,5000.04884907822,0.5
0.0216423785105597,0.00475951568672679,0.773710180496165,-0.999461349214698,792.059537572696,0.0502002774888416,0.895484412732195,2630.88439430141,0.5
0.0145780655686607,0.00248328835583323,0.573736035069579,-1.12418962378891,720.090470808665,0.0415112033645591,1.68174734855949,5000.04884907822,0.5
0.0182008069962807,0.00232292791572696,0.74508975065596,-1.24779688140087,1044.11807531439,0.0451850698986753,1.61437267496105,4810.75266687607,0.5
0.00669826083680347,0.00100413177851395,0.322300334874693,-0.887488311258807,278.794395805511,0.0666782815896177,1.6390218403575,4996.1192352643,0.5
0.0168596369311361,0.00294788192504351,0.776071640879404,-1.09363917574046,650.458154419464,0.0571286286927825,0.637640077878365,1570.48028371236,0.5
0.0206134719427528,0.00515250848273852,0.778348985279082,-0.929876509960116,825.377140368816,0.0592333608880495,0.898994636769497,2627.86655672852,0.5
0.0165273739685287,0.0024779936775033,0.741950198503955,-0.667270857768506,649.320317489117,0.0599237395537756,0.4943842528348,1133.28830024355,0.5
0.00936764338699977,0.0010943221917286,0.208022828619603,-1.17519874342971,191.42702767627,0.0654169303275254,2.21828735362607,5000.04884907822,0.5
0.0106004901433745,0.00403380296410344,0.418548399476344,-0.766835773577405,419.563053561916,0.0852940104363832,1.63007871603287,5000.04884907822,0.5
0.0101209503386065,0.00303860224437734,-0.0248957508690142,0.549713066675272,24.2775708274613,0.0699756309820337,3.92765527840105,5000.04884907822,0.5
0.00961645597370066,0.00161315213573025,0.0923578189872384,0.794826118899935,69.952365768644,0.0426397752403189,3.57245084391934,5000.04884907822,0.5
0.00933110012959365,0.00120602123307376,0.190269543640366,-0.774640638107027,186.648457055432,0.067199113358267,1.57005889456951,5000.04884907822,0.5
0.0164074745773953,0.00100613016639953,0.643268456450531,-0.489448046245073,431.202899366602,0.0557824092016808,0.371385944628746,551.386391964985,0.5
0.0204528465520005,0.00310860657301647,0.747626098031423,-1.14840416920747,686.800790909708,0.0456105617333121,0.885781356760228,2300.49675478595,0.5
0.0139613861731604,0.00106242976774735,0.508771042754298,-0.784809902900354,573.239893175973,0.043530056012374,1.66384769778463,5000.04884907822,0.5
0.00890505123410149,0.00153010663144731,0.249564366369123,-0.78613090730888,235.623082068521,0.0933032740919782,1.78693624134195,4988.22529379224,0.5
0.0123257691419037,0.00521355794939605,0.0625415920855035,0.268027384850661,101.675750035472,0.144938008354833,3.87201924140197,5000.04884907822,0.5
0.019928274689169,0.00338321322175494,0.768162854574836,-0.886233549341029,437.340594348237,0.0413796374579784,0.546822866896352,1328.00001115668,0.5
0.0143583023465992,0.000355056706838414,0.557857534015029,-0.946704817172962,607.67998224773,0.048803262424199,1.48413990312834,4992.51804620899,0.5
0.00926394528573379,0.00137223946614146,0.11834783789317,0.00928751663482769,118.212404937807,0.0967848036970756,3.10409709931989,5000.04884907822,0.5
0.0179326163588256,0.00336853951109807,0.747578336430327,-1.20462221052647,866.290734345472,0.0650143542314369,1.19310928373818,3373.2971814325,0.5
0.00975032640546457,0.00166698369408132,0.0776104741863913,0.81924438589686,58.193737283149,0.0389208025966999,2.80072990657279,5000.04884907822,0.5
0.0136150521106437,0.00145794081758924,0.561067775752683,-0.945520071409575,699.801241155732,0.074723933865499,1.51235359653678,4984.33777839521,0.5
0.00906851802673721,0.00144240272972528,0.415729794487327,-0.726245935412998,430.907851469076,0.0487819654518844,1.72266284598098,5000.04884907822,0.5
0.011940554977172,0.00224840564756775,0.5175018795547,0.116116053022387,46.759438651515,0.0548056750911698,0.266672724615147,209.036833585596,0.5
0.00864829629793758,0.000846408489715114,0.230144816796004,-0.638747518816147,204.707787946664,0.0491306295312165,1.7173014261594,5000.04884907822,0.5
0.0153882887251039,0.00157604626194104,0.711536346820677,-0.64336541213982,603.539232309072,0.0505324860370334,0.426064250543556,832.973306677059,0.5
0.013855541346784,0.00253486696610476,0.424184909788938,-0.124593577579055,8.48204854275133,0.0261925570612423,0.140601697739805,-38.7114837370564,0.5
0.0132743906945378,0.000353928096020942,0.599706012755257,-1.07681219645026,655.819485600339,0.0382650428385575,1.47942315804347,4920.17152686024,0.5
0.0139324606968764,0.00116584854189741,0.563716176120336,-0.998876100822164,618.213114240811,0.0484990380966524,1.54369792645853,4977.83237131805,0.5
0.0208092930338363,0.00225708144425895,0.742605711239709,-1.41793329612206,1143.93283572106,0.0442016944692915,1.75914269513992,4804.59875258008,0.5
0.0208780267594342,0.00461745453054763,0.793834256555706,-1.21736426548748,961.545665964466,0.049116166093599,1.17469866049482,3623.73444401318,0.5
0.0155946151546707,0.000828119526829724,0.694271511720698,-1.12155846233539,850.441919861565,0.0417303257724774,1.55255479124433,4816.64374239516,0.5
0.0162899877529167,0.00188262016661885,0.726688967619794,-0.39588936630136,417.263671213028,0.0507106736203732,0.41442150420768,789.739028947188,0.5
0.0206230294353525,0.00378151016577561,0.759203371255929,-0.989202418302851,647.207621350267,0.0480646243555308,0.637288857110122,1552.03568880535,0.5
0.0124147870382979,0.000599320264788033,0.690863684447619,-1.07297326900155,530.153498275372,0.0378892473917861,0.502114182846129,798.849019265442,0.5
0.0144624658049689,0.000353928096020942,0.621004079948572,-1.03089593934754,336.605873952711,0.0373115638354497,0.334683699752499,527.24384946087,0.5
0.0217211629239893,0.00345625920690589,0.727192880932299,-0.418167583766836,318.479186633943,0.0423551482545992,0.455722724343051,1007.93188380539,0.5
0.0254444702711648,0.00563067886187842,0.816460857992702,-1.04952425865226,990.730023080972,0.0411583383537331,1.10584295868138,3479.59999082765,0.5
0.0233040174758406,0.00366229915481777,0.761618756591294,-1.18645956100452,1140.63344908728,0.0548520008580564,1.45778818477496,4766.37627622824,0.5
0.019100577777262,0.00283325086089935,0.785394521408532,-1.5013609443177,1181.17770123107,0.0475099803366859,1.71735303886275,4835.58342393517,0.5
0.0131641272360359,0.00437745493036465,0.441898392448398,-0.748615916253923,469.729991101272,0.0729984053454632,1.41617714829155,4964.26621744709,0.5
0.0182159236974463,0.00214914774888391,0.753498765899768,-1.34196291771173,1063.95309983642,0.0552243464606732,1.50874749122625,4928.73129685814,0.5
0.0165915214103662,0.00305327325085514,0.818221326060714,-1.2260180858641,615.177125186709,0.0426150726417425,0.776478196379689,1937.78628187049,0.5
0.0103812773244993,0.00312346942362693,0.0322759471440884,0.790716375585528,55.5369544673225,0.0993958479400863,3.2557411126275,4961.78534039438,0.5
0.0106644838749902,0.00279309114256429,0.0327740376093369,1.48571454445362,43.1092237248547,0.0487239601747701,2.86287602607829,5000.04884907822,0.5
0.0231239996843455,0.00340379131767426,0.794862003720811,-1.26019462151894,1126.21741018598,0.0421831636497839,1.48788651421725,4371.41769419226,0.5
0.01922570461612,0.00516705607801941,0.806952873670213,-1.02233278850792,935.6795322861,0.0648406269480514,1.19275936129185,3645.99343975802,0.5
0.0150101019841385,0.00124895334504859,0.493435129189478,-0.370006630995995,-18.5436685733814,0.0347432778046233,0.176767473857574,94.2722310543131,0.5
0.0214742847620783,0.00382201960930433,0.780556413738392,-1.02363389749122,576.525121980801,0.0386638413786416,0.647706157505333,1658.07185283401,0.5
0.014216032780915,0.00251160336009618,0.542591057577857,-0.963247473643615,623.791233251353,0.0550366063959337,1.48823239602141,5000.04884907822,0.5
0.0120790971806382,0.00392551116284436,-0.0618387854196778,0.757662814720889,34.4351127139129,0.0976252630092061,3.89433699011772,5000.04884907822,0.5
0.00949640373551616,0.0023227601914955,0.0534022697266709,1.37633754942427,106.269660938545,0.121823119106886,3.95395722561782,5000.04884907822,0.5
0.0114978825468444,0.00329344973046762,0.474521013106223,-0.794802969765516,497.643548755667,0.080880952830794,1.48013997155177,4944.53995656424,0.5
0.0090419399208269,0.00362300345323889,0.356578371435485,-0.849319574047799,337.086250472327,0.085618430530481,1.73431004961644,5000.04884907822,0.5
0.0132092708106387,0.00623835865440187,0.00100127108189102,0.726544101778117,82.9893552811832,0.137445944562362,3.30657243972925,5000.04884907822,0.5
0.0133002901098371,0.000811857040057273,0.51796279860562,-0.365762542431776,-15.896001698461,0.0434328881595724,0.229081269315756,101.852842384841,0.5
0.0120234870123781,0.00449752742353679,-0.011198289202217,0.98231087801533,63.0065011871615,0.126049126071507,3.38671811825724,5000.04884907822,0.5
0.0100336498713407,0.0033899345928782,0.39226312223751,-0.795604595661113,401.790908274441,0.0733053284986752,1.62247135936735,5000.04884907822,0.5
0.00903958081711668,0.00140582894788976,0.131557061612786,-0.20883699180888,128.914434041523,0.103887123287296,3.1265212714786,4986.63858555778,0.5
0.00852155311228287,0.0023362140219053,0.300966570328548,-0.886365166366187,298.358267675929,0.0700564149130019,1.73066495119197,5000.04884907822,0.5
0.0149538622532399,0.000358096084782231,0.604524055609732,-0.986718565356175,279.098846252723,0.0329144313429976,0.321934843933258,509.770564268262,0.5
0.00973758995511891,0.000783612732213977,0.195942925290652,-0.494331170119966,178.791150701548,0.0426470427899129,1.73948793895565,5000.04884907822,0.5
0.0095332548828687,0.00195490154326703,0.069538958303949,0.31911481552584,67.465086586861,0.0861138731637276,3.43152557154817,4946.15798281132,0.5
0.0101343918055085,0.00191384493570083,0.0758696745450869,1.28927806998444,74.6570556549484,0.0664482546387139,3.32762083943348,4977.41426726215,0.5
0.00943312125598846,0.00145920416586201,0.182979649723126,-0.6295472781082,187.213420561546,0.0992121102554892,2.2715209502546,4995.38436668746,0.5
0.0110603751758248,0.00178905955599607,0.13198220626156,0.743995732743913,109.78378807851,0.0422713659367113,3.01775946814161,5000.04884907822,0.5
0.0125904706328977,0.00439570576981313,0.00597578824513428,0.416488248931654,73.6008211802523,0.145025895126004,3.18313450508684,5000.04884907822,0.5
0.0112394932376177,0.00346825048725423,0.0361851171253919,0.579955284386604,89.6604782216633,0.149783352462536,3.77361585715793,4988.38768462314,0.5
0.0104084811353253,0.000974292350300635,0.173445640330598,-0.216336009573422,161.62769308596,0.0509683026108464,1.97139081942618,5000.04884907822,0.5
0.0134880595801409,0.00424176963784682,0.46667348472295,-0.733074730430479,524.151289281906,0.0772461136521572,1.51856359660917,5000.04884907822,0.5
0.00831937467323087,0.00236754465080137,0.307206233404181,-0.823518947507278,287.580063848397,0.071577918572794,1.73167376018015,4947.64175200338,0.5
0.00866483828727138,0.00160481452525061,0.163333677246662,-0.199593382850351,152.720774609492,0.128377984915911,3.87308412402245,5000.04884907822,0.5
0.00981481209176633,0.00275539899578824,0.359546000065837,-0.770786597866358,294.623316026897,0.0690772939972069,1.5015857776142,4860.20957846476,0.5
0.0242141022287796,0.00262165627932244,0.779594952175364,-1.18258711132365,1079.83033207597,0.034701270324724,1.44282953256212,4317.95560351474,0.5
0.0084012822729668,0.00187449860960321,0.392240030374098,-0.615153495522081,394.924955793333,0.0462688868856962,1.77113295161875,5000.04884907822,0.5
0.0105031192472776,0.00300603356422231,-0.0405290755235879,0.839979297582027,24.6107361693898,0.0881201899709739,3.57184880290024,4986.62625351419,0.5
0.0156024563694198,0.000931931608975319,0.688724341328991,-0.669556013300568,412.123544940304,0.0436113113862318,0.40651148688598,647.701711036706,0.5
0.0151911471905033,0.00303211245488075,0.825645832319844,-1.07030063666698,546.180434744856,0.0499905265819674,0.674913453818247,1514.61584912688,0.5
0.00967224277455911,0.00393027490208757,0.337026883928801,-0.865697050579175,345.560959359608,0.0830309629880063,1.73255344404447,5000.04884907822,0.5
0.0135065029608093,0.00066861922721535,0.543348609897316,-1.19670040546715,678.073135032683,0.0416030097829374,1.6993774424033,5000.04884907822,0.5
0.0155207134509876,0.00164077773626296,0.734295825187719,-1.06014311262525,500.047057836481,0.0402152713872812,0.539627587699392,1115.55429683816,0.5
0.0147196741335265,0.00710310975919584,-0.049608343156267,0.485808396998127,74.7352496730088,0.143026731681214,3.29811790368082,5000.04884907822,0.5
0.0214020654519898,0.00501756515894313,0.80258985963143,-0.848727621341749,671.482093183579,0.0504538720453225,0.71827838052226,2062.56743221582,0.5
0.00978094493116477,0.00233920714711231,0.0269161425208049,0.90677144344435,41.0725722454364,0.0672774291012392,3.63546305672135,4993.82865418979,0.5
0.010229347386824,0.00333307239561292,0.0452374573522242,0.773803774211095,75.7580881635083,0.119291248196377,3.38120045017229,5000.04884907822,0.5
0.0181127765028602,0.00336020007016419,0.788835904298651,-1.40105594731692,1211.6866772473,0.0526000611881747,1.82919439183731,4816.66320244424,0.5
0.00896324545006499,0.000666569649384434,0.234717002356201,-0.872356347137863,241.371668237215,0.0802862218534363,1.93350532182486,5000.04884907822,0.5
0.0100861208480173,0.00190137972666523,0.0986707575888864,1.34880229851852,116.000710349877,0.0872738058558655,3.40721426383691,4977.37271420093,0.5
0.00800228209162829,0.00159160743013002,0.309030433056664,-0.921909342936327,293.776777463316,0.0979440331244023,1.90217210901128,4994.98869881567,0.5
0.00995400630512872,0.00272863771593948,-0.00196899887490193,1.22612305760527,35.7577041971076,0.0490740046663762,3.83096967200585,5000.04884907822,0.5
0.00953932324050984,0.00166894649968812,0.0627991088049809,1.17519444391262,79.95165751311,0.0819677088308919,3.15632199365895,4971.02923155422,0.5
0.0143105629999518,0.00167282781792204,0.573917301916485,-0.152962510918506,126.106602740122,0.0585260490223004,0.276945552788085,249.939504773262,0.5
0.0109491091861518,0.00356422448337271,-0.000860242897706975,0.820451519345186,47.7665718323123,0.0982211420213447,3.4896177537463,4969.69970573487,0.5
0.0161032761659845,0.00118300803714686,0.747183465967003,-1.34449641423871,652.768871632212,0.0358212693683065,0.998498770117192,2409.39848539214,0.5
0.00901979776114256,0.00271453609892762,0.301003238400204,-0.873579173164797,304.685222911182,0.076677311629057,1.63891229134176,5000.04884907822,0.5
0.0149973525998649,0.00153129394137953,0.741094075520816,-0.893117770904774,542.093600174961,0.0452160092769982,0.524402167630956,985.553082560558,0.5
0.0110950111136697,0.00464460029238763,0.350554724467891,-0.788577810473526,368.784275579627,0.0869932992254249,1.49754455349464,5000.04884907822,0.5
0.0141851840705192,0.00104487388473624,0.680131698522567,-0.673804725767476,466.845562781957,0.0490650159309643,0.381479850301183,531.270561049992,0.5
0.0151184660628589,0.000591126867024959,0.522062622365741,-0.549414010536405,-28.9541487499354,0.034021609633053,0.19498282680114,208.972390095708,0.5
0.016587494447195,0.0015768551026874,0.69925508361495,-0.39543457293129,393.216122744771,0.0498984163154483,0.390758116135122,669.470250803491,0.5
0.012536218538107,0.00101149458172262,0.653147286784591,-0.86393695448875,367.47672714129,0.0446756707853687,0.397199108726323,486.72702607454,0.5
0.0199621702094749,0.005299893884229,0.804480614164573,-0.861761271621461,988.030719381983,0.0712061155503791,1.23683548463537,3920.54214497159,0.5
0.0136118236084208,0.000899478686234353,0.647370275314681,-0.927300018471806,280.741752555265,0.0436414955522769,0.395508192996492,541.504697604694,0.5
0.00740326786267311,0.00202907270072114,0.33874332204086,-0.606810876310735,342.507689688948,0.0384765537092887,1.67858686778017,5000.04884907822,0.5
0.0147302150431536,0.000467971623582952,0.731160018921172,-1.38270990928079,660.962958367221,0.0401118236949343,1.24486853783688,3122.96481246787,0.5
0.0131895883422117,0.00152161042024549,0.478549755240646,-0.188931602908141,-28.3605157455358,0.0377783425917835,0.169786856630713,157.236154930722,0.5
0.0193684065827833,0.0048746405209293,0.801670612083267,-0.75382375532682,732.988930766675,0.0706735181743739,0.701210594020648,2085.64706139667,0.5
0.0201458061913926,0.00326250573639568,0.768648697671882,-1.2511364805325,661.593395609997,0.036205954923856,0.908981507052267,2552.86603493201,0.5
0.0205686493278848,0.00377973531782551,0.789709116476205,-1.20957810400885,664.710102396147,0.0352698716391298,0.917407002550177,2406.74368696501,0.5
0.00970049086162768,0.00159845281112842,0.24337290670498,-0.932360908971402,239.857080510875,0.108385490166866,2.20600037243573,5000.04884907822,0.5
0.0184415149794612,0.00295006031602246,0.695683958975768,-0.178056028866493,564.242692123907,0.0639114214271002,0.403917796303152,812.421381583352,0.5
0.023231149455104,0.00452864272103797,0.799361018031539,-1.25849191859132,925.143266194552,0.0391986784666234,1.18296436767455,3605.92588984765,0.5
0.016973662639733,0.00258025134987573,0.782353885820948,-1.23427514235172,573.172449152069,0.044615063854097,0.691930599729769,1585.34963723366,0.5
0.00951340893371108,0.00213539084285587,0.170487461389405,0.335891060503155,178.52565677353,0.10846142362211,3.18336392458324,5000.04884907822,0.5
0.0102733020469093,0.00179667204346486,0.108557154294376,1.00368494704041,109.253751427859,0.0700884109143241,2.99246349958567,5000.04884907822,0.5
0.0152369058996828,0.00207617204436055,0.723128022323343,-0.263789792754241,536.572862452301,0.0630061368498124,0.391828299555351,695.616825570264,0.5
0.0196607840125291,0.00420717883544991,0.764275035126976,-0.946952983488325,784.583683579671,0.0673202416289254,0.762206015789431,1982.12939908055,0.5
0.00961719585611887,0.00222007301385329,0.00740184987572706,1.09871583138899,32.6341893629933,0.0504970781890791,3.71595936910689,5000.04884907822,0.5
0.0168692251065628,0.00244734905151718,0.77735655039386,-1.18967105059558,462.245499243777,0.0405058339628482,0.60383594650646,1376.4552953427,0.5
0.0152426445691103,0.000796355247265314,0.574722455596328,-0.839739882039758,174.148839371144,0.0384356866186387,0.290689002622182,407.827934649669,0.5
0.0205026868639352,0.00472974160903644,0.80743810639743,-0.736120156845825,527.534654033499,0.0527759201447385,0.61343304593015,1584.36675727137,0.5
0.00967456817629238,0.00288466863124149,0.0521736917301256,1.09613537316983,95.6399083328231,0.118771586578217,3.3437626497364,5000.04884907822,0.5
0.0229161299131695,0.00592836093633238,0.78947407382899,-0.43641261615258,657.285675287397,0.0686191230873683,0.626569568922448,1667.72508900538,0.5
0.0096527213708762,0.00177896153018952,0.120537704756477,0.640901003718442,124.134691629152,0.0814299846403177,2.99754151265501,4998.45536041297,0.5
0.0114878299451033,0.0042217225899842,0.00367615467275484,1.41089831645156,72.7010382375476,0.10771515634412,3.26653840597823,4981.79938420541,0.5
0.00983872464049763,0.00217423342221384,0.0498577354729084,0.896871606583542,52.3946123318351,0.0453193615691628,2.63612312669273,5000.04884907822,0.5
0.0158648827794408,0.000826591805438367,0.611950536005426,-0.726295345744132,251.815760396653,0.0417754829423301,0.340989770282874,440.192794866753,0.5
0.0140018545944464,0.000502087528653867,0.647432026673213,-0.961712453524918,352.881083690979,0.0424565345254761,0.37971353118582,554.746697346092,0.5
0.00965663837125407,0.0027269088431191,0.0294823923131966,1.23006272342344,57.6720878804315,0.0907089972415616,2.84620968647665,5000.04884907822,0.5
0.0100517595601257,0.0032989871962702,0.35815845149388,-0.769495364628749,334.66128832523,0.0971054071750362,1.71527017947562,5000.04884907822,0.5
0.0152205852780127,0.000353928096020942,0.62245926974388,-1.0835047261861,451.416870963602,0.033359829025143,0.358177011555904,614.145461560633,0.5
0.00946764227365126,0.00215917243988751,0.0461827614451588,1.21519047844539,67.3401389869699,0.0887782739937877,3.09444650677448,5000.04884907822,0.5
0.0108365200214651,0.00345081334838643,0.0296133820250553,0.834636438984184,52.4179273931932,0.0844119738964916,3.45070425940032,4938.85429146364,0.5
0.00971973262354534,0.0018030349748521,0.134220673051772,0.713305400492508,146.252612607621,0.0949408765325822,3.04585647644982,5000.04884907822,0.5
0.0140360282773858,0.0019656637335044,0.448232626954324,-0.478318446252889,73.9090534041216,0.0246404608853266,0.175951234927148,186.337644855726,0.5
0.00917204795319041,0.00187195637185025,0.0186753179452309,-0.179262319726818,29.344071202727,0.0497690385325693,4.34937196322996,5000.04884907822,0.5
0.0207578936528642,0.00509078460630689,0.794052317652833,-1.06339376037915,850.366512412613,0.0543004770384552,1.05092537470245,3196.27900415044,0.5
0.011138176209636,0.00261179913177968,0.43079930115799,-0.709977188449008,475.765040093778,0.0543684507734948,1.70999411669822,5000.04884907822,0.5
0.00673130474700667,0.000771889871423073,0.325031132888903,-0.834467812509031,328.69291882097,0.0411935493769539,1.6055528450483,4996.53784173023,0.5
0.017662856006974,0.00214421720883269,0.726919555856124,-1.25988049402942,1023.56180704001,0.0566201103105458,1.53520790986371,4973.65960350209,0.5
0.00994444433681716,0.00273636471165491,0.111132273116616,0.116258348289087,117.468817271787,0.126963073557138,3.86878177972264,5000.04884907822,0.5
0.0165580281808959,0.00295257542733861,0.76152946594475,-0.4370244210147,576.243324970286,0.0634894860969973,0.472335677210929,1076.48370138896,0.5
0.018579957804166,0.00315078142394033,0.789019284510422,-1.23860787462757,679.709093407787,0.0375325227089086,0.862931257222091,2436.2690089098,0.5
0.0193287891622881,0.00189005950419187,0.737387145440397,-1.29199870567379,651.346663837919,0.0365764004717898,1.02698720569417,2645.4393726155,0.5
0.00970080107971004,0.0016246219097953,0.238890935577608,-1.04592147112859,235.471050678434,0.107644238798163,1.89519533791999,4994.12752364711,0.5
0.0173295723340505,0.00295728616812179,0.781772306053245,-1.12525772363249,687.116489666381,0.0519261411475922,0.685784537230154,1550.404041997,0.5
0.0122490088094681,0.00102500166368247,0.507424272917856,-0.956713549561268,527.374360703357,0.0429187974431884,1.60125353955101,5000.04884907822,0.5
0.0084413936969552,0.00066641859121744,0.239928269642707,-0.92589137746684,225.001082439363,0.0525370610832401,1.71544146219752,5000.04884907822,0.5
0.0147512038391071,0.00165080422991156,0.751094319573881,-1.03920994742993,477.534306117146,0.044575459104056,0.557406025837395,1120.33187730667,0.5
0.00915307746313506,0.00154903460976116,0.23337094516503,-0.84470135619957,227.339958469363,0.06727673673753,1.72352334695346,5000.04884907822,0.5
0.00576559665634424,0.000353928096020942,0.32870940716985,-0.937748980190748,284.534569464923,0.0444399101616684,1.5782753242057,4978.6077714716,0.5
0.013427079761116,0.00468117896649846,-0.0628064656908615,0.90448530365964,55.6431431800049,0.111571252279834,4.03293304404735,5000.04884907822,0.5
0.00846327965409332,0.00158453944611444,0.397590623280086,-0.848588995532066,341.307097610558,0.0762753333359337,1.59896997052435,4867.60283482859,0.5
0.0103613561360336,0.00302260378531032,0.0118800839615326,1.58988505942558,70.7374830181786,0.0969669766066419,3.17198010431142,4953.13521007068,0.5
0.0172804706649389,0.00251048284859053,0.782948426442644,-0.720449841576258,371.061627662787,0.0459190232811112,0.514868726827444,1079.6540090873,0.5
0.0179121918334506,0.0030660357284644,0.785115724065499,-0.935876566751943,535.876134343837,0.0461853526280508,0.586795098397034,1318.99435536778,0.5
0.0134478436106872,0.00286986278407134,0.475183697345127,-0.985549908974141,520.776540348179,0.0395076298068413,1.62645529924833,4998.28277329568,0.5
0.0146267323868577,0.00627217175059653,-0.0276441843448985,0.4382640870015,91.8185822431441,0.16339475609228,3.34938310928294,5000.04884907822,0.5
0.0164319248066881,0.000765982492674701,0.670634385424517,-1.29707003992914,938.075545667068,0.061670708173231,1.57885435417061,5000.04884907822,0.5
0.0163874104496503,0.00179740879938594,0.762164913206635,-1.32819164028307,527.410988104512,0.0401423066073618,0.879323006972951,2155.27185175227,0.5
0.0147035408030365,0.00149128446544892,0.65644490235362,-0.301879895737707,354.960255874782,0.0592453234623962,0.322394579452594,411.685606070204,0.5
0.0102601462365503,0.0029522311465779,0.0268419350835835,1.40617752607292,55.6592771771287,0.0812855221687784,2.82987481045112,4982.88835879443,0.5
0.00852784566633604,0.00232603523884302,0.321729115349582,-0.832479476680347,272.543719391433,0.0606539367084341,1.62854884627324,4933.28341320521,0.5
0.00951514624689255,0.000415199336374395,0.213336334427286,-0.572481904419521,207.312286639515,0.0403404217403658,1.69603235092058,5000.04884907822,0.5
0.0109094702009545,0.0014320155859855,0.1402994985318,0.167029050539852,119.417149082675,0.0511520614762609,2.60396032759571,5000.04884907822,0.5
0.0192151681525466,0.00512164515236462,0.803445721897977,-0.918464556755415,739.852868570779,0.0665168822596556,0.902931320999776,2628.44242076578,0.5
0.00848074941615225,0.000382950056482606,0.243174107001396,-1.07165019890978,228.617905161801,0.0485400463617593,1.54081472849211,5000.04884907822,0.5
0.0195121725525409,0.00422983892906734,0.805554130425197,-1.18203573203584,1120.57883718522,0.0591225012791078,1.42122500099071,4494.05526110226,0.5
0.00898662402150892,0.00152296126439897,0.0589708626033648,0.427088885836901,42.3917286569402,0.0416966389582134,3.82169246525649,4984.73882870004,0.5
0.0108827029191545,0.00302600272146595,-0.0431413738128413,1.21462479942652,29.8589962535619,0.0808797731224768,3.69858059584628,4968.09064121072,0.5
0.0147620633774399,0.00252801759157086,0.540324041571682,-0.804455641821555,612.662377050349,0.0713455019457092,1.32776771263337,4925.61161242667,0.5
0.0158365598021243,0.0022585005055999,0.781742132533161,-1.32441517294241,596.083601114661,0.0391183080280361,0.96329664897801,2478.70475571808,0.5
0.00919884468344455,0.00308922274953006,0.319435736686948,-0.960699051201467,310.09317644995,0.0900686809766499,1.79486637318642,5000.04884907822,0.5
0.0157102633000356,0.000487026402134157,0.52707345425583,-0.885284650690394,66.8063859750683,0.0297361648816115,0.177322000688395,418.611394613163,0.5
0.0122457072469363,0.00402165045235055,0.400654393214419,-0.866287112363447,400.127642993037,0.0536403525628997,1.61298339980089,4997.82436340474,0.5
0.00897681582770812,0.00139134165856035,0.0840621817721155,0.293239151911271,68.1970534007335,0.065085516707843,3.25353726086527,5000.04884907822,0.5
0.0106065769181044,0.00191383079872421,0.124939660815304,0.452180694630922,100.820328055041,0.04845519259257,2.90398217760925,5000.04884907822,0.5
0.00934074235962423,0.00321806248750177,0.328974145633955,-0.773023999164167,276.237974252322,0.0715061297737586,1.65659612331388,4878.25406504064,0.5
0.00922544105450249,0.00187795430981846,0.0809056632161923,0.187248999016954,73.7133891338041,0.0864220743002804,3.47173386619255,5000.04884907822,0.5
0.0146491633173073,0.00053451306846368,0.635719826736847,-0.888846546354453,363.105916842104,0.0400007351197821,0.329768059396428,475.929205561248,0.5
0.0105808421526123,0.00352525429285076,0.0131481456203776,1.43811290651347,73.2448751559888,0.104966896176561,3.02023891626158,4986.01013799997,0.5
0.0192923391312367,0.00471607610670152,0.7998492608128,-0.851612251452897,766.666508901305,0.061020533415601,0.716122672122703,1932.45062691528,0.5
0.00910524118792458,0.00168092938332408,0.0645421703919791,0.686494148071842,61.0655549885953,0.0670761340163742,2.72396513498153,5000.04884907822,0.5
0.0164264594257563,0.0034416231681697,0.806605407712788,-1.35431614398689,827.695586798752,0.0473555939777762,1.14379624274005,3227.95030727762,0.5
0.0184829934404278,0.00527390224679167,0.809353219134558,-0.722667708237781,821.602996260713,0.0762318940502982,0.785245384850884,2179.42332848958,0.5
0.0139301752736381,0.00108751278946503,0.493266975919474,-0.427843523546928,18.1931437012393,0.0336194693271382,0.156183931748299,150.537742994165,0.5
0.0191152080649718,0.0036348490154744,0.817190691960729,-1.36834372397252,1175.74580318344,0.0493853736092554,1.62053802767009,4501.89785912771,0.5
0.0200090820653667,0.00416886298332047,0.767067166104235,-1.1490778737505,988.97576056423,0.0628153944358485,1.18456268064573,3710.96928532254,0.5
0.0145612615300327,0.000353928096020942,0.630929704103555,-1.01766084258301,364.675913601022,0.0356333882111246,0.35514621867778,633.218897179298,0.5
0.0093225841556912,0.00168261984370185,0.154142293094396,0.216980317942686,159.722962792923,0.106614978344164,3.17738600044059,4999.72044935349,0.5
0.00956355524372732,0.0023045608993956,0.0290921294297173,1.59728304512875,73.3265544237183,0.100456448568268,3.56142933101919,4959.89894660453,0.5
0.0166745584575115,0.00131230706912029,0.749470084240399,-1.51827805689158,892.458198579895,0.0409009517848102,1.42949149854381,3737.55985998468,0.5
0.0139609884917359,0.00552087834930248,-0.04288343297475,0.549429980613372,74.5274189503612,0.152312812224789,3.42782524992141,5000.04884907822,0.5
0.0190047520492306,0.00179388555592353,0.665342600619707,-1.30682156959081,959.386629826594,0.0468214738360914,1.61655144752205,5000.04884907822,0.5
0.0101112025475053,0.00274642873565816,0.03346129151605,1.24972726116208,66.6130519443676,0.0955419023314816,3.14861187859683,5000.04884907822,0.5
0.0173893340276928,0.00164782668193409,0.744220747167081,-1.40619311828036,707.106354841984,0.0383063857256874,1.12320934124112,3098.60975231845,0.5
0.0183170683003898,0.00428724029712719,0.791692849804809,-0.762939311192366,769.641579112168,0.071778497576663,0.639211569948777,1538.53597704053,0.5
0.0111323847602037,0.00380784297571586,0.383274294283985,-0.791996210536069,364.148429863626,0.0650361361900816,1.53121796022656,4973.16312310824,0.5
0.0124799915652618,0.002221805074848,0.440111867502276,-0.906136116427764,455.19741071522,0.0550378715362046,1.49461091977973,4968.90965789326,0.5
0.0102139565326027,0.00126479627645826,0.171710419845666,-0.367925172267885,152.889078298044,0.0571504531459028,2.08295102434285,5000.04884907822,0.5
0.00996206329147615,0.00278075984999785,0.29628797030863,-0.976916775273683,305.583048604423,0.0957697714290593,1.78043359941758,5000.04884907822,0.5
0.00880730439508848,0.000985658494463646,0.207717425442213,-0.712616175595747,198.101736276222,0.0574751286535123,1.45491483841594,5000.04884907822,0.5
0.0197725473759283,0.00144492523950254,0.726915387654989,-1.43571619576609,858.152045120304,0.0329365453225418,1.34635682051217,3389.70333325927,0.5
0.0202169521945871,0.00317360021888737,0.746555943645369,-1.10914912654796,1097.35065970248,0.0619292945931402,1.45473384281894,4820.1108998067,0.5
0.00874776628140315,0.00247387465364369,0.384666182046209,-0.813479619742288,343.412803150761,0.068334193656587,1.53653272515558,5000.04884907822,0.5
0.0202496096370441,0.0046896308380141,0.757063542096633,-0.465043187084685,654.062732644234,0.0700504733477511,0.556350604037814,1306.99806221249,0.5
0.0158252535379933,0.00316698953507171,0.766961654520817,-0.225159965906838,529.46739704651,0.0693962018884507,0.463967643117355,1000.55601456609,0.5
0.00838168596796978,0.00105424888076588,0.407934347043048,-0.950685313651995,367.785843552266,0.0438279297565209,1.62905862294733,4979.93752796225,0.5
0.0170996904163336,0.00266977358353271,0.783693062115393,-1.49748124041412,925.741799513442,0.0419070848861755,1.36819260218891,3627.30577646904,0.5
0.00921550272110003,0.00131553608740228,0.0861716523553083,0.348065037225282,69.4633003068662,0.0562109078878455,2.95956514502609,5000.04884907822,0.5
0.0141457009451032,0.00212559348039492,0.792905075768155,-1.34385060861756,590.809674372835,0.0470857621172289,0.792327514969914,1732.94489044204,0.5
0.00945872651455475,0.00122970740148163,0.159222954649887,-0.888227995029504,145.443416786378,0.0866602995033691,2.92763455698533,4995.41984950668,0.5
0.0169568627730496,0.00220479777050187,0.803710918326557,-1.34180637302912,582.559789107479,0.0348146806499296,0.776258042369349,2124.35911786298,0.5
0.019098475251966,0.00315914837137152,0.677942565344578,0.0267655905351822,461.756356355787,0.0636730771372895,0.382932728819673,679.678994795369,0.5
0.00928576239174954,0.0021255745137253,0.0424740155954577,0.74992238480921,56.5465031637073,0.0892424954039087,2.95845515183551,4957.50836142415,0.5
0.0169435964354226,0.0036723379398508,0.794091399697319,-1.41427057981106,1021.51502629187,0.048973030491831,1.36260207680552,3803.93771734883,0.5
0.00908669233211645,0.00190418473325994,0.114456285756346,-0.07176403692796,115.117318063781,0.117710888709315,3.65195675224297,5000.04884907822,0.5
0.00943892917403414,0.00227228373843069,0.259269473150024,-0.86378164741887,258.756781128246,0.086964274744309,1.95303992688748,5000.04884907822,0.5
0.00891366665252969,0.00100842891577476,0.114138130983867,-0.365956757825389,101.967412006442,0.087300071929563,3.57820618916527,5000.04884907822,0.5
0.0169530641829497,0.00170778491573292,0.596193960489966,-0.888005849412736,708.440922145779,0.0594792696966996,1.40755182138824,4949.99268752918,0.5
0.0109219123587749,0.00125605701850119,0.430050920660917,-1.03927740352193,406.241376925502,0.0454509550444528,1.53330951731081,4984.33701241103,0.5
0.021450371215862,0.00185637911752816,0.694838495047613,-1.37156614095415,1036.19405173186,0.0411864106610688,1.68515011267546,4914.17303127835,0.5
0.0195919304872115,0.00479705947674193,0.780018157650819,-0.881105021690785,821.966676397022,0.0701755924871043,0.805975660174311,2315.20533649453,0.5
0.0147139620826328,0.000353928096020942,0.652845247662125,-1.03987852687089,478.269243784191,0.035170424074477,0.389997034196662,678.600882916926,0.5
0.00882374557706815,0.00176949637292518,0.236389542546938,-0.913953261291059,227.52995436407,0.0994336497722573,1.68266046558376,4987.80437780696,0.5
0.0116885570882766,0.0043733140146427,-0.0147440269044731,1.47622218079953,41.554702628413,0.0823956561111743,3.1023339285275,4881.66796533495,0.5
0.0164777338623154,0.00186816374009135,0.758597318265889,-1.30958525523601,522.829876349556,0.0409417818023941,0.669224755916318,1499.20733421686,0.5
0.0181310826641768,0.0019566679931203,0.630789296163515,-1.07803229763435,850.645631542709,0.0527417076299286,1.47522792410205,5000.04884907822,0.5
0.0147846750376009,0.00127425025586377,0.64564775346118,-0.355837632007501,466.645740306114,0.0650987129001,0.342088557736114,465.570009577314,0.5
0.020212254320389,0.00210996281385106,0.766354901636049,-1.4880746648526,1129.95359831588,0.043076412243767,1.69612485802194,4437.86404694398,0.5
0.0127687816628604,0.00522600162419578,-0.0173376930768818,1.3513931308558,61.4770284463858,0.107322651995234,3.00907406237843,4937.61715104649,0.5
0.0105049026498753,0.00150189809694611,0.156893934944866,0.0948410986250616,152.430202109726,0.0562020964867712,2.14810736522784,5000.04884907822,0.5
0.0134574129326759,0.000520179362425259,0.686302470161591,-1.05701194617962,546.461151757018,0.0372330815357335,0.517139636377086,815.989612005589,0.5
0.0106992348116537,0.0013702277938017,0.140370958841007,0.162816082821991,140.342163295563,0.0667346609436997,2.16092712321292,4996.96398818281,0.5
0.0152490985525678,0.0017702261619236,0.69321507338176,-1.18896223107431,936.736240053832,0.0597436084428717,1.53334077972438,5000.04884907822,0.5
0.0180681616020921,0.00283308666122092,0.755980396631091,-1.1689926772839,751.516675407068,0.0565887898974543,0.846393986273868,2223.21802168381,0.5
0.010086292858949,0.00293195843216071,0.366832510263832,-0.574170597700626,340.313221710916,0.0903943458577192,1.73122723239678,4984.42210356605,0.5
0.0133114455211943,0.0010535784703479,0.654134268267443,-0.670892878568457,310.827673850754,0.0497996274573402,0.352076715739439,431.9978904818,0.5
0.0101450032311464,0.00167499140460973,0.141232010576019,0.299798175899591,140.227756498971,0.0726142144977702,2.19607090655784,5000.04884907822,0.5
0.0106604353123308,0.00354180370103142,0.444436469163704,-0.750867865115714,434.600946592562,0.0859544779108132,1.47501314817439,5000.04884907822,0.5
0.00969283557076727,0.003945082895751,0.396425592149228,-0.771644112648276,363.686975236076,0.0851504947918179,1.58993777638483,4971.23556583023,0.5
0.00975990501843212,0.00185938911813888,0.0653232767254747,1.26820363116128,72.0374891426724,0.0657997684940009,3.27947039840485,5000.04884907822,0.5
0.0109521581196064,0.00179330591982373,0.129003805079007,0.223934393198026,99.214516416586,0.0437761311864816,2.96289151291591,5000.04884907822,0.5
0.0130736970081872,0.000814301226621252,0.700166780163298,-0.830310876305487,358.56492483922,0.0451478610510964,0.424136031144008,607.785710389655,0.5
0.0173954144526543,0.00237300231384776,0.766570998371778,-1.46266453057338,1134.6787041449,0.0520189076428835,1.74242525535246,5000.04884907822,0.5
0.0147381178783914,0.00207754664052504,0.702980754827449,-0.158712208769348,532.559384654288,0.0686460271728636,0.357093205783399,640.14303754901,0.5
0.00993418537233575,0.00186329949988812,0.0872834026258886,0.610455336568895,67.267556764996,0.0379948387703988,2.74742695327999,5000.04884907822,0.5
0.0116616360990806,0.00443620679149051,0.00123915913263561,1.12059917710233,68.5108930209997,0.117241549047154,3.22383599265221,4998.47235607419,0.5
0.0126407586121899,0.00492997355192602,-0.0520047212589396,1.03103586929261,50.6917785987586,0.0854684426894037,4.32032932460364,5000.04884907822,0.5
0.00913674990251355,0.00131427186432171,0.178237430368732,-0.87172319379122,166.545804830921,0.0929547710202615,2.57864344486495,4982.00365539576,0.5
0.00997032067990685,0.00129938723794426,0.173900382331781,-0.401795344510278,164.95870005987,0.0637847488072854,1.83043529643256,4990.0548172697,0.5
0.0181855644908257,0.00212759834550704,0.751232997630017,-1.27326479529371,670.327396625243,0.0416049605294537,0.91886062038547,2349.07150909785,0.5
0.0180438359702658,0.00325351029564482,0.754029458048595,-1.34021330160732,928.42656302957,0.0584910608719092,1.30180372479841,3836.4422472894,0.5
0.0169756357192117,0.00456331131350996,0.827990561608206,-1.19880785750252,1068.82091786524,0.0623311415204638,1.36682005710851,4131.0743736073,0.5
0.00750240206449297,0.00148726114375296,0.328040681445285,-0.308079915202441,296.774313116673,0.0426559348894385,1.91154232883617,5000.04884907822,0.5
0.00772867076079542,0.00175434161624283,0.338692153646609,-0.817116679956425,329.93195669848,0.0441044082757955,1.70437727535269,5000.04884907822,0.5
0.00974707325731875,0.00250673479125897,0.0637396540173539,0.63246152400635,73.7202047859757,0.101464335719489,3.27817930411502,5000.04884907822,0.5
0.0116543686279754,0.00439871305208883,-0.0117372282614007,1.43533556841094,42.5747965538827,0.0854706903851609,3.07902406699645,4970.86727613759,0.5
0.0196071495202659,0.00367265298562304,0.771078046211768,-0.806157516028417,604.153990162879,0.0532177972693633,0.576649044398235,1387.56437440997,0.5
0.00927336316840183,0.00172233369260225,0.15842488882113,-0.417694744842271,152.901668732874,0.100320863292844,2.77259011039825,5000.04884907822,0.5
0.0098079653770806,0.00100404916312197,0.183235222589027,-0.445833497102711,174.485070745932,0.0649053233492009,1.76866541871449,4972.01244746843,0.5
0.0221529016905591,0.00298992533389643,0.777978473797422,-1.43252895463537,1163.13074337127,0.0430537894163249,1.57203582099535,4779.34499757628,0.5
0.0131652253683347,0.00406942495365882,0.416014008069759,0.5300894109707,-42.1937478472088,0.0452278175312968,0.140601697739805,-70.9154126281355,0.5
0.00875145404009433,0.00135924392711455,0.0967449939783931,0.00207098848615378,92.4514438397098,0.099321988670933,3.51934181022073,5000.04884907822,0.5
0.0126754194164042,0.00499605482895051,0.00618570771933219,0.498412470115928,84.3192101113137,0.152655111574908,3.39028557953294,5000.04884907822,0.5
0.00866493118448847,0.001787113565117,0.0844416669961822,0.895381737759715,101.225728350909,0.11248582797007,3.4557641165003,5000.04884907822,0.5
0.0116634736949481,0.0044619503000375,-0.0452480163781873,1.2251373360226,40.649018494948,0.105466513127979,3.2903383905454,4967.84827665845,0.5
0.0190301177422681,0.00400902917127043,0.757920710926334,-1.08949898981513,862.131278757008,0.0677041053409893,1.07248830047997,3115.16613703616,0.5
0.00917816559344836,0.00199648346937522,0.05112201217631,1.62778704413686,92.2782778839143,0.10559163087438,3.7891044328749,4998.68066578333,0.5
0.00982850176617384,0.00196287127762631,0.112740999214613,1.21437816201735,122.056647771729,0.0825053884975662,3.23345400144322,5000.04884907822,0.5
0.0126091281338747,0.00220676821293008,0.453444733766001,-0.153341219224828,49.1575477161297,0.0299580079549094,0.153194839153948,123.067828570115,0.5
0.0232529594307053,0.00260538202686523,0.741027509718256,-1.43889019195898,923.221362730524,0.0328437692529258,1.2546310407874,3757.92413209718,0.5
0.0209846402543819,0.00460682926934735,0.80870379257036,-1.34353547151734,1091.40168938937,0.0423268183393572,1.38940763366424,3953.21975072296,0.5
0.0165775559645684,0.00257947507524282,0.795034380266148,-1.29281808127736,649.140488824418,0.0372741313201652,0.845617167453515,2239.77928611254,0.5
0.00867197737741826,0.00109599920111142,0.10089163479948,-0.319315155240947,91.0203250023926,0.0852347775841693,3.29879269321223,4980.45205988025,0.5
0.00928740312088715,0.00157463399834878,0.193443450356821,-0.507458360731271,190.379670492579,0.104349403864589,2.42503035209841,4983.41958131417,0.5
0.0198742570680964,0.00328099632754343,0.800501699739624,-1.04803297607589,459.683250225947,0.0378635264237584,0.6138731296042,1552.55565567129,0.5
0.0168470771580742,0.00363481610936264,0.766229475242634,-1.19879033245787,889.779089978181,0.0704580954695828,1.21628451843699,3422.67437396788,0.5
0.017419046074369,0.00142439632655769,0.703785644866476,-0.882883403587787,524.041263986631,0.0384239022444657,0.470456436405385,930.14279827426,0.5
0.0197180628481279,0.00522279590697898,0.809364029285007,-0.427490448770507,626.502757932765,0.0771058009613301,0.611812551801102,1504.8137493322,0.5
0.00883000726022217,0.00157908026687337,0.196993346487039,-0.436754566656517,189.499385110909,0.0938937321827489,1.98541502687029,4985.08766790983,0.5
0.00853026631642114,0.00124950394274148,0.246098348252184,-0.934938562015496,229.231770573784,0.0905445034281294,1.60472514575482,4953.85801695924,0.5
0.00742949440324682,0.00149748546975896,0.326259805136763,-0.894462856638666,313.940926698067,0.0464248426332417,1.67969613291577,5000.04884907822,0.5
0.0200944444714981,0.00220905960460161,0.748030053392391,-1.41754231387478,877.126214508164,0.0356412629587407,1.28119488432365,3341.27076444532,0.5
0.00816602735890336,0.0011513180465219,0.246357842414665,-0.577039429589116,227.768692713338,0.0383506416420492,1.53359079142622,5000.04884907822,0.5
0.019620627855859,0.003360916877783,0.753174325846179,-0.936697518773608,592.937619657024,0.0448501978107693,0.587130900674625,1346.10862692205,0.5
0.025229625905824,0.00409420514585584,0.758268432511727,-1.33922850540188,1023.00050957475,0.0353887189223026,1.23062543005156,3922.13575919922,0.5
0.0151209542570329,0.00288190792512243,0.784724791799449,-1.23428069225714,787.76457991063,0.0653181958649345,0.996477567270966,2884.00658413038,0.5
0.0114893507600007,0.00341415414957608,-0.00582955019233683,0.528395152861299,54.8825599942384,0.12754525738913,3.36317326930408,5000.04884907822,0.5
0.0147674991799419,0.000623218001100181,0.652690118592842,-0.844664856857006,434.837141902219,0.0408026319015708,0.361178408273458,557.990482171882,0.5
0.0172763444440511,0.00192440552795923,0.674589825363102,-1.07781236855167,910.213226636452,0.056532273963828,1.45172330455001,5000.04884907822,0.5
0.0152084776556046,0.00136259676691049,0.756757083912751,-1.36307159988251,618.37425014084,0.0370402909054007,1.02897786761908,2501.80139072683,0.5
0.017823470392946,0.0018673907938604,0.757348529680417,-1.48105894364073,913.791195197027,0.040056656325772,1.40080459851531,3576.84588090474,0.5
0.0120870536357362,0.00101690539004194,0.627073822791782,-1.14663685278269,792.943186469036,0.0637674836747798,1.54674960941773,5000.04884907822,0.5
0.0208004679218011,0.00363345681192704,0.774148034719413,-1.43630393452425,991.210957270749,0.0407777038619784,1.31425483330246,3888.67299581828,0.5
0.0142259973493229,0.00181207339296648,0.43218601571975,-0.582314976694143,129.391252151449,0.0214817768661349,0.140601697739805,132.158120868017,0.5
0.0128162755904377,0.00503805457497263,-0.0246494889839443,0.669740872499295,69.7956162893959,0.147009583103284,3.19452372452609,4983.16441235171,0.5
0.019397385938482,0.00528214734140345,0.805036233685244,-1.00519861205116,872.341847993694,0.0619337626540255,1.05185241319308,3235.36977591492,0.5
0.0146933327163354,0.00139249834256953,0.737145281713645,-1.13694197174075,546.126906695516,0.0417166155935073,0.56896348213821,1154.19940994862,0.5
0.01323859488023,0.0007044814964907,0.544439171696604,-0.739077775703582,64.2916234053068,0.0373614760337358,0.234680515168337,213.301148162343,0.5
0.0142134661505016,0.00714885742088899,-0.0149774451466756,0.535022131959272,89.9240771360377,0.152496247114421,3.18008027021959,5000.04884907822,0.5
0.0141410604272225,0.00196830305413571,0.486493109574357,-0.328087429633279,20.3619115585291,0.0335160457049759,0.219165943736492,216.971355877942,0.5
0.0150174781928407,0.000422504127654449,0.647335957257785,-0.985075558307516,459.523569022201,0.038799336441719,0.3881236595938,638.969992991998,0.5
0.0167652875663543,0.00264611272507583,0.785132429444521,-1.32301995213108,741.367394451312,0.0399778416616611,1.08762842065227,2733.46219073783,0.5
0.0200759381466533,0.00460191271039557,0.794144366585588,-0.946123397637946,749.418881176785,0.0515118221472534,0.746985661116927,2113.10491223131,0.5
0.00877086803727902,0.00120429217650385,0.208858742307585,-0.775276825501045,200.803013597361,0.0847172006169611,1.68470172510579,4954.98536114911,0.5
0.0223737537931414,0.00499735630520383,0.762767196506662,-0.88917161234136,825.359826277274,0.0555953914489763,0.789024084840776,2290.79279782478,0.5
0.0197206323752482,0.00294301213275183,0.761467242153246,-1.19294861287736,646.353151457698,0.0432153682277565,0.737985456627251,1755.54078784082,0.5
0.00865219119604129,0.00151201989030636,0.145993374373147,0.185830715217448,142.007825167879,0.117686418411318,3.68603453537745,5000.04884907822,0.5
0.0152906470372184,0.00188973515112598,0.600040516421366,-1.00353394615801,759.414040248918,0.0581729397865481,1.48507532694005,5000.04884907822,0.5
0.0144671643098482,0.00519424050686725,-0.0435093824845376,0.56637338431946,95.0656108206562,0.16355948773847,3.6708041835885,5000.04884907822,0.5
0.0165011429512649,0.000742893798295166,0.68597549911076,-0.874862325195882,563.031816920412,0.0390183916610164,0.461560369498769,901.163777747593,0.5
0.0108313776901474,0.00310126281781065,-0.0260609109877739,0.396382613162342,32.1338160183856,0.0988501808332003,3.70947362569565,4952.13373543156,0.5
0.0103266396510503,0.00201238763279332,0.430688897968445,-0.760403497137362,451.271244376121,0.0471194832982889,1.75172982785657,5000.04884907822,0.5
0.0163672569131139,0.00155303974012951,0.67670690793977,-0.450838469201103,523.911888078927,0.053927241415379,0.372423011069514,628.12906022808,0.5
0.0142464707112136,0.00099684901669385,0.605060013041498,-0.4942803389087,251.843984628196,0.0494966700010157,0.271672403950842,314.036300654303,0.5
0.00974292697641734,0.00298279580863103,0.282693623423858,-0.966557160671365,288.240071145446,0.08860031972556,1.59808354548977,5000.04884907822,0.5
0.0143016252638112,0.00679128830401969,-0.0163083954522813,0.48776417250663,93.3246560332687,0.1610168908265,3.18341751123861,5000.04884907822,0.5
0.0079628059218867,0.00210853645287817,0.334197534577933,-0.668221711070453,331.76873503313,0.050220748214487,1.6655701037951,5000.04884907822,0.5
0.0217969487952207,0.00281891260064665,0.715229040115722,-1.10662517996218,1060.24812152524,0.0557364070851809,1.43962005253513,4935.96963988248,0.5
0.0214340013437891,0.00530271541462365,0.77971736330855,-0.627359417193105,711.650458270712,0.0655048641825644,0.625739902401521,1609.13915374129,0.5
0.0209266791242113,0.00467524986438001,0.777772972874626,-1.03126168124578,803.354119604707,0.0539376438224394,0.895549249248263,2720.51800591594,0.5
0.0158470080531442,0.00265201521931625,0.757295924432781,-0.478002518095278,619.171692712239,0.0644189087896477,0.459973472322141,1050.64338019852,0.5
0.0141763806337406,0.00291934423229135,0.414461876663519,-0.350948142860079,112.792302610998,0.0214817768661349,0.162213807886686,53.0514229815117,0.5
0.00870699082394926,0.00160186986188948,0.078536820398687,0.368764851909243,78.7708493928616,0.0901953328554551,3.12890907726195,4994.7319174293,0.5
0.00870593902344711,0.00146262087057048,0.120738055823721,0.459097917453889,120.691055245559,0.104339026273556,3.58676723747304,5000.04884907822,0.5
0.0128255368745256,0.00467705121828994,-0.0373772174525588,0.678901548288033,69.0419515539637,0.15244351588725,3.17707755300214,5000.04884907822,0.5
0.0122526835377299,0.00148200296629135,0.567910626475572,-1.09546013096446,633.862087283845,0.0471939647685195,1.58038455049619,5000.04884907822,0.5
0.00952587200066494,0.00188934940047542,0.0651774894898254,0.448549186610774,53.9190501465072,0.0649102114100311,3.79454093864794,4973.0149082411,0.5
0.0129841296691556,0.00143893854143089,0.591531203529863,-1.06890442584629,747.589934013341,0.0628700141742942,1.55257011483146,5000.04884907822,0.5
0.00962009033735362,0.00237251151345793,-0.0105996088024182,0.491414149970035,24.8118445573136,0.065545822730719,3.94719372842781,4985.60815356154,0.5
0.022795392363741,0.00551634325404693,0.801865432757101,-1.0507787152323,1020.10380418049,0.0533426069634414,1.17624998768526,3879.11849070698,0.5
0.0217372167741852,0.00538999218858964,0.769717703174122,-0.653659788536594,776.353835666164,0.0663794098006685,0.672053378095524,1756.16854469429,0.5
0.0080683788217653,0.00202760304290595,0.377734513551063,-0.694039460440379,388.000792241234,0.0417837796107307,1.71085726911805,5000.04884907822,0.5
0.0094358136772644,0.00181646491171602,0.165898513860213,0.137109401652498,172.025110287802,0.105013133325719,3.01367139172554,5000.04884907822,0.5
0.0100058489833267,0.00368717872740407,0.329450578474874,-0.668020062449483,317.853791544679,0.0850308533120004,1.75363892942347,5000.04884907822,0.5
0.00870664382293183,0.00140796235924121,0.258571259418823,-0.801802954008209,250.696862785309,0.0696021802668883,1.76875083795781,5000.04884907822,0.5
0.00971988716337674,0.00192718443601751,0.117398914808213,1.1982608514635,134.145541106999,0.094818224409135,3.46735961759422,4994.07814016963,0.5
0.0105055015360702,0.00156830573391793,0.108049248668224,0.472857493829424,101.720136459936,0.0667052582098068,3.01435897408933,5000.04884907822,0.5
0.00924814497804062,0.00222105235380148,0.345317763395982,-0.812904811517865,322.722693833817,0.0547040565053761,1.57597743423512,4963.51848877624,0.5
0.0100156829829967,0.00283029729446513,0.0250136142147636,1.36638745307622,82.2324283702694,0.114453838196198,3.43657292956441,4988.16441633453,0.5
0.00999236797633571,0.0014972620583477,0.138717456427259,0.0668048742067777,130.983426514097,0.0746985045186612,2.54472176629427,4989.88623942856,0.5
0.0074452647931834,0.00191149266960334,0.324682461283298,-0.862899199350758,267.005956816586,0.0720848021435008,1.71478636526283,4956.09006287186,0.5
0.0131394380815127,0.00111803881455175,0.493315819302623,-0.131144027969484,-38.2766808892045,0.0467820103123647,0.192256982193825,93.0895297874467,0.5
0.0208157983671242,0.00349819926089475,0.793822838421745,-1.14550886723861,596.169461414924,0.032897343507997,0.72357703499632,2022.39784427695,0.5
0.00863912209947589,0.00104369192100289,0.238820347366672,-0.704922275780611,237.567261050697,0.0543144595597566,1.76286288212056,5000.04884907822,0.5
0.0147815445160617,0.00301375357665578,0.544723809039597,-0.767711080165779,625.015528040693,0.0760897284184184,1.37394242398033,4948.55631615083,0.5
0.013436868124637,0.00113234897173899,0.676572620357023,-1.2180082339019,860.45964618259,0.0504125278036189,1.55190245711288,5000.04884907822,0.5
0.0138794805148599,0.00281833655036153,0.48219505982208,-0.971889393526206,541.578887660086,0.046592652754327,1.52035882613625,5000.04884907822,0.5
0.00922798402566433,0.0017318382979544,0.0986440522241869,1.25410327192743,105.217669663257,0.0891864909682738,3.29794333396248,4971.57261816866,0.5
0.011191778913026,0.000930697880825244,0.560697756198961,-1.17413821645288,672.372009525772,0.0567942958904064,1.63742015595974,5000.04884907822,0.5
0.0208461812700238,0.00455662198243868,0.792090594344476,-0.521090896378169,477.70269150107,0.0542763633480089,0.519923178886332,1273.87496726173,0.5
0.00918736616839715,0.00299990652812374,0.323011631057545,-0.851785079309566,334.211379607858,0.0678591207441955,1.70139089068232,5000.04884907822,0.5
0.0149479135587492,0.00119524171470128,0.739469965599686,-0.990810457725511,535.384571999147,0.0414425171784483,0.497462555728152,1023.97949758611,0.5
0.0121591615640984,0.0050512581095759,0.0120176135442315,0.850791317227705,64.5367081614471,0.112558765989209,3.44077240462483,4971.87852128175,0.5
0.00847192068579555,0.00255938683679067,0.356293285139343,-0.819958571752055,340.386450832038,0.0737231994460351,1.64509786215678,5000.04884907822,0.5
0.00891002795412583,0.00132650069507235,0.159801463003665,-0.545919657301734,146.223621145088,0.102592177441815,3.23019444792017,4998.74390346694,0.5
0.00899901429491101,0.00146275097976772,0.191532103949044,-0.491415500795036,186.590209067591,0.0973113110419388,2.23713624705978,4990.57287482183,0.5
0.00939501957077801,0.00217907095770184,0.0486971220607904,0.808307959094485,54.3468304449009,0.0736045451865398,2.67761917970805,5000.04884907822,0.5
0.0156663349967684,0.00289121628206386,0.510276315586441,-0.945663453225748,598.288740754511,0.0401336614787221,1.61066149182123,5000.04884907822,0.5
0.00974401990724191,0.00210482568440993,0.0480872843673828,1.23564293657654,55.4078999837712,0.0628982203412756,2.67730942699403,5000.04884907822,0.5
0.0126547623736423,0.00185890296270451,0.75921666146551,-1.19878021077528,1021.89772350317,0.0815193884344741,1.49673954722847,4778.43600256325,0.5
0.0187859047406579,0.00156415000494367,0.730351052696798,-1.36442848353126,698.593875448805,0.0359215596868514,1.14401021855423,2989.62775698203,0.5
0.0131175262486254,0.00277581478547795,0.51077578987592,-0.839478692551843,550.365265586002,0.0682011811693823,1.41739746577134,5000.04884907822,0.5
0.00942743068885349,0.00200881311519464,0.116294436898954,-0.0120377866127423,119.99924161489,0.124822318620937,3.78237897943982,5000.04884907822,0.5
0.0159582233359347,0.00135341671783908,0.535946569174306,-0.171658097229646,40.9532627256476,0.0473968249065457,0.204056824224346,132.254871380991,0.5
0.00895540785959694,0.0019145691652802,0.264894118238272,-0.644602139157672,253.078086532192,0.0377927638666735,1.70119541767857,5000.04884907822,0.5
0.0118889393208742,0.00369739363004332,0.409796405059136,-0.852151156303169,401.999637377088,0.05806901505988,1.53622903102822,5000.04884907822,0.5
0.0181838358802808,0.00333734208726558,0.813899068947372,-1.1463153640009,592.875465520164,0.0392434842957283,0.731129490849177,1973.55931239578,0.5
0.00925182086347257,0.00115619965400061,0.131353622182349,-0.926658090473605,110.206176884903,0.0748638015167359,3.60674638634736,5000.04884907822,0.5
0.0210777589481689,0.00469714465667744,0.767162877207984,-0.85344820851238,748.350609617454,0.0654803686588949,0.756825667193398,2009.85520962184,0.5
0.0120184688745966,0.0011413024286702,0.50256898358789,-1.01257069648014,528.567180118784,0.0355836842522229,1.58826043994779,4964.60382520419,0.5
0.0186132323559701,0.00364095990719007,0.789458853979533,-1.14986168424165,727.715473614442,0.0467726356069339,0.791945164382431,2065.45629525966,0.5
0.00864733388884661,0.00223188392173458,0.34712970018918,-0.547551096320686,329.086250292566,0.0604832532856815,1.75582844478989,5000.04884907822,0.5
0.00883425697240165,0.0012327352842349,0.201445587634979,-0.589869785461037,191.685406831178,0.0856319226226,1.88820249205964,4975.57910636635,0.5
0.00928120611730965,0.00184688750668611,0.0619033300261289,0.693716511415893,56.1534321507287,0.0624606015768811,2.59326209823974,5000.04884907822,0.5
0.0124520105756769,0.000709888669614533,0.670636038290857,-0.858530004223819,363.325215997044,0.0478032309949717,0.386275228157342,501.747531645155,0.5
0.0101380858654503,0.00183677138424349,0.100087915751706,1.2667958516414,103.174249165235,0.0716744116543202,3.15959868929822,4996.55036225503,0.5
0.0212598650045048,0.00502406407814968,0.778044706170565,-0.789834357469802,795.112795104592,0.0607907262085162,0.714408351645299,1928.17304150436,0.5
0.0117208179011732,0.00369489510238579,-0.0552286313882448,1.29646710469443,39.0086211919929,0.0845275612888606,4.0639174427239,4929.09373612205,0.5
0.00798771137042054,0.000556133506923181,0.251517868851906,-0.868269958379945,229.658493906541,0.0466055552186612,1.6321750275809,5000.04884907822,0.5
0.0102043977236736,0.00195545547006196,0.0770070129182838,0.568223742422283,65.7188634250505,0.0478687717697737,2.72475932827846,5000.04884907822,0.5
0.0154558768717288,0.00172469316075895,0.639893700834285,-1.06026419511685,802.630734274786,0.0517249055060475,1.49226344670372,5000.04884907822,0.5
0.0222174928670488,0.00598004981752988,0.784533899879787,-0.661232537780075,683.356891618555,0.0720962669515447,0.775487584378154,2399.36716570497,0.5
0.00883132807844267,0.00293270398842213,0.328857307254641,-0.870743934981827,335.555134559997,0.0744576696309573,1.68282014186969,5000.04884907822,0.5
0.0140941372960538,0.0034185615652086,0.461411784388289,-0.884369500910019,492.983825243944,0.0516719033847597,1.49573420043252,5000.04884907822,0.5
0.0169286315021515,0.0011986699861039,0.731989668694558,-1.44927131097892,811.478696167808,0.0378080597088057,1.35611829783586,3546.98209550022,0.5
0.0210775370902579,0.00233629741677506,0.780209226929808,-1.21873087491576,1059.78465459404,0.0404133985662463,1.46032456101714,4511.34677712233,0.5
0.0159191758185685,0.0034096731767362,0.802990084464531,-1.1148946498688,1049.11949420004,0.0728250043442723,1.40101086034146,4520.50440112159,0.5
0.00941438921625395,0.00186059622087289,0.0742721296701538,0.472493385598104,59.6524254563337,0.0614740695253155,3.51410456543719,5000.04884907822,0.5
0.0102329510872311,0.00304181237961816,0.404359522867033,-0.738367747360294,424.856289701248,0.0652254649890344,1.62992050979425,5000.04884907822,0.5
0.0120907709495331,0.00105179024583586,0.647485505627618,-0.764738514610771,314.30899187383,0.0505261827017136,0.350218963912023,394.916581354028,0.5
0.02043437033884,0.00435665792234952,0.779846951246766,-1.04748707854359,781.323594570636,0.052246870891202,0.869979238610788,2545.40313906282,0.5
0.00918687590453035,0.00165240399516198,0.0873115258819685,0.0856518137661844,69.1566809513209,0.0542272605751761,2.74248840320012,5000.04884907822,0.5
0.0218047527746792,0.00482608104646885,0.80730583419082,-1.23696050911163,950.719582910738,0.0431856892102331,1.27956305710299,3183.90600311764,0.5
0.0191284004751105,0.00291458975374195,0.762760824515974,-1.42860725827232,832.014809153811,0.0369400649091769,1.1650641414501,3325.4152297319,0.5
0.00896889997129247,0.00158236399242656,0.197464576611401,-0.517586598598015,189.800913134312,0.0989310436415822,2.05201493755301,4975.86744875377,0.5
0.0094789235882352,0.0014664908028185,0.233292813964722,-1.04941581816507,227.145374530178,0.112656349176629,2.09370280950162,4997.29647044892,0.5
0.00899530830380744,0.00143199292115485,0.0750517058152136,0.382474383521202,66.305618172843,0.0725359566672316,3.07815433528216,5000.04884907822,0.5
0.0192627131609539,0.0052683974616095,0.807334934188642,-0.971244763682493,981.338482713168,0.066318729640818,1.2149666171526,3768.82368807028,0.5
0.0201513032110088,0.00448015237361342,0.838593560627699,-1.29260100634178,1155.72906724792,0.0479874172572719,1.48757427577093,4211.84132347634,0.5
0.0186536328113365,0.00304418640233584,0.776704988910012,-1.42611564029237,831.330259848823,0.0392338815929134,1.16801204343969,3354.1086399118,0.5
0.0130098537550531,0.00168691660983373,0.554439464690249,-0.93688641171494,624.273202263972,0.0612325422354886,1.40518601456556,5000.04884907822,0.5
0.0147228933020226,0.00127591109999868,0.74110805588354,-0.905763846539552,497.777130356244,0.0445452088961855,0.501623290909109,957.097733661657,0.5
0.00858819971098112,0.00116483636091648,0.24635030638609,-0.671107659714814,234.002281430069,0.0577603205568218,1.6257393606315,4985.10067742072,0.5
0.00894320835518151,0.00315799721819826,0.334844050198603,-0.732206475652722,333.689361090578,0.0586000634875783,1.76428452702319,5000.04884907822,0.5
0.0107836523677105,0.00166772433999692,0.111407637947728,0.591385218936696,84.8785639040911,0.0419653332918037,3.12194410328272,5000.04884907822,0.5
0.00760869780931078,0.00103208040127435,0.277651831073192,-0.695661540766325,252.796446419764,0.0542495829245343,1.55795712160105,5000.04884907822,0.5
0.0163265442211084,0.000938379640683008,0.628158790687385,-1.30630651275024,868.562097280685,0.0464983300067902,1.65088791001842,5000.04884907822,0.5
0.00908712474683146,0.00116601810111598,0.0840021386063569,0.372298066662548,64.7911529392853,0.0588172984103543,3.19979515712767,5000.04884907822,0.5
0.00974575579149926,0.000895942988754755,0.170686934305077,-0.614395786074958,182.105920593085,0.0717988823509991,1.90060731180465,5000.04884907822,0.5
0.0101309700622275,0.00293549973055252,0.0341365848931989,1.28688447495165,54.1020558561563,0.0703934486904592,2.78438903345811,5000.04884907822,0.5
0.0236486925851066,0.00469503047353576,0.788801746340813,-1.14206058425845,760.404228556743,0.0413065972304495,0.944587220309558,2970.51644983297,0.5
0.0110668032202968,0.0018116128568864,0.123049789036805,0.919042355588742,117.013737929536,0.0544400447049596,2.79109472905456,5000.04884907822,0.5
0.0154928876175498,0.00108218977100824,0.633866037257808,-0.426516609256971,401.86521801743,0.065167298508189,0.388728839251482,411.985906613952,0.5
0.0183179850183647,0.00450467788451999,0.772990785840637,-1.00774499311328,880.368281090731,0.0710435859543687,1.0101027542803,2920.8767174577,0.5
0.0132882115309484,0.000949775539444861,0.582022571492936,-0.584843251143066,154.28696195028,0.0464596994734264,0.27755316247051,271.696886134518,0.5
0.0171834002616178,0.00207272584179788,0.690079513582749,-0.263893475536881,487.464632452224,0.0560443989626853,0.364715622780932,692.182474371414,0.5
0.00924652200392781,0.00174607129317454,0.105569579037874,0.801849676689176,106.034996170208,0.0822282739980963,3.12818134102439,4998.06308285554,0.5
0.0101369580531086,0.0022781004180238,0.0525641707130455,1.01476185125263,45.2136011796069,0.0406566201496197,2.62218293719102,5000.04884907822,0.5
0.0140783795490285,0.00639312705820377,0.00521582663432058,0.33106231447401,97.1513620770747,0.163566880898366,2.97315708078884,5000.04884907822,0.5
0.0175318116838886,0.002244795926693,0.760933750562602,-1.03014600280573,483.285449550108,0.041160003622785,0.545116647401928,1218.164562847,0.5
0.0136971289619462,0.00516637742270605,0.448942759645741,-0.722202171184333,496.334667547331,0.0830347938289056,1.42572638093296,4957.55745638131,0.5
0.00978253977636887,0.000943218942192867,0.193686851423836,-0.752493817696112,169.808371207577,0.055072936297973,2.25160919034696,5000.04884907822,0.5
0.00914678499797449,0.000535139951382999,0.237486049436223,-0.862375685352138,249.054604431999,0.0904036477994601,2.08561927644523,5000.04884907822,0.5
0.0115858291081457,0.00420224711711644,-0.0545092664350729,1.30079876982717,36.8830484230037,0.0856060748817448,3.83164437026751,4923.31496641567,0.5
0.0157297722785625,0.00043314580004304,0.562348715705128,-0.892058267910038,131.84458321853,0.034139276299949,0.303861955993726,274.900991851327,0.5
0.0209688188275613,0.0033841594025575,0.806232535142762,-1.31871736885922,1154.54780038296,0.0455745707701624,1.56426680722058,4441.42676904385,0.5
0.0147904861217295,0.000892129645085929,0.622284205272955,-0.555193331227172,320.534394694374,0.0502209688637668,0.287147510277402,308.9838058807,0.5
0.00915738744014992,0.00166306555437814,0.0848493672878018,0.199442890561353,85.6005140789377,0.102662877263057,3.5864132568762,5000.04884907822,0.5
0.0204989515868108,0.00491632264038944,0.787467414309609,-1.00416437183089,775.44741550226,0.0514924076887081,0.85969018331902,2603.03253143095,0.5
0.0145751635601891,0.00524450964816205,-0.0410020372633937,0.495483231246922,96.5264938439819,0.163153714439147,3.70466366780748,5000.04884907822,0.5
0.00930514674712151,0.00163864022902076,0.157427171348555,0.01373914433264,158.506670772863,0.0864529952602912,2.43945421845589,5000.04884907822,0.5
0.0224389625153632,0.00377591602996131,0.774776682226702,-1.36751911706709,916.181032529896,0.03437225195314,1.16463487773932,3342.59289964607,0.5
0.00925732223276105,0.00129264253697035,0.187825201985706,-0.761963327555102,178.003663535275,0.0868404314470169,2.20289566362595,4967.60512646745,0.5
0.020250196750396,0.0040807542043458,0.830443927452149,-1.40137754473725,1147.74609329391,0.0479830446721197,1.55502351647426,4107.78737656094,0.5
0.0133332728796291,0.00157800422390086,0.745678928544601,-0.664652896762115,505.066292535959,0.0496572589594597,0.476871428892742,836.534945293116,0.5
0.0222450372083027,0.00585434601710719,0.793017374568943,-0.80671564779976,772.125257813492,0.0579934620473019,0.845279557250042,2562.44919664649,0.5
0.013459301509956,0.00397078028397148,0.441501680145671,-0.764289769979199,477.584889522162,0.0624707454911793,1.57824624853509,5000.04884907822,0.5
0.0122165574515697,0.00221836485358528,0.45656891573642,-0.852197787778959,478.042486404104,0.0481361310360427,1.55773976286051,5000.04884907822,0.5
0.0119180341063909,0.00404705425813769,0.393904766409559,-0.805377613747064,383.497733558015,0.061113349517562,1.54356473623575,4990.93471124559,0.5
0.0157469162325196,0.00356633644820927,0.514342108449119,-0.752841260392068,599.404768491391,0.0724259747436055,1.45469301203574,5000.04884907822,0.5
0.014973103878681,0.00241891888425028,0.410983264480227,-0.483112974161968,119.820015493063,0.0214817768661349,0.140601697739805,207.766148459737,0.5
0.0105133865600403,0.00104906408841807,0.44925256464562,-0.964373848599578,438.04971457903,0.0629510078310827,1.53120592525027,4996.46468470892,0.5
0.0135688324363192,0.00205931869286116,0.454602205650388,0.146272146126831,-69.1484897608066,0.0475687114252045,0.196826488988383,-34.7011668697278,0.5
0.00952174372497492,0.00221213267738446,0.0504103081803562,0.815817322935997,53.2601949891499,0.0718396824060817,2.82148042509578,5000.04884907822,0.5
0.0117516903083488,0.00305928486245314,0.420429211076523,-0.934359106842374,407.18768558509,0.0475064332882485,1.55767526605379,5000.04884907822,0.5
0.00933889077377879,0.00137958202968582,0.162162378323373,-0.612825562813069,153.005450518904,0.0892973613452316,2.40574350293599,4998.60426060799,0.5
0.0140651398515061,0.000780543095131588,0.532404008715501,-0.339601984498767,8.61243168840724,0.0456300516621419,0.217890856146865,180.775893538402,0.5
0.017845326819795,0.00376396467407296,0.791768916390123,-1.04705872977325,767.131642791182,0.0630066491459395,0.737167863048176,1867.95245784792,0.5
0.016301690168407,0.00219058697896775,0.760264166339637,-0.407220462310056,336.07784255245,0.0541247962387535,0.461315318832476,962.748825221172,0.5
0.00945108127209626,0.00175142065696598,0.0577852323058574,0.519945387979813,53.5578439599389,0.0598489108934287,4.10273974829786,5000.04884907822,0.5
0.0172186826855102,0.00325193144991269,0.550505317843641,-0.934503148164509,687.163077866908,0.0489929045135893,1.51644531340406,5000.04884907822,0.5
0.011972372847403,0.00453094696131824,-0.0131108470343757,1.5052044636686,47.0518730208805,0.0850188646455947,3.03268884963357,4938.11147408044,0.5
0.0167924964859938,0.00223212721003886,0.768146309025434,-1.29608516124461,568.157159780637,0.0431195076179552,0.710281188111545,1578.9316460221,0.5
0.0145824134952906,0.00171826374952848,0.795187735436878,-1.42968171757205,626.641985247884,0.0399672268842586,0.855855706330009,2127.81874325829,0.5
0.0131826985107669,0.00157925737216888,0.622639339420951,-0.293304568258315,205.929466395247,0.0607826766831729,0.313433311291523,244.627346826676,0.5
0.0134058877087082,0.00236643626557139,0.41883110889459,-0.422327581734498,141.204039859557,0.0214817768661349,0.140601697739805,228.890038542618,0.5
0.00930846084891786,0.00259509982576539,0.0512371055166887,1.23732606119886,98.5576111210507,0.119988885057724,3.50344253753092,5000.04884907822,0.5
0.012467214759421,0.0017977554577851,0.5031642275377,-1.02379088565547,544.447702680908,0.0355099825574366,1.63086344786317,4981.80663286926,0.5
0.00953085751754673,0.000632176490383465,0.194094787094252,-0.611164074665846,176.095370961838,0.0520881435460897,1.89636825721935,5000.04884907822,0.5
0.0140934738004403,0.00372135913876162,0.422716409951261,-0.9039456914838,441.376773583271,0.0440552111494016,1.57045220025753,4962.50901294762,0.5
0.0140128549407155,0.000633881225949613,0.707041189214973,-0.929609428133559,458.344715028612,0.0415442957106773,0.43851020868992,750.544324759845,0.5
0.0123957517821345,0.00453302829732711,-0.0437509005387926,0.760463582117941,51.4796070048635,0.133005900733376,3.27193747924151,4976.42864824395,0.5
0.0177377878861364,0.00258791550922638,0.716865489558961,-0.397853786041479,523.928093193712,0.0520742059901696,0.417572269451188,905.683227651311,0.5
0.016885969128716,0.00101302504198784,0.73508035663162,-1.33078757379039,597.285020415387,0.034835150139668,0.979105948516728,2288.27400094306,0.5
0.0151160277177309,0.00204575441599007,0.758119347959999,-1.30985752264086,785.464690486518,0.0529698557852946,1.17858073353088,3097.92031828699,0.5
0.0147589148821185,0.00192451246146426,0.546227406188868,0.111882065476966,76.6765211770516,0.0642699282527315,0.24089443552204,88.6013183482819,0.5
0.0108104910227263,0.00348040457051211,0.00694932687218985,1.4006505219966,50.4377352870318,0.0859391153171044,2.91259063756599,4947.20244130119,0.5
0.0085990268261151,0.00159596911550525,0.24044459417172,-0.788126320345855,232.689122611137,0.0782565499828274,1.59353624660845,4996.85885907178,0.5
0.00898497245690822,0.00125152750560151,0.131001703880786,-0.403188380895228,125.443899106421,0.103593275580553,3.31201878412084,5000.04884907822,0.5
0.0144034151320757,0.000597779219823036,0.595473863367476,-0.938870813006636,252.849368106434,0.0405143712679299,0.30367178133001,457.226001106058,0.5
0.0110139313750686,0.00129065506106518,0.16129514530255,0.120643102049833,164.066716870591,0.0510094455838304,1.78458158775147,4989.84135682081,0.5
0.015642177624721,0.00695472017799868,-0.0387631976653161,0.448978987077178,100.963243344114,0.16499572035624,3.56297125596258,5000.04884907822,0.5
0.011319257642425,0.00405354835967855,0.0140161378627569,1.09239198454895,66.4367449376973,0.111452784357553,2.94803455646118,4948.97436759337,0.5
0.0149434734350895,0.00329341489709665,0.479696251496031,-0.703293563144627,568.683060342485,0.0560447729523547,1.6703721972549,5000.04884907822,0.5
0.00947681213536745,0.00208650303003188,0.00968053969551291,0.496197201304453,33.5083626298509,0.0517106100580991,4.02079018357039,5000.04884907822,0.5
0.0123243254484669,0.00470149078075946,0.0135033510959565,0.532856078593473,83.7984506364515,0.150453021371288,3.3650492518671,5000.04884907822,0.5
0.009216812038681,0.00154999589484466,0.142518929737808,-0.187872040512205,129.823161553107,0.088574580817802,2.95075278924403,5000.04884907822,0.5
0.0164261077776215,0.0018829074661504,0.776787215514383,-1.37527722969432,582.819251659166,0.0423603882663509,0.806681288368175,1945.66174053443,0.5
0.00778639607668202,0.000648974088561241,0.249224073947567,-0.631716455892555,222.496789331234,0.0431489089983895,1.53518449952889,5000.04884907822,0.5
0.0146106029839345,0.00247611208331787,0.562536463603974,-1.01082572530966,717.788936256722,0.0597941078475022,1.56696089001877,5000.04884907822,0.5
0.0253671235874067,0.00545054275361525,0.743886514652934,-0.836424019402099,773.728999153739,0.0486415245092653,0.803733928067412,2263.83934353385,0.5
0.0186396746804896,0.00324194115191492,0.776906742238651,-1.31070210419722,815.03042599144,0.0383887414701143,1.1273594127004,2990.10632632591,0.5
0.00978241535125729,0.00328196969883627,0.330345377542853,-0.667899836824306,324.020968934507,0.0849427775893432,1.67100141245164,5000.04884907822,0.5
0.0125079548900934,0.00112760809668939,0.637475075704561,-0.673229395877017,302.881051299629,0.0497008959517466,0.335215539913617,436.662827478571,0.5
0.00928664111771403,0.0031354498761962,0.358602532849226,-0.795142401150145,370.329141726086,0.0606788632329469,1.71691965721007,5000.04884907822,0.5
0.0116098848613389,0.00429724399555028,0.0146477311160788,0.679299179581573,63.6402636634605,0.11869346480315,3.57492642296144,4985.84923365515,0.5
0.0134458927244409,0.000944046101852001,0.62544659021211,-0.767437420650481,211.491265329039,0.045603849831997,0.315294010392113,431.968366468492,0.5
0.0158191771018342,0.000928088563027898,0.658343687827193,-0.667175046482723,471.103686575649,0.0456564712414295,0.369567432341285,606.536078956648,0.5
0.0251427140627076,0.00356841823384205,0.78433546156902,-1.34086760846866,1201.9710571117,0.0388568515132252,1.55495870821846,4628.93853005669,0.5
0.0117895486530921,0.00464322594116656,-0.0187482039406787,1.14700076347226,50.4344836873531,0.11020267212777,3.21124819452553,4963.49417376357,0.5
0.0181206953974366,0.0026223829474553,0.765826491185516,-1.28591850643832,558.632906424213,0.0403070070386046,0.788055391853209,1931.91950776913,0.5
0.00994994592858568,0.00227586327981226,0.0576257836607699,0.790508870250783,46.973513858061,0.0498295567023531,3.17432894788528,4998.58593553594,0.5
0.0108600970942676,0.0034254001242511,-0.0146731876137069,0.927154721769286,41.3423585955098,0.102162791984791,3.45331991402829,4938.15252506398,0.5
0.0178296061885482,0.000771156326232081,0.723456322351539,-1.50284985523204,1050.05326449542,0.0467815087736752,1.63287210497881,4889.13050876533,0.5
0.0112126370554403,0.00144829747302698,0.138318750423222,0.329314159438711,125.980435825375,0.0518925044029802,2.44811345839942,4995.99998697825,0.5
0.00936691144475768,0.00138097166051996,0.142721217653443,-0.558028278571473,130.304307902664,0.0854318310287023,3.00554323308145,5000.04884907822,0.5
0.0145258182312432,0.00640760367063576,-0.0480304271266271,0.682518675056401,77.7812657396865,0.149228566067192,3.27525764204864,5000.04884907822,0.5
0.0159611292141629,0.00227779172488093,0.786881659386591,-1.29996939068851,486.886565367234,0.0426343138972139,0.682029458450004,1540.93178889206,0.5
0.00930853115984028,0.00225877790391781,0.0763806165876776,0.620679343931061,95.1099882570678,0.10911450263404,3.20510981580039,5000.04884907822,0.5
0.0132233447447518,0.00107982093864587,0.511651709838204,-0.965540742087361,566.344756378229,0.0344996612506481,1.59183045042492,4957.5032455598,0.5
0.0103483396476523,0.00117311248022987,0.157199417196682,-0.245043256722599,134.334658880761,0.0560928715885209,2.54899751965058,4996.80027974707,0.5
0.0112665868034172,0.003706242265683,0.0382114222005738,0.548172850814121,72.8968587288218,0.123710849064555,3.82239966044914,5000.04884907822,0.5
0.00951258210845933,0.000817486558135295,0.196336295909246,-0.710262862959441,192.464846301199,0.0591410234643669,1.80665497368468,5000.04884907822,0.5
0.0114894239894847,0.00472768791108838,-0.0324871413145409,1.12467745786711,45.0020765755913,0.094390559175193,3.39272184240772,4974.04374594255,0.5
0.0125806553883965,0.000921433613207842,0.74078838940359,-1.05265953854609,625.799801480507,0.0449045168426273,0.550119103850688,1115.77601027799,0.5
0.024152243522465,0.00274960532942906,0.738852358619461,-1.39443621794527,951.939266117481,0.0357741078260848,1.20727266365435,3925.48482990751,0.5
0.0107000452678052,0.00320779926952536,-0.0481572170904757,0.904821251084394,24.5999856185764,0.0758236180881109,3.93436324039344,5000.04884907822,0.5
0.0128756181110679,0.000833969440444604,0.587160776483296,-0.783852760167075,121.5735712363,0.0448725761221829,0.279994666132115,229.577078781489,0.5
0.00991834188340026,0.00280165035061722,0.0300533929202315,1.38778363195213,84.4151465063238,0.108423706215938,3.286174363695,5000.04884907822,0.5
0.0106465453687811,0.00332500102376632,0.0517728271948693,0.661824174271369,71.4420816925785,0.109642815091418,3.68560565492238,5000.04884907822,0.5
0.0213110953578261,0.00526410330305456,0.754338994707292,-1.06237972618916,949.958433566351,0.0612178503329982,1.16534130653641,3526.02012056164,0.5
0.012158681233764,0.00490425478727996,0.0144593783753602,1.02291008778023,88.2320262764364,0.127548357955871,3.44758081378653,5000.04884907822,0.5
0.0143158224212249,0.00070691738942118,0.710870416139092,-1.09369076415926,556.994476083754,0.0381928906009515,0.530689222551529,1043.47149821774,0.5
0.0109821803660609,0.00398851889145483,0.387753129547433,-0.809293986580967,403.985846765821,0.0623388741007328,1.64614407339333,5000.04884907822,0.5
0.0123191292259036,0.00247556520151963,0.426647313327384,-0.124699354310366,90.2225810977963,0.02394780275912,0.140601697739805,106.572603978464,0.5
0.00855864035632562,0.00259570873138908,0.308428290574953,-0.838631708822765,298.976553394567,0.068159351622684,1.74707515740366,5000.04884907822,0.5
0.00920504162467385,0.00131947065343165,0.0787605540603455,0.629785013313751,75.4483153251069,0.0761619229055823,3.15579652644097,4996.76430004226,0.5
0.0232269652208466,0.00491567160860557,0.821816269585413,-1.23070641552669,1087.29887931419,0.0426317821135254,1.38722491120997,3631.57562666028,0.5
0.0091989173160106,0.00116024025794738,0.146758410344076,-1.30270139843337,117.645412645127,0.0666588600343885,3.7105312888162,5000.04884907822,0.5
0.0212461557716532,0.00573501463150035,0.782870831390574,-0.640714986862506,823.568961048707,0.0706086940003364,0.763669347502254,2126.08764201986,0.5
0.0214858373960055,0.00574052692443059,0.780358893066192,-0.73561521901101,814.706226872776,0.0686398833810322,0.810778834989911,2426.09608026897,0.5
0.0134031264015281,0.00242609740290292,0.467559938870317,-0.0572599059737035,11.8921051873023,0.0351728421256207,0.207651019484868,149.454024897644,0.5
0.0118234264542359,0.00163472288965054,0.50017731690892,-1.06510080650285,527.258945925384,0.0430212108136487,1.58236656669422,5000.04884907822,0.5
0.0120731421745721,0.00129330615399592,0.484528311522829,-1.07253748757233,532.061716223612,0.0501489540051734,1.57415430879278,5000.04884907822,0.5
0.0109626517646311,0.00209110523409303,0.465991711258912,-0.169452222338427,112.517331578072,0.0344006814179986,0.204077736408767,237.146197569748,0.5
0.0195982953068529,0.00418661547902338,0.785333940636688,-1.04293253939964,731.212222751525,0.0521747723654743,0.788861714605007,2109.80928273406,0.5
0.00944705008040283,0.000719057750569857,0.194397384534055,-0.631640606380287,178.620155390528,0.0587289497301997,1.66338219861938,4975.09749853864,0.5
0.00957870879526107,0.00259644984237429,0.0244478518236556,1.29409269231358,62.131610233485,0.0972467991458748,3.00149353427256,4998.94890457624,0.5
0.00915713390307013,0.00187366531590816,0.253752048099514,-1.14267209202648,238.670086778594,0.109462162926469,1.71775318365142,4951.98237419979,0.5
0.0245376985802643,0.00190867202316313,0.769279960637407,-1.08066067623472,1044.83017464196,0.0400255693956922,1.27919383259287,4516.11633048034,0.5
0.00869573049672255,0.00207368946580455,0.0956143034248563,1.29697609636386,122.460942949867,0.120234012247764,3.93260448226724,5000.04884907822,0.5
0.0203690734566214,0.00576530047553593,0.790888337087326,-0.920086672981574,810.745492570774,0.0617446830419315,0.991640851317053,2910.42816042393,0.5
0.0230036199374081,0.0047513409159892,0.821633648278167,-0.814960838931071,1063.94045801671,0.0645106218788692,1.15985119410076,4079.9324749002,0.5
0.0100107114499297,0.00123656420598915,0.178141479872094,-0.659544658378626,193.920384358325,0.0995825578517334,2.20808336652824,4970.96197515371,0.5
0.00938689808915286,0.00187655309971766,0.0639290205508811,1.48289937094867,82.9969027194633,0.0884354407156701,3.47323386632905,4981.05322417732,0.5
0.0155176071750355,0.000514466248366607,0.588994661138819,-0.726349297917256,161.745811186196,0.0390205884898804,0.273765447618294,282.030653476812,0.5
0.00781238392200929,0.00159421243136172,0.372249911395591,-0.805725055591415,351.287948634706,0.0553358406891928,1.68392522005179,5000.04884907822,0.5
0.0135708698336024,0.00657546275432043,0.0169322652956786,0.47098702995368,103.690435552511,0.141240731641418,3.63449816499304,5000.04884907822,0.5
0.00883143223538662,0.00309109263850187,0.345027941453723,-0.894307755489777,330.022775419189,0.0686078589937419,1.73941597974943,5000.04884907822,0.5
0.011520216114336,0.00284373287624989,0.435637464788591,-0.844455931309421,426.806719487622,0.0613219779309359,1.49464980438697,5000.04884907822,0.5
0.0187854986243313,0.00165938636955351,0.688164572401857,-0.779261567081877,896.632192653049,0.0744378699670923,1.25112853125102,4754.02251100576,0.5
0.0125820990960932,0.00311666558912549,0.468480075543128,0.433572059311256,-7.89939513873418,0.0561109783057753,0.236979613798224,27.3969021161411,0.5
0.00735804942452508,0.00101746706838102,0.310564518844727,-0.587152091732998,263.289425362638,0.0388017154989565,1.73912590983855,4989.1928525753,0.5
0.0134126171398089,0.00169095298778697,0.606012452050619,-1.03042377869832,760.551392591044,0.0650408668033431,1.50533923782281,5000.04884907822,0.5
0.0089050069955507,0.0013507561768644,0.208153530865287,-0.696177643393672,202.961155906076,0.0863855150285224,1.80273067070637,4987.03499883736,0.5
0.00979502547214003,0.00209893896396316,0.0573632561466239,0.94426289052995,51.0550323882832,0.0492599884994559,3.65601630328584,4973.28145000618,0.5
0.0111226696287447,0.00358227903132709,0.0663940987247782,0.324247176745382,87.9356995857007,0.128692104210448,3.97231387030804,4969.91637423977,0.5
0.0110271631838428,0.00504914452182165,0.376171277496319,-0.798462182265341,391.01805159218,0.0850353843850916,1.66949368795932,5000.04884907822,0.5
0.0188974502320985,0.00339508061686244,0.799408423020014,-1.20618406013293,1116.92001089742,0.0546477606570275,1.43376086853867,4651.10693953078,0.5
0.0139986318597888,0.00723381925778855,-0.018588371158672,0.839672595070644,84.5047874468593,0.132705161149236,3.08636901949135,4992.96411859379,0.5
0.0177929646102392,0.00206339497767969,0.770646808077604,-1.34866339445047,622.454287691158,0.0377829299017351,0.854603755105761,2212.5168831419,0.5
0.0124969475171327,0.00311907028936293,0.453706056904885,-0.876205811737106,461.831873766568,0.0565102420186996,1.5380853294426,5000.04884907822,0.5
0.0114617913796094,0.00356967964656391,-0.0525949532892561,1.16828213119193,39.7584030829564,0.111564880075618,3.36886787926709,4922.58625038246,0.5
0.00917494981970658,0.00162239722461984,0.215887574591879,-0.717979376591326,206.777937547502,0.111090800948726,2.2523534407887,4990.46066246616,0.5
0.0195491502602502,0.00476629557772257,0.773508654901823,-0.559729469033218,727.377524112671,0.0765988060368252,0.595076890592746,1390.30567460578,0.5
0.00977016908999933,0.00230221318005611,0.289251360733184,-0.920174825911876,271.487492010493,0.109210564023991,2.0234650872671,5000.04884907822,0.5
0.0144240935427627,0.00134145601622795,0.747750569019186,-0.655615091049182,349.617061008963,0.0456596212080449,0.46435347258709,858.17444372435,0.5
0.00861569749488374,0.00116502234735034,0.213019164589705,-0.802216293136172,208.764564058916,0.0761768264454608,1.56765687897345,4984.52176488425,0.5
0.0156030270651041,0.00164856529408768,0.760346491405373,-1.35284519450125,678.937754606774,0.0435394325001627,0.979982269899164,2557.19899383289,0.5
0.00943124839404227,0.00234123283550201,0.00609134786877591,1.0170933278761,38.1363243983156,0.0490163139590107,3.87423083233223,4956.97184116418,0.5
0.015550915946834,0.00130461677833792,0.708448727700075,-0.694443959519402,504.732742002446,0.0429204822162272,0.417464767797208,812.960214658206,0.5
0.02336801035888,0.00217577037466273,0.724314622935039,-1.40312556557477,1120.35733751603,0.038145701423054,1.64198766947599,4648.40767423865,0.5
0.00991083244676069,0.00238443961914188,-0.00495575091418105,0.618755396726835,33.3743970938943,0.0833457879344714,3.74687885994543,4941.05359730146,0.5
0.0170462605456512,0.0022585310976195,0.716484480030512,-0.602536385997551,663.59552866583,0.0621628534383824,0.498242998481005,1026.40524274412,0.5
0.0194698386555304,0.00327082564653337,0.779159187313543,-1.05426795145674,450.235642988702,0.0413877872975518,0.629381013669447,1455.62982754771,0.5
0.0134014107300983,0.00106437343367213,0.594072399096324,-0.806707756052094,166.826641992668,0.0441270394245417,0.302116435818476,382.526103133194,0.5
0.0139466870987835,0.00159535051388315,0.467864750350205,-0.610105998088608,80.3548692647578,0.0261104949706369,0.176984544208511,261.388602586345,0.5
0.014781339029617,0.00192653040858999,0.522549957570355,-0.851738748977277,569.534333989931,0.0592343591039523,1.48546173053317,4995.95034975549,0.5
0.0100431540852231,0.00117641754234727,0.16217045438478,-0.321201935347705,173.814099917436,0.0715085556533397,1.91427998736882,4990.04809934231,0.5
0.0255695918745778,0.0035777819312189,0.776882191353974,-1.38807736689592,1195.7554793147,0.0362741291189047,1.55469115077069,4538.25138028763,0.5
0.00895040518952128,0.00174482571476013,0.123332729320738,0.724607003672293,125.475804290485,0.0993865757720513,3.33056687779368,5000.04884907822,0.5
0.0171555995281854,0.00283171910095102,0.809391571058869,-1.27710139173771,540.345026116642,0.0370691619340853,0.789873137112401,2004.85587843634,0.5
0.020550873528695,0.00267161262505247,0.758772489746646,-1.47297143320892,1049.31932352393,0.0389758249897996,1.4808110893748,4175.81687610251,0.5
0.0180932166030623,0.00318113123649038,0.769761393634977,-1.09741989429121,699.190817164112,0.0570006688369033,0.70979986744193,1644.67227075149,0.5
0.0131305379687125,0.00169630754718617,0.781526774612794,-1.28105050588085,543.94174688403,0.048477311084108,0.693407483216103,1392.66231158957,0.5
0.020109673298448,0.00279804659913519,0.754916101937155,-1.32061325358765,1093.26099476439,0.0558224291298682,1.52810117071518,4844.13300733508,0.5
0.0199336000491422,0.0030253623626354,0.702550702990981,-0.917551580574006,1002.55877248637,0.0680559333947758,1.41914664208886,4804.15946157026,0.5
0.0106911310097441,0.00163838208329467,0.139735076334395,0.334336035369903,136.563287474442,0.0611965276068291,2.30791613451162,5000.04884907822,0.5
0.00924606101383355,0.0018462415751953,0.161108111852555,0.0854832959407698,161.738908047912,0.093958023562359,2.62084896074921,5000.04884907822,0.5
0.0107841459202642,0.00324943118267225,0.0307366635395984,0.58926596681752,63.3090945881007,0.11634805927264,3.84057474188341,5000.04884907822,0.5
0.0120807432041148,0.00229671488627721,0.445881767511739,-0.197627322798281,92.7356587666325,0.0262736073453671,0.140601697739805,323.495968016847,0.5
0.0136933433401029,0.00209639222208781,0.435613300408703,-0.404185025717116,69.3441771035869,0.0214817768661349,0.140601697739805,198.838446949036,0.5
0.0220500925889368,0.00516565145956914,0.822794325248279,-1.19607631204185,986.015010277845,0.044792003903907,1.27401074065028,3649.05272460871,0.5
0.0119263666215739,0.00442564220307556,-0.0186662731370923,1.38322864980792,43.9018971218126,0.0914393309263726,3.15831309683393,4948.4311884021,0.5
0.0269743399287717,0.00357492629885662,0.763546824074154,-1.38862340699686,1094.5860413727,0.0325122319406207,1.35334844462193,4256.49654121267,0.5
0.00786537851202585,0.00105180345374251,0.29254384065739,-0.81469604650603,305.614796627507,0.047223519262913,1.72477861234984,4992.96052344917,0.5
0.0125960639724332,0.00131901239190358,0.518242758952025,-0.430629204491619,33.5405288292787,0.0404078741764455,0.214435004796481,196.304165958084,0.5
0.0213926747913683,0.00380073362015532,0.78984887881026,-1.47317189495856,1108.3662697721,0.0383475572892479,1.47084171973297,4074.15284443901,0.5
0.00951280639514807,0.00122654935524022,0.184216686088295,-0.61188854893295,177.470108965581,0.0652302779726418,1.75207698310452,5000.04884907822,0.5
0.0160171419288377,0.00132874404130552,0.700494212401728,-0.644711301934991,522.729602694484,0.044291963797385,0.405249611017403,761.249358919349,0.5
0.0235856931761737,0.00538111807406843,0.803259785572264,-0.849219677385185,1026.76934150356,0.0570374933561655,1.17393939435384,3850.42616640332,0.5
0.00949474937989948,0.00212567945658384,0.0662644089844551,0.67044686153417,76.2339564148687,0.0985339573641581,3.33795060700319,5000.04884907822,0.5
0.018485493489382,0.00276764754232649,0.774963305145496,-0.844717409271734,979.495541614775,0.0762150706432686,1.26214961902106,4344.90306504382,0.5
0.0151361879668455,0.000991929996925332,0.750574917243204,-1.4020144749525,721.55381942687,0.0407976279648722,1.27604928608339,3229.2200582998,0.5
0.010609610215444,0.00178433853923231,0.112006564232769,0.527720677556637,88.5313555619941,0.0453529973089001,3.03700666366957,5000.04884907822,0.5
0.0164746760026092,0.00268959929664921,0.585265204606711,-0.781363651440706,740.435780397212,0.0714219621137036,1.38255558761467,4932.30373404505,0.5
0.0199578913471842,0.00248456227603527,0.719226992029315,-0.994037602316138,1007.95422326937,0.0590183698657817,1.39561009135435,4859.28638749366,0.5
0.0117649882141285,0.0037366600309164,-0.0497976848669714,0.898046140967204,37.6378118720436,0.0788726084274163,4.14482122957611,5000.04884907822,0.5
0.0153053930740004,0.000839392893020364,0.5922639012723,-0.849628300183852,210.175280919421,0.0406283864228677,0.324505347915052,443.301354651403,0.5
0.0148363053927816,0.00162965283840578,0.627836263779576,-1.21257565414226,813.556252349263,0.0435476579314967,1.64561138717541,5000.04884907822,0.5
0.0130674023349934,0.00175577001189496,0.509063826318966,0.0546448290416892,5.52834143430869,0.0542667822510419,0.220077970565101,60.7356027766391,0.5
0.0109047368244412,0.00215040114998123,0.377367706714027,-0.83863988291635,317.653068229579,0.0583468415162596,1.47169808853768,4871.76043678805,0.5
0.0150726460149671,0.00300018591693776,0.824920359128257,-0.849150293149371,529.518094657102,0.0576951170009934,0.626385689339297,1384.92925967164,0.5
0.0119254454044234,0.003750567349436,-0.0311068727495473,0.376438492555706,43.9308761611632,0.125753483558113,3.29027629958631,5000.04884907822,0.5
0.0135899953962923,0.00610535879260773,-0.0136791267464747,0.541421490807881,86.9234258772034,0.15604899596215,3.15490860909714,5000.04884907822,0.5
0.0197735243599736,0.00389393799413682,0.771369511102895,-0.397153655430726,449.243579726944,0.0633474910828922,0.507867449826049,1199.49219358119,0.5
0.00912798597537052,0.00151422890305427,0.0535864048791203,0.52946567241967,51.0096056555515,0.0562042376340722,4.10264601273367,5000.04884907822,0.5
0.0191475354341974,0.00273062612427199,0.778689177964415,-1.05591658920354,491.340224177248,0.039912782639137,0.579552095735613,1388.2646372572,0.5
0.0153291783942339,0.00131764111047141,0.739977361352826,-1.31629525290819,527.352501757968,0.041145942364641,0.647737772423465,1370.55797425543,0.5
0.0147639568888628,0.00182651542019899,0.745748012114072,-0.836803330967137,671.636658762142,0.0547933473836049,0.524707078184824,1147.59995139272,0.5
0.00891827907695608,0.00156442369014661,0.373599367224617,-0.892248179551275,327.680335010899,0.0465420711929171,1.50169324213048,4958.81050598153,0.5
0.0145368108118411,0.0017981228298432,0.692409057661937,-0.250877397083502,399.09424146607,0.0605272256280429,0.386455730856475,528.761669601176,0.5
0.00891257286344106,0.00197658706046147,0.213766212702682,-0.81924016314524,212.726478554608,0.0973838315668857,1.79200761212421,5000.04884907822,0.5
0.00908206995301974,0.00193894216879615,0.210704174002244,-1.19148334170286,192.311342740284,0.112406448226851,2.77675851000301,5000.04884907822,0.5
0.0105843275258038,0.00237811091039561,0.045242600741605,1.5834616517037,50.7881528635759,0.0435889475974991,2.89439974865535,5000.04884907822,0.5
0.0136960852630329,0.00656418810222985,0.000932696705739033,0.627994583655079,89.6269963470039,0.142573025804503,3.32937046439254,5000.04884907822,0.5
0.00863207327539547,0.0014633739331892,0.118128582161785,0.486173777799216,125.440039698061,0.125628781046107,3.79632932779514,5000.04884907822,0.5
0.016566974671144,0.00406326765782405,0.787229678104126,-1.00847993970207,820.354685517896,0.0744662731777731,0.874607426406404,2470.27709299813,0.5
0.0188084193478784,0.00462482128462455,0.790839888596471,-0.885610886095734,857.044031402497,0.0677410500691217,0.79251705119305,2277.23584899201,0.5
0.0122894991922942,0.00507879794570979,-0.00410074621951584,1.12734791663596,66.1226834597416,0.113973559776046,3.15557363672672,4953.98302344507,0.5
0.00935501899989136,0.00208982661353119,0.124788232139196,1.33462143797663,143.757899877462,0.110576267643237,4.03462117143162,4996.82818798961,0.5
0.0108223144597173,0.00313963771959742,-0.0466889060064851,1.25782579708504,28.6680168939967,0.0811986892631126,3.66212021129321,4911.3055938546,0.5
0.0125107196391768,0.00202383772115279,0.593843957389126,-0.919328142325294,745.273605340459,0.0754507237045332,1.5063392958655,5000.04884907822,0.5
0.026357726515772,0.00426003890511161,0.776690960363824,-1.15461794935967,1186.62358607298,0.0425485213771476,1.4135627630888,4729.60643363055,0.5
0.0179959834320316,0.00344221617644019,0.800722271712051,-1.44103563549975,1158.56814756657,0.0520370017201191,1.56591806786658,4595.25222112668,0.5
0.00846127131469897,0.00148448759955467,0.319025086797116,-0.510380915941491,282.608979741234,0.0698250161729795,1.74071551131512,5000.04884907822,0.5
0.00983957554584448,0.00171874395061873,0.436942384486789,-1.08224158962081,405.478237462422,0.0375142325742741,1.59004900632449,4976.73701271587,0.5
0.0096360364397079,0.00134092419237704,0.0915645521718865,0.535294184090423,85.4716598195572,0.0732518375354256,3.18732951273408,4995.27335809162,0.5
0.0159555287332517,0.00174703024675803,0.712315031298126,-1.11906480682277,971.378431588992,0.068565193298194,1.45588583785791,4955.69692685376,0.5
0.0149250903022961,0.0014155022493549,0.745633105106998,-0.912980183163178,559.991250222668,0.0438299890115362,0.502256866859945,1015.45808713489,0.5
0.0181081820523586,0.00276165208980875,0.803542079665258,-1.26860557595067,521.559834849371,0.0346346271146349,0.708812502095273,1852.03248067815,0.5
0.017187598523985,0.00363721767588366,0.757049247398691,-0.113298328254357,534.442100143911,0.0778268343202031,0.442683564361049,1002.74516190338,0.5
0.0209387988517799,0.00165039529364638,0.711984605335946,-1.24294676383033,604.669729452879,0.0340161025733691,1.04087837563296,2573.85906885098,0.5
0.023938677446114,0.00615437624017708,0.764598067165374,-0.547695939490696,708.982820944939,0.063424474205178,0.624112065395438,1698.16950317033,0.5
0.0151057600141641,0.0022997984572527,0.766522730622194,-0.369566686712956,386.494411389404,0.0561345353421571,0.47466455176159,924.700662726379,0.5
0.0112391326811607,0.00390244597722455,-0.0336737080375953,0.400663131011596,32.0658066696122,0.0706355245488944,4.20012968525918,5000.04884907822,0.5
0.0113741948767123,0.00366498544644097,0.0262435351656552,0.581623672296635,64.4983873520842,0.111997883355341,3.5846012847941,5000.04884907822,0.5
0.0205116526608988,0.00357173595955638,0.774720705282642,-1.13523547091298,577.555370194929,0.0401325099709292,0.709551477524495,1774.18392141626,0.5
0.0128330987174371,0.00161261561388787,0.701674959522516,-1.39073909704537,993.005884368415,0.058582672752856,1.78944088343695,5000.04884907822,0.5
0.0100671471424108,0.0023753209345827,0.0387023690613709,1.07446626888205,47.6690038223234,0.0663657257145502,2.72004759989475,4985.42089386073,0.5
0.0116611655936762,0.00444583810911831,0.00309053494922001,1.2580855384696,69.2389716102923,0.111917105354651,3.13021713439246,4980.72949621916,0.5
0.0207495125735074,0.00176175888288682,0.747639996106829,-1.47602073520145,1117.06291489854,0.0422655445161597,1.6844382862305,4505.66316272205,0.5
0.0101172546119486,0.000817393203167762,0.176568264849889,-0.452858371675107,170.328880992077,0.0549416765251389,1.82708034325938,5000.04884907822,0.5
0.0187260666899085,0.00354439542644795,0.793748900606123,-0.925983170862362,533.136048426562,0.0452615946415533,0.595638106480468,1417.90602752639,0.5
0.0230143104313333,0.00612038609186135,0.771412095492867,-0.192127406897486,567.275513488637,0.0745157507627601,0.561631273859898,1345.98510016784,0.5
0.0188125481879662,0.00251614811872709,0.727328959787827,-1.33171235406566,1069.74131674721,0.0452386704562871,1.69957781037307,4940.81814462841,0.5
0.0190342630742532,0.00459594999089899,0.787621240457431,-0.693637699193524,664.501562948901,0.0701098032942852,0.604955936606195,1525.99364686632,0.5
0.0164877075280757,0.00104727706820332,0.666006476206378,-0.669082105093509,451.863966351216,0.0430167751517692,0.358393006677777,629.794042810436,0.5
0.0187331294638361,0.00129843273729728,0.713108998401139,-1.0105733283791,923.386820932236,0.0542556354763908,1.34181223480704,4820.94951749071,0.5
0.0117524800869228,0.00121412256094568,0.453682115208299,-0.974521720757956,478.637083704072,0.0607030345492638,1.57928571358144,4986.92514499131,0.5
0.0203732670260068,0.00404670756693985,0.797327458557342,-0.736622022153052,457.706869047229,0.0458268413969946,0.569708771552637,1340.10150377126,0.5
0.0204117082222518,0.004756038566481,0.8008951855981,-0.770959166424305,721.928910243644,0.0602296014391375,0.658612472385844,1809.41251523755,0.5
0.00894318592475594,0.00279840795127538,0.280002004577093,-0.739244690366505,310.10944569253,0.0612552861475561,1.66540957888989,5000.04884907822,0.5
0.0110210301034832,0.000808704121212384,0.663435812219054,-1.175256963217,872.377815331412,0.0768271110604805,1.59118229268203,5000.04884907822,0.5
0.0102780831484437,0.00288181812019843,0.0139286695994205,-0.392247727403926,38.8359794174752,0.0574658339216851,4.29920699267396,5000.04884907822,0.5
0.0101420148886132,0.00304398164921724,-0.0243546600033345,0.466381463973751,24.0822525710167,0.0619581101744474,3.99287040712315,4951.46993285366,0.5
0.00917838280995449,0.00183424638594752,0.159713356741995,0.39688892454431,159.86388185736,0.10667939363501,3.09657887399279,5000.04884907822,0.5
0.0110502960947133,0.00392433786658797,0.409098507694592,-0.81234298909673,389.577805629605,0.0657198511654569,1.52127749685658,5000.04884907822,0.5
0.0140714652234783,0.00222328185715202,0.605460814751696,-0.814042964520892,746.103759562931,0.0779572168939277,1.40378870388634,4964.28521105694,0.5
0.00967786518766581,0.00140966427557752,0.158803921358479,-0.326076453901021,160.897390516455,0.0902151251381092,2.21423319385878,4959.39986205609,0.5
0.0101890782108671,0.00326932609995124,0.302409679876855,-0.929227214363116,311.827153159133,0.0948717192982557,1.81979882895553,5000.04884907822,0.5
0.00836593096103139,0.000906542251372933,0.225401671129409,-0.78457240840006,216.660092990511,0.0688808827491206,1.55971217340555,4995.39769697223,0.5
0.00809571400053752,0.00183211213651203,0.356417763036475,-0.792190289694089,348.597014865233,0.0615755238205265,1.62717295093621,5000.04884907822,0.5
0.00898255736927467,0.00163727752879957,0.23246467273761,-0.836777565616761,227.605766966194,0.0852187250571972,1.67253117223973,4994.53659487289,0.5
0.0140834837023795,0.000616947966132818,0.678822403742578,-0.903492701988793,812.104894756135,0.0742652826641862,1.29895578825474,4770.73042093134,0.5
0.0109379050064711,0.00329780968087755,-0.00401651771925693,1.45454158286362,35.4859119612686,0.0623207215047479,3.22392600525204,4968.81600897921,0.5
0.0102178442890574,0.00267035708220971,0.0101778662661913,0.775081295323559,43.9624038893865,0.0919435635065753,3.63792938481327,4884.57379291267,0.5
0.0117599796650369,0.00430277495506764,0.444181399203499,-0.776749157073535,439.094175473821,0.0779236625286295,1.55945370543735,4992.40843264863,0.5
0.0101559092101831,0.00130319141796307,0.64683458917154,-0.642389497491435,236.468973290237,0.0572981677359009,0.339969500398662,441.705214737971,0.5
0.00940718281296396,0.000502159931996788,0.198388111417742,-0.683211481176889,185.406231476992,0.0570669620182473,1.55918499697912,4965.69069879259,0.5
0.013102687442277,0.000548782144968543,0.645748013698272,-0.917684067160192,392.650030446584,0.04218793111951,0.361849026424302,454.184653100102,0.5
0.00883474778401393,0.00161257735884316,0.14428441681505,-0.457083260051764,130.73091792888,0.102123385791499,3.43821485599825,5000.04884907822,0.5
0.0126939038180708,0.00439821509162379,-0.058942157964251,0.811114539971074,47.0541916101363,0.0965472802856247,4.262397206966,5000.04884907822,0.5
0.0228180860449609,0.0051603904651787,0.789397979891158,-0.784584049794072,928.412349391551,0.0643681192174905,1.09706805929526,3721.81853425098,0.5
0.00993903253305835,0.00142010176676715,0.247339468953876,-0.927287141506828,250.839921951532,0.108868669285701,2.21732739654546,5000.04884907822,0.5
0.0211938938467215,0.00552890815278992,0.7806526529432,-0.603765644513849,765.16637601043,0.0695278278279108,0.673643204898735,1722.1643566563,0.5
0.0151654294390956,0.000771578678688178,0.529014820323732,-0.703541951698198,50.9190835323618,0.0322108887078662,0.215587906444607,247.54949113959,0.5
0.014001096703894,0.00146923327239805,0.686558310257264,-0.60933936640388,568.327134511568,0.0553542183671992,0.405620703140943,675.707253127491,0.5
0.0114230437760152,0.00290795092097631,-0.0467441130211608,1.40879106968469,38.8054479143493,0.0799134675209137,3.88493669231862,4974.61906563212,0.5
0.016884306527478,0.00366151716536314,0.820585923396321,-1.26568705797509,687.460568820267,0.0442385111358336,0.992726737517822,2599.94567966425,0.5
0.0152887409505148,0.000612419217021731,0.740725091316563,-1.35431080667147,560.16170225476,0.0386116694263014,1.00994962586413,2398.9930067522,0.5
0.0106190246708511,0.00255717068730103,0.44460401174791,0.261305558411975,79.4052080345734,0.0426707801486728,0.189387693729574,63.1465622856058,0.5
0.019467815089206,0.00503844482689645,0.801866697453391,-0.563357216635513,679.25565032913,0.0684642850062863,0.600435282148301,1496.77429605375,0.5
0.014141076646851,0.00250143987522932,0.510683817555771,-0.798025859139984,551.327483400106,0.0731130039128219,1.40551289819553,4966.28567587543,0.5
0.0176458225247382,0.0023711841089465,0.768208089649702,-1.22926113197209,640.128207807351,0.049864590689811,0.727013984748284,1656.08009288412,0.5
0.0135429910502439,0.00168126679934664,0.779837682706383,-0.818013716897584,431.166546550613,0.0476029542042869,0.516690423063769,1031.49352572714,0.5
0.00997975738655285,0.0042377785653093,0.36236577777376,-0.80894636167962,370.121819225168,0.0882385239425537,1.63383068878294,5000.04884907822,0.5
0.00935090996679812,0.000548960233103496,0.215639968704064,-0.735241915057138,235.167397335823,0.0801060809379538,1.81490055853134,4988.23534894337,0.5
0.0114790754204537,0.00271022276620924,0.443536532845266,-0.810591766147437,456.607512902442,0.0574718693029153,1.69105240402683,5000.04884907822,0.5
0.0105379874987132,0.0014850364716895,0.0786993519812213,1.18284267478738,82.9482503263663,0.0613258886329404,3.33704751840409,4975.58830664518,0.5
0.00907936880547329,0.00172822414730306,0.212162298465693,-1.05013217050612,197.073100433121,0.106150841135856,2.34378567090341,4979.18397851149,0.5
0.0154132860742322,0.000815407501742724,0.687134517882769,-0.843683710615475,440.992913237892,0.0388241732029199,0.408436299321037,710.963650662612,0.5
0.00971048219608049,0.00195421657021939,0.0779670638740428,0.915141523739798,54.1739463002537,0.0390032793180698,3.28946712520215,5000.04884907822,0.5
0.0119490711911629,0.00134645637991188,0.474787377725989,-1.04838478755586,508.506215258608,0.040532786423025,1.58882512240452,4994.83155889163,0.5
0.0155013283263175,0.00188313079740535,0.537065315828276,-0.867520100391399,607.40919451584,0.0567525026339129,1.40147544016894,5000.04884907822,0.5
0.00839434052881277,0.00146637717658809,0.258957939695361,-0.683351094831966,238.266517024231,0.0682998633490047,1.69382909671439,5000.04884907822,0.5
0.015549101251811,0.00233531071757914,0.791460560000544,-1.03334233752223,531.286326767131,0.048220033239063,0.575995648040441,1292.42688343694,0.5
0.0130235611223797,0.000789478307325431,0.715993526766824,-0.904475374925528,303.635890185544,0.0443469676024886,0.464933214441694,737.361830425224,0.5
0.00945977137050779,0.00133181610597753,0.177082397861944,-0.65092144305092,170.169735476251,0.0879333685341491,2.10680301167783,4969.61916953745,0.5
0.029791197501441,0.00487487320357351,0.815076355668324,-1.03664703164179,1060.46016695998,0.0336505137379066,1.17176807170004,3839.80739969623,0.5
0.0152262450126462,0.00574777075781365,-0.0302057559239519,0.341680269516251,109.627681960883,0.168575988598038,3.85851653718735,5000.04884907822,0.5
0.0134144953168021,0.000623367947053558,0.631543722433619,-0.940560173776166,351.940541468827,0.0400210415156911,0.353368008515855,479.892960814941,0.5
0.00821706066302528,0.00117441211876298,0.230873745103739,-0.699915403095548,222.428680263198,0.0495961462421318,1.43288101255119,5000.04884907822,0.5
0.0129130090349935,0.00509176196280483,-0.0558584425696241,0.547141131198958,46.6422884432534,0.122350348631769,3.52954698737804,4995.01140844477,0.5
0.00995742666912156,0.00155180077897945,0.0836198517645343,0.841486042571442,79.0828268301556,0.0666806177887429,3.04058206150223,4967.98060437523,0.5
0.00967469272615545,0.00143613506458914,0.166116213690292,-1.31399808298084,134.015254960446,0.0604943672317572,3.51915414846745,5000.04884907822,0.5
0.0129674555050092,0.00479061401663677,-0.0702164108346494,1.06408925800311,51.5752502275749,0.125905884164154,3.54978801696191,4984.21271821522,0.5
0.0183297897827976,0.00241004354506765,0.768447383424574,-1.29012667036726,561.242741928236,0.0372651028816267,0.757096616947425,1848.5170418967,0.5
0.00967055999730553,0.00204860292854145,0.0582695412914327,1.40685783792585,73.3458134031625,0.0698595783707931,3.44702586535579,4990.201213615,0.5
0.0232469385423825,0.00603117616665308,0.803552509512644,-0.769010737278152,915.712238191313,0.0611262260876837,1.0364572910247,3363.84147800136,0.5
0.019213733481788,0.00293553991780107,0.757409650088847,-1.18151368224909,681.073897750575,0.0502065440610282,0.789361908242416,1913.06918947119,0.5
0.0147038827291645,0.000786670442754511,0.664837980146926,-0.667045092128838,324.781679078851,0.0466547553623106,0.345449868344809,468.701072465821,0.5
0.0124086031584272,0.00241387415030615,0.459435649219818,0.028170831123494,22.6087023565626,0.0384637552262452,0.197770428056055,73.049161404525,0.5
0.0103023532510826,0.00188557792563797,0.120265588640996,0.829978941419542,138.796519955776,0.0829667099542194,3.02259157190365,5000.04884907822,0.5
0.0115074509630745,0.0043336484663387,0.00286947184385211,1.33165672874869,47.3298334388281,0.0845362102215924,3.03180993300758,4913.57941367311,0.5
0.013897637970827,0.00597317723904702,-0.0336455593805662,0.631253581199651,89.6410763264838,0.152784443061585,3.48639188402841,4967.63107670942,0.5
0.0125450900996724,0.00204436419468011,0.476109244917027,0.0596830130352183,-1.63508837691791,0.0440710798593976,0.188584057974435,78.8901076325283,0.5
0.00932021194889715,0.00177068197846918,0.0565897212125049,0.577571071925433,43.695861157612,0.0483988373541087,3.19669228715157,5000.04884907822,0.5
0.0202615041194462,0.00495447543875603,0.796056794573742,-0.313349826271208,531.089261911496,0.070658830403344,0.544117174243551,1269.43197047064,0.5
0.0201471187990075,0.00261121066832737,0.72776492388272,-0.787473509108419,359.892446503966,0.0344065140880218,0.477140568242106,1077.33671622294,0.5
0.0215782943805639,0.0036796269832218,0.803636399015852,-1.46147546380326,1206.89300459662,0.0430824060779079,1.62770811672187,4564.39808351864,0.5
0.0104036100738091,0.00310618958930473,0.0265526047125544,1.20790155097386,50.0888219654722,0.0817451916139283,2.85727816266879,4988.37066467385,0.5
0.00959002550516459,0.000634384246385863,0.377027622838808,-0.962477506684279,294.992720974621,0.0468608445274867,1.48048219761512,4895.32802542766,0.5
0.0137211569390674,0.00117351351475199,0.599153947478819,-0.345192555831076,204.887468040811,0.0571914354493768,0.26927844355001,229.159823156631,0.5
0.0210597108562129,0.00222347207629615,0.731744154337,-1.20486441590714,1034.23592012594,0.0395671559105281,1.51804658244669,4824.13186776452,0.5
0.0203716115020439,0.00470447250899186,0.796218266918927,-0.782472736463959,554.751204596063,0.0515704024007639,0.612492029791137,1535.33318494319,0.5
0.0151827735865046,0.000819077297971232,0.694745009050664,-0.900649012187767,403.068792590636,0.0391954309081914,0.443301175122557,799.057065309877,0.5
0.0107135658729802,0.00355648115816557,0.0932237070237392,0.350674796060027,112.572830437084,0.13385479694945,3.92732771798163,5000.04884907822,0.5
0.0131086038252807,0.00143217947192042,0.626947590795353,-0.429787085547051,194.837796472414,0.0559624069183583,0.336027269187336,340.260777241407,0.5
0.00977001216550023,0.00341670956940996,0.357525802592742,-0.656753667542946,371.79428870251,0.0625735768908646,1.71250778658132,5000.04884907822,0.5
0.00882567593631676,0.00221269505848896,0.27627306717476,-0.856084023174616,274.659186347059,0.0755618245135114,1.45235074543597,4984.79464143287,0.5
0.015180166736989,0.00094798410744529,0.584511299341802,-0.665453390072089,146.804314775707,0.041312389899465,0.301038865546795,403.537759483675,0.5
0.00780854702424934,0.00115468237186265,0.382545404768213,-0.850916322240045,368.584683415775,0.0442129190833128,1.67447088444305,5000.04884907822,0.5
0.0219382184838861,0.00440045628791628,0.823678928845682,-1.10915509039521,1044.25058490731,0.0501731664372363,1.26717804409007,3961.84922559864,0.5
0.0133157783210691,0.00206898085019122,0.455612592095385,-0.0928517401097103,-20.8561376596164,0.0349444256962061,0.181929412540146,2.3135921638559,0.5
0.00890600514466955,0.00194376085245261,0.255207497210574,-0.687124487727691,255.334662119204,0.0576171429193971,1.63413126518348,5000.04884907822,0.5
0.0190200425063442,0.00422429743844496,0.766126764314535,-1.12054739055051,873.443809404994,0.0624077096964411,1.06817440267175,3164.22826523108,0.5
0.00898016937660461,0.0015735404231701,0.0857857525331691,1.03296990952435,107.846864063282,0.107220618260643,3.51879636553973,4992.66228393171,0.5
0.0238022317779012,0.00543516914697604,0.762425261415059,-0.672094538484104,611.761268738206,0.0527486163322866,0.644946618192054,1605.82810476592,0.5
0.0188815475746066,0.0034962116554836,0.737305447109747,-0.181302416235577,411.984858329067,0.0570552813124741,0.440036610151048,952.511703695151,0.5
0.0144025989910397,0.000842153765077899,0.593949727497516,-0.45049071716893,195.26925508416,0.0533752108240326,0.308007388421236,382.378651023113,0.5
0.0170481234583776,0.00212910734860788,0.631990424951912,-0.915840465014061,835.915688520397,0.0645808949157396,1.41572563944971,4970.01303391384,0.5
0.0200636410350422,0.00404109446702986,0.748481804237874,-0.970544545990063,773.189512063489,0.0674004240058241,0.86227987630678,2348.76780359075,0.5
0.0159723738812965,0.00270538776876541,0.721675257644784,-0.0806786951875595,493.360529520245,0.0698769221147744,0.4058978930918,751.083682852789,0.5
0.0105421203024645,0.00266304125008705,0.0379621430448733,0.444915407191989,59.2989175127719,0.100054566300503,3.89407156554939,4991.25691636756,0.5
0.0166732370799832,0.00194259969300426,0.749619504807757,-1.46282146766065,970.554655762345,0.0411504368276739,1.6239391926014,3990.22140873227,0.5
0.0106029962276063,0.00297631943901405,0.0211728292444784,0.62397845477556,53.5498370637417,0.105214780326041,3.81137043459757,4960.20504387352,0.5
0.00980449956898517,0.0014140183368863,0.188742959663317,-0.719271782017957,204.904012219543,0.110878566859719,2.88561381039103,5000.04884907822,0.5
0.0198766889301573,0.00129406812065268,0.728089249410881,-1.49890501565602,1036.18678803919,0.0453925210769927,1.55454046747068,4773.24940815372,0.5
0.00921717755090221,0.00129429665694421,0.221562072466209,-0.996804692819026,221.679467135139,0.0993026747520708,1.80518902596493,4975.53010849499,0.5
0.0073460563064385,0.00080178574010103,0.300430435926322,-0.884853667914534,279.33715058952,0.0410126922799426,1.70273989522383,4995.09895887281,0.5
0.00766610229141798,0.00122289478757969,0.281539422758673,-0.606449151640179,261.143242516585,0.0472591078745587,1.57892652729834,4979.06886318076,0.5
0.015920984870806,0.00419722926989504,0.468417189618802,-0.782689269892272,537.702912528304,0.0564215424265816,1.51859794729277,5000.04884907822,0.5
0.0116685663747349,0.00381472327875249,-0.0147209328686357,1.33224765473846,52.3500116982331,0.0984896963224019,3.08973674171971,4962.2107433315,0.5
0.0127740950491803,0.00168144741430902,0.470865435212917,-0.127399160534658,-16.18900431757,0.0377682563204183,0.154248351579531,102.989374261564,0.5
0.0135364561082575,0.0017442743342698,0.499658112612585,-0.506161764688206,71.8962386604255,0.0344503043388791,0.273565241233556,236.388657809428,0.5
0.0136899844426309,0.000485005248537947,0.642530162312728,-0.895043176673547,414.749753476789,0.0415222520772284,0.349208970390603,477.669774630231,0.5
0.00925815423991529,0.0018145937897179,0.0782632395012139,0.266463377053702,61.8322476899411,0.065144796619051,3.78578506824609,5000.04884907822,0.5
0.00986475042062683,0.00249210951183556,0.397961871879473,-0.746816984723645,410.253385717508,0.057242408705068,1.77468856302167,5000.04884907822,0.5
0.00955211294595998,0.00173508852667253,0.158771821730239,0.114109522395825,169.375619466471,0.101770514961275,2.97864347304948,4995.26180189406,0.5
0.0142079427926977,0.00147433020680635,0.572324568859303,-1.08792060750607,719.556223608196,0.0551265285910845,1.55784316635794,5000.04884907822,0.5
0.0152569064597255,0.000772722713547069,0.671362716598242,-0.680018214394804,549.28031429901,0.0485813691245364,0.389454836763589,698.467193011759,0.5
0.00834584762957933,0.00255740491492343,0.312738208871947,-0.897494067497236,308.956587991194,0.0800703916885595,1.77023192166961,5000.04884907822,0.5
0.0156324511912958,0.00388866535726889,0.778097096733539,-1.11210960048878,913.647932626268,0.076911407503808,1.18460974051808,3248.60781173473,0.5
0.0171695321066242,0.00164148613732351,0.725694174556574,-1.08649479768725,562.248758837602,0.0404933414456333,0.578455988332071,1230.17921004445,0.5
0.0146109303953275,0.00165650636035601,0.449803615498193,-0.637842939495272,97.9061969358508,0.0216436795543576,0.140601697739805,288.266641865202,0.5
0.0114056516437246,0.000353928096020942,0.493489924755932,-1.15483341466713,537.3143609915,0.0486079540630495,1.61567377789461,5000.04884907822,0.5
0.0133377544134318,0.00170709243906899,0.524504258590759,-0.212728683851571,24.5856555501268,0.0447819323616228,0.228380292954715,203.682670151423,0.5
0.0118117890995515,0.00116321471393935,0.505789027298785,-0.446072664743063,52.4997445748272,0.038546038347661,0.193272059295147,211.850362056207,0.5
0.0090409434638503,0.00111871505973355,0.199081212936938,-0.513707716475761,183.085490136263,0.0637329685895244,1.75099025306561,5000.04884907822,0.5
0.008530661411638,0.00155431211290594,0.151955866829257,0.438544131142088,144.653443741849,0.112864965309266,3.47698184851685,4999.14482684353,0.5
0.0156389013375861,0.00155818263007438,0.778988322361391,-1.55812941150667,1101.82953577485,0.0497180117663911,1.72051484173379,4495.00421870099,0.5
0.0089875041869213,0.00200875839824262,0.082431170548281,0.497639368312113,90.4124062279034,0.108105144186762,3.40121860157859,5000.04884907822,0.5
0.0260326242636752,0.00231786933070125,0.735299581306754,-1.44573296502498,1094.73649420685,0.0317691005319181,1.49696815696928,4365.0998383013,0.5
0.00913484110449786,0.00343392386634247,0.354908911473314,-0.894287901318613,336.617090950508,0.097131563226522,1.76363528456026,5000.04884907822,0.5
0.0109943824877886,0.00308797995419003,0.00792772748614085,0.550545665556124,52.6376079129464,0.106603373588251,3.57751568965541,5000.04884907822,0.5
0.0198144199241271,0.00436408633872402,0.788919761583697,-1.07735985878095,746.153055334238,0.046993110214107,0.865764465309927,2520.83945863229,0.5
0.010911917523883,0.000501403702501774,0.611875406009694,-1.01153265407999,761.333540017031,0.0822169419041655,1.491784208713,4981.80334606809,0.5
0.0115167876697322,0.00370884632406337,-0.0404055950443748,1.06980573215039,47.864188715369,0.121753401964665,3.33830105303283,5000.04884907822,0.5
0.0153885707981749,0.00273021920466973,0.403800833209071,-0.458354194189452,113.408564774491,0.0214817768661349,0.140601697739805,85.9075502503993,0.5
0.0110829022800676,0.00371215648117707,0.00968192459769635,1.22565394827019,47.322905529434,0.092332012080569,3.02370594882075,4937.84295687921,0.5
0.011310034643476,0.000353928096020942,0.553105728657193,-1.11359261801648,594.330143100552,0.038769253957263,1.54574105120052,4991.64754201961,0.5
0.0098535256213601,0.0024341947131687,0.0372117024683091,1.39766867605792,51.1058740678861,0.0590959783427317,2.81477766630952,4992.24034166638,0.5
0.0128169898317899,0.00346310665415993,0.477155814911458,-0.833604045006752,500.63792810964,0.0671479655815305,1.47824301995465,5000.04884907822,0.5
0.0143505613000282,0.00109650000036468,0.592990353693103,-0.804599422505943,658.055162396797,0.0779016693235066,1.25951292821304,4877.95132249648,0.5
0.0094386568174721,0.00251482982925065,0.396059620090328,-0.636522410624168,411.155391568708,0.0566855815650848,1.69854408007944,5000.04884907822,0.5
0.0149348433193008,0.000728396830636983,0.558698804697306,-0.739031401099967,77.731757750592,0.0356917325769821,0.215123420191247,296.388176052734,0.5
0.0103555934211702,0.00216271828692368,0.442968345942492,-1.01789541223056,415.449733625375,0.0467915870552159,1.59912039394395,5000.04884907822,0.5
0.00984058028373365,0.000483436885432337,0.175930127506917,-0.796607092203403,188.665053277481,0.0800704557399817,1.85281518696333,4976.25924939045,0.5
0.0142689117241849,0.00119343619687179,0.697512652021336,-0.612902025821602,410.401828940871,0.0480364682425619,0.403648312036211,622.132089167112,0.5
0.0132917459055429,0.0018457547806598,0.743319296796288,-1.00542998999898,971.738241430596,0.0826604730749734,1.43923425044764,4775.51134798071,0.5
0.0169418671160312,0.00195096904254347,0.723906051959108,-1.17558995475805,1031.36622156005,0.0714167511362882,1.49740038938351,4836.96729038452,0.5
0.00954394717942669,0.00107398406507268,0.133128380736937,-0.544245094764934,123.038414607008,0.0880025337230177,3.01287188760266,4988.82906632539,0.5
0.012674381410338,0.00549676619218808,-0.0448368071681804,0.621572389674712,45.7371638074534,0.0912223871377656,3.6736771604487,5000.04884907822,0.5
0.00910547144001965,0.00160254772648954,0.48266215397269,-0.906953829181521,492.77646565719,0.0775421445525646,1.55494949672476,4981.38744737747,0.5
0.0174518462622298,0.0048235315753634,0.808968004636305,-0.810912344424466,832.750691180869,0.0772761411520024,0.805644075802874,2309.94201314187,0.5
0.0128652982874811,0.00440046517786106,-0.0379940857155271,0.734714768329862,65.5623936080052,0.148333959387368,3.24330199351428,5000.04884907822,0.5
0.0105027163429625,0.00293446802075468,0.0270637013294116,1.42610625202087,46.5451669524379,0.0552487989045154,2.69902190390484,5000.04884907822,0.5
0.014530086943818,0.000887594309351954,0.633687331308657,-0.568098464931829,344.852174238222,0.0496135651343121,0.311353077541726,368.795463973023,0.5
0.0164770794526716,0.00229758367778074,0.531916761709085,-0.866636723768669,616.37254703151,0.0538797995707848,1.3998505629661,4995.02373801694,0.5
0.0149943862482926,0.00124160887818725,0.696038589220436,-1.17663599009989,959.447011454675,0.0686203952456708,1.49660316786816,5000.04884907822,0.5
0.0108406740347227,0.00259123571350641,0.427792691889975,-0.735669228226416,465.149680360428,0.0430168900074565,1.74442739770126,5000.04884907822,0.5
0.0138974388740004,0.00107157010493994,0.586444750525777,-0.716779458713533,137.24997598516,0.0453030120193216,0.312125453156317,304.946314863354,0.5
0.00918731493258941,0.00164018722491056,0.370064917333569,-0.806084058762259,292.362610698973,0.0627527070848585,1.47023824180545,4861.4037316865,0.5
0.0192008756669615,0.00233919830952437,0.686003266100792,-1.09197002271108,1016.55381812969,0.0679982442818329,1.54618125367141,4824.30368160552,0.5
0.0131117554272275,0.00181872823656244,0.490041312997965,-0.907949907061778,526.075349092771,0.0404577936697451,1.59808599516544,5000.04884907822,0.5
0.0197757691918156,0.00200708962315636,0.731692730324808,-1.41567144744744,1055.07909884596,0.0504822176466651,1.53997084964057,4750.25323845941,0.5
0.0142959228630362,0.00288876254309684,0.508652540774472,-0.921047724162179,589.075577582843,0.0582869805147451,1.47844759842372,5000.04884907822,0.5
0.0089981080500375,0.00190990547473291,0.0968279894564895,1.48521130181461,113.518186216633,0.0999883993303512,3.71213652721431,5000.04884907822,0.5
0.0213698323203056,0.00511126659516459,0.7856504786284,-1.13001569498555,846.427841516904,0.0429937738497717,1.0724935320107,3037.61427948083,0.5
0.0189774803671632,0.00219885257291557,0.745221182214212,-1.43211418248849,1097.84550838381,0.049430901767788,1.67267216036895,5000.04884907822,0.5
0.0237500463583441,0.00319220791918805,0.754174220798099,-1.11333009621821,1057.93971718975,0.0559468421877784,1.27341932260497,4405.55021209558,0.5
0.0194003733763728,0.00338314264715427,0.775458162364538,-1.15782153782929,790.814207260727,0.0388555812097076,0.926236267772623,2480.25652376297,0.5
0.00895209270730497,0.00168946873415284,0.230737549074504,-0.65277317604674,203.53914165476,0.117816333963223,2.74664557256146,4961.12619740537,0.5
0.0162158899118591,0.00215665176715295,0.688272200379619,-1.1455374788386,950.496941494193,0.0574844811476121,1.54433559278633,5000.04884907822,0.5
0.0121934652772227,0.00514268159714391,0.00251550149334978,1.12486063696253,64.3757596671463,0.112888880656071,3.22001559597074,4999.76555036782,0.5
0.0131029249529001,0.00277533944844205,0.420740990223297,-0.180670624231771,111.897796716626,0.0219511504151666,0.167219228790166,22.2261426261357,0.5
0.0136481557744436,0.00650294883874699,-0.0399651900842163,0.818760108548783,72.717106320402,0.140337724164298,3.15408798793946,4968.58841570017,0.5
0.00835472531134169,0.00138893059462912,0.242902865091074,-0.748863714394919,239.462037354142,0.0626193639287056,1.48949072443162,4995.40565750469,0.5
0.0134737941722381,0.000424135240952642,0.666385315090975,-1.07307987643989,477.256095326335,0.0386282269822119,0.424664886542826,646.836542755316,0.5
0.0175370117938684,0.00352656085699564,0.754046462898485,-1.08102470833024,820.65529923606,0.0715925787672012,1.01063344623628,2782.30818421849,0.5
0.00953058634178581,0.00101905152554577,0.189439027472329,-0.76083292924502,185.306367088684,0.0751092972912814,1.62016571159615,4940.29012370134,0.5
0.0107382652086084,0.00323243411623092,0.413025089443577,-0.771700735218021,431.603353114984,0.0631659303325073,1.70957237654362,5000.04884907822,0.5
0.0103593775299239,0.00150834702861595,0.142297199431436,-0.155685946743746,121.165303916218,0.0590047771860876,2.72387882651076,5000.04884907822,0.5
0.0135104415291182,0.00196654877707581,0.507562206726351,0.135493384041408,-17.1061606598173,0.0555250452442364,0.206108033140115,114.168511569832,0.5
0.00953929991581228,0.00162948174353429,0.264337107700548,-0.898889315551762,246.10193284901,0.110893929478647,2.02496957729485,5000.04884907822,0.5
0.0201513147813708,0.00360172979149623,0.770666439450307,-1.03576325084512,633.326742586053,0.0449582787745858,0.653625950358931,1552.42059988822,0.5
0.00889006031551184,0.00172793685868938,0.160529072657641,0.397842737892994,154.214185163264,0.106395024293643,3.25482854967712,5000.04884907822,0.5
0.0129691043676579,0.00317255887157781,0.408197614615682,0.0516214574518667,47.8483522841709,0.0244013268822788,0.140601697739805,27.0436602894151,0.5
0.0130780527092392,0.00302722499836765,0.476682961827615,-0.960689557308313,501.83350526618,0.0443354803752005,1.65093249780571,5000.04884907822,0.5
0.00961404661910707,0.00308734471210455,0.399899940806034,-0.863061737875464,364.860099336381,0.0642026429659419,1.62808940216778,5000.04884907822,0.5
0.00969661463554173,0.00202190581529065,0.415905328378737,-0.928820274374777,399.258491252704,0.0404425041332768,1.64259758645991,4986.16504115655,0.5
0.00934863984790403,0.00124171962340002,0.113091688756552,-0.109059448268426,99.3829720006774,0.0769852663884962,3.3975015284388,5000.04884907822,0.5
0.00978391636504701,0.00148858900694267,0.138101088956685,-0.356068669024953,114.224266885539,0.0579046781173407,3.17680662784721,5000.04884907822,0.5
0.0284763328135206,0.00334651955738946,0.692635458914615,-1.06595146033939,1064.29576745751,0.0394711079020958,1.36772414031351,4719.51234865485,0.5
0.00946511679594563,0.000971953724024495,0.177389312695606,-0.60230456209239,176.644363528606,0.0726836112608424,1.90525616885353,4998.90453778381,0.5
0.00852942228613293,0.00209935686780111,0.279580678539999,-0.876342601465892,290.411536570256,0.0669459600352725,1.73416104343708,5000.04884907822,0.5
0.0196525503302103,0.00464718318663097,0.803237612911425,-0.577760860783978,574.909496723331,0.0610996367308415,0.575192315082448,1401.23989825289,0.5
0.00885202492916114,0.00266531901244827,0.377431626700867,-0.64563750678191,377.647702064656,0.0533383508964075,1.78992932924966,5000.04884907822,0.5
0.0146324105571754,0.00105983298754602,0.719896089226077,-0.647842784536775,364.299116956656,0.0449974022011876,0.434904653541356,703.802466964635,0.5
0.0130316807844677,0.00524566558641161,-0.0673019751913782,1.3756368347081,53.4016761983888,0.110065335115759,3.74303178036388,4956.34448153995,0.5
0.0189470722079135,0.00409227071544,0.818176181398429,-0.809992075657872,541.534998243359,0.0521057712087635,0.592143539842861,1542.18517976562,0.5
0.0158728571917659,0.00143675016764839,0.578030424869911,-1.14016204288919,769.102423807188,0.0528509892952185,1.60373815078714,5000.04884907822,0.5
0.0088183239202705,0.00160800251616291,0.152800826275863,0.333382179034913,146.811420822983,0.107734348868963,3.22949069003211,5000.04884907822,0.5
0.00852217572547026,0.00170501890375967,0.262557790803614,-0.838414761489874,252.666542210149,0.0831838186696627,1.55714077459494,4999.49138120155,0.5
0.0172367429951742,0.00204836398523152,0.750790275692856,-1.31036302769272,599.782653815107,0.0424399035263779,0.789426963332404,1692.6294789154,0.5
0.015710377956446,0.00190700875178537,0.679914574894221,-1.32943109173868,949.241325758171,0.0456206629127838,1.72115440590412,4996.59025533402,0.5
0.00906603911442775,0.00179024565954807,0.0839425718043108,0.61498965627937,80.7989238773819,0.0778702883255661,3.00104196073149,5000.04884907822,0.5
0.0137919309060086,0.0012229335525642,0.578411224491322,-0.459990516752349,124.021800072938,0.0478980226122128,0.281535306514187,253.120759968992,0.5
0.0134491499391867,0.00152236100791901,0.453092721071635,-0.453192449707337,47.3475554429144,0.0266638206721329,0.224120059652301,-28.3377092628334,0.5
0.00988053053649546,0.0030794644722054,0.361259728164777,-0.561209291445252,351.155858020294,0.0628084463453369,1.7843632553415,5000.04884907822,0.5
0.0149079139801697,0.00450245876649545,0.449059893168293,-0.73998104885395,509.503263544578,0.061195296117023,1.5041349544078,5000.04884907822,0.5
0.012161405195773,0.000886440825588283,0.487926236792769,-1.06757067002506,540.790523665949,0.0551224516333993,1.60046969547099,5000.04884907822,0.5
0.0192306683897744,0.00161820236552404,0.653225776605926,-0.96392564514949,839.542032838225,0.049791512016588,1.41287564467155,4924.97837890672,0.5
0.0197989682369859,0.00273497714916111,0.738166451675687,-0.700434770559429,447.057225648658,0.0405936989747147,0.492255416256817,1047.18078372942,0.5
0.0257408866958005,0.00604272537522223,0.778911475643657,-0.862811996434546,845.125835663113,0.0493185130135956,0.964670599590558,3080.83107386707,0.5
0.0132225396843461,0.00197750418039933,0.464426322036331,-0.318071879633523,68.5858817006096,0.0306004010673052,0.192908722454291,120.458222511368,0.5
0.0120605309836303,0.00355843474424367,0.408527589867883,0.41972802039297,-9.52413460453408,0.0431869512378367,0.140601697739805,-18.2555127659243,0.5
0.00984082821146688,0.00150675317828215,0.152261529221252,-0.0976478329441624,160.959906864908,0.0774573130832274,2.39198554439298,5000.04884907822,0.5
0.0211736825209523,0.00291714067320942,0.754651045363499,-1.24773032713084,628.167518330647,0.0335043197608848,0.90438463508067,2399.51760603982,0.5
0.021681895541616,0.00497497950401331,0.791875059887182,-0.680931241409655,642.265777884945,0.0565835655389147,0.645193513066653,1707.34337188235,0.5
0.0171698818461061,0.00141069738552328,0.692131046813808,-1.13089452019606,939.461291935141,0.0694046851003906,1.42479846779773,4849.28724106942,0.5
0.0192734162929738,0.00465537076649155,0.784130212669489,-1.01496692008822,818.238305935442,0.0582878033757787,0.916946943859053,2699.06348837671,0.5
0.0149654852033273,0.000519570728680089,0.599347725881445,-0.947768423302505,237.491745654488,0.0345672910481699,0.306911646550407,449.922381324154,0.5
0.00888393590470524,0.00176964488053303,0.220761366324942,-0.689195931955918,198.251583415844,0.111583752115221,2.56550020665136,4970.15625798792,0.5
0.00875215346015423,0.00175927940293516,0.0835348462854372,0.600820822597699,94.0608506493624,0.107219096748031,3.29707619000955,5000.04884907822,0.5
0.0128404672905624,0.002699769842094,0.833053352618079,-1.29773781165773,700.329474035908,0.0510008993886924,0.855107014298598,2117.97187623789,0.5
0.0100405824935929,0.00126837718397658,0.175765049077594,-0.276122286552106,152.38787658337,0.0547249686709225,2.24310881535463,5000.04884907822,0.5
0.0144770986059038,0.000981269354506713,0.592573808973822,-0.77105405291699,160.588650432259,0.0408888785260591,0.331100866734397,496.026851038188,0.5
0.015086250714316,0.00154437902905072,0.778429647238832,-1.39991359887004,669.819611520011,0.0449307312198164,0.903591719847507,2186.24065339004,0.5
0.00987767649570435,0.00239205835810235,0.0344451544075776,0.558586118005581,50.8465129620366,0.0932044203846437,3.62203577572838,4926.36738136109,0.5
0.0127758916209342,0.00475206068773014,-0.0331237853819908,0.623565261583253,63.4759319990614,0.145367600944992,3.19821335731914,5000.04884907822,0.5
0.00796146839932474,0.0041093759582643,0.245595749627985,-0.700912437221618,264.478130701139,0.0671549337910484,1.38340413561831,5000.04884907822,0.75
0.029263816466956,0.00771279547715817,0.669913902920682,-0.143838638196447,534.197064411701,0.059195022859554,0.585939587746145,1184.0923374617,0.75
0.0130369473417562,0.00664757276811022,0.385114242515346,-0.898413394608975,442.959776403158,0.0858797063202416,1.35557232243409,4997.00735157436,0.75
0.00971670164397722,0.00472619608229979,0.313070231486453,-0.684257706992121,348.771856506376,0.0559910047700757,1.48727069027109,5000.04884907822,0.75
0.00957553423678683,0.0015967400099851,0.0779372305458166,0.42001511590095,74.4453146284892,0.041385533824476,3.0219050244356,5000.04884907822,0.75
0.0144073600753215,0.00841995176552533,-0.0759621524253341,1.54821525323994,83.1599527385264,0.110495910775248,3.55482981066582,4907.91575540274,0.75
0.0165145568308909,0.0037329942460801,0.392238022131992,-0.117545096690953,41.0179337169228,0.023656449130468,0.140601697739805,-142.15227356726,0.75
0.0360833177443843,0.00606068469336047,0.697185853126636,-0.402523609255773,1134.83817392482,0.0645478544816438,1.43693249920436,4550.35592078156,0.75
0.0364519487724849,0.00495348932904833,0.727710841228812,-1.28383411397928,1080.05782223885,0.0214817768661349,1.17206895795254,3461.76567869656,0.75
0.0248255959915488,0.00854158865987505,0.567381315995576,-0.643436556514695,875.931787458487,0.0677117614184803,1.78543544229288,5000.04884907822,0.75
0.00943058506932642,0.00116925447375993,0.16352842035923,-1.5153617608625,153.332327124628,0.0885038265153878,2.68452926346115,5000.04884907822,0.75
0.0272590963169808,0.00568641505241975,0.665946397158783,-0.540721321866356,580.575414405169,0.0380620402595518,0.484528301972103,964.231823364989,0.75
0.0141088828847594,0.0085116331624377,-0.00876878279035298,1.07646082936368,123.370452052013,0.125276310656732,3.20268675722872,4955.71069050005,0.75
0.0254273346573037,0.00353658612589141,0.600946867164591,-0.239944922912454,279.481719346515,0.0329000496743769,0.380076755412631,635.539027481002,0.75
0.011813645911592,0.00607799621293348,0.326318011895313,-0.789775911922901,379.820173718183,0.0710863176841443,1.54572467145492,5000.04884907822,0.75
0.0102313980769417,0.00415834007956457,0.253848531724375,-0.761529012073264,280.561597444964,0.0899211780676717,1.66445008122704,5000.04884907822,0.75
0.0352700373293832,0.00646194379899865,0.720833650404699,-0.857798415752638,881.621679379447,0.0327229685566919,0.974407329819789,3143.68965493833,0.75
0.036545955188578,0.00631931201566382,0.67239542186018,-0.636895640573488,534.881062008235,0.0276821387447236,0.478876446025669,1188.37893353372,0.75
0.017280623760069,0.00140877288812254,0.475556690850625,-0.201845472730097,43.6663882200928,0.0355428244566773,0.220346091217284,94.2393130991686,0.75
0.00907284895099131,0.000847712512047267,0.175909955529085,-0.0767676014841896,225.077748271673,0.0446265509916634,1.6790709946827,5000.04884907822,0.75
0.0191396390532996,0.00051402395117094,0.535256164033219,-0.258651246419697,124.131371788282,0.0430373739126276,0.224102465130167,271.874286596487,0.75
0.00997354470845906,0.00137382032184244,0.158191324380869,-0.357469238616606,192.671139707755,0.087122577479563,2.16284070697579,4949.14278385962,0.75
0.009560515643507,0.00198659947096851,0.159278507481323,0.272758015918473,170.151801839967,0.0844003712177415,2.07692770449285,5000.04884907822,0.75
0.0106209479076736,0.00295525759117921,0.0492613175962848,0.426766788372431,80.8993031445374,0.0755856106421575,3.39728718104683,5000.04884907822,0.75
0.00930951309749601,0.00364406354704889,0.259597088871483,-0.748956222280938,279.908053320363,0.0766847417415306,1.53774521133911,5000.04884907822,0.75
0.00985967680058432,0.00174959021520145,0.0855276875361883,0.0233869208090559,98.8662760121549,0.0737856683510168,3.26375083150563,5000.04884907822,0.75
0.0215559573792148,0.00373770027365881,0.637792949620461,0.139011713412812,394.100159797371,0.0616079176522829,0.387797656575598,693.382861672866,0.75
0.0211920926687336,0.00232963362056457,0.609413962885735,-0.0997919936557231,322.461904342505,0.0458207287705547,0.310526344227912,516.668466142008,0.75
0.00928443343277225,0.00116613795431023,0.1795108647132,-0.55511548180357,201.775157673185,0.0841654921461087,2.00192408221164,5000.04884907822,0.75
0.0165968001248,0.00246704015881139,0.433247976038947,-0.165366228276275,0.608695519049434,0.0277447712484393,0.140601697739805,17.6079954436891,0.75
0.016526247962524,0.00746154203235377,0.393392756809633,-0.650375184874492,475.587479725865,0.0717109974498522,1.49706473064898,4999.5905928116,0.75
0.0259975341448937,0.00584224470344744,0.700665954538898,-0.522510228706984,456.863936501693,0.0395926691620055,0.546013895152718,1148.34670908114,0.75
0.0114169890461847,0.00118367564014262,0.125279296138482,-0.149340949876093,156.122722603379,0.04524159270955,2.60963295939563,4969.99737910472,0.75
0.0126019732592265,0.00558591749470954,-0.0215096829886473,1.22418677631557,88.2989449505153,0.0758456797276868,3.4071868732313,5000.04884907822,0.75
0.0304647982616923,0.00621893678107135,0.77638096408879,-0.90074037953679,828.717571708573,0.035959668487453,0.922531746181638,2992.84364981222,0.75
0.0128987902721736,0.00720136696541147,-0.021879871557518,1.17124026094938,101.258065715117,0.116673992888991,3.15526562771644,4921.52725822746,0.75
0.0208223514634642,0.000353928096020942,0.565279326292304,-0.707292589390773,316.299500679825,0.0338246476007552,0.31203725355031,502.690167454934,0.75
0.0378376883064368,0.00596953306489367,0.700240695745631,-0.73705288781053,1074.65360708957,0.0281006314384821,1.15533158691947,4028.00594300892,0.75
0.0227473040568273,0.00330681589380084,0.597055221295631,0.158426304309937,318.392057562841,0.0537134428643446,0.360676135711752,521.372748737042,0.75
0.0094265824367297,0.00147315698650807,0.0889830911630595,0.94665088381833,90.7740997401272,0.0463605111449704,3.49664499450143,5000.04884907822,0.75
0.0365716979567532,0.00682629372705069,0.808426196912901,-0.396492157517724,1046.24463557765,0.0398884891471843,0.851770446969667,3344.02317021057,0.75
0.00895938782104228,0.00124175171987178,0.182403398641608,-0.639569330201069,199.134386029474,0.0728782097696546,1.55375171068641,4963.68439264187,0.75
0.0265565649958694,0.00682268127649363,0.566036279602514,-0.660484294840048,811.515891417441,0.0710742544981132,1.34516874801492,4866.06526995127,0.75
0.0106696218324921,0.000978442131116976,0.151657717468041,-0.948466372753539,156.820637571993,0.0680420858316284,2.08678610456117,4963.12273963709,0.75
0.0353743548945211,0.00669796485829532,0.759503951287549,-0.737944002773146,824.95103401205,0.032757325300389,0.82689263990082,2725.56908034599,0.75
0.023456581432692,0.00587996187089406,0.545935571093718,-0.70812858935783,733.705284571311,0.0668282931041308,1.39653760882519,4983.94511518639,0.75
0.0205908012626678,0.00120757342433693,0.598219168753162,-0.76744789412727,420.515608105143,0.031131877639993,0.330023583907857,591.223056728089,0.75
0.0224486524994841,0.00752657922089625,0.488851782644061,-0.435562788312474,693.771412584056,0.0740963139236084,1.58009771207411,4923.92446658482,0.75
0.0339306290457639,0.00632274969920474,0.815927207511057,-0.906578037836346,1206.8690544486,0.0307062844086695,1.11156044916045,3980.14438374941,0.75
0.014284054793489,0.0025869041501872,0.408910928485517,-0.173450045614775,51.6649624001896,0.0279593510737971,0.140601697739805,-50.3731244084211,0.75
0.0340135958255704,0.00570549187163814,0.650960829345495,-0.480686035134222,941.661568391874,0.0558227103740414,1.71107632254154,4454.44818461891,0.75
0.00916217252804071,0.00164556244034338,0.152334173678853,-1.4962175608483,144.329119443108,0.0958876252507221,2.94221658785492,5000.04884907822,0.75
0.029651886241767,0.00739562479891684,0.706183090497937,-0.282019661550307,551.738394136373,0.0529418597522303,0.596902995728292,1345.19154642462,0.75
0.00913630102065294,0.00250143830943244,0.185723218159417,-1.49703923914396,185.221515259843,0.0998051811605722,2.33805319079009,5000.04884907822,0.75
0.0112324988963166,0.00273843061754504,0.386589303550475,-0.697162957983101,427.516341028403,0.0490840366619766,1.52523304766924,5000.04884907822,0.75
0.00900861738253896,0.00307223371499793,0.205847852655904,-0.152479351630537,228.738404462017,0.0887726801402124,1.92753958867067,5000.04884907822,0.75
0.0116437521371473,0.00574225233905123,-0.0369506034985501,1.55089276399437,65.6793550282029,0.0957687954414847,3.07673757999762,4943.43960216139,0.75
0.0166362501322824,0.000501023597727862,0.571422145062033,-0.766888048488498,299.372977338972,0.037567317014878,0.311486728205639,379.933851920176,0.75
0.00973760368088522,0.00274036942048384,0.0068207640645252,1.29872437784673,63.515187337308,0.0635732459846345,3.40472747919982,4927.87072380424,0.75
0.0193533135704911,0.000353928096020942,0.552491565480666,-0.73319748316401,210.08254682805,0.0339477579294511,0.276305875434183,439.468057991709,0.75
0.0101876304886742,0.000577168821622141,0.0826750653185248,0.158523863670628,123.953856107229,0.0639259898819635,3.00676310015143,4901.51042084439,0.75
0.0349153760213525,0.00601937605547563,0.680871681750753,-0.390500527306739,1098.30960604987,0.0562475448799829,1.4805791883361,4545.19648124068,0.75
0.00811467028867351,0.00228174927626126,0.244973483693457,-0.545346630813928,250.68439963084,0.072891443209106,1.47086807665346,5000.04884907822,0.75
0.00984703535558091,0.00102403257563591,0.20189545871568,-1.44013867247268,191.587709593401,0.0578016703062143,1.9461629542447,5000.04884907822,0.75
0.0112519127275404,0.00146445694838081,0.153938296615038,-0.0169233736253377,180.637107025238,0.0490141411048954,1.91768710100777,5000.04884907822,0.75
0.038994652104045,0.00556691307905084,0.658657883731964,-0.947562732788734,738.643792183417,0.027752395302591,1.03799411763415,2895.16867772078,0.75
0.00839029585873132,0.000794813169552237,0.203708131054714,-0.763322278102406,215.002679546726,0.0509491610372029,1.24741777481958,4981.92739505207,0.75
0.00935002194488396,0.0020900957555967,0.0915533954111701,0.154349480699274,119.137442384656,0.107918010128305,3.41023651548694,5000.04884907822,0.75
0.0369694694018496,0.00540283260296077,0.703189702300139,-0.951656126372019,740.142537201469,0.0289718869017816,0.924129895812431,2417.33377226829,0.75
0.0178412732237233,0.000353928096020942,0.549434403744279,-0.497120540850084,184.256089335976,0.0405209043656927,0.203256924251496,328.736122219401,0.75
0.0374952881091295,0.00702952128861538,0.753732801064688,-0.554774193790681,1122.68453321757,0.0370579176691371,1.02317414534573,3808.35097298367,0.75
0.00958105751029852,0.00240445845070154,0.011462218792438,1.02082832878184,62.2473375597171,0.0644013219940348,3.42855154664896,4993.37700002924,0.75
0.0123723898079509,0.00502508420159488,0.0256648385684636,0.848285656112316,91.119217194352,0.107954579045264,2.96373612725105,5000.04884907822,0.75
0.0149990805357614,0.00541173360564148,0.409408429384832,-0.687431411753779,500.587617397146,0.0465850304511415,1.62003486006821,5000.04884907822,0.75
0.0308368432699637,0.00527911957651304,0.621950110577393,-0.769361362350092,547.617395962238,0.0305764530097018,0.725077777401039,1414.93418800092,0.75
0.0286401440059265,0.00747256318779481,0.733946660925432,-0.33170018770999,783.041365119194,0.0645646373162301,0.696683721232796,1797.07821607835,0.75
0.00755743163995815,0.00301026004553183,0.265110713944384,-0.6848497395972,311.932740934223,0.054015782303966,1.63049648886558,5000.04884907822,0.75
0.00975159430022214,0.00103212322822846,0.0516025754339982,0.397783707768323,102.309215015693,0.0687190602757395,3.00215945719287,4921.35888179963,0.75
0.0366589556025504,0.00580728646911756,0.700198276130684,-0.900312111007699,1126.8781792043,0.030121492848602,1.4045325511714,4472.86959135239,0.75
0.0112299297717071,0.0037283240152734,0.432939598889712,-0.994650893496138,466.807643872643,0.0390564243554564,1.68285514822295,5000.04884907822,0.75
0.0302276634517416,0.00567961621567591,0.795602584138009,-1.15734439306936,976.933922246131,0.0301088344760159,1.1343261918523,3064.42227701696,0.75
0.0375689404810754,0.00529649361744233,0.712418584672979,-1.06188067883262,939.649199068571,0.0281817395066727,1.23390424326591,3486.82401822219,0.75
0.0172776845163574,0.00173067663682146,0.443601693388581,-0.222812172146949,-24.6754416865303,0.0316533697019843,0.149247047040873,104.809348454427,0.75
0.0417840642092585,0.00434360528990475,0.748667875049801,-0.980002821560803,1019.63490156528,0.0214817768661349,1.03468242006524,3413.42388382239,0.75
0.00919708586870673,0.00113941815587503,0.0500439509984621,1.08667008309237,82.7752305069235,0.049389974014555,3.2946532080379,5000.04884907822,0.75
0.0374912752767774,0.00632615997676908,0.797942720600752,-0.849472435940137,1226.38964757784,0.0296769285072214,1.1535703695567,4090.22672404669,0.75
0.0152125119517191,0.00348002396428507,0.433705907332649,0.239261205069139,-1.60122325724495,0.0397408443967869,0.221772018908327,-34.7426451102556,0.75
0.0257268804393022,0.0059895752988497,0.745559450114644,-0.653186226293765,633.599298181281,0.0487070660988907,0.60468162603876,1458.15106916171,0.75
0.0278461165278981,0.00604117842826233,0.673731280567611,-0.519624900205936,495.036881886078,0.0446631758354387,0.584831355911508,1208.20652485295,0.75
0.0280664613818547,0.00483102234069697,0.706688349264247,-1.03153316755485,583.699277246572,0.0336828427024735,0.844471145695774,2059.03041446336,0.75
0.0175774170559512,0.00267261030935835,0.399928024393686,0.0948091706621268,-154.689055594534,0.0375386013525297,0.140601697739805,-91.229780042634,0.75
0.00997642225454097,0.00341345935851593,-0.000284129788881982,1.4668733540061,57.2607564485708,0.0566345192113453,3.53579030491498,4969.70741144664,0.75
0.00834812421003093,0.0013927157541943,0.203281698955674,-0.721865911573196,220.1595657184,0.0600110310334887,1.48115749529301,5000.04884907822,0.75
0.0195145513611282,0.0016550923418318,0.489153977760639,0.0863446608014111,106.866541356766,0.0456510132392777,0.226728090196992,95.7765996529188,0.75
0.00590206302527645,0.00219627964357058,0.29495065098393,-0.645645175216253,365.687694844724,0.0273913201051224,1.51109520683519,5000.04884907822,0.75
0.0257100477278633,0.00478432688963812,0.689795025925043,-0.68214240250153,572.412151958367,0.0369090552144749,0.537356868957328,1087.15647280199,0.75
0.0172554589055915,0.011459127664398,-0.0559489572759425,1.070207723623,110.341374057415,0.13895904051155,3.33530778115265,5000.04884907822,0.75
0.0308084857923556,0.00793747504757208,0.718066447526924,-0.101785433791828,629.762662528986,0.0588657761263521,0.597995697775063,1481.72519124977,0.75
0.0103351813858278,0.00167205234270347,0.14909255576642,0.0212012970175616,159.721594584856,0.0705945801999698,1.84466779948831,5000.04884907822,0.75
0.00916609776566094,0.00112601737181757,0.0730515497139136,0.486184341971125,107.880250216069,0.0953232479534528,3.39091288969833,5000.04884907822,0.75
0.016847093354492,0.000636395920345707,0.568008701074309,-0.610386971848833,228.362030770967,0.0386159205214288,0.321888611838907,367.492073387198,0.75
0.0254403793722376,0.00387091077108336,0.749127462572714,-1.21502002314109,1136.65184190844,0.0386010862136412,1.59375473985088,4861.98154783855,0.75
0.0341215509918768,0.00794537789028029,0.655806731446317,-0.0995584907489106,372.03968011127,0.0355658308618155,0.503227548273447,1034.28973664931,0.75
0.0167942010205956,0.00210579593737035,0.401763812169325,-0.587992405852557,73.1454800880241,0.0214817768661349,0.140601697739805,83.4515552148123,0.75
0.020016897172363,0.000353928096020942,0.488358309766198,-0.635843418357922,82.3682580562538,0.0309114068730423,0.190318089874313,239.553769778176,0.75
0.00752555716001713,0.0011184804920374,0.227740425468526,-0.688457274953909,260.814483719479,0.0614131539570568,1.61195140290501,4990.43224350539,0.75
0.00653447714300857,0.00142140977206501,0.343437036568043,-0.82820600369104,367.464413786456,0.0396412253954594,1.59750467655672,5000.04884907822,0.75
0.0135548785537025,0.00608148084233803,-0.0111372897675246,0.953447588708875,85.8769863441879,0.114908083651263,3.0145809667179,5000.04884907822,0.75
0.00999064157570743,0.00212866431312989,0.2170100247844,-0.592642573929242,225.614603531888,0.0997399512472739,2.1639744591537,5000.04884907822,0.75
0.00945814649078078,0.00207163938720778,0.121781340365026,0.0530829595793081,157.70538647917,0.082040884642754,2.50577396137623,5000.04884907822,0.75
0.00977714705527127,0.0011333095064793,0.144487073353489,-1.18981759871995,148.511092802279,0.0811464313548887,2.56397308550937,5000.04884907822,0.75
0.0203709499563108,0.000353928096020942,0.544612587381687,-0.908959173647985,299.296860574356,0.0275308284923852,0.295913458036607,603.529871822388,0.75
0.0100340649330465,0.00187826425362072,0.226526515458344,-0.686038310793673,241.039939372538,0.0996246365627608,2.08023283342932,5000.04884907822,0.75
0.0200204593650913,0.00419716431915877,0.506558441256885,-0.699682270213018,745.56760879005,0.0525158402053616,1.60053837341294,5000.04884907822,0.75
0.00964941055995405,0.0044755550243492,0.27440398164703,-0.399424833170925,344.173418410355,0.0385641891773916,1.51426391146898,5000.04884907822,0.75
0.0100142928882486,0.00132704955911151,0.218953020786398,-0.511377015241717,244.897488440421,0.0976664377864461,2.28321630274506,5000.04884907822,0.75
0.0106829478752106,0.00132453218662229,0.154676996188185,-0.749456688035814,155.781572017961,0.0702947024456104,2.03799358912312,5000.04884907822,0.75
0.0347511755680287,0.00385880736820375,0.709697784042779,-0.783661099360392,935.078125931638,0.0372529129339629,1.46393088615534,4157.16851189859,0.75
0.00928497262510697,0.000989484658431113,0.0784265054692423,0.211041397960837,106.912028618485,0.0613495158543058,3.20937128195476,5000.04884907822,0.75
0.0108674088182345,0.00357236799544881,0.0363166577807606,0.982705114883552,97.5787320187378,0.0933518189348257,3.63737961575891,5000.04884907822,0.75
0.0236419471450833,0.0051755184970257,0.697505446248933,-0.846043879833068,646.140269688154,0.0396294064766191,0.635328599170721,1268.06446860592,0.75
0.0157657113275526,0.00644029173814709,0.409403547215575,-0.532905229265491,509.192489684952,0.0626735850945424,1.46488375418777,4829.19174121974,0.75
0.020009272601622,0.00209046141943669,0.64266000215579,-0.315173195907748,429.90267417322,0.0501409374883242,0.336224284728669,665.759424854904,0.75
0.0206823212988104,0.001575569190745,0.614996269096489,-0.324332193725375,279.050806204323,0.045013078886282,0.354907091685781,671.743705915596,0.75
0.0131084951245906,0.00825696490648386,0.361390177264887,-0.752086364762005,424.488755042914,0.0717724846418467,1.39154198724768,5000.04884907822,0.75
0.0410391268159688,0.00665059251444491,0.74649350689688,-0.211409286932034,1047.10260219034,0.0378651445074851,1.02111501198898,3529.38406127786,0.75
0.0135861370300949,0.00746614465511437,0.359691855272659,-0.711280110343862,405.79341770789,0.0823451141645054,1.38264476270534,5000.04884907822,0.75
0.0188151560822244,0.00393924694341268,0.482874503894712,-0.848189006547623,626.468549638927,0.0433059344448462,1.50827166147621,5000.04884907822,0.75
0.0273536169900542,0.00634897429734666,0.736523490369229,-0.551783331981858,1123.70194568672,0.0762990545335967,1.61772200538528,4863.92230931888,0.75
0.0319586758484975,0.00424222733575275,0.744902057113085,-1.15293140931316,1055.15254183211,0.0300842311083926,1.36913461362392,4166.36771787174,0.75
0.00968378353704132,0.00146581238368771,0.111572557290708,-0.433616266406597,121.404403270568,0.0823485986523502,2.79199900309515,5000.04884907822,0.75
0.015889691303512,0.00380710711636529,0.391713891757726,0.35849776337815,-83.9299222746337,0.0399734349968146,0.140601697739805,-152.543352476841,0.75
0.0236354690224895,0.00416020036646687,0.660820054976587,-0.124444143313318,301.696295405166,0.0404193735138824,0.439596896789594,795.781646267596,0.75
0.0103134352681853,0.00301682592918444,0.0484995650777303,0.67207168336443,72.1082918321517,0.0666442768157138,3.33038846948973,5000.04884907822,0.75
0.0198966644263372,0.00109885641411633,0.595719461137176,-0.773580521343733,400.102267842501,0.0316536822453781,0.347991019399615,602.572068216551,0.75
0.0238499531967164,0.00319556682666462,0.525512792073272,-0.578494186206807,729.892391642605,0.0553824760243165,1.86543318125668,5000.04884907822,0.75
0.0158903813205657,0.00539365886219665,0.427190179166276,-0.616915685612814,540.971479120353,0.0568983155145567,1.51647750096613,4926.70635998752,0.75
0.027214649678218,0.00684959978353778,0.567258109477573,-0.556283492516475,944.337373159718,0.0588056302227074,1.79702999433093,5000.04884907822,0.75
0.00911649317233335,0.00150455082803429,0.0325194232697035,1.01126715458122,98.3517983814737,0.0594029928024997,3.41387427151126,5000.04884907822,0.75
0.0213735532979265,0.00506113838470675,0.522442152886591,-0.699746365085281,790.167806217695,0.0523303312208392,1.76980683669961,5000.04884907822,0.75
0.0304294033362896,0.00748834872923659,0.761187900221171,-0.494256033569195,820.571010450874,0.0547656083893967,0.709621591890085,2158.95423497533,0.75
0.0342741030838196,0.00586262598586299,0.679308148886587,-0.901215979371229,1113.2727952339,0.0337545463846905,1.52059104536686,4653.77939410802,0.75
0.0113334339139969,0.00472406731436601,-0.0163930871658268,1.56120870371694,84.940832237332,0.0600253655139231,3.41588203513903,5000.04884907822,0.75
0.00938074826084495,0.000650826839851516,0.103642708747922,-0.39498580865279,96.7574832677189,0.0649385608891613,3.03440730721226,5000.04884907822,0.75
0.00741984033574477,0.00314005093045529,0.238778382237759,-0.52384700532705,307.496414846434,0.0415750761407591,1.32122739714241,4954.97320154269,0.75
0.0185473420586582,0.000353928096020942,0.563722611848876,-0.674031669480407,208.08033219015,0.0348716255975919,0.27995931139974,414.897950733704,0.75
0.0351463588989821,0.00532307446747405,0.749792903664411,-0.971864170633365,550.599549782291,0.0294515782213608,0.763321432256096,2017.1656875116,0.75
0.0257683172819039,0.00487856735392672,0.644317653025832,0.0678207196500497,357.653471569607,0.0452489890792102,0.413521627182644,748.17722846051,0.75
0.00928677530054096,0.00124204113272212,0.0380334330624043,1.26823559723502,91.6890382828682,0.0702852886260324,3.14155232834654,4941.31964972732,0.75
0.0173621363483853,0.0113112589420144,-0.0349221531974667,0.662295337083856,115.981540287313,0.155991351666666,3.74739170119996,5000.04884907822,0.75
0.00977562699160327,0.00194797514192901,0.205428104069774,-0.260743158455867,230.84609798142,0.0941901312947571,2.23263224393928,5000.04884907822,0.75
0.00829823122264441,0.00268600586159469,0.232573140217565,-0.612083197702716,255.535824393843,0.0549363449565895,1.44630613672109,5000.04884907822,0.75
0.0428997040504235,0.00560833978829629,0.732017484915947,-0.912854548676514,905.259002295269,0.0214817768661349,0.947083969004176,2975.14089522748,0.75
0.0317331453738351,0.00602615569403835,0.765229459313782,-0.853550106674232,559.4245335402,0.0333762600148392,0.656250214527516,2023.01542789129,0.75
0.00973847067846993,0.00156139988111012,0.0700889458640002,0.079430945770407,68.4642826039805,0.0599412880831765,2.81284531891141,5000.04884907822,0.75
0.0323720516652428,0.00617975852565273,0.724424495101715,-0.872838331338754,678.53237876434,0.0351967212103163,0.814323525993532,2152.40756523253,0.75
0.0384912476690212,0.00700191768376482,0.755779776584703,-0.430845148782355,933.426202646826,0.035285582524749,0.839371183937306,3041.08790632869,0.75
0.0162493648751682,0.00162081245682105,0.420777933606433,-0.352497330540744,-13.8420233628833,0.0297818991186565,0.140601697739805,31.8901139159516,0.75
0.00925416691867552,0.00104348712625839,0.080544130584692,-0.155258837176971,104.620069339705,0.0880559815526803,2.93844591953635,4972.53020934728,0.75
0.0307344601151354,0.00587246171953556,0.635431844937961,-0.55400049634827,501.577300148158,0.0294087451999952,0.50916883405308,1047.84213205599,0.75
0.0162256724484769,0.000353928096020942,0.550894637812464,-0.816466536759519,217.493780359466,0.0353340682677581,0.259197346610857,370.850394033841,0.75
0.0349540534518672,0.00764695878922584,0.726987179105359,-0.47295816731501,751.888742208557,0.0453665526135295,0.752988875181769,2203.26940702024,0.75
0.0141775538569049,0.00751238246298305,-0.0129688125344941,1.52810708057348,125.624607615196,0.116049072845234,2.94198682776542,5000.04884907822,0.75
0.0094377782474835,0.00329548994090398,0.219088857571119,-0.444481725202991,253.06240290611,0.0694139748354158,1.69767586564704,5000.04884907822,0.75
0.0286935021821138,0.00826338016918319,0.581979739171017,-0.484426981047975,967.079597807051,0.0703005308172998,1.61620840194503,4938.57512012608,0.75
0.0118284136806809,0.00637803677029954,0.327197677903109,-0.730347600028842,376.620944380836,0.0700842691801899,1.59728587037816,5000.04884907822,0.75
0.00628488960424213,0.00279215734013126,0.3041900745222,-0.667967437170433,321.702141528916,0.0503604900423152,1.35159087129887,5000.04884907822,0.75
0.00917773578357907,0.00158042090538095,0.193996164472625,-1.0958393820006,192.875119961182,0.0818625959338421,1.84547947864668,5000.04884907822,0.75
0.00982711379990922,0.00172553719455627,0.0910493710215024,0.228285253880929,100.922883859952,0.0827423575262938,2.7621262099408,4990.77256069113,0.75
0.0116368683908415,0.00133688634523475,0.152387396276009,-0.970850680925391,127.364029252049,0.0490456927858625,2.19792418934423,5000.04884907822,0.75
0.00855888959273348,0.00216657318334565,0.20391261176161,-0.953999418850167,207.168850171204,0.0853261382998796,1.56711184016945,5000.04884907822,0.75
0.00998332878555254,0.000502906185445786,0.189862246188153,-1.26224173543277,189.084564672896,0.0488570711949486,2.0215109063661,5000.04884907822,0.75
0.0153894836857819,0.00285644209829263,0.501422155545849,-0.960925696752055,660.001649313127,0.0424271682018621,1.76269873442514,5000.04884907822,0.75
0.00875277326490668,0.00220889043460117,0.170257065105252,-1.52812678168026,170.037661665836,0.103746216044658,2.79240429347486,5000.04884907822,0.75
0.0163157156906348,0.0111216174964193,-0.0571512614255147,1.25717694162988,125.34812651552,0.142309557207454,3.62097226594232,4980.31966694821,0.75
0.0365581179032673,0.00633655515703483,0.801010241562721,-0.603314032528351,1276.04808871523,0.0514430678836774,1.40069474740026,4487.13983752151,0.75
0.0219421670159495,0.00386831605323707,0.703877408183792,-0.385928144865569,472.419388675857,0.0412081538639616,0.406801763340101,833.991616686675,0.75
0.0191873388851561,0.000353928096020942,0.565184005867231,-0.810944225128459,311.360435421569,0.0325335839599121,0.269968813485155,454.522949894465,0.75
0.0309415777633071,0.00663627532869205,0.711026928864217,-0.66030684627404,628.858266448229,0.0439486978861424,0.7849623238357,1832.7962864066,0.75
0.00963976149667593,0.0026980389573101,0.238573195109456,-0.681489562213883,244.754260868022,0.0863461045036122,1.69112485971835,5000.04884907822,0.75
0.00954640726685382,0.001783580965207,0.156497565817833,-0.504509469739721,187.620329437757,0.0843153522295353,1.93402323320819,4966.4442111313,0.75
0.0117420290197133,0.00552098424692075,0.309693273545867,-0.738419775807921,338.246062858444,0.0790977921497475,1.60447326438918,5000.04884907822,0.75
0.0328533918144275,0.00578914043069489,0.79541221999956,-0.818150575175391,1186.99715366974,0.0436388609942793,1.12601440287264,4130.01411698446,0.75
0.0198552417414672,0.00100919008360351,0.584149804549567,-0.141870286735943,164.634840551308,0.0576388151754041,0.329749226061401,527.198615051409,0.75
0.0215158191024125,0.000461715421161152,0.526045132053803,-0.300556587080313,138.392786588072,0.0341206626273867,0.240085548785528,356.986074470673,0.75
0.017758539454593,0.00128353168827372,0.502749327104362,0.0740071421852227,54.3857995977577,0.0480191793416038,0.225230129996808,129.308732523032,0.75
0.0094349759156847,0.00321910061529048,-0.000147921464886125,1.82099592469902,75.9768004607721,0.051106805645213,3.43738548529771,5000.04884907822,0.75
0.00959079292182989,0.00214748447559381,0.130798633762466,0.459659609261456,154.41611521114,0.0975652032332546,3.10395498696038,5000.04884907822,0.75
0.0126319096338105,0.0064225040428414,-0.0135995549036184,0.870149690986374,101.339687139067,0.10953389897935,3.54069358294399,4860.08947706293,0.75
0.0096617723359749,0.000519023964245199,0.106760772371506,0.0813106866226874,109.025115237351,0.0443750546510193,3.76740487681956,5000.04884907822,0.75
0.0114587984925007,0.00447542814764761,0.0330257564275196,0.913492593102602,83.7976094052982,0.0919421681700455,3.13859894169905,5000.04884907822,0.75
0.00988262649514162,0.00225581837168117,0.0701456046261573,0.320283418260825,91.9678394781891,0.0938810020924274,3.38787390308273,5000.04884907822,0.75
0.0367224158111605,0.00700694634762882,0.777862426909379,-0.615644836599528,833.103007601658,0.0323810773850805,0.757060612804903,2744.60020390534,0.75
0.0147519829474742,0.00687814053630552,0.39078644872029,-0.675424077131428,470.474442773841,0.0679291418662448,1.6469320789598,5000.04884907822,0.75
0.0100503851811921,0.00264105073031931,0.0155258147459086,0.727429936827179,63.4061444976844,0.0575747679616699,3.77513308028758,5000.04884907822,0.75
0.00997613810575571,0.00251019199102763,0.0383288651599311,0.962260008976976,85.2178118272789,0.0606317878646705,3.42402646164676,5000.04884907822,0.75
0.0340053689778119,0.00619047366485623,0.73820141609487,-0.55238245728657,1235.78470691937,0.0603375308557495,1.41505068780545,4670.31495316375,0.75
0.0156725565388121,0.00205583076367931,0.407282116221022,-0.0680574016910753,-99.0803968062993,0.0368059569614291,0.140601697739805,-114.309790477929,0.75
0.0358658836658772,0.00708837301386183,0.719730966771832,-0.55466524271361,618.046619019028,0.0364623258974482,0.630240419790083,1743.28339068116,0.75
0.00922285383455169,0.0017565377958831,0.140181000633164,-1.17963076206665,148.247741372475,0.101300893773357,2.87427992236389,5000.04884907822,0.75
0.0189966277951574,0.000353928096020942,0.564273694298056,-0.844436973991952,260.265620425833,0.0318907457164504,0.307032482730703,544.590264307815,0.75
0.00733616048113066,0.000353928096020942,0.249166787258167,-0.825612439614982,243.432860260682,0.0387547336198354,1.3506609050408,4978.47332399014,0.75
0.0321569142031507,0.00650392884178759,0.675198140143591,-0.687275798927359,532.341217385747,0.0327393995702767,0.570604034370462,1232.64021648664,0.75
0.00920053037372601,0.00159639900913228,0.123107621399516,-0.805455843273512,105.842354211779,0.0869174878082513,3.12826719897092,5000.04884907822,0.75
0.0331683480571402,0.00477946792112472,0.704648066631702,-1.19306909472902,874.223568834919,0.0262518420683819,1.10829547063536,3057.95699583653,0.75
0.0133268712215189,0.00417060217705732,0.42358821346741,-0.778221903766817,500.234830834724,0.0501279799239774,1.61080645018219,5000.04884907822,0.75
0.0132311470986197,0.00768603460883936,0.351603429578369,-0.796665215351113,408.159123285185,0.0772088373644924,1.46621975552016,5000.04884907822,0.75
0.0118548202581834,0.00641043357479794,-0.0327099669789888,1.86559610566896,103.173747034156,0.0975037300583758,3.40438675441747,4952.7590620636,0.75
0.00948228125855378,0.00386913967983725,-0.0161280147490922,1.83077478621727,68.5742234488134,0.0555000570619141,3.58010603388903,5000.04884907822,0.75
0.00970348520110279,0.000917399921018292,0.072311735319284,0.446581472337149,86.7713539494767,0.0465753828202768,2.68743970197777,5000.04884907822,0.75
0.0173136458048821,0.0071799520975879,0.468389396086343,-0.72552665377888,578.678696080158,0.0766677252859612,1.49081477182186,5000.04884907822,0.75
0.00974302246909519,0.00202795918454496,0.10779168157772,0.552861912669959,118.046591078234,0.0965243807506871,3.02752933650088,5000.04884907822,0.75
0.02191083770293,0.00237887551422973,0.640446944850163,-0.682779034515369,435.417370969935,0.0292333727257952,0.386705663541873,797.875215820651,0.75
0.041507060254867,0.00753697889945732,0.709643573755918,-0.305489759947714,676.029000262161,0.0364655611803181,0.690286966411149,2186.52885716163,0.75
0.011294020953313,0.000630282295701393,0.153598097468738,-0.440865619348422,175.802217189243,0.0586110798361817,1.75004859594178,4942.10201149553,0.75
0.0141872857418958,0.00712897503554829,0.0169280874662242,0.943516289411785,113.065532835241,0.127856589530413,2.83114059203244,5000.04884907822,0.75
0.00738521910866555,0.000577203154292084,0.199662837081031,-0.83447147206709,227.131522262974,0.0477486100986951,1.43350457722131,4984.10751333516,0.75
0.0371026109683518,0.00574423422319437,0.738590684359159,-1.06308667920824,1165.63956751131,0.0287585611529373,1.48905081235794,4244.61639172789,0.75
0.0106384713706565,0.000848355642608732,0.14472491434208,-1.18562098711336,132.939775974064,0.0542258677402918,2.54195107420861,5000.04884907822,0.75
0.00841573963034572,0.00195289437751447,0.208799920695235,-0.456648776050147,218.920886301057,0.0717923936025269,1.33677274003162,5000.04884907822,0.75
0.0191636747811521,0.00216403337416399,0.481723267531468,0.0771773481301708,-19.7375970006441,0.0392671904834892,0.237021017746975,230.777619917896,0.75
0.019710048364621,0.000983441522883461,0.582905363029295,-0.60283029955795,349.091608750756,0.036145443163856,0.355526776401161,451.577143851366,0.75
0.0319131855258721,0.0076924213368335,0.598808541523402,-0.199502774292961,1003.20010544051,0.0632593779941135,1.66187394955615,4639.27817972271,0.75
0.00850081647393811,0.00226452733415804,0.200170199507269,-0.424042846392222,212.248198230321,0.081385772808948,1.62330185527153,5000.04884907822,0.75
0.00696589331388135,0.00251913600976771,0.325683989517985,-0.703575372994242,311.918280180009,0.0467084080669599,1.408933478973,5000.04884907822,0.75
0.0288311630937066,0.00479899187261189,0.635490278058308,-0.431043848146954,398.819759723844,0.0271404718274319,0.421039738075027,852.856786496808,0.75
0.0194360354884756,0.00284353492327925,0.701934513009553,-0.401467252013314,419.185818629247,0.0412323782817696,0.450595264521376,788.662296029119,0.75
0.0116540166409642,0.00657143610832886,0.332623664353894,-0.67898625144834,371.732330228773,0.0797773672553853,1.55322024320486,4968.8810016743,0.75
0.0089541860876977,0.00166322287025637,0.128065957951712,-0.802725810936685,129.98642138189,0.104511557835535,3.21694648650023,5000.04884907822,0.75
0.0101597837959867,0.000949397379139336,0.135606590985222,-1.04043779570031,140.941888956035,0.0614670183063705,2.49514469966612,5000.04884907822,0.75
0.0217588141168849,0.00299208896035791,0.670923502922859,-0.675663840959414,489.221124607777,0.0307886693642294,0.392859381860421,821.970979937588,0.75
0.0323767579995512,0.00751197122790777,0.758399267419508,-0.64321985207598,863.894972559915,0.04915047719145,0.851231271267151,2799.76545674948,0.75
0.016028682940578,0.00273685827329553,0.402243089690526,-0.31887134287426,34.3592209077975,0.0216456464986156,0.140601697739805,119.832240919529,0.75
0.00913501806385769,0.00436548340214708,0.261460968970113,-0.828378119571731,295.598634156644,0.0806825501548404,1.4592026383211,5000.04884907822,0.75
0.00896056874240084,0.0018092889827115,0.0984746727821184,-0.026328577382512,127.089445244683,0.108666654525823,3.31079282680513,5000.04884907822,0.75
0.0122472395664919,0.00485861452908866,0.0748777892657547,0.195397126769896,107.076605872437,0.11776287597844,3.53934148294316,5000.04884907822,0.75
0.0210296732231636,0.00282005393864733,0.434698632153943,-0.358805919657282,95.3391043911347,0.0250053951227437,0.246970446370162,175.753297372315,0.75
0.0318937229254537,0.00725933774765282,0.679361553151288,-0.457421826680271,484.829925089908,0.0449072359135655,0.645671412605232,1579.57705529345,0.75
0.0217952819964507,0.0030637333658795,0.656800177840081,-0.82153173860597,531.911746660978,0.0313418776137935,0.461155527898097,935.456675443918,0.75
0.0105838906853436,0.00575969525381759,0.294641374298776,-0.596071318904155,342.199555709376,0.0539362840142498,1.56884238514014,5000.04884907822,0.75
0.0175704730698777,0.00116073367502709,0.494397539389286,-0.787192164210928,621.020003229439,0.0299599469054744,1.58450747454762,5000.04884907822,0.75
0.029878388461876,0.00470765181963905,0.694363847659765,-1.11112380731328,1119.78510796906,0.0334531691618448,1.66148923050106,4878.36323642181,0.75
0.0102408718721021,0.000735300438037888,0.108708834235038,-0.772926040389622,111.849999603767,0.0650452216388269,2.69224674739365,5000.04884907822,0.75
0.01893777692306,0.000353928096020942,0.593210762302324,-0.691999256321091,310.341800696726,0.0355396983657665,0.290814695827043,515.706861054765,0.75
0.00788312727056548,0.000353928096020942,0.197097317709648,-0.54097189566794,231.328739272078,0.0446374190045022,1.71884325493653,5000.04884907822,0.75
0.00973911052880812,0.0012449038401986,0.395189495480141,-0.81717542957224,449.654866893988,0.0404679973275826,1.46178738127475,5000.04884907822,0.75
0.00906640524303506,0.00164601530077387,0.115696051231851,-0.257998006251847,136.481615280348,0.107702805500653,3.37162666136634,4966.55480860334,0.75
0.0186624776223131,0.00259082157368415,0.436857944664773,-0.453517807482633,105.118538591907,0.0227351127232388,0.226174118017538,149.77864806883,0.75
0.00871880117932141,0.0039433994511494,0.239070907209761,-0.659102702516959,269.639043983271,0.0724710895003782,1.49871859450892,5000.04884907822,0.75
0.00984246778201753,0.00259001496193343,0.0482161567493071,1.11275020874642,73.6513908374954,0.0523617758469337,2.84288103891921,5000.04884907822,0.75
0.0406370296069881,0.00799606707693482,0.720228623766524,-0.339861273852163,859.804820442515,0.0350694004793541,0.816815485509264,2801.18491762567,0.75
0.0127431330450387,0.00605875712055328,0.038784521476723,0.450333539005321,88.1411316779741,0.125841550759034,3.37930830854771,5000.04884907822,0.75
0.00676693704958729,0.00235401263018595,0.287089168310773,-0.604476967949226,353.42915412601,0.02870335743414,1.51425788614954,5000.04884907822,0.75
0.0199139110286439,0.00122166245883124,0.556270592610411,-0.0897889184665164,209.352132102835,0.0462330485516907,0.25079523834823,329.614463349601,0.75
0.0293249578013627,0.00744431705755696,0.732923802216892,-0.2818463861077,601.886297222628,0.0493623513164796,0.602563094913971,1384.43047082991,0.75
0.032856168748867,0.00611562314286705,0.799545955835205,-0.993597313294505,1145.28670382909,0.0315041837708668,1.10621782911375,3885.29936660516,0.75
0.0309492327237904,0.00827781863619908,0.618723870664414,-0.352685582402239,1045.78494820529,0.0670997212021923,1.8150667957362,4857.83663665025,0.75
0.0381033937691089,0.00797833173966704,0.712756878757808,-0.341392381913777,884.977583009905,0.0427588271868904,0.858212781673889,2958.01942293348,0.75
0.0083386880036406,0.00360226399846166,0.228700600682335,-1.01190670384477,223.832291654039,0.100023638637593,1.95509724709574,5000.04884907822,0.75
0.0174405790164187,0.00437806025939444,0.378115057105557,-0.180382787321297,78.405897084617,0.0214817768661349,0.140601697739805,-95.2486481219221,0.75
0.02399044009214,0.00451611576710245,0.630788797696712,0.183818392683531,340.300619550345,0.0514703874013406,0.386837104948555,686.300534772967,0.75
0.0285741585454846,0.00689538327874106,0.773548372127032,-0.689708883970578,686.504707395711,0.0485547991504996,0.711942534832793,2181.83836963639,0.75
0.0342209301398915,0.00560070115280914,0.720263145052978,-0.920969320730297,538.634843172067,0.0325254439140342,0.765366162562336,1930.92395737941,0.75
0.028791966870149,0.00518214295145391,0.655367113902402,-0.830769752860564,556.759388096223,0.0327700197872474,0.610723908896553,1265.82026051396,0.75
0.0183708148240086,0.00312366559165996,0.413523112433524,-0.262056436098259,40.4318179581546,0.0223365749135626,0.140601697739805,73.1138708213857,0.75
0.0306923713904566,0.00567422773655951,0.712979170870925,-0.735046144221748,482.432995945985,0.0324169434141868,0.612523456841094,1431.73551148386,0.75
0.0174456749055423,0.00377100287594314,0.385512158000432,0.0566218807950161,-13.9256491669923,0.0282904921708675,0.140601697739805,-77.0161154102898,0.75
0.0129999395795319,0.00692428848822887,-0.000339461546218556,1.00117063282998,94.942643394626,0.119208034827751,3.20276628648277,4979.10358661,0.75
0.0166563132280358,0.00342723187603236,0.411152822460784,-0.0986853093057895,20.8278320055021,0.0247324568604721,0.140601697739805,-50.9275490118971,0.75
0.0257062664277492,0.00515941195396726,0.515258074230024,-0.653094741300674,767.879061921971,0.0528387092169824,1.55695660008568,5000.04884907822,0.75
0.0157544762038448,0.00867860538578837,-0.0137231452207323,1.06118568819352,110.953984518904,0.132806083229983,2.67043125967951,5000.04884907822,0.75
0.00884055573687322,0.00260774764543161,0.209185013015475,-0.877127859607074,195.64226381592,0.108077927190508,2.34525653783566,5000.04884907822,0.75
0.0317882206089419,0.00781896912575146,0.747653178763722,-0.214850565153473,787.735008424536,0.0594773760775819,0.647406983231335,1788.1097437903,0.75
0.0296436155781668,0.00540025325737908,0.636944452664585,-0.624824041756313,1022.57655965146,0.0558231221396377,1.63125991118125,4859.1012818012,0.75
0.00854876492210566,0.00254312880501497,0.351087940175281,-0.836280273627661,388.69173016126,0.0423151837610986,1.59142840204817,5000.04884907822,0.75
0.0316592201120949,0.00547918713947804,0.735308140878375,-1.05122953337411,830.546184446566,0.0313888300445751,1.02152324468285,2804.08829068212,0.75
0.00908402422297066,0.00137536343988492,0.0948497065329575,0.603546567709862,124.411835415673,0.10689046132509,3.37670460621691,4954.88790544886,0.75
0.00541505592390675,0.000516122695001719,0.284953960090118,-0.804230681610629,316.791657782607,0.034709761669313,1.61375499434276,5000.04884907822,0.75
0.0118652758158095,0.00338441916440487,0.405356382756951,-0.89893653176607,440.045470985691,0.0362614072330793,1.63495079792704,5000.04884907822,0.75
0.00757547414107097,0.00215493478105196,0.19442157087642,-0.69671423107463,219.431392075012,0.0679195522989473,1.43316898526992,5000.04884907822,0.75
0.00863298468007383,0.00339977765709894,0.319127591049737,-0.781174992287506,319.641802487684,0.0446967996311842,1.48047429064628,4978.26562908491,0.75
0.0186179784279304,0.000657543906414278,0.466222374500445,-0.493510872667431,-25.6669301989299,0.0318354618889191,0.18618897743713,143.540523396951,0.75
0.0100459062069901,0.00122369675766883,0.0613768569406848,0.241392465042656,102.428519781913,0.0714624126768879,2.86371849070801,4919.13274420346,0.75
0.0258680813795295,0.00746081994087597,0.647213118579993,-0.583484473634339,1040.68759287156,0.0709386016906801,1.65998145731398,4898.28370795661,0.75
0.0213592707764515,0.00308248774934684,0.666931186575616,-0.797452846042128,551.345821754875,0.0356261878426027,0.485470259372197,950.466155462068,0.75
0.0171000854040472,0.00162455492984537,0.42014552303443,-0.137651412574238,-65.307915282918,0.0320540007516758,0.140601697739805,81.648446404025,0.75
0.0179474507056947,0.00166354791983773,0.417832569835511,-0.233888712259724,-90.0719316104384,0.0307732623836226,0.140601697739805,28.7244081599902,0.75
0.0406048730966722,0.00543527730493766,0.714896301234177,-1.04499849883078,700.544794530322,0.0233985920343138,0.88807192958838,2513.05561682136,0.75
0.00894029924914966,0.0021023841720282,0.20150108072193,-0.633360980195548,208.681589146502,0.0806556199207972,1.68842890054653,5000.04884907822,0.75
0.0190324848074474,0.00449923623401892,0.380494922318305,-0.255198575150277,94.9472836901994,0.0214817768661349,0.140601697739805,78.0408010001966,0.75
0.0198837706357588,0.000478623675838528,0.573036917362033,-0.493023181924904,267.678012481383,0.037161438728853,0.257053376279746,412.978456484094,0.75
0.00922477868012963,0.00386965203577565,0.351644152544644,-0.565995966250591,383.426547300434,0.0526398922197999,1.51835251048259,5000.04884907822,0.75
0.00819719826252106,0.00412562365165656,0.24701105259252,-0.575395500120004,301.375671837094,0.0631774296796341,1.55466540082208,5000.04884907822,0.75
0.0275823750885726,0.00513481402262594,0.701957523056733,-0.950543295056006,658.417848317868,0.0367208911167722,0.779830224714963,1757.31666810501,0.75
0.00925820472112498,0.00122547727887352,0.116290555497211,-0.790694694871354,102.239551805367,0.0752388763003796,3.05205557318816,5000.04884907822,0.75
0.0157150042030815,0.00249848985076474,0.43928353382667,-0.192231568007115,26.1822493798254,0.0287359156054883,0.153260737992507,45.1242218810194,0.75
0.0210426456816573,0.00231546794789992,0.539078381343759,-0.00152346181733515,132.56944942721,0.0431685702195623,0.28132278080543,429.348707424569,0.75
0.013822585306189,0.00750377818964051,0.0162955132170445,0.642188748358873,98.262528543089,0.130049316478363,3.06245715618007,5000.04884907822,0.75
0.00956372180928934,0.00184824517611325,0.0527963485751325,0.98412793006391,75.7961069765179,0.0697498268538885,2.95898578522982,5000.04884907822,0.75
0.00993058767820129,0.000728794113671642,0.177284038533272,-1.1095400464231,194.225651549486,0.0577177288372844,1.51549977576714,4936.99724849707,0.75
0.0398544157123552,0.00623229702099971,0.783718604878978,-0.764403046013922,1153.5924215317,0.0251466510158509,1.13249294923209,3738.04170732108,0.75
0.00866096991509048,0.00164889809726756,0.119509378552947,-0.257114096967102,142.605017357602,0.113667736444592,3.3934850154763,5000.04884907822,0.75
0.00902440136650426,0.00169093202974267,0.119250407136022,-0.317795115374981,118.133539121173,0.105645531484971,3.02915396230739,5000.04884907822,0.75
0.033991837791244,0.00690729544773009,0.720494792950288,-0.708268365297934,782.150688920756,0.0395122477700761,0.855589085495888,2278.2892727909,0.75
0.019857348267416,0.00171455178383614,0.629346118413502,-0.342008270232526,350.297432361294,0.0487796657742386,0.370015482032445,686.965153580984,0.75
0.00991993311303007,0.00236192491068868,0.0412892600385255,1.04099232529425,91.6240163738683,0.0741578385971795,3.3262425127095,5000.04884907822,0.75
0.00825395171377115,0.0017648011730603,0.21169383648981,-1.02913037795608,224.82142025128,0.0633601810628716,1.35805526736044,5000.04884907822,0.75
0.0306490479036105,0.00749818868828105,0.727001555600507,-0.535966893792428,853.935217299478,0.0564272292630077,0.88197315380117,2429.44502083113,0.75
0.0188504212451949,0.000498875819339014,0.617361958156421,-0.848597266294753,445.514045212928,0.0343581447011737,0.368305266268985,656.801214542483,0.75
0.0115666223979869,0.00302127380458198,0.414738392633088,-0.865934642326599,431.488145554125,0.0443710288168598,1.55793062089335,5000.04884907822,0.75
0.00996485603764662,0.0018366152969662,0.170058472995793,0.177165169089901,164.998942091636,0.0719776740570824,2.00411653839926,5000.04884907822,0.75
0.0296483326486446,0.00663690502932901,0.711579266463161,-0.63392094598348,573.127331714664,0.0428361096972124,0.603010042512584,1463.44453041623,0.75
0.00970074711710887,0.00166198551922081,0.230352457791538,-0.727086509149484,256.185442496755,0.0910744705849793,1.88745358911417,5000.04884907822,0.75
0.0239119369313691,0.00391033624009173,0.636315813728587,-0.127078595778652,386.968196914529,0.0436005392361398,0.36103404995705,726.905111662164,0.75
0.0140121761560256,0.00632158543623176,0.41397265312176,-0.727237148796301,481.814547955153,0.0726675580004161,1.45433679121247,5000.04884907822,0.75
0.0192368989399875,0.000353928096020942,0.476874888230265,-0.598809433470729,-2.42770101974577,0.0307382321489164,0.15994372110912,300.509985640307,0.75
0.00953930564013188,0.00141119281235965,0.0355639600613349,1.0499518493007,86.4974647396019,0.0620728836506388,3.3724422733245,4939.64271667668,0.75
0.0117751743582941,0.00495909083309584,0.0583653119094261,0.608908423037157,105.229437558913,0.112478921568835,3.31022801491555,5000.04884907822,0.75
0.00791217991017958,0.00350084161522693,0.268406811012461,-0.658195502198531,307.173526615898,0.0516283431609325,1.66273393114255,5000.04884907822,0.75
0.0223454417355895,0.00734818395293188,0.501454463773466,-0.618232755501652,696.066958790479,0.0661752705081925,1.41538679459908,4973.22121510376,0.75
0.0389151723500073,0.00560135824703533,0.703093561404625,-1.07797606192486,820.358541364099,0.0219527360655091,0.970204407508844,3047.39243532604,0.75
0.0306880176557197,0.00570883791961688,0.713065137888391,-0.920451153918235,619.694149624499,0.034776723555357,0.753057941832227,1970.108963032,0.75
0.0356447478583744,0.00703222100262125,0.788244205623984,-0.483034953905908,1061.24394657246,0.0390290480065157,0.946649090616191,3342.46323043727,0.75
0.0322395702879663,0.00720972323712346,0.704420329872039,-0.492965822735584,743.433657345847,0.0511934078906286,0.748500276519479,1988.78508901275,0.75
0.00988595934211687,0.000353928096020942,0.114985707616245,-0.7951547107948,115.92782934849,0.0599160374218888,2.69440261189039,5000.04884907822,0.75
0.0309989212080295,0.00483398184429951,0.72148651471256,-1.23273739681914,1138.4781078212,0.0313748764698366,1.58380549104904,4321.67090150731,0.75
0.0330612424973846,0.00609099121128913,0.679579694555985,-0.533405198517307,380.840860970255,0.027034921057859,0.465214499528909,1101.58442372173,0.75
0.00750419026759796,0.00208995536661402,0.203291102961632,-0.639448531207161,229.202040361719,0.0610644030864372,1.34897053927345,5000.04884907822,0.75
0.0189100739599081,0.00391680043990783,0.430052472851889,0.377771728280631,-72.3556009682271,0.0413523529224842,0.21661927124581,18.6258620875042,0.75
0.0207882720711059,0.000438433427388196,0.562187201357997,-0.420868677530053,185.75897042787,0.0397592995437872,0.296055487774056,466.74503095305,0.75
0.0102782363491474,0.00113882177966556,0.11688121679599,-0.803201887819684,117.866171214174,0.081881524265946,2.6935998241473,4919.27006174592,0.75
0.0380693718864407,0.00528386875722798,0.696990296875652,-1.11717114441415,915.032121874088,0.022062650476892,1.13393699058898,3337.16304308292,0.75
0.00939284719751763,0.00360870180669368,0.259467194013555,-0.727179819115426,272.892108855545,0.0737306520642931,1.5525523141268,5000.04884907822,0.75
0.0102731036917405,0.00108472216016633,0.0791873528795647,0.527559066421829,78.0723928400283,0.0395664636571299,2.66693296894556,5000.04884907822,0.75
0.0102566775251517,0.00481792119557945,0.303892506806876,-0.849774376540112,315.687977323034,0.0872799034424575,1.41649472071832,5000.04884907822,0.75
0.0318648839343423,0.00715803783153782,0.753243695479534,-0.363690974226864,439.414032322242,0.0407906952892396,0.515815960959771,1352.36728860852,0.75
0.0240600462478082,0.00554339151029931,0.623423330162699,-1.06558145167732,898.939921352973,0.0421947107021558,1.67800226722214,5000.04884907822,0.75
0.037914246911849,0.00728982770845171,0.706514032072087,-0.53304325784994,855.989221292408,0.0364560164772626,0.790448900931599,2437.24794554061,0.75
0.0120283823040883,0.00445114492710142,-0.0153624527972717,0.825609324125448,61.5979625985521,0.0910130618010226,3.27969600775047,5000.04884907822,0.75
0.0100385649132536,0.00190242817592619,0.102065132909309,0.40208867515491,147.606906077688,0.0717087194262588,2.69489553368391,5000.04884907822,0.75
0.0165592774652623,0.00263764340306545,0.423166653745574,-0.548279693342797,113.91517404586,0.0214817768661349,0.200881251874996,155.023677076077,0.75
0.0310952746454994,0.00406949020165579,0.749168904329581,-1.13738696917537,1170.62295149386,0.0306801791136058,1.55581377194717,4518.76803885559,0.75
0.0100012547912213,0.000676691421337659,0.0931512964283974,-0.116045712139972,100.576670501582,0.0458970285293967,2.86209974582945,5000.04884907822,0.75
0.0324544108676782,0.00525756734811876,0.706086619115744,-0.754989198377322,1148.11730785263,0.0513383169406082,1.42039068459804,4872.83720438608,0.75
0.0290494563068564,0.00669766154110868,0.709546510409882,-0.448885934415379,662.990180406675,0.0555504045831817,0.651331733054049,1527.65274921679,0.75
0.0267367883837307,0.00410958040368407,0.552282385335729,-0.870233935987019,779.537080108404,0.0366519909782572,1.54021139528575,5000.04884907822,0.75
0.00992718861285703,0.000396327756164358,0.130991142838866,-0.817855676487083,107.897058723948,0.0443623984385293,2.97747904456153,5000.04884907822,0.75
0.00849865269946404,0.00402049164996105,0.328839030805385,-0.418995888610614,360.881476958173,0.0334986294083592,1.60295365789606,5000.04884907822,0.75
0.012909785993858,0.00678633765739814,-0.0464061186863154,1.37593545458316,75.4612231658878,0.10440206026072,3.21264968713047,5000.04884907822,0.75
0.0290992040111433,0.00613182720915873,0.66980647016112,-0.592348617254346,460.227452348581,0.0338767720361564,0.512498276320137,1086.05194485097,0.75
0.011906826208601,0.0067093062715484,-0.0692101836650741,1.86840278761645,79.587725874015,0.0837849790142992,3.79024497859188,4943.0185625854,0.75
0.00989906831387835,0.000936266795297497,0.146176199551753,-1.33941312501135,133.885357219164,0.0582079704314628,2.8595561742095,5000.04884907822,0.75
0.029105461323099,0.00495833446641004,0.694748300020566,-1.04937557726814,528.802342809023,0.0312941053514109,0.683630567695395,1732.02860014036,0.75
0.0205940113774403,0.00305718992997807,0.491118961633877,0.267231556674227,47.5645946268572,0.0471914086617139,0.238642381036986,251.108836653979,0.75
0.0180795940135098,0.00728914905346708,0.409769716139202,-0.634907109139231,496.655207762443,0.0686724480216768,1.47849044001929,4960.81754945689,0.75
0.0150466869281126,0.00397385751146003,0.479097622659507,-0.89804556278618,617.471446033396,0.0460022167107113,1.65735013566108,5000.04884907822,0.75
0.00976933742759131,0.00175292054409435,0.0267641176645344,1.10019473028784,86.044205262248,0.0487834132995722,3.26156675303483,5000.04884907822,0.75
0.00899528739620666,0.00157458925284894,0.0661344041654354,0.345780616483954,97.4580104931253,0.0978096819387776,3.12478808591201,4998.67904559834,0.75
0.00886431201338543,0.00355421772986339,0.269572747114492,-0.6607263780758,295.986962786256,0.0486315532114076,1.62925475337235,5000.04884907822,0.75
0.00390926478802956,0.000353928096020942,0.316916267107908,-0.766163646463508,323.362453049446,0.0273078320702165,1.37718081451341,5000.04884907822,0.75
0.0101394445562186,0.00507817526859588,0.350500733061751,-0.542931128295028,395.363866759917,0.0495397601391049,1.59443394676283,5000.04884907822,0.75
0.0190750359733674,0.000353928096020942,0.528825037803188,-0.469135890247223,117.283012322059,0.036063910382432,0.17925665639649,248.061931920767,0.75
0.0253656783150417,0.00598014948887434,0.656479480576269,-0.923040875083572,1003.14835469893,0.0539411195947615,1.63145738746977,5000.04884907822,0.75
0.0267293986951011,0.00579767763410234,0.724872368569554,-0.251348101657336,378.897821900708,0.0420004654006648,0.497789592784008,1026.88595627339,0.75
0.00972208598668874,0.00311144542086226,0.0411289148517448,0.703191307746368,121.996782146401,0.113234625343094,3.55189718890601,5000.04884907822,0.75
0.0351537039496114,0.00597470533504525,0.771483296806723,-0.989795261961569,1027.96805490868,0.027506850660757,1.11114379825122,3701.74861211565,0.75
0.00981562578413808,0.00393482756556136,-0.0210572661337566,1.7367716541891,60.7037687647848,0.0628407657003103,3.4554254727942,5000.04884907822,0.75
0.00574257626905839,0.000353928096020942,0.236179031302504,-0.666618410398443,264.710293166166,0.0404075646959704,1.53947312177473,5000.04884907822,0.75
0.0103550833783396,0.000995001014425805,0.101090883970226,-0.373094270774332,110.416433002025,0.0542460212485407,2.94909768654501,5000.04884907822,0.75
0.0297263597203981,0.00490341410634794,0.735075186280741,-0.953099069072199,1163.03932602381,0.0428922917213964,1.5044236385608,4885.39595803675,0.75
0.0182976589003779,0.00170104206708738,0.625214225559963,-0.22154169918572,336.228610514136,0.0509922562621327,0.344806015468387,440.632232551467,0.75
0.00941715678404603,0.000910069161437271,0.0596981711916068,0.332967200402335,90.9448343609958,0.0854985304308342,2.81404407460274,4897.51896721602,0.75
0.0169576228875001,0.0063235316367002,0.465065012908722,-0.775672979273845,562.741303907958,0.0746580733830243,1.4660596285117,5000.04884907822,0.75
0.00623481616788546,0.00241772187271645,0.28164245817841,-0.748213417183561,322.381651063859,0.0414673442692174,1.61883155115761,5000.04884907822,0.75
0.0224628544809476,0.00242762994007305,0.573046565586564,-0.215165098140504,273.507460518455,0.0380832605389868,0.344221119165689,456.690687889595,0.75
0.0114293107355909,0.00516034897548413,0.361573216171664,-0.682025546885735,391.585937542275,0.0659861418338885,1.44242247573402,4979.157205277,0.75
0.0189333944865533,0.002141154810568,0.588651568020328,0.00950841591771595,255.087196802768,0.0535561113962406,0.305178715407176,411.527863175384,0.75
0.0158228034897041,0.00610886585317545,0.387231558481489,-0.700713227000826,492.479906424686,0.0540581704377822,1.49180534062271,5000.04884907822,0.75
0.0371903615146351,0.00631486559696611,0.779086293105864,-0.881036125450971,920.760594102125,0.0250585497389301,1.01073964146025,3115.72674526978,0.75
0.0322895117248826,0.0057842050558121,0.787221122063584,-0.982926686863547,1235.04604927557,0.0371198418635014,1.19057553502769,4343.35799770598,0.75
0.0198300174631699,0.00198281615689253,0.640321249234554,-0.683991043631085,575.826640182317,0.035261956782117,0.358858593392493,652.922281075233,0.75
0.0360348019425324,0.00571036589382581,0.780988466381944,-1.04141891336015,928.657889674096,0.0238726195435956,0.954578968944345,2966.29512624909,0.75
0.0186566752123564,0.000837417437793338,0.451433326653797,-0.527777117954428,-5.09064797777705,0.0289006678022152,0.140601697739805,211.604375525731,0.75
0.0245716612220816,0.0043792826105778,0.666705082302712,-0.546695144480281,465.326534227293,0.0314800044578959,0.439974852569627,878.520452218397,0.75
0.0325841476458766,0.00589533246881359,0.68576277145694,-0.632970436694684,509.900252768001,0.0308756520087374,0.559735283472664,1271.56723406189,0.75
0.0462149064739386,0.00426568586669617,0.692551359261763,-0.809085442736846,943.840143500397,0.0239525165241791,1.1825429082099,3522.08053120327,0.75
0.00921341055521867,0.000974027861666463,0.0659247062030067,0.956175053056782,93.1165053070723,0.0357249768726364,3.47537935885999,5000.04884907822,0.75
0.0100726608853816,0.00155927404883942,0.088042079810545,0.0776895307697326,102.91018255425,0.0723295711262155,3.3800645545137,5000.04884907822,0.75
0.0209791638884498,0.00232021403584476,0.457721834841359,0.263604766350961,-8.18855506570077,0.0409146085673361,0.170437703155288,260.038246472883,0.75
0.0123750879549418,0.00650917122778253,0.366926463893381,-0.376086305636328,441.752986672677,0.0514641654115941,1.6703539129638,5000.04884907822,0.75
0.0116652717482902,0.00381282537500209,0.382793963748291,-0.785725461273487,418.347304969053,0.0437863924940657,1.43208007182307,5000.04884907822,0.75
0.0345107840049232,0.00627164706319932,0.761391695275219,-0.646571745693662,1200.89941347663,0.0451726993914666,1.24163529014806,4402.30708087748,0.75
0.0212063042307771,0.00145968541226919,0.606466291200791,-0.68393242532807,360.649675131569,0.0334438676244307,0.406063030447429,738.279374349911,0.75
0.0114532925345833,0.0011439633974329,0.113278151314163,0.223669187629048,137.987434765458,0.061234768054255,2.58590716976138,4948.18667918198,0.75
0.0307769292084254,0.00586075988251908,0.6886647210668,-0.818819572268026,552.526367499493,0.0364073271057643,0.738362916813826,1717.19085956888,0.75
0.0102452125384351,0.00133160812808419,0.158136016526462,-0.393515235496195,150.134753149199,0.0632699146686032,2.28936478749624,5000.04884907822,0.75
0.0115518986447552,0.0020256647926754,0.458750700542219,-0.940444843563104,537.672168650558,0.0374203299887779,1.72524531217265,5000.04884907822,0.75
0.0255420479261625,0.00463721953042736,0.603660660567476,0.0400421907676368,248.40666406346,0.0523093093528876,0.405903827672932,762.385083864177,0.75
0.0101473355157119,0.00298845444157779,0.0348308902095955,0.923047476539075,84.5971440014712,0.0769989603954169,3.18169385483375,5000.04884907822,0.75
0.0100199004947038,0.0023463901119523,0.0598061447685442,0.462997560868465,70.7992791609105,0.0575398478882082,3.16616024108006,5000.04884907822,0.75
0.0136322656347238,0.00665548569418982,-0.0241244837709712,0.837788108240812,72.6110500436516,0.126187403441221,3.15640053744696,5000.04884907822,0.75
0.0283376580819559,0.00572961810464343,0.721157767707856,-0.953172100355037,658.588595736395,0.040287106323927,0.870206230928007,2304.17795961245,0.75
0.0194286644625116,0.00461065564564249,0.514254675492344,-0.76072521314291,736.676985991798,0.0523187240015602,1.58228935040493,5000.04884907822,0.75
0.00905877521038585,0.00122335889231329,0.110056330254805,-0.520564009416847,108.998918523418,0.0889653753116463,3.02628421715745,5000.04884907822,0.75
0.0328841700274514,0.0061645275021734,0.635986342242486,-0.314657224060453,521.082405763226,0.0302019274214535,0.5113466110848,1021.2450840665,0.75
0.0278237759006294,0.00441260473785966,0.742134642016842,-1.25332761199448,720.55327610094,0.0323015591773716,1.02838908480767,2743.22986281891,0.75
0.00883678899982518,0.00469559182641525,0.295749578743689,-0.690073821853427,311.122828767113,0.0510637165016049,1.49835157684327,4972.08418851953,0.75
0.0314081137353046,0.00575001392590603,0.779225755237427,-1.05559002403265,965.589693253151,0.0277550354452531,1.0018771877974,3315.16364372435,0.75
0.0279788905707003,0.00644915575470372,0.752604955914786,-0.778693015292557,692.021172131963,0.0398750232118032,0.682144902737332,1768.265252892,0.75
0.0400459568768112,0.00684763503170921,0.723894250707305,-0.469073430077518,1125.94307163955,0.0306588892407991,1.02308454739759,3781.52944317508,0.75
0.00864205937324862,0.00218883408864135,0.171443829844566,-0.377507506245238,187.317454990934,0.0764167653025623,1.88878703784501,5000.04884907822,0.75
0.0152782724256226,0.00869214065293676,0.367306721443645,-0.664161083163937,459.212999838178,0.0737306868165645,1.39023019058674,5000.04884907822,0.75
0.043541888026222,0.00732532849028775,0.675073961187631,-0.180482443937112,508.586997787864,0.0376299160570572,0.590887379870137,1604.7951011223,0.75
0.00967034946696145,0.000818530430158334,0.194364782506053,-0.18457540149657,189.308718213104,0.0598740632518826,1.64086390487601,4952.44373133916,0.75
0.0193221419470861,0.00113787800277877,0.622422506049522,-0.823802380071125,451.593957933824,0.0312559004821659,0.350894928443925,665.8861708021,0.75
0.0352360487249609,0.00691257209125208,0.661470563237544,-0.508801147230914,1046.58817964731,0.0672843982190692,1.4828056520784,4801.75825645307,0.75
0.00896115201240122,0.00181250494148503,0.052350519363662,0.770654430291018,116.937966145077,0.102394604084344,3.47385338293309,4983.17823920373,0.75
0.025803919470334,0.00604839998521202,0.659649381584041,-0.763134109857052,1048.66911394395,0.0571649807835661,1.60056508313806,5000.04884907822,0.75
0.00989301599872281,0.00168395458619098,0.157333575577821,0.287724829153414,193.716179009606,0.0969305714480231,2.77937740206077,4979.74799708174,0.75
0.00955551304985179,0.00122535984956783,0.136596125833779,-0.846591543257176,128.63015928528,0.0883059662932891,2.76920491638978,5000.04884907822,0.75
0.00872788802811716,0.00172128878391866,0.0860238259288909,0.200515187841013,126.078549656941,0.108475427117757,3.40539679703389,5000.04884907822,0.75
0.0129512326226358,0.00568881992492482,0.0632854192025833,0.360436358905867,121.015009881334,0.126055699153603,3.48237336777763,5000.04884907822,0.75
0.0371232152832341,0.00531854356084196,0.726936872854017,-1.12465343460228,1225.83086647555,0.0253058778211907,1.45818927258358,4400.45331807558,0.75
0.00906508576432842,0.00122385934510329,0.0513352444483606,0.556220118918243,94.295447472616,0.094331321688394,3.07590040928722,4941.05880839382,0.75
0.0205721903298049,0.00207701233143023,0.613726382493921,-0.148388155735933,337.730072185248,0.046559244441028,0.299767530790122,529.005018247801,0.75
0.0158367097144992,0.00193672635268559,0.41805680431139,-0.192213085052834,-69.5717336678823,0.0311466967716883,0.140601697739805,-93.4867578025651,0.75
0.0133306644352559,0.00860561358808886,-0.0836868335219356,1.89410061903475,94.7061335684081,0.107872163923507,3.5230706106745,4994.17392787817,0.75
0.00999089090761039,0.00180952576131034,0.0757950207987902,0.516296195944407,101.758905378042,0.0685126167585262,3.10191604774391,5000.04884907822,0.75
0.00934667649972312,0.00120594219731109,0.0803220513264223,0.665952751401014,95.6538573992747,0.0334461231459574,3.2790631274166,5000.04884907822,0.75
0.0307758977342274,0.00724263527954956,0.739719033984848,-0.590243424440125,880.931278124407,0.0541750948404852,0.918473931036111,2566.3433347624,0.75
0.0121726468770404,0.00343328166622314,0.382533953190463,-0.792517403353816,436.357660718674,0.0380743318850483,1.53175688496415,5000.04884907822,0.75
0.0340879755282507,0.00542558294068717,0.740511882987043,-0.980100214695584,603.633833153472,0.0289402002990266,0.724429325414275,2053.47072356675,0.75
0.00982192758541746,0.00265391915105715,0.0159111676368379,1.13858003855687,98.8677930728194,0.0659617542906638,3.71992465747806,4956.4526498359,0.75
0.021778806230493,0.000949457531993567,0.563345353027664,-0.877187300974045,412.156555890952,0.0283524206344415,0.374109579025938,664.42125218585,0.75
0.0318295787547166,0.00477689576080495,0.746181398077969,-1.15113311668876,721.674880690045,0.0297823248757824,0.988570157387248,2548.60489616258,0.75
0.019202535183573,0.00246983008798106,0.494547930722042,0.258469857961523,2.20462155053906,0.0506628541995687,0.267486392971817,223.058583791433,0.75
0.0279548622411619,0.00412668099106173,0.748556601680252,-1.25019494573518,690.563785516237,0.0310740542539611,0.962244345264506,2621.83550651796,0.75
0.00830267096508969,0.00101642467356875,0.16446249265519,-0.201507266494351,213.040682678049,0.0746807764312036,2.01472772977939,4972.41756268356,0.75
0.031666170811347,0.00332595085905618,0.646650748104034,-0.928608031868625,977.29837367324,0.0366996067046895,1.47109449121026,4933.67883256693,0.75
0.0214966822852212,0.00147996293438288,0.522401131098722,-0.791911411820061,687.233790185702,0.0307626439179459,1.53014245588357,4981.41774271291,0.75
0.00950787593775602,0.000863965527313453,0.0905968508288194,0.401245349402748,103.229857587577,0.0405959851661783,3.68090284940669,5000.04884907822,0.75
0.0156604045282649,0.00513261448283278,0.433745636558612,-0.701206336566171,536.001275027925,0.0545211118021211,1.56015762919928,5000.04884907822,0.75
0.00903894109321488,0.00204681009089358,0.132541275023648,-0.0324387578076308,170.872697466457,0.106598190115334,3.30557300304524,4958.71194311544,0.75
0.0108326068614859,0.000548407428117962,0.163766617695205,-0.32577038946359,187.854749786835,0.0509241759621055,1.92373512938819,4998.07884176075,0.75
0.0184414683570006,0.00243348772217872,0.425362250409037,-0.17899345475198,-22.8099577810647,0.0267890712526481,0.140601697739805,102.217176512709,0.75
0.0406789769196995,0.00534974748810397,0.69476549260037,-0.993615724173189,651.428360285016,0.0268079727964398,0.777614363925801,2102.22235680724,0.75
0.0127687070609145,0.00584313914730432,-0.0227014474756659,1.42541370168861,90.1100116372338,0.106667122596333,2.78365051037031,5000.04884907822,0.75
0.0227578461907497,0.00224212877757427,0.596247187542568,-0.186348689413175,321.377870231951,0.0408551049508517,0.27921245165459,518.478978220717,0.75
0.023336571801091,0.00373346802226031,0.690984880859394,-0.667255387487147,447.142018477427,0.032321864108824,0.431454630617579,920.976034626834,0.75
0.0122109819959528,0.00283055762628435,0.410850283493314,-0.896571839860282,514.7956427725,0.0319750438570193,1.60602577627418,5000.04884907822,0.75
0.0177694126917182,0.000408727722934871,0.5554780971157,-0.75459289619395,256.293320164691,0.0352703146062562,0.279867140954161,348.117734453144,0.75
0.00894788864265525,0.00133823237740646,0.0717111178263546,0.989087817990411,118.517199159232,0.107799947579129,3.67006641979483,4960.81523930827,0.75
0.00756035217052319,0.00159427007476839,0.23580516663569,-0.577674189333923,238.636314132764,0.0433712928997176,1.41650968518081,5000.04884907822,0.75
0.0172880878007055,0.00617421361403316,0.514501915457006,-0.827780662223377,687.113816631985,0.06160108543014,1.70276202331484,5000.04884907822,0.75
0.0204060535609992,0.00123888045206342,0.604933538117399,-0.899288855106545,515.509717262966,0.0297469140914942,0.385122471301091,743.319148223871,0.75
0.00970647720723084,0.000836450825140324,0.129209143814432,-1.07253442699713,120.952271006958,0.0749881238844632,2.79518730700176,5000.04884907822,0.75
0.0338714578376436,0.00451746114744471,0.752498337344525,-1.15874371365568,1135.47575884973,0.0285268623748331,1.45709671077984,4159.3954945249,0.75
0.0200480679048634,0.00256070302063995,0.498475192798333,0.147325004774495,89.3938480961783,0.0442231321136048,0.247070926970835,219.440413608489,0.75
0.0394821497663025,0.00437170308372184,0.710147115276367,-0.981945662390547,1094.55997461989,0.0229920238870413,1.32016203805711,3942.55332668917,0.75
0.0107294920244468,0.00370583604463991,0.0211702657080797,1.07598275020333,85.4808458526484,0.0771832308482322,3.33495264235372,5000.04884907822,0.75
0.0230171125939395,0.00401539798836697,0.661882819994021,-0.0403020671393424,354.338249294858,0.0451235329653625,0.39555042172091,708.66844829547,0.75
0.01739262265465,0.00278119859169472,0.406863956791462,-0.445383940857059,89.1285295488927,0.0226672560108636,0.140601697739805,68.4435744226957,0.75
0.0173833496167493,0.000353928096020942,0.561067925291621,-1.00405310147128,285.399311746703,0.0292659620515531,0.280957414866963,556.211358109489,0.75
0.0243691402191765,0.00336707001152546,0.623855316681545,-0.708122636641253,541.651915073573,0.0277402762959324,0.383987008340853,805.412107248944,0.75
0.00830196151361705,0.00166913200122227,0.173883183125096,-0.665347388294668,199.870502160558,0.069677334555443,1.49534173631754,4979.44002694916,0.75
0.02214434445081,0.00252711341934418,0.594204517464165,-0.0571761571858014,257.690624145618,0.0440599777022598,0.321803981056819,495.89702807882,0.75
0.0202301523427807,0.00171482013600778,0.630102032173125,-0.441822573621616,343.268320755773,0.0390402884788746,0.374938859416002,556.258993342874,0.75
0.0350403125075232,0.00503922338073346,0.731797916384867,-1.25254052256184,1045.33146864595,0.0214817768661349,1.18865412075869,3673.30745559357,0.75
0.0130515559880823,0.00668451667841194,-0.0324597447146337,0.924350942534405,70.6371743457901,0.115996400596303,3.19693840364484,4959.41731773552,0.75
0.0172562837678747,0.000400917079233593,0.473271422702771,-0.0531012606439983,-127.10933345481,0.0486231795422718,0.164558925976353,114.735564518704,0.75
0.0104645040974056,0.00140187871839451,0.148329730220535,-0.192349385396664,158.890068374714,0.0651351090295322,2.00207114107162,5000.04884907822,0.75
0.00934932493058121,0.00233712153257137,0.162656214147092,-0.562573087903182,163.130484988933,0.0933381608427082,2.39817942811423,5000.04884907822,0.75
0.036327612084478,0.00764168980123827,0.733939616219506,-0.260268918497678,713.508731661821,0.0467409620408554,0.680096353617291,1832.14096296607,0.75
0.025133623780469,0.00508294107719351,0.692400433047718,-0.812753185271779,1043.97110601788,0.0580106465024718,1.56541234437388,5000.04884907822,0.75
0.0197546352907906,0.00206464012362409,0.44187467267961,0.160083753196795,-27.0527806893543,0.0365757847705332,0.149176514778338,151.822263853262,0.75
0.016359257181872,0.00169406912788735,0.41255479249126,-0.402119547354993,-17.0863959484631,0.0262587624602079,0.140601697739805,-124.335478565934,0.75
0.0108176951955965,0.00152296563110293,0.0895123579007815,0.18033543921086,81.7535681146204,0.0425760176313311,2.67166987040698,5000.04884907822,0.75
0.00911226908408868,0.00160110745776771,0.0459229510431962,0.64372886521413,108.916783554665,0.0996940957959415,3.17512885704712,4929.26603164313,0.75
0.00958666991616639,0.00149748819146795,0.0977506483812329,0.0690330434019948,123.773663038418,0.0914301439693617,2.89883616184545,4976.00410765888,0.75
0.0304998108568779,0.00534801406326984,0.724145806437991,-0.881579728290318,569.15948005762,0.0312088299939861,0.597065488197502,1574.58135708704,0.75
0.0335237736920527,0.00799587367509098,0.672913630155785,-0.288258623049662,546.65460184109,0.0433709582568124,0.594023345987805,1330.15129726322,0.75
0.00911958748559914,0.00199802423426464,0.103645506447713,0.0177056501488109,126.490714397444,0.116881217738574,3.12513420783067,5000.04884907822,0.75
0.0284774969418894,0.00749215197991776,0.68720366336641,0.323630825438904,504.922674718957,0.063929812651852,0.498223038238269,943.022976119247,0.75
0.0167667211443595,0.000353928096020942,0.634015412076858,-1.03402985070231,567.232264399177,0.0317960862538521,0.395458019808456,714.965373179711,0.75
0.00937927395412531,0.0015581656613676,0.144392718328899,-1.29073106846792,127.627508218529,0.094305342087438,2.90531058504092,5000.04884907822,0.75
0.0107946559700613,0.00429032918493675,-0.00787126348570066,1.61055129752959,87.4219475354074,0.0776983783994624,3.3052727827523,5000.04884907822,0.75
0.035888071974098,0.00519454919952333,0.678635846893187,-1.04691507009274,613.34962672756,0.032883786133649,0.93101212211407,2242.67179018869,0.75
0.0233522501589042,0.00357599440820476,0.694605905041802,-1.1269894288189,1004.47206592321,0.0375360470872141,1.68976150764271,4909.8049598514,0.75
0.0371989156884566,0.0062720772730005,0.698998424503672,-0.919210674327,810.652798026513,0.0290918165626423,0.994964619427092,2912.68043330776,0.75
0.010375567827887,0.00521453018802711,0.294410475078498,-0.659523894382026,333.04208763258,0.0651722282581041,1.55816392960011,5000.04884907822,0.75
0.00704453532963153,0.00132012999181884,0.21538198321777,-0.918852344120307,231.478449721782,0.0583974052352843,1.28169232415968,4971.97594266519,0.75
0.0276364166069444,0.00362291617796993,0.569067465416466,-0.433621089500259,389.846984257559,0.0264148415848239,0.352086929576907,652.734467793937,0.75
0.0103369089623108,0.00422962596639582,-0.00425513477882106,1.41556702310082,84.0825688992917,0.0651969187180111,3.4970203161098,4885.54317706079,0.75
0.0173545552069622,0.00174747474660974,0.484058666194504,-0.858341597017478,602.572585554384,0.0303490746213845,1.57449995832583,5000.04884907822,0.75
0.0208730323242057,0.00785283634413874,0.515384345090903,-0.562472335507122,709.828809569473,0.0753952833547769,1.61819182237309,4914.64643540476,0.75
0.0283246749248312,0.00602853934144716,0.688819974502006,-0.0130175447125618,375.520287686765,0.0436114782367638,0.452999642403267,896.491900103222,0.75
0.00943613706065564,0.000353928096020942,0.38177594713943,-0.748220208849971,418.129405515938,0.0347901761247576,1.53475847546584,5000.04884907822,0.75
0.0105535174038793,0.00397584959238859,-0.0137304098433408,1.56426830929116,71.8391675761393,0.0628789688842595,3.35595191484849,5000.04884907822,0.75
0.00969998937087127,0.000768285466304879,0.116098271310103,-0.778940298813608,102.197815476361,0.0509415474426826,3.04196395608869,5000.04884907822,0.75
0.0306520525691772,0.0072188883720141,0.754490112955294,-0.653954599385216,795.520535806136,0.0479523815783582,0.772655767815241,2215.06308437562,0.75
0.0191840963245918,0.00402453017813608,0.705729849271253,-0.0689572521665071,606.291498436339,0.0678056676027274,0.40131913993158,845.364287314894,0.75
0.0349154906057759,0.00471375671252259,0.801078081446615,-1.08628666335901,1113.16611332891,0.0249065504410499,1.33504960635552,3839.97446187686,0.75
0.0181352252064223,0.00178392041465585,0.621532321104418,-0.0202787122914602,358.537306995206,0.0596758552314169,0.312571679206799,426.136208381764,0.75
0.0251128029616437,0.00643835295909043,0.578165042857784,-0.696788965271165,878.676900917893,0.0629530205024433,1.45180363593255,4999.74331895314,0.75
0.0376557708518963,0.00693009545134226,0.704112391351853,-0.45888203745307,1155.09332103866,0.039772417587499,1.29865755654362,4270.51762458163,0.75
0.00809410424306992,0.00395125648955764,0.263951047619102,-0.58812501226216,309.509877666071,0.0506441408336366,1.63970195885667,5000.04884907822,0.75
0.0246836438524993,0.0073455185428644,0.580495243412295,-0.413944870793724,924.62404037455,0.0738706641039891,1.6561740784479,4900.42259690214,0.75
0.0101065957471944,0.00116973591557527,0.183771226524512,-0.230218117103941,200.536348958815,0.0567478324861502,1.89874210443032,5000.04884907822,0.75
0.0326559328858222,0.00618276294529306,0.746163291591049,-0.872178966283488,709.485759215359,0.0309648128301946,0.858900841158155,2366.9700853623,0.75
0.0313212440060354,0.00454372729644991,0.691191369346793,-1.16786477724975,552.365061325188,0.029843262950459,0.924061406522991,2460.79541767163,0.75
0.0166080274262612,0.00367433944908488,0.40978329077976,-0.0309367643454745,-11.689677376493,0.0253447908010224,0.144288206653484,20.9708678422458,0.75
0.0371435928163611,0.00519916062871028,0.694956905961863,-0.969851691268745,1118.05082590341,0.0235358654783107,1.30063455187049,4365.10775767674,0.75
0.0262509434571956,0.00450164156842379,0.59391222262933,-0.837778303553758,886.204846858766,0.0450785972323566,1.48837468204959,5000.04884907822,0.75
0.0319267349105506,0.00732905290407725,0.697394838623611,-0.536698711353931,686.726217130493,0.0503930941995537,0.784826467299987,1999.98085759257,0.75
0.00875876155950651,0.00183382245178258,0.115028372373942,-0.334998259383233,118.449652544778,0.109500167176313,3.21965601607402,5000.04884907822,0.75
0.0095651958553829,0.00119630724131852,0.185426479706325,-0.0926982778098543,195.157585759346,0.0454356017661052,1.70181532120919,5000.04884907822,0.75
0.00901984901651171,0.000532008221041618,0.192981997175901,-0.763394776568963,207.602226686231,0.0531157690902297,1.5435425814256,4974.79443108605,0.75
0.0328874365513152,0.00537506678061761,0.851073473006481,-0.825701293481591,1219.56712013237,0.0385042471093364,1.13091069466069,4120.92546354176,0.75
0.0183985583229641,0.0013834230677554,0.415906464099145,0.0052650382587251,-119.082118518654,0.0411037193962682,0.140601697739805,-19.7877568930508,0.75
0.0112586338758702,0.00550795583250463,0.312600135719276,-0.766893541566172,337.860982120987,0.074899712816402,1.70998503979043,4985.37304944656,0.75
0.0330872988427108,0.00530600279054918,0.700852251203847,-0.636597987933543,1102.10858012384,0.0476296920163265,1.47086913313913,4608.31968220773,0.75
0.019338130534575,0.00130088145620748,0.520622476023562,-0.175435248957454,68.8869160539913,0.0394100630078776,0.212261149509355,269.950393183512,0.75
0.0260376339075051,0.00715348937250038,0.586030835153441,-0.539779849396828,945.274998477993,0.0671428448647804,1.61282739642827,4983.8365701308,0.75
0.0341979337046757,0.00558599056762915,0.764658243819484,-0.994456867485648,589.955457529406,0.0296856638614774,0.821711139844267,2342.13199442253,0.75
0.03628097916548,0.00630767838652549,0.730961086684345,-0.714923672699099,1086.51267303064,0.0333360635121671,0.976849183022957,3676.21143293398,0.75
0.0347806400401212,0.00619464362365575,0.75563542485971,-0.731934484344147,633.193090999147,0.0331315860975741,0.707380986739614,1997.81460121005,0.75
0.0118333942956689,0.00602152341518685,-0.0204633613498189,0.915576693816193,70.394141222764,0.0982485728867168,3.07893142037683,4932.90540672873,0.75
0.0106969837280736,0.00517278554231572,0.347872920324881,-0.723236473961509,396.258705001745,0.0594842372570833,1.4760832919577,5000.04884907822,0.75
0.0290349237966237,0.00752733680710608,0.735217383670513,-0.396411166364044,553.280186349527,0.0463176246818405,0.553920327581617,1365.41316449979,0.75
0.01024305335436,0.00335816434199059,0.0246460515042944,1.11622039215196,67.9236308225015,0.0637145568555617,3.14179871675771,4945.55336961376,0.75
0.0373968526066516,0.0053723615447287,0.75872979820433,-1.07568051511163,773.522331307398,0.0224940668579978,0.822849482535463,2622.3365008087,0.75
0.0190792190173456,0.000982454358443119,0.575954184251936,-0.645182722233685,324.373965597314,0.0346130625506936,0.312885978451072,456.836333224489,0.75
0.00952127450832947,0.00318270152666288,0.256332801168907,-0.750237546981423,288.282027656101,0.0831901913910215,1.56157971805346,4980.52627972199,0.75
0.0128334260002992,0.00732694083333704,-0.0636890477670332,1.82583376316719,79.216771394226,0.0869176254184272,3.70623835654321,5000.04884907822,0.75
0.0292144633536305,0.0039820896252266,0.686392496492919,-1.20376499234104,683.0136584484,0.0304961380057989,1.05483750451265,2788.75859972349,0.75
0.0187985181315575,0.000353928096020942,0.503893213022378,-0.830024469425693,118.856487703477,0.029228573557592,0.194321468838101,415.366366886761,0.75
0.0379970996703516,0.00677799155634104,0.729586325953834,-0.784123319385787,1115.32002805256,0.0326031641669164,1.3542234916581,4228.99102923609,0.75
0.0104570142277528,0.00577892164265019,0.262705069585811,-0.700969719176363,318.924752666423,0.0706714222944844,1.56074342412759,5000.04884907822,0.75
0.00857819314282675,0.00239821094171395,0.192665739761226,-1.81764035696474,188.616644303743,0.0927445868673719,2.06486933564234,5000.04884907822,0.75
0.03122897594655,0.00755623333313713,0.702636104554531,-0.35961785058023,609.799645608072,0.0484281749623224,0.636403940195702,1446.89390161266,0.75
0.0185070094417474,0.00263361245385443,0.397118288529688,-0.454707399408653,86.5863643987566,0.024540389846451,0.140601697739805,-54.7222872330967,0.75
0.0374231935271232,0.00485478381426505,0.791680289523759,-0.799448370274271,1180.07302950262,0.0313363192625424,1.18323915782628,4108.10507478816,0.75
0.0290034459020353,0.00477899528065122,0.720557828837123,-1.05947474474273,643.93265713515,0.0330442566214885,0.748289172566892,1938.14235234044,0.75
0.0388848453457876,0.00659470475502133,0.685679451025711,-0.636890543244791,584.305072658116,0.0332189329122355,0.705797654639282,1806.42805167837,0.75
0.0107526052927572,0.00393674672005513,0.0634810534339608,0.392476995954649,87.697859127737,0.10226666490039,3.05125269146102,5000.04884907822,0.75
0.0097240336079663,0.00203623116340235,0.0247287777340185,0.757679176308015,68.4131110724043,0.0652151713619861,3.58046017856873,5000.04884907822,0.75
0.00882608353940488,0.00201570030968875,0.175031670121343,-1.54289396067187,180.670759481146,0.0880461466502683,2.08714617807075,5000.04884907822,0.75
0.0207800275957525,0.00123900401978345,0.565524502457404,-0.526743732728352,266.375324517097,0.033297660664788,0.310322018871677,450.641175013581,0.75
0.00952527709897893,0.001164280410434,0.130859819211308,-0.800571240008585,155.300582011153,0.0764167859139221,2.44700442934957,4985.14041755292,0.75
0.0100385821825708,0.000626474064690418,0.114644721697477,-0.695361263914737,100.259154357147,0.0481829674876725,2.8126558006576,5000.04884907822,0.75
0.0104189967461314,0.000888209322793182,0.0716143078930941,0.272368713653421,104.408306069459,0.0666054262429487,2.94293572446531,4905.35699655019,0.75
0.011576455989468,0.00489564128309198,-0.0188893617834593,1.23486306541584,79.2936273569155,0.0658629784539628,3.76520761248289,5000.04884907822,0.75
0.0157058342216991,0.009339257399407,-0.048750279418025,1.31161214066696,102.546940067351,0.121986696553059,3.51379324998421,4954.03115808877,0.75
0.00790054679716568,0.000634391979765531,0.19698433900929,-0.677136566645953,233.677917231884,0.0629618769936638,1.63036280437627,4988.67054483777,0.75
0.0325349595771729,0.00686710205841771,0.699911370841289,-0.409600377516531,1167.85094989903,0.0598198028799833,1.44665981487601,4637.19654041718,0.75
0.0296180938990805,0.00591612977419832,0.711318198836539,-0.326009913386725,400.282180101333,0.0369170496035616,0.484993108388508,1026.10316639734,0.75
0.0356322178797099,0.00605404358574209,0.728327331842787,-0.90850774518747,634.0138653284,0.0286373938296462,0.709503105150997,1998.2960423293,0.75
0.00905214623142543,0.00126958677364612,0.150603199575192,-0.901737563143131,145.133130254664,0.107791762560027,3.03343798769672,5000.04884907822,0.75
0.0100074929689354,0.00222415156516222,0.0689311466045978,0.284611696050418,63.8718093194042,0.0603329259398528,3.64276743931245,4996.1620161115,0.75
0.0423215291244442,0.00699984406422953,0.725991902951203,-0.327201734911883,1017.42231843163,0.0298294564211991,0.999192305296252,3454.55187599815,0.75
0.0353427199133816,0.00680508070816356,0.740678885495561,-0.53564339911605,479.196615042475,0.0347794065580882,0.556046001711144,1522.10798853559,0.75
0.019858287809905,0.00201288521635244,0.619811629518874,-0.1818008400675,331.983280520431,0.0539853971838614,0.315441458077094,593.896406312942,0.75
0.0154893292702276,0.00308421847719102,0.406441368216497,-0.321118818626278,103.842441599157,0.0215141919359158,0.152502411038913,34.78695190699,0.75
0.0168448527604863,0.00436020089367204,0.385404041045793,-0.0970344405558795,64.721195903856,0.0214817768661349,0.140601697739805,-169.546294035443,0.75
0.00903808836160466,0.00142136837294064,0.132584598287749,-0.487436793876373,145.399451137907,0.114778945012922,3.33866975648845,5000.04884907822,0.75
0.0352133943847209,0.00531244083538695,0.712820522325868,-1.14447891370615,716.672755371574,0.0283282824270115,0.942760635469019,2605.50591089685,0.75
0.00906375383229848,0.00199667893269891,0.092551663136583,0.208668855003316,130.551961582101,0.114228985750219,3.41082519627608,5000.04884907822,0.75
0.0397569167514346,0.00740002055555164,0.73392643634087,-0.537938847597443,927.953793535252,0.0323754107994954,0.86680198881701,2969.51819464544,0.75
0.0321205840605985,0.00747568873368952,0.650667155247793,-0.33098742240314,439.867525012387,0.0434289114116869,0.597746512531262,1176.49504213577,0.75
0.00936914442145621,0.000879544728731942,0.0992252721507155,-0.313432675356735,100.853006221721,0.0800920548256436,3.06731645883481,5000.04884907822,0.75
0.0118829851869885,0.00558202412713277,0.0178987163881528,0.836878455503053,102.255221084927,0.108148588361292,3.46964578530463,5000.04884907822,0.75
0.031914365762374,0.00694236978894136,0.703886491509556,-0.639957860475005,1164.35091995909,0.0633990563839411,1.55026709313582,4922.17053989828,0.75
0.0214842740751623,0.00313805429184362,0.52904721120121,-0.901879378045415,715.164568920177,0.0350338659328663,1.53094305076317,5000.04884907822,0.75
0.0138340901682664,0.00589302080127497,-0.0132605662277038,1.33191550707764,106.194376973959,0.113318440859563,2.64437264741885,5000.04884907822,0.75
0.019486645370333,0.00685257930531151,0.474272460993879,-0.681856998308319,608.572602899287,0.0677741073136323,1.39535405434485,4999.63632346691,0.75
0.0327734774833473,0.00708758492179406,0.761599128521393,-0.739086772397541,928.524145879601,0.0417107505042622,0.923788051597444,2999.58062310218,0.75
0.00985594022838144,0.00497639867261582,0.344549567985614,-0.733432380336664,379.431848953048,0.0703609817418817,1.46468183426222,5000.04884907822,0.75
0.019425873475005,0.00115832413806479,0.514824120314311,-0.928889478805698,708.766248745571,0.0332728010068385,1.61743478991772,5000.04884907822,0.75
0.0081797204899871,0.00388427882947406,0.2892531898557,-0.489241709052667,331.878151938297,0.0439593271544537,1.40388025698233,5000.04884907822,0.75
0.0111399360072997,0.00194930097520246,0.0899545411457208,-0.100438037403543,101.775857462186,0.0532480232940946,2.78621612141047,5000.04884907822,0.75
0.018557127069646,0.000353928096020942,0.496564914020152,-0.577463705384954,12.5633125443824,0.0330947918673064,0.180569779124976,273.415056865466,0.75
0.0210254499902542,0.003663625639604,0.731950376816873,-0.982480242632011,589.00059269906,0.0406444082957511,0.586823518901153,1294.84923336861,0.75
0.0306950118322964,0.0049273804732639,0.726229825217723,-1.16451511968926,946.439974305568,0.0283401229113067,1.11719222279768,3367.79188658544,0.75
0.0113353190202523,0.00486969847012627,0.005245708975609,1.38218884741404,101.560911148886,0.10525818071722,3.42194133960847,4992.17770953991,0.75
0.01483474917386,0.00891043142570742,-0.00269172261109329,0.469823276684788,111.603810201667,0.146277684846438,3.16572349729896,5000.04884907822,0.75
0.00975970113985442,0.00172744447962919,0.3832477984042,-0.750871892271288,428.223488856085,0.0337466377772911,1.54006196040389,5000.04884907822,0.75
0.0131859577917509,0.00570787487909324,0.381643982849375,-0.808566030664288,421.791034678757,0.0765413343107384,1.62407492006087,5000.04884907822,0.75
0.0254157113638479,0.00392957144794942,0.620604119358798,-0.519225931108936,487.971706401985,0.03352590966599,0.46014497566907,874.271379088678,0.75
0.0117944220024432,0.00462756076899822,-0.0227127994783584,1.24530872661662,66.2033581972198,0.0964476104002973,3.18193244626664,4944.70124063023,0.75
0.0154863400026843,0.00730163654675722,0.403163225712123,-0.679567461572461,481.582679388526,0.0732826555040491,1.43291092402325,4999.52822624579,0.75
0.012712379660022,0.00581482378406509,0.361060739171618,-0.691380712324859,441.502187136924,0.0526836500400437,1.44576774529221,5000.04884907822,0.75
0.0106422601617036,0.00593444281872887,0.289573838450361,-0.600471146128401,333.668883629024,0.0868136308528496,1.61775845669383,4999.48361566042,0.75
0.0223342371359857,0.00416415189932579,0.730916386339197,-0.986064043816704,666.082406662694,0.042239760788913,0.681629729836359,1477.00856262652,0.75
0.0119237859621734,0.00141108712188458,0.410103829551054,-0.873731618948571,503.014851478058,0.0316191182801338,1.51391145685617,5000.04884907822,0.75
0.0302917862783683,0.00633133063674871,0.685188967138711,-0.238249058858603,437.115218213913,0.0350714275068781,0.473078600252603,956.901050326246,0.75
0.020581105428597,0.00652519217055432,0.504338217841569,-0.708932193239343,752.702722381265,0.0555683057069926,1.71658668073098,5000.04884907822,0.75
0.0198828309726263,0.00215984386218188,0.495837004686455,-0.748581510779545,684.724274284694,0.0467924523226735,1.6744936797927,5000.04884907822,0.75
0.0213540351944071,0.00108650147303578,0.573682678700792,-0.72513985449883,357.476925850628,0.0295478847201178,0.308176459932211,530.939082628426,0.75
0.0225467766244844,0.00229140929924992,0.451978049590563,0.177162373431199,62.7109385859004,0.0356619625584073,0.186599411583197,191.740117932346,0.75
0.0230381850361285,0.00309753784703078,0.602331410595173,-0.923227162429545,838.538844665824,0.0447695998416935,1.85614128201578,4990.59578964183,0.75
0.0310095194803166,0.00470753592528289,0.710739969868219,-1.06033147731646,1110.23774721338,0.0349062411837129,1.57410781674847,4701.88652914458,0.75
0.0100352281565977,0.00101227149838213,0.125048939780078,-0.865008012500459,132.399757135279,0.0651712009327852,2.54130566725971,5000.04884907822,0.75
0.0382383000549757,0.00642730854707695,0.775009018915417,-0.71801244491438,1031.18403149075,0.0279101537078516,1.03020633888072,3524.32743416084,0.75
0.0103498064202876,0.00107135403384232,0.177252054818965,-1.22922092751319,166.710333739263,0.0564911571543114,2.15709587272426,5000.04884907822,0.75
0.00956221045273832,0.00238721023590173,0.0246744238126708,0.626893422193978,81.5034870521655,0.0650029580955211,3.14762512573754,5000.04884907822,0.75
0.0293160865660429,0.00666457016729716,0.734440505535372,-0.638813990192411,662.463383809172,0.048116386350406,0.697845448199663,1799.1031648373,0.75
0.021741389491816,0.00420477322854,0.503329111634879,-0.811769528983385,705.363419094121,0.0454049808996574,1.45270307996648,5000.04884907822,0.75
0.036151846050069,0.00541682994157751,0.73737975160654,-0.949451941415573,675.382238202417,0.0292692767632404,0.801417349161468,2076.61332900804,0.75
0.00913963918492141,0.00129568006006852,0.0595496631409983,0.644436532097302,131.08707343983,0.0799325581868742,3.25997196828896,4929.63814599733,0.75
0.0120663658013315,0.00144076545757051,0.152507969194801,-0.062230498797168,163.027326914083,0.0451407157252295,1.97780297919212,5000.04884907822,0.75
0.0377056812350014,0.0059572827055319,0.744841482172149,-1.08917365097834,1163.01474410034,0.021609757992819,1.20979391853835,4038.41714614919,0.75
0.00892382890939843,0.00150171619543374,0.0554508018886593,0.846749492610346,70.8293338936725,0.0462078528028821,3.51731421239011,5000.04884907822,0.75
0.0166069047542013,0.00209297093321472,0.480614907448823,-0.619450129538929,601.192542012877,0.0318114881536182,1.6542931269969,5000.04884907822,0.75
0.0369164606658842,0.00500717391808116,0.721805458356299,-1.26214593575297,1019.903594672,0.0227227445272021,1.19691192232386,3340.84730957033,0.75
0.0214971790083521,0.00574319573157924,0.581739499635949,-0.576534336080244,825.791449751372,0.0726910783750662,1.52321193378511,4951.92372144456,0.75
0.0375961119305152,0.00591747060385854,0.690488519822351,-0.683067159622812,521.978559954212,0.025847299092539,0.549975482550271,1418.76293945512,0.75
0.0347058995831702,0.00697873583354402,0.667901231620184,-0.500242648569468,669.168345036431,0.0434779322438343,0.752111951784432,1803.17419679574,0.75
0.0125965882289842,0.00223845449031325,0.424081807831135,-0.869390807958712,490.286067779858,0.0364776619730065,1.61805773600871,5000.04884907822,0.75
0.00995812371369909,0.00178039908270722,0.12843764895718,-0.426935028797881,149.417727668334,0.0965765281570274,2.94901951183852,4917.68994496441,0.75
0.0348159536905816,0.00373050896952662,0.6817275416286,-0.957543484840321,1091.51457338666,0.0357075295752553,1.53932558988766,4882.3929591652,0.75
0.0333848818247574,0.00674553100877928,0.746258895114222,-0.850939344185851,806.443556925412,0.0345888882773905,0.825763920580778,2525.86952179402,0.75
0.00565988184721887,0.000982546233127699,0.345028435021982,-0.835149772792376,323.20809035367,0.0332981084032498,1.52138788292193,5000.04884907822,0.75
0.0181888281488985,0.00682754211891856,0.431522162219664,-0.672056705943003,535.316987509879,0.0654721788533603,1.45614451748313,5000.04884907822,0.75
0.00990583027418894,0.00132539454290015,0.165481025404434,-0.287897188960745,182.511066666714,0.0596098642392049,1.69653396121137,5000.04884907822,0.75
0.0274184106105772,0.00727240019610517,0.687040366226654,0.250758160001714,321.39979657319,0.0572530894137302,0.470856154519646,976.524291557971,0.75
0.00731593697266073,0.00228794776553369,0.369258581570143,-0.840980962475602,334.132345834599,0.0424835740573485,1.53334763241638,5000.04884907822,0.75
0.00897041826700681,0.000353928096020942,0.379799169702432,-0.729163414186105,417.380861131397,0.0332373989114814,1.60232064496113,5000.04884907822,0.75
0.0358769248981114,0.00821426380347342,0.669779842435748,-0.214490814920442,606.722394804321,0.0489234975312356,0.659160112467423,1565.89036344763,0.75
0.009821431750704,0.00263381779442251,0.0400722551778104,1.06301694056837,68.8288924457394,0.049451433574616,3.18045859926005,4998.91600693142,0.75
0.0173823668305698,0.00250334157252717,0.388594465387042,-0.319421657484129,-41.9834604841149,0.0258080193086081,0.140601697739805,-39.5667602575777,0.75
0.00932135565234331,0.00135576140329119,0.066691477616085,0.221925301631033,87.9250073574323,0.0829413509371372,2.92329620899839,5000.04884907822,0.75
0.0166341208393675,0.000353928096020942,0.423074957271855,-0.799397040746487,541.492504956533,0.0257610681992218,1.4548053486661,5000.04884907822,0.75
0.0146210919308689,0.00433035827227492,0.477183389120609,-0.840660356107192,551.636679829782,0.0603293103914738,1.47106439781954,5000.04884907822,0.75
0.0203282245146217,0.000353928096020942,0.463710381003613,-0.753587117453678,82.9292619020011,0.0271003189537891,0.14382323766286,360.644306299166,0.75
0.0304524455798269,0.00763691355258368,0.780688722207347,-0.577480474966703,909.57644151291,0.0510992519850661,0.832125239634542,2771.23538550256,0.75
0.0216768195848455,0.00374455701705866,0.578162588185395,-1.04596155745262,853.892448811415,0.0452689895263592,1.60502363583738,5000.04884907822,0.75
0.0262687213254795,0.0060242474749428,0.625002544645128,0.1392624158841,306.309035916101,0.0521138217579343,0.421220496171331,855.188208091517,0.75
0.00950984479261716,0.00275486879249142,0.0340413741959451,1.8650942750889,81.0754943439543,0.0425523322785483,3.52670328630675,5000.04884907822,0.75
0.01298061564119,0.00735576082102825,-0.0236252913416746,1.65503961038485,107.661245974666,0.110406316839759,3.13712410382393,4972.51627479306,0.75
0.00863124598454071,0.00541262889286956,0.292084889229929,-0.763300013604665,329.577827372526,0.0695849042189677,1.40058107106627,5000.04884907822,0.75
0.0204401469513425,0.00201692287357931,0.603295840134315,-0.0946474856785787,267.178689953403,0.0477743561892937,0.32572481304592,514.676633533726,0.75
0.0312811810202723,0.00520708285642993,0.702591192888912,-0.901538290427273,649.147184595679,0.0341915261432264,0.825945776131873,2005.06134221818,0.75
0.0129074714308454,0.00500066471071272,0.00743268891447191,0.785933579815528,82.8138868339022,0.108407687250347,3.12342298752633,5000.04884907822,0.75
0.0159944478406195,0.00983819521894966,-0.0520381773847358,0.876784602550313,89.8550446232713,0.137714883961203,3.56354898204316,5000.04884907822,0.75
0.0206776369902401,0.000940491628104637,0.57538382122165,-0.598781976535562,300.559662168007,0.0342525569803137,0.326327939832832,499.197423342362,0.75
0.0143255372677382,0.00778390439738568,0.0170628800362986,0.692708850621949,117.445048852259,0.133683215695585,3.17174720695147,4994.40040780322,0.75
0.017420222548547,0.000353928096020942,0.563563323103195,-0.538877070346925,168.959525986235,0.0413274953640994,0.230290331163864,332.487218089823,0.75
0.0316582672607467,0.00431737363188123,0.68142300834475,-1.01753171008756,1110.8976531525,0.0341082244802101,1.58524535661347,4808.2880299938,0.75
0.0376690616715384,0.00609539266332359,0.714232577346575,-0.832367038009115,1143.41853539099,0.0287170519341146,1.2752072320711,4323.94405013927,0.75
0.0197001381458298,0.00492183587014039,0.460036270913013,-0.703892330124817,603.454575480075,0.0509375904329605,1.44884216962064,5000.04884907822,0.75
0.0311093578064671,0.00629491493261798,0.754464620362454,-0.580502456387929,524.688840789007,0.0397577772508402,0.641407245776992,1677.44518455066,0.75
0.0231228883275727,0.00134054625939282,0.562751557635453,-0.87196556286321,748.691375722009,0.0327052001295601,1.5128022173662,4983.67762823139,0.75
0.0233468163141447,0.0029618324799181,0.665414762055776,-1.04375161914386,900.907859340919,0.0385330082077235,1.51988240213113,5000.04884907822,0.75
0.0084964265424713,0.00199052915336087,0.225233884081757,-0.945423638665256,226.877246167863,0.0690114343132975,1.5700906062245,5000.04884907822,0.75
0.0245562372370688,0.00485293987803965,0.709708746806575,-0.988053679628106,489.311333035677,0.0378706005088313,0.688682498389805,1490.55073289994,0.75
0.00955006267056129,0.00223292735131817,0.0266475113289666,1.18597295721249,73.004120699007,0.0794921206738972,3.03171642494293,4981.48379134541,0.75
0.0400023576790366,0.00596991113424354,0.721547716307568,-0.769772276598288,1084.26098971824,0.027419750283164,1.23152472587181,3965.43811677112,0.75
0.0408013706587182,0.00787824356491282,0.701485835881709,-0.122432025605428,754.7528333732,0.0449956614469211,0.659708565045485,2112.646004664,0.75
0.0199614042670185,0.00265070124470035,0.660474861544154,-0.344912241026654,445.519097868519,0.042905728272697,0.374352864298866,706.397672609573,0.75
0.0245125302408258,0.00589007411830571,0.665424204977235,0.140980961363899,439.543212389515,0.0583152685329535,0.461004193864187,921.92789249899,0.75
0.0198942307828027,0.000353928096020942,0.522137762495032,-0.655691453071464,206.718188075696,0.0316065222882292,0.227114597807116,355.648635878021,0.75
0.00488588427309257,0.000895787123786597,0.2318276541004,-0.516789472536674,258.91828118131,0.037842318791495,1.35518759329264,4980.68721893495,0.75
0.00941805311113937,0.00230981541143928,0.0239097171777329,1.42576378350446,76.7227767970476,0.0534269163898164,3.41207522546354,5000.04884907822,0.75
0.00809241242930183,0.00260811898993195,0.353240484009708,-0.606153605689055,420.789934242286,0.0293546941667516,1.59034868909765,5000.04884907822,0.75
0.00805398668062626,0.000478820686459027,0.231599596657066,-0.994978669334941,225.617469052576,0.0540172367542635,1.40282477221117,4958.93658175392,0.75
0.0322539108800513,0.00685257834691542,0.651773333495181,-0.538383584176518,528.827666491808,0.0350912639110016,0.612038404762558,1256.96819145872,0.75
0.0167417654295527,0.000817363756167796,0.548239176322953,-0.627043783430637,197.032298325914,0.0376177130849505,0.299502030995504,311.61403797558,0.75
0.0116738045073175,0.00568769299725221,0.323674904177747,-0.932573040150861,352.841038987401,0.0910148777384328,1.40298080663252,5000.04884907822,0.75
0.0303707512257199,0.00815889137537812,0.67213240541166,0.224003813455225,417.103083825031,0.0509733287899367,0.47410604036445,966.631662037289,0.75
0.0306251179118502,0.00612938483210307,0.695844521630445,-0.517269823284394,462.147468709006,0.0290330724591055,0.476602283342096,1062.81901955771,0.75
0.00868365084083197,0.00248611553382498,0.289782471508988,-0.720318254469356,312.059129774156,0.0420386509540045,1.58095085436097,4988.36156858591,0.75
0.0320660097260361,0.00405605279974082,0.749371126027719,-1.15486020800829,1158.57031025105,0.0288857427712198,1.52909317186798,4437.83674733434,0.75
0.0180323982433676,0.000734476538901841,0.446629963805697,-0.351448316458235,-67.2762807342547,0.0336255102221189,0.140601697739805,40.232098220541,0.75
0.0187485936540354,0.00425019681714813,0.3798995036511,-0.304029736441768,118.263715186558,0.0214817768661349,0.140601697739805,-6.47845528717517,0.75
0.00909107296976888,0.00241156815048383,0.190691911767571,-0.398950552641355,170.816821237246,0.10584117665403,2.65157124558205,5000.04884907822,0.75
0.032683292763069,0.00642855343113034,0.69447593388572,-0.524393160236907,1177.8111959083,0.0550614849212717,1.41045720374666,4690.61970748623,0.75
0.0240105552871798,0.00474762814828898,0.692234481106018,-0.746834126408392,587.344266060774,0.0396046987379788,0.539883350175419,1129.794031122,0.75
0.0361098577760921,0.00347394076564666,0.601386834205175,-0.804401795024621,831.38033699981,0.0382929609654722,1.53634709268803,4026.59112376557,0.75
0.0283604559318068,0.00450365624662996,0.668620739370794,-0.675874648539801,1056.38513369196,0.0603262282393687,1.41637827950567,4807.32002741382,0.75
0.0123058574318816,0.00606716296162291,-0.0436706952721576,1.22370340933618,64.8031201403764,0.0852545018435441,3.71284062603398,5000.04884907822,0.75
0.0126738396317106,0.00645096926064347,-0.0557286339928578,1.46266294757703,65.2711284320135,0.106280755924707,3.26704989483599,4881.81708853263,0.75
0.012316593770075,0.00609573356041815,-0.04174513421103,1.2759307892034,71.6262022177226,0.0752966451084473,4.19680886903399,4986.00455599217,0.75
0.0396394541448783,0.00605377035782151,0.766979273382202,-0.806507255761071,966.367150211646,0.0231407573591468,0.956268941641389,3135.48656576838,0.75
0.00883783183959209,0.00194294975013061,0.197433174019912,-0.696694957874159,187.869314683595,0.0990096728778855,2.17641832026441,5000.04884907822,0.75
0.0193727557702047,0.00139561586091902,0.642652178510379,-0.59340023348294,417.480187303749,0.0405792274028852,0.401497148884169,765.889131849181,0.75
0.0218997471794323,0.00610569389745308,0.556602092300224,-0.637793715789166,846.83995592261,0.0631333432305466,1.69609874530276,5000.04884907822,0.75
0.029812876938365,0.0049443013828074,0.746275222827828,-0.991714958417529,592.617489251458,0.0317242834811604,0.740971008744623,1986.22949923351,0.75
0.0408093348415021,0.00721857495554345,0.6769110385279,-0.387958590871615,656.612068286521,0.0372359326479826,0.724324999706894,1817.79784167704,0.75
0.00883687468758874,0.00437988575533922,0.265909720716607,-0.862827515309561,285.540428507801,0.0773611650976384,1.38717247507374,5000.04884907822,0.75
0.0202388786255321,0.000544396560688142,0.462450455446194,-0.334973811907352,-7.20982587118033,0.0307539731659824,0.163566559175161,240.68037609191,0.75
0.0110029692712804,0.00505730595858223,-0.0285719147205166,1.66268532983952,74.9593064833948,0.0799048437828851,3.26788189374532,4896.37419453966,0.75
0.0091557541800325,0.00176055231867864,0.170002104222552,-0.0641585540092695,191.463018977871,0.0693486283230295,1.71651005476487,5000.04884907822,0.75
0.013980613082432,0.00717459388526795,0.00635759970154259,1.17948855594631,110.806838053056,0.125644338419479,2.64960697387139,5000.04884907822,0.75
0.0182453405091159,0.000353928096020942,0.524124278880218,-0.911653633568702,198.219313743423,0.0288234748719581,0.21965524209235,447.306575346769,0.75
0.0176962183737428,0.0116763840743727,-0.0522918838555079,0.820809943353119,119.812788111967,0.151871736600675,3.62809414035713,5000.04884907822,0.75
0.0246233290320099,0.00419925299560686,0.6717045269138,-0.647806503434752,509.06042943113,0.0312003485401094,0.484017221158158,1016.37496305863,0.75
0.0112827849236503,0.00693902795984001,0.327294623232845,-0.379346585049782,390.3701798922,0.0626385844240454,1.33572452538451,4987.85876489263,0.75
0.00878951079158353,0.00521786974753885,0.282049586567166,-0.639699893805569,340.404641649625,0.0546793782884298,1.3947184718153,5000.04884907822,0.75
0.0180031658317991,0.00286037445801184,0.47758580332051,-0.713580385613792,591.854242988,0.0355646095643873,1.6087110819867,5000.04884907822,0.75
0.00801843095356056,0.00111558330624405,0.230483130854765,-0.741490198294334,226.613271167085,0.053346831802827,1.45313688074145,5000.04884907822,0.75
0.0137948187469341,0.00787078059318691,-0.0133630104205769,0.641636493543982,100.401290145294,0.127960668681841,3.35743504489535,4910.86686773598,0.75
0.0219943115770381,0.00284809233248707,0.608032377829209,-0.0457650524562886,310.824941168804,0.0466644130551215,0.362355513535695,519.991471424817,0.75
0.0302690425148651,0.00617265158720921,0.840916517100702,-1.02212202606705,1107.69245480263,0.0328506887585268,1.04295993433741,3676.33265601982,0.75
0.0104039738212725,0.00611592162453257,0.303044869637837,-0.742383009383807,331.907841971493,0.0796207732380283,1.39951644195615,5000.04884907822,0.75
0.0424620898694332,0.0053627132838748,0.693736003298962,-1.05224105146458,962.115533252209,0.0214817768661349,1.12227919123724,3132.42304754023,0.75
0.00976004329429498,0.00199707628353751,0.164043009206221,-0.575538789479389,166.994270559448,0.0937829952698003,2.29272542839359,5000.04884907822,0.75
0.00984907793119264,0.0028743981696976,0.118224162695277,-0.276642052527445,124.823150872223,0.117671259440513,3.37964809011737,5000.04884907822,0.75
0.0214511560238893,0.00412757032855094,0.580143209920231,-0.951996362695588,840.169598284104,0.0484393176824268,1.67172035340354,5000.04884907822,0.75
0.0100808719546603,0.00073068420585626,0.186372804095905,-1.10563293895847,186.22733226583,0.0701643356937559,1.61491473494581,4911.63360422921,0.75
0.0204672038777438,0.00206352614867748,0.514703789992141,-0.696604183119458,643.93699095659,0.0390117660528577,1.49642840750301,4987.2381016116,0.75
0.009540472085568,0.00194568486077348,0.165931508417857,-0.069757910622262,192.326264048414,0.0937664768768154,2.1345342795562,4999.81395255617,0.75
0.00996997415301018,0.00360846033794003,-0.010937932653413,1.385579648045,65.4598849581914,0.0590859616146747,3.65674102218516,5000.04884907822,0.75
0.0116381475206621,0.0046602590523866,0.0112465284826538,1.5952831109783,107.279122200722,0.0876066144608857,3.15563459369935,5000.04884907822,0.75
0.0168553971686838,0.00968844503846276,-0.00962419446156104,0.796770034200931,115.782914549615,0.147760455370822,2.97832604677714,5000.04884907822,0.75
0.0100751491903686,0.00227765070408746,0.054289610405189,1.24586295258121,69.581507424327,0.0384929839050196,2.95840817442303,5000.04884907822,0.75
0.0246210593298735,0.00481352034311758,0.637569452749621,-0.025970287014862,391.230745154775,0.0460029062264564,0.396385460703258,799.131165949939,0.75
0.0178883683403443,0.000353928096020942,0.519361918588651,-0.649103875311821,64.9071895261123,0.0339306649329727,0.20573606996838,207.041537666918,0.75
0.00940786514450547,0.00123199638101379,0.0776021638318142,0.889193318631333,95.3747842877445,0.0371036768343577,3.61633150245166,5000.04884907822,0.75
0.0375293265406296,0.00663179815656435,0.688034565442651,-0.454576285817182,1143.50284256535,0.0595913218758928,1.51468915731852,4692.34968298602,0.75
0.00591994664810463,0.0031378161817317,0.294379961015147,-0.688912086446997,302.612135675686,0.0601691515523876,1.44782429556449,5000.04884907822,0.75
0.0185636027253946,0.000353928096020942,0.464315426631515,-0.625527791798262,-12.1803439443426,0.0308305733615163,0.167149879051249,138.142047384536,0.75
0.010066525914931,0.00236966698117945,0.107274725635339,-0.163730910834383,115.711106387563,0.11312806174851,3.51418078993052,5000.04884907822,0.75
0.0154470825781484,0.00958701056633622,-0.0145915272931589,0.605241647556032,113.138979463734,0.15115378146868,3.14406916628855,5000.04884907822,0.75
0.0091537801555729,0.00133176726936184,0.127410647879123,-1.19727876548897,141.248337790123,0.0845171787470893,2.73070639229226,5000.04884907822,0.75
0.00984101593790949,0.00104508378975435,0.145364288686833,-0.00441540559149017,188.834985925936,0.0630924297275076,1.94949188119623,4977.30058494275,0.75
0.0129930986175782,0.00563804985814707,0.0572255617286046,0.43775782418985,107.693645787071,0.124181933302886,3.1672406184084,5000.04884907822,0.75
0.00783543822084562,0.00416476050490644,0.242129704363585,-1.03207744285829,260.232158773825,0.0893968502359291,1.31565941343476,5000.04884907822,0.75
0.00954269614291997,0.00211098421618302,0.181772385880557,-0.361642544439408,200.399357541516,0.0983330449269336,2.22093292620613,5000.04884907822,0.75
0.0121272103940715,0.00393657080863042,0.401597048429689,-0.911335823694098,442.940851392974,0.035896649515056,1.58777689451861,5000.04884907822,0.75
0.0179221781893913,0.00304119160263945,0.431342449744749,0.295849626551609,-65.2709326695984,0.0408999335596288,0.145220526051565,10.7129390255905,0.75
0.0157255302257872,0.000557261735055582,0.648343028419238,-0.677745054469528,476.107610030124,0.0450194931410714,0.366983932783382,557.664047794901,0.75
0.0155987369323209,0.001733510039048,0.50919911467647,-0.0150514319986007,23.3907818063489,0.0443848969483415,0.226489464077518,222.739210778003,0.75
0.0339243302368682,0.0085156346643108,0.707237470661527,-0.145337769325378,761.538117779608,0.0595855633995865,0.728645827934827,1831.70509973837,0.75
0.00636683488351138,0.00264404204922806,0.309889331943392,-0.586084139240669,346.425272619668,0.0352501460487493,1.55454585604859,5000.04884907822,0.75
0.00984664766044502,0.001004535995871,0.177658311644654,-0.981500937044722,183.336272962139,0.0571352025283627,1.72878057859729,5000.04884907822,0.75
0.0335993592754863,0.00473746231559236,0.695903053012068,-1.01168759510616,687.81077457709,0.0293686275171239,0.866779384923106,2203.90807082089,0.75
0.0180319563746273,0.00140797604905534,0.426739221637665,-0.49979363193786,-38.028559818446,0.0261111889165033,0.140601697739805,153.960136000787,0.75
0.00699193372261016,0.00266648608391167,0.317238210035958,-0.737552722076076,350.226694414582,0.0417777071572943,1.58212478078011,5000.04884907822,0.75
0.0374369482391214,0.00677747394318152,0.763725669798475,-0.704056609658377,1036.63856445848,0.0289721134792172,1.0030252316844,3594.8048332393,0.75
0.0134381544345132,0.0069532431717526,0.326030154328127,-0.773251622478624,360.436937027288,0.0865585529660279,1.62301113786151,5000.04884907822,0.75
0.0108735688754089,0.00410239558647162,0.0329845737694759,1.01882825214481,106.086705229503,0.0911827745457503,3.69227619765679,5000.04884907822,0.75
0.0203034213933736,0.0011227322188277,0.541686422022488,-0.580782786550492,173.501484478585,0.029830826799024,0.298723354196791,462.234168651191,0.75
0.0210617256064824,0.00244215158020321,0.563064025466267,-0.916843161271353,807.755446293262,0.0423912460241508,1.69750942875785,4980.19493186283,0.75
0.00750959403823822,0.000353928096020942,0.194942566082719,-0.631110387146022,228.898465187303,0.0649419179103,1.66887496945774,4991.65443098877,0.75
0.0167556203863196,0.00320242257057993,0.405577231988203,-0.258919726645836,44.155783784836,0.0214817768661349,0.140601697739805,45.3763162749283,0.75
0.0108629766981576,0.00405736105991101,0.379689947493584,-0.766784957880559,385.859395159266,0.0545969958720875,1.5343799477026,5000.04884907822,0.75
0.0326762596798378,0.0053985520780078,0.75047545152147,-1.13739565818695,868.345647949893,0.0265812854241149,0.931318784379485,2896.62842030768,0.75
0.00915683052174934,0.00151681950917962,0.0323794369773777,0.736331689122437,92.9954312344258,0.0815828141636944,3.13551393720484,4962.07991371685,0.75
0.0185808963776719,0.00173463500725236,0.437508805673986,-0.0728263681607739,-94.4340434076376,0.0349442596174462,0.144707770258737,7.38405047862398,0.75
0.035897372535837,0.0050404818683567,0.777181548586305,-1.02760299444888,1059.89579205973,0.0266489306844097,1.23901055011008,3373.48408890889,0.75
0.00895059903996697,0.00112430638331144,0.211976192913171,-0.624746314780272,231.078032466923,0.0405140610400718,1.70961841615819,5000.04884907822,0.75
0.0359191727114518,0.00832968527604295,0.64560787660178,-0.109097450538555,713.655313734801,0.0558187120879837,0.797663585582732,1700.43863301568,0.75
0.00926044274171942,0.00142558057801312,0.104220621699707,-0.381833883841753,108.687028707651,0.101489549419613,3.0643488133147,5000.04884907822,0.75
0.00978333933062879,0.00106939615882821,0.125463729059276,-0.660478094862619,92.9126653887596,0.0541034609284217,2.93229776578062,5000.04884907822,0.75
0.0203022697894734,0.00281358167945567,0.677067542441253,-0.623586301142539,546.031894678482,0.0342811085231211,0.363698082368411,738.694347125108,0.75
0.039479564237392,0.00695274794667989,0.743697775450476,-0.635182708985611,978.984469429491,0.0278686766080918,0.86154135865315,3253.214475851,0.75
0.018098928007128,0.00217797197046664,0.468487033227716,-0.250826775385218,6.1574509257826,0.0299497650866729,0.239103177678237,218.782553635899,0.75
0.0339492040251795,0.00518001619836447,0.736940761251961,-1.17657592913145,967.240559552668,0.0228771950423665,1.01362638388498,3511.34516873106,0.75
0.0333115237110058,0.00538679109253443,0.761882294190682,-1.20939911993353,907.282257831874,0.0246787924840466,1.05856303501306,3135.04539217473,0.75
0.0131637185557403,0.00375384614116239,0.438701920398528,-0.614181216592191,531.532343138738,0.0472135976940105,1.56533390352158,5000.04884907822,0.75
0.0445361193926583,0.00706472071224034,0.677301659359909,-0.557235426157105,769.963804141775,0.0305627880582783,0.91710243001516,2645.60447686113,0.75
0.024888770560018,0.00599941697284954,0.482439571884786,-0.506784951886752,677.413230544024,0.0598373473684503,1.3852742105846,4910.24645896995,0.75
0.0259409482967447,0.00558576796071041,0.744175981623483,-0.888242894009486,618.30510198056,0.0406556821594136,0.714151687394294,1696.7117620541,0.75
0.00927118211769721,0.0013034341269453,0.131967193705862,-1.16113204270221,126.453397248092,0.0965512686281426,2.99992939044548,5000.04884907822,0.75
0.0340244441208823,0.00532902126634034,0.702083340270925,-1.0190377427764,610.073150847244,0.0296709735254935,0.702667853942747,1878.66621592984,0.75
0.0367699719447957,0.00841091260862257,0.696004371341793,-0.284577761877553,736.755022514544,0.049212913780874,0.73648230540545,1909.3115486993,0.75
0.0237642470467158,0.0044218841789764,0.733705217361484,-1.19579057029559,1137.92544894173,0.0465683151260478,1.65664806929611,5000.04884907822,0.75
0.0338680145014988,0.00711553418103845,0.772689133017909,-0.534074490170159,724.501247537547,0.0430964112345564,0.638404746011613,2070.91542870483,0.75
0.0188379336999588,0.00245001293656729,0.430023116079998,-0.307852614921309,33.542268149769,0.0264569928937566,0.19058859782033,118.440109903467,0.75
0.0189016679924331,0.000503922273179157,0.542701802310034,-0.313386619862838,119.966455221637,0.0400860020815642,0.242725705280688,359.806488876295,0.75
0.0169065011105715,0.00228989167773411,0.401559447126793,-0.2688696389469,-77.173627641058,0.0269339637469533,0.140601697739805,5.41339275995415,0.75
0.00987587344849491,0.00528892561818425,0.296730262538701,-0.650263319218008,327.566615619912,0.0777727214489226,1.61210157389329,4999.16177254959,0.75
0.0270514807700608,0.00524204916055965,0.622906677259532,0.0362427660617198,322.369640074308,0.0397725610228626,0.401186035691027,762.940834679105,0.75
0.018695854943956,0.00194342438232299,0.491506324144392,-0.0113076539470764,25.2127103941427,0.0391313250134623,0.250265702974735,174.203023603969,0.75
0.0131824917355691,0.00698819957256087,0.00741899932149542,1.16790155790381,115.642262790336,0.126325887378373,3.12752799223236,4983.04355888757,0.75
0.0369902067123896,0.00596047458642854,0.675348651357467,-0.43488843708961,1040.728919308,0.0397554092721615,1.32254478349396,4243.34391714137,0.75
0.0254672054660041,0.00663277420911829,0.61916782387205,-0.672708596310857,978.041627344829,0.0605520380541244,1.74111881850417,5000.04884907822,0.75
0.0313962069049957,0.00439998666619902,0.705788097003251,-1.1843773755747,824.424627901201,0.0287849821104871,1.15015089874844,3123.83583538734,0.75
0.00984957577694081,0.00468818685886076,0.31400162463156,-0.383785233187164,354.716009459678,0.0475699180001426,1.52714847506762,5000.04884907822,0.75
0.00996956000016795,0.0015034991420712,0.116474757995258,0.684716661292345,146.30089174524,0.0957293551231885,3.26251486674398,4950.81649286603,0.75
0.0306267808627592,0.00658524486861679,0.581246169437859,-0.411327540792112,976.64929350912,0.0542566159941532,1.61261876468821,4730.70006520507,0.75
0.0249663748795045,0.00409302047048662,0.689706583521396,-1.10319655509766,1069.30288135932,0.0422048693243727,1.62649861085616,5000.04884907822,0.75
0.0100146097530218,0.000459598662763715,0.16612813783935,-1.36069002197064,160.527865898218,0.058310089395502,2.67126842792605,5000.04884907822,0.75
0.0103590013717883,0.00261206695667149,0.0265592878285311,1.20296380349453,78.464248552458,0.0725954235435921,3.20574623262665,4973.5417537072,0.75
0.0209915130540013,0.000408247730226451,0.53230429782142,-0.476499820995787,157.082934587534,0.0350001341945272,0.260341188985932,386.862498714978,0.75
0.0102236596004683,0.00212769417741632,0.173893827382359,0.264371072240751,188.558370898487,0.096161876603436,2.80017192328458,5000.04884907822,0.75
0.0176880002756811,0.0123661612085874,-0.0488946168888659,0.956474531254398,126.197779505486,0.153637522807231,3.68385335012354,5000.04884907822,0.75
0.010460627164664,0.00121404494050175,0.125497578628694,-0.495440675648441,144.181439269204,0.0809249960979171,2.30052745817696,4927.26727424322,0.75
0.019698547443342,0.000603559542311649,0.456187190247138,-0.440221586578422,13.6133348884047,0.0309545828148766,0.140601697739805,114.447654341943,0.75
0.00710166356946302,0.00371579611367433,0.289893945191743,-0.660675968424719,325.635703092483,0.052057300431319,1.50392942013966,5000.04884907822,0.75
0.0241922632142594,0.00425350398411659,0.688096018266904,-0.617567424475702,399.392431027365,0.0327084832681892,0.441934655057052,948.207412074876,0.75
0.00846927327971757,0.00331244557719841,0.242172742269442,-0.617533845637974,292.761002216631,0.0556182070311186,1.61359973748985,5000.04884907822,0.75
0.0265502386748375,0.0058147216147062,0.737071313488222,-0.771502277870519,643.771142623761,0.0458900733241683,0.704024997267901,1719.31456336548,0.75
0.00895823882869458,0.00161065522737144,0.20105807314424,-0.647655694825992,199.416683166943,0.0695514350475027,1.53836829732233,5000.04884907822,0.75
0.0203032199513875,0.000667356193605193,0.590310041047119,-0.835368797671089,463.505866124914,0.032637876577059,0.329616168462445,580.85290086295,0.75
0.0109793408456233,0.00461052404380956,-0.029056844241281,1.25585909767891,56.6129313287479,0.0855424571445857,3.60028738310465,4893.67722453006,0.75
0.0228665965385737,0.00548072441056558,0.850409147747278,-0.839751012477172,931.815790228443,0.0558840169667388,0.950014967174634,3341.37080562073,0.75
0.0179121867405789,0.00490645656288246,0.524977737910209,-0.641782150823864,705.300433929954,0.0657208411776005,1.58267478149838,5000.04884907822,0.75
0.0277828719215001,0.00470295876453825,0.74376831523673,-1.18959288549768,803.756931225073,0.0320175456725544,0.996580833194886,2908.844416898,0.75
0.0328368896715261,0.00512272467508159,0.690149452648784,-1.2233217113325,1046.90135839337,0.0257792133196369,1.42165245577182,4076.16235055805,0.75
0.0353935593050355,0.00630445080782926,0.771294142250852,-0.98549680737103,1174.7324449924,0.0265942165886919,1.10682201260057,3920.70762330731,0.75
0.027978167164165,0.00675322650688524,0.631186507834764,0.356644954495818,247.434875022261,0.050200417745364,0.442607232247694,843.093123144662,0.75
0.00761296709527402,0.00343371293061201,0.261745134942495,-0.716361272966635,296.450102033132,0.0660441716951848,1.57010472623557,5000.04884907822,0.75
0.0103822938282689,0.00375175759347502,0.0248198973242412,1.09166865777191,94.3108558859912,0.0862598909973401,3.47326975844587,5000.04884907822,0.75
0.0100662981641693,0.00190973529639869,0.112673171594725,0.0449801384917045,134.508566685712,0.0838564354749167,2.84346049812065,5000.04884907822,0.75
0.0183592916846955,0.0012042709676437,0.596930610823844,-0.445225588935315,293.468961720974,0.0402403398894755,0.326532250112726,419.927111185953,0.75
0.0170492732928357,0.000353928096020942,0.524851243679753,-0.615615013687315,76.6033297829815,0.0357580861940603,0.192623031342709,219.582201901832,0.75
0.0108165180388992,0.00317134026848165,0.416452714686754,-0.931141463162737,428.796047721308,0.0366783245892273,1.57778333340875,5000.04884907822,0.75
0.0133790366093876,0.00471285691103473,0.400397524054232,-0.765514280570509,451.039274225091,0.052000782200543,1.4889635978108,5000.04884907822,0.75
0.0101787081480737,0.00247109536527451,0.0275234830508271,1.036894216745,56.1269577545418,0.059452639167027,2.66243357068493,4997.61024525106,0.75
0.0097351552416718,0.00140343828383091,0.131278970099663,-1.14020154466121,121.117813077764,0.0836827190139002,2.71576677360197,5000.04884907822,0.75
0.0310796280484474,0.00463509213180907,0.667297718175272,-0.819808839772963,1054.12500927563,0.0432916321950545,1.46007042494005,4673.3412731406,0.75
0.0311599842339223,0.00763850447054339,0.704179102627123,0.210053522633837,431.284171127961,0.0573112839028794,0.52319012148674,1028.8319236976,0.75
0.00947783001532611,0.00111335112718263,0.116787741277843,-0.794939725736295,101.246228374255,0.0807340709407527,2.95794870416847,5000.04884907822,0.75
0.0388133754817595,0.00621194415635669,0.698707995124032,-0.9328052005154,869.888781637433,0.0243150040621865,1.01458467088914,3190.75569374057,0.75
0.00773538915941577,0.000353928096020942,0.170968564606614,-0.388712185868159,217.072111533305,0.0581320232301354,1.78929111734517,4982.29814899572,0.75
0.0159303380491917,0.00303650564042966,0.408067886318353,-0.0574611306800301,-12.1187848127903,0.029207041652457,0.15383139879549,-125.352241465132,0.75
0.0249720213605878,0.00307865958778385,0.584517930150165,-0.262120932828121,267.086974461135,0.0368386725659607,0.363965963317547,678.429212939162,0.75
0.0091542647618299,0.00130282006908373,0.0962271951640069,-0.294609219240968,119.071632311302,0.0970774920657882,3.12665172262636,5000.04884907822,0.75
0.0314868187009065,0.00186235858378699,0.630377260151284,-0.868264992843242,964.225155196463,0.0352908495140826,1.41829999037833,4784.37452511118,0.75
0.0160833783675419,0.00974163204823854,-0.0468099046135511,1.13727516197914,99.108405692013,0.126298679214406,3.0178331608553,5000.04884907822,0.75
0.00847349933263809,0.00349597836859034,0.312757550693092,-0.667291267698284,338.27193906184,0.0417502315869323,1.42490299882552,4967.05706245353,0.75
0.0113354405259372,0.000803141342582236,0.142085924695705,-0.971213880878771,133.233389380849,0.0512373744236542,2.4818920276504,5000.04884907822,0.75
0.00855581186439574,0.00155269364273242,0.125265698558299,-0.00762772984677124,133.418560425347,0.118312226541227,3.58373763724043,5000.04884907822,0.75
0.0114770087344989,0.0051826950521004,-0.0489809846125142,1.81450059772433,63.307798866777,0.0830885801471426,3.44918518735021,4950.45185351707,0.75
0.00864402757846288,0.00254666107938606,0.260821361486988,-0.800463331179462,268.779290413529,0.0776461656168424,1.38286503603954,4997.49529642576,0.75
0.017898230634802,0.00330596203463681,0.416987734216197,-0.181145462768675,21.366171185939,0.0221506828436646,0.140601697739805,-4.31434113669002,0.75
0.0371827731459752,0.00895418244170261,0.644748098454943,-0.0251517542340632,479.363404671367,0.0454451130352792,0.600732411627086,1283.57270480393,0.75
0.00986686533454136,0.00144281629837297,0.0742851007489181,0.363014999408897,86.7734836250834,0.072447462334245,3.54919747278454,5000.04884907822,0.75
0.0186822611832824,0.00627990933267795,0.480792482042029,-0.757620806816926,617.373706407138,0.0569835401969406,1.537936391764,5000.04884907822,0.75
0.0177043903818144,0.00546353479865193,0.363382747169698,0.316813553082063,26.4132518819992,0.0301956417218301,0.140601697739805,-368.475852979931,0.75
0.0353325195370301,0.00658920633327634,0.74743125127653,-0.844287917171498,1049.938098575,0.0320310951749648,0.977810265853526,3504.3565887879,0.75
0.00894886158777948,0.00409793972632099,0.271901844503155,-0.715101294794973,312.644295872516,0.0650503704898512,1.49879303346392,4998.9609744144,0.75
0.0091096143506292,0.00237656248548881,0.191270751361247,-1.37445680210851,174.891879786465,0.105328130090375,2.61782181172321,5000.04884907822,0.75
0.0351150737364909,0.00614348732570206,0.796184555618555,-0.691503045092891,1216.89060049662,0.0385884249241071,1.21784181953404,4278.90353237726,0.75
0.0088057634865096,0.00155208790242141,0.0665898315976436,0.558930287359614,126.041523653347,0.110336880338354,3.52696501928043,4957.71355203044,0.75
0.0163366561516118,0.000448077425632927,0.633983156030036,-1.00592974613392,495.932051718279,0.03340053345666,0.3632550179186,701.512541001191,0.75
0.00940745051939721,0.000961050521588605,0.0910857516971588,0.470724283673718,96.4203226625359,0.0342268722968729,3.44708108151443,5000.04884907822,0.75
0.0369576344966838,0.0056742893530772,0.699252282710151,-0.931487094760108,701.588309276989,0.0313228330157619,0.932807436038489,2416.19039659118,0.75
0.0279866601101137,0.00332219847843638,0.627988069041605,-0.996202607079287,977.332281064935,0.0369254872925523,1.53439665374875,4783.61816787064,0.75
0.0103837890894729,0.00266463459043909,0.0702982561479259,0.266682107861246,87.5373748157376,0.0744406560029604,3.31124436427345,5000.04884907822,0.75
0.0247459307965137,0.00491099135305866,0.666132024674843,-0.574538404497178,436.734974329865,0.03788465397581,0.519200698635156,1046.94001794603,0.75
0.0283711947649615,0.00565785482325165,0.644959668524652,-0.644005615791635,499.83083185156,0.0350541204661234,0.583313860963403,1135.09475390333,0.75
0.0111542435146914,0.00555414069964536,0.286384158664451,-0.746502208642704,326.522674036597,0.0864303738334816,1.47696981280375,5000.04884907822,0.75
0.0174095429477988,0.00285889851191244,0.51128801294093,-0.930037404299827,670.903896464041,0.0424288294584207,1.55836263538652,5000.04884907822,0.75
0.0168289964345433,0.000353928096020942,0.573918181435494,-0.808203989512235,201.980834447298,0.0360803162787629,0.302987020759236,429.820962826851,0.75
0.00893750901016297,0.0042631104218324,0.303154066491435,-0.752727417752075,350.154532851214,0.0536548851670909,1.5519243328964,5000.04884907822,0.75
0.0219609139029453,0.00607211802598879,0.483791998651421,-0.388762091289743,719.179843651078,0.0665591813060057,1.53589664906643,4913.00298180932,0.75
0.0328398881815591,0.00841911717537791,0.717731407059029,0.0694312858538912,706.692173933675,0.0637555585891332,0.621058347591191,1496.45752028593,0.75
0.0087157985196646,0.00406944087163463,0.282807706407894,-0.699575472535782,311.431036371424,0.0771768479120851,1.61302681138859,4985.02954152632,0.75
0.0178194185289624,0.000353928096020942,0.571568544390353,-0.63320353647581,189.853969135101,0.0370218853676716,0.246624473252105,425.020995732838,0.75
0.0341617902100254,0.00506375790130181,0.756872838021772,-1.21457032555332,884.151855666446,0.0252118058247514,1.0084898795868,2985.60679492094,0.75
0.0352548395151266,0.00844673596767115,0.695137845254598,-0.0270925600305182,537.068475796627,0.0441929904784722,0.495449017187238,1186.03176383617,0.75
0.00950899159198515,0.00120079370632857,0.0835276476194509,0.354150965384225,93.4165991235039,0.0530940843536765,3.00590422761076,5000.04884907822,0.75
0.0210381162793802,0.00189877441455918,0.562265864708355,-0.184129067324008,217.573119779837,0.0406162154694066,0.314344149509599,430.375531832748,0.75
0.00596767304224588,0.00132176158700644,0.249466776919893,-1.08876919538936,255.328363124725,0.0499781181367346,1.18919242099077,5000.04884907822,0.75
0.0174045766581083,0.00147461710612403,0.476695428765754,-0.390477718837557,20.9079021879945,0.0321101146005717,0.232838504938382,223.860067626574,0.75
0.00941252965331055,0.00228008725147971,0.158480380383702,0.0738282815999085,182.844148371746,0.0903884801635112,2.13890015385198,5000.04884907822,0.75
0.0323897498325841,0.00607285504518751,0.634337715782514,-0.887179666577114,527.088383647613,0.0304374410493115,0.687966628141941,1516.37390876749,0.75
0.0393498911139351,0.00442964845836279,0.70196103877519,-0.964590153197939,968.195581605611,0.0275131148696081,1.31464852692285,3695.72888971764,0.75
0.0158747926215062,0.00268126856545357,0.395506409567239,-0.0166258612711675,-106.876781034424,0.0337099916634761,0.140601697739805,-82.1121299315173,0.75
0.0328191132600424,0.00566334088503533,0.699069779004408,-0.985006181217663,1112.76139262211,0.0389372073095531,1.61843083381873,4598.38851883888,0.75
0.0295032485094009,0.00571793067091136,0.702020877515965,-0.781424866180084,602.276119186385,0.0361838253958284,0.715089785324232,1604.8640305555,0.75
0.014567328264982,0.0089518143992744,-0.0761652778880156,1.65707517697334,95.7984022752313,0.117104124519012,3.62005119997932,4919.15472082691,0.75
0.0100122861793669,0.000671607326872768,0.140442649268762,-1.28914939781293,129.245132853504,0.0616672856936067,2.79820334570686,5000.04884907822,0.75
0.0101935987603949,0.00286119291200079,0.418488347774596,-0.632961700442302,478.215321145195,0.0555039423648574,1.82452868925522,5000.04884907822,0.75
0.0139025090565435,0.00695663294459064,0.00522120901472106,1.36760918110235,123.828680299098,0.116478763611629,2.8927924309093,5000.04884907822,0.75
0.0406782794812914,0.00512339460074601,0.717819993202996,-1.11710810796436,690.050811839318,0.0235585846890269,0.921768200282771,2506.82916369487,0.75
0.00669848506192938,0.00111391982061151,0.365141523166711,-0.810875868647559,365.392740568467,0.0365902528260695,1.575431951335,5000.04884907822,0.75
0.0216822053927708,0.00554047466982387,0.5284250590337,-0.578759020352469,809.827608399158,0.0600290811287821,1.6969175659873,5000.04884907822,0.75
0.0157253977184914,0.00918487191868933,-0.0473783856924139,1.19343859141728,97.2847233127366,0.119206782464513,3.1840329771971,5000.04884907822,0.75
0.00910628661452693,0.00272122489484458,0.194831522417333,-0.434520207163817,203.610118692867,0.103404209730753,2.1585966230394,5000.04884907822,0.75
0.0257453829311066,0.00505317055656181,0.697277499247404,-0.605290413211184,516.793596937676,0.0328902282100689,0.425530508464271,927.616122980004,0.75
0.0206433941743341,0.00300545387387118,0.671835434860668,-0.562033676867679,596.108479768868,0.0388970010492539,0.469899037195473,878.445136665375,0.75
0.0218410459364819,0.00492315289447845,0.561688595926622,-0.932127939986237,848.459219469049,0.0475525349910996,1.67636594070972,5000.04884907822,0.75
0.0324437345546139,0.00511299831440907,0.796026890277482,-0.632205422071608,1124.91740719997,0.0444122827642078,1.12005999667335,4092.82990897316,0.75
0.0195221209791199,0.00125147742590204,0.599613517816883,-0.300681792793232,244.875136136709,0.0462358628202958,0.322233576272231,577.285525234953,0.75
0.0187157852227321,0.00149930712102907,0.477374987571916,-0.0376219345613792,-32.3053061202316,0.0395048523430917,0.168020212379833,93.6799210300678,0.75
0.0321815318926155,0.00559563245279393,0.780391020142133,-1.27583398576998,1156.34948894362,0.0226547956165034,1.18865529536361,3985.33356041236,0.75
0.0404237075909862,0.00617442616372302,0.748777174638673,-0.768203407970157,646.480612545243,0.0274665114662277,0.669504034039572,2199.99439922168,0.75
0.0312623815146655,0.00310252433025741,0.616135281607638,-0.965702862243651,1016.75445200719,0.0339569633279307,1.56524347766692,4756.33264380108,0.75
0.0303168981595429,0.00385019077576224,0.74962711761774,-1.33980277110027,1160.6308535468,0.0286087320769353,1.42330254750243,4429.06437474982,0.75
0.00854465698816375,0.00258448591208558,0.250181957251444,-0.881891917085197,268.532386697767,0.0658872697716017,1.42080177863808,5000.04884907822,0.75
0.0091900334427359,0.00171762372333566,0.169300392952779,-0.866389006924515,162.165555720571,0.0934565235429509,2.59460654607447,5000.04884907822,0.75
0.0134085936525366,0.00670840809288852,0.00451274927995576,0.782561846566185,92.3780725972062,0.123123047316043,2.91788258860296,5000.04884907822,0.75
0.0191132929144021,0.000869537674922023,0.569877776372433,-0.585490928878091,241.607039144801,0.0347673534385169,0.300155477413603,478.936427164726,0.75
0.0104122181410928,0.0041266578312456,0.268823058847381,-0.712601332665419,307.401003992414,0.0848802952161664,1.66956049881354,4980.19172937454,0.75
0.0175175651687234,0.000353928096020942,0.562735249212185,-0.940554158537348,261.896349158829,0.0315965947650117,0.269637348921633,466.713489147697,0.75
0.0187395421152573,0.00070040574575744,0.473684660030326,-0.616561468833903,24.0888282807444,0.0295948113036381,0.165723444538307,190.304293769465,0.75
0.0192108029541935,0.000353928096020942,0.493999015456779,-0.3466804681772,72.5160240660653,0.0341755668512249,0.151505029606605,187.781086988951,0.75
0.0120231216385923,0.00501292118575928,-0.00502276927119377,1.09661421202496,75.0528531100567,0.104479589540837,3.05750950121655,5000.04884907822,0.75
0.0168536845931346,0.000608943838864111,0.622942056569481,-0.854673763044191,514.967237736472,0.0369472366757876,0.349932237038166,524.220583929653,0.75
0.0122560098815687,0.00631003367212532,-0.0421977447028101,1.77335152553892,87.8768507079554,0.0984427825775872,3.03741324756463,4967.50294445007,0.75
0.0167025459660473,0.00396845945500123,0.391823716986008,0.344606182646502,-44.7774363034385,0.0382674725822436,0.140601697739805,-133.382617726847,0.75
0.00936920847598972,0.00416660476915059,0.353104905030207,-0.646293669943738,390.180169112014,0.0528962974094574,1.56722947577842,5000.04884907822,0.75
0.0166325523445386,0.00649721718454037,0.434026731740228,-0.712140625014305,535.562196220908,0.0644587494878724,1.45272388770814,5000.04884907822,0.75
0.0220643862160278,0.00501393949848621,0.760248293664932,-0.238998755263094,465.71331394032,0.0552055180996311,0.477092918857592,1050.91873724393,0.75
0.0172625011689336,0.000505667024479219,0.564345470072357,-0.241077165495864,166.281928938538,0.0543185479072295,0.262905443239524,272.646593222536,0.75
0.0177591004031521,0.00196918598315071,0.634009347606444,-0.0210237859681172,446.467247621793,0.0650124588916749,0.317989172857108,479.174182099643,0.75
0.0140602413256463,0.00323293330778621,0.483239866657365,-0.980644928639436,545.929375939319,0.0409590995813179,1.56739482849663,5000.04884907822,0.75
0.0283178290896673,0.00537937617226837,0.570355438901221,-0.776351364044737,884.120578137477,0.048536621333563,1.47070433542257,5000.04884907822,0.75
0.0420340436518686,0.00538213114099375,0.67352946743438,-0.96470134139751,519.490819342812,0.0268387111988904,0.765690283155463,2020.32622794968,0.75
0.0111945276113386,0.000942553904258948,0.171895634194485,-0.939551110892993,155.436828133044,0.051326479526225,1.97744598245424,5000.04884907822,0.75
0.0199155623499962,0.000498418669978046,0.544209857582015,-0.6285075657154,223.474129696276,0.0314823237417986,0.267264611756428,378.36019173763,0.75
0.00777452990357858,0.00346872180120982,0.255258036286448,-0.636508103416815,288.983413246937,0.0706931771005732,1.67152381932622,5000.04884907822,0.75
0.00885523902670353,0.00398032274113625,0.32101943743569,-0.682306086414431,324.736337504794,0.0692629712622229,1.49402679571226,4946.43083047641,0.75
0.0176519938439222,0.00171201869345146,0.673360025365102,-1.04599710830721,558.913202525031,0.0323959494515314,0.520612527576355,1071.7201216302,0.75
0.00664926797480343,0.000353928096020942,0.190052275584923,-0.31536369758375,250.68091356391,0.0317485214071454,1.64292535459145,4983.23902025697,0.75
0.00950526251478105,0.00101290658635676,0.0646520836339605,0.481700788746292,104.766013690848,0.0888778975766362,3.12494461155235,4897.70236268298,0.75
0.0112479966153339,0.00486005979562166,0.00699398149211711,1.70363522469172,82.7683225254537,0.0847447271337843,2.97165256605871,4994.33809458213,0.75
0.0204869026977033,0.00063174676134622,0.51217782274007,-0.259631504659976,10.6499883984767,0.039549452516216,0.270890604283741,342.659309776422,0.75
0.0201908346607893,0.00277140711055518,0.494648259296034,-0.722930814535881,628.721123041423,0.0320899644823936,1.65289207494761,5000.04884907822,0.75
0.00724348167596742,0.00103468371816363,0.263789238725623,-0.732443678461739,263.60256943331,0.0425776830944974,1.39645609764448,4987.64747487329,0.75
0.024577234720952,0.000472235691991202,0.575034174449342,-0.874641235290617,777.565483897425,0.0320002172683857,1.51835025247743,4932.082661037,0.75
0.0362029841763608,0.00644355768832188,0.713890991209967,-0.582871346088652,459.665338200696,0.0317469631535525,0.607142776724543,1669.57653435436,0.75
0.0143701777598272,0.00367297624271074,0.446886307908439,0.421102410908386,-23.4229795160701,0.0501712391434192,0.24268697205031,22.1558237498421,0.75
0.0185051777948858,0.00401105772635312,0.473744596237302,-0.686818106216172,584.798130303906,0.0541708195370697,1.49725076313667,5000.04884907822,0.75
0.0094020050839916,0.00119321574400777,0.0500608750185587,0.569797346589074,92.5171607966223,0.0786622444196501,3.00454051452502,4931.43445400185,0.75
0.017479185304119,0.000741641851232824,0.591458924328687,-0.549890375277871,285.733076258785,0.0409108462182951,0.345041389308732,402.185055823872,0.75
0.0236934460677089,0.00382416382023724,0.660658404643342,-0.205033013268714,402.060550561684,0.0397673379555121,0.403754892063711,690.120894736423,0.75
0.0403463208164028,0.00651642439119738,0.677215940854539,-0.715217194103341,619.457409728693,0.0307901715478647,0.647859626894585,1758.32319822809,0.75
0.0100417220315785,0.00386032062212528,-0.021142117872094,2.01147537893542,86.9912822283354,0.0532747589479543,3.40424351434394,5000.04884907822,0.75
0.0227690563856303,0.00518857382862302,0.609726130582692,-0.930999360392754,918.0926277564,0.0502917611998679,1.59351087994383,5000.04884907822,0.75
0.0161183229381685,0.00592806218323274,0.484531326232925,-0.775112004317441,610.59672880673,0.0632845220718031,1.57668310742801,4982.33215796197,0.75
0.0253335760776484,0.00528852216783254,0.675047791148953,-0.816537846210972,1042.06938680671,0.0586199516741343,1.54242151525594,5000.04884907822,0.75
0.0257460807307585,0.00773351471837621,0.541358772816096,-0.673558638312636,750.971570616281,0.0648846507497062,1.394350939147,5000.04884907822,0.75
0.0271475137338522,0.00659187806233294,0.652411359778881,0.430998096707374,346.594877134925,0.0583481053432042,0.437300736152776,746.06897781422,0.75
0.0124988336117672,0.00731321484469372,-0.0638913273061205,2.14273532882886,96.9706196804587,0.0978468154257035,3.47288809371818,4984.98328443803,0.75
0.0127596328589185,0.00510207095330511,0.00712474084722386,0.862633186576035,86.0774464844384,0.114042062490184,2.92602159136573,5000.04884907822,0.75
0.0316569811316132,0.00374269202873907,0.649837901302732,-0.994391351440699,1025.73964882984,0.0337586121689086,1.63186966889838,4672.93973674621,0.75
0.0158256253940446,0.00386343542264887,0.451855158277089,-0.643108744616299,572.62850151169,0.0392411584466974,1.68451644470348,5000.04884907822,0.75
0.00954961324363689,0.000615945055191727,0.058225690991142,0.956947683685232,101.000040281341,0.060002277447901,2.85948712323492,4907.9536810557,0.75
0.0300868869981019,0.00679125903212716,0.576092691590167,-0.633612845371033,977.6032324234,0.0538506028970228,1.5615236651769,4976.22266313581,0.75
0.0386123044309014,0.00508065357281071,0.745693532847657,-0.959622617261593,1116.88717892849,0.0253640889781715,1.28145713230303,4035.87134128065,0.75
0.0340162962212013,0.00619462794607033,0.718349396953161,-0.898927294458101,918.796569030124,0.0324596865050229,1.00172747596722,3175.874456896,0.75
0.00871139233185969,0.00434866923159846,0.275980918815653,-0.5642693715587,312.245381154665,0.0525111350838507,1.47222133652439,5000.04884907822,0.75
0.0102306655689602,0.00445245840262497,0.296839422625599,-0.72059449708419,331.862327760003,0.0550602693221149,1.67430306449842,5000.04884907822,0.75
0.00895365382599578,0.00184776750322858,0.164876659260455,-0.225699201747102,206.060733195065,0.0803013302297661,2.09564588197073,5000.04884907822,0.75
0.0158722734040069,0.00315584152639983,0.393465886187777,-0.0309918379857968,-35.7567332552072,0.0309390782306024,0.140601697739805,-220.403466069145,0.75
0.0217509021373305,0.000489555361365704,0.556303644525636,-0.530941862096755,194.660602012221,0.0346626681600803,0.303667295805066,531.628036771081,0.75
0.019735055506481,0.000703978018582007,0.514729749270839,-0.674909978933943,266.129620171815,0.033385853841297,0.280440619928584,258.295295589192,0.75
0.00959031913885982,0.00291944819706839,0.0464230201437791,0.757788430927014,89.8393214941486,0.107918490188595,3.05100997486875,5000.04884907822,0.75
0.00930275553442274,0.0016909897576674,0.182159634152048,-0.513896872767134,188.736411732829,0.0703804113639055,1.59581564106931,5000.04884907822,0.75
0.00582226544533554,0.00221577206512432,0.311221768186378,-0.703008235620633,279.872430641225,0.0428109815755991,1.40855128358812,5000.04884907822,0.75
0.00837792014498175,0.00324273492682662,0.236899684215578,-0.511899517047226,278.921470536974,0.0534580346863707,1.65775779445772,5000.04884907822,0.75
0.0285578198274874,0.004836361075236,0.557424491217786,-0.684089155223917,897.950205139303,0.0483414275691194,1.63015949676656,5000.04884907822,0.75
0.0120042713900006,0.00564124676210864,0.0260351134270895,1.17236159847051,120.69334195745,0.111613129900014,3.60842741727583,5000.04884907822,0.75
0.0168863784801292,0.00550763880582669,0.443085966089704,-0.79478189029371,545.261472952799,0.0510351412751665,1.47545197068578,5000.04884907822,0.75
0.0236181920875554,0.00437555228475977,0.573517206677041,-0.869910266056314,837.614292596099,0.0453219426804122,1.49964060886512,5000.04884907822,0.75
0.0392533210821259,0.00445821608110054,0.720243520523229,-1.07407720503684,868.057334222549,0.0217941903881852,1.04787626345321,3074.88494417931,0.75
0.00971880953717203,0.00331644607233884,-0.00213566142332527,1.54366705903501,64.0008857321765,0.0546794047994455,3.73475344085807,4930.93386986003,0.75
0.0177598355602886,0.00227731669213962,0.40141169494203,-0.274432668010201,-62.5555140340531,0.0277939034890451,0.140601697739805,-48.3451164272037,0.75
0.0347826150891701,0.00457746816135175,0.716342278346586,-1.25665358750018,1001.30946396626,0.0237204243739915,1.24793246426031,3631.80307874382,0.75
0.00989610120415715,0.00179478468068016,0.0663713579471743,0.633158193346061,67.2207241378073,0.0428088380967133,2.64092033767338,5000.04884907822,0.75
0.0363620806458748,0.00673146633953314,0.685089050829122,-0.535815258894698,615.244783631366,0.0325911727541103,0.620636820575164,1451.37732483169,0.75
0.00941923806718726,0.00232177208789079,0.195879155035233,-0.372164007912702,195.969392815871,0.0938895761698074,2.09677873075631,5000.04884907822,0.75
0.0339637546740695,0.00552524962490808,0.68626636462271,-0.868637070530924,509.378683885208,0.0309500481250629,0.648164605127994,1617.16654522645,0.75
0.0291025692536358,0.00605854532943877,0.724722814077309,-0.72154132635128,727.771291214074,0.037978060682119,0.615882799237545,1499.10525694782,0.75
0.0164696039078019,0.000353928096020942,0.551193525651153,-0.377480407920808,136.780971030098,0.0487302384205807,0.243478673577493,287.678470808927,0.75
0.0141348305573016,0.00652063606214981,0.00781282749349937,0.736329245358585,93.7141976594042,0.128599093881888,3.04866473513011,5000.04884907822,0.75
0.0089225579300431,0.00139668349370221,0.0635787340515282,0.649772300549687,119.237960167757,0.104941405668387,3.65799002214599,4991.64670685212,0.75
0.0145997658562915,0.0081436760752651,0.0231576233069764,0.325600678703115,105.214435596263,0.151146227291137,3.18514573006679,5000.04884907822,0.75
0.0133833153002106,0.00722295593611411,-0.0280686096757667,1.90401512370633,123.741500921301,0.104250242812177,2.95937080921268,4975.88061396407,0.75
0.0112050742363414,0.00450671267037468,-0.0121774305333474,1.29909960855135,54.9094137084875,0.0832716628758269,3.20470637901554,4899.36930164657,0.75
0.00761260857690492,0.00311823191770259,0.302651600179989,-0.576161580733303,325.525405567226,0.0394550558770415,1.45156310298329,5000.04884907822,0.75
0.00910978309117628,0.00204790539372991,0.159631264524851,-1.30489091362534,149.470655060607,0.117104936576187,3.15169274053956,5000.04884907822,0.75
0.0218075992424675,0.00345792293703401,0.653364750863401,-0.191573004711172,427.172897857143,0.0439214287385139,0.380559844520029,714.076183526789,0.75
0.0106801154234688,0.0038740935466977,0.0209347962090832,0.777383731399298,86.7245724766738,0.0941575281691933,3.17045748771295,4975.97766396481,0.75
0.0190823262763681,0.00150314981083905,0.435679378940825,-0.122760838952262,-75.2285960750927,0.0347439784093828,0.144610203419593,83.7333582740011,0.75
0.0275254247516927,0.00476065202438599,0.728837491354289,-1.09056894702403,676.125086515863,0.0343012829798126,0.861996981533565,2413.19503093407,0.75
0.019737087547714,0.000353928096020942,0.536022094490755,-0.77852635432287,197.877816588706,0.0310279580069487,0.275487066626591,477.973956695069,0.75
0.00933942428442089,0.00192550665965163,0.133734420856263,0.0674125328235956,149.118840655648,0.100133129205107,2.82668965006348,5000.04884907822,0.75
0.00842326059398933,0.000671781630159092,0.18120136547794,-0.505700274195336,220.159022062099,0.0646264023388071,1.75170353623511,5000.04884907822,0.75
0.0184201557769434,0.00215429331968184,0.418473130731808,0.0682528026984379,-116.884568840583,0.0399896973722793,0.15965707796232,-19.4416006705633,0.75
0.0198698129438452,0.00802461070610399,0.536508341638247,-0.450251499555137,760.139227803589,0.0793097990179689,1.85399825408638,5000.04884907822,0.75
0.0112796903396894,0.00530357527914343,-0.0434559957149458,1.70793299553491,64.4031035385723,0.084948167266007,3.37068322299729,4953.3257719899,0.75
0.0367743633357389,0.00545007035120233,0.757745478126285,-1.1164328041778,875.004097163461,0.0235631820136474,0.970961705018208,2889.39305466213,0.75
0.0306113714673187,0.00558150082432316,0.742151967925321,-0.72637269392955,664.087484512157,0.0342027438912972,0.708523166528475,1708.38585550151,0.75
0.0258642922725781,0.00488277903349503,0.683673983463547,-0.562723040406673,513.349180477648,0.029200752576055,0.381832578929229,846.935657955208,0.75
0.0215781411462526,0.00259470476007878,0.462808687331493,0.00906883593653562,43.0870746933783,0.0317369408373021,0.244188080491359,153.411011213663,0.75
0.0328363185225455,0.0044578076305833,0.740786928510722,-1.3055208048773,1100.72869955369,0.0231178580533939,1.29548945807781,3959.99271329563,0.75
0.0230306332703828,0.00325365048414579,0.638078075557944,-0.67143469032772,562.484567528633,0.0329449083885734,0.399518579973076,786.458787614596,0.75
0.0128554387334332,0.00574769716003831,0.0280102655820501,0.998655766220871,120.305988858681,0.111898401112754,3.2323065484839,5000.04884907822,0.75
0.0398921749252981,0.00391747975565448,0.672394992002371,-1.03423486341137,991.381587806764,0.024526010331703,1.26045516912504,3598.38086645357,0.75
0.0366546137348708,0.0071775186677152,0.766559586002047,-0.503721809559751,809.156997760342,0.035644779210689,0.659507969057384,2329.35470936797,0.75
0.0103531017108563,0.00142515042723832,0.144662089279472,-0.291103394935882,166.755164253121,0.0814458361477666,2.39341485107407,4949.599888528,0.75
0.0257657755575065,0.00518217517231855,0.730181851945161,-0.87210884790097,1149.64034392619,0.0596157058249125,1.48052435002903,4915.14370688377,0.75
0.0199314787206403,0.00316522747863525,0.438620806394909,0.260737035247631,-39.0672077952294,0.0373907872564701,0.216249197424547,134.855710539621,0.75
0.0112502318252118,0.00531927771694218,-0.038050587728192,1.75932932095473,75.6827752232463,0.0843176428111687,3.60764275337546,4952.20742332252,0.75
0.00937632282786281,0.000587530025680817,0.0950589389854278,0.122881071353472,110.220964591131,0.0676165567335476,3.33642613984032,5000.04884907822,0.75
0.00924268097894225,0.00221867176655281,0.162497700963106,-0.225667551496058,171.126275949483,0.102909658810416,2.62821130484885,5000.04884907822,0.75
0.0179267296700952,0.00290175043298775,0.416099265877832,0.0760589093682359,-93.5683301648309,0.0319159493581384,0.140601697739805,19.0581794945929,0.75
0.0102660941330083,0.00105710633376095,0.186172575829602,-0.789863979494395,175.14855537449,0.058270184151259,1.78070607615123,5000.04884907822,0.75
0.00514618609776284,0.00254016064097833,0.269992859241698,-0.69182470469096,282.791725591032,0.0561554169280878,1.51042774795085,4986.26916799,0.75
0.0138541429559357,0.000353928096020942,0.592781373061508,-1.00473752027315,400.970418565247,0.0375029407601851,0.328014572690862,591.397993562116,0.75
0.0168962286910299,0.00423992552782532,0.463910274633886,-0.946648005173264,577.232979138006,0.0398509345534641,1.63477178833057,5000.04884907822,0.75
0.0102985640523456,0.000953011166587012,0.175202227689632,-0.885284414534482,173.202999108659,0.054321306648851,2.05486339438826,5000.04884907822,0.75
0.0332736554414614,0.00554927472256672,0.804917462621039,-1.10719489267944,1230.93530772156,0.0304448578527149,1.24726627733309,4200.27111743869,0.75
0.018050444323238,0.00589701233989034,0.464344397912932,-0.95107218142085,556.872455574648,0.0443686287363718,1.57713240276431,5000.04884907822,0.75
0.00807462486360723,0.000850570854305075,0.195910886707579,-0.427921907730254,215.689180094387,0.0480571046400785,1.5501053678306,5000.04884907822,0.75
0.0500253519034594,0.0083115325038833,0.595643333204331,0.350497760171919,642.407416534973,0.048213493209687,0.947951938832201,1911.52815006381,1
0.0254110128908203,0.000960686423950866,0.457630317575257,-0.0122707133223968,68.4484499904651,0.0330071803909247,0.251026317095618,403.316092753134,1
0.0112446122766351,0.00308806773631572,-0.00327901783680895,1.80909480756984,104.205668418205,0.073995180032142,2.64785075544622,5000.04884907822,1
0.0531538821767607,0.00551947961680337,0.622614105474761,-0.349843321810112,436.551194868412,0.0214817768661349,0.427635048378561,1226.18455350327,1
0.00971851488345169,0.00166049625490524,0.0417765618446095,1.11037038122793,95.5466521852203,0.0518665510232666,2.98824801090637,5000.04884907822,1
0.00725811499936304,0.00277028334813202,0.18863526734152,-0.368743995238502,263.069156999923,0.0640543108216389,1.58082431254972,4950.91178348758,1
0.0340962697187437,0.00771441485481067,0.576645281189898,0.189334462700914,298.432694763508,0.0421078438900481,0.475696311061528,796.340560590362,1
0.0605932301260986,0.00361293486359182,0.626255856732757,-0.469842892507454,565.646415175048,0.0242075357314211,0.712064099824654,1736.43480391994,1
0.0610843277005647,0.00570671235060467,0.676047400672506,-0.483349733250824,1294.6614289115,0.0469152860323002,1.68796066804667,3928.26380226067,1
0.0101784649068606,0.00185827959566517,0.0717311507593772,1.30065569165917,110.784165244191,0.0658207557548652,2.62774256513227,5000.04884907822,1
0.00795011248327116,0.0028810436999277,0.189006464754442,-0.768838191614267,206.725715710911,0.0820048833387071,1.79590176716056,5000.04884907822,1
0.0423871403704094,0.00781353910102131,0.578641161132165,-0.0864332836884302,381.253162569333,0.0271727484272787,0.458217544340705,694.374220671875,1
0.0341941708639319,0.00745368274603354,0.473535169604609,0.0994019506312284,809.601563681612,0.0680807815192551,1.69105239784684,4431.75729634024,1
0.0109191574928648,0.00315895662608667,0.0256428799823207,2.03179474800726,123.747224061977,0.0362399553381998,2.75945948851291,5000.04884907822,1
0.0080946191271478,0.00412127392513185,0.218331419464985,-0.366495233601547,272.893399048833,0.0742752215817177,1.86202006237551,5000.04884907822,1
0.0416769585567526,0.00830419673331679,0.608443706927393,-0.234950399596084,568.588716372533,0.039946135984071,0.890822765991013,1609.88872308571,1
0.00694157648670684,0.00146716899877268,0.209077051729615,-0.224423685263493,262.782559346343,0.0506287283398683,1.64680220013505,5000.04884907822,1
0.00986612720541152,0.000353928096020942,0.183481635908023,0.896436081196159,261.245103843117,0.0411318537283798,2.00960561273136,4871.7764226791,1
0.0148478905861687,0.00667654983294341,0.280089452315763,-0.237712228202443,370.772230949723,0.0671590169292498,1.80771457968318,5000.04884907822,1
0.0106625228134833,0.00188332925087759,0.103853949278646,1.28307243461591,157.726550668687,0.0394265403808496,2.08929599926806,5000.04884907822,1
0.00920390834757889,0.00225944284028373,0.0686662413121742,1.17944747045649,146.431330563228,0.0942266467799393,3.4255801048963,4873.50611147577,1
0.00815003411223216,0.0025793804697783,0.161321674673157,-0.792047816533739,194.12114682037,0.0677408154704612,1.81395031337454,5000.04884907822,1
0.0476484366246961,0.00653099518422501,0.673839006372111,-0.115839209003635,977.808984339697,0.0295297096270533,0.913624406893264,2929.39506683299,1
0.00997123731573986,0.00235197976206397,0.138982429337475,1.13849482680386,187.790014484026,0.0791412393317236,2.76166556487891,4956.77517674694,1
0.0245902751321494,0.00136679716246219,0.495536829949486,-0.00764642876612454,59.2603873572311,0.0425356298490172,0.259595625930946,574.601539680062,1
0.0080187495755302,0.00225840372996973,0.263104855717588,-0.0253869446069545,352.159265650565,0.0366883045850526,1.73643878660341,5000.04884907822,1
0.0215222767694043,0.00303203761637945,0.398952012839081,-0.17939070054837,98.0463329111402,0.0230773062004928,0.21534614177395,45.4148365698829,1
0.0291301714081946,0.00610152645670576,0.446815449167137,-0.229890204153954,707.577931748772,0.0589921097553481,1.61463312866333,4876.07767961382,1
0.0101950119629503,0.00416067828608081,-0.0335497603333093,1.87586910595537,89.9749915912766,0.0650088538465642,3.1423122562312,5000.04884907822,1
0.0140177964019452,0.00593049327257634,0.00592086092884253,1.30650534156093,121.850490208154,0.110086266921665,2.51987280031576,5000.04884907822,1
0.0369550765270788,0.00868772637175843,0.553928548151464,0.425178826114392,240.446241757972,0.0466439830612196,0.446303419205133,907.259777609065,1
0.0331085068388287,0.00541382246178466,0.566415937268427,-0.379843093305761,268.662184252812,0.0214817768661349,0.362635769198078,831.812344852492,1
0.0143357089240544,0.00824318137104969,-0.0151197445159821,1.95312049946552,150.362340582474,0.0559649265684702,3.60414072110148,5000.04884907822,1
0.0268112605109483,0.00310649038499583,0.448964004941165,0.24869269541106,158.91427516808,0.0274745044562177,0.259120308409367,511.505540264882,1
0.00940092639866139,0.00222246386742555,0.0295218395402248,1.36008972913427,116.745103621947,0.0890232354710993,3.47202442490915,4968.94363173923,1
0.0551019664767982,0.00595578922442498,0.596085671433212,-0.253226797267828,1087.20240533365,0.0384518310666352,1.45776015602529,4517.58623274152,1
0.0533760313570162,0.00428123131777843,0.605121102680468,-0.62956662961138,737.690102556257,0.0295922999122741,1.03517347842827,2356.46833350411,1
0.0131852989960316,0.00658468269637259,-0.0451719485221578,2.18217310735962,117.053505939045,0.0785118821732622,2.80821187739994,5000.04884907822,1
0.0167004540895405,0.00925119039899263,0.316700787100172,-0.109479778002203,437.789131007272,0.0727227575950568,1.67247231232553,4992.34279213927,1
0.00664780430811928,0.00387059694100566,0.255076399001531,-0.946473902954751,294.154444315772,0.0532585870451003,1.42987355536165,5000.04884907822,1
0.0101623946727788,0.000913597142179096,0.0711456978517859,0.847080258251966,115.681256639444,0.0599832747858915,2.77059276566686,4948.50538108395,1
0.0365979359255772,0.00330848188122425,0.499427905837852,-0.456120943581393,767.946651008403,0.021490745975487,1.30140941777794,4730.94701581053,1
0.0113390805654505,0.00603068883210011,-0.052554004567518,1.79299052217107,100.958537133319,0.067458240649912,4.0193610864705,5000.04884907822,1
0.0141199682583073,0.00584539154404654,0.0610341793154505,1.32116845981391,154.169203940153,0.104317515451793,2.25514955021134,5000.04884907822,1
0.00762563542455258,0.000353928096020942,0.197910991194482,-0.323797479285438,286.402708836436,0.0380446149052077,1.76165331119877,4976.58977520529,1
0.0279696516150806,0.00531024921286602,0.608049184026738,-0.0978504239517868,355.25403738863,0.0427338702170349,0.417448794824119,758.328599957544,1
0.00893591926003003,0.00372707624858485,0.207000080196627,-0.0975438888225228,271.645770456305,0.0686725691462693,1.84082809961231,5000.04884907822,1
0.0237620602826025,0.00233444886231278,0.368345602387129,0.230510058581144,48.3716744400477,0.0276639277215791,0.140601697739805,317.989601687606,1
0.0102149199016895,0.0010453118690483,0.239273941362976,-0.356744922634227,325.819167326555,0.0341216767227327,1.98295781809328,5000.04884907822,1
0.021929052448759,0.000951670588461288,0.573419470970617,-0.745187735362009,407.088113056462,0.0297663004466755,0.317628730213998,515.848875689549,1
0.0277498021247039,0.00297153184277932,0.461323923797314,0.220930913908625,140.110315171825,0.0312732311883885,0.221528165664584,700.592978014895,1
0.0503457733674043,0.00273837329517061,0.623638263288785,-0.615327210567949,1081.90944917442,0.0332344428564826,1.54054004865577,4663.97819084438,1
0.0159401413667202,0.000353928096020942,0.384306368549089,-0.682533507302128,514.148185226107,0.025015570196357,1.39494791204128,5000.04884907822,1
0.0393292238145194,0.00735895432880641,0.571944270401448,-0.22681431559224,228.782660512845,0.0226690786117777,0.373930129129689,981.235300952417,1
0.00975251534950819,0.0019252039239951,0.12528557478186,0.277179947908064,165.7320078395,0.0555692906320444,1.90990826268098,5000.04884907822,1
0.0461921294171654,0.00911086659332033,0.594717860950113,0.444119310441145,1058.17916225077,0.066666916897627,1.62162118183162,3610.30387409162,1
0.00968188578234227,0.00161736522887832,0.110127913934725,-0.376733397139278,136.802107304061,0.0561765054414977,2.46197431701404,5000.04884907822,1
0.0102755807981063,0.0018418224996582,0.157801866174126,0.445097942335331,176.19080202499,0.0661303651888246,2.17214548195038,5000.04884907822,1
0.0123832522529543,0.00458782469308513,0.0353745684783223,1.13908129771066,123.054624730538,0.0965272690905566,2.86979782243657,5000.04884907822,1
0.022779298937276,0.001846210506181,0.371817214014842,-0.322384253905568,3.45567095348355,0.0268076063474745,0.140601697739805,154.534213232221,1
0.0120878716757042,0.00448290326605905,0.0216399745878406,2.14921260222885,140.963686530035,0.0682254464885741,2.74665566022826,5000.04884907822,1
0.0117248645243102,0.00331464527534918,0.0175785135321209,1.91256559803725,122.123954370461,0.0535102518187026,2.46160423871744,5000.04884907822,1
0.0122152627470854,0.00499535640921007,-0.0280904035625051,1.39040608882566,97.4539805594319,0.0837169496030993,3.09885838386819,5000.04884907822,1
0.0382429102830549,0.00809741166570847,0.573466179934656,-0.476397450263117,370.260719559341,0.0297185481840221,0.591452024389909,1078.51753224926,1
0.052974471464473,0.00712909075430267,0.6192817941734,0.156716153566769,511.324486365896,0.0351082301947336,0.657695305638032,1259.9529380453,1
0.0416783321533909,0.00865858687872791,0.543992331254975,0.15781397864237,222.669481872645,0.0333870728296032,0.483328808186314,959.014036433699,1
0.0487750366699196,0.00807394133893236,0.629949942269796,0.299359345103416,875.411228881781,0.0400626186945258,1.05342885039878,2911.41598995403,1
0.0429504955552457,0.0021044023847388,0.594773682870434,-0.896493996795926,1040.40730999345,0.0263714919716558,1.5732590444633,4487.4947631049,1
0.0244182809128733,0.00227322532198104,0.387390610018495,0.315073530428312,-4.42344115386419,0.0324407983000904,0.187627982204512,178.534402219448,1
0.0204404342047127,0.00218604080798455,0.389605380803714,-0.100202244501149,95.6556635878927,0.0273171287811841,0.140601697739805,26.1910871542977,1
0.0205359726411068,0.00461985084917109,0.366455603384525,0.112425612002257,95.4719595550562,0.0214817768661349,0.140601697739805,-64.6955715648583,1
0.0354932670921038,0.00999786705298113,0.586964742751939,0.00270199849479752,1063.9876794158,0.0909280288084511,2.20579672645761,4823.92244266133,1
0.00950421481039723,0.0026694465851183,0.0991081360494962,0.386595761956255,130.984851633275,0.0917689231665741,2.83935272770294,5000.04884907822,1
0.0427186014336736,0.00780828077621699,0.640590844729124,-0.396523551217453,754.590779253493,0.0386230704702198,1.03510906314551,2396.5161283913,1
0.0370475092861978,0.00920020591964825,0.529945584300391,0.440125541158433,206.212905718314,0.0448943867080605,0.643805698239131,853.358294512574,1
0.033744915906119,0.00672969488000815,0.603417008777227,-0.468202215390211,430.593905432436,0.0305632548562044,0.530997463528433,976.756216375792,1
0.0330599471880627,0.00193523947849375,0.526504087489324,-0.810198296952329,880.858747152582,0.0290144222401139,1.40964834691076,4949.01382586865,1
0.0492562940306127,0.00848478676143616,0.569637527343816,0.361981798417314,512.073951142224,0.0439849182245318,0.786158399564881,1337.98636227175,1
0.0109887084021106,0.00542122287207884,0.239590812346834,-0.201200901934922,334.800326796329,0.0559165159251252,1.62347539396034,4964.78872535365,1
0.008210327102911,0.00339700249372994,0.218168910730399,-1.02797292406707,219.484668971553,0.0860214702865776,1.90756771292809,5000.04884907822,1
0.0339158211888643,0.00753987397996918,0.592837313653603,-0.743445913106413,1047.18034604914,0.0587744373717395,1.9005251294941,5000.04884907822,1
0.00901438427139084,0.00292490504285888,0.156800759060434,-0.109131296425989,192.983328959409,0.0736682573513404,1.95031744825874,4931.26145128342,1
0.0149696335633929,0.010183952977956,-0.0358999480765674,1.80320860907205,137.539549749885,0.127814033821867,3.28221868533872,5000.04884907822,1
0.0103447334839949,0.00174560626021776,0.103555968359555,1.10923175592215,159.373331743241,0.0678784876310565,2.2855283045961,4823.09429741763,1
0.0486907788995966,0.00640585891875133,0.630950132631762,-0.512360862173306,498.85709230748,0.0284711112240477,0.641905413542394,1617.40276876038,1
0.0259348768765191,0.00260189921831568,0.526697124200691,0.0463500068978071,116.363378364642,0.0452287448780693,0.326852457085062,550.807580089125,1
0.0121143851503564,0.0072135370542723,-0.0528760945567556,1.57070119526733,99.8847486803879,0.0756279788933276,3.94453710695954,5000.04884907822,1
0.0467528665829771,0.00428842142462991,0.704141289609029,-0.805865610347041,659.318892195815,0.0230540525780242,0.694078063539323,2163.38159749014,1
0.0344212091911292,0.00681142650990328,0.55181223673084,0.0604442195335518,223.953083627644,0.036591063385787,0.421751975154793,739.475190577758,1
0.00910616902071496,0.00227628344615163,0.0657957233868789,0.8400572706311,133.960773061246,0.0867946026813199,3.28499655465968,4964.1741911266,1
0.00982016985320823,0.00210635826020307,0.0511261803174112,1.6679273328641,126.293648078114,0.0359069672457379,3.42080485892529,5000.04884907822,1
0.0228727217574172,0.000984388242605866,0.532761238795428,-0.528515637987528,305.312709904187,0.0322013498045951,0.303659683601398,406.968963393997,1
0.0497456666903979,0.0077239692020309,0.622759519864312,0.019184658506468,559.848777207916,0.0365616520344209,0.652074468625072,1463.63417455633,1
0.0448831202044416,0.00806391803978669,0.583147887589913,0.0505650065855633,640.81753214587,0.0430595374180503,0.903637012720818,1500.56585992842,1
0.0174455666640071,0.000353928096020942,0.370573258791403,-0.7204789516844,564.626933228934,0.0214817768661349,1.29581574563736,4823.61982100171,1
0.0198844699689016,0.00907836286988238,0.345169084543722,-0.386110607663535,500.224121178592,0.0557205231267849,1.53892739170767,4966.95482319782,1
0.0315968924530912,0.0104122812148008,0.444701008693904,-0.255868489977099,679.474378119959,0.0532478153517246,1.54464829482578,4843.80134391585,1
0.00885214674777404,0.00285797863987688,0.151548106585542,0.0846245474566869,201.467143168197,0.0969856700200389,2.78867842346975,4896.88323998675,1
0.0372832871841996,0.00875236951381213,0.60336919474021,-0.0729965471584997,434.21956594659,0.042608109719768,0.680563064758674,1177.05232296896,1
0.00970458694470924,0.00125327804913393,0.0772768258611082,0.552129746996001,145.750296529836,0.0664617888744483,2.9850568431258,4917.42982579278,1
0.0405876281627049,0.00513188751217536,0.676821353685745,-0.833350606799501,1117.36349094838,0.0475557488939983,1.9458329707668,4730.14803555606,1
0.0405166981850361,0.00746551760180381,0.758973945839089,-0.181568066611959,950.255771925346,0.0362920048040029,0.752107616008367,2848.83931919481,1
0.0516245969404693,0.00806346521090351,0.57763957893451,0.188954513761668,471.525842152226,0.0390741158209354,0.804490029570933,1592.87286246075,1
0.0100260288848057,0.000988640974960937,0.0572274846359347,0.477185903566815,108.965443039305,0.0701637101247099,3.02576197784341,4913.55016619406,1
0.0181447039760078,0.00709924373656706,0.316893212434311,-0.329749219265199,473.434412179344,0.0480802221018676,1.40700547665362,4792.62915104738,1
0.0106522879759494,0.00629116268082751,0.276072546675861,-0.517228840830883,321.65863278492,0.0648765711440225,1.5084853241002,5000.04884907822,1
0.0131782624042891,0.00669466387899511,0.0245371914159138,1.46310012643527,124.98698512837,0.114513009298088,2.6225276326476,5000.04884907822,1
0.0098477974655462,0.00194970054908593,0.125978835852552,-0.0632820980191852,144.390572038927,0.0757441854205614,2.19024728585782,5000.04884907822,1
0.0109973231595991,0.00370975197137145,0.0559139940537141,0.856183506748135,111.938264151081,0.0895758410007087,2.8916408864406,5000.04884907822,1
0.0151972668063326,0.0095871654037648,-0.0441626618193985,2.12113056712529,139.157739754727,0.0967819964823919,3.12748486352648,5000.04884907822,1
0.0233838629279584,0.0023846648863669,0.410914211618246,-0.0195141176689149,55.6026386030986,0.0214817768661349,0.140601697739805,206.175502820231,1
0.0329486857070854,0.00679265512532451,0.519063198386893,0.463077693793027,184.706957979405,0.0429567149187955,0.37374362054257,766.905902854432,1
0.0425050509943546,0.00641217947652935,0.65116750025754,-0.526257788871161,893.938939143352,0.0374538843254372,1.18260423216896,2950.43041790513,1
0.0537722091424811,0.0060887805561094,0.606433097937255,-0.184015965475923,1050.16932615022,0.0478506577799337,1.44621339228467,4021.75867658375,1
0.0251331527989615,0.00317960069071805,0.375068827966181,0.00113106126449164,136.156452235713,0.0214817768661349,0.140601697739805,-7.63077536124911,1
0.0296935935456079,0.00549208184625425,0.602215036732677,-0.118590991351005,350.356524914294,0.0325080288938568,0.372542826943587,663.663948469644,1
0.0102662134592562,0.00122727294347978,0.135884623386085,0.386443043469318,157.143166410158,0.0478375079648955,1.91404297906192,5000.04884907822,1
0.0330687471474522,0.00571408644591312,0.470320921695262,-0.32257935852329,668.789029754339,0.0425870024612797,1.49561045289775,4791.94827503668,1
0.0467695819891474,0.00075877598747315,0.547948539019171,-0.690010387538289,975.481573474743,0.0214817768661349,1.32809871052769,4640.61259375758,1
0.0444386183108854,0.00733146007343424,0.59071217724793,0.0994757759703675,977.677569706039,0.0409478884720133,1.27141552516344,3710.48234779257,1
0.0460587603874418,0.00430686410241469,0.671158678595085,-0.735911385822601,656.895511055904,0.0273976265182598,0.78938959073142,1792.78883645593,1
0.0220058839242497,0.00401759002279216,0.363293068627266,0.0448689805362847,134.0583522065,0.0214817768661349,0.140601697739805,-229.137037490015,1
0.0116185694358986,0.000960868532956675,0.13113927291446,0.65284513728465,164.768561715887,0.0532162307281388,2.61366465710947,5000.04884907822,1
0.0247408454306665,0.00148130881726275,0.486833744835515,0.124286439246636,68.7618342943061,0.0403688277206985,0.261853022796456,584.003211705612,1
0.009917303513137,0.00290248973300753,0.0396063070202037,2.01261522450038,124.480061253135,0.0402436006549314,3.32280197526577,5000.04884907822,1
0.0556915938171329,0.00684212526220833,0.610459188453739,0.398906859203061,605.784918204836,0.0412168975347333,0.830920351937959,1829.13190487391,1
0.0229790658916881,0.0020180466873157,0.377243258706522,0.155221713381765,20.6897784935782,0.031764461609013,0.140601697739805,95.8548047001486,1
0.0389219883766457,0.0017751462236865,0.531805707723281,-0.661804142873252,860.790792581935,0.0214817768661349,1.34215990617427,4823.87927346687,1
0.04167407013722,0.0077571351181654,0.619228958297823,-0.235513480767792,977.088408151897,0.0732709118322502,2.08414617943392,4886.96666065785,1
0.0154984213479597,0.00979178487149128,-0.0411242623777621,1.85657535728159,135.85175609052,0.124109258829266,2.98299974835721,5000.04884907822,1
0.0165506345428692,0.00374962110011359,0.332946570968393,-0.54178499075916,482.691746982858,0.0390038966609223,1.39581157461628,4886.04237408247,1
0.0281710787550787,0.00255748882600232,0.521752942777821,-0.637239732441893,295.924120027919,0.0214817768661349,0.285036760611064,647.721512876278,1
0.0138974376012088,0.00779667105197277,0.00406244008996903,1.64606639436576,133.612691156838,0.113135026650321,2.85660733470746,5000.04884907822,1
0.0107682630093629,0.00476325214671244,-0.0302927455739943,1.5747628603597,93.6887377070862,0.0593988752889191,3.39876200850296,5000.04884907822,1
0.0463528991227148,0.00847950318407902,0.650742128985699,0.061573126856934,753.294246519351,0.0461152368682907,0.907523951224132,2078.91268864436,1
0.00658334147993294,0.00332942592162127,0.256064225539131,-0.351238498831927,330.283145448641,0.0465902655544047,1.51930323452871,5000.04884907822,1
0.0562588636285494,0.0048276087462427,0.630714008171877,-0.44751927556166,797.255367251242,0.0214817768661349,0.896010615580342,2611.18689499462,1
0.0111753816995627,0.00351311385025005,0.0802827779700939,1.29203190543939,150.347116140552,0.0716609786048505,2.40474420273486,4987.73323005015,1
0.0460743087418702,0.00885453533530433,0.558947676351444,0.276552503685148,453.93006915665,0.0475489444050285,0.914675616521118,1423.17288199255,1
0.0241559164533047,0.00222171328495109,0.37995596624309,0.341576377989755,-1.09037804910173,0.0339970959509598,0.166559234514866,283.973753433718,1
0.00913100600186518,0.00314211869731641,0.176666260104471,0.221176835535347,205.976575200275,0.0983275912600475,2.70858881120559,4998.36339913465,1
0.0321055530627463,0.00496848209092153,0.525904992317256,-0.288412226311297,270.590056752913,0.0240461910160927,0.404059963395198,677.926735561101,1
0.0527054107206881,0.00740229547524799,0.605669388459868,0.12545700476298,545.929191424766,0.0383027825130474,0.799601970287668,2067.71368646073,1
0.0233075664379446,0.00147108101630442,0.497576236153505,0.10856355595806,94.8861517619169,0.0431720693760666,0.228384249526256,504.1369538938,1
0.0493189332734093,0.00796462279164738,0.558251881415978,0.114790544178607,287.600360876311,0.0263107434001289,0.538430839033084,1005.85900952049,1
0.0514331695137894,0.00662167968656109,0.659703590973566,-0.146080666842728,509.744417795711,0.0335894309470511,0.658365118040615,1552.39772151193,1
0.0201318923588075,0.00443756878491082,0.371855723601088,-0.0884501506077549,96.6041634298605,0.0214817768661349,0.140601697739805,-56.6085559452476,1
0.0237719055168647,0.00266565868625399,0.394371174132649,-0.132894300088929,100.948352416847,0.0214817768661349,0.153413082876101,182.293038832988,1
0.0277050950341951,0.00235169194561256,0.504849625712747,-0.33437802527385,189.017511612002,0.0214817768661349,0.282941831829206,569.410478057691,1
0.046065009126228,0.00650936755409714,0.71123360266914,-0.259032012032226,745.501452596515,0.0349385469970864,0.757899172580449,2253.99827220421,1
0.0198641321605972,0.00753309090409231,0.372389489228796,-0.222030570504292,525.740542564852,0.0326551420349762,1.58151578414702,4993.66103334867,1
0.0474661859845359,0.00788924239739257,0.632841392716533,-0.0103016069454529,834.041693751165,0.0365620367350712,1.0058935596776,2636.75028304938,1
0.0104373777028009,0.00134849225832541,0.116780916185639,0.978568924897094,187.804218628549,0.0499263266486398,2.61473573162821,4900.81316625992,1
0.0105366214096742,0.00347040827419139,0.0357022233070178,1.68864140278139,123.579682405987,0.0931526802733983,3.07336228415019,4981.48083265999,1
0.00856851183582984,0.00358610769164198,0.240973244150088,-0.300730748848802,254.622158705762,0.0849452183890447,1.81569287009537,5000.04884907822,1
0.0503881273812094,0.00750233435437987,0.649426887276466,0.0616305835711559,786.439227447173,0.0363648034658734,0.935971766288856,2531.00085880622,1
0.0519517368746805,0.00737266918924377,0.633975768403838,0.362789236945335,666.596288856837,0.0455820466290126,0.823419053547158,2045.80004480272,1
0.0250819840577441,0.00243740682441847,0.569965275996889,-0.29608409020744,286.236637697618,0.0375128149199957,0.29063460588865,536.456655169033,1
0.0235202694233488,0.00168815561390091,0.397671744979104,0.27156052671373,27.1655403678566,0.0321213321035264,0.140601697739805,287.773058647803,1
0.0375795663424333,0.00710383717611556,0.519208243390255,-0.383179343535902,293.202419612919,0.0222307228299701,0.595729149855787,908.88284388,1
0.0104297408838508,0.00551510680338352,0.270179877638779,-0.52834155471475,294.288057950137,0.0724499005916819,1.64223851440497,5000.04884907822,1
0.00984149252853244,0.00170163783696895,0.102900138049586,0.564267245442395,167.875287883076,0.0755268271562235,2.73013757496342,4802.89978333425,1
0.0115698114128608,0.00490130704740328,0.0113295619353865,2.50390817163931,154.519289966215,0.0692810993678893,3.28860597470756,5000.04884907822,1
0.0322770852508409,0.005804566399527,0.5119576970717,0.226143834853768,170.81463704567,0.0405741231529639,0.435386824788029,585.018258114267,1
0.0557146673192716,0.00633740441159743,0.613776657186539,0.589583083258238,589.539249698412,0.0458704522349672,0.820080598652021,1589.7431749519,1
0.0271413382635767,0.0115345655478044,0.446579026667789,-0.413467388582011,631.811099964745,0.0700616255053857,1.47675673807586,4920.6487866225,1
0.0290101681442962,0.00312134666653995,0.48442179033685,-0.213498695283568,155.137886234919,0.0217889056180597,0.295802437369493,679.892900664677,1
0.0068233412457606,0.00162050173596041,0.205270248611613,-0.25056831954419,242.623244134696,0.0517977738291368,1.57341129814833,5000.04884907822,1
0.00972894307849015,0.00344040085038461,0.294171558707706,-0.548833745652165,343.912907156485,0.0398422826445256,1.66034081132347,5000.04884907822,1
0.00924042956128708,0.00381743597596845,-0.0296845713421767,1.65451388815129,82.6457903674038,0.0617613692601606,3.33279423451872,5000.04884907822,1
0.0250881755499709,0.00215300624573988,0.506518139717434,-0.0997312299232001,167.970623516486,0.031015411725998,0.269940764514776,501.739889582246,1
0.00675391955645924,0.000353928096020942,0.202870529309028,-0.449816870302466,304.738081652484,0.0360713087070779,1.48872971639749,4822.65514044123,1
0.0235017362575779,0.00106115002938955,0.473251643625918,-0.11228447936592,92.6622290193716,0.0307398049653527,0.224143152490753,360.896562613017,1
0.00861199965263487,0.0029208429770406,0.161169958602959,0.74836749356009,239.597697036324,0.0764518357351588,2.40153554239493,4827.01135359707,1
0.0141565731926824,0.00492923360745282,0.288307760643575,-0.204314947394704,433.82447484142,0.0339077382378578,1.52813861896903,4877.79989810678,1
0.0330962996885174,0.0123826396614917,0.573207246180724,0.357995554476345,1019.11476267336,0.111672996549171,2.48095294389487,4705.63065036214,1
0.00941071232298926,0.00190057199001554,0.158387382048254,-1.16208069601065,151.07888856776,0.0831102185890436,2.39416336946404,5000.04884907822,1
0.024666014056842,0.00118289008781393,0.456969402982092,-0.525384039180806,170.01432102293,0.0219285873968966,0.208222995575655,414.618714433243,1
0.0108713587949664,0.00584422066968577,0.281823064829865,-0.370464237546227,370.477639694134,0.0459679507604908,1.54535600306838,5000.04884907822,1
0.0426013501368754,0.0061964768370507,0.578990366579227,-0.576088232223651,974.171923326277,0.0427967398957932,1.43553166481976,4814.55391019924,1
0.00908312468954822,0.00267360205653759,0.114811030875332,-0.144101728165597,166.30715497918,0.0774558874861152,2.41638607115676,4907.47073689132,1
0.0356906357760888,0.00440467802962314,0.621879086973183,-0.847680736570942,1040.96627863483,0.0472924997921566,1.92740276848879,4816.95940330954,1
0.0381388317255978,0.00806011344314637,0.660375813760455,0.0114547216763057,340.972410952136,0.0367630165156881,0.477555309779655,961.297814479649,1
0.0389680193775789,0.00455059800782249,0.521392415629727,-0.436686019596088,820.149865281753,0.0282069708360002,1.40880758934913,4750.4795663918,1
0.0240021100729384,0.00160120046562376,0.407683848076723,-0.254653505149942,654.813664549872,0.0403526610272799,1.67939726081686,4789.64868734034,1
0.0199275878565706,0.00370209541407441,0.36207809440381,0.243312598901341,73.2487136764889,0.0339010008543036,0.140601697739805,-267.332541296884,1
0.00672270185907313,0.00514397065171926,0.242508110449493,-0.578763985380871,301.77789134368,0.0556161178745827,1.40909815320833,5000.04884907822,1
0.0178267955308729,0.00637779197757639,0.318479606387849,-0.291141313319406,470.183733796566,0.0534716759692874,1.68961544439035,4910.4191788461,1
0.0126541641412875,0.00558294112356544,-0.0179706140294963,1.53594414569885,111.409075814883,0.0874967655505239,2.95493486708946,4912.74708063675,1
0.02692780193737,0.00312343311557827,0.452483554831622,0.188265476234247,204.713497957767,0.0291639324450822,0.261729778721016,358.475348493716,1
0.0202322312582993,0.00366193878485389,0.369660685250398,-0.226539042057844,90.6099743614872,0.0214817768661349,0.140601697739805,27.6862030835773,1
0.00953894290298276,0.00141307806497759,0.0515903410533068,0.935446982272666,97.2692794444452,0.0395377827961774,3.37551042063778,5000.04884907822,1
0.00851964116928635,0.00175525751051959,0.22276454129013,-0.257694472457206,304.456089313551,0.0443964576574962,1.73045851223917,5000.04884907822,1
0.0211524746933259,0.001383557673822,0.440840564988925,-0.321315860299484,99.0310994006408,0.030685963207852,0.209738066639121,79.7063653834812,1
0.00957562066126976,0.00135004690717745,0.0731478055318938,0.442468736275893,112.700711202318,0.0869048432623182,2.91360511188755,4903.04406162929,1
0.0116323363366592,0.00492140236764978,-0.0222845584365383,1.99133149589779,115.170673557889,0.0549570495293826,3.11193295586449,5000.04884907822,1
0.0215547816896127,0.00323985346975329,0.377445605392767,0.102957139875377,125.003817537985,0.0266891906341079,0.140601697739805,-216.989460073387,1
0.00936342963253285,0.00250769760696658,0.0144796876053417,1.40420974970948,94.4416594492431,0.0640409392404939,3.16060509158205,4999.14772850245,1
0.0247011700268322,0.00192707231697829,0.424047900382592,-0.366025017715069,121.447033056312,0.0214817768661349,0.140601697739805,361.104029804213,1
0.01100080156548,0.00242177547033035,0.101362581271101,1.14702801808778,160.605579567722,0.0537415146691458,1.80714333965845,5000.04884907822,1
0.0103665992075769,0.000922442775995394,0.136909580987791,0.359517884255925,154.028219256128,0.0310619100979086,2.17885535256268,5000.04884907822,1
0.0469228032697241,0.00486979753074059,0.705602076282318,-0.739518543514397,719.642234443225,0.0234657746893021,0.861780170316362,2577.63492466568,1
0.010360858773928,0.00136087949503235,0.0793029180486017,1.81928114681343,141.99893539338,0.0395103919603501,2.6207179042588,5000.04884907822,1
0.0132152348533682,0.00639651576159244,0.0544563607735215,0.356347516453397,115.569978707903,0.122232920891813,2.99477085932849,5000.04884907822,1
0.040159533448176,0.00830970767887287,0.579071853893309,0.210384583365842,310.684381817809,0.0305378014175758,0.449760067438424,733.925826876253,1
0.0416404098208657,0.0104880475182243,0.604452152892741,0.335951054174327,1082.82275018216,0.101543387881607,2.15193735394572,4569.10229087159,1
0.03729307429562,0.00811519076857737,0.576606576180319,0.135785129214922,257.395005091458,0.0326642942182821,0.43120099993782,841.385852820375,1
0.057104796470033,0.0058189762140941,0.593173858425713,-0.23407519714967,620.939122526284,0.0273375173091269,0.963385966593407,2262.13817823025,1
0.0384795294296283,0.00931489956561882,0.575184852394404,-0.0122621122599367,997.618880582367,0.0710503565039179,2.00555797365421,4381.28683854674,1
0.0444322430561268,0.00778475051427662,0.597867859775174,-0.0464261624054891,1015.34478677735,0.0763691943276385,2.05681676997286,4798.23103158604,1
0.0459955347413036,0.00657842596618668,0.732829534283654,-0.466255393082225,808.145482170057,0.0247959876179819,0.80400437290846,2585.70440959221,1
0.0099045713816483,0.00146029317543992,0.0742056125372403,0.307650761286166,97.1309249347941,0.070868897241474,2.68451845083184,5000.04884907822,1
0.0510635293902367,0.00648366283205067,0.664283564664502,0.167970772365591,629.311266534189,0.0352872025497871,0.721439961356639,2176.98461556423,1
0.0533788218567515,0.00670377947152364,0.577088552656092,-0.0465056737834734,448.065483433193,0.0281155676036525,0.652497143055911,1412.85120179057,1
0.00954609068623392,0.00186354181570011,0.0437731054277549,1.86198398762536,107.169067794948,0.0402737278667808,3.12202150183171,5000.04884907822,1
0.00810623489875867,0.00359459873388442,0.159726034338237,-0.413269062520935,199.631621679748,0.0846289962811525,2.25753244270098,4967.9443297586,1
0.00809931137084213,0.00434638186329686,0.189928951647805,-0.146169099340304,237.40320143786,0.0918919189563238,2.22634103170588,4869.36726710471,1
0.0166945448056616,0.0120794407470183,-0.062414651850197,1.89572755735814,147.46605475726,0.0995838658851837,3.95265458700638,5000.04884907822,1
0.00819315602787865,0.00411903939676491,0.18639273857145,0.0235056496656819,220.117209337856,0.0840307274035898,2.1167097804869,5000.04884907822,1
0.0443850849549976,0.00149194941509407,0.611376894543161,-0.980534801095817,1085.05874901793,0.0214817768661349,1.43751203002966,4489.73060316138,1
0.0364936622221231,0.00647440890917694,0.490603341084234,-0.334140224501489,738.286532595085,0.0374943896895061,1.4474713206366,4752.02103188939,1
0.0213315062450141,0.00323620658614258,0.359191692773856,-0.0866208322091622,61.7918341786922,0.0289668272015381,0.140601697739805,-137.95114185872,1
0.0552909595746569,0.0062781407512389,0.583320453691135,0.292638336999345,740.500136271969,0.039365298485284,1.04244173052036,2411.81804481801,1
0.0104845804983604,0.00494389721574037,0.235851808715563,-0.159199129414161,306.718284872554,0.072773612038001,1.82238882983767,4951.92724170503,1
0.00959924125191947,0.00167017712054529,0.0511422124334757,1.4927968525405,142.947369321057,0.0654985024079648,3.07862455164028,4923.06659544715,1
0.0374948536187541,0.00825456499347686,0.534968673436226,0.545253080342012,205.916835492526,0.0393126458128027,0.437333327089517,733.918972394885,1
0.0253955252775184,0.00351109964503067,0.600513780105079,-0.498529605906408,417.806843967221,0.0293591402695973,0.385471232155002,641.675396203525,1
0.0478277274783389,0.00777528020578804,0.631175102323264,-0.171081946440384,660.15938224726,0.0360898491863874,0.825244265936178,1825.41926780072,1
0.0107872198883715,0.00574736042355049,-0.0337894221438819,1.92769844044411,105.354546667456,0.0806490469332449,3.53018071985745,5000.04884907822,1
0.0134171793259403,0.00701052287176315,0.0143506621537067,2.13943887176216,152.46585270283,0.0959186746946001,2.8770728856714,5000.04884907822,1
0.0285879600863093,0.00360801916016676,0.461222167516832,-0.497353675104341,669.391512808839,0.0318828944818983,1.57177251309147,4925.92628979612,1
0.0209193469002222,0.00101805422668873,0.416865992485151,-0.163425592516399,-60.7951590981236,0.0311755791698311,0.140601697739805,319.77698572894,1
0.00990882125951972,0.00119217216356556,0.150331836645486,0.391742458397956,191.681712027421,0.0697433189972317,2.41933813138306,4955.89912370431,1
0.0106138458863205,0.00689203105530707,0.262143164943042,-0.473038762145661,337.528499650885,0.0635884157376029,1.45878408426488,4987.27631748382,1
0.0525843234922449,0.00765405129360951,0.632566143229327,0.0342406782823447,1085.87891859532,0.0524290529865105,1.49469505349189,3936.29015631672,1
0.0227848977388494,0.00224100316068121,0.473616250062888,0.118200790536613,128.719843666678,0.0362852410797326,0.256235571924978,231.910527032842,1
0.00822328296416049,0.00351190529717816,0.150704069657691,0.0813589613368298,206.744291760544,0.0778238710435179,2.3187564635043,4956.44961265036,1
0.0524040870186808,0.00630664482061313,0.597385830300609,-0.207442321086234,334.001830051864,0.0276386073624108,0.592888033756725,1685.55501769922,1
0.0130461273863474,0.00707447837506754,-0.0104717811746382,1.63947959902843,118.341026307972,0.104679606863674,3.10476736789032,5000.04884907822,1
0.0517284882405056,0.00690784872798436,0.620383815813914,-0.315736509633353,1028.66892750923,0.0484744916321093,1.63008640278622,3633.92864501589,1
0.0275393500100911,0.0034911073186463,0.524719179152503,-0.0317517111884394,177.466550824963,0.0350855603947595,0.360466221231718,600.695731550632,1
0.0109741010002328,0.00333006339647467,0.303385903120464,0.0244481988374237,410.607084641224,0.028856608152187,1.69300977065517,5000.04884907822,1
0.0304702368324324,0.0033009899825139,0.458620497140652,-0.273495565726209,764.997768911597,0.0525195818166511,1.68583841246017,4843.13540541929,1
0.00813933832542503,0.00194249650609727,0.255736861741497,-0.305799820916232,322.875986811657,0.0370131624918971,1.69063729776522,5000.04884907822,1
0.0194525015926555,0.00447264243419483,0.359156872553716,0.282554084825185,103.682032325866,0.0313936748589008,0.140601697739805,-156.351243317555,1
0.00600302483791646,0.00135040661008061,0.186491733320367,-0.0102100061106378,258.109063082747,0.0443255231482038,1.69414590863335,4982.90401980976,1
0.0102973142914478,0.00330121367299175,0.0640368679491466,1.40294003800666,133.571807377171,0.0881920671078387,2.89320912874721,5000.04884907822,1
0.0377245745125468,0.00777744730555527,0.562032981844616,-0.426039241264443,446.539996158113,0.023799390176045,0.49076677897604,831.053469757529,1
0.0125449963266679,0.00456197213154371,-0.00602529196775597,1.71376272068047,118.748112175728,0.0639172020199918,2.62267903094661,5000.04884907822,1
0.0327797998482323,0.00930168317440619,0.631204350202427,0.105195392455893,376.410497376159,0.0523574642705299,0.548208140984386,1183.91022266942,1
0.0253770354796256,0.00227720644959978,0.410576657708995,-0.138798160775666,98.1010140610776,0.0214817768661349,0.18019473819226,389.261587695055,1
0.0103626630313176,0.00403814199241756,-0.00193365872061224,1.06205734431228,86.2991653208292,0.0601598077740737,3.80552632478953,5000.04884907822,1
0.00639984544115488,0.0052703964856709,0.227871877975411,-0.418919460337671,288.168147352429,0.077002941465353,1.66042756599788,4989.56940459915,1
0.00985342318016096,0.00138605334043829,0.0573870377846746,1.4297773361719,115.994994370122,0.0406430017454798,3.03973498178303,5000.04884907822,1
0.0383482769636011,0.00476088923529715,0.610092918155728,-0.810466055810879,1037.44187409793,0.0453863310083626,1.85881735679483,4542.72671273867,1
0.00914595959546985,0.0026463237072439,0.160571600806745,-0.426123168359873,173.143218068506,0.0865729585401671,2.37181423693974,5000.04884907822,1
0.0228393704249848,0.00368099164839095,0.341762532088386,0.253402406654784,80.9520754217156,0.0320963999785802,0.140601697739805,-37.7335141487538,1
0.00684282649398567,0.0024599769656581,0.227380886197035,-0.511633481092344,302.061995990899,0.0355765325012137,1.37758717726916,4931.89309211589,1
0.00714747904018216,0.00338812279260354,0.227687185211044,0.271538898697686,292.372405262185,0.0619362004968372,1.6576103355544,5000.04884907822,1
0.0103668913050856,0.00153970453074784,0.082772426203249,1.1973062632574,143.19472491246,0.0451593608955096,2.45281925110319,5000.04884907822,1
0.0242611949079586,0.000549051464090641,0.444646949949323,-0.0738079237753426,17.8858059341836,0.0323506546397495,0.269053286678868,421.019829342086,1
0.0435821723093263,0.00809669531353624,0.717849390490813,-0.175836776312673,665.501395141758,0.0411334558027604,0.647856666672072,2031.73696595262,1
0.0444852148114684,0.00760537506866345,0.595150693336812,-0.239214966574943,275.75872029621,0.0223667441347863,0.438175152029559,1080.58973950008,1
0.00851449936855981,0.00106670603987525,0.15921512845851,0.469232856577351,251.051540480797,0.0566934977945788,2.05920498461067,4871.38788793716,1
0.0138532516041993,0.00819061027470607,-0.0284637655449904,1.92947333621255,144.27977949891,0.0649908316540805,3.86669440841539,5000.04884907822,1
0.0102994671649421,0.00123357520365877,0.103154297996914,0.398147054603956,162.957542744916,0.0592613301262411,2.79869054867198,4899.43744944682,1
0.0114969079903463,0.00356980326449445,0.0256066235135977,1.88740213747436,121.733632994404,0.0554800931106268,2.63237267433619,5000.04884907822,1
0.0488198243338479,0.00752558943429877,0.670081046840866,-0.0926278134249117,625.601007388461,0.0375194445510216,0.743466428452152,1881.66777082804,1
0.0112186269360019,0.00559140736045568,0.00286310005984447,1.79991710177469,143.076734375624,0.108705405789717,3.68250731955432,4966.1589374829,1
0.0500591581703357,0.00734496295152397,0.559232140637599,-0.10776005820658,1012.07146619851,0.0517831347354419,1.56830358929352,4523.21985971042,1
0.0114793347812619,0.00414637321607836,0.041005231192054,1.75935693851529,133.59940830073,0.0757357578303576,2.57864169282766,5000.04884907822,1
0.0466628854534965,0.00759989893290839,0.648839395650078,-0.0427332491294526,1075.92299899846,0.0361298981547232,1.20467394572703,3362.22362461221,1
0.0187733140215262,0.00963863614443231,0.362706710438179,-0.232697575004747,465.447592852419,0.0701727890341211,1.58235151661198,4986.49913064892,1
0.00861101495189864,0.00233406627830672,0.146545400174939,-0.227814291847383,190.782970360981,0.0542218380464574,1.96388785258371,5000.04884907822,1
0.00993713464514576,0.00207939464891732,0.0769901355924876,0.861755573898229,116.982871118956,0.0742369924009303,2.57475765565082,5000.04884907822,1
0.0101007525102475,0.00162082872172285,0.113786820248074,0.0298576938751834,161.432157114883,0.0660081413355433,2.43918006663754,4967.80451598682,1
0.0114565633549931,0.000353928096020942,0.169562229215027,-0.355463395661481,188.941263085374,0.0530122879168386,2.19121646427325,5000.04884907822,1
0.0101343225882768,0.00113671828994981,0.187946207365807,0.0135594518816066,206.649950737859,0.0591745153026307,2.04372532747851,5000.04884907822,1
0.0425043501321994,0.00484005010671774,0.671646793243033,-1.02749703287488,904.766278333735,0.0302734730518537,1.18435884807919,2881.9056294301,1
0.0085788049347159,0.00246875043741806,0.146122620539814,0.237456181844222,210.791210035321,0.0620085932898886,2.10079797711482,4919.45013636702,1
0.0367309912496369,0.00763846671632538,0.592985801781968,0.0687332128572314,332.374480620467,0.0343791282090298,0.42011336993562,732.548892473436,1
0.0164140715813665,0.00756917756506391,0.293068574104247,-0.339081152938439,427.579967296866,0.0636949625765564,1.63837847274349,4954.59217714555,1
0.0295043713965217,0.00402343387837326,0.485392722915138,0.343329211305677,211.216129582631,0.0352045877739541,0.329941111265782,521.119547698241,1
0.0270732728833303,0.00361139427603592,0.548235401276726,-0.654221888308714,342.302170604688,0.0281340353281926,0.412807953986781,668.318440279679,1
0.0513617982983864,0.00873298574604976,0.707654727612635,-0.0940841940103391,1197.27302099996,0.0638322333317525,1.73894477357058,4002.76273581646,1
0.0303845976043955,0.0133948182255399,0.540456492092831,0.677075895045133,918.188756791593,0.136102398125608,2.82670635354996,4706.79160475755,1
0.0106946123157133,0.00309829053827521,0.0180499493530054,1.87536967600578,112.492259430463,0.0591576151773632,3.01143708104143,5000.04884907822,1
0.00780383526929183,0.00289954188744613,0.180316586054446,-0.0194038983461827,262.81449306963,0.0717280545677709,1.9973495559872,4875.23184779792,1
0.00968488878288733,0.00239149565751702,0.101764103641819,0.39722681826214,132.934200922924,0.087891194017322,2.62219693250294,5000.04884907822,1
0.0152760683345196,0.00732218327957527,-0.00874683978797036,1.83253594080682,142.806737127234,0.0810427171298643,2.63201453986495,5000.04884907822,1
0.026414175534507,0.00228203222135336,0.501096558541287,0.0651589124065382,111.196927192806,0.0382637415636262,0.287702802250567,543.565742008966,1
0.0410890335528287,0.00519032674939219,0.671141488126786,-0.589068169678817,1010.68717025359,0.0458017649918892,1.57689368458493,4228.04385855963,1
0.0601488404826219,0.00685838117470063,0.593881255233406,0.43191146033121,658.619510961952,0.0480872590303703,1.10585801144852,2346.40313137085,1
0.0120882119472835,0.00678861440208839,-0.0379692289319786,1.82505471730371,106.113249241454,0.0966105358111023,3.16177237761495,5000.04884907822,1
0.0362816083416287,0.00804731617713968,0.654150317643038,-0.352658140823098,687.519098789664,0.0451687998271954,0.859263479493608,1716.12480485623,1
0.0101424383142146,0.00407832966787944,-0.0020822002316162,1.44696607184766,113.621177001194,0.0931078444726185,3.69660836040998,5000.04884907822,1
0.0271143832471311,0.00262819241215583,0.489300121050065,-0.546476447737012,196.390084201223,0.0214817768661349,0.364424786638107,723.940549215061,1
0.00888326377707996,0.00334140301958723,0.173868458764114,-0.426639509959197,177.803506043047,0.0867267023405475,2.3860973180341,5000.04884907822,1
0.0098933805002034,0.000916827148410203,0.0605985546205593,0.656743827040942,122.962705432548,0.0604199683798282,3.12802810232116,4905.69378565723,1
0.054124632198565,0.00748520784963349,0.586871114522069,0.685471086478841,552.434128126607,0.0450139131010526,0.922344740293759,2403.46200401001,1
0.0104570912291829,0.00640499844943161,0.267318780108628,-0.1706301355751,358.983304113486,0.0613773376984655,1.49879757812588,5000.04884907822,1
0.051731987975457,0.00550395448835775,0.619226848872287,-0.536822179454702,836.628714332909,0.028190541930097,1.13314947349652,2913.07620239472,1
0.00990239361671019,0.00137636173412454,0.179148027831366,-0.16122476062408,201.396670067794,0.0550934487863105,1.8893899910354,5000.04884907822,1
0.00919581724455338,0.00263959225139585,0.0937312018185405,0.725663840648035,148.971703904196,0.0915615567884104,3.03036379914898,4926.97127975039,1
0.0202007201023612,0.00357834379936555,0.382271754175836,0.198707733672628,77.0761019637016,0.032250816338628,0.146406469235969,-87.7891258837135,1
0.023599908670372,0.000739702287617664,0.418209757700688,-0.221471187532809,7.69773419602745,0.0255701427134914,0.162403047836451,335.01456742312,1
0.0496665592174741,0.0084012759016711,0.617654912793333,0.490087662850797,626.406267690292,0.0505571106156308,0.777220858658477,1579.09410184562,1
0.0408851586407572,0.00721871745549774,0.60968224030012,-0.54789753014983,604.721243077906,0.0389974953711646,0.995346374311555,1939.2675145938,1
0.0383272816332247,0.00787801323641487,0.602708847040772,-0.330156448780534,1088.99620411091,0.0788062448604842,2.2442780757644,4893.59881584815,1
0.0097265619618703,0.00236786526729963,0.0557029137685262,1.27104284621762,115.595251230703,0.095792098632084,3.014036776523,4951.15361050981,1
0.0437574509646679,0.0072535955268772,0.725212686755297,-0.130161184499935,1010.27963498973,0.0323015935281547,0.855241235448557,3065.95167373727,1
0.0220919637128368,0.00169391651766125,0.390330481837662,-0.0204403856735786,52.3474308355437,0.0245528902730897,0.140601697739805,132.212032661757,1
0.0125752452010086,0.00798587760351342,0.284392931347527,-0.467855482241644,328.370832374643,0.0829627441945686,1.64331480293176,5000.04884907822,1
0.016046069615451,0.0112331552690409,-0.0490325504867574,2.03980572905273,150.059990290443,0.122750003929858,3.44902439435518,5000.04884907822,1
0.00683258152892871,0.00481557141179627,0.205879766135105,-1.57038756109171,218.024986041379,0.0915260344995475,1.81455635796957,5000.04884907822,1
0.0173196609056876,0.00972959393089521,0.0018261632433782,1.50025986467522,156.731192329083,0.112515123550997,2.68848947112271,5000.04884907822,1
0.0104962032186781,0.00272736122852752,0.0345552030467425,1.30092375567633,117.092024864069,0.0618292932912496,3.34571317235292,5000.04884907822,1
0.0152274331747522,0.00602512467824204,0.365108142221514,-0.161763409422842,448.685106122613,0.0307131164653874,1.63197914508614,5000.04884907822,1
0.0234143240370919,0.00210122948329398,0.457277547806881,0.182851438213952,153.472174562906,0.0370426993821104,0.234805074128608,238.954891920642,1
0.00990236762670652,0.00225714892617538,0.105199812185854,0.923628488415349,158.965374393486,0.0741793221361274,2.71625995767203,4919.33442678057,1
0.0101118588320184,0.00262387827494626,0.0555684544522351,1.45645213835609,148.00082370157,0.0701211991259704,2.92705738353548,4992.86273135436,1
0.0081099743899581,0.00276396116009302,0.203381237905889,-0.331647169939076,269.542758382332,0.0602267878692326,1.69691195165207,5000.04884907822,1
0.00932160208191425,0.00248147161209011,0.18718372752953,0.00835916392304198,262.720694974799,0.0706635200793116,2.12556699264368,4979.10722128914,1
0.00867543009864038,0.00302229523058181,0.14075209807629,0.166538486907257,184.192025452613,0.0869378144806838,2.59369936216196,4974.79832559764,1
0.00611724582349677,0.00129347303254316,0.230080507208792,-0.177497287003326,305.303504488473,0.0471471164482662,1.48108933575951,4967.84290450478,1
0.0118886767917552,0.00689991413859122,-0.0679523654629275,2.09627957273956,101.133719332646,0.0800664560574888,3.455994282626,5000.04884907822,1
0.00879347202185585,0.00374898898895079,0.239788201907034,-0.401994864901373,325.700741003592,0.046897907507166,1.47683101098288,4947.38128902571,1
0.0273615845920333,0.00215134007885174,0.462080890433807,-0.408922764658937,187.973611469822,0.0214817768661349,0.298072521419504,482.363620686218,1
0.0121256859957969,0.00350222608432814,0.0352637277636034,1.76878084988068,135.587285254447,0.0591641420260205,2.47991279457841,5000.04884907822,1
0.0113124090593935,0.00393988664574807,0.224837225438022,0.137186181064417,336.06367704124,0.0714338502006481,2.05842923433457,4833.01911776688,1
0.0116674352307707,0.00512624848912712,0.307268117436988,-0.302411049099607,355.208615036645,0.0443480939639962,1.64308008631539,5000.04884907822,1
0.0608852906870118,0.00529120269086547,0.620936938450616,-0.14583455502578,419.104111096497,0.0259313825034336,0.686637481982461,1616.86740977792,1
0.0417365865270811,0.00526862427963064,0.680341378945066,-1.0494581292141,956.034366569649,0.0281725643633416,1.24962450381302,3304.59123571812,1
0.00923921318880085,0.00173727054305632,0.176951895269794,-0.25535709326771,207.001453545503,0.0908635983920808,2.47294795835824,5000.04884907822,1
0.0427970043721095,0.00861485778700152,0.648716414571583,-0.151666106794261,462.712335184218,0.0330948934567797,0.539323048356647,1190.95472782785,1
0.0221639432405399,0.000667083405543682,0.444153433798398,-0.361862041793734,70.5041430888779,0.0248754167445914,0.140601697739805,319.332239801559,1
0.010073978036587,0.00106985714585894,0.0865172692652696,-0.0348557089695631,90.8368274861706,0.0670449838520395,2.56105319906387,5000.04884907822,1
0.0216168557330022,0.00755560797164691,0.358771032659634,-0.0589571603950086,563.935150229585,0.0354775709576732,1.46830491153214,4789.06243132073,1
0.0313807006521346,0.00304929213674359,0.560554824936461,-0.604074557331935,859.252373983422,0.0489993415678499,1.54343895208058,4842.63792232487,1
0.0529589818954747,0.00564155560051983,0.585659868034784,-0.336810487088669,1088.98545342229,0.0438921798007762,1.63209715974392,4110.43437869966,1
0.00926814545662002,0.0017241098083944,0.153649411095343,-0.54115857950705,167.594365756239,0.0710295559733012,2.22206247312038,5000.04884907822,1
0.00883813159296349,0.00234737889335103,0.144178068685523,-0.426807996999611,163.345530655102,0.102448664068236,2.82998785678547,5000.04884907822,1
0.0104774856810427,0.0027171439068787,0.041462384687087,2.01548599699416,126.814510798745,0.0525595695102076,2.78775864273756,5000.04884907822,1
0.0107703158314914,0.00466604447872615,0.0336415686390497,1.27104430501212,126.614046519654,0.101824799605045,3.44032987317823,5000.04884907822,1
0.0231948345030509,0.0013170144709177,0.415132083570835,-0.170770791192144,66.9415213359689,0.0275986201130271,0.140601697739805,160.208817070608,1
0.0277250634468761,0.00528250264956264,0.435253227791875,-0.46032426653001,681.976170208935,0.0214817768661349,1.65804973788811,4901.99964378583,1
0.00988887722850051,0.00103289487205862,0.0728293539386146,0.886536617829664,112.190005155075,0.0494003879237721,2.82189275839681,5000.04884907822,1
0.00840823010348179,0.00348245809788832,0.171312081894542,-0.592695472011011,193.683593068977,0.0693726465663307,1.86485520011432,5000.04884907822,1
0.0102038624659603,0.00131688070744042,0.0775746917881115,1.26829266028656,121.113804694635,0.0441736142328977,2.56725641022444,5000.04884907822,1
0.0100905010675099,0.00175183401450856,0.082408319117032,1.2630485225977,153.371340355329,0.0724199267846354,2.52565500502921,4796.24481735624,1
0.00860107332971557,0.00371915704430409,0.196662754474621,0.2382913340545,283.31426116056,0.0764276823316939,2.06792653119549,4931.60231736306,1
0.0100039583325994,0.00168062200071348,0.0947018553408644,0.333504551672636,140.401431675601,0.0510033564608709,2.49295849788472,5000.04884907822,1
0.00612375789761037,0.00299194881238627,0.24782960859633,-0.413651783803017,287.962144048134,0.0463462773015082,1.52607767905276,5000.04884907822,1
0.0491174891894509,0.0065777242400515,0.573090296157449,0.0468981210382028,900.735573412577,0.0510077865983598,1.406702406107,3824.29565344184,1
0.0104068105119878,0.00134282929327848,0.0869344896365111,1.31678412688423,135.997212811672,0.0692479610023281,2.55682812261354,4864.83141265852,1
0.010781640654563,0.00495967593312197,-0.00953975350368003,1.87905168311386,112.64307184108,0.0849830354603417,3.55251911892775,5000.04884907822,1
0.00955631206179994,0.00483089209371781,0.260438060074764,-0.315116300644768,342.202366259496,0.055494083053476,1.52114458593894,4989.9642689926,1
0.0196002094376832,0.0101623804608232,0.352156770166584,-0.379165609393791,470.872352994091,0.0732934033109945,1.61478169665984,4994.1886229527,1
0.0468102720514803,0.00728452489074624,0.691519613575117,0.0300513665547678,785.412457874605,0.0387370083996125,0.785771627847524,2234.49083079786,1
0.0107890631299192,0.00413190583821338,0.0173133687364214,2.42913652671472,145.197324871262,0.0567412275043017,3.45034784537037,5000.04884907822,1
0.048382802455633,0.00554077994420026,0.676793526953682,-0.686828981837308,989.440148755813,0.0357887191646107,1.43194023097422,3641.49397640755,1
0.0238763236640961,0.000366415330606808,0.45197881506122,-0.546999331551474,97.8981064018459,0.0258764373655117,0.214850223032563,322.712711608385,1
0.0100654907958048,0.00268372689208428,0.0176442688352948,0.855961853817981,85.114915775562,0.0728890089065053,2.96838098290431,5000.04884907822,1
0.0485028276104871,0.00546521153764894,0.684954210289841,-0.766519366471204,593.731754024433,0.0285252474635581,0.795922138010812,2040.63138212761,1
0.0133004312933199,0.00579267061283475,0.265251166643552,-0.138227625578415,393.00693392789,0.0511977745552106,1.63047874580641,4983.74873778029,1
0.0361606664517554,0.00725697162104785,0.592018495143489,-0.678885913170003,387.189593947985,0.0298597197621192,0.530124062670793,1261.37386493605,1
0.041035795675044,0.00946813071564505,0.605903460330847,-0.0518651570214217,1076.31442307024,0.0796426298983044,1.94656141477204,4812.95055319431,1
0.0232109456455144,0.000876780739842046,0.470373646277135,-0.63000522757372,147.458907409891,0.0214817768661349,0.202779211402855,545.755632599382,1
0.0481461355845472,0.00908815248063899,0.5817509061911,0.381030154424523,304.65145785854,0.0338340393499059,0.54895622970056,1002.9129952103,1
0.0440716139921238,0.00773952593920402,0.686591519482994,-0.158372089723865,880.539636337171,0.0356173919084821,0.859910942218326,2653.19615615954,1
0.0253996930545597,0.00286728975467654,0.579900826100095,-0.505561183512881,387.296173901945,0.0320133253758363,0.372257979077848,645.321248329389,1
0.045757579397606,0.00621103907779902,0.659166459901098,-0.391500841424997,1015.44844524833,0.068804374405748,2.0317840356881,4299.55947441498,1
0.00792806787717089,0.00282753567786298,0.256429105794659,-0.799272797146628,281.808846628421,0.0502988335608952,1.60389809141115,5000.04884907822,1
0.00869559956360271,0.000761826580280844,0.186656675539111,0.0553200344012823,247.009108169209,0.0434013698014734,1.94444557664862,5000.04884907822,1
0.0106107908949336,0.00487299435268274,-0.00321949020270429,2.1888058149891,135.203068411097,0.0784441822462328,3.61927308412808,5000.04884907822,1
0.0227187219174555,0.00113124988461368,0.422315690012709,-0.148053721416433,35.8211083995587,0.0265969321602477,0.140601697739805,226.363041303275,1
0.008917820065316,0.00365854938689206,0.186134928345268,-0.117588618596518,220.726715754017,0.0954881085080668,2.4903734832302,5000.04884907822,1
0.0103990956137538,0.00310462092101186,0.0804908974459907,0.996953174869255,144.174399912304,0.0866064120829262,2.63882345591998,5000.04884907822,1
0.0352074963702412,0.00751471383035541,0.594367397877607,-0.224430926843186,328.11677379198,0.0307120981820367,0.527163953077099,966.74485701341,1
0.0344070514253363,0.00811550828308207,0.626029481442391,-0.57850882098837,1100.98512313668,0.0677012072561026,2.05599707530727,4872.01565408363,1
0.0259366541986873,0.0034656300306736,0.539947343217711,-0.695559104108624,353.431984499999,0.029335015993719,0.442701296430457,605.47815408963,1
0.0151595166108199,0.00666797608129835,0.293298558714835,-0.301198977581168,403.855688051725,0.0688725080774258,1.76774965469922,4925.76837940224,1
0.0353462346211777,0.0071448849803628,0.568798122096011,-0.441566187410444,321.182685891403,0.0319174593518271,0.578095656222859,993.006943382862,1
0.00981636629386759,0.00321324672032094,0.0422506193912052,1.62260485111787,123.70808758267,0.0857464842328036,3.09095947284299,5000.04884907822,1
0.0486777759904282,0.00471228142015849,0.583767660288158,-0.527094359696437,934.23699861102,0.0358658430909697,1.48036125847674,3764.54734212443,1
0.0246216822044519,0.00175345151786966,0.390094024777335,0.0347777683724897,89.0710058892406,0.0214817768661349,0.140601697739805,356.277658326585,1
0.0270429994547559,0.00255270928834963,0.454180585971063,0.268936296762682,161.258758528914,0.032014224149198,0.21936454713817,552.350518324347,1
0.0299905229619427,0.00392883464843219,0.53072208150196,-0.425549354088058,273.298634079167,0.0259252155046428,0.33486391639093,597.833013411113,1
0.00625862450157523,0.00410553365750546,0.213813731541278,-0.475128151257671,271.809528114965,0.0649071136253554,1.55375930937809,4954.56193496069,1
0.0475097331181361,0.00718206450375057,0.640272325418448,-0.0542966942953981,980.38567247385,0.0316591982144891,1.02790725749444,3085.69708044355,1
0.0369533066595597,0.00503452016187746,0.574711370291347,-0.685888870464069,944.040032224055,0.042043748809906,1.6493876014485,4188.449022707,1
0.0329900378508953,0.00883925098819767,0.481098168210907,-0.373617335325999,722.480406217008,0.0539850906658671,1.46795328204743,4864.91048916486,1
0.0277729498790696,0.00710785276253087,0.433068508431653,-0.154903196372432,670.818799689413,0.0669228715252239,1.68538133046091,4821.24438271644,1
0.00917823149115042,0.00142625917113281,0.130212272410111,-0.548979300916342,159.478961892695,0.0601275801346599,2.20374154832006,5000.04884907822,1
0.0142109826956113,0.00910621794749431,-0.0369837160960674,2.15465781367723,142.988986872673,0.111551649824862,3.26876373135915,5000.04884907822,1
0.00748371631381384,0.00134263336257098,0.225208580298285,0.34934322833468,279.065096015148,0.0408497307408174,1.59618898662933,5000.04884907822,1
0.00830819953184957,0.00308105206513224,0.17070146988733,-1.52150059407598,179.960810752536,0.0993175884582302,2.56125544703173,5000.04884907822,1
0.0231700355080889,0.00312579808934012,0.355588020726547,0.0103229762841676,99.3921346889051,0.0214817768661349,0.140601697739805,92.9298712694363,1
0.00875748846261237,0.00118781043608648,0.164482127155685,0.267470839886412,251.173842477731,0.0544010739726988,2.0015198698806,4958.9132677846,1
0.0123032004654943,0.00534041133549003,0.254564474816545,-0.251734107834223,331.353270414468,0.067073024884854,1.79603577211531,5000.04884907822,1
0.0219880321873383,0.000708432980140196,0.536357612397898,-0.148117272100193,229.055436641019,0.0397832702943026,0.218120077407054,302.817745171275,1
0.0392975245373744,0.00576932847068764,0.6203728309778,-0.910131885775521,635.569363629849,0.0347659704996544,1.09805471655649,2468.85783795777,1
0.00724395005037992,0.000687354279980436,0.171498808572802,-0.0845383875872237,257.713210773923,0.0483911114421186,1.84729268668541,4939.79319013249,1
0.0153088883196084,0.0103247359672561,-0.0735897332070051,1.72977477317312,114.730312868037,0.101011989802852,3.90381646258225,5000.04884907822,1
0.0468891885957513,0.00294744573869003,0.547047930694077,-0.806085490485885,980.261193986406,0.0214817768661349,1.21721051275252,3607.99846581295,1
0.0485958342987151,0.00540766458736392,0.712950113237999,-0.678269993893304,1069.3751521921,0.0431657953613389,1.54856907192731,3873.1752549456,1
0.0256510771651537,0.00502819020573816,0.419203385855234,-0.371484699841494,656.156152083403,0.0214817768661349,1.55650556814492,4865.74146845799,1
0.01624726063911,0.00711258234856351,0.342691753134725,-0.285412628903964,432.680967777215,0.0802517761296948,1.72516583473621,4849.36333153993,1
0.0330986252053481,0.00725833000390259,0.51974446978916,-0.410633557338324,851.816352589226,0.0644970267770872,1.84168849799049,4970.74042018143,1
0.0529804004373403,0.00315231869531248,0.592364691182215,-0.711406738749739,998.950507828648,0.0318614371383418,1.51820892070854,3748.66518070485,1
0.0190061626594097,0.00859325549232026,0.323034619940881,-0.127020301657124,467.982332975214,0.0670786501888591,1.63672603926639,4725.05706319439,1
0.00791865545622782,0.00523583251646423,0.21290440402399,-0.0441641891816605,283.921946234964,0.0851718477405314,2.02337858432563,4903.71791630639,1
0.0295005572408048,0.00671134340110002,0.430321102425004,-0.380067728341246,646.341486988704,0.0214817768661349,1.25170652175732,4625.42800184674,1
0.0191961443596779,0.000887153984392573,0.459144978056142,-0.514215536740481,82.8928818706424,0.0281595706112181,0.140601697739805,193.861415685413,1
0.0136094376303862,0.00465404507422199,0.348622118383757,-0.142000302189586,434.677209047836,0.0279031168496631,1.68648254845879,5000.04884907822,1
0.0592906527973795,0.00413649319782627,0.633343030987672,-0.41299253243589,640.599842091483,0.0273678451152009,0.822898075568135,2044.53401136671,1
0.0105154852830771,0.00263679462543779,0.0446972459210838,1.77633194538454,118.375378671809,0.0403372600080892,2.91222162704983,5000.04884907822,1
0.0438782017303845,0.00859091579650678,0.658666088821248,-0.164820078456442,894.904941646805,0.0360246282043046,1.04628641035972,2916.61955282406,1
0.02247933107529,0.00147534752575969,0.389128615800446,-0.325264903205302,9.13031110125291,0.0260702473892582,0.140601697739805,220.460990808434,1
0.0418367621250665,0.0063473247499109,0.691689984806864,-0.810955214082249,865.073473111219,0.0255637734213767,0.964074887228537,2954.28407955945,1
0.0513977235632808,0.00744224082870732,0.613798204272653,-0.135508736199361,421.548616995387,0.0289703906931775,0.617788798729001,1387.54199785525,1
0.0468679497011716,0.00547300586593889,0.570277335588369,-0.512446883922697,999.210024480955,0.0320720318194611,1.19772195433913,4605.65138046069,1
0.0320404815794038,0.00566872980471564,0.533591404164231,0.0963347758709663,279.666085088221,0.0324224768281592,0.402227805873989,626.912330872029,1
0.023263624487585,0.00156402919792603,0.455371447213865,0.248438279023302,99.3031282562099,0.0393769517956826,0.183200477771357,330.623861718616,1
0.00748739238243735,0.00293388616439577,0.211339274063966,-0.407957400081045,239.864280407662,0.066710053654141,1.70963079642128,5000.04884907822,1
0.0195340822179623,0.00232743016771719,0.400423208678629,0.0931442000591653,8.48119934135582,0.0333581712904478,0.140601697739805,-84.7523230751012,1
0.0148481439757006,0.00722173302749152,0.283434508327198,0.0714907152442348,402.024570094928,0.0736540444720823,1.82600747501836,4829.8213092082,1
0.0349732056290327,0.00708811672366102,0.537207813808892,0.387225312907862,213.258480970952,0.038219921094442,0.405385478716718,724.122845277001,1
0.0254409555061327,0.00106503707990551,0.411888653609305,-0.0777587421138876,81.736429201697,0.0229441796377896,0.204932462379679,340.877888119505,1
0.0452248271152389,0.00810701502884906,0.65412532241667,-0.244348053770207,1076.37218891387,0.038928689806561,1.41508366270089,3756.53670885551,1
0.0203040924019516,0.0116261139338626,0.364362943517019,-0.23175581835166,488.426552282019,0.0757954953988889,1.5222372994786,4983.69226594879,1
0.00998282038506263,0.00103909898217312,0.112225351117768,0.115640484550778,137.748732965531,0.0497669334876885,2.2591182798251,5000.04884907822,1
0.0356289789930505,0.00784893996835889,0.51460720218669,0.526477904155349,259.017764853546,0.037411930074326,0.384582366314187,602.907223150851,1
0.0126334794765017,0.00672282437855756,0.00999584330421238,2.00943584308307,148.404334061934,0.102195282581708,3.23148455505578,4904.21236744895,1
0.0109627498431789,0.00501223280643156,0.0223998937064703,1.60714105470454,149.113380286218,0.113011148975491,3.65001953294766,4982.03213516477,1
0.00727957398946581,0.000861257153304082,0.190974361175031,-0.231614798133326,256.474534197001,0.0414754834645865,1.66645336478805,5000.04884907822,1
0.00909100839260039,0.00236745839103229,0.150498955522866,-0.598898701761376,165.643087044113,0.0899919507178898,2.49788280910019,5000.04884907822,1
0.0103479057848008,0.00180200517629396,0.0976448616794801,1.04270970461682,157.77352209759,0.0490343675817961,2.09079802382269,4978.83831705675,1
0.0482973636319524,0.00780330324372233,0.686111532857871,0.117066516023991,1075.37740558234,0.0483647246626435,1.28960330110784,3383.43722236784,1
0.016624491112404,0.00598375881774457,0.322800701450119,-0.469158831168914,463.620282288344,0.0521625431742234,1.44843680661552,4903.33220856884,1
0.00803494735794487,0.00386512034326209,0.189976393023521,0.439902500689616,273.19257470022,0.0737450402853394,2.10675337772268,4952.81247721711,1
0.0251736444134489,0.00182313091585571,0.458798234817311,0.235139952820972,131.116897603795,0.0356200757411714,0.210090232077031,479.036060667389,1
0.0532879368913861,0.00567270714211505,0.570246334699867,-0.319017197030668,703.534937269122,0.0266476833941679,1.08259177712186,2602.55103159371,1
0.00983438406733003,0.00278888941110414,0.0601581147054108,1.83716430241298,145.948537952223,0.090753769033357,3.04684022336712,4926.98265518785,1
0.0578019391526993,0.00556090864430879,0.627341889109925,-0.0154594075416207,566.279857870578,0.0311391783423031,0.78412901194003,2102.4443593836,1
0.00916578000900569,0.00149984877954174,0.174586454610584,0.508560220195523,225.456215182177,0.0419941221736942,1.72211340538075,4996.98549787206,1
0.00950011051672777,0.0030951546296379,0.123398393759731,0.0920057154262145,167.990938103203,0.0877413247974244,2.38379128742394,4931.68984392675,1
0.0103901207706804,0.00256062672824964,0.112411086033784,0.802923649847251,151.484603566632,0.0722318065478823,2.01213720493274,5000.04884907822,1
0.022250040639167,0.000353928096020942,0.466521883375262,-0.1217083296786,55.2433022620931,0.033353091317678,0.155916410754079,299.07376619731,1
0.063445982457627,0.00456764412544096,0.654492598603468,-0.564802012938641,1263.23287528698,0.0247926515005209,1.36951690656554,4171.8699463245,1
0.0411063056875428,0.00600290561957662,0.644435301727512,-0.809051854072326,745.942870643276,0.0314944930012359,1.02100315792151,2349.89329405795,1
0.0196453386140309,0.000353928096020942,0.472496678539383,-0.753708620325177,601.658644974917,0.0359345392518285,1.57398269264153,5000.04884907822,1
0.0283772239637866,0.0102569774307972,0.471617603878241,-0.50882468631985,699.303139101279,0.0644772290312297,1.36682489401357,4888.63939217249,1
0.00987609604538592,0.00455712756122744,-0.0205643929302984,1.62510481667936,85.8794466467946,0.0765372360666647,3.34210503090789,5000.04884907822,1
0.0344894992015952,0.0072642584081913,0.561077723385598,0.356251670406975,259.49644488444,0.0373501808487856,0.425317463334795,653.42765133525,1
0.0416299843427635,0.00742952573959332,0.621110074867656,-0.195889935086324,1105.29663204189,0.0642228374102961,1.58923205538749,4620.59825151649,1
0.0300315095363199,0.00520079245659497,0.566708884445991,-0.262765704518442,228.941855163359,0.036147466824008,0.46456767217306,773.261629651858,1
0.00830753176636186,0.00140125653454777,0.169885102734201,0.651146921473529,257.772033912814,0.0540358727329415,2.24327840121761,4963.95839997282,1
0.0155387284801672,0.0103685577227497,-0.0384855636704701,1.98139814307823,150.562719704993,0.113344779799113,3.39783508732548,4996.12559691025,1
0.00779491217719991,0.00464439460029655,0.233888113229489,-0.0894358050304315,303.825006143156,0.0656095953323594,1.72840978080174,5000.04884907822,1
0.0142752582924438,0.00954226224089769,-0.0337272454725749,1.76753486970437,141.248638615847,0.126230016942082,3.46197088640221,5000.04884907822,1
0.035968789155842,0.00690834741731359,0.578680011029299,-0.432850468041666,402.391690247298,0.0214817768661349,0.354773327293199,776.986330929107,1
0.0326309311522318,0.00660231796119995,0.612265094062952,-0.643264193960412,417.387933540436,0.029618543643924,0.519632633741494,1046.35229712616,1
0.0565003512734323,0.00574416611107351,0.628126800312787,0.150547997944913,484.867808022335,0.0341879995658777,0.597094749904524,1415.22748202869,1
0.0106695400878186,0.00380605982966291,0.0281927691593863,2.43965576188841,149.916857818118,0.0528761467067311,3.36861959385118,5000.04884907822,1
0.0567460676915432,0.0053320056267704,0.634658226893658,-0.0484188760494125,516.990353854475,0.0287099599320273,0.644665297654654,1836.08404388507,1
0.00817124731708993,0.00331934995155137,0.180797943534665,-0.161895090377671,215.260144218717,0.0887190414021185,2.11463899696639,5000.04884907822,1
0.0102039925662111,0.00105765832180852,0.109420890423452,0.452522641245603,138.155646039783,0.0415982029172085,2.21487078313129,5000.04884907822,1
0.0367984405692631,0.00765940857945395,0.695826077550701,-0.478476072465198,895.200814352192,0.0414161216954044,0.91898433788819,2718.64301580072,1
0.0389031346215403,0.00825685277052965,0.628324125377851,-0.271759967098779,1076.86516510098,0.080727444115467,2.23651179296404,4806.5707131704,1
0.0251602680876287,0.00508339384100517,0.408926274160863,-0.499521351507842,629.999917251047,0.0214817768661349,1.34814601532089,4852.6245674058,1
0.0347944450880944,0.00800679191215387,0.570037900057577,-0.112198544564215,271.143787952988,0.0377741746103666,0.579649931502079,908.934449891487,1
0.0179769833198946,0.0133986156422801,-0.0606017939680719,1.77059617175554,159.866249986212,0.120003972440645,4.12280732307081,5000.04884907822,1
0.0113284222186609,0.000502496146835383,0.12307657856646,-0.245263529197325,119.282379795234,0.0426806925667486,2.43821856115542,5000.04884907822,1
0.0512575612659906,0.00812083663354156,0.59076807906792,0.537873528010476,405.864871025619,0.0460524943744434,0.60184571570491,1265.38977365377,1
0.0249204096011,0.00792846533372991,0.435083952168469,-0.465997324363622,622.897875803554,0.0628351714236318,1.50299043081501,4812.57294370834,1
0.0093579347425467,0.00228009624042517,0.00573223339778095,1.29569923656156,81.6685815708786,0.0516270900824267,3.33657643622162,5000.04884907822,1
0.0244251282401289,0.00102406945679094,0.414330097874309,0.0950626400283532,65.4524379248209,0.0273950285971464,0.140601697739805,254.983652199143,1
0.0457907394909106,0.00863063047134194,0.608233763422909,0.124906055440546,1103.71728677442,0.0701855415766409,1.79173091058762,4393.69096594834,1
0.0441816714326475,0.00767332487292746,0.625328823573689,-0.300235988182199,421.098074262078,0.0267203842567812,0.462895784690449,1106.91443974066,1
0.0205265741616116,0.000373406181674849,0.378460165367642,-0.554244952843323,562.098250811535,0.026239103388294,1.34510151446268,4780.92321601925,1
0.0223507310773766,0.0105336969961113,0.492848189389276,0.239089865061197,763.123788069536,0.112120003421681,2.57530267750385,4969.53171069488,1
0.00822223200939406,0.00468329680808522,0.222309117402945,-0.0925343547616614,290.57428372073,0.0719391309716064,1.62719072225084,5000.04884907822,1
0.00974210766873135,0.00175652097033351,0.0411999212780821,0.509749683032761,86.4332283151763,0.0583577004607324,3.23498890662102,5000.04884907822,1
0.0146572719420369,0.00696529600143855,0.293023977486167,-0.373874644626364,374.61522648021,0.070430529689754,1.83374900457938,5000.04884907822,1
0.0120843067980279,0.00469113447701241,-0.000786492908466108,1.95226170651871,122.026899528186,0.0530908015659551,2.77309065719206,5000.04884907822,1
0.0156961000480387,0.0100033485554048,-0.0391332231981047,2.19326158543573,154.710430726323,0.0986438795617218,3.34692000802281,5000.04884907822,1
0.0205869569345899,0.00554902238545682,0.454757924205994,-0.552063020713251,629.243220502713,0.0608989566774662,1.89034493217322,5000.04884907822,1
0.0521557376982442,0.00629725150225801,0.585989316383237,-0.334742181706049,434.670894097652,0.0234156461454876,0.558406664231755,1354.30790247032,1
0.0521145190646129,0.00508408413280895,0.676529744921625,-0.31297183122598,815.703268654247,0.0259800624476787,0.815016948177498,2533.08729844763,1
0.0442762786575071,0.00934362365545029,0.573170793120621,0.382704988154169,349.324053018124,0.0453612810841576,0.607616541903017,1143.73726829803,1
0.0144936479530765,0.00824335405834988,-0.0202238382292856,2.10798158789646,143.944428617307,0.0979941745882974,2.89165209518271,5000.04884907822,1
0.0152851608544213,0.00639955095359767,0.323501608178705,-0.0150409851295148,498.066802270116,0.0333398565928222,1.46399925202556,4813.87184879918,1
0.0403050100573072,0.00832619451551764,0.598414466848182,0.117116898712173,310.567952822346,0.0305527320155069,0.452054770650201,797.973319624418,1
0.0350909488917145,0.00889299659005153,0.619406214188505,-0.117543566772837,512.034189773888,0.0514692487323513,0.706086309971523,1222.38447320059,1
0.0113450436686395,0.00483196508578901,0.0315458827599405,1.37457694004742,138.872552775078,0.103723739708853,3.3517196759635,4978.27713872161,1
0.0252996883651156,0.00144879303807421,0.416586833046544,-0.298500006125932,92.9010770335627,0.0214817768661349,0.140601697739805,479.08966819837,1
0.0485688960214982,0.00678025104052277,0.606258218571894,-0.206363577623596,834.637979909473,0.040308652842906,1.35573772117539,3391.95150030741,1
0.0489615671134766,0.00663077695016425,0.637633074513938,-0.377186382864053,734.266885799567,0.0318117194557077,0.954738921145764,2290.18504141141,1
0.00977582894810161,0.00126463559053643,0.0659798836571525,1.03830025922132,103.536328787477,0.0585494851622526,2.71971393884688,5000.04884907822,1
0.0274686744417906,0.00532418807875907,0.65497801227784,-0.56960550075928,526.745737761969,0.0286500706328888,0.37146597392454,800.4033287306,1
0.0518015133363457,0.00830603860470795,0.72049837114868,-0.234780664374054,1132.22002554604,0.0577118355011726,1.70594610948921,3883.05940658132,1
0.0380958905602609,0.0084811449264557,0.683483405059668,-0.207927962730343,766.315316616117,0.0517614687492337,0.771120302432122,1853.37752349075,1
0.00986402280782972,0.00106373479857695,0.0653930119411548,0.708883276979368,112.139507365215,0.0530396055416506,2.91895397827403,5000.04884907822,1
0.0494148544501751,0.0100429332845473,0.599234055961662,0.620876634215512,1007.95262992523,0.0680026584907093,1.70878897585388,3584.68588990373,1
0.0231599781674554,0.00202084550781347,0.387159923215817,-0.453747360438431,62.0282893751469,0.026196795315297,0.161800568884412,150.39682417509,1
0.0250997448231019,0.00145438417797358,0.41786913272691,-0.395561705431971,91.140374644343,0.0223684241538207,0.243224815265253,341.313519869816,1
0.0105243737202308,0.00100811589449588,0.184649928478929,1.13900707824687,242.000523241923,0.0514992258813489,2.27106478733926,5000.04884907822,1
0.0100221585123028,0.00184567157384548,0.0807702664924979,0.149000354123226,130.410330700177,0.0652078840052242,2.77802307150913,4999.16783925204,1
0.0224553122314622,0.0021211817514799,0.406592730068957,-0.274911409843465,62.4807941107429,0.0214817768661349,0.140601697739805,420.526137034924,1
0.0481296788237178,0.00659976356176442,0.637041571759238,-0.498379493797075,696.016291261056,0.0355296256394511,1.073658854103,2584.41138663112,1
0.0206810253086074,0.00601598633377989,0.339253960188504,0.387688484219758,113.851061681344,0.0257130192963618,0.140601697739805,-214.17309118985,1
0.0255730860222617,0.00201401864108431,0.511867958568647,-0.249470664816497,212.059903764193,0.0299551601631936,0.299909852226363,479.11802377692,1
0.0554028864253601,0.00629255296327674,0.647695344719993,0.0781567232672566,544.502419104645,0.0367814082130118,0.704399097254376,1793.60768934181,1
0.0111210508082242,0.00639036969347502,-0.0573585386367325,1.92247036501357,88.1558684222104,0.0852290267583017,3.34240094941428,5000.04884907822,1
0.0105869509915504,0.00160796808706067,0.125266593189395,1.00691264301791,181.642154352758,0.0521938336162665,2.69458055118214,5000.04884907822,1
0.00823004239977643,0.00113882034572254,0.19630314026898,-0.0843244116577246,230.65379500844,0.044775133031136,1.71590441228586,5000.04884907822,1
0.0155067575261602,0.00661883872588922,0.317448382789016,-0.559969717786429,392.747890972291,0.0595207798964168,1.76249568209164,5000.04884907822,1
0.0578697365010768,0.00285693617302173,0.631135817413386,-0.616297119868575,744.799848099207,0.024521749687604,0.841201027774124,2139.0414654306,1
0.0304322717770978,0.00398216852409588,0.502708901201972,-0.624531106389119,733.34574618411,0.0214817768661349,1.64679978385085,4906.09007773899,1
0.0110009654571505,0.00553940115020676,0.0126013788226192,1.98317568482286,153.484748971709,0.101628809812176,3.66240164618687,5000.04884907822,1
0.0408281483917785,0.00200641997354228,0.558131204981268,-0.583892355927899,906.012482950902,0.0347897513122563,1.38194054780277,4559.05668616508,1
0.0487756939910233,0.00865849336013171,0.611398212450715,0.124749321141053,1092.96408336482,0.0670559172343937,1.804254164725,3976.46334765999,1
0.0445467070680325,0.00655040183300707,0.641647938320946,-0.657186611891812,493.59605421748,0.031302969389279,0.739378062079377,1797.4280019939,1
0.0206309891627831,0.00520558484015725,0.381507017754436,-0.267227517499749,556.60815027859,0.058973800571318,1.57411020322935,4783.9094525717,1
0.0110001112819325,0.00628682000445938,0.271328403672483,-0.340226777132065,347.030556476447,0.062951130489236,1.51122073485104,5000.04884907822,1
0.0247242183573595,0.0079969314338186,0.410875801751519,-0.0802743396608273,582.235962029315,0.077539241204556,1.87526254107653,4701.35524765407,1
0.00932581404989185,0.00814074724841608,0.290022784060468,-0.596766564692978,316.254276917271,0.088194416332891,1.52351187720767,5000.04884907822,1
0.0372449869723973,0.00869304724304638,0.581760459394143,-0.0491783963872368,966.149836497222,0.0833721294482515,1.93869211217147,4815.6670111271,1
0.0457013221514865,0.00653509511127922,0.641209985762927,-0.465600944199659,632.370308329751,0.0343308061511598,0.766735796975914,1671.76352518493,1
0.0272350908776513,0.00263779135103398,0.526072447204064,-0.272654081367659,170.615889911408,0.0333928532208959,0.322854014235105,544.488920851254,1
0.00914745470659279,0.00234648503311891,0.0499417167271379,1.00216160330597,122.453985110352,0.0842364400929649,3.20855965686022,4991.55808312411,1
0.0431046087629991,0.00837187492753759,0.623812044899739,0.106330680838695,722.159288590097,0.0539542277059168,0.918236553109671,1989.02524312948,1
0.051649912802472,0.00558808337020367,0.646832456213716,-0.506954679965132,763.043913782418,0.0301774013081778,1.13726249581367,2890.90927648209,1
0.0231162494335272,0.00782601900629607,0.389635266716858,-0.236733367149157,553.907280673135,0.0426863153698253,1.55530184610402,4907.52582489478,1
0.0129036003775569,0.00476385587281879,-0.0047953652249827,1.7029825407714,117.272559935986,0.0882326251589653,2.44416188248588,5000.04884907822,1
0.0123020286388146,0.00829823353793196,0.269321584997506,-0.441675220001366,336.649116343393,0.0716729607535003,1.59988318801723,5000.04884907822,1
0.0341672288217698,0.0059973816227277,0.465690147104068,-0.247695413589583,768.178448961588,0.0214817768661349,1.59390727960033,4724.42122621,1
0.00600252570030881,0.00118213449453517,0.222111946440858,-0.292602803575202,267.51840798149,0.0436220876984161,1.41834801222035,5000.04884907822,1
0.00708002431584451,0.00590028508041684,0.231189277550356,-0.324927479832784,273.688159238992,0.0874841057995347,1.80537203962005,5000.04884907822,1
0.055346240926958,0.00243111495055537,0.623455612674402,-0.941853411653369,1044.66469682633,0.0214817768661349,1.12075203587525,3201.43496751904,1
0.0216418889933996,0.00470817589870601,0.456162418633349,-0.440184727402077,753.237345202265,0.0619505545919647,1.93384392127306,5000.04884907822,1
0.0292233572457311,0.00343669504522098,0.550056635382056,-0.584157214996106,357.817236795388,0.0252871924204482,0.296192292765762,573.177125374171,1
0.0220927857606707,0.00558379744162341,0.366134463315681,-0.394948684633801,561.761205177335,0.0272666472870932,1.43021929179286,4777.05333883442,1
0.0117628283668741,0.00112919487265968,0.142917936786994,0.046346731548521,143.577740931805,0.0586108241545977,2.51875457683272,5000.04884907822,1
0.022535232834547,0.00185130566022769,0.441172770540991,0.254298051089898,88.8805130200361,0.0404271171979268,0.216042717709778,221.316963665094,1
0.0122350442538819,0.00641972278187958,-0.0381035428650075,2.45337027132166,124.59475206729,0.078983802966954,3.00468511390692,5000.04884907822,1
0.0279471331324613,0.00270045650057372,0.508023958467822,-0.352249708069432,208.083536141619,0.0262722016569928,0.333305876188119,551.563032315789,1
0.0112961342737622,0.00438366632147221,0.0104582465945227,2.57373145030514,150.977033502706,0.0622872817170492,3.33117044087276,5000.04884907822,1
0.0459940130682365,0.0079855760290742,0.643421784883404,-0.0563982005461962,897.661582677969,0.0400909702961843,1.13475329068121,3001.08337186023,1
0.0163187293068951,0.00983876323995702,-0.0098637970763768,1.6315549795017,145.567378404498,0.124738502556912,2.72235807880435,5000.04884907822,1
0.00942450186961807,0.00205394780130373,0.111880743113068,0.226996286511645,164.945567089972,0.0593535177154361,2.37296401230724,5000.04884907822,1
0.0335066485210508,0.00652608269029125,0.502650175618092,0.306311832936853,287.900040413236,0.0304433118841417,0.453332155425487,513.133327062579,1
0.0395320819494679,0.00819441301577554,0.593410158173119,0.242355127579975,220.124276322044,0.0346635954271439,0.425179813214477,833.562482669509,1
0.0393698904286923,0.00974179140522022,0.570452306272087,0.344691878453337,428.336635859625,0.0543393010723902,0.762844041620447,1050.90917657413,1
0.0229188204199485,0.00219254524777404,0.396721135513755,-0.427052698319339,106.084043166813,0.0214817768661349,0.140601697739805,212.704479455708,1
0.0395553927314167,0.00673253941570665,0.521453274558322,-0.127426341085451,906.811655313863,0.0632826556628223,1.80823619494367,4826.54151487299,1
0.0383305063786905,0.00839861762643827,0.620715386500332,0.0677312123428724,624.244668570989,0.0546604699644726,0.763573178460778,1409.47462263114,1
0.00941694054020499,0.00228247043197076,0.135529232643431,-0.485428857067935,136.815174341691,0.109709342956766,3.15065778106361,5000.04884907822,1
0.0149808133210885,0.00884579687710855,-0.0363806774823612,2.13152672050335,146.535443484205,0.0852335303929619,3.21309585805092,5000.04884907822,1
0.0526865720173624,0.00579380233619361,0.648906603861732,-0.370230920697516,425.364810182966,0.0260841769092202,0.511051438626418,1473.4536180888,1
0.0459101635454011,0.00814439347481328,0.675972535115161,0.193865059605627,1020.44602154742,0.0452568547014394,1.11063750982405,3457.84409866052,1
0.0139355941594974,0.00863923496297627,-0.0162193510803426,1.22767259119231,114.941641991174,0.124791254459829,2.98352629775657,5000.04884907822,1
0.00861809055231239,0.00124784805871676,0.203140476756741,0.195050950709725,303.335002116873,0.0453729272663227,1.92401622534965,5000.04884907822,1
0.0192636624639253,0.0141279689566382,-0.0513449658164727,1.58621463384859,169.563636434376,0.128356107733275,4.1406002723097,4954.95631898662,1
0.0500031186310613,0.00631846077976682,0.602878830052844,-0.293357200067803,885.381327579891,0.04752368530049,1.45292249337751,3146.59954309877,1
0.0501681942172002,0.00806223433811756,0.608712845605423,0.531045984713915,481.65687301489,0.047056871390223,0.643249364428189,1236.9397220896,1
0.0232243264559889,0.00270371177172936,0.365120115502731,-0.30491225735555,88.7330163506565,0.0214817768661349,0.140601697739805,217.239556499309,1
0.0158249913322882,0.00967548653405087,0.00440819863743752,2.07782164787378,172.572777284102,0.113639465497867,3.10089471833585,5000.04884907822,1
0.00970406557775668,0.004214341292228,-0.0337810745116806,2.10541739557316,91.5178747710222,0.0566769758632081,3.61817918022615,5000.04884907822,1
0.0131712796221899,0.00792318475314379,0.00085993880188584,1.91395371642771,149.552765305365,0.115267425830526,3.48115912023397,4999.63185357113,1
0.0249603888608679,0.00728815189071133,0.391868720200174,-0.403914858361877,586.224566148752,0.0475840434068103,1.66010645450918,4947.00707942191,1
0.0205100142830514,0.00443928838370861,0.374866446537186,0.104858063461703,94.6464431341832,0.021998142804847,0.140601697739805,-186.698331687445,1
0.0224919629865215,0.00859042066499465,0.349983525310717,-0.0198624645194124,553.557246819502,0.0518263064092087,1.5848402905647,4744.56085633025,1
0.00877540263043532,0.00323963014366586,0.160162894712803,-0.633946161450819,171.107166818635,0.0957224747632367,2.5972219132515,5000.04884907822,1
0.00996610585129128,0.00501557271625275,0.243720632349437,-0.40307305432071,305.255636118726,0.0781364815824328,1.68495316292141,4966.60762681003,1
0.00976746189943508,0.000353928096020942,0.340974308141315,-0.730057255090398,412.28493153289,0.0287453644213893,1.3712092130863,5000.04884907822,1
0.0365644093357988,0.0068657360922539,0.534909064982092,-0.367311045266035,298.651444463493,0.0226444706345781,0.487203281941994,835.50020558413,1
0.0577557589105198,0.00384863470074429,0.623344159737402,-0.573721859401136,1208.28898405701,0.0299864517192536,1.60975121014138,4441.81937601553,1
0.00850265842659013,0.00296404157771524,0.240996941091904,-0.129665149627864,338.722544341917,0.0381138030567788,1.67407650236872,5000.04884907822,1
0.00942737306805416,0.00234836231706181,0.0219640100148872,2.07964197954566,120.927721061724,0.0565843587725477,3.41802552788448,5000.04884907822,1
0.0350743069273448,0.00848735866090867,0.686269956572814,-0.258194622935473,1157.86125697001,0.06643646359486,1.65463716677612,4599.53560161015,1
0.0464557681822599,0.00816258797371006,0.677891020733674,0.0163427786414831,1116.73321887328,0.0435744150150447,1.32022222609091,3749.97829587786,1
0.00694807441387991,0.0026638125373441,0.181436672184507,-0.482955986283034,224.831185252935,0.0638459069012598,1.73653299576662,5000.04884907822,1
0.0343504737191457,0.00628624808684284,0.647363203769496,-0.927237305002468,609.254468395438,0.0312854297908433,0.804453865986258,1835.66721289549,1
0.0238228387399693,0.000852297281410283,0.43067410807213,-0.247521639039427,15.1276692138016,0.0259277686647924,0.21817225954972,387.187133010316,1
0.0107028340799161,0.000643316105406045,0.210019039976543,-1.28419094980115,181.72048343409,0.0485418416420261,2.23921368586571,5000.04884907822,1
0.010447993142217,0.00132539693412271,0.128279219376836,0.403463104112374,164.466641081596,0.0265812284675173,2.4765808190991,5000.04884907822,1
0.0472137142430947,0.00462233930556315,0.648970519074332,-0.798287379637978,945.255056343671,0.0259877111175516,1.16635629791063,3257.77277180324,1
0.00820192030310355,0.00424503617466379,0.204420291716851,-0.138296930361113,250.465746980329,0.0832348964531444,1.9625759462519,5000.04884907822,1
0.057390361902035,0.00670229442348443,0.594802707313903,0.255676613163748,676.664859359917,0.034455912500622,0.98105970610047,2436.19318607801,1
0.0278911923470971,0.00799144637905872,0.419271857435453,-0.537310336842388,668.434196662841,0.033755722254746,1.27010244636884,4844.18925570883,1
0.023468088137229,0.00138845166913406,0.542460708078195,-0.577951655018713,379.492218413515,0.0301824482399155,0.311690666597423,388.822260366635,1
0.00942250373926735,0.00270200007380811,0.126311253258493,0.000502574570155512,174.06440195635,0.0763287858797247,2.21089535750869,4950.03377876411,1
0.0308125439861254,0.00527246334777968,0.531769189346926,-0.0326745864642342,203.416051973913,0.0347981120915733,0.433898519679763,634.106418664159,1
0.0241529861411961,0.00122277283619201,0.405385072546531,-0.533184564843471,60.82850609939,0.0242074543905944,0.211188440822131,280.301181152347,1
0.0350471075435882,0.00749371033557424,0.515510985334042,0.505196777276248,214.453856006355,0.041793395150737,0.354118487828466,728.472105918586,1
0.00830506128356552,0.00342124434458533,0.172236733086541,0.200812182281834,219.693373402003,0.0847074152860919,2.23447580722218,4962.77408564452,1
0.0553559668649121,0.00345329996016375,0.582242909766366,-0.638567324217118,643.188874852188,0.0214817768661349,0.858739397805836,2128.43657218084,1
0.0446148050362736,0.0077018235248144,0.628718734282557,-0.28071065211357,1015.40110382862,0.0792492084303752,2.1973732911265,4141.85248847026,1
0.0121354454276044,0.00689098632083962,-0.0713009598681237,2.23550609374756,106.206818950768,0.0928816135683172,3.1348507480506,4934.22633679165,1
0.0353541687586489,0.00527817792250139,0.492910674160114,-0.183436399078152,942.722780680583,0.0601993816284499,1.92061769216987,4630.30224546547,1
0.0250451546577918,0.00044904233740242,0.481943515857727,-0.325128467002765,116.946781916407,0.0278958784858876,0.221596348715717,479.504763486777,1
0.0224482464214343,0.00290631998645989,0.385425831830979,0.252601413328764,48.63945243304,0.0292947473732672,0.140601697739805,46.1142881777678,1
0.0490847670213485,0.00529173786764722,0.609356497437367,-0.51672957890733,782.907318782786,0.0321782047792206,1.10043840618479,2536.24957375325,1
0.0101768253226102,0.000433997244126706,0.0942350286626081,0.584742688111496,121.895175761818,0.0453094474048626,2.47567345057965,5000.04884907822,1
0.00812090563158097,0.000440625607434764,0.188147937440486,0.366567730617274,262.100144551486,0.0402661867344637,1.84577655073857,5000.04884907822,1
0.0561220316887323,0.00394723716118554,0.655181374131188,-0.531524466369144,575.882644117543,0.025385124472573,0.669760964997589,1628.63479197993,1
0.00869837406108782,0.00169495533320149,0.164496422701117,0.271667683792152,222.099904263092,0.0449551672696857,1.81071456005827,4997.94732224165,1
0.0114502286806899,0.00546340975407505,-0.0356626724829467,1.88330070593793,101.628724024925,0.0806995768860485,3.00599755184789,4949.94854685911,1
0.0101865205736332,0.00133759424257361,0.0667642594433732,1.21441900495048,130.114798236884,0.0539778985143827,2.95502530278512,4986.3970216342,1
0.0356103286323925,0.00774759546681969,0.655439733121046,-0.270058598822348,363.509767606217,0.0306069540551717,0.426359421832115,985.124798805438,1
0.0404745520755034,0.000490639622121704,0.577496410688702,-0.828513103616417,978.150551889508,0.0250251179928297,1.51190433392235,4770.39056728782,1
0.0556894586211595,0.005970323658087,0.619354040802197,0.124126206449778,720.252388038144,0.0296345087492045,0.827961123940596,2253.96297842104,1
0.0305778056600195,0.00552240683110214,0.565046691192597,0.155045229491509,203.388354411073,0.0356931824827785,0.333508237760384,682.571445760151,1
0.0093263699046988,0.002668065655045,0.117954182818554,0.461682775370039,177.628884857487,0.0711580182670183,2.40300416406239,4894.80367426657,1
0.00848614703432935,0.00409211077555118,0.214994568318837,0.127830873275276,302.124082888878,0.0711494728418279,1.8403987067251,4890.02324430413,1
0.0113395243800695,0.00327387857362085,0.0228809222939697,1.66602454278317,114.849205125057,0.0652314397366186,2.51673080665952,5000.04884907822,1
0.00955929231405022,0.00310786348277983,0.174737508415934,0.652297854628883,227.855683260092,0.0885077782706316,2.57934513467464,4851.92864367241,1
0.0100883389574127,0.00170885627591889,0.0620205141791079,1.33651692498852,109.287744147523,0.0396388687678161,2.97606264176127,5000.04884907822,1
0.0230595066787201,0.00633929409274517,0.395953911268785,-0.246737090848047,583.552634057514,0.0281259034531264,1.63845277755713,4940.94672987677,1
0.0100608160885213,0.00179864385271845,0.150918299568732,0.0414623432048172,176.366391307141,0.0815451455248974,2.33819393715031,4944.29666482465,1
0.00938382286967973,0.00213461626328069,0.198605145381692,0.0918913472577182,276.48171532591,0.072211833922518,2.11505266556195,4941.8161202024,1
0.010080131541013,0.0017727125642496,0.0994773454749978,0.912410976538996,165.684844027047,0.0618506514817288,2.55110775446729,4877.18317902112,1
0.0216892097500332,0.00146270664183775,0.422863106986093,0.00519323411598743,45.4697726930385,0.0263599498090954,0.140601697739805,417.724974849973,1
0.012440851542454,0.0074138259941883,0.288194256465868,-0.389655160193168,329.630170372321,0.0873376587355821,1.73764298860599,5000.04884907822,1
0.0246470749471513,0.00219237257593126,0.400711604784749,-0.148407418384527,114.417844003486,0.0214817768661349,0.140601697739805,351.849627172268,1
0.0535807114160213,0.00589368041185802,0.573484119418512,-0.220988574043078,411.144305520804,0.0257272354337633,0.604899890467612,1460.46136473128,1
0.0126824815265469,0.00797513404108979,0.311049784705104,-0.467579958592908,351.595218285287,0.0837750288601569,1.60923636100332,5000.04884907822,1
0.00773790043114349,0.000353928096020942,0.18816185300812,-0.136466276876192,263.360550975791,0.0398189930214149,1.81518043188565,4977.47256887431,1
0.0532834504345483,0.00625834560389573,0.665485298086155,-0.115172295009206,994.947127308487,0.0312030461441795,1.07602412127548,3116.17636749339,1
0.0111176401891453,0.00416721615652786,0.0480404803626072,2.15786544789221,148.710809247679,0.0658512662817306,2.81336164033554,5000.04884907822,1
0.0302625684366453,0.0081665000180857,0.690003629133152,0.144422143630506,473.520130955516,0.0528069475502001,0.474844582285564,1009.98777494734,1
0.0343863770240757,0.00476108514487595,0.508226611258104,-0.251866830236179,221.913278971853,0.0214817768661349,0.235304255932277,699.280794132171,1
0.00912823517260823,0.00308112291743647,-0.00613856183218692,1.50618702052991,85.3311045145463,0.0468650087716699,3.41681739832785,5000.04884907822,1
0.0464165133026351,0.00478040227890994,0.735218186514793,-0.827055974262348,1035.7428666727,0.0214817768661349,1.00822595579583,3218.7081737225,1
0.0493201592242108,0.00709701647313278,0.578761320578269,-0.197076342595264,259.997855173889,0.0214817768661349,0.339731310546424,1122.40167504761,1
0.0061237712242855,0.00390662877062235,0.212741156236105,-0.690668676523106,251.855419365026,0.0617058345753492,1.42830757282367,5000.04884907822,1
0.023030128430309,0.00398284803026897,0.352436800182319,-0.308355589055969,90.5226190387096,0.0214817768661349,0.140601697739805,237.431049367761,1
0.0559241299899047,0.00663387517011473,0.615236202160329,0.188846128985094,722.541265393906,0.0352412509626512,0.998837652045403,2667.06802508594,1
0.050562625044337,0.00717914837524455,0.661519867518495,0.473047863927064,603.67386077357,0.0456882223855609,0.742046456140361,2097.91485240645,1
0.0329920785806041,0.00861909040872127,0.546326713564579,0.140985587563777,952.41251372382,0.0757700310630741,1.78909685820711,4436.60617491495,1
0.0101666063220752,0.00225026547991226,0.0548805281248181,1.01822322463008,114.939230090047,0.0710777359070041,3.2134294135015,5000.04884907822,1
0.0104187555156941,0.00101552464173643,0.0907023468129121,0.185000767756975,107.989916446954,0.0460980851920171,2.72318132530292,5000.04884907822,1
0.032760135164057,0.00523946249887231,0.547033252993586,-0.380964622829288,278.04313595176,0.0284776728798136,0.467558198187294,776.273194478922,1
0.0182165209572201,0.0124908431644277,-0.0493973700330345,1.66277975728753,151.344015701921,0.115689293982926,3.5993070379008,5000.04884907822,1
0.011012691861561,0.000843571537996458,0.0891587631039207,0.40714671045319,117.65094004964,0.0544913181255406,2.66883664365547,4970.35185240631,1
0.0143147928006294,0.00966261524828518,0.322712672501832,-0.230291351294083,419.063661546381,0.078302602880864,1.42105016746293,4982.24340887709,1
0.035802530687718,0.00830385806467447,0.552226447652397,0.432691881628588,241.573242169482,0.0408722727409199,0.434986102186251,796.595019257874,1
0.054024979158508,0.00197899837131811,0.628919133421229,-0.637528103428894,1081.97670071475,0.0321202394419155,1.5667436137568,4357.56984261844,1
0.00773689520151287,0.00174389353974365,0.189433597859221,-0.736876326433249,222.249150639348,0.0608332144822764,1.62286027921388,5000.04884907822,1
0.0460407971331992,0.00797096937379134,0.650398616145734,0.0751575040924471,419.451114840662,0.0362626553291236,0.498474679368765,1128.75522927779,1
0.0144975024960324,0.00920917217856945,-0.0486153871247665,1.15895913265008,104.347746665638,0.111393272317866,4.06719997634052,5000.04884907822,1
0.0276606333259393,0.00195039312387595,0.487230792517757,-0.396769800632846,215.222374616296,0.0214817768661349,0.290958408798945,503.967573451586,1
0.0107788508410479,0.000697593294439545,0.142765915717399,-0.0234825159204413,145.118795365761,0.0405012369281878,2.41011394192961,5000.04884907822,1
0.0094384893851657,0.00301260997647824,0.0589696525174829,0.818095046774646,134.975489294041,0.107391894845018,3.62893528469448,5000.04884907822,1
0.0417433059325716,0.00770350355648955,0.504835394370116,-0.172463650044749,834.725954651721,0.0489831569090091,1.43006452524341,4595.32990203848,1
0.0105463647488859,0.00264963595428681,0.257737652196564,-0.131776054825478,378.392553910189,0.0400194754541623,1.55750226812298,4835.18321204768,1
0.00864017792107394,0.00235672921907612,0.178052080002762,-0.0778502340330463,225.810980155069,0.0736564582338395,2.29607279280007,5000.04884907822,1
0.00994986497722947,0.000976471593871943,0.316555648250529,-0.675762677636751,408.875758931859,0.0286995506596752,1.39894167239569,5000.04884907822,1
0.0446656838006598,0.00543446172611042,0.533956785758584,-0.290557556892319,891.955733041539,0.029096905680175,1.53350655786521,4727.01817941095,1
0.0586745879486365,0.00341082634633242,0.571938858020654,-0.527344791844708,537.449319252483,0.0214817768661349,0.755608321772084,2238.25644403121,1
0.040341864322929,0.00737768994443899,0.561131832771521,-0.266263995733356,327.740446003477,0.0214817768661349,0.42492287376487,849.831531688314,1
0.0329425927129265,0.00471860462131587,0.489811125678858,-0.271001570597031,864.534883462231,0.0525882716325237,1.67660280895051,4617.02875575851,1
0.0214803974156265,0.00233331543056366,0.512934595735206,-0.610081985315109,695.968728859181,0.0571651640784547,2.05956975978823,5000.04884907822,1
0.0128477651350851,0.00461304747276756,0.0185734923600274,1.53029682350219,130.364324039637,0.0459833628804287,2.74494157127011,5000.04884907822,1
0.0102891927953841,0.00395927662288376,-0.0149694755254303,1.2267415642876,85.0203558309702,0.060351539361896,3.6104065488307,5000.04884907822,1
0.0203498162014953,0.00346111162465711,0.361454065026446,-0.227695402200671,97.6465430762402,0.0214817768661349,0.140601697739805,-52.4537354685444,1
0.00971385814335397,0.00175104770297033,0.14843639840973,0.951884362498997,215.087855161335,0.0619938722210316,2.36678816223475,4930.77063884408,1
0.013298654305602,0.00855536113720612,-0.0244500842151462,1.95364326659913,135.570744670304,0.113267979337184,3.31711158674314,5000.04884907822,1
0.0454246080331909,0.00600460453339474,0.680220526377963,-0.407241908694274,550.35924655463,0.0306543496293125,0.510579646986538,1337.98075050467,1
0.00798236736846853,0.00151101389648017,0.190875842275919,0.196191651646282,237.474036788612,0.0472472257388141,1.75240676765519,5000.04884907822,1
0.0497048844136317,0.00647347185456422,0.611211144341207,-0.388946848950362,1106.72055304874,0.0477811911376286,1.45861029803801,4662.40423303533,1
0.0376803633084046,0.00616602780456886,0.516728060583591,-0.239167607674934,274.460533803764,0.0214817768661349,0.341068215014026,691.644943913997,1
0.0248012060425332,0.00218533049723957,0.51184798478047,0.0128732618944699,198.351536204452,0.044296585670312,0.338106935547734,376.212479512104,1
0.0113038157576836,0.00358546326066243,0.223721020575949,0.0760234699410167,344.251299963478,0.0530482293533689,1.80898631848079,4919.0852702328,1
0.0417537166017701,0.00831192133258122,0.628714935464465,-0.237138602852898,569.505272333387,0.0344533133838291,0.588659757475964,1197.64788429553,1
0.0303247554536555,0.00439676929811274,0.497977774123756,-0.133287210129015,146.22364425583,0.0262609715546296,0.276201674205196,852.209709080412,1
0.0106995218744188,0.00275366350957695,0.0749597513211495,0.787232955478659,137.704937445643,0.0801558117929378,3.07034989583541,5000.04884907822,1
0.0308839294363656,0.00953287047018403,0.461910328654257,-0.43825481618315,704.439176066113,0.0519179279836529,1.41174266921053,4880.35441450325,1
0.0132881282676388,0.00646498150951036,-0.0360726076825761,1.52340086878165,98.3576356979406,0.104915965739539,2.79193381365534,5000.04884907822,1
0.026532859849987,0.00407658871501858,0.422964876469057,-0.653806478433903,649.93957858301,0.0280894825894957,1.25741877217681,4910.57336647101,1
0.0101406654249823,0.0010563225029444,0.107496815397864,0.501028875469857,142.836792510733,0.0494224353262398,2.19483415214984,5000.04884907822,1
0.013376099438905,0.007404013235613,0.299801235493198,-0.559784145597421,376.343614109099,0.0668135180691617,1.55979087724975,5000.04884907822,1
0.00890244097233159,0.0019550316718773,0.0761538662745232,0.686227792287818,141.350312112617,0.102401473328482,3.46457903213095,4907.32839200388,1
0.0337916129224518,0.00578088740988799,0.546911497862481,-0.417104155798571,308.359754390973,0.0239714981707889,0.419187026235402,778.257528530033,1
0.0222585562804656,0.000353928096020942,0.46475156714683,-0.314857128140096,20.4360499951396,0.0323045001751906,0.192460235389654,299.149209756023,1
0.0543781457822989,0.00576695106720801,0.573509464888937,-0.186005256861637,889.341930727533,0.0356377841539287,1.31942429815167,2998.28325604838,1
0.0503797414979325,0.00608896688349851,0.606408809739886,-0.320179342809514,799.479058565884,0.0429744720888405,1.37541991344482,3209.03755186106,1
0.0558960825967522,0.00631200628821612,0.60359739334428,0.218578865956026,367.16584404227,0.0339211629199702,0.538868231604431,1246.21443010199,1
0.0259173869073078,0.00161254266253617,0.514662014056602,-0.569516748966701,208.309024599761,0.0286872167444741,0.322851779164979,511.220844145925,1
0.0580958125441765,0.00379540065946786,0.635097882166187,-0.393966427707784,519.598051340015,0.0256495247614717,0.628329812211929,1382.35109944591,1
0.0569121913330365,0.00798734153508184,0.649977208192819,-0.00417791661086431,1112.09659143945,0.0715986050313902,2.01791523258732,4343.58071555639,1
0.0389995407234111,0.00755148960545583,0.610176730014144,-0.674610802197069,528.164543467951,0.0267626603485907,0.602477046487554,1314.34435967175,1
0.0170656067774303,0.00954988481890686,-0.00514649894221741,1.39064796813793,142.791663030311,0.120209713354186,2.75040921574751,5000.04884907822,1
0.0180786930399458,0.0115916947665757,-0.0226939163659859,1.46414007464094,145.825422249946,0.130836115581932,2.98393376325387,5000.04884907822,1
0.0601141757313148,0.00592920135231444,0.617489290269299,-0.0969705229748771,1065.071814834,0.0400444140930838,1.25683686725396,3400.67583073999,1
0.0188361788164342,0.00562465383772512,0.339160815248018,-0.279301951541204,492.979263805525,0.0542521306663077,1.47932210940902,4642.12266635753,1
0.0123715249903907,0.00464365434604491,0.0232372856328709,1.3233528582289,116.530480176371,0.090571135684329,2.50479485536392,5000.04884907822,1
0.0381634434431671,0.00547350216070903,0.653532516123749,-0.84055183557237,1003.43232142577,0.0479577893792449,1.84240433592403,4274.95271995868,1
0.0290486873730557,0.00525599941932452,0.526716134239356,0.285536175110479,153.847451523193,0.0512250946861784,0.44096502538333,532.964225843886,1
0.04877432080862,0.00680909133167983,0.620502450052007,-0.337285765345535,710.958092432551,0.035167147559839,1.03854319837045,2348.16320706339,1
0.0116623700002307,0.00452427047693716,0.0677201904683372,0.188215147576385,104.974583498355,0.100980207135186,3.27282565115115,5000.04884907822,1
0.0112054747625046,0.00246406651664059,0.296773593584853,-0.554420784720991,431.459988673966,0.0225700171104999,1.63063653331338,5000.04884907822,1
0.0407270176564011,0.0101263567363989,0.540185713401846,0.586599357534465,275.200608984155,0.0490202225589923,0.688284259405899,927.302041528892,1
0.041261621103618,0.00471571847626554,0.548660799561715,-0.418026142826304,912.310228364041,0.0448067638644771,1.68602490919397,4890.40150740996,1
0.0489075147295153,0.00717543712762432,0.720003215495428,-0.200398998970373,1003.95957465839,0.0332993587330118,1.09318537538387,3191.82735533003,1
0.0222167653171713,0.00128284606015746,0.450467331001448,-0.382973864901826,81.1011880986898,0.0240175002876886,0.187174549111917,292.410167005978,1
0.0337261560174572,0.00165261510668138,0.592158145987534,-0.57244489364816,815.133502389948,0.0440660590948241,1.77869174084042,4838.11840175633,1
0.0249410660732868,0.00121808627020567,0.472486585906042,-0.346637596681931,118.015045599564,0.0214817768661349,0.187349916418985,508.652894726892,1
0.0217789552128035,0.0034979122953218,0.368548041822969,0.374045213931737,-18.739049927025,0.0345011831420163,0.140601697739805,43.6074430122271,1
0.0234158442543682,0.00816979096347301,0.401837969097775,-0.216294368246207,554.886906819754,0.073543901704318,1.62639122568848,4831.04644955017,1
0.0465914320725962,0.0101189923860511,0.574288860523252,0.412073723310139,974.54333210941,0.0925890044607885,2.13210036521017,4294.25695398148,1
0.0222793367441152,0.00512044625183038,0.377264550167731,-0.540885530563225,588.229262041818,0.0256889140164678,1.37163244859499,4901.52106753977,1
0.0391821992595817,0.00568967490368199,0.671432329262156,-1.02056243504344,763.089535945785,0.0294057441784887,1.08588333989467,2847.44784234389,1
0.0364687291541009,0.00933674400362446,0.563110658901703,0.259184565441603,254.804709701958,0.0472648871497129,0.661076815493281,966.102390226489,1
0.0135945108738517,0.005075476413316,0.296457598351475,-0.254813449376552,406.27425921923,0.0376077154995409,1.64926774167102,5000.04884907822,1
0.0544027015297585,0.00617648281307452,0.606882374463069,-0.206415997642583,465.945913984454,0.0285193532673272,0.658850434692228,1516.13576441502,1
0.010749855922352,0.00549051981877369,-0.0212859722648979,2.61591800978193,132.290402856764,0.0726149232653573,3.34025473090695,5000.04884907822,1
0.00638099800436228,0.00329561930576551,0.198548211973051,-0.427343873226736,241.452772417202,0.0656640941324122,1.65824852746138,5000.04884907822,1
0.0493790087457295,0.00678127623433245,0.643431755815503,-0.0227875696128074,579.964282432916,0.0367090951324793,0.623980966773719,1370.80320747707,1
0.0144851760642871,0.00757047788520163,0.299779297928671,-0.42702963301409,377.230906532966,0.0674854097134485,1.64717261145533,5000.04884907822,1
0.0347551917406031,0.00548511120705244,0.604451631478617,-0.616639112059894,995.379947375553,0.0664561818543723,2.16357257265463,4713.30184320701,1
0.0508033074513535,0.00599955336229947,0.566279272409525,-0.308285477621804,469.888104596011,0.031057857335771,0.885482203267386,2001.17767370903,1
0.0302360846217587,0.00363740698022859,0.490868919438681,-0.515762354599837,230.125785732759,0.0214817768661349,0.389027081931718,633.929135266798,1
0.0112324970873015,0.00496014390180177,0.246925835912099,-0.487487084086033,321.863318794526,0.064555784109007,1.60835940902575,5000.04884907822,1
0.0102523348625986,0.00265632529976864,0.0973616709965692,0.636909218782094,157.495762189106,0.0621048034931997,2.33973448560898,5000.04884907822,1
0.0227867090015313,0.00242636212976354,0.437851727422907,0.0191511651294673,67.0957799629313,0.0254768625647875,0.188921232131285,256.726295285862,1
0.00782573072604397,0.00194326782612035,0.245565318223127,-0.0141646483631301,314.024777365564,0.0451151554511625,1.66029406133053,5000.04884907822,1
0.0459306481445503,0.00903448264596077,0.598388828437445,0.216324543522717,465.245633925403,0.0425429389689299,0.667245635038771,1371.84645780635,1
0.00965762483095436,0.00283718714365608,0.0535742111835125,0.309002981716198,91.241064015997,0.093074727023549,2.92935350009385,5000.04884907822,1
0.00949198004245226,0.00142513855427624,0.0765688834147989,0.376221893759512,107.116215756537,0.0880422861555921,2.97140623104014,4948.43687939399,1
0.0123301543721499,0.00622766897898641,-0.0320153779401934,2.0545872286544,121.095596591318,0.0568015371601785,3.41846166413775,5000.04884907822,1
0.0102741813509527,0.00190784283671643,0.0449184089381868,1.94877694675668,123.680695315664,0.0414030154302307,3.0619511652309,5000.04884907822,1
0.0320521015638692,0.0109204379734553,0.528895778848273,0.437367338364261,900.250525709533,0.105037814478997,2.38511777230552,4608.24316163714,1
0.0478917568958104,0.00628611534740709,0.582084255159772,-0.374913463654518,455.087167603582,0.0214817768661349,0.536193439675045,1205.92785811394,1
0.0101546277398693,0.00120466978237161,0.0846899154350322,0.459658583558526,134.148501772767,0.0586219149750461,2.58987410876107,4920.50831055114,1
0.0442940888190551,0.00495327275098019,0.682919220054758,-0.893384536268139,966.298100758829,0.031827170892803,1.29098107285039,3376.02320269125,1
0.045856573512211,0.0068122474053601,0.613517610222541,-0.4083761922061,741.029681636906,0.0400881626749467,1.18770690444979,2833.80101982983,1
0.0377828194511775,0.0084015169429467,0.594829608014035,-0.356167311475403,1031.22203555492,0.0774834659213192,2.28492680527033,4342.8859350942,1
0.0562536592526526,0.00683511760501164,0.586939797946079,0.274726244042836,703.062193986938,0.0264612256929674,0.862121121688636,2309.77718238265,1
0.0271827818451502,0.00277731628627895,0.509485622764783,-0.689220269645563,217.546922435789,0.0221440840709063,0.356868727389391,732.195996696866,1
0.0129930419139928,0.00749938563701609,-0.00234232029365644,1.97654273645303,158.136744939186,0.112883154982875,3.56278617756804,5000.04884907822,1
0.0165875240745558,0.00531148788357495,0.3427478275346,-0.239804789212774,453.338350611128,0.0611335899411628,1.66815609668581,4928.56899661918,1
0.00952911267130856,0.00127947832545431,0.050159484439678,1.46972990767213,114.357488682767,0.0407198594631252,3.3974242284526,5000.04884907822,1
0.0207908926130096,0.0011902391396991,0.457075967722575,0.0446839908000446,58.0136405461719,0.0360214820414085,0.18113131380405,277.070175843294,1
0.0160298882979448,0.0067599736933727,0.315739009965663,-0.333482568593639,419.398542795148,0.0644796822791613,1.59365065892121,4855.08181164019,1
0.0299516931038835,0.0115344434078768,0.435367254957286,-0.212165037482807,666.227799925877,0.0529161766290604,1.41277068899086,4775.50802007966,1
0.0183477663046274,0.013330140198876,-0.0669883127032274,1.76495062474128,154.404097692865,0.118800439250554,3.89459580589709,5000.04884907822,1
0.0481901173256386,0.00438679587549067,0.651647704261691,-0.648605207159591,977.351572644297,0.0284668619603992,1.26716665262069,3674.23275018984,1
0.0205927699550841,0.00192580319793129,0.440410548562586,-0.688629083126542,694.69237850995,0.0401486712808124,1.81598998371251,5000.04884907822,1
0.0141129594074837,0.00655411321643752,0.0634857193146351,1.38375557700151,156.271591548523,0.0983852431306275,2.5754376840392,4916.63505336152,1
0.0222031816128108,0.0055031648802501,0.403418103983521,-0.504653169400127,597.252847736808,0.0278992935967622,1.60178678819617,4940.76341480087,1
0.0136999367168883,0.00695574224037914,0.34477653362599,-0.659868719119466,379.210260442511,0.0783883693226217,1.57632626042582,5000.04884907822,1
0.00952004734088988,0.00355444315037768,0.281545127105656,-0.0713810389949239,328.114731722837,0.0465166901611193,1.72590996157586,5000.04884907822,1
0.0281256703445965,0.0024234181957551,0.483989146669695,-0.294661232134706,215.403165175136,0.0214817768661349,0.236819980787242,507.253781736962,1
0.0305477386515809,0.00524202887611174,0.55512825766828,0.0262961424399401,227.899868082648,0.0338969068234015,0.357897895905652,723.042683351211,1
0.0463236407290826,0.00652042540757041,0.653025618000807,-0.260919569810194,875.094690629267,0.0362395368125831,1.03961376300916,2910.61432248514,1
0.0430820032046433,0.00670098473969117,0.629451641565543,-0.620789486366149,507.507698834266,0.0233030846875151,0.554158249347451,1358.17008789575,1
0.0191847136804927,0.00449967777608047,0.352874027551598,-0.0589740567733342,58.1450724247056,0.0214817768661349,0.140601697739805,-113.671721860859,1
0.00925468736561688,0.00269898930923412,0.224197844330937,-0.0425657109613451,325.769867456531,0.052685325810407,1.80605293091189,4894.79021138593,1
0.0135428572264306,0.00474408708786998,0.0456700071253401,1.57348601569547,146.519736402906,0.0665654389108116,2.12585068807932,5000.04884907822,1
0.0446713108961505,0.00767288448760869,0.704408691330527,-0.223108398603827,855.384937309056,0.035308034531059,0.867373115026375,2622.50457874957,1
0.0399138225009017,0.00904912948484987,0.617342607864645,0.0307273961367342,395.288080508598,0.036646950496345,0.52115371997098,999.977936973757,1
0.0141110763824413,0.00724226585114026,-0.00431126885533978,1.81725735693047,133.795601059974,0.103281595716652,2.62393729419348,5000.04884907822,1
0.0477721010663602,0.0107391976670341,0.585444848772209,0.645990608797263,940.320493167107,0.0806042334818531,1.8925155724973,3440.48746194816,1
0.0384644869134041,0.00673652871333895,0.766204605620441,-0.978658754608439,1160.1314818179,0.0277768636505135,1.31109749564957,3814.48723091656,1
0.0225100698741361,0.000353928096020942,0.447524094832861,-0.5404106787442,68.9916267664341,0.028322829077453,0.145731477743036,321.862212372573,1
0.0230034447716104,0.00317290658446266,0.374750773578245,0.192399617839131,95.4938069036516,0.0238247743325149,0.140601697739805,58.1266689992017,1
0.0459171445328854,0.00894191130122588,0.636314204309556,0.141240866706162,733.44082322393,0.0514477688073718,0.998492476977865,2226.97313635669,1
0.00713771148666445,0.00116935777599036,0.222952638014758,-0.400471192774024,302.903790102136,0.0385827991647981,1.64481822184986,5000.04884907822,1
0.0211809231880948,0.00709549245966583,0.394377066917992,-0.142212896512507,546.518644789992,0.072677903275162,1.65817559700646,4633.45041251748,1
0.041600787703733,0.00893801607854256,0.544984848279222,0.185785365664733,933.265843999439,0.0779237344168021,2.0948514572178,4212.47910721216,1
0.00895856662803161,0.00270200166024955,0.145152728308168,0.429529046226966,198.789477463082,0.0787335056772409,2.42353478770058,4963.21581592134,1
0.0215852496605481,0.000485342968708849,0.418036394142894,0.0984506405044241,-20.1660019338201,0.0361428387887674,0.140601697739805,379.188014746113,1
0.0566263246287324,0.0066955415599712,0.584838568911139,0.641400145500858,409.947735938636,0.0427445727902193,0.678469313577829,1493.32373064341,1
0.0459003921376697,0.00883327544809465,0.624493576447255,0.111247611104843,391.544443605458,0.0347219746568911,0.536043626481539,1111.58316978834,1
0.0144930697746198,0.00905397976645606,-0.0605252186710478,1.73078751642455,119.594270831057,0.0833798160226436,3.84203160009047,5000.04884907822,1
0.0512164897792492,0.00798549618376183,0.632363025083231,0.585338125234057,934.902882294411,0.047475532931239,1.13019774239765,2886.73236569682,1
0.0121645206721639,0.00510714712203696,0.254370710854829,-0.1051662964416,337.54029065856,0.0619068487026208,1.72948422853221,4969.21461093167,1
0.0584192705297414,0.00534671675657471,0.601317337987894,0.414750951899593,522.020960328491,0.0359033462409223,0.66114686449349,1543.91216120744,1
0.0378481444918792,0.00777668361091408,0.675984782158215,-0.351357756484961,1155.68152688957,0.0478350471553727,1.40904007541266,4316.63055873069,1
0.0315019271741996,0.00646701155194318,0.50835408510964,0.530068833945577,229.122424710288,0.0429200554194581,0.344160963527097,587.793099029144,1
0.00752573858835828,0.0036970317227578,0.187090064060307,-0.630234721671459,228.039562401912,0.0907180027138242,1.92691219391776,5000.04884907822,1
0.00882436201013391,0.00105409167867963,0.168108744975535,0.932207272516191,262.66322309094,0.0476626356282812,2.26153056385727,4885.24618107511,1
0.0331632581131651,0.00495178685801931,0.474992604106546,-0.247154780742413,725.655272221653,0.0270405008350873,1.68351292124239,4849.16407212559,1
0.0217007346099053,0.00356188567452922,0.38466560681769,0.226649817276788,103.170921216407,0.0294242438126512,0.150242153446927,42.1460556597976,1
0.0307253156402261,0.00462282401623431,0.468165547096664,-0.39745909203838,712.746407623915,0.0214817768661349,1.48423146048054,4782.60119706291,1
0.0393673696635146,0.00721658992712033,0.542288667012497,-0.365055966088444,371.715283508749,0.0214817768661349,0.399529611471787,745.089488487823,1
0.0262104684472433,0.00148967329732457,0.497216971724888,-0.789826095114172,828.226387879449,0.0383557558580104,1.68140005788629,4760.23737196267,1
0.0469358540055905,0.00610453971334471,0.659458000415895,-0.446354667541088,770.665365116141,0.0391756191376448,1.1763938767913,3039.59301640843,1
0.0108674763820357,0.00113153744963657,0.119604555497848,0.776156450999308,184.9916917473,0.0559766588443064,2.49937775872058,4878.24510344227,1
0.020036918791193,0.00266983644876649,0.376278976582292,-0.160183591726114,24.2037183763151,0.0255553686756242,0.140601697739805,-40.8148008280286,1
0.00895785425962529,0.00270533108661599,0.170567048188741,-0.655907851160159,179.153500558227,0.0790648880808429,2.20742821244804,5000.04884907822,1
0.0247468505625938,0.00146270595185528,0.416511340119973,-0.296350918313611,128.69393378453,0.0240965447661715,0.225018555194927,148.285389515326,1
0.0227521039160817,0.00712454486541242,0.422866321106797,-0.307739999471045,619.739826607071,0.0254874209360029,1.69908802144111,4926.01942515719,1
0.0106472621405231,0.000749774592958073,0.243504892909925,-0.866821191202312,241.810911445097,0.0563977794093878,1.99259811463746,5000.04884907822,1
0.0099916672214363,0.000988646375655709,0.0724886188879932,1.17183929196745,123.825602702037,0.0472865447125669,2.78427571360913,5000.04884907822,1
0.01482543068276,0.00775497375774776,-0.0247607386011689,1.26720875783702,111.593434335223,0.113816981410925,2.97623028901985,5000.04884907822,1
0.0450437356263309,0.00892034087194125,0.61462625954147,0.091290795585917,366.988456799357,0.0326437188190958,0.484248250677457,992.670633374986,1
0.0388648733733957,0.00797725423812324,0.615229792335173,-0.351614341605266,562.031520677232,0.0396643982669864,0.781035571898636,1431.25676460061,1
0.00902139175681352,0.00348008118164051,0.150389037477523,-0.262543537516788,199.765893639039,0.0881115435352766,2.4773442580457,4820.50747985403,1
0.0231474360738536,0.00144646164921711,0.429198432173493,-0.079484182097771,72.538738804812,0.0267186493764364,0.180034656513615,259.090073727576,1
0.0119413035408343,0.00520003055603313,0.25054437998761,-0.383753939615951,375.817814530475,0.0463199725579715,1.53802872948144,4949.60454394471,1
0.0489681321804785,0.00916077467837536,0.600267934984487,0.340646093251123,994.306543126032,0.0639389680276473,1.65668192403025,3736.49708420339,1
0.0322412871028768,0.0072475515297555,0.608502262897724,0.11072253239368,335.044726550397,0.036460960443337,0.40807138590806,761.687194182137,1
0.0305625238889158,0.00642139324679706,0.618845700202065,-0.724862901225866,515.510824663919,0.0324593144270891,0.563262425112285,1054.58980357751,1
0.00949992766949299,0.00209944629494055,0.105717826546102,-0.295315306653026,119.346882267343,0.0862127847765998,2.75352109808407,5000.04884907822,1
0.00839958550905229,0.000936573426390147,0.245324757041171,-0.45585803084933,343.488004578514,0.0302533923017431,1.69551522555868,5000.04884907822,1
0.00833834930505841,0.00229636367717556,0.233035982203423,-0.532118945517661,242.42004330366,0.0648881622698782,1.62906681041437,5000.04884907822,1
0.0493813808974954,0.00644420121469456,0.669574716905498,-0.539349359132056,1154.69773928379,0.0539952618560432,1.8559160647144,4342.17058461926,1
0.00938721634277068,0.00403196200136369,0.253068428515724,-0.512139080429726,343.558739907787,0.0603797294271541,1.46575151967615,4874.45240741142,1
0.0428953294648806,0.00765643465511305,0.594305714597848,-0.286486122551511,415.819945762685,0.0306500301602112,0.563517843556631,1048.38488758583,1
0.0348995304172166,0.00822836930711461,0.60834437081125,-0.448326151276234,995.598761754786,0.0693461595030058,1.73696892351255,4928.02172259984,1
0.0274097329109858,0.0027181788383695,0.424733680256685,-0.531470657024593,656.315103960246,0.0214817768661349,1.34911773875135,4802.88159205194,1
0.0535737699327317,0.00723007424394973,0.583549939630387,0.508943594512753,713.906105322684,0.0479699048689897,1.08742557280772,2482.58506891406,1
0.0289946923146971,0.00467983917921101,0.576450887845614,-0.498796640449024,423.207399884444,0.0304799500134317,0.426726607039901,716.466511913699,1
0.0252228497464839,0.00319243568612035,0.40640993240294,0.410023833476918,156.877072790446,0.0298436245424363,0.140601697739805,451.718143209885,1
0.0472302497039379,0.00826590256508357,0.585482421986882,-0.0311280984711331,453.49576626465,0.0366513613555168,0.707603733705191,1409.26489118208,1
0.00959369069429406,0.00287196834336491,0.0976408583667477,0.768660419076846,165.688031602792,0.0898886603665511,2.85598878461245,4853.40895374588,1
0.041492333740383,0.002010298740421,0.528476221306259,-0.517445709589663,858.467735939628,0.0214817768661349,1.35258336685461,4742.5019664693,1
0.0488497282113125,0.0100998771040606,0.590967319104284,0.505766208623545,869.558161792005,0.0752040286880241,1.83126492375166,3547.6306919109,1
0.0577093042246318,0.00404113335741904,0.643852315065218,-0.597617149613514,847.974097394252,0.0291427194454965,1.20362952966981,3118.96021837491,1
0.0123110888308782,0.00865338433916537,0.319476514602347,-0.722881850568383,356.229904452299,0.0857359618963409,1.42895742714728,5000.04884907822,1
0.00962687372515735,0.00137692963616008,0.0986181449071307,-0.251908345849521,116.076492360711,0.0828386667356834,2.5648808268723,5000.04884907822,1
0.0472020025407707,0.00422960215728322,0.71541324858599,-0.938958877332662,1075.31014722353,0.0214817768661349,1.21134216237552,3526.31787642112,1
0.00972031667136668,0.00180374359964374,0.105064181233195,0.385760595072715,168.277768126238,0.0748489345495673,2.57350702037667,4842.82292617979,1
0.0166714208782757,0.0103122663936495,0.00269123569787061,1.87202339670911,172.658248522436,0.106693878964899,3.08871916049486,5000.04884907822,1
0.0352320599307914,0.00800492660657893,0.609878894088747,0.00389108892069057,395.839375752213,0.0421237167513397,0.535465751483348,947.169319288535,1
0.0458606186729566,0.00642559375299663,0.682976304677724,-0.47544192664111,802.102113400817,0.0302202591239253,0.923523761639734,2649.16853714982,1
0.0104831327580956,0.00458371191801391,0.00257112272966187,2.34716870259032,134.803315259894,0.0474699841274849,3.54131552873236,5000.04884907822,1
0.0102857204659748,0.00569561325490173,-0.0549427500496254,2.24616370686196,106.231209332221,0.0715582332289481,3.72612792729091,5000.04884907822,1
0.0172334666573856,0.00890415675532056,0.318099474904705,-0.25211903855365,425.362943467143,0.0765580305158323,1.56300314659931,4912.04192522104,1
0.0260535188553298,0.00291500276661347,0.544636968906876,-0.77184195768608,374.014689088737,0.0249847896678921,0.35033211338732,647.918247726637,1
0.0103112496153352,0.00161183473745638,0.106715261370975,0.129574940200958,142.614314413407,0.0688632968672384,2.55497834614064,4952.65305442469,1
0.0534868574098172,0.00160243001401372,0.622005537559685,-0.635447953305377,1114.11133608416,0.0281774396244827,1.52247015668464,4548.28506479151,1
0.0404539276113615,0.00800251739287498,0.750074709104953,-0.24654310924456,1129.89865082321,0.0428442864393513,1.25308349247912,3948.49503630565,1
0.0540802552307488,0.0067137667506486,0.619401801918385,0.539072768635155,732.705183241102,0.0420015242232266,0.901580727710638,2260.01408159149,1
0.0255923880101071,0.00973692433431385,0.39173973886328,-0.421635366479033,596.024209992575,0.0515395797470065,1.34696132644625,4780.89405679902,1
0.00876840097234349,0.00144219837437628,0.143839312543756,-0.882149154274301,177.827310804198,0.0634499435931233,2.07605436185024,5000.04884907822,1
0.0379420603429905,0.0100038880443546,0.618010126883046,0.132454666414735,473.736554619426,0.0500781154113353,0.675079403230464,1215.4207444482,1
0.0150840708252152,0.0090911596415302,-0.042173293176903,1.96369084396532,129.073195743373,0.105141952560517,2.83853966669539,5000.04884907822,1
0.00850860028539323,0.00257502381615894,0.202250641919074,0.035729184401267,311.041396626122,0.0544204176711591,1.81520888204912,4918.97825926591,1
0.00810401339244031,0.00131224611701679,0.182282140283139,-0.00201251465109314,252.137360380954,0.0509364087317378,1.62443280861864,4982.59883780487,1
0.00736332388205639,0.00202533918380827,0.173067803723683,0.00685505454373758,216.611717179998,0.0618011574188198,1.86457315661744,5000.04884907822,1
0.014010848157352,0.00684399332282811,0.376934354300568,-0.677756778103594,479.677309300095,0.0532764272729713,1.4733705467264,5000.04884907822,1
0.0209519804141481,0.00326040956456537,0.38102376645134,-0.0268158943551228,98.241179870297,0.0223502103445394,0.140601697739805,-108.160915336262,1
0.0592432733538407,0.00591686900892074,0.60748543662818,0.353718665562743,439.995197861187,0.0352962721308707,0.648449913752085,1593.71552687767,1
0.00931159865372801,0.00640953974010295,0.255755327815554,-0.231389606989123,322.6042031882,0.0715132690154155,1.49832564809126,5000.04884907822,1
0.0278706114018013,0.00511606914104147,0.487018671172098,-0.240069138676334,816.918035014948,0.0726840580057696,2.0989533810739,5000.04884907822,1
0.00971846348511188,0.000768850611555818,0.0506727783244342,1.30594415982026,118.786244639364,0.0618839195904806,3.06818258873878,4922.21962206947,1
0.0388545227234222,0.00748298124026051,0.609151561291852,-0.00171564183510431,320.446617664447,0.029957387192485,0.422900924092242,780.291181175414,1
0.0497042568386307,0.00721741272221819,0.591653322544448,0.0134108469074684,636.550675202916,0.0396393933257706,0.926707001638029,1942.83786707475,1
0.0460427531671804,0.00727967792952683,0.607623022803562,-0.297749384240114,813.65178133044,0.0474495364904032,1.39118699411884,3014.35037433493,1
0.0112566075639232,0.00819632569770893,0.277997947135304,-0.506012496476194,357.139379491119,0.0717941477208094,1.33660179040702,4990.98849196883,1
0.0491842028789158,0.00673470850733763,0.582067369509275,-0.312904130626358,260.332350741849,0.0214817768661349,0.435061638233211,1287.36951449938,1
0.0410128877155775,0.00637728792708901,0.573302460877137,-0.491521839471983,952.472565639418,0.0495171916606292,1.59720874070795,4887.18763762116,1
0.0312748683825968,0.00491028595095113,0.51011843224044,0.197421177630281,252.063051319737,0.0298614583577515,0.327558671520822,538.319770706124,1
0.0426254622443611,0.0117677506733894,0.556527491337385,0.618075944548465,966.110093004114,0.105912371791017,2.43801604703101,4075.24886283078,1
0.0582153491650595,0.0044824240699238,0.615102808736994,-0.395221663155697,1010.64004462929,0.0428666089747647,1.64584011119441,3936.94328897588,1
0.0130986867600949,0.00874312025291967,0.306610218567309,-0.661404418023051,348.654508375267,0.0877098210798553,1.50544769359268,5000.04884907822,1
0.0210995301803041,0.00288346394680172,0.367110883550542,0.0218379262545624,74.8881730397847,0.0239084117891602,0.140601697739805,-104.904785941594,1
0.00730484577217337,0.00105848832745595,0.200827698723549,-0.41542912970252,286.18505723593,0.0385607912123581,1.64133088437506,5000.04884907822,1
0.0575515233631121,0.00540853841782423,0.593463117707518,0.0369444017360494,775.798880098851,0.0257623595924809,0.900149554151008,2710.0572393121,1
0.04483018561319,0.00834612845613494,0.612259961913461,0.000786608888938278,656.450916541701,0.0464561124080023,0.945228842984217,1975.30218766476,1
0.0133031828693413,0.00691858176705442,-0.0298463435242048,2.41778330377002,134.933980173562,0.0891035434216316,2.75946508897696,5000.04884907822,1
0.0515172295428772,0.00839196249605803,0.582598313605306,0.585632359951651,382.153331785281,0.0469548711665618,0.672972331608043,1324.18505769853,1
0.0297047917272177,0.00824552790878604,0.437543087900819,-0.145326247638993,644.037160062543,0.0654833594932394,1.56650666354673,4695.13908188537,1
0.0412096889662908,0.00923606015751811,0.620775987025393,-0.0646320606084771,460.074743037459,0.0448311343213276,0.728799471461449,1437.15223459801,1
0.0216776913111294,0.00597277283094944,0.37454141849944,-0.22745291722414,537.345140754883,0.0614746918196158,1.48938600380944,4606.8576844342,1
0.0509478593160254,0.0071126615422481,0.606843251199022,-0.075732915593135,1068.22553379415,0.063858740180424,1.80203748437353,4333.63730242156,1
0.00814429365378709,0.00310955642570022,0.165510902683626,-0.893400566912966,188.810085927526,0.0784624867302815,2.14522615317198,5000.04884907822,1
0.0117091887025586,0.00482867126058324,0.246116446265836,0.0156528593150108,312.675926293771,0.0759052554059143,1.96860967896889,4982.20475683969,1
0.0363428322537947,0.00836600582994896,0.62756937891675,-0.101531993721195,566.272558597751,0.0351512410231968,0.613285637165171,1018.54217972735,1
0.0411745041371604,0.00952351197116269,0.621933777081722,0.423365772467604,409.880649601345,0.046061888915937,0.537629939224723,971.430875276283,1
0.0095009383957344,0.00128348229459478,0.0628487372926216,0.453498039653178,104.14900769934,0.0591858041736686,2.90282143572222,5000.04884907822,1
0.0452407200295344,0.00655630845989631,0.628328454762196,-0.272954345844343,1046.13843532983,0.0606272985549628,1.69480339345826,4614.38307415076,1
0.00887503020057235,0.00508312518806753,0.229965610122206,-0.447282494434477,294.371279369588,0.0734468282334812,1.35149777887592,4917.25661842199,1
0.0242135263773134,0.00253384106668253,0.529879016529133,0.106814847589193,301.345132874759,0.0470546603540865,0.273173096763109,361.511183845688,1
0.00962677524375076,0.00368776641711321,0.218298182323276,0.241524389933794,284.402844590011,0.0842064501096889,2.20174159793374,4916.60341645713,1
0.0525850769613912,0.00105149961679891,0.584866511834516,-0.812847937347691,1103.79644145279,0.0214817768661349,1.33715422624499,4221.5977044698,1
0.00993002671158853,0.00597826389139404,0.284092443899253,-0.796559450116187,300.314505032833,0.0917610876912714,1.52009095281201,5000.04884907822,1
0.00759861229096932,0.00146727243293602,0.213473440523481,-0.790118874466956,233.61450383714,0.0492301727278122,1.60881079542892,5000.04884907822,1
0.040900576631317,0.0083800921454746,0.606389599214462,-0.165360915651772,515.956729258119,0.034357012366205,0.607062204715521,1076.40969653854,1
0.0233880781253958,0.000837133851542271,0.43065975666069,-0.401373810669053,108.517906678734,0.0229052110614909,0.158927541012266,228.43608416474,1
0.0149790413805786,0.00795407404771948,0.0117463659910504,1.41760668675474,138.938403505849,0.116411030506552,2.6454141105476,5000.04884907822,1
0.0231432520275154,0.00153931351182813,0.427298267104228,0.132630979957567,47.1698496457362,0.0336209599136714,0.182596206667936,136.596392390199,1
0.0401562379924462,0.00754437525581661,0.650589138812966,-0.49507759573375,607.582839676381,0.0346724478207396,0.664099295985649,1486.20304058889,1
0.00897426418930529,0.00128344395644155,0.0797669647085107,0.391815193335102,147.912622179931,0.0914291404819708,3.10214500349603,4852.10341486987,1
0.0242028867123481,0.000938308105279629,0.417894309068848,-0.318048959525112,99.5675608794993,0.0214817768661349,0.140601697739805,307.171076924443,1
0.0215701326428631,0.0079363666609671,0.429265492590209,-0.120768268711428,628.456527970779,0.0803097737888817,1.82070802246095,4810.23730950174,1
0.0130648079998127,0.00688209120223251,-0.0232759021247381,1.03045024656083,97.9316341114102,0.108039635402752,3.34940768655584,5000.04884907822,1
0.0545503191433916,0.00831751393433191,0.599068608543704,0.815149136742807,766.627420685478,0.0541494252783235,1.16418870377966,2713.89354295758,1
0.05471218610715,0.00526639747057279,0.621559100413939,-0.336854304307657,1082.11164923976,0.0414773638388946,1.46632862131357,4502.0292448415,1
0.0159403503787348,0.00997242134008732,-0.0491390283446407,1.48174712644055,114.12133943151,0.117584766547811,3.24401813091802,5000.04884907822,1
0.0312714296917441,0.00569205857195954,0.558951298336479,-0.654659439563031,332.793272362926,0.0261601516716405,0.513535704978344,941.600781689215,1
0.0233444046887796,0.00270003886323434,0.619414012277186,-0.26099389900961,357.699182943765,0.039361217850057,0.317317579557226,575.134873866547,1
0.0357352307334979,0.00560766352763263,0.641250404606864,-0.919428796045335,686.612487908854,0.0321604182001,0.9357379079577,2097.70363195313,1
0.0138257411303935,0.00839859417606678,-0.0112809618712126,1.0832657843899,112.991019911636,0.129265659785493,2.95987193540302,5000.04884907822,1
0.0293673007873962,0.00726449271603919,0.662469242219006,0.068333053881291,403.979734731676,0.0439707582411242,0.416972571383945,869.140184815699,1
0.0398745908397853,0.00853252595640872,0.568773527298334,-0.189090381779018,358.569819591963,0.0347183264622505,0.713625442547123,1091.91238724734,1
0.0598808607948238,0.00385422812251638,0.606173471965715,-0.470082656391389,413.152728349341,0.0214817768661349,0.595967869601574,1768.41478943805,1
0.0134188647426414,0.00786587254838438,0.00198284331923132,1.38945608693743,124.863169561929,0.122944501455618,3.03598640091368,5000.04884907822,1
0.0342661174080178,0.000791836594373574,0.503816488859209,-0.450944237678789,804.84036642928,0.0375625242525663,1.66731984755386,4892.31023235641,1
0.00942100697229066,0.000930124744659587,0.160153118910966,0.648798366757416,236.599794513597,0.0487433872772437,2.27767511372703,5000.04884907822,1
0.0365218832147037,0.00896612679485445,0.549808534413039,-0.212272707127671,856.89026517176,0.0727474742250584,1.54993429548648,4742.99372558792,1
0.00849815055989324,0.00160245251307511,0.179635319658255,-0.383774896248521,208.668530429403,0.0668931707561527,2.03018861338675,5000.04884907822,1
0.0562131639331887,0.00646846936489398,0.591512540648099,0.135109528158522,541.050205499585,0.0336735924048039,0.793961683480691,1825.36322684006,1
0.0167661450032412,0.00881586278929703,0.0150204265574361,1.38097082865357,150.779007268222,0.127608798341467,2.59801650779903,5000.04884907822,1
0.0226427513059583,0.000564266088241377,0.480341037502081,-0.0423108734102597,66.0436132840921,0.0357874650938294,0.16331674471954,577.03842707137,1
0.011736173570622,0.00722320537885888,-0.0117429377413235,2.13877483586567,150.170445093996,0.0970404919612261,3.70792006859594,4982.03535293314,1
0.0439373294947031,0.0114979507252471,0.658116128697926,0.376950818297153,1172.16218642542,0.0924472249350489,2.11411130408987,4222.28769853295,1
0.00908174936273603,0.00316952852284921,0.166840617658983,-0.176137004533754,188.896719699746,0.0926139657549009,2.50445374064015,5000.04884907822,1
0.036060714002886,0.00864215972547933,0.5734362338685,0.142187048200538,247.881551709555,0.0434346380084916,0.533372283294447,1001.42124668561,1
0.0322889099140057,0.00727814936546478,0.531177763943616,0.524167265015622,179.835747377217,0.0429913136332413,0.391178917238617,772.007693605605,1
0.0292480718066354,0.0073009661741534,0.653471781898447,-0.237003120735513,415.486812340961,0.0444542812140538,0.542950212689697,1066.97824122092,1
0.0548503493721698,0.00431051893836314,0.647639350299478,-0.718194997811972,459.003537325794,0.0241816769480973,0.669912248744039,1930.64251579037,1
0.00886340858779614,0.00294328605024188,0.141281845195595,-0.423403628371716,167.088109956476,0.086130178377162,2.55309591452137,5000.04884907822,1
0.00980468464692604,0.00562553687275289,0.273498215920164,-0.667452442321993,296.920950202798,0.085804522760439,1.75919357472523,5000.04884907822,1
0.0431761851477735,0.00581070634066551,0.618965052953473,-0.695725908770512,709.178798074972,0.0367532570027473,1.12254620724752,2360.08950322492,1
0.00894073885267491,0.00406627385091814,0.192576744865735,0.0321039396172657,223.726096689198,0.0856949499485113,1.97141321912904,4873.68908541911,1
0.0533492426974483,0.00497470926860348,0.579562516808894,-0.422822242747248,480.738769442398,0.026399827469746,0.735302063211292,1883.61762406324,1
0.0100556505518562,0.000599889417163038,0.113796276645008,-0.623889718832625,112.787821649187,0.044886711341455,2.80355315091169,5000.04884907822,1
0.00948680076774889,0.00409358970549975,0.233330996819521,-0.427892382466032,239.609076098149,0.0874250253786002,2.12017829803801,5000.04884907822,1
0.0413024805999938,0.00540987413560811,0.676857077225895,-0.852699817501287,610.047402047548,0.0260030963967449,0.546494735006862,1563.42728825765,1
0.00846882202833417,0.00401605651899577,0.172685087608649,0.0491213000834121,199.371231627061,0.0822897401366675,2.32005303078311,5000.04884907822,1
0.00828688260797539,0.00140830298327067,0.185980205961709,-0.0255818565179028,225.351834286638,0.050780355514604,1.79120420894366,5000.04884907822,1
0.0442449543637756,0.00945876918677952,0.559479770841894,0.526164795378046,207.40790253922,0.0373361548455235,0.507987497809042,974.43654390947,1
0.0087642948554627,0.00139031615764337,0.189365058303232,-0.488649299363601,204.52634967982,0.0592842211517528,1.84579359846357,5000.04884907822,1
0.0229541595624219,0.00360180972202366,0.388506653950279,-0.333167125890562,613.42747841991,0.0445883884914245,1.50540800549969,4722.35155665385,1
0.0239136124096173,0.00232434255925264,0.449207663771809,0.308328994521887,54.021818438147,0.0402552276116362,0.282697605784484,389.58560755002,1
0.00939483495086907,0.00288039719856212,0.155153802998006,-0.64727245560534,177.543009145233,0.0746275472054985,1.78749601489233,5000.04884907822,1
0.0391605751130553,0.00843858014286577,0.538874761077869,0.14979020326788,356.269339388604,0.0442356935502442,0.804869694260451,858.342819711323,1
0.011015605167331,0.0057225048058458,-0.0410543525315014,2.42974830119503,117.822761295733,0.0686750577530087,3.50035101667157,5000.04884907822,1
0.0104813878166573,0.00231429093651665,0.0472500592882466,1.28026807550397,117.21937648041,0.0538267834572216,3.03476549415183,5000.04884907822,1
0.0232537015023843,0.00261046584396607,0.370071824664961,-0.367443295831567,91.448258785036,0.0214817768661349,0.140601697739805,191.604027504745,1
0.0435960701015488,0.00745326624707229,0.668997426327124,-0.242693908226692,570.866029396728,0.0347113608349999,0.553852204423077,1267.03623081649,1
0.0123094882799677,0.00508400857271873,-0.00422139134259158,1.63002855435255,119.597300462342,0.0522997155136442,3.06854399319964,5000.04884907822,1
0.0421732356040234,0.00528036697343194,0.618438266557602,-0.624373817452175,1135.00390993852,0.0476528903979885,1.51675429025408,4765.35626980104,1
0.0554954272144484,0.00176559715637851,0.594295347055452,-0.588607073143738,921.62773161871,0.0268146025515224,1.42034044806729,3942.71457428903,1
0.00854508907435179,0.0024749574037549,0.211240747006181,0.845323011570885,285.811350999241,0.0591282640816223,1.74658051116284,4987.96682680632,1
0.028126527426359,0.00606708329222627,0.633829429449092,-0.338202049333209,522.504826937728,0.0401888287488388,0.53378054744253,938.132726435137,1
0.0414324069172843,0.00893415132887212,0.616300356299985,-0.173452360721621,507.469789762358,0.0385487171106329,0.717906229170245,1314.51007785058,1
0.0100416006250559,0.00161400894114706,0.07634711352232,1.00940388474785,140.922755311521,0.0496881243228567,2.61703754969955,5000.04884907822,1
0.0100175370664564,0.00115173080736361,0.078478112516095,0.801694906100086,123.986292138662,0.050165100363801,2.66789699085142,5000.04884907822,1
0.0619636505964294,0.00850027125278525,0.649252157241207,0.0422405106388852,1211.42008177444,0.0560041668800983,1.55763157298997,3976.66534423282,1
0.00728633824032324,0.00337514940893099,0.229129299517765,-0.397915117054748,304.456587952659,0.0437871753922289,1.51610176049354,4981.37901734782,1
0.0481131193961982,0.00673489112026125,0.673173127380869,-0.396056817338483,1078.91427314615,0.042393373314495,1.44678470431287,3834.28860594533,1
0.00929886031237628,0.00221120246500953,0.0181507780967956,1.35642383359921,109.237975099909,0.0608766009305929,3.55172068357572,5000.04884907822,1
0.0267659052564419,0.00249775072497916,0.463921382499419,0.24636820882688,143.792698651738,0.0340443399797971,0.192970092721997,592.93699811874,1
0.00823307573878263,0.0014108993439573,0.175896124475751,0.197876049701977,242.802863248897,0.0514899997587207,1.93492102209692,5000.04884907822,1
0.0116662607730847,0.0069157434929251,-0.0602577911846796,2.35195289265405,117.038847608633,0.0668470278092705,3.77647601604608,5000.04884907822,1
0.0226501370202896,0.00129100166583472,0.396236061926835,-0.260435327936003,-15.476359911027,0.0259837438774116,0.140601697739805,279.672237124618,1
0.0415499275316832,0.00570229313431202,0.699467124321347,-0.696834719511646,1098.97904325687,0.0474238717723963,1.70947715476778,4448.17144309578,1
0.0159024689807438,0.00649363569587179,0.293781616828303,-0.174826688897928,436.919743153484,0.0658831485493448,1.71053422485101,4673.67751031265,1
0.0378479578071139,0.0110972681918695,0.590853260307702,0.217836910810997,1089.68176750064,0.102371098463346,2.36802457823536,4706.18374022564,1
0.0370376395713792,0.000353928096020942,0.511282396177607,-0.569751456169055,797.55099473229,0.0261488379619478,1.44972101396462,4754.49988118048,1
0.0238603128425637,0.000400526789467042,0.452812756071739,-0.2171084357778,121.409434056752,0.0335297985389307,0.232223353483477,166.017999569134,1
0.0121215931820377,0.00649071375921654,0.0173466562894161,0.902946252567707,106.37388213763,0.112289151387729,3.1681804386283,5000.04884907822,1
0.010092134845697,0.00410534035500201,-0.0273883622572073,1.68747703618046,87.0566692879432,0.064876747011961,3.27453989046298,5000.04884907822,1
0.0420786284197592,0.00484571855649926,0.570545250056901,-0.533684591790044,928.192744682293,0.0451067998601096,1.60310361208478,4053.64616615164,1
0.00978910103689167,0.00071387043633496,0.174528370869378,-0.297724569965936,202.96100392368,0.0576928709206596,2.16849343566533,5000.04884907822,1
0.0121386806756151,0.00278739679583827,0.0798581396701054,1.70524832354251,148.315411134883,0.0428976969824378,2.10190971879619,5000.04884907822,1
0.040926632799408,0.00578560679503694,0.708759986712315,-0.941597418872275,942.2496469342,0.0245290636467759,1.0335844249575,3163.17323640002,1
0.0117324773002446,0.00445382233177481,-0.0182543038841337,1.88107259832064,107.773202178966,0.068392988350454,2.62308698746411,5000.04884907822,1
0.0309025031847493,0.00492373104225272,0.560987605435572,-0.428186759955812,313.276017988301,0.0292897217347589,0.392328338933484,687.858175758339,1
0.0420121708233771,0.00777732292996504,0.624514621171842,-0.300203716502835,386.659196174309,0.0225273217006382,0.455212653049993,1005.16404817229,1
0.0120204176225783,0.00591374343121484,-0.0425452030981079,1.85520858955133,101.141204620139,0.0894757014321733,2.97690397955305,5000.04884907822,1
0.049628082027285,0.00699341788158739,0.592033506469051,-0.0626330711110402,844.430291910252,0.0370148958007235,1.22748290184941,2884.14921066379,1
0.0205328666198513,0.00209525638362282,0.392595255048837,0.249939081362191,-26.0148666492533,0.0377378659880438,0.140601697739805,28.17630635347,1
0.0445601454047497,0.00951524096117261,0.586827972610407,0.55786230887765,306.659018436307,0.0447581185695453,0.568744504681288,994.214232319458,1
0.0580602945718601,0.00708170219200782,0.664537241703295,0.0868656889090967,1075.51050853786,0.0469942622617292,1.28055853142192,3280.25978482439,1
0.0107984558001833,0.00114545395221244,0.113844279999697,0.526269577117333,170.249505621386,0.0522624697612104,2.65299534303825,4944.01378411399,1
0.0195500891616844,0.00415113893718309,0.355014252960106,-0.38696770204979,565.455143344732,0.0214817768661349,1.65578736051788,4947.83787125665,1
0.0201875210952015,0.00406332846610079,0.38535260655051,-0.265912573445902,544.774961513359,0.0483986665566109,1.81223416894278,5000.04884907822,1
0.0426050636579381,0.00786397928035648,0.680633115490062,-0.122132421895176,708.104456398017,0.0430692471598,0.741401643924801,1682.12343731414,1
0.0527466518377082,0.00652664567986159,0.649135391073773,0.365521784583441,741.271188516448,0.0372966781726253,0.795943301484468,2343.14779831116,1
0.0465509552053906,0.00752517768869418,0.66128412930582,0.272904490302237,761.744493761347,0.0466385464754779,0.832736583913361,2002.84994354947,1
0.0233385479192948,0.000353928096020942,0.467464214484265,-0.585330261142166,105.564390077788,0.030894567250505,0.269256450892446,315.961971556221,1
0.0455633077287851,0.00955662694024303,0.554210862028469,0.47518993897435,324.380963566566,0.0398733608989376,0.59319229889773,978.048980210735,1
0.0428458692054245,0.00731261108609942,0.641473634320644,-0.369237212033402,460.448355946496,0.0270968930914354,0.544017301586785,1215.25664250793,1
0.0105452437440685,0.00182341534952021,0.22302632750004,0.159839971218569,335.661910839854,0.0445727059450614,2.04102215351276,5000.04884907822,1
0.0417253891288825,0.00816986227777908,0.538656084899871,0.0224504710430821,249.60276954339,0.02553071947919,0.477003513379863,794.536525837794,1
0.00734811593826536,0.00201047684057832,0.176593466927285,0.0950215803610499,259.85492693316,0.0662420513328172,1.85833490187315,4806.99420726042,1
0.015443700361187,0.0067946866547823,0.285639609093675,0.126324145858968,380.823589666637,0.0770450455892413,2.00783245621991,4946.3164662514,1
0.0102478506807155,0.00330686518040842,0.0477920376205739,2.14607368842869,143.892012587702,0.0913629619150379,3.09316680387965,5000.04884907822,1
0.0354235070344894,0.0080447359339,0.684983968782402,-0.476857145322408,774.544475112727,0.0454697653019793,0.828886011135246,2017.37405731294,1
0.0351597664025396,0.0040752699216242,0.50936916051848,-0.361339988241298,849.166661745629,0.0560223559289456,2.02273949464411,4542.97948199466,1
0.035956677283666,0.0041370001275735,0.534744813689475,-0.614292318400456,895.149350333361,0.0402184980223425,1.63330398096044,4265.37726959725,1
0.00977559697221343,0.00144317375204492,0.0526686458416831,1.50941604996946,136.105819381631,0.0514349792381766,3.08570369869451,5000.04884907822,1
0.0506340475385963,0.00777947927818955,0.666297791281985,0.0567393185992098,1084.89767867481,0.0544985559141936,1.44869688338721,3810.73150396452,1
0.0487720099920446,0.000525218496527833,0.590251876873709,-0.699612975511149,990.104811779981,0.0214817768661349,1.32857479432121,4603.56813462734,1
0.0472492133738264,0.00688188666381789,0.702741365550364,-0.210097650680899,966.798747138267,0.0337031306529659,1.06039004176809,3072.58059088494,1
0.0500997874326424,0.00926559593490969,0.616171216065043,0.205585133562318,973.846231250275,0.0674417137311281,1.82143795453598,3777.90877446314,1
0.0103251653737113,0.00150957628877196,0.110452932598635,-0.430599031547287,95.0124849956665,0.0871852540657858,2.07530058993113,4991.78930959223,1
0.0103663825854105,0.000965573986173312,0.164882961835696,-0.0306066746067093,165.827750591403,0.0380621576809654,2.21425097924769,5000.04884907822,1
0.0135562429996586,0.00600192283989029,-0.011315940583305,1.69478455486762,125.707416822235,0.0716926451047271,2.71652089191794,5000.04884907822,1
0.0443955556741329,0.00510608521885319,0.70614393398871,-0.872923322600189,877.538362238669,0.0225241794300864,0.893428833897578,2774.80682228142,1
0.0200384719445428,0.00202650549639412,0.41969457763775,-0.413527442076463,127.013741295831,0.0268902287945739,0.217642271028008,30.9958206303809,1
0.00981681261882036,0.0012118140496904,0.0788040897607642,0.35399416651913,125.791051630414,0.0608740513909932,2.92239535415002,5000.04884907822,1
