WindDirection,WindSpeed,AirDensity,WindShear,B1Er1,B1Er2,B1Er3,B1Er4,B1Er5,B1Er6,B2Er1,B2Er2,B2Er3,B2Er4,B2Er5,B2Er6,B3Er1,B3Er2,B3Er3,B3Er4,B3Er5,B3Er6,Alpha,Style
-2.07,14.902,1.35312,0.2,0,0,0,0,0,0,0,0,0,0,0,0,0,0,0,0,0,0,0,1
14.73,24.978,1.16048,0.2,0,0,0,0,0,0,0,0,0,0,0,0,0,0,0,0,0,0,0,1
10.59,13.934,1.236,0.2,0,0,0,0,0,0,0,0,0,0,0,0,0,0,0,0,0,0,0,1
-3.75,3.99,1.29872,0.2,0,0,0,0,0,0,0,0,0,0,0,0,0,0,0,0,0,0,0,1
-6.87,19.39,1.27568,0.2,0,0,0,0,0,0,0,0,0,0,0,0,0,0,0,0,0,0,0,1
-7.47,22.338,1.31536,0.2,0,0,0,0,0,0,0,0,0,0,0,0,0,0,0,0,0,0,0,1
-7.29,13.89,1.33584,0.2,0,0,0,0,0,0,0,0,0,0,0,0,0,0,0,0,0,0,0,1
-12.99,16.838,1.3416,0.2,0,0,0,0,0,0,0,0,0,0,0,0,0,0,0,0,0,0,0,1
-10.41,19.126,1.29936,0.2,0,0,0,0,0,0,0,0,0,0,0,0,0,0,0,0,0,0,0,1
13.23,4.386,1.172,0.2,0,0,0,0,0,0,0,0,0,0,0,0,0,0,0,0,0,0,0,1
-0.75,8.962,1.14256,0.2,0,0,0,0,0,0,0,0,0,0,0,0,0,0,0,0,0,0,0,1
-13.71,18.862,1.30768,0.2,0,0,0,0,0,0,0,0,0,0,0,0,0,0,0,0,0,0,0,1
14.55,17.278,1.252,0.2,0,0,0,0,0,0,0,0,0,0,0,0,0,0,0,0,0,0,0,1
-3.51,4.034,1.10608,0.2,0,0,0,0,0,0,0,0,0,0,0,0,0,0,0,0,0,0,0,1
3.75,22.426,1.17072,0.2,0,0,0,0,0,0,0,0,0,0,0,0,0,0,0,0,0,0,0,1
13.47,8.874,1.26736,0.2,0,0,0,0,0,0,0,0,0,0,0,0,0,0,0,0,0,0,0,1
9.87,5.75,1.40944,0.2,0,0,0,0,0,0,0,0,0,0,0,0,0,0,0,0,0,0,0,1
-10.47,23.922,1.3064,0.2,0,0,0,0,0,0,0,0,0,0,0,0,0,0,0,0,0,0,0,1
-3.03,24.318,1.39856,0.2,0,0,0,0,0,0,0,0,0,0,0,0,0,0,0,0,0,0,0,1
1.71,11.25,1.41456,0.2,0,0,0,0,0,0,0,0,0,0,0,0,0,0,0,0,0,0,0,1
12.33,7.422,1.20528,0.2,0,0,0,0,0,0,0,0,0,0,0,0,0,0,0,0,0,0,0,1
14.67,21.942,1.11888,0.2,0,0,0,0,0,0,0,0,0,0,0,0,0,0,0,0,0,0,0,1
-5.91,5.046,1.3576,0.2,0,0,0,0,0,0,0,0,0,0,0,0,0,0,0,0,0,0,0,1
-12.87,13.67,1.25392,0.2,0,0,0,0,0,0,0,0,0,0,0,0,0,0,0,0,0,0,0,1
-5.85,22.206,1.19376,0.2,0,0,0,0,0,0,0,0,0,0,0,0,0,0,0,0,0,0,0,1
0.33,16.222,1.35952,0.2,0,0,0,0,0,0,0,0,0,0,0,0,0,0,0,0,0,0,0,1
7.71,4.826,1.25264,0.2,0,0,0,0,0,0,0,0,0,0,0,0,0,0,0,0,0,0,0,1
7.59,17.014,1.3608,0.2,0,0,0,0,0,0,0,0,0,0,0,0,0,0,0,0,0,0,0,1
-0.15,8.214,1.41072,0.2,0,0,0,0,0,0,0,0,0,0,0,0,0,0,0,0,0,0,0,1
-1.35,18.07,1.3704,0.2,0,0,0,0,0,0,0,0,0,0,0,0,0,0,0,0,0,0,0,1
-1.89,20.49,1.22448,0.2,0,0,0,0,0,0,0,0,0,0,0,0,0,0,0,0,0,0,0,1
-12.63,19.83,1.36912,0.2,0,0,0,0,0,0,0,0,0,0,0,0,0,0,0,0,0,0,0,1
-12.03,16.706,1.13552,0.2,0,0,0,0,0,0,0,0,0,0,0,0,0,0,0,0,0,0,0,1
3.33,8.302,1.19824,0.2,0,0,0,0,0,0,0,0,0,0,0,0,0,0,0,0,0,0,0,1
6.87,14.814,1.1624,0.2,0,0,0,0,0,0,0,0,0,0,0,0,0,0,0,0,0,0,0,1
-2.67,21.678,1.25904,0.2,0,0,0,0,0,0,0,0,0,0,0,0,0,0,0,0,0,0,0,1
11.91,16.31,1.15984,0.2,0,0,0,0,0,0,0,0,0,0,0,0,0,0,0,0,0,0,0,1
0.15,14.154,1.35056,0.2,0,0,0,0,0,0,0,0,0,0,0,0,0,0,0,0,0,0,0,1
-4.71,13.758,1.27824,0.2,0,0,0,0,0,0,0,0,0,0,0,0,0,0,0,0,0,0,0,1
-13.11,7.026,1.40048,0.2,0,0,0,0,0,0,0,0,0,0,0,0,0,0,0,0,0,0,0,1
-11.07,5.97,1.12784,0.2,0,0,0,0,0,0,0,0,0,0,0,0,0,0,0,0,0,0,0,1
-6.33,22.778,1.33904,0.2,0,0,0,0,0,0,0,0,0,0,0,0,0,0,0,0,0,0,0,1
11.01,24.67,1.25776,0.2,0,0,0,0,0,0,0,0,0,0,0,0,0,0,0,0,0,0,0,1
4.83,11.162,1.35376,0.2,0,0,0,0,0,0,0,0,0,0,0,0,0,0,0,0,0,0,0,1
14.97,22.954,1.40496,0.2,0,0,0,0,0,0,0,0,0,0,0,0,0,0,0,0,0,0,0,1
8.79,13.846,1.41776,0.2,0,0,0,0,0,0,0,0,0,0,0,0,0,0,0,0,0,0,0,1
-14.37,14.506,1.17136,0.2,0,0,0,0,0,0,0,0,0,0,0,0,0,0,0,0,0,0,0,1
2.13,21.766,1.3288,0.2,0,0,0,0,0,0,0,0,0,0,0,0,0,0,0,0,0,0,0,1
-14.73,6.894,1.40112,0.2,0,0,0,0,0,0,0,0,0,0,0,0,0,0,0,0,0,0,0,1
-12.45,4.43,1.14832,0.2,0,0,0,0,0,0,0,0,0,0,0,0,0,0,0,0,0,0,0,1
-13.83,5.662,1.40368,0.2,0,0,0,0,0,0,0,0,0,0,0,0,0,0,0,0,0,0,0,1
-0.33,4.298,1.30704,0.2,0,0,0,0,0,0,0,0,0,0,0,0,0,0,0,0,0,0,0,1
-8.19,18.642,1.15792,0.2,0,0,0,0,0,0,0,0,0,0,0,0,0,0,0,0,0,0,0,1
0.450000000000001,15.034,1.3672,0.2,0,0,0,0,0,0,0,0,0,0,0,0,0,0,0,0,0,0,0,1
-7.71,10.942,1.12656,0.2,0,0,0,0,0,0,0,0,0,0,0,0,0,0,0,0,0,0,0,1
-3.27,21.546,1.2104,0.2,0,0,0,0,0,0,0,0,0,0,0,0,0,0,0,0,0,0,0,1
-10.89,10.81,1.32432,0.2,0,0,0,0,0,0,0,0,0,0,0,0,0,0,0,0,0,0,0,1
5.31,3.11,1.284,0.2,0,0,0,0,0,0,0,0,0,0,0,0,0,0,0,0,0,0,0,1
-11.85,21.062,1.18416,0.2,0,0,0,0,0,0,0,0,0,0,0,0,0,0,0,0,0,0,0,1
13.59,20.578,1.1688,0.2,0,0,0,0,0,0,0,0,0,0,0,0,0,0,0,0,0,0,0,1
-9.21,23.57,1.39664,0.2,0,0,0,0,0,0,0,0,0,0,0,0,0,0,0,0,0,0,0,1
7.05,21.502,1.24176,0.2,0,0,0,0,0,0,0,0,0,0,0,0,0,0,0,0,0,0,0,1
9.57,21.37,1.15024,0.2,0,0,0,0,0,0,0,0,0,0,0,0,0,0,0,0,0,0,0,1
-10.35,23.042,1.27696,0.2,0,0,0,0,0,0,0,0,0,0,0,0,0,0,0,0,0,0,0,1
8.85,11.734,1.39024,0.2,0,0,0,0,0,0,0,0,0,0,0,0,0,0,0,0,0,0,0,1
11.79,14.066,1.19312,0.2,0,0,0,0,0,0,0,0,0,0,0,0,0,0,0,0,0,0,0,1
-3.15,18.994,1.396,0.2,0,0,0,0,0,0,0,0,0,0,0,0,0,0,0,0,0,0,0,1
0.81,13.362,1.2008,0.2,0,0,0,0,0,0,0,0,0,0,0,0,0,0,0,0,0,0,0,1
-8.55,24.582,1.1784,0.2,0,0,0,0,0,0,0,0,0,0,0,0,0,0,0,0,0,0,0,1
7.11,6.982,1.25648,0.2,0,0,0,0,0,0,0,0,0,0,0,0,0,0,0,0,0,0,0,1
-7.53,4.738,1.37104,0.2,0,0,0,0,0,0,0,0,0,0,0,0,0,0,0,0,0,0,0,1
7.17,10.194,1.26864,0.2,0,0,0,0,0,0,0,0,0,0,0,0,0,0,0,0,0,0,0,1
-0.930000000000001,9.622,1.21936,0.2,0,0,0,0,0,0,0,0,0,0,0,0,0,0,0,0,0,0,0,1
-1.05,3.858,1.13616,0.2,0,0,0,0,0,0,0,0,0,0,0,0,0,0,0,0,0,0,0,1
-14.25,17.982,1.33008,0.2,0,0,0,0,0,0,0,0,0,0,0,0,0,0,0,0,0,0,0,1
-8.01,17.894,1.33648,0.2,0,0,0,0,0,0,0,0,0,0,0,0,0,0,0,0,0,0,0,1
-4.41,8.258,1.11376,0.2,0,0,0,0,0,0,0,0,0,0,0,0,0,0,0,0,0,0,0,1
13.89,23.13,1.33328,0.2,0,0,0,0,0,0,0,0,0,0,0,0,0,0,0,0,0,0,0,1
10.83,14.286,1.1144,0.2,0,0,0,0,0,0,0,0,0,0,0,0,0,0,0,0,0,0,0,1
3.27,10.238,1.21744,0.2,0,0,0,0,0,0,0,0,0,0,0,0,0,0,0,0,0,0,0,1
-3.09,18.29,1.19056,0.2,0,0,0,0,0,0,0,0,0,0,0,0,0,0,0,0,0,0,0,1
-10.65,22.47,1.32496,0.2,0,0,0,0,0,0,0,0,0,0,0,0,0,0,0,0,0,0,0,1
-7.95,12.702,1.16432,0.2,0,0,0,0,0,0,0,0,0,0,0,0,0,0,0,0,0,0,0,1
2.43,11.602,1.34288,0.2,0,0,0,0,0,0,0,0,0,0,0,0,0,0,0,0,0,0,0,1
-13.47,3.506,1.25968,0.2,0,0,0,0,0,0,0,0,0,0,0,0,0,0,0,0,0,0,0,1
10.29,15.738,1.22064,0.2,0,0,0,0,0,0,0,0,0,0,0,0,0,0,0,0,0,0,0,1
-8.37,24.23,1.13168,0.2,0,0,0,0,0,0,0,0,0,0,0,0,0,0,0,0,0,0,0,1
-6.15,15.254,1.268,0.2,0,0,0,0,0,0,0,0,0,0,0,0,0,0,0,0,0,0,0,1
-5.49,20.71,1.30832,0.2,0,0,0,0,0,0,0,0,0,0,0,0,0,0,0,0,0,0,0,1
-14.61,3.594,1.2168,0.2,0,0,0,0,0,0,0,0,0,0,0,0,0,0,0,0,0,0,0,1
-9.15,20.666,1.26992,0.2,0,0,0,0,0,0,0,0,0,0,0,0,0,0,0,0,0,0,0,1
2.61,20.622,1.2904,0.2,0,0,0,0,0,0,0,0,0,0,0,0,0,0,0,0,0,0,0,1
7.41,23.394,1.35632,0.2,0,0,0,0,0,0,0,0,0,0,0,0,0,0,0,0,0,0,0,1
-0.390000000000001,22.514,1.36272,0.2,0,0,0,0,0,0,0,0,0,0,0,0,0,0,0,0,0,0,0,1
1.77,10.106,1.38512,0.2,0,0,0,0,0,0,0,0,0,0,0,0,0,0,0,0,0,0,0,1
9.21,10.898,1.38128,0.2,0,0,0,0,0,0,0,0,0,0,0,0,0,0,0,0,0,0,0,1
12.09,9.93,1.27312,0.2,0,0,0,0,0,0,0,0,0,0,0,0,0,0,0,0,0,0,0,1
-4.83,17.498,1.21104,0.2,0,0,0,0,0,0,0,0,0,0,0,0,0,0,0,0,0,0,0,1
6.09,24.758,1.16176,0.2,0,0,0,0,0,0,0,0,0,0,0,0,0,0,0,0,0,0,0,1
-5.61,23.526,1.10096,0.2,0,0,0,0,0,0,0,0,0,0,0,0,0,0,0,0,0,0,0,1
-7.59,3.418,1.36016,0.2,0.0196123701062424,0.0587043610026265,0.0870844438739055,0.131314225243393,0.162261797047413,0.233508580761715,0.0196123701062424,0.0587043610026265,0.0870844438739055,0.131314225243393,0.162261797047413,0.233508580761715,0.0196123701062424,0.0587043610026265,0.0870844438739055,0.131314225243393,0.162261797047413,0.233508580761715,0.25,1
-6.63,10.678,1.30896,0.2,0.0221382087334576,0.0620718431515983,0.0996261967437202,0.148345529773499,0.185917695955361,0.233656017900783,0.0221382087334576,0.0620718431515983,0.0996261967437202,0.148345529773499,0.185917695955361,0.233656017900783,0.0221382087334576,0.0620718431515983,0.0996261967437202,0.148345529773499,0.185917695955361,0.233656017900783,0.25,1
10.05,14.11,1.1944,0.2,0.0217200497402847,0.0523868976674119,0.093671017288042,0.151090306287805,0.212433598785518,0.260894583410208,0.0217200497402847,0.0523868976674119,0.093671017288042,0.151090306287805,0.212433598785518,0.260894583410208,0.0217200497402847,0.0523868976674119,0.093671017288042,0.151090306287805,0.212433598785518,0.260894583410208,0.25,1
-0.210000000000001,23.658,1.24304,0.2,0.0158808131359637,0.0497564104265191,0.0839506044188423,0.12982581435251,0.16569120289134,0.230548784994366,0.0158808131359637,0.0497564104265191,0.0839506044188423,0.12982581435251,0.16569120289134,0.230548784994366,0.0158808131359637,0.0497564104265191,0.0839506044188423,0.12982581435251,0.16569120289134,0.230548784994366,0.25,1
-9.33,16.09,1.23024,0.2,0.0160189221966248,0.0507919246980696,0.0743501592780032,0.105438820817039,0.177656161848162,0.229548576287119,0.0160189221966248,0.0507919246980696,0.0743501592780032,0.105438820817039,0.177656161848162,0.229548576287119,0.0160189221966248,0.0507919246980696,0.0743501592780032,0.105438820817039,0.177656161848162,0.229548576287119,0.25,1
0.930000000000001,7.862,1.37616,0.2,0.0164717884189912,0.0543466626052301,0.0976009622340959,0.127756167387394,0.179542679046685,0.213713663703151,0.0164717884189912,0.0543466626052301,0.0976009622340959,0.127756167387394,0.179542679046685,0.213713663703151,0.0164717884189912,0.0543466626052301,0.0976009622340959,0.127756167387394,0.179542679046685,0.213713663703151,0.25,1
7.53,22.866,1.35184,0.2,0.0184777315754232,0.0562738448504048,0.103694788140906,0.15394464177421,0.185222224861549,0.232373378240486,0.0184777315754232,0.0562738448504048,0.103694788140906,0.15394464177421,0.185222224861549,0.232373378240486,0.0184777315754232,0.0562738448504048,0.103694788140906,0.15394464177421,0.185222224861549,0.232373378240486,0.25,1
0.390000000000001,13.714,1.22832,0.2,0.017418902228009,0.0599435660264128,0.100034270975838,0.140965624287741,0.170215115943625,0.220689522334801,0.017418902228009,0.0599435660264128,0.100034270975838,0.140965624287741,0.170215115943625,0.220689522334801,0.017418902228009,0.0599435660264128,0.100034270975838,0.140965624287741,0.170215115943625,0.220689522334801,0.25,1
4.65,17.102,1.40176,0.2,0.0189611126512527,0.0589137907105242,0.0999184011123048,0.129345339671415,0.187969232061556,0.229156085064629,0.0189611126512527,0.0589137907105242,0.0999184011123048,0.129345339671415,0.187969232061556,0.229156085064629,0.0189611126512527,0.0589137907105242,0.0999184011123048,0.129345339671415,0.187969232061556,0.229156085064629,0.25,1
-13.17,12.042,1.1656,0.2,0.0178265219295495,0.0506195557990677,0.091454886633932,0.135061290548478,0.180126178155619,0.223925738322102,0.0178265219295495,0.0506195557990677,0.091454886633932,0.135061290548478,0.180126178155619,0.223925738322102,0.0178265219295495,0.0506195557990677,0.091454886633932,0.135061290548478,0.180126178155619,0.223925738322102,0.25,1
-0.690000000000001,15.782,1.36784,0.2,0.016296552947821,0.0527550007901329,0.082495675384921,0.10695774378862,0.133455874693439,0.182251001967701,0.016296552947821,0.0527550007901329,0.082495675384921,0.10695774378862,0.133455874693439,0.182251001967701,0.016296552947821,0.0527550007901329,0.082495675384921,0.10695774378862,0.133455874693439,0.182251001967701,0.25,1
5.55,13.274,1.27888,0.2,0.0202741780471572,0.0616248470306911,0.0934731115477695,0.122296474271706,0.165376572417327,0.222423452006867,0.0202741780471572,0.0616248470306911,0.0934731115477695,0.122296474271706,0.165376572417327,0.222423452006867,0.0202741780471572,0.0616248470306911,0.0934731115477695,0.122296474271706,0.165376572417327,0.222423452006867,0.25,1
8.61,23.878,1.1176,0.2,0.0158961690835145,0.051287601283164,0.0985924241317031,0.147447709654272,0.17803149216672,0.189959785011914,0.0158961690835145,0.051287601283164,0.0985924241317031,0.147447709654272,0.17803149216672,0.189959785011914,0.0158961690835145,0.051287601283164,0.0985924241317031,0.147447709654272,0.17803149216672,0.189959785011914,0.25,1
-9.39,21.722,1.36528,0.2,0.0192434686110956,0.0548029586201943,0.0967768601639943,0.136722162809801,0.15947528592174,0.206885355569485,0.0192434686110956,0.0548029586201943,0.0967768601639943,0.136722162809801,0.15947528592174,0.206885355569485,0.0192434686110956,0.0548029586201943,0.0967768601639943,0.136722162809801,0.15947528592174,0.206885355569485,0.25,1
11.67,9.446,1.38768,0.2,0.0166959111146986,0.0557397951923832,0.0891861997201935,0.112830244387487,0.158079152794507,0.221797834326404,0.0166959111146986,0.0557397951923832,0.0891861997201935,0.112830244387487,0.158079152794507,0.221797834326404,0.0166959111146986,0.0557397951923832,0.0891861997201935,0.112830244387487,0.158079152794507,0.221797834326404,0.25,1
-3.45,7.906,1.39152,0.2,0.0171311507309679,0.0574703276226393,0.104357591763176,0.132447447262358,0.181393429713216,0.234795085203026,0.0171311507309679,0.0574703276226393,0.104357591763176,0.132447447262358,0.181393429713216,0.234795085203026,0.0171311507309679,0.0574703276226393,0.104357591763176,0.132447447262358,0.181393429713216,0.234795085203026,0.25,1
1.59,15.298,1.37552,0.2,0.0192507449968141,0.0618759295440354,0.0853568652332471,0.11269625948708,0.132699992376325,0.184159861984693,0.0192507449968141,0.0618759295440354,0.0853568652332471,0.11269625948708,0.132699992376325,0.184159861984693,0.0192507449968141,0.0618759295440354,0.0853568652332471,0.11269625948708,0.132699992376325,0.184159861984693,0.25,1
12.15,6.058,1.41136,0.2,0.0147670797027386,0.0533156921842876,0.0818774904776672,0.11786793589183,0.146415168360629,0.199320200559353,0.0147670797027386,0.0533156921842876,0.0818774904776672,0.11786793589183,0.146415168360629,0.199320200559353,0.0147670797027386,0.0533156921842876,0.0818774904776672,0.11786793589183,0.146415168360629,0.199320200559353,0.25,1
-11.73,13.626,1.12208,0.2,0.0166761439782069,0.0558706752570514,0.0955768389210432,0.137823603651728,0.161916448881163,0.215588934873795,0.0166761439782069,0.0558706752570514,0.0955768389210432,0.137823603651728,0.161916448881163,0.215588934873795,0.0166761439782069,0.0558706752570514,0.0955768389210432,0.137823603651728,0.161916448881163,0.215588934873795,0.25,1
6.57,12.922,1.33136,0.2,0.0190962887919446,0.0524150547549154,0.0946172721773838,0.126357357329005,0.163747590822775,0.211129070862013,0.0190962887919446,0.0524150547549154,0.0946172721773838,0.126357357329005,0.163747590822775,0.211129070862013,0.0190962887919446,0.0524150547549154,0.0946172721773838,0.126357357329005,0.163747590822775,0.211129070862013,0.25,1
-10.95,19.082,1.14448,0.2,0.017436576428873,0.0582672446074032,0.0802509143561039,0.106775374398677,0.134405336323714,0.176004926467107,0.017436576428873,0.0582672446074032,0.0802509143561039,0.106775374398677,0.134405336323714,0.176004926467107,0.017436576428873,0.0582672446074032,0.0802509143561039,0.106775374398677,0.134405336323714,0.176004926467107,0.25,1
5.49,3.374,1.41328,0.2,0.0179941893375003,0.052466139520026,0.0984394741879369,0.121536781475841,0.158300077008356,0.198417386651408,0.0179941893375003,0.052466139520026,0.0984394741879369,0.121536781475841,0.158300077008356,0.198417386651408,0.0179941893375003,0.052466139520026,0.0984394741879369,0.121536781475841,0.158300077008356,0.198417386651408,0.25,1
-0.27,18.026,1.11632,0.2,0.0156160472602295,0.0620528408465591,0.109089780036788,0.127387899260636,0.168950946459192,0.224893036782358,0.0156160472602295,0.0620528408465591,0.109089780036788,0.127387899260636,0.168950946459192,0.224893036782358,0.0156160472602295,0.0620528408465591,0.109089780036788,0.127387899260636,0.168950946459192,0.224893036782358,0.25,1
-6.03,20.93,1.39344,0.2,0.0163144824194708,0.058914710846957,0.101432795884771,0.137877678210995,0.180779510915713,0.244922400326155,0.0163144824194708,0.058914710846957,0.101432795884771,0.137877678210995,0.180779510915713,0.244922400326155,0.0163144824194708,0.058914710846957,0.101432795884771,0.137877678210995,0.180779510915713,0.244922400326155,0.25,1
9.15,3.55,1.20208,0.2,0.0162442171757323,0.0455603183415823,0.0860184335182941,0.118085726722246,0.136893839779416,0.216315402807144,0.0162442171757323,0.0455603183415823,0.0860184335182941,0.118085726722246,0.136893839779416,0.216315402807144,0.0162442171757323,0.0455603183415823,0.0860184335182941,0.118085726722246,0.136893839779416,0.216315402807144,0.25,1
-9.93,4.606,1.15856,0.2,0.016526987178788,0.0526382820480999,0.11761804899581,0.151069046535133,0.1908996742433,0.255877031388334,0.016526987178788,0.0526382820480999,0.11761804899581,0.151069046535133,0.1908996742433,0.255877031388334,0.016526987178788,0.0526382820480999,0.11761804899581,0.151069046535133,0.1908996742433,0.255877031388334,0.25,1
2.91,20.974,1.10352,0.2,0.0183721392896965,0.0523641899095367,0.0886725034561726,0.124858273092265,0.179692415167591,0.219060126826947,0.0183721392896965,0.0523641899095367,0.0886725034561726,0.124858273092265,0.179692415167591,0.219060126826947,0.0183721392896965,0.0523641899095367,0.0886725034561726,0.124858273092265,0.179692415167591,0.219060126826947,0.25,1
-11.37,6.014,1.364,0.2,0.0169532398238966,0.0580691880955684,0.0928891479543213,0.11001238726759,0.146004308307576,0.201865801415373,0.0169532398238966,0.0580691880955684,0.0928891479543213,0.11001238726759,0.146004308307576,0.201865801415373,0.0169532398238966,0.0580691880955684,0.0928891479543213,0.11001238726759,0.146004308307576,0.201865801415373,0.25,1
-4.29,23.262,1.34736,0.2,0.0163258098371992,0.0529349219386739,0.0727062016110061,0.126403540269298,0.164503332896084,0.208329431201088,0.0163258098371992,0.0529349219386739,0.0727062016110061,0.126403540269298,0.164503332896084,0.208329431201088,0.0163258098371992,0.0529349219386739,0.0727062016110061,0.126403540269298,0.164503332896084,0.208329431201088,0.25,1
1.17,20.842,1.1976,0.2,0.0146899969080899,0.0489876275235575,0.066797482430991,0.104328800794425,0.137148750375541,0.189218908295751,0.0146899969080899,0.0489876275235575,0.066797482430991,0.104328800794425,0.137148750375541,0.189218908295751,0.0146899969080899,0.0489876275235575,0.066797482430991,0.104328800794425,0.137148750375541,0.189218908295751,0.25,1
-10.05,11.47,1.31856,0.2,0.0161527743092423,0.0447985753595968,0.0826684004260124,0.128578235771795,0.164744125753908,0.250546661442481,0.0161527743092423,0.0447985753595968,0.0826684004260124,0.128578235771795,0.164744125753908,0.250546661442481,0.0161527743092423,0.0447985753595968,0.0826684004260124,0.128578235771795,0.164744125753908,0.250546661442481,0.25,1
3.03,6.63,1.13872,0.2,0.0167377972784494,0.0451581238737529,0.0731422679208253,0.10422511230128,0.153843304537072,0.184566957484283,0.0167377972784494,0.0451581238737529,0.0731422679208253,0.10422511230128,0.153843304537072,0.184566957484283,0.0167377972784494,0.0451581238737529,0.0731422679208253,0.10422511230128,0.153843304537072,0.184566957484283,0.25,1
-4.77,7.158,1.16112,0.2,0.0133958749124097,0.0589661425794881,0.110428012796836,0.165750568136912,0.194080071951798,0.253220063800297,0.0133958749124097,0.0589661425794881,0.110428012796836,0.165750568136912,0.194080071951798,0.253220063800297,0.0133958749124097,0.0589661425794881,0.110428012796836,0.165750568136912,0.194080071951798,0.253220063800297,0.25,1
8.73,6.278,1.1336,0.2,0.017666549455019,0.0543000664567234,0.0922914591522575,0.110542519761126,0.159708937971097,0.197452236031693,0.017666549455019,0.0543000664567234,0.0922914591522575,0.110542519761126,0.159708937971097,0.197452236031693,0.017666549455019,0.0543000664567234,0.0922914591522575,0.110542519761126,0.159708937971097,0.197452236031693,0.25,1
-12.57,16.442,1.32944,0.2,0.0186664238451314,0.0551254144359954,0.101671177262598,0.15153356228606,0.184776120429249,0.236253647904976,0.0186664238451314,0.0551254144359954,0.101671177262598,0.15153356228606,0.184776120429249,0.236253647904976,0.0186664238451314,0.0551254144359954,0.101671177262598,0.15153356228606,0.184776120429249,0.236253647904976,0.25,1
-12.81,4.914,1.17392,0.2,0.0221297554103001,0.0558393994566491,0.0906042086037753,0.130879804150433,0.192719994719875,0.206088215098359,0.0221297554103001,0.0558393994566491,0.0906042086037753,0.130879804150433,0.192719994719875,0.206088215098359,0.0221297554103001,0.0558393994566491,0.0906042086037753,0.130879804150433,0.192719994719875,0.206088215098359,0.25,1
-8.31,14.946,1.14768,0.2,0.0170386390796258,0.0510718371866773,0.0785146726113107,0.116697227470369,0.148416017075319,0.18631882815001,0.0170386390796258,0.0510718371866773,0.0785146726113107,0.116697227470369,0.148416017075319,0.18631882815001,0.0170386390796258,0.0510718371866773,0.0785146726113107,0.116697227470369,0.148416017075319,0.18631882815001,0.25,1
2.19,12.482,1.19184,0.2,0.0177455106910232,0.0682441431729329,0.0804012054619131,0.131061361843815,0.189771021800341,0.233399836326374,0.0177455106910232,0.0682441431729329,0.0804012054619131,0.131061361843815,0.189771021800341,0.233399836326374,0.0177455106910232,0.0682441431729329,0.0804012054619131,0.131061361843815,0.189771021800341,0.233399836326374,0.25,1
10.65,24.01,1.2808,0.2,0.0153106793173933,0.0526939649690967,0.0999650063420795,0.130948258217532,0.167610339286394,0.246044954170804,0.0153106793173933,0.0526939649690967,0.0999650063420795,0.130948258217532,0.167610339286394,0.246044954170804,0.0153106793173933,0.0526939649690967,0.0999650063420795,0.130948258217532,0.167610339286394,0.246044954170804,0.25,1
-6.21,11.866,1.17712,0.2,0.0158312480010149,0.0539213612640538,0.0962332183209062,0.138218342931177,0.181816657940223,0.22567162115452,0.0158312480010149,0.0539213612640538,0.0962332183209062,0.138218342931177,0.181816657940223,0.22567162115452,0.0158312480010149,0.0539213612640538,0.0962332183209062,0.138218342931177,0.181816657940223,0.22567162115452,0.25,1
-7.77,9.71,1.16752,0.2,0.0178372692605811,0.0425931374552985,0.0700121837549862,0.106768231640278,0.156456614084222,0.191787232301079,0.0178372692605811,0.0425931374552985,0.0700121837549862,0.106768231640278,0.156456614084222,0.191787232301079,0.0178372692605811,0.0425931374552985,0.0700121837549862,0.106768231640278,0.156456614084222,0.191787232301079,0.25,1
-8.49,8.082,1.2616,0.2,0.0177001708913254,0.0630546382502279,0.0976127107537638,0.131249731119206,0.187736463441252,0.237866157643939,0.0177001708913254,0.0630546382502279,0.0976127107537638,0.131249731119206,0.187736463441252,0.237866157643939,0.0177001708913254,0.0630546382502279,0.0976127107537638,0.131249731119206,0.187736463441252,0.237866157643939,0.25,1
5.37,12.13,1.25456,0.2,0.0178731101261185,0.0540198572960769,0.0775926997107212,0.111653441795489,0.158822546532928,0.212494186869253,0.0178731101261185,0.0540198572960769,0.0775926997107212,0.111653441795489,0.158822546532928,0.212494186869253,0.0178731101261185,0.0540198572960769,0.0775926997107212,0.111653441795489,0.158822546532928,0.212494186869253,0.25,1
6.81,23.966,1.12528,0.2,0.0219240261468633,0.0601494221079334,0.101076611794028,0.146832913215708,0.190628117315716,0.23676391752459,0.0219240261468633,0.0601494221079334,0.101076611794028,0.146832913215708,0.190628117315716,0.23676391752459,0.0219240261468633,0.0601494221079334,0.101076611794028,0.146832913215708,0.190628117315716,0.23676391752459,0.25,1
-13.65,11.338,1.26352,0.2,0.0217829278108912,0.0508976773321573,0.0860948389758826,0.121612170141801,0.150630211895296,0.188632435943006,0.0217829278108912,0.0508976773321573,0.0860948389758826,0.121612170141801,0.150630211895296,0.188632435943006,0.0217829278108912,0.0508976773321573,0.0860948389758826,0.121612170141801,0.150630211895296,0.188632435943006,0.25,1
12.45,7.598,1.3896,0.2,0.019294861483815,0.0558229530686509,0.104793582023138,0.139764222063719,0.163008230713826,0.227452680793454,0.019294861483815,0.0558229530686509,0.104793582023138,0.139764222063719,0.163008230713826,0.227452680793454,0.019294861483815,0.0558229530686509,0.104793582023138,0.139764222063719,0.163008230713826,0.227452680793454,0.25,1
-3.21,20.534,1.39088,0.2,0.018412597881112,0.0604639604358864,0.104954431873476,0.152384495532973,0.191097043157991,0.234480643899854,0.018412597881112,0.0604639604358864,0.104954431873476,0.152384495532973,0.191097043157991,0.234480643899854,0.018412597881112,0.0604639604358864,0.104954431873476,0.152384495532973,0.191097043157991,0.234480643899854,0.25,1
-14.79,10.37,1.24368,0.2,0.0158473026002692,0.061926665911424,0.113966176262267,0.162173559198167,0.210646913119729,0.25085956455956,0.0158473026002692,0.061926665911424,0.113966176262267,0.162173559198167,0.210646913119729,0.25085956455956,0.0158473026002692,0.061926665911424,0.113966176262267,0.162173559198167,0.210646913119729,0.25085956455956,0.25,1
-2.37,5.486,1.28656,0.2,0.019491686280271,0.0592960708084501,0.0872419681805841,0.122493004041399,0.154709971011815,0.204924911136867,0.019491686280271,0.0592960708084501,0.0872419681805841,0.122493004041399,0.154709971011815,0.204924911136867,0.019491686280271,0.0592960708084501,0.0872419681805841,0.122493004041399,0.154709971011815,0.204924911136867,0.25,1
3.69,21.634,1.18224,0.2,0.016914069684511,0.0596751081484327,0.105913994026431,0.142163625103246,0.201004806201486,0.253249047557306,0.016914069684511,0.0596751081484327,0.105913994026431,0.142163625103246,0.201004806201486,0.253249047557306,0.016914069684511,0.0596751081484327,0.105913994026431,0.142163625103246,0.201004806201486,0.253249047557306,0.25,1
-8.13,19.478,1.40624,0.2,0.0173250933303771,0.0617417858696648,0.104597144249449,0.132824955351053,0.184446550551408,0.220137324297274,0.0173250933303771,0.0617417858696648,0.104597144249449,0.132824955351053,0.184446550551408,0.220137324297274,0.0173250933303771,0.0617417858696648,0.104597144249449,0.132824955351053,0.184446550551408,0.220137324297274,0.25,1
6.99,20.226,1.3384,0.2,0.015300772714706,0.0530384458407664,0.0984399899912382,0.131724814767407,0.179016292737516,0.217892108721538,0.015300772714706,0.0530384458407664,0.0984399899912382,0.131724814767407,0.179016292737516,0.217892108721538,0.015300772714706,0.0530384458407664,0.0984399899912382,0.131724814767407,0.179016292737516,0.217892108721538,0.25,1
-4.11,17.19,1.2456,0.2,0.0152912099053291,0.0569488750837977,0.0891191685609656,0.131333616442797,0.175207167925599,0.227594633454877,0.0152912099053291,0.0569488750837977,0.0891191685609656,0.131333616442797,0.175207167925599,0.227594633454877,0.0152912099053291,0.0569488750837977,0.0891191685609656,0.131333616442797,0.175207167925599,0.227594633454877,0.25,1
-14.91,12.306,1.16304,0.2,0.0180735645555513,0.0557253771469781,0.0947570483945399,0.139713979349599,0.159331496452386,0.193396787136157,0.0180735645555513,0.0557253771469781,0.0947570483945399,0.139713979349599,0.159331496452386,0.193396787136157,0.0180735645555513,0.0557253771469781,0.0947570483945399,0.139713979349599,0.159331496452386,0.193396787136157,0.25,1
0.0299999999999994,19.698,1.32816,0.2,0.016654753998341,0.0591741868453079,0.0981504467919516,0.129659570683267,0.194420033293223,0.255109660760155,0.016654753998341,0.0591741868453079,0.0981504467919516,0.129659570683267,0.194420033293223,0.255109660760155,0.016654753998341,0.0591741868453079,0.0981504467919516,0.129659570683267,0.194420033293223,0.255109660760155,0.25,1
13.95,8.478,1.15472,0.2,0.0184033062804276,0.0602287214599299,0.0902812044119868,0.139598622178271,0.176705580740843,0.223817497436418,0.0184033062804276,0.0602287214599299,0.0902812044119868,0.139598622178271,0.176705580740843,0.223817497436418,0.0184033062804276,0.0602287214599299,0.0902812044119868,0.139598622178271,0.176705580740843,0.223817497436418,0.25,1
1.41,13.318,1.30384,0.2,0.0173014811913719,0.0511386092645198,0.10027010083353,0.125566520699631,0.156930688462637,0.216300581701533,0.0173014811913719,0.0511386092645198,0.10027010083353,0.125566520699631,0.156930688462637,0.216300581701533,0.0173014811913719,0.0511386092645198,0.10027010083353,0.125566520699631,0.156930688462637,0.216300581701533,0.25,1
6.75,22.91,1.29296,0.2,0.0174948434474565,0.0593215945612486,0.0939462544328737,0.124082664801634,0.161256666787253,0.210921786031988,0.0174948434474565,0.0593215945612486,0.0939462544328737,0.124082664801634,0.161256666787253,0.210921786031988,0.0174948434474565,0.0593215945612486,0.0939462544328737,0.124082664801634,0.161256666787253,0.210921786031988,0.25,1
7.47,10.634,1.38064,0.2,0.0174387177730143,0.0561924784503992,0.0935411847557861,0.119603746230915,0.144083704645001,0.199340400629655,0.0174387177730143,0.0561924784503992,0.0935411847557861,0.119603746230915,0.144083704645001,0.199340400629655,0.0174387177730143,0.0561924784503992,0.0935411847557861,0.119603746230915,0.144083704645001,0.199340400629655,0.25,1
2.25,18.378,1.11504,0.2,0.0180871815485144,0.0531002331306085,0.105917430533788,0.158604136515217,0.203802236072526,0.261415161223406,0.0180871815485144,0.0531002331306085,0.105917430533788,0.158604136515217,0.203802236072526,0.261415161223406,0.0180871815485144,0.0531002331306085,0.105917430533788,0.158604136515217,0.203802236072526,0.261415161223406,0.25,1
9.27,21.81,1.21616,0.2,0.0134087504230162,0.0476550594438297,0.0997324162928599,0.138210158446613,0.175493868086213,0.223817263021433,0.0134087504230162,0.0476550594438297,0.0997324162928599,0.138210158446613,0.175493868086213,0.223817263021433,0.0134087504230162,0.0476550594438297,0.0997324162928599,0.138210158446613,0.175493868086213,0.223817263021433,0.25,1
1.65,6.19,1.24816,0.2,0.017332688935496,0.0500518541643569,0.091555997781154,0.137493714580889,0.166648922611686,0.207461804045418,0.017332688935496,0.0500518541643569,0.091555997781154,0.137493714580889,0.166648922611686,0.207461804045418,0.017332688935496,0.0500518541643569,0.091555997781154,0.137493714580889,0.166648922611686,0.207461804045418,0.25,1
-2.85,16.178,1.35248,0.2,0.0151772774477137,0.0527357178041577,0.0824333645501889,0.128710466281363,0.163272621744119,0.180424294094506,0.0151772774477137,0.0527357178041577,0.0824333645501889,0.128710466281363,0.163272621744119,0.180424294094506,0.0151772774477137,0.0527357178041577,0.0824333645501889,0.128710466281363,0.163272621744119,0.180424294094506,0.25,1
0.630000000000001,19.214,1.18672,0.2,0.018863485313227,0.063991035505059,0.103143485503352,0.15389688713001,0.188124731578063,0.257774317727125,0.018863485313227,0.063991035505059,0.103143485503352,0.15389688713001,0.188124731578063,0.257774317727125,0.018863485313227,0.063991035505059,0.103143485503352,0.15389688713001,0.188124731578063,0.257774317727125,0.25,1
9.39,8.038,1.36144,0.2,0.0207923844838161,0.0660362133741606,0.111586168916186,0.134570121399589,0.166415489697734,0.223550545308258,0.0207923844838161,0.0660362133741606,0.111586168916186,0.134570121399589,0.166415489697734,0.223550545308258,0.0207923844838161,0.0660362133741606,0.111586168916186,0.134570121399589,0.166415489697734,0.223550545308258,0.25,1
-8.67,5.266,1.21552,0.2,0.01688297522181,0.0536920000469184,0.0946408787280136,0.118765162257559,0.166852638555161,0.210440011327033,0.01688297522181,0.0536920000469184,0.0946408787280136,0.118765162257559,0.166852638555161,0.210440011327033,0.01688297522181,0.0536920000469184,0.0946408787280136,0.118765162257559,0.166852638555161,0.210440011327033,0.25,1
1.05,15.21,1.22704,0.2,0.0185987129715771,0.0548451668903231,0.0886484128391722,0.134574169552002,0.172756611198566,0.215603792453339,0.0185987129715771,0.0548451668903231,0.0886484128391722,0.134574169552002,0.172756611198566,0.215603792453339,0.0185987129715771,0.0548451668903231,0.0886484128391722,0.134574169552002,0.172756611198566,0.215603792453339,0.25,1
5.79,17.146,1.20656,0.2,0.0176280191049759,0.0555465139663042,0.0898526924308492,0.12643508258269,0.142379036964376,0.171911838107981,0.0176280191049759,0.0555465139663042,0.0898526924308492,0.12643508258269,0.142379036964376,0.171911838107981,0.0176280191049759,0.0555465139663042,0.0898526924308492,0.12643508258269,0.142379036964376,0.171911838107981,0.25,1
-1.83,19.962,1.3832,0.2,0.0155405511683152,0.0488046195607162,0.0787857927281699,0.102492609398401,0.132713797869622,0.15287128581331,0.0155405511683152,0.0488046195607162,0.0787857927281699,0.102492609398401,0.132713797869622,0.15287128581331,0.0155405511683152,0.0488046195607162,0.0787857927281699,0.102492609398401,0.132713797869622,0.15287128581331,0.25,1
-9.03,22.558,1.17904,0.2,0.0169876688465075,0.059872926490023,0.0950799013703287,0.130100988140694,0.144486490671088,0.18598436996728,0.0169876688465075,0.059872926490023,0.0950799013703287,0.130100988140694,0.144486490671088,0.18598436996728,0.0169876688465075,0.059872926490023,0.0950799013703287,0.130100988140694,0.144486490671088,0.18598436996728,0.25,1
-12.33,3.814,1.28528,0.2,0.0134461462485639,0.0446314420113555,0.101204372274013,0.138014760225252,0.199077278310055,0.252416365639621,0.0134461462485639,0.0446314420113555,0.101204372274013,0.138014760225252,0.199077278310055,0.252416365639621,0.0134461462485639,0.0446314420113555,0.101204372274013,0.138014760225252,0.199077278310055,0.252416365639621,0.25,1
-2.61,15.606,1.2712,0.2,0.0145935893549347,0.0487178752346752,0.0849395416475721,0.125508844924955,0.171366098813945,0.244128235319575,0.0145935893549347,0.0487178752346752,0.0849395416475721,0.125508844924955,0.171366098813945,0.244128235319575,0.0145935893549347,0.0487178752346752,0.0849395416475721,0.125508844924955,0.171366098813945,0.244128235319575,0.25,1
-7.23,15.078,1.21424,0.2,0.0182605132352927,0.0612164986264914,0.102124043905122,0.132771262717942,0.168579011280194,0.224699726473422,0.0182605132352927,0.0612164986264914,0.102124043905122,0.132771262717942,0.168579011280194,0.224699726473422,0.0182605132352927,0.0612164986264914,0.102124043905122,0.132771262717942,0.168579011280194,0.224699726473422,0.25,1
-9.75,8.786,1.37872,0.2,0.0188556217386801,0.0534417127040554,0.102918201917986,0.141496746490469,0.169505072679471,0.227661210343741,0.0188556217386801,0.0534417127040554,0.102918201917986,0.141496746490469,0.169505072679471,0.227661210343741,0.0188556217386801,0.0534417127040554,0.102918201917986,0.141496746490469,0.169505072679471,0.227661210343741,0.25,1
7.89,15.122,1.24112,0.2,0.0163849707635532,0.0532551986359275,0.0903456104023849,0.125307076412495,0.160213988137064,0.221133003333531,0.0163849707635532,0.0532551986359275,0.0903456104023849,0.125307076412495,0.160213988137064,0.221133003333531,0.0163849707635532,0.0532551986359275,0.0903456104023849,0.125307076412495,0.160213988137064,0.221133003333531,0.25,1
-6.75,15.914,1.3928,0.2,0.0190272699377366,0.0648338607229166,0.103958626110583,0.138886963035599,0.152617410380603,0.177962592473824,0.0190272699377366,0.0648338607229166,0.103958626110583,0.138886963035599,0.152617410380603,0.177962592473824,0.0190272699377366,0.0648338607229166,0.103958626110583,0.138886963035599,0.152617410380603,0.177962592473824,0.25,1
11.43,8.39,1.3128,0.2,0.0188729021354969,0.0488450846776808,0.088807955414848,0.13135776084011,0.180028473176836,0.228139614806566,0.0188729021354969,0.0488450846776808,0.088807955414848,0.13135776084011,0.180028473176836,0.228139614806566,0.0188729021354969,0.0488450846776808,0.088807955414848,0.13135776084011,0.180028473176836,0.228139614806566,0.25,1
5.73,5.09,1.21168,0.2,0.0155613654846393,0.0560444962423153,0.0977421740194743,0.152501700427924,0.185336258887627,0.219416986672044,0.0155613654846393,0.0560444962423153,0.0977421740194743,0.152501700427924,0.185336258887627,0.219416986672044,0.0155613654846393,0.0560444962423153,0.0977421740194743,0.152501700427924,0.185336258887627,0.219416986672044,0.25,1
2.73,11.954,1.21808,0.2,0.0160613827602822,0.0575865227418402,0.0933583566859119,0.14727817874981,0.180916711594733,0.232384081731772,0.0160613827602822,0.0575865227418402,0.0933583566859119,0.14727817874981,0.180916711594733,0.232384081731772,0.0160613827602822,0.0575865227418402,0.0933583566859119,0.14727817874981,0.180916711594733,0.232384081731772,0.25,1
-5.25,14.374,1.41008,0.2,0.0149768346638172,0.0512225625021835,0.0963848648421554,0.118464112913719,0.164262329974632,0.231751253761164,0.0149768346638172,0.0512225625021835,0.0963848648421554,0.118464112913719,0.164262329974632,0.231751253761164,0.0149768346638172,0.0512225625021835,0.0963848648421554,0.118464112913719,0.164262329974632,0.231751253761164,0.25,1
-5.67,13.494,1.30576,0.2,0.0146040839481082,0.0537871899866706,0.0947609985132445,0.134341873751381,0.177289515932175,0.217015499059992,0.0146040839481082,0.0537871899866706,0.0947609985132445,0.134341873751381,0.177289515932175,0.217015499059992,0.0146040839481082,0.0537871899866706,0.0947609985132445,0.134341873751381,0.177289515932175,0.217015499059992,0.25,1
-10.23,19.786,1.37168,0.2,0.0177886964414208,0.055985592229341,0.0789338283720073,0.119939280494195,0.177247800988361,0.226504166383361,0.0177886964414208,0.055985592229341,0.0789338283720073,0.119939280494195,0.177247800988361,0.226504166383361,0.0177886964414208,0.055985592229341,0.0789338283720073,0.119939280494195,0.177247800988361,0.226504166383361,0.25,1
-2.13,17.674,1.33968,0.2,0.0172283515787547,0.049542729892644,0.105336751794265,0.137039843983613,0.170895575164165,0.209517252865382,0.0172283515787547,0.049542729892644,0.105336751794265,0.137039843983613,0.170895575164165,0.209517252865382,0.0172283515787547,0.049542729892644,0.105336751794265,0.137039843983613,0.170895575164165,0.209517252865382,0.25,1
-9.09,7.51,1.20016,0.2,0.0174044381153153,0.0652506273099567,0.0956815644243769,0.128530344762238,0.154193859884086,0.203377000459212,0.0174044381153153,0.0652506273099567,0.0956815644243769,0.128530344762238,0.154193859884086,0.203377000459212,0.0174044381153153,0.0652506273099567,0.0956815644243769,0.128530344762238,0.154193859884086,0.203377000459212,0.25,1
10.35,5.442,1.20784,0.2,0.0165880967637009,0.0506700890775851,0.094373715163936,0.127977113353125,0.175162659295546,0.231568007682212,0.0165880967637009,0.0506700890775851,0.094373715163936,0.127977113353125,0.175162659295546,0.231568007682212,0.0165880967637009,0.0506700890775851,0.094373715163936,0.127977113353125,0.175162659295546,0.231568007682212,0.25,1
-4.95,7.334,1.28272,0.2,0.0171956379731703,0.0480010131592635,0.0789803624041187,0.109014371931226,0.143215689435735,0.212217682032917,0.0171956379731703,0.0480010131592635,0.0789803624041187,0.109014371931226,0.143215689435735,0.212217682032917,0.0171956379731703,0.0480010131592635,0.0789803624041187,0.109014371931226,0.143215689435735,0.212217682032917,0.25,1
-12.51,13.582,1.16496,0.2,0.0173121332209956,0.0593072213526902,0.0993381264502133,0.124259311668092,0.143359541468544,0.164344125105444,0.0173121332209956,0.0593072213526902,0.0993381264502133,0.124259311668092,0.143359541468544,0.164344125105444,0.0173121332209956,0.0593072213526902,0.0993381264502133,0.124259311668092,0.143359541468544,0.164344125105444,0.25,1
-13.41,17.058,1.16624,0.2,0.0160742916740548,0.054539605552818,0.0935461949844655,0.133211201183236,0.169341332308937,0.211452293755565,0.0160742916740548,0.054539605552818,0.0935461949844655,0.133211201183236,0.169341332308937,0.211452293755565,0.0160742916740548,0.054539605552818,0.0935461949844655,0.133211201183236,0.169341332308937,0.211452293755565,0.25,1
3.57,17.322,1.20464,0.2,0.0173444665241402,0.0568279548517926,0.0980758303418011,0.13400005257352,0.167816809319942,0.197135684527501,0.0173444665241402,0.0568279548517926,0.0980758303418011,0.13400005257352,0.167816809319942,0.197135684527501,0.0173444665241402,0.0568279548517926,0.0980758303418011,0.13400005257352,0.167816809319942,0.197135684527501,0.25,1
-3.57,20.314,1.33392,0.2,0.0174686543181375,0.0480116623973808,0.101178447555738,0.142038855876786,0.172837569247394,0.223858062631845,0.0174686543181375,0.0480116623973808,0.101178447555738,0.142038855876786,0.172837569247394,0.223858062631845,0.0174686543181375,0.0480116623973808,0.101178447555738,0.142038855876786,0.172837569247394,0.223858062631845,0.25,1
11.55,7.378,1.2936,0.2,0.0195447298569923,0.0523854633453348,0.0952017666859647,0.127046010025549,0.166795089936422,0.199814696541619,0.0195447298569923,0.0523854633453348,0.0952017666859647,0.127046010025549,0.166795089936422,0.199814696541619,0.0195447298569923,0.0523854633453348,0.0952017666859647,0.127046010025549,0.166795089936422,0.199814696541619,0.25,1
-14.31,16.574,1.14896,0.2,0.0164716897567964,0.0531724928620037,0.0789745957863296,0.109839475857466,0.147531190982866,0.209897072676171,0.0164716897567964,0.0531724928620037,0.0789745957863296,0.109839475857466,0.147531190982866,0.209897072676171,0.0164716897567964,0.0531724928620037,0.0789745957863296,0.109839475857466,0.147531190982866,0.209897072676171,0.25,1
3.87,9.314,1.3,0.2,0.0207011575729993,0.0571767953344842,0.082084965238345,0.1227762440002,0.141344581691416,0.202493961067668,0.0207011575729993,0.0571767953344842,0.082084965238345,0.1227762440002,0.141344581691416,0.202493961067668,0.0207011575729993,0.0571767953344842,0.082084965238345,0.1227762440002,0.141344581691416,0.202493961067668,0.25,1
-1.53,16.662,1.19248,0.2,0.018505878871602,0.0467405268960696,0.0999717784053828,0.122586827607049,0.155029790459426,0.21568688687097,0.018505878871602,0.0467405268960696,0.0999717784053828,0.122586827607049,0.155029790459426,0.21568688687097,0.018505878871602,0.0467405268960696,0.0999717784053828,0.122586827607049,0.155029790459426,0.21568688687097,0.25,1
-12.27,13.538,1.36208,0.2,0.0166776659481856,0.0550304147811183,0.0901321384701008,0.13118622842255,0.164732272927028,0.201945569463709,0.0166776659481856,0.0550304147811183,0.0901321384701008,0.13118622842255,0.164732272927028,0.201945569463709,0.0166776659481856,0.0550304147811183,0.0901321384701008,0.13118622842255,0.164732272927028,0.201945569463709,0.25,1
7.83,15.518,1.41584,0.2,0.0163784383542568,0.0546296652874865,0.0841882369914891,0.122474451900988,0.157991884048924,0.181750881710841,0.0163784383542568,0.0546296652874865,0.0841882369914891,0.122474451900988,0.157991884048924,0.181750881710841,0.0163784383542568,0.0546296652874865,0.0841882369914891,0.122474451900988,0.157991884048924,0.181750881710841,0.25,1
0.75,12.218,1.40304,0.2,0.0179721267895496,0.0562682620295044,0.103342575740475,0.149198812299372,0.185815558012488,0.213504716486191,0.0179721267895496,0.0562682620295044,0.103342575740475,0.149198812299372,0.185815558012488,0.213504716486191,0.0179721267895496,0.0562682620295044,0.103342575740475,0.149198812299372,0.185815558012488,0.213504716486191,0.25,1
10.11,9.358,1.23152,0.2,0.0174804742480967,0.0633886494606726,0.102479723940687,0.134566104698001,0.176743756637624,0.255962140175979,0.0174804742480967,0.0633886494606726,0.102479723940687,0.134566104698001,0.176743756637624,0.255962140175979,0.0174804742480967,0.0633886494606726,0.102479723940687,0.134566104698001,0.176743756637624,0.255962140175979,0.25,1
3.51,6.806,1.2296,0.2,0.0171058658409922,0.0621830358760535,0.100749183276535,0.13987007705926,0.172591409603252,0.23008079099075,0.0171058658409922,0.0621830358760535,0.100749183276535,0.13987007705926,0.172591409603252,0.23008079099075,0.0171058658409922,0.0621830358760535,0.100749183276535,0.13987007705926,0.172591409603252,0.23008079099075,0.25,1
14.79,21.458,1.22192,0.2,0.0181482991219193,0.0523133964695468,0.0979138026018375,0.121767732007795,0.135689016535226,0.199896460168601,0.0181482991219193,0.0523133964695468,0.0979138026018375,0.121767732007795,0.135689016535226,0.199896460168601,0.0181482991219193,0.0523133964695468,0.0979138026018375,0.121767732007795,0.135689016535226,0.199896460168601,0.25,1
3.81,23.482,1.18736,0.2,0.0342815028480985,0.110775964036855,0.194918281916138,0.267026935795139,0.386949193777408,0.495535769499176,0.0342815028480985,0.110775964036855,0.194918281916138,0.267026935795139,0.386949193777408,0.495535769499176,0.0342815028480985,0.110775964036855,0.194918281916138,0.267026935795139,0.386949193777408,0.495535769499176,0.5,1
-7.83,21.898,1.24752,0.2,0.0330569740695817,0.10383392629453,0.173354063579687,0.265630304830434,0.397356893151644,0.497343842329908,0.0330569740695817,0.10383392629453,0.173354063579687,0.265630304830434,0.397356893151644,0.497343842329908,0.0330569740695817,0.10383392629453,0.173354063579687,0.265630304830434,0.397356893151644,0.497343842329908,0.5,1
-14.97,5.926,1.25008,0.2,0.0376347919324066,0.109940023323352,0.193640954534417,0.265248820970252,0.315066987989268,0.385661011905935,0.0376347919324066,0.109940023323352,0.193640954534417,0.265248820970252,0.315066987989268,0.385661011905935,0.0376347919324066,0.109940023323352,0.193640954534417,0.265248820970252,0.315066987989268,0.385661011905935,0.5,1
12.69,7.246,1.26224,0.2,0.0374285500174316,0.113618615785818,0.185722161319844,0.257721791473957,0.351435836635424,0.442912417860778,0.0374285500174316,0.113618615785818,0.185722161319844,0.257721791473957,0.351435836635424,0.442912417860778,0.0374285500174316,0.113618615785818,0.185722161319844,0.257721791473957,0.351435836635424,0.442912417860778,0.5,1
14.61,11.074,1.37296,0.2,0.0435117770017005,0.122853520261474,0.175687746498887,0.251587001367109,0.293001264028591,0.430787359759169,0.0435117770017005,0.122853520261474,0.175687746498887,0.251587001367109,0.293001264028591,0.430787359759169,0.0435117770017005,0.122853520261474,0.175687746498887,0.251587001367109,0.293001264028591,0.430787359759169,0.5,1
-14.43,6.586,1.39472,0.2,0.0398070782131172,0.11890621481309,0.204847045459,0.291372977186987,0.391579317298927,0.474727553351957,0.0398070782131172,0.11890621481309,0.204847045459,0.291372977186987,0.391579317298927,0.474727553351957,0.0398070782131172,0.11890621481309,0.204847045459,0.291372977186987,0.391579317298927,0.474727553351957,0.5,1
-1.71,3.33,1.32048,0.2,0.0359739478399492,0.110055418270553,0.206247529721173,0.292913630999719,0.396857149654282,0.513314744462698,0.0359739478399492,0.110055418270553,0.206247529721173,0.292913630999719,0.396857149654282,0.513314744462698,0.0359739478399492,0.110055418270553,0.206247529721173,0.292913630999719,0.396857149654282,0.513314744462698,0.5,1
3.39,12.174,1.2552,0.2,0.0414872708091201,0.121568220931556,0.196722946884121,0.285265490090905,0.371131470300598,0.49298445519575,0.0414872708091201,0.121568220931556,0.196722946884121,0.285265490090905,0.371131470300598,0.49298445519575,0.0414872708091201,0.121568220931556,0.196722946884121,0.285265490090905,0.371131470300598,0.49298445519575,0.5,1
-11.55,11.646,1.17008,0.2,0.0332577327358743,0.102320018723477,0.166717607117326,0.213496918890367,0.284962836815502,0.352353454810029,0.0332577327358743,0.102320018723477,0.166717607117326,0.213496918890367,0.284962836815502,0.352353454810029,0.0332577327358743,0.102320018723477,0.166717607117326,0.213496918890367,0.284962836815502,0.352353454810029,0.5,1
-7.89,24.406,1.15216,0.2,0.0415751991313656,0.121248828639446,0.209682279174316,0.300316192235603,0.383414406545307,0.50352012684781,0.0415751991313656,0.121248828639446,0.209682279174316,0.300316192235603,0.383414406545307,0.50352012684781,0.0415751991313656,0.121248828639446,0.209682279174316,0.300316192235603,0.383414406545307,0.50352012684781,0.5,1
-14.07,17.718,1.14,0.2,0.0342221800988744,0.10403081550106,0.183514064295497,0.260533127805347,0.321353605382369,0.367945726200302,0.0342221800988744,0.10403081550106,0.183514064295497,0.260533127805347,0.321353605382369,0.367945726200302,0.0342221800988744,0.10403081550106,0.183514064295497,0.260533127805347,0.321353605382369,0.367945726200302,0.5,1
1.89,11.118,1.38,0.2,0.0320061275257106,0.103916659767077,0.173080339821183,0.24505092269839,0.330781214152615,0.440836321519694,0.0320061275257106,0.103916659767077,0.173080339821183,0.24505092269839,0.330781214152615,0.440836321519694,0.0320061275257106,0.103916659767077,0.173080339821183,0.24505092269839,0.330781214152615,0.440836321519694,0.5,1
-1.65,5.794,1.26416,0.2,0.0354351320890853,0.133034568167057,0.186117158980168,0.274454675216975,0.323739106815287,0.4008162688332,0.0354351320890853,0.133034568167057,0.186117158980168,0.274454675216975,0.323739106815287,0.4008162688332,0.0354351320890853,0.133034568167057,0.186117158980168,0.274454675216975,0.323739106815287,0.4008162688332,0.5,1
9.33,18.246,1.35824,0.2,0.0383498399504173,0.105662001787288,0.196189785758135,0.269659926102673,0.357520703548914,0.455422466368878,0.0383498399504173,0.105662001787288,0.196189785758135,0.269659926102673,0.357520703548914,0.455422466368878,0.0383498399504173,0.105662001787288,0.196189785758135,0.269659926102673,0.357520703548914,0.455422466368878,0.5,1
14.31,6.938,1.24432,0.2,0.0398064253457739,0.111306941803375,0.163861949701723,0.218803119478385,0.321926346672211,0.447173143255723,0.0398064253457739,0.111306941803375,0.163861949701723,0.218803119478385,0.321926346672211,0.447173143255723,0.0398064253457739,0.111306941803375,0.163861949701723,0.218803119478385,0.321926346672211,0.447173143255723,0.5,1
2.79,6.146,1.13104,0.2,0.0354197828969965,0.0803153985685217,0.150667486119732,0.24499126829232,0.329586928744654,0.461799394863805,0.0354197828969965,0.0803153985685217,0.150667486119732,0.24499126829232,0.329586928744654,0.461799394863805,0.0354197828969965,0.0803153985685217,0.150667486119732,0.24499126829232,0.329586928744654,0.461799394863805,0.5,1
-0.450000000000001,22.074,1.15728,0.2,0.0413453612318125,0.134248651148984,0.202482234806727,0.301042507162587,0.381673803949537,0.505008988939582,0.0413453612318125,0.134248651148984,0.202482234806727,0.301042507162587,0.381673803949537,0.505008988939582,0.0413453612318125,0.134248651148984,0.202482234806727,0.301042507162587,0.381673803949537,0.505008988939582,0.5,1
6.51,7.466,1.18864,0.2,0.0336534743882919,0.111316023790186,0.202628951655529,0.303003662965964,0.362018028669076,0.447787607715458,0.0336534743882919,0.111316023790186,0.202628951655529,0.303003662965964,0.362018028669076,0.447787607715458,0.0336534743882919,0.111316023790186,0.202628951655529,0.303003662965964,0.362018028669076,0.447787607715458,0.5,1
-7.05,22.118,1.37936,0.2,0.0370311380228906,0.107395590968041,0.183329619833006,0.227120594622763,0.337410120954152,0.461459531837669,0.0370311380228906,0.107395590968041,0.183329619833006,0.227120594622763,0.337410120954152,0.461459531837669,0.0370311380228906,0.107395590968041,0.183329619833006,0.227120594622763,0.337410120954152,0.461459531837669,0.5,1
2.37,3.286,1.21232,0.2,0.0365428656030217,0.103993639036334,0.168135860180864,0.198994939189456,0.297887556595372,0.406840405426217,0.0365428656030217,0.103993639036334,0.168135860180864,0.198994939189456,0.297887556595372,0.406840405426217,0.0365428656030217,0.103993639036334,0.168135860180864,0.198994939189456,0.297887556595372,0.406840405426217,0.5,1
10.71,5.706,1.16944,0.2,0.0306956876249362,0.104533991098378,0.185435360674528,0.279444213240633,0.329907123512886,0.430187469162747,0.0306956876249362,0.104533991098378,0.185435360674528,0.279444213240633,0.329907123512886,0.430187469162747,0.0306956876249362,0.104533991098378,0.185435360674528,0.279444213240633,0.329907123512886,0.430187469162747,0.5,1
2.07,17.85,1.29104,0.2,0.0293067021180014,0.0995601018739097,0.182721148946168,0.260526296169003,0.312071795477974,0.397974087951894,0.0293067021180014,0.0995601018739097,0.182721148946168,0.260526296169003,0.312071795477974,0.397974087951894,0.0293067021180014,0.0995601018739097,0.182721148946168,0.260526296169003,0.312071795477974,0.397974087951894,0.5,1
-0.630000000000001,14.638,1.1592,0.2,0.0356715746633025,0.113917600725742,0.176124068134546,0.270797729894322,0.354189780728292,0.399894818770537,0.0356715746633025,0.113917600725742,0.176124068134546,0.270797729894322,0.354189780728292,0.399894818770537,0.0356715746633025,0.113917600725742,0.176124068134546,0.270797729894322,0.354189780728292,0.399894818770537,0.5,1
-1.95,12.614,1.1432,0.2,0.0321299271806879,0.107296302977493,0.179591139924396,0.225912608878739,0.29654618200379,0.336343419904449,0.0321299271806879,0.107296302977493,0.179591139924396,0.225912608878739,0.29654618200379,0.336343419904449,0.0321299271806879,0.107296302977493,0.179591139924396,0.225912608878739,0.29654618200379,0.336343419904449,0.5,1
4.35,8.126,1.15152,0.2,0.0378583771357481,0.114644299614711,0.153851122112979,0.242468270834428,0.327523436672913,0.401334731748617,0.0378583771357481,0.114644299614711,0.153851122112979,0.242468270834428,0.327523436672913,0.401334731748617,0.0378583771357481,0.114644299614711,0.153851122112979,0.242468270834428,0.327523436672913,0.401334731748617,0.5,1
14.01,5.398,1.27952,0.2,0.0390982491527767,0.110502551271059,0.176208060423684,0.249428575365283,0.313121055838811,0.401295885428473,0.0390982491527767,0.110502551271059,0.176208060423684,0.249428575365283,0.313121055838811,0.401295885428473,0.0390982491527767,0.110502551271059,0.176208060423684,0.249428575365283,0.313121055838811,0.401295885428473,0.5,1
-0.51,18.51,1.11312,0.2,0.0351468997259924,0.108247367410168,0.190210661177939,0.264450451659831,0.348666578111814,0.466722855655733,0.0351468997259924,0.108247367410168,0.190210661177939,0.264450451659831,0.348666578111814,0.466722855655733,0.0351468997259924,0.108247367410168,0.190210661177939,0.264450451659831,0.348666578111814,0.466722855655733,0.5,1
-9.57,23.834,1.26096,0.2,0.0321156757789053,0.110489406301441,0.199875229993431,0.28727976789675,0.346500378015844,0.468728669054038,0.0321156757789053,0.110489406301441,0.199875229993431,0.28727976789675,0.346500378015844,0.468728669054038,0.0321156757789053,0.110489406301441,0.199875229993431,0.28727976789675,0.346500378015844,0.468728669054038,0.5,1
11.61,6.542,1.11696,0.2,0.0288358490922064,0.110223898124606,0.181905124978133,0.248582013218408,0.310855417596691,0.408306948082001,0.0288358490922064,0.110223898124606,0.181905124978133,0.248582013218408,0.310855417596691,0.408306948082001,0.0288358490922064,0.110223898124606,0.181905124978133,0.248582013218408,0.310855417596691,0.408306948082001,0.5,1
5.97,18.598,1.18288,0.2,0.0354573772797173,0.113877559960944,0.17392365110457,0.261717116576077,0.361290571243355,0.529393612087221,0.0354573772797173,0.113877559960944,0.17392365110457,0.261717116576077,0.361290571243355,0.529393612087221,0.0354573772797173,0.113877559960944,0.17392365110457,0.261717116576077,0.361290571243355,0.529393612087221,0.5,1
6.21,3.946,1.22256,0.2,0.0364906375436312,0.111881063518535,0.222580762231943,0.311154921339239,0.392765092643837,0.491840971533324,0.0364906375436312,0.111881063518535,0.222580762231943,0.311154921339239,0.392765092643837,0.491840971533324,0.0364906375436312,0.111881063518535,0.222580762231943,0.311154921339239,0.392765092643837,0.491840971533324,0.5,1
13.83,11.514,1.188,0.2,0.0304943827208918,0.0897465379146039,0.159733068761679,0.227729358119973,0.312087977251567,0.43207434749848,0.0304943827208918,0.0897465379146039,0.159733068761679,0.227729358119973,0.312087977251567,0.43207434749848,0.0304943827208918,0.0897465379146039,0.159733068761679,0.227729358119973,0.312087977251567,0.43207434749848,0.5,1
2.55,9.182,1.11056,0.2,0.0392863701781503,0.0997981250723203,0.18222013675164,0.255441542415881,0.385871517302945,0.469663477537164,0.0392863701781503,0.0997981250723203,0.18222013675164,0.255441542415881,0.385871517302945,0.469663477537164,0.0392863701781503,0.0997981250723203,0.18222013675164,0.255441542415881,0.385871517302945,0.469663477537164,0.5,1
11.07,24.274,1.15408,0.2,0.0289223646530157,0.0908120051378328,0.159183116657191,0.234070253719838,0.34589264184661,0.450125035845403,0.0289223646530157,0.0908120051378328,0.159183116657191,0.234070253719838,0.34589264184661,0.450125035845403,0.0289223646530157,0.0908120051378328,0.159183116657191,0.234070253719838,0.34589264184661,0.450125035845403,0.5,1
10.89,10.986,1.15088,0.2,0.0379587293193148,0.104026484340044,0.182691779635618,0.205522498637272,0.285223344101571,0.456509109314469,0.0379587293193148,0.104026484340044,0.182691779635618,0.205522498637272,0.285223344101571,0.456509109314469,0.0379587293193148,0.104026484340044,0.182691779635618,0.205522498637272,0.285223344101571,0.456509109314469,0.5,1
12.93,5.618,1.2392,0.2,0.034062815482904,0.113485302358948,0.196261058563001,0.277670378504247,0.366960882581463,0.419575095374909,0.034062815482904,0.113485302358948,0.196261058563001,0.277670378504247,0.366960882581463,0.419575095374909,0.034062815482904,0.113485302358948,0.196261058563001,0.277670378504247,0.366960882581463,0.419575095374909,0.5,1
1.23,14.858,1.13424,0.2,0.0332506751285934,0.119293532347459,0.197893826203743,0.258248061386016,0.320073129375632,0.40359708895701,0.0332506751285934,0.119293532347459,0.197893826203743,0.258248061386016,0.320073129375632,0.40359708895701,0.0332506751285934,0.119293532347459,0.197893826203743,0.258248061386016,0.320073129375632,0.40359708895701,0.5,1
-9.51,21.15,1.20848,0.2,0.0305393780330529,0.100278634408596,0.161404346516096,0.262298865306965,0.367375934679114,0.475151469575979,0.0305393780330529,0.100278634408596,0.161404346516096,0.262298865306965,0.367375934679114,0.475151469575979,0.0305393780330529,0.100278634408596,0.161404346516096,0.262298865306965,0.367375934679114,0.475151469575979,0.5,1
-5.73,15.826,1.40688,0.2,0.0371114409025071,0.111444697299771,0.189014598695261,0.259740413153239,0.33837777140213,0.463521802700841,0.0371114409025071,0.111444697299771,0.189014598695261,0.259740413153239,0.33837777140213,0.463521802700841,0.0371114409025071,0.111444697299771,0.189014598695261,0.259740413153239,0.33837777140213,0.463521802700841,0.5,1
-2.25,12.086,1.31728,0.2,0.0297296797943545,0.117200599753709,0.194008134735049,0.252671612175185,0.313135430419715,0.378826031448266,0.0297296797943545,0.117200599753709,0.194008134735049,0.252671612175185,0.313135430419715,0.378826031448266,0.0297296797943545,0.117200599753709,0.194008134735049,0.252671612175185,0.313135430419715,0.378826031448266,0.5,1
6.45,20.05,1.19696,0.2,0.0325799443372037,0.0998191913728289,0.162123402708825,0.236691094250159,0.327166433573814,0.389662487912647,0.0325799443372037,0.0998191913728289,0.162123402708825,0.236691094250159,0.327166433573814,0.389662487912647,0.0325799443372037,0.0998191913728289,0.162123402708825,0.236691094250159,0.327166433573814,0.389662487912647,0.5,1
8.49,15.474,1.38896,0.2,0.0266779098015076,0.100691095347459,0.163771089312217,0.236731351717295,0.304372270890391,0.405691253485296,0.0266779098015076,0.100691095347459,0.163771089312217,0.236731351717295,0.304372270890391,0.405691253485296,0.0266779098015076,0.100691095347459,0.163771089312217,0.236731351717295,0.304372270890391,0.405691253485296,0.5,1
-5.43,7.95,1.34928,0.2,0.030198204528088,0.10186076391402,0.16951885667848,0.242826029064439,0.325778369221062,0.364412229331737,0.030198204528088,0.10186076391402,0.16951885667848,0.242826029064439,0.325778369221062,0.364412229331737,0.030198204528088,0.10186076391402,0.16951885667848,0.242826029064439,0.325778369221062,0.364412229331737,0.5,1
6.03,21.018,1.204,0.2,0.0312244708811441,0.0875174666670207,0.158757959356975,0.210513022112357,0.275333393128756,0.395706045829538,0.0312244708811441,0.0875174666670207,0.158757959356975,0.210513022112357,0.275333393128756,0.395706045829538,0.0312244708811441,0.0875174666670207,0.158757959356975,0.210513022112357,0.275333393128756,0.395706045829538,0.5,1
-8.25,4.078,1.12016,0.2,0.029075393216044,0.105878295862797,0.177997600140139,0.2447057648899,0.330201925288099,0.428184230950249,0.029075393216044,0.105878295862797,0.177997600140139,0.2447057648899,0.330201925288099,0.428184230950249,0.029075393216044,0.105878295862797,0.177997600140139,0.2447057648899,0.330201925288099,0.428184230950249,0.5,1
10.41,10.59,1.332,0.2,0.0361678723885727,0.135839700912362,0.224081967501429,0.307577152539599,0.367429570747429,0.457132668591095,0.0361678723885727,0.135839700912362,0.224081967501429,0.307577152539599,0.367429570747429,0.457132668591095,0.0361678723885727,0.135839700912362,0.224081967501429,0.307577152539599,0.367429570747429,0.457132668591095,0.5,1
-9.81,14.726,1.23472,0.2,0.0290753837692007,0.0879428930389342,0.152339513964614,0.203942568410052,0.285053199630413,0.397521149057492,0.0290753837692007,0.0879428930389342,0.152339513964614,0.203942568410052,0.285053199630413,0.397521149057492,0.0290753837692007,0.0879428930389342,0.152339513964614,0.203942568410052,0.285053199630413,0.397521149057492,0.5,1
-6.51,4.342,1.26032,0.2,0.0353721136706604,0.107914958030408,0.168498155581684,0.28418759697803,0.365764088743328,0.438224528076266,0.0353721136706604,0.107914958030408,0.168498155581684,0.28418759697803,0.365764088743328,0.438224528076266,0.0353721136706604,0.107914958030408,0.168498155581684,0.28418759697803,0.365764088743328,0.438224528076266,0.5,1
-10.77,23.086,1.40816,0.2,0.0374724963505722,0.10806936282556,0.210768774343605,0.316312854891184,0.390797101177228,0.511847112941719,0.0374724963505722,0.10806936282556,0.210768774343605,0.316312854891184,0.390797101177228,0.511847112941719,0.0374724963505722,0.10806936282556,0.210768774343605,0.316312854891184,0.390797101177228,0.511847112941719,0.5,1
3.09,17.454,1.20912,0.2,0.0342161735590213,0.0993063424778023,0.192691721045885,0.291516866906289,0.340690727183957,0.373614579435869,0.0342161735590213,0.0993063424778023,0.192691721045885,0.291516866906289,0.340690727183957,0.373614579435869,0.0342161735590213,0.0993063424778023,0.192691721045885,0.291516866906289,0.340690727183957,0.373614579435869,0.5,1
7.29,18.73,1.39536,0.2,0.0316826166080403,0.121285532834292,0.195927045619201,0.259189428707539,0.352150010363404,0.44175377564464,0.0316826166080403,0.121285532834292,0.195927045619201,0.259189428707539,0.352150010363404,0.44175377564464,0.0316826166080403,0.121285532834292,0.195927045619201,0.259189428707539,0.352150010363404,0.44175377564464,0.5,1
7.65,23.79,1.1272,0.2,0.0361985536270657,0.101879413338533,0.197847505834911,0.275587538136731,0.316324896051859,0.429275315513255,0.0361985536270657,0.101879413338533,0.197847505834911,0.275587538136731,0.316324896051859,0.429275315513255,0.0361985536270657,0.101879413338533,0.197847505834911,0.275587538136731,0.316324896051859,0.429275315513255,0.5,1
4.77,4.958,1.12912,0.2,0.03279510165081,0.132157410762284,0.215889723633682,0.301513719211282,0.352464650095056,0.427519577230287,0.03279510165081,0.132157410762284,0.215889723633682,0.301513719211282,0.352464650095056,0.427519577230287,0.03279510165081,0.132157410762284,0.215889723633682,0.301513719211282,0.352464650095056,0.427519577230287,0.5,1
-6.27,14.594,1.27632,0.2,0.0419509331907865,0.127870846823096,0.214176746266265,0.271240543762793,0.309194661542744,0.360097547177199,0.0419509331907865,0.127870846823096,0.214176746266265,0.271240543762793,0.309194661542744,0.360097547177199,0.0419509331907865,0.127870846823096,0.214176746266265,0.271240543762793,0.309194661542744,0.360097547177199,0.5,1
-2.91,5.222,1.3032,0.2,0.0351478740917343,0.0937450905296427,0.158754745983451,0.211407097073991,0.296907093199379,0.354021230879768,0.0351478740917343,0.0937450905296427,0.158754745983451,0.211407097073991,0.296907093199379,0.354021230879768,0.0351478740917343,0.0937450905296427,0.158754745983451,0.211407097073991,0.296907093199379,0.354021230879768,0.5,1
-10.83,8.346,1.12144,0.2,0.0406133363744888,0.111309446168887,0.18307263953279,0.247307799124405,0.324528963192475,0.429344815154591,0.0406133363744888,0.111309446168887,0.18307263953279,0.247307799124405,0.324528963192475,0.429344815154591,0.0406133363744888,0.111309446168887,0.18307263953279,0.247307799124405,0.324528963192475,0.429344815154591,0.5,1
3.45,6.85,1.10672,0.2,0.0326637923795486,0.0998580870478021,0.197968266886162,0.317487172263797,0.392009892873836,0.471885122815929,0.0326637923795486,0.0998580870478021,0.197968266886162,0.317487172263797,0.392009892873836,0.471885122815929,0.0326637923795486,0.0998580870478021,0.197968266886162,0.317487172263797,0.392009892873836,0.471885122815929,0.5,1
-11.13,11.382,1.32112,0.2,0.0376259521605617,0.111353655820922,0.211433786618693,0.263063568874837,0.340220447258671,0.436720053317888,0.0376259521605617,0.111353655820922,0.211433786618693,0.263063568874837,0.340220447258671,0.436720053317888,0.0376259521605617,0.111353655820922,0.211433786618693,0.263063568874837,0.340220447258671,0.436720053317888,0.5,1
4.53,16.926,1.23536,0.2,0.0331852939964715,0.125047722859217,0.198745940797162,0.258801467748889,0.339252301436871,0.420944526297594,0.0331852939964715,0.125047722859217,0.198745940797162,0.258801467748889,0.339252301436871,0.420944526297594,0.0331852939964715,0.125047722859217,0.198745940797162,0.258801467748889,0.339252301436871,0.420944526297594,0.5,1
9.69,4.166,1.16368,0.2,0.0312609290248093,0.111241672355209,0.178998166224685,0.26515963688016,0.362479372796869,0.471633675007095,0.0312609290248093,0.111241672355209,0.178998166224685,0.26515963688016,0.362479372796869,0.471633675007095,0.0312609290248093,0.111241672355209,0.178998166224685,0.26515963688016,0.362479372796869,0.471633675007095,0.5,1
-13.35,11.91,1.25072,0.2,0.0384686512245479,0.129076472975164,0.203362513383312,0.277718191867803,0.391552898216601,0.51991723328648,0.0384686512245479,0.129076472975164,0.203362513383312,0.277718191867803,0.391552898216601,0.51991723328648,0.0384686512245479,0.129076472975164,0.203362513383312,0.277718191867803,0.391552898216601,0.51991723328648,0.5,1
4.89,16.046,1.18928,0.2,0.0418522165825644,0.119189145285743,0.156513150950328,0.259824792172694,0.350777798110048,0.470805722235314,0.0418522165825644,0.119189145285743,0.156513150950328,0.259824792172694,0.350777798110048,0.470805722235314,0.0418522165825644,0.119189145285743,0.156513150950328,0.259824792172694,0.350777798110048,0.470805722235314,0.5,1
9.03,10.502,1.41968,0.2,0.0339260486122471,0.105622075013526,0.187635381988597,0.280800472086859,0.333131138581592,0.434104202227329,0.0339260486122471,0.105622075013526,0.187635381988597,0.280800472086859,0.333131138581592,0.434104202227329,0.0339260486122471,0.105622075013526,0.187635381988597,0.280800472086859,0.333131138581592,0.434104202227329,0.5,1
14.85,16.618,1.4024,0.2,0.0390119145181082,0.104676053807881,0.194375263826912,0.253020801312583,0.334328735864252,0.487822929707449,0.0390119145181082,0.104676053807881,0.194375263826912,0.253020801312583,0.334328735864252,0.487822929707449,0.0390119145181082,0.104676053807881,0.194375263826912,0.253020801312583,0.334328735864252,0.487822929707449,0.5,1
-8.61,11.558,1.38448,0.2,0.0414401093075406,0.0992394575728279,0.146222349053682,0.235223822273222,0.356849260129811,0.464060835157326,0.0414401093075406,0.0992394575728279,0.146222349053682,0.235223822273222,0.356849260129811,0.464060835157326,0.0414401093075406,0.0992394575728279,0.146222349053682,0.235223822273222,0.356849260129811,0.464060835157326,0.5,1
-8.91,13.45,1.36464,0.2,0.0356644705493672,0.123364030489985,0.21783217437838,0.309703249073984,0.378081449295538,0.49543362488657,0.0356644705493672,0.123364030489985,0.21783217437838,0.309703249073984,0.378081449295538,0.49543362488657,0.0356644705493672,0.123364030489985,0.21783217437838,0.309703249073984,0.378081449295538,0.49543362488657,0.5,1
5.85,3.462,1.33072,0.2,0.0320724059930465,0.101703887250944,0.185151123386995,0.229597872538372,0.339232893338583,0.439572836804026,0.0320724059930465,0.101703887250944,0.185151123386995,0.229597872538372,0.339232893338583,0.439572836804026,0.0320724059930465,0.101703887250944,0.185151123386995,0.229597872538372,0.339232893338583,0.439572836804026,0.5,1
-5.01,13.406,1.28784,0.2,0.0328865398413776,0.118788106585911,0.191525445773355,0.278246765300305,0.369857229188979,0.486509113821431,0.0328865398413776,0.118788106585911,0.191525445773355,0.278246765300305,0.369857229188979,0.486509113821431,0.0328865398413776,0.118788106585911,0.191525445773355,0.278246765300305,0.369857229188979,0.486509113821431,0.5,1
-8.07,24.186,1.34672,0.2,0.0389132403160212,0.0993257884048199,0.183913590516775,0.251427531939183,0.325645216521784,0.407191681746758,0.0389132403160212,0.0993257884048199,0.183913590516775,0.251427531939183,0.325645216521784,0.407191681746758,0.0389132403160212,0.0993257884048199,0.183913590516775,0.251427531939183,0.325645216521784,0.407191681746758,0.5,1
-1.23,5.31,1.18096,0.2,0.0359385077972877,0.102280991658756,0.195240805465567,0.2606872542665,0.332264977842953,0.457478877625556,0.0359385077972877,0.102280991658756,0.195240805465567,0.2606872542665,0.332264977842953,0.457478877625556,0.0359385077972877,0.102280991658756,0.195240805465567,0.2606872542665,0.332264977842953,0.457478877625556,0.5,1
10.17,18.334,1.36592,0.2,0.0360733586628383,0.104874142791577,0.160419524129891,0.215111775757729,0.267405814201043,0.361749054145846,0.0360733586628383,0.104874142791577,0.160419524129891,0.215111775757729,0.267405814201043,0.361749054145846,0.0360733586628383,0.104874142791577,0.160419524129891,0.215111775757729,0.267405814201043,0.361749054145846,0.5,1
12.81,17.234,1.35504,0.2,0.0386205890686716,0.0891613303550326,0.176777223748602,0.255629000494418,0.323081113497252,0.368641437599591,0.0386205890686716,0.0891613303550326,0.176777223748602,0.255629000494418,0.323081113497252,0.368641437599591,0.0386205890686716,0.0891613303550326,0.176777223748602,0.255629000494418,0.323081113497252,0.368641437599591,0.5,1
12.03,18.774,1.3512,0.2,0.038807361666759,0.122302327412376,0.183922491675519,0.26869164138926,0.342166342929187,0.432313904410154,0.038807361666759,0.122302327412376,0.183922491675519,0.26869164138926,0.342166342929187,0.432313904410154,0.038807361666759,0.122302327412376,0.183922491675519,0.26869164138926,0.342166342929187,0.432313904410154,0.5,1
0.870000000000001,15.87,1.14384,0.2,0.0328585016251184,0.0972555459421032,0.141118598356537,0.21791747070762,0.302068427746751,0.370336305210677,0.0328585016251184,0.0972555459421032,0.141118598356537,0.21791747070762,0.302068427746751,0.370336305210677,0.0328585016251184,0.0972555459421032,0.141118598356537,0.21791747070762,0.302068427746751,0.370336305210677,0.5,1
-2.55,5.134,1.28336,0.2,0.0314952785746311,0.10915962253912,0.1957813915727,0.260140445198091,0.314344916112472,0.386182318416691,0.0314952785746311,0.10915962253912,0.1957813915727,0.260140445198091,0.314344916112472,0.386182318416691,0.0314952785746311,0.10915962253912,0.1957813915727,0.260140445198091,0.314344916112472,0.386182318416691,0.5,1
5.19,7.642,1.32368,0.2,0.0343833257565295,0.102701390958051,0.208228463109704,0.291637997662739,0.346516563844491,0.44570113358101,0.0343833257565295,0.102701390958051,0.208228463109704,0.291637997662739,0.346516563844491,0.44570113358101,0.0343833257565295,0.102701390958051,0.208228463109704,0.291637997662739,0.346516563844491,0.44570113358101,0.5,1
-11.79,11.998,1.1528,0.2,0.031745579471584,0.107244598452633,0.187705297686729,0.247949104084561,0.328318124418938,0.434573403744837,0.031745579471584,0.107244598452633,0.187705297686729,0.247949104084561,0.328318124418938,0.434573403744837,0.031745579471584,0.107244598452633,0.187705297686729,0.247949104084561,0.328318124418938,0.434573403744837,0.5,1
-11.43,14.198,1.10736,0.2,0.0351440967138415,0.0893165241167313,0.161631288606473,0.219984041901412,0.258293149560707,0.336703944879973,0.0351440967138415,0.0893165241167313,0.161631288606473,0.219984041901412,0.258293149560707,0.336703944879973,0.0351440967138415,0.0893165241167313,0.161631288606473,0.219984041901412,0.258293149560707,0.336703944879973,0.5,1
4.23,13.054,1.18352,0.2,0.0329918690774271,0.0997285785013801,0.162176043257427,0.225422483061465,0.314048041124817,0.435883911165704,0.0329918690774271,0.0997285785013801,0.162176043257427,0.225422483061465,0.314048041124817,0.435883911165704,0.0329918690774271,0.0997285785013801,0.162176043257427,0.225422483061465,0.314048041124817,0.435883911165704,0.5,1
-1.11,20.27,1.1368,0.2,0.0343586644165594,0.101466673283191,0.173654196617365,0.239771483330696,0.29784865374113,0.435464140957157,0.0343586644165594,0.101466673283191,0.173654196617365,0.239771483330696,0.29784865374113,0.435464140957157,0.0343586644165594,0.101466673283191,0.173654196617365,0.239771483330696,0.29784865374113,0.435464140957157,0.5,1
5.13,12.658,1.22576,0.2,0.0315700009265918,0.110346002302722,0.190690021613267,0.247274736522058,0.335529478583572,0.406302731612924,0.0315700009265918,0.110346002302722,0.190690021613267,0.247274736522058,0.335529478583572,0.406302731612924,0.0315700009265918,0.110346002302722,0.190690021613267,0.247274736522058,0.335529478583572,0.406302731612924,0.5,1
7.95,14.682,1.3864,0.2,0.0425685785336588,0.110190269343257,0.172054102779896,0.265921143298038,0.378529594027532,0.488926333898686,0.0425685785336588,0.110190269343257,0.172054102779896,0.265921143298038,0.378529594027532,0.488926333898686,0.0425685785336588,0.110190269343257,0.172054102779896,0.265921143298038,0.378529594027532,0.488926333898686,0.5,1
5.43,7.686,1.156,0.2,0.0317667267769081,0.0982624470658289,0.187686093509604,0.216587850995816,0.256354851439913,0.368756180461046,0.0317667267769081,0.0982624470658289,0.187686093509604,0.216587850995816,0.256354851439913,0.368756180461046,0.0317667267769081,0.0982624470658289,0.187686093509604,0.216587850995816,0.256354851439913,0.368756180461046,0.5,1
12.27,4.65,1.29552,0.2,0.0310502816893745,0.105286599316912,0.204563161377692,0.309114641466897,0.391064758486476,0.483198468864507,0.0310502816893745,0.105286599316912,0.204563161377692,0.309114641466897,0.391064758486476,0.483198468864507,0.0310502816893745,0.105286599316912,0.204563161377692,0.309114641466897,0.391064758486476,0.483198468864507,0.5,1
14.13,17.542,1.37232,0.2,0.0358354110088359,0.116471196470256,0.192512153718684,0.27369867118589,0.363319301865441,0.520237906563914,0.0358354110088359,0.116471196470256,0.192512153718684,0.27369867118589,0.363319301865441,0.520237906563914,0.0358354110088359,0.116471196470256,0.192512153718684,0.27369867118589,0.363319301865441,0.520237906563914,0.5,1
14.19,17.806,1.29488,0.2,0.0326085162560606,0.11976387735614,0.204175846225687,0.312996554183327,0.402941594957346,0.47447901993816,0.0326085162560606,0.11976387735614,0.204175846225687,0.312996554183327,0.402941594957346,0.47447901993816,0.0326085162560606,0.11976387735614,0.204175846225687,0.312996554183327,0.402941594957346,0.47447901993816,0.5,1
-5.37,23.174,1.24624,0.2,0.0389989703920672,0.115764522135038,0.17752527180153,0.238525969630395,0.333964899197226,0.462937882811633,0.0389989703920672,0.115764522135038,0.17752527180153,0.238525969630395,0.333964899197226,0.462937882811633,0.0389989703920672,0.115764522135038,0.17752527180153,0.238525969630395,0.333964899197226,0.462937882811633,0.5,1
1.83,15.342,1.13296,0.2,0.0341743741981751,0.100066816037491,0.185139484128837,0.260846520344838,0.336079443381327,0.496210703284346,0.0341743741981751,0.100066816037491,0.185139484128837,0.260846520344838,0.336079443381327,0.496210703284346,0.0341743741981751,0.100066816037491,0.185139484128837,0.260846520344838,0.336079443381327,0.496210703284346,0.5,1
12.51,14.418,1.4056,0.2,0.0347446719951009,0.100160067676797,0.18790044442923,0.285822233923055,0.365776425082912,0.432496978376589,0.0347446719951009,0.100160067676797,0.18790044442923,0.285822233923055,0.365776425082912,0.432496978376589,0.0347446719951009,0.100160067676797,0.18790044442923,0.285822233923055,0.365776425082912,0.432496978376589,0.5,1
-8.79,7.994,1.17648,0.2,0.0321725317647354,0.0942355152306174,0.167775442307739,0.224483914762433,0.319265845331933,0.410860697629585,0.0321725317647354,0.0942355152306174,0.167775442307739,0.224483914762433,0.319265845331933,0.410860697629585,0.0321725317647354,0.0942355152306174,0.167775442307739,0.224483914762433,0.319265845331933,0.410860697629585,0.5,1
-7.41,24.054,1.34864,0.2,0.0364967569643293,0.121484511973985,0.193157326893756,0.233988296407361,0.308949483929661,0.432942612407185,0.0364967569643293,0.121484511973985,0.193157326893756,0.233988296407361,0.308949483929661,0.432942612407185,0.0364967569643293,0.121484511973985,0.193157326893756,0.233988296407361,0.308949483929661,0.432942612407185,0.5,1
8.25,22.162,1.38256,0.2,0.0362273113199034,0.108955723773788,0.205416041023134,0.255757705351743,0.344148664090359,0.446228417860648,0.0362273113199034,0.108955723773788,0.205416041023134,0.255757705351743,0.344148664090359,0.446228417860648,0.0362273113199034,0.108955723773788,0.205416041023134,0.255757705351743,0.344148664090359,0.446228417860648,0.5,1
13.35,10.546,1.412,0.2,0.0344849107663366,0.116090135681438,0.184268572341037,0.267599264135613,0.343928821436743,0.415891541679205,0.0344849107663366,0.116090135681438,0.184268572341037,0.267599264135613,0.343928821436743,0.415891541679205,0.0344849107663366,0.116090135681438,0.184268572341037,0.267599264135613,0.343928821436743,0.415891541679205,0.5,1
-3.81,4.87,1.22512,0.2,0.0417430726063371,0.0910342763037258,0.157984425259699,0.243939466774371,0.327238262795418,0.474884133633894,0.0417430726063371,0.0910342763037258,0.157984425259699,0.243939466774371,0.327238262795418,0.474884133633894,0.0417430726063371,0.0910342763037258,0.157984425259699,0.243939466774371,0.327238262795418,0.474884133633894,0.5,1
7.77,23.702,1.28848,0.2,0.0341279841069702,0.104763028918515,0.172781446459782,0.30068647115477,0.349685340261347,0.378207065947398,0.0341279841069702,0.104763028918515,0.172781446459782,0.30068647115477,0.349685340261347,0.378207065947398,0.0341279841069702,0.104763028918515,0.172781446459782,0.30068647115477,0.349685340261347,0.378207065947398,0.5,1
-3.99,24.538,1.14704,0.2,0.0385459372982048,0.106147242457341,0.150450509520015,0.222040404989722,0.302301810407401,0.433589546715769,0.0385459372982048,0.106147242457341,0.150450509520015,0.222040404989722,0.302301810407401,0.433589546715769,0.0385459372982048,0.106147242457341,0.150450509520015,0.222040404989722,0.302301810407401,0.433589546715769,0.5,1
11.97,19.302,1.36656,0.2,0.0377656578820668,0.11106318847271,0.198664524844823,0.254741094742771,0.331762508795317,0.480250352913818,0.0377656578820668,0.11106318847271,0.198664524844823,0.254741094742771,0.331762508795317,0.480250352913818,0.0377656578820668,0.11106318847271,0.198664524844823,0.254741094742771,0.331762508795317,0.480250352913818,0.5,1
1.35,23.438,1.2744,0.2,0.0339080939487156,0.0894221936335569,0.167802321793628,0.238594474412481,0.326812216250208,0.419922209285009,0.0339080939487156,0.0894221936335569,0.167802321793628,0.238594474412481,0.326812216250208,0.419922209285009,0.0339080939487156,0.0894221936335569,0.167802321793628,0.238594474412481,0.326812216250208,0.419922209285009,0.5,1
-1.77,17.41,1.28208,0.2,0.0341430506804028,0.112377012847202,0.18609463632774,0.24333488348768,0.316530919207784,0.465070966536933,0.0341430506804028,0.112377012847202,0.18609463632774,0.24333488348768,0.316530919207784,0.465070966536933,0.0341430506804028,0.112377012847202,0.18609463632774,0.24333488348768,0.316530919207784,0.465070966536933,0.5,1
-3.39,8.61,1.3736,0.2,0.0297951075023223,0.097588064592378,0.192660627351976,0.261674010878018,0.354585028174692,0.443640718082452,0.0297951075023223,0.097588064592378,0.192660627351976,0.261674010878018,0.354585028174692,0.443640718082452,0.0297951075023223,0.097588064592378,0.192660627351976,0.261674010878018,0.354585028174692,0.443640718082452,0.5,1
0.27,6.674,1.24496,0.2,0.0533622536289861,0.162591636486963,0.245268459678706,0.352627032972414,0.375137631377612,0.563080841897492,0.0533622536289861,0.162591636486963,0.245268459678706,0.352627032972414,0.375137631377612,0.563080841897492,0.0533622536289861,0.162591636486963,0.245268459678706,0.352627032972414,0.375137631377612,0.563080841897492,0.75,1
13.77,18.554,1.3544,0.2,0.0519176373590956,0.155779817446542,0.265851170482691,0.344049458563832,0.466502929424396,0.683053831492729,0.0519176373590956,0.155779817446542,0.265851170482691,0.344049458563832,0.466502929424396,0.683053831492729,0.0519176373590956,0.155779817446542,0.265851170482691,0.344049458563832,0.466502929424396,0.683053831492729,0.75,1
-14.67,4.694,1.2136,0.2,0.0388193326901255,0.15935981017224,0.273125708708572,0.313253626319949,0.429190198706983,0.55410031402751,0.0388193326901255,0.15935981017224,0.273125708708572,0.313253626319949,0.429190198706983,0.55410031402751,0.0388193326901255,0.15935981017224,0.273125708708572,0.313253626319949,0.429190198706983,0.55410031402751,0.75,1
6.93,20.886,1.20976,0.2,0.0574643240833454,0.171148868081921,0.265514785644209,0.399716086337359,0.50079993547699,0.707533723991079,0.0574643240833454,0.171148868081921,0.265514785644209,0.399716086337359,0.50079993547699,0.707533723991079,0.0574643240833454,0.171148868081921,0.265514785644209,0.399716086337359,0.50079993547699,0.707533723991079,0.75,1
-11.97,22.382,1.12464,0.2,0.0520542912643836,0.167761931436457,0.29680365311335,0.462740607962259,0.590567060060744,0.717330205346755,0.0520542912643836,0.167761931436457,0.29680365311335,0.462740607962259,0.590567060060744,0.717330205346755,0.0520542912643836,0.167761931436457,0.29680365311335,0.462740607962259,0.590567060060744,0.717330205346755,0.75,1
-11.01,9.402,1.23984,0.2,0.0544398880173981,0.196842836008813,0.300942801702556,0.464341020563283,0.556215867421407,0.715144586675916,0.0544398880173981,0.196842836008813,0.300942801702556,0.464341020563283,0.556215867421407,0.715144586675916,0.0544398880173981,0.196842836008813,0.300942801702556,0.464341020563283,0.556215867421407,0.715144586675916,0.75,1
-6.57,12.79,1.30192,0.2,0.0506063673523616,0.167496823744458,0.27270298187273,0.347876550385944,0.519068937484332,0.578927993372677,0.0506063673523616,0.167496823744458,0.27270298187273,0.347876550385944,0.519068937484332,0.578927993372677,0.0506063673523616,0.167496823744458,0.27270298187273,0.347876550385944,0.519068937484332,0.578927993372677,0.75,1
9.45,7.114,1.23408,0.2,0.0456950158907194,0.168309764143599,0.265688324548601,0.382855556255892,0.483209792501245,0.598270061695104,0.0456950158907194,0.168309764143599,0.265688324548601,0.382855556255892,0.483209792501245,0.598270061695104,0.0456950158907194,0.168309764143599,0.265688324548601,0.382855556255892,0.483209792501245,0.598270061695104,0.75,1
-13.89,15.694,1.1816,0.2,0.063671479701056,0.163037281532541,0.273062399418387,0.38671253673536,0.467902819191043,0.553515589524799,0.063671479701056,0.163037281532541,0.273062399418387,0.38671253673536,0.467902819191043,0.553515589524799,0.063671479701056,0.163037281532541,0.273062399418387,0.38671253673536,0.467902819191043,0.553515589524799,0.75,1
4.11,21.326,1.26608,0.2,0.0500463540449973,0.165298071553247,0.270019538717794,0.389095909892843,0.492228452797901,0.740958365912457,0.0500463540449973,0.165298071553247,0.270019538717794,0.389095909892843,0.492228452797901,0.740958365912457,0.0500463540449973,0.165298071553247,0.270019538717794,0.389095909892843,0.492228452797901,0.740958365912457,0.75,1
14.37,22.646,1.12272,0.2,0.0510706746693326,0.154243557089382,0.286435807466004,0.377899536892599,0.493326998008785,0.614698656363541,0.0510706746693326,0.154243557089382,0.286435807466004,0.377899536892599,0.493326998008785,0.614698656363541,0.0510706746693326,0.154243557089382,0.286435807466004,0.377899536892599,0.493326998008785,0.614698656363541,0.75,1
-9.63,19.434,1.39792,0.2,0.0465577557335203,0.136350495712457,0.259403864642129,0.390884948735942,0.461953451741846,0.64606684799485,0.0465577557335203,0.136350495712457,0.259403864642129,0.390884948735942,0.461953451741846,0.64606684799485,0.0465577557335203,0.136350495712457,0.259403864642129,0.390884948735942,0.461953451741846,0.64606684799485,0.75,1
14.49,20.402,1.19504,0.2,0.0506909487263831,0.168075683211821,0.275547132872665,0.414673124713608,0.586682605234557,0.673969452660958,0.0506909487263831,0.168075683211821,0.275547132872665,0.414673124713608,0.586682605234557,0.673969452660958,0.0506909487263831,0.168075683211821,0.275547132872665,0.414673124713608,0.586682605234557,0.673969452660958,0.75,1
-7.11,5.53,1.37744,0.2,0.0417255368970594,0.173392784365113,0.307566485158561,0.405904458700587,0.511356871323456,0.615674104812788,0.0417255368970594,0.173392784365113,0.307566485158561,0.405904458700587,0.511356871323456,0.615674104812788,0.0417255368970594,0.173392784365113,0.307566485158561,0.405904458700587,0.511356871323456,0.615674104812788,0.75,1
-1.41,11.294,1.30512,0.2,0.041239837213164,0.114405274931134,0.206553780144742,0.221136421046177,0.384454630260044,0.441049225376991,0.041239837213164,0.114405274931134,0.206553780144742,0.221136421046177,0.384454630260044,0.441049225376991,0.041239837213164,0.114405274931134,0.206553780144742,0.221136421046177,0.384454630260044,0.441049225376991,0.75,1
-2.31,13.142,1.10224,0.2,0.0467691364747427,0.173206540078177,0.304369267767103,0.444991338030226,0.508464840041611,0.603687522347887,0.0467691364747427,0.173206540078177,0.304369267767103,0.444991338030226,0.508464840041611,0.603687522347887,0.0467691364747427,0.173206540078177,0.304369267767103,0.444991338030226,0.508464840041611,0.603687522347887,0.75,1
-6.93,24.626,1.1304,0.2,0.0533521708800852,0.164079846309302,0.265445661441747,0.388303683188814,0.564841783139353,0.666179363837299,0.0533521708800852,0.164079846309302,0.265445661441747,0.388303683188814,0.564841783139353,0.666179363837299,0.0533521708800852,0.164079846309302,0.265445661441747,0.388303683188814,0.564841783139353,0.666179363837299,0.75,1
6.33,21.282,1.34096,0.2,0.0549610610752264,0.156396370297418,0.295290996491644,0.405282489627961,0.542962229566012,0.705098755375275,0.0549610610752264,0.156396370297418,0.295290996491644,0.405282489627961,0.542962229566012,0.705098755375275,0.0549610610752264,0.156396370297418,0.295290996491644,0.405282489627961,0.542962229566012,0.705098755375275,0.75,1
4.59,11.822,1.23792,0.2,0.0550114254197876,0.164248260483805,0.303803387327319,0.439148695364781,0.590101474126011,0.776545297783047,0.0550114254197876,0.164248260483805,0.303803387327319,0.439148695364781,0.590101474126011,0.776545297783047,0.0550114254197876,0.164248260483805,0.303803387327319,0.439148695364781,0.590101474126011,0.776545297783047,0.75,1
-2.19,22.03,1.34544,0.2,0.0495180348635701,0.162631492444339,0.29869679383393,0.408154057428165,0.520541613328798,0.62229253721936,0.0495180348635701,0.162631492444339,0.29869679383393,0.408154057428165,0.520541613328798,0.62229253721936,0.0495180348635701,0.162631492444339,0.29869679383393,0.408154057428165,0.520541613328798,0.62229253721936,0.75,1
-1.17,18.466,1.31472,0.2,0.0488127022033064,0.17459401427709,0.263676939961677,0.359762889601799,0.53715995313916,0.658823957368186,0.0488127022033064,0.17459401427709,0.263676939961677,0.359762889601799,0.53715995313916,0.658823957368186,0.0488127022033064,0.17459401427709,0.263676939961677,0.359762889601799,0.53715995313916,0.658823957368186,0.75,1
1.53,23.306,1.11952,0.2,0.0533407737189578,0.188574406184186,0.286643171672431,0.416414504791016,0.568794734392695,0.75289392007554,0.0533407737189578,0.188574406184186,0.286643171672431,0.416414504791016,0.568794734392695,0.75289392007554,0.0533407737189578,0.188574406184186,0.286643171672431,0.416414504791016,0.568794734392695,0.75289392007554,0.75,1
-7.65,19.918,1.23664,0.2,0.0478877768350248,0.146419643175093,0.256731444516244,0.440233413948807,0.545971575483994,0.717808196019271,0.0478877768350248,0.146419643175093,0.256731444516244,0.440233413948807,0.545971575483994,0.717808196019271,0.0478877768350248,0.146419643175093,0.256731444516244,0.440233413948807,0.545971575483994,0.717808196019271,0.75,1
0.690000000000001,9.666,1.2232,0.2,0.055994582939102,0.164322648672546,0.288403161577953,0.433417518812496,0.551507432738347,0.694860952150953,0.055994582939102,0.164322648672546,0.288403161577953,0.433417518812496,0.551507432738347,0.694860952150953,0.055994582939102,0.164322648672546,0.288403161577953,0.433417518812496,0.551507432738347,0.694860952150953,0.75,1
10.23,21.986,1.24688,0.2,0.0481837551478989,0.149212770877075,0.207631013268346,0.375915456937857,0.548183025824507,0.733490251797514,0.0481837551478989,0.149212770877075,0.207631013268346,0.375915456937857,0.548183025824507,0.733490251797514,0.0481837551478989,0.149212770877075,0.207631013268346,0.375915456937857,0.548183025824507,0.733490251797514,0.75,1
0.210000000000001,4.254,1.29168,0.2,0.047722526671302,0.155305451792776,0.270668426097357,0.367213533211394,0.447339458282993,0.552303383648046,0.047722526671302,0.155305451792776,0.270668426097357,0.367213533211394,0.447339458282993,0.552303383648046,0.047722526671302,0.155305451792776,0.270668426097357,0.367213533211394,0.447339458282993,0.552303383648046,0.75,1
11.85,4.474,1.41904,0.2,0.0553522825269238,0.196726982344378,0.308706672478052,0.383535688207076,0.464995728393702,0.568028750444945,0.0553522825269238,0.196726982344378,0.308706672478052,0.383535688207076,0.464995728393702,0.568028750444945,0.0553522825269238,0.196726982344378,0.308706672478052,0.383535688207076,0.464995728393702,0.568028750444945,0.75,1
-11.19,6.762,1.27056,0.2,0.0553599875120974,0.176125382135413,0.322207526788267,0.474840542136881,0.590371771577548,0.63191016253948,0.0553599875120974,0.176125382135413,0.322207526788267,0.474840542136881,0.590371771577548,0.63191016253948,0.0553599875120974,0.176125382135413,0.322207526788267,0.474840542136881,0.590371771577548,0.63191016253948,0.75,1
-4.59,24.89,1.22768,0.2,0.0504770195661758,0.174038714820361,0.308906303847896,0.4211090563228,0.517795326256347,0.645648382759915,0.0504770195661758,0.174038714820361,0.308906303847896,0.4211090563228,0.517795326256347,0.645648382759915,0.0504770195661758,0.174038714820361,0.308906303847896,0.4211090563228,0.517795326256347,0.645648382759915,0.75,1
8.97,11.426,1.29424,0.2,0.0566102072924283,0.160841981685927,0.261580014394947,0.361539919425065,0.467589793021273,0.599646289479519,0.0566102072924283,0.160841981685927,0.261580014394947,0.361539919425065,0.467589793021273,0.599646289479519,0.0566102072924283,0.160841981685927,0.261580014394947,0.361539919425065,0.467589793021273,0.599646289479519,0.75,1
9.99,23.218,1.39728,0.2,0.060329577229433,0.177026788269059,0.318277303014947,0.436617236858349,0.493181475372501,0.674948020893838,0.060329577229433,0.177026788269059,0.318277303014947,0.436617236858349,0.493181475372501,0.674948020893838,0.060329577229433,0.177026788269059,0.318277303014947,0.436617236858349,0.493181475372501,0.674948020893838,0.75,1
-8.43,3.726,1.34416,0.2,0.0545770492891565,0.164817477979691,0.265922309072093,0.409584071868603,0.480222409749171,0.595842856256455,0.0545770492891565,0.164817477979691,0.265922309072093,0.409584071868603,0.480222409749171,0.595842856256455,0.0545770492891565,0.164817477979691,0.265922309072093,0.409584071868603,0.480222409749171,0.595842856256455,0.75,1
-5.07,19.742,1.37808,0.2,0.0443809034678354,0.172507785578637,0.286457946556294,0.445075858085484,0.588112315530833,0.758188796180258,0.0443809034678354,0.172507785578637,0.286457946556294,0.445075858085484,0.588112315530833,0.758188796180258,0.0443809034678354,0.172507785578637,0.286457946556294,0.445075858085484,0.588112315530833,0.758188796180258,0.75,1
-4.53,22.69,1.41264,0.2,0.0494092438256259,0.164037482676238,0.2600875332216,0.378996086997621,0.531668285120054,0.660404910401171,0.0494092438256259,0.164037482676238,0.2600875332216,0.378996086997621,0.531668285120054,0.660404910401171,0.0494092438256259,0.164037482676238,0.2600875332216,0.378996086997621,0.531668285120054,0.660404910401171,0.75,1
4.29,6.322,1.28464,0.2,0.0522092507142632,0.151792268492628,0.288157514205105,0.378213555717976,0.398696650000191,0.552526340710165,0.0522092507142632,0.151792268492628,0.288157514205105,0.378213555717976,0.398696650000191,0.552526340710165,0.0522092507142632,0.151792268492628,0.288157514205105,0.378213555717976,0.398696650000191,0.552526340710165,0.75,1
-4.47,9.27,1.31984,0.2,0.0500629591870069,0.181740212659885,0.316497569285967,0.433493794742567,0.555357491988188,0.679788460865648,0.0500629591870069,0.181740212659885,0.316497569285967,0.433493794742567,0.555357491988188,0.679788460865648,0.0500629591870069,0.181740212659885,0.316497569285967,0.433493794742567,0.555357491988188,0.679788460865648,0.75,1
-13.53,5.354,1.11568,0.2,0.0499964729059601,0.154659627541912,0.286304613755968,0.396512293061567,0.556910397238236,0.733318846656489,0.0499964729059601,0.154659627541912,0.286304613755968,0.396512293061567,0.556910397238236,0.733318846656489,0.0499964729059601,0.154659627541912,0.286304613755968,0.396512293061567,0.556910397238236,0.733318846656489,0.75,1
-2.97,20.182,1.13488,0.2,0.0635329781198558,0.193679573521085,0.339795483655371,0.420327529329092,0.518928638366863,0.718573880434971,0.0635329781198558,0.193679573521085,0.339795483655371,0.420327529329092,0.518928638366863,0.718573880434971,0.0635329781198558,0.193679573521085,0.339795483655371,0.420327529329092,0.518928638366863,0.718573880434971,0.75,1
-6.69,12.262,1.37488,0.2,0.0567550415020345,0.148153739810443,0.272631711410816,0.414377509206547,0.508997531740231,0.682807691936011,0.0567550415020345,0.148153739810443,0.272631711410816,0.414377509206547,0.508997531740231,0.682807691936011,0.0567550415020345,0.148153739810443,0.272631711410816,0.414377509206547,0.508997531740231,0.682807691936011,0.75,1
-4.05,9.974,1.28144,0.2,0.0429580755096448,0.157867227855241,0.286365399595228,0.39063267334414,0.539918231541903,0.630144608792751,0.0429580755096448,0.157867227855241,0.286365399595228,0.39063267334414,0.539918231541903,0.630144608792751,0.0429580755096448,0.157867227855241,0.286365399595228,0.39063267334414,0.539918231541903,0.630144608792751,0.75,1
0.99,20.138,1.28016,0.2,0.0459380460523611,0.166693217342226,0.337327650523012,0.439916679901941,0.556031275228189,0.716949630503756,0.0459380460523611,0.166693217342226,0.337327650523012,0.439916679901941,0.556031275228189,0.716949630503756,0.0459380460523611,0.166693217342226,0.337327650523012,0.439916679901941,0.556031275228189,0.716949630503756,0.75,1
-13.23,20.358,1.22384,0.2,0.0489834070316412,0.168179533881243,0.288455528387107,0.37223917232793,0.505906408287893,0.607457486320103,0.0489834070316412,0.168179533881243,0.288455528387107,0.37223917232793,0.505906408287893,0.607457486320103,0.0489834070316412,0.168179533881243,0.288455528387107,0.37223917232793,0.505906408287893,0.607457486320103,0.75,1
9.51,18.686,1.17456,0.2,0.0565180040151661,0.199911498427538,0.32770624533796,0.415051890585253,0.480637754132811,0.560483527486196,0.0565180040151661,0.199911498427538,0.32770624533796,0.415051890585253,0.480637754132811,0.560483527486196,0.0565180040151661,0.199911498427538,0.32770624533796,0.415051890585253,0.480637754132811,0.560483527486196,0.75,1
1.11,11.03,1.11248,0.2,0.0463280263472602,0.161766461100042,0.303717847125264,0.419451630217178,0.551693865504741,0.743492112996105,0.0463280263472602,0.161766461100042,0.303717847125264,0.419451630217178,0.551693865504741,0.743492112996105,0.0463280263472602,0.161766461100042,0.303717847125264,0.419451630217178,0.551693865504741,0.743492112996105,0.75,1
-6.45,15.65,1.17584,0.2,0.0475031648578099,0.181277002076425,0.284160849272979,0.400292338833985,0.528373534874433,0.622701054716625,0.0475031648578099,0.181277002076425,0.284160849272979,0.400292338833985,0.528373534874433,0.622701054716625,0.0475031648578099,0.181277002076425,0.284160849272979,0.400292338833985,0.528373534874433,0.622701054716625,0.75,1
8.31,6.41,1.2424,0.2,0.0689166883360284,0.176357202274281,0.30773688768884,0.420794919885968,0.531865042707637,0.682174303790467,0.0689166883360284,0.176357202274281,0.30773688768884,0.420794919885968,0.531865042707637,0.682174303790467,0.0689166883360284,0.176357202274281,0.30773688768884,0.420794919885968,0.531865042707637,0.682174303790467,0.75,1
13.17,8.522,1.13232,0.2,0.0472990150273844,0.160864009666301,0.252247486689824,0.303761011193031,0.487554277783709,0.758248224083373,0.0472990150273844,0.160864009666301,0.252247486689824,0.303761011193031,0.487554277783709,0.758248224083373,0.0472990150273844,0.160864009666301,0.252247486689824,0.303761011193031,0.487554277783709,0.758248224083373,0.75,1
-12.21,10.15,1.33264,0.2,0.0552274967759,0.160522093149875,0.246222702697005,0.380217937425935,0.455466179040277,0.614797584999742,0.0552274967759,0.160522093149875,0.246222702697005,0.380217937425935,0.455466179040277,0.614797584999742,0.0552274967759,0.160522093149875,0.246222702697005,0.380217937425935,0.455466179040277,0.614797584999742,0.75,1
5.25,16.354,1.15536,0.2,0.0593356369528201,0.148703465929218,0.276732200115086,0.435769954050373,0.545695779179209,0.680248270034981,0.0593356369528201,0.148703465929218,0.276732200115086,0.435769954050373,0.545695779179209,0.680248270034981,0.0593356369528201,0.148703465929218,0.276732200115086,0.435769954050373,0.545695779179209,0.680248270034981,0.75,1
8.19,17.762,1.23088,0.2,0.0568538492156104,0.156329435881223,0.274498172875261,0.381975133694201,0.450802745117059,0.624135404882126,0.0568538492156104,0.156329435881223,0.274498172875261,0.381975133694201,0.450802745117059,0.624135404882126,0.0568538492156104,0.156329435881223,0.274498172875261,0.381975133694201,0.450802745117059,0.624135404882126,0.75,1
13.65,3.242,1.34224,0.2,0.0587425087613746,0.189948106478715,0.323698248146782,0.429254637022197,0.577477045639842,0.732706498883431,0.0587425087613746,0.189948106478715,0.323698248146782,0.429254637022197,0.577477045639842,0.732706498883431,0.0587425087613746,0.189948106478715,0.323698248146782,0.429254637022197,0.577477045639842,0.732706498883431,0.75,1
12.63,8.434,1.316,0.2,0.0528609174808544,0.155162671827877,0.2955385158317,0.466502834384367,0.520286402396379,0.711375010129458,0.0528609174808544,0.155162671827877,0.2955385158317,0.466502834384367,0.520286402396379,0.711375010129458,0.0528609174808544,0.155162671827877,0.2955385158317,0.466502834384367,0.520286402396379,0.711375010129458,0.75,1
13.41,20.094,1.38704,0.2,0.0551827272978217,0.15446806608604,0.22977989257432,0.355590205744074,0.489926630550997,0.589902341710102,0.0551827272978217,0.15446806608604,0.22977989257432,0.355590205744074,0.489926630550997,0.589902341710102,0.0551827272978217,0.15446806608604,0.22977989257432,0.355590205744074,0.489926630550997,0.589902341710102,0.75,1
-2.01,12.966,1.25328,0.2,0.0536402249577711,0.164677678610049,0.28815331288735,0.451521377769687,0.541661475601306,0.69608260299278,0.0536402249577711,0.164677678610049,0.28815331288735,0.451521377769687,0.541661475601306,0.69608260299278,0.0536402249577711,0.164677678610049,0.28815331288735,0.451521377769687,0.541661475601306,0.69608260299278,0.75,1
-8.97,22.294,1.39216,0.2,0.0528543866361117,0.176496758506558,0.295071904521683,0.426738404255514,0.542182726771631,0.714888999903377,0.0528543866361117,0.176496758506558,0.295071904521683,0.426738404255514,0.542182726771631,0.714888999903377,0.0528543866361117,0.176496758506558,0.295071904521683,0.426738404255514,0.542182726771631,0.714888999903377,0.75,1
-8.85,15.166,1.27376,0.2,0.0536369815539167,0.14528233042261,0.203142227964702,0.285017691802721,0.451226255939519,0.565098964020368,0.0536369815539167,0.14528233042261,0.203142227964702,0.285017691802721,0.451226255939519,0.565098964020368,0.0536369815539167,0.14528233042261,0.203142227964702,0.285017691802721,0.451226255939519,0.565098964020368,0.75,1
-12.69,23.614,1.2776,0.2,0.0522737523035561,0.154279039995928,0.290036016943319,0.436559711367375,0.559806197978121,0.649185775063453,0.0522737523035561,0.154279039995928,0.290036016943319,0.436559711367375,0.559806197978121,0.649185775063453,0.0522737523035561,0.154279039995928,0.290036016943319,0.436559711367375,0.559806197978121,0.649185775063453,0.75,1
9.09,8.83,1.1496,0.2,0.0559290083779141,0.172289232466118,0.284703661352057,0.356865948359597,0.474670370770217,0.651365141557489,0.0559290083779141,0.172289232466118,0.284703661352057,0.356865948359597,0.474670370770217,0.651365141557489,0.0559290083779141,0.172289232466118,0.284703661352057,0.356865948359597,0.474670370770217,0.651365141557489,0.75,1
-13.77,23.35,1.22,0.2,0.0527050209139325,0.161746188491061,0.282425455557142,0.362260806095086,0.447914192095696,0.610835766332464,0.0527050209139325,0.161746188491061,0.282425455557142,0.362260806095086,0.447914192095696,0.610835766332464,0.0527050209139325,0.161746188491061,0.282425455557142,0.362260806095086,0.447914192095696,0.610835766332464,0.75,1
-14.49,12.746,1.30128,0.2,0.0572108877492928,0.156776150073617,0.27047307569943,0.407752382642096,0.546059728731279,0.721616807591494,0.0572108877492928,0.156776150073617,0.27047307569943,0.407752382642096,0.546059728731279,0.721616807591494,0.0572108877492928,0.156776150073617,0.27047307569943,0.407752382642096,0.546059728731279,0.721616807591494,0.75,1
0.0899999999999999,24.714,1.14512,0.2,0.0457684355155034,0.141924028022857,0.218433864694007,0.333908247384352,0.463402635153989,0.636777144495447,0.0457684355155034,0.141924028022857,0.218433864694007,0.333908247384352,0.463402635153989,0.636777144495447,0.0457684355155034,0.141924028022857,0.218433864694007,0.333908247384352,0.463402635153989,0.636777144495447,0.75,1
8.13,24.802,1.1208,0.2,0.0558063000431184,0.204165422157253,0.333950748180595,0.456769529297178,0.608019163622253,0.77859196889654,0.0558063000431184,0.204165422157253,0.333950748180595,0.456769529297178,0.608019163622253,0.77859196889654,0.0558063000431184,0.204165422157253,0.333950748180595,0.456769529297178,0.608019163622253,0.77859196889654,0.75,1
2.97,19.038,1.36976,0.2,0.0510952102834458,0.163334574078557,0.2719386239405,0.370667363648922,0.502281234268788,0.63473544491787,0.0510952102834458,0.163334574078557,0.2719386239405,0.370667363648922,0.502281234268788,0.63473544491787,0.0510952102834458,0.163334574078557,0.2719386239405,0.370667363648922,0.502281234268788,0.63473544491787,0.75,1
2.31,22.998,1.16816,0.2,0.0486746114830613,0.1742144641688,0.336743946783843,0.438308213997776,0.545644929626193,0.639775228837138,0.0486746114830613,0.1742144641688,0.336743946783843,0.438308213997776,0.545644929626193,0.639775228837138,0.0486746114830613,0.1742144641688,0.336743946783843,0.438308213997776,0.545644929626193,0.639775228837138,0.75,1
-12.75,19.522,1.23728,0.2,0.0415857240746025,0.154296089846878,0.307612458048424,0.458873557472168,0.587054457637478,0.735095720137155,0.0415857240746025,0.154296089846878,0.307612458048424,0.458873557472168,0.587054457637478,0.735095720137155,0.0415857240746025,0.154296089846878,0.307612458048424,0.458873557472168,0.587054457637478,0.735095720137155,0.75,1
10.77,8.17,1.18544,0.2,0.0547325470494472,0.172070044525378,0.301265802077934,0.429407279659657,0.498951807268672,0.672907742661626,0.0547325470494472,0.172070044525378,0.301265802077934,0.429407279659657,0.498951807268672,0.672907742661626,0.0547325470494472,0.172070044525378,0.301265802077934,0.429407279659657,0.498951807268672,0.672907742661626,0.75,1
11.19,10.414,1.124,0.2,0.0588112271390715,0.171679591350288,0.280350856284047,0.410751429447981,0.521887195897455,0.564550208844043,0.0588112271390715,0.171679591350288,0.280350856284047,0.410751429447981,0.521887195897455,0.564550208844043,0.0588112271390715,0.171679591350288,0.280350856284047,0.410751429447981,0.521887195897455,0.564550208844043,0.75,1
11.25,12.35,1.3224,0.2,0.0508097461981377,0.149074513823428,0.240204081307672,0.314503749109818,0.468138733173075,0.656151843669714,0.0508097461981377,0.149074513823428,0.240204081307672,0.314503749109818,0.468138733173075,0.656151843669714,0.0508097461981377,0.149074513823428,0.240204081307672,0.314503749109818,0.468138733173075,0.656151843669714,0.75,1
0.51,24.142,1.27184,0.2,0.0547161281303115,0.18057656170779,0.300318559643397,0.371451805849263,0.51085290015534,0.624618132566716,0.0547161281303115,0.18057656170779,0.300318559643397,0.371451805849263,0.51085290015534,0.624618132566716,0.0547161281303115,0.18057656170779,0.300318559643397,0.371451805849263,0.51085290015534,0.624618132566716,0.75,1
-5.31,21.414,1.17968,0.2,0.0476848979772984,0.148275504335295,0.263177458936464,0.396714851143305,0.438332653145451,0.601247711438182,0.0476848979772984,0.148275504335295,0.263177458936464,0.396714851143305,0.438332653145451,0.601247711438182,0.0476848979772984,0.148275504335295,0.263177458936464,0.396714851143305,0.438332653145451,0.601247711438182,0.75,1
3.99,9.226,1.2328,0.2,0.0572669399673494,0.158005987348953,0.234270556874251,0.350982840618283,0.46483594051454,0.742221423242757,0.0572669399673494,0.158005987348953,0.234270556874251,0.350982840618283,0.46483594051454,0.742221423242757,0.0572669399673494,0.158005987348953,0.234270556874251,0.350982840618283,0.46483594051454,0.742221423242757,0.75,1
8.01,22.602,1.36336,0.2,0.0486363981632643,0.122800354269374,0.188025424536087,0.244660894354756,0.376860887505301,0.559334949066452,0.0486363981632643,0.122800354269374,0.188025424536087,0.244660894354756,0.376860887505301,0.559334949066452,0.0486363981632643,0.122800354269374,0.188025424536087,0.244660894354756,0.376860887505301,0.559334949066452,0.75,1
11.37,7.554,1.11824,0.2,0.0548144948912993,0.148213105764475,0.278040965087056,0.404443679408479,0.48337844143061,0.597614646762194,0.0548144948912993,0.148213105764475,0.278040965087056,0.404443679408479,0.48337844143061,0.597614646762194,0.0548144948912993,0.148213105764475,0.278040965087056,0.404443679408479,0.48337844143061,0.597614646762194,0.75,1
8.67,21.106,1.2968,0.2,0.0532631330881797,0.148930890457592,0.26725655158901,0.411965511738859,0.460147754050785,0.642186988617586,0.0532631330881797,0.148930890457592,0.26725655158901,0.411965511738859,0.460147754050785,0.642186988617586,0.0532631330881797,0.148930890457592,0.26725655158901,0.411965511738859,0.460147754050785,0.642186988617586,0.75,1
5.07,9.138,1.24944,0.2,0.0536465970396154,0.144494398227927,0.264496383467701,0.372063561376173,0.527179974039664,0.664913933458767,0.0536465970396154,0.144494398227927,0.264496383467701,0.372063561376173,0.527179974039664,0.664913933458767,0.0536465970396154,0.144494398227927,0.264496383467701,0.372063561376173,0.527179974039664,0.664913933458767,0.75,1
4.05,20.754,1.1848,0.2,0.0498422785052067,0.163988147159596,0.283589209360057,0.417866589278129,0.582497648706313,0.725752735451473,0.0498422785052067,0.163988147159596,0.283589209360057,0.417866589278129,0.582497648706313,0.725752735451473,0.0498422785052067,0.163988147159596,0.283589209360057,0.417866589278129,0.582497648706313,0.725752735451473,0.75,1
-12.09,16.97,1.30448,0.2,0.0471770326015538,0.150707803685754,0.306307682981746,0.405779908596333,0.563910621885486,0.727258094730256,0.0471770326015538,0.150707803685754,0.306307682981746,0.405779908596333,0.563910621885486,0.727258094730256,0.0471770326015538,0.150707803685754,0.306307682981746,0.405779908596333,0.563910621885486,0.727258094730256,0.75,1
-13.59,19.258,1.31344,0.2,0.0527025968035758,0.157679527164122,0.243567352060807,0.351781795190009,0.50793772012085,0.657739818994426,0.0527025968035758,0.157679527164122,0.243567352060807,0.351781795190009,0.50793772012085,0.657739818994426,0.0527025968035758,0.157679527164122,0.243567352060807,0.351781795190009,0.50793772012085,0.657739818994426,0.75,1
9.63,7.818,1.2488,0.2,0.0481499708699137,0.176811359060739,0.28565472029568,0.467744542847058,0.593408251922561,0.75247213107187,0.0481499708699137,0.176811359060739,0.28565472029568,0.467744542847058,0.593408251922561,0.75247213107187,0.0481499708699137,0.176811359060739,0.28565472029568,0.467744542847058,0.593408251922561,0.75247213107187,0.75,1
2.67,18.158,1.3256,0.2,0.0510692136794383,0.161700459213207,0.274422636657414,0.3585511498739,0.455596831773829,0.554204377019934,0.0510692136794383,0.161700459213207,0.274422636657414,0.3585511498739,0.455596831773829,0.554204377019934,0.0510692136794383,0.161700459213207,0.274422636657414,0.3585511498739,0.455596831773829,0.554204377019934,0.75,1
11.31,13.01,1.12848,0.2,0.0550789130860365,0.172520358799797,0.27504051522289,0.368847570099115,0.499114615595262,0.677940694426157,0.0550789130860365,0.172520358799797,0.27504051522289,0.368847570099115,0.499114615595262,0.677940694426157,0.0550789130860365,0.172520358799797,0.27504051522289,0.368847570099115,0.499114615595262,0.677940694426157,0.75,1
-13.05,3.902,1.22128,0.2,0.0510309622078354,0.156393141212068,0.278507785210617,0.42027740783652,0.541303271753366,0.756814762603901,0.0510309622078354,0.156393141212068,0.278507785210617,0.42027740783652,0.541303271753366,0.756814762603901,0.0510309622078354,0.156393141212068,0.278507785210617,0.42027740783652,0.541303271753366,0.756814762603901,0.75,1
-6.09,10.282,1.38576,0.2,0.0501795864025161,0.142544745952282,0.245977876575416,0.352959534771327,0.493480632585972,0.680028707079806,0.0501795864025161,0.142544745952282,0.245977876575416,0.352959534771327,0.493480632585972,0.680028707079806,0.0501795864025161,0.142544745952282,0.245977876575416,0.352959534771327,0.493480632585972,0.680028707079806,0.75,1
8.43,4.562,1.1048,0.2,0.0562654521091609,0.177681503907497,0.300986678881647,0.430758936062314,0.520865154563328,0.705805768144823,0.0562654521091609,0.177681503907497,0.300986678881647,0.430758936062314,0.520865154563328,0.705805768144823,0.0562654521091609,0.177681503907497,0.300986678881647,0.430758936062314,0.520865154563328,0.705805768144823,0.75,1
-12.15,13.802,1.13936,0.2,0.0593550032061213,0.177835133319139,0.276653032224085,0.44308341772232,0.537387159873839,0.614444444017721,0.0593550032061213,0.177835133319139,0.276653032224085,0.44308341772232,0.537387159873839,0.614444444017721,0.0593550032061213,0.177835133319139,0.276653032224085,0.44308341772232,0.537387159873839,0.614444444017721,0.75,1
10.95,10.062,1.4184,0.2,0.0500527887666613,0.166368864749034,0.287253714544277,0.388060422866607,0.483974584356468,0.606664006139572,0.0500527887666613,0.166368864749034,0.287253714544277,0.388060422866607,0.483974584356468,0.606664006139572,0.0500527887666613,0.166368864749034,0.287253714544277,0.388060422866607,0.483974584356468,0.606664006139572,0.75,1
-9.45,16.134,1.1464,0.2,0.0512814985869851,0.152991749295097,0.292499855190653,0.376368570504041,0.467383017738753,0.629150611732207,0.0512814985869851,0.152991749295097,0.292499855190653,0.376368570504041,0.467383017738753,0.629150611732207,0.0512814985869851,0.152991749295097,0.292499855190653,0.376368570504041,0.467383017738753,0.629150611732207,0.75,1
1.95,4.21,1.27248,0.2,0.0592868840803472,0.177667602408651,0.275370445801749,0.400952857885861,0.502750296958609,0.641615249229685,0.0592868840803472,0.177667602408651,0.275370445801749,0.400952857885861,0.502750296958609,0.641615249229685,0.0592868840803472,0.177667602408651,0.275370445801749,0.400952857885861,0.502750296958609,0.641615249229685,0.75,1
-3.63,10.766,1.32752,0.2,0.0579882147959603,0.16176252015702,0.282509628618796,0.402576755150238,0.514509584806664,0.619866970644348,0.0579882147959603,0.16176252015702,0.282509628618796,0.402576755150238,0.514509584806664,0.619866970644348,0.0579882147959603,0.16176252015702,0.282509628618796,0.402576755150238,0.514509584806664,0.619866970644348,0.75,1
12.75,14.022,1.31408,0.2,0.0553783837121728,0.156287023711599,0.222461774835962,0.345314950249389,0.389762775252603,0.580419726444436,0.0553783837121728,0.156287023711599,0.222461774835962,0.345314950249389,0.389762775252603,0.580419726444436,0.0553783837121728,0.156287023711599,0.222461774835962,0.345314950249389,0.389762775252603,0.580419726444436,0.75,1
-11.31,19.17,1.2072,0.2,0.060774995439228,0.179134291595755,0.323171186374486,0.425025429907811,0.533573575811931,0.746723026492341,0.060774995439228,0.179134291595755,0.323171186374486,0.425025429907811,0.533573575811931,0.746723026492341,0.060774995439228,0.179134291595755,0.323171186374486,0.425025429907811,0.533573575811931,0.746723026492341,0.75,1
4.95,9.578,1.32688,0.2,0.0511461640847571,0.164058365980447,0.284884859409938,0.355885376946097,0.4741125777973,0.603825286652823,0.0511461640847571,0.164058365980447,0.284884859409938,0.355885376946097,0.4741125777973,0.603825286652823,0.0511461640847571,0.164058365980447,0.284884859409938,0.355885376946097,0.4741125777973,0.603825286652823,0.75,1
5.91,16.794,1.14192,0.2,0.0576181591034785,0.150952902561207,0.265206617912474,0.395182348496671,0.516721781685301,0.686404198603098,0.0576181591034785,0.150952902561207,0.265206617912474,0.395182348496671,0.516721781685301,0.686404198603098,0.0576181591034785,0.150952902561207,0.265206617912474,0.395182348496671,0.516721781685301,0.686404198603098,0.75,1
-11.91,17.586,1.31152,0.2,0.0513768635995846,0.164662762753732,0.276496811804323,0.414711773025797,0.546012181147967,0.70332033132999,0.0513768635995846,0.164662762753732,0.276496811804323,0.414711773025797,0.546012181147967,0.70332033132999,0.0513768635995846,0.164662762753732,0.276496811804323,0.414711773025797,0.546012181147967,0.70332033132999,0.75,1
9.93,3.066,1.3768,0.2,0.053664125296098,0.146397773883417,0.273339814707562,0.459002460328696,0.613812685329373,0.740476464045918,0.053664125296098,0.146397773883417,0.273339814707562,0.459002460328696,0.613812685329373,0.740476464045918,0.053664125296098,0.146397773883417,0.273339814707562,0.459002460328696,0.613812685329373,0.740476464045918,0.75,1
9.75,4.122,1.20144,0.2,0.0500000065838679,0.168213611476701,0.25716418282749,0.361501251189541,0.457006128978488,0.61394245094861,0.0500000065838679,0.168213611476701,0.25716418282749,0.361501251189541,0.457006128978488,0.61394245094861,0.0500000065838679,0.168213611476701,0.25716418282749,0.361501251189541,0.457006128978488,0.61394245094861,0.75,1
4.71,10.722,1.21872,0.2,0.0510296697961961,0.184969900873332,0.299936077174076,0.436467699045792,0.575992560155395,0.793758539407143,0.0510296697961961,0.184969900873332,0.299936077174076,0.436467699045792,0.575992560155395,0.793758539407143,0.0510296697961961,0.184969900873332,0.299936077174076,0.436467699045792,0.575992560155395,0.793758539407143,0.75,1
14.43,19.566,1.1112,0.2,0.0643170604472499,0.185156849294058,0.298031054737199,0.430847102514759,0.51960760305415,0.635614619716559,0.0643170604472499,0.185156849294058,0.298031054737199,0.430847102514759,0.51960760305415,0.635614619716559,0.0643170604472499,0.185156849294058,0.298031054737199,0.430847102514759,0.51960760305415,0.635614619716559,0.75,1
13.71,16.266,1.28976,0.2,0.0528560315457678,0.162858448189833,0.289458608925585,0.419123105681075,0.522879928964031,0.586212898793533,0.0528560315457678,0.162858448189833,0.289458608925585,0.419123105681075,0.522879928964031,0.586212898793533,0.0528560315457678,0.162858448189833,0.289458608925585,0.419123105681075,0.522879928964031,0.586212898793533,0.75,1
-4.35,9.49,1.29616,0.2,0.0531047959027454,0.146829146527984,0.234552497780546,0.352769767961111,0.471750096757336,0.677675506203288,0.0531047959027454,0.146829146527984,0.234552497780546,0.352769767961111,0.471750096757336,0.677675506203288,0.0531047959027454,0.146829146527984,0.234552497780546,0.352769767961111,0.471750096757336,0.677675506203288,0.75,1
-6.81,24.362,1.10864,0.2,0.0643363381121327,0.228714753981485,0.375992276662679,0.586798530752247,0.704351334408183,0.844227015327474,0.0643363381121327,0.228714753981485,0.375992276662679,0.586798530752247,0.704351334408183,0.844227015327474,0.0643363381121327,0.228714753981485,0.375992276662679,0.586798530752247,0.704351334408183,0.844227015327474,1,1
-4.17,22.25,1.31024,0.2,0.0814094546345825,0.211422392906295,0.370980861161686,0.487632951052688,0.691097325698692,0.971401882040195,0.0814094546345825,0.211422392906295,0.370980861161686,0.487632951052688,0.691097325698692,0.971401882040195,0.0814094546345825,0.211422392906295,0.370980861161686,0.487632951052688,0.691097325698692,0.971401882040195,1,1
4.17,9.534,1.13744,0.2,0.0590627406814716,0.212985125385383,0.397811159171511,0.514716951316736,0.656433872729526,0.818200043025978,0.0590627406814716,0.212985125385383,0.397811159171511,0.514716951316736,0.656433872729526,0.818200043025978,0.0590627406814716,0.212985125385383,0.397811159171511,0.514716951316736,0.656433872729526,0.818200043025978,1,1
2.49,21.238,1.11184,0.2,0.0701617232194992,0.203755077367464,0.342488850477098,0.530725693741668,0.735411743755643,0.929935261899869,0.0701617232194992,0.203755077367464,0.342488850477098,0.530725693741668,0.735411743755643,0.929935261899869,0.0701617232194992,0.203755077367464,0.342488850477098,0.530725693741668,0.735411743755643,0.929935261899869,1,1
-3.33,24.45,1.33456,0.2,0.0765816008099668,0.243343766202224,0.392447122570907,0.538780384698185,0.637609008930442,0.904229283976757,0.0765816008099668,0.243343766202224,0.392447122570907,0.538780384698185,0.637609008930442,0.904229283976757,0.0765816008099668,0.243343766202224,0.392447122570907,0.538780384698185,0.637609008930442,0.904229283976757,1,1
4.41,9.094,1.40752,0.2,0.0880300466806501,0.223494914207946,0.328248515901438,0.434500430163453,0.53871164916446,0.662582665901777,0.0880300466806501,0.223494914207946,0.328248515901438,0.434500430163453,0.53871164916446,0.662582665901777,0.0880300466806501,0.223494914207946,0.328248515901438,0.434500430163453,0.53871164916446,0.662582665901777,1,1
-3.93,5.838,1.31088,0.2,0.0727135971408163,0.233996190270508,0.361944364364634,0.51025544308364,0.684695664351565,0.988073877790109,0.0727135971408163,0.233996190270508,0.361944364364634,0.51025544308364,0.684695664351565,0.988073877790109,0.0727135971408163,0.233996190270508,0.361944364364634,0.51025544308364,0.684695664351565,0.988073877790109,1,1
11.49,7.774,1.10544,0.2,0.059976440125187,0.24927317581628,0.462115256022861,0.59491380546198,0.804840945739789,1,0.059976440125187,0.24927317581628,0.462115256022861,0.59491380546198,0.804840945739789,1,0.059976440125187,0.24927317581628,0.462115256022861,0.59491380546198,0.804840945739789,1,1,1
12.99,17.63,1.2872,0.2,0.0768375880864245,0.246557781715872,0.369054444082229,0.425953979304091,0.621355521233966,0.778542701969677,0.0768375880864245,0.246557781715872,0.369054444082229,0.425953979304091,0.621355521233966,0.778542701969677,0.0768375880864245,0.246557781715872,0.369054444082229,0.425953979304091,0.621355521233966,0.778542701969677,1,1
-12.93,3.77,1.32176,0.2,0.0660543878357157,0.241987242893307,0.391855954973499,0.580113893388689,0.815002804161075,1,0.0660543878357157,0.241987242893307,0.391855954973499,0.580113893388689,0.815002804161075,1,0.0660543878357157,0.241987242893307,0.391855954973499,0.580113893388689,0.815002804161075,1,1,1
3.21,19.654,1.34352,0.2,0.0715119551468936,0.166417771063194,0.262143355280182,0.375074006881332,0.559149307892279,0.756216901789397,0.0715119551468936,0.166417771063194,0.262143355280182,0.375074006881332,0.559149307892279,0.756216901789397,0.0715119551468936,0.166417771063194,0.262143355280182,0.375074006881332,0.559149307892279,0.756216901789397,1,1
5.01,6.102,1.3992,0.2,0.0724067857821197,0.238600092546588,0.375196665997095,0.613011461999526,0.776207824923274,1,0.0724067857821197,0.238600092546588,0.375196665997095,0.613011461999526,0.776207824923274,1,0.0724067857821197,0.238600092546588,0.375196665997095,0.613011461999526,0.776207824923274,1,1,1
13.53,13.23,1.3352,0.2,0.0731740092019655,0.22935029174885,0.39582866726641,0.546338507690111,0.70740052573656,0.906805293506316,0.0731740092019655,0.22935029174885,0.39582866726641,0.546338507690111,0.70740052573656,0.906805293506316,0.0731740092019655,0.22935029174885,0.39582866726641,0.546338507690111,0.70740052573656,0.906805293506316,1,1
-5.55,10.018,1.41392,0.2,0.0777355187309865,0.232168895443678,0.40577284586956,0.589210581631948,0.772191447905115,1,0.0777355187309865,0.232168895443678,0.40577284586956,0.589210581631948,0.772191447905115,1,0.0777355187309865,0.232168895443678,0.40577284586956,0.589210581631948,0.772191447905115,1,1,1
-12.39,14.462,1.37424,0.2,0.0703574308829447,0.192657452285159,0.337826797321323,0.509853355011919,0.683403805910314,0.882620868589679,0.0703574308829447,0.192657452285159,0.337826797321323,0.509853355011919,0.683403805910314,0.882620868589679,0.0703574308829447,0.192657452285159,0.337826797321323,0.509853355011919,0.683403805910314,0.882620868589679,1,1
-5.97,9.798,1.23344,0.2,0.0617633654634828,0.185362074272043,0.333414403436497,0.450985696151828,0.55976005336956,0.814856381715699,0.0617633654634828,0.185362074272043,0.333414403436497,0.450985696151828,0.55976005336956,0.814856381715699,0.0617633654634828,0.185362074272043,0.333414403436497,0.450985696151828,0.55976005336956,0.814856381715699,1,1
-3.87,11.778,1.33712,0.2,0.0634503090822349,0.223667373911897,0.342477886993363,0.456779648233561,0.624968222156474,0.79239942075067,0.0634503090822349,0.223667373911897,0.342477886993363,0.456779648233561,0.624968222156474,0.79239942075067,0.0634503090822349,0.223667373911897,0.342477886993363,0.456779648233561,0.624968222156474,0.79239942075067,1,1
-11.49,5.574,1.10288,0.2,0.0756334647207643,0.212991146376749,0.385917774440347,0.596108860807184,0.785925305814695,1,0.0756334647207643,0.212991146376749,0.385917774440347,0.596108860807184,0.785925305814695,1,0.0756334647207643,0.212991146376749,0.385917774440347,0.596108860807184,0.785925305814695,1,1,1
-11.67,21.194,1.36848,0.2,0.0650222153929747,0.224070897177242,0.332354840377293,0.510772913202372,0.619675258574158,0.75477343555544,0.0650222153929747,0.224070897177242,0.332354840377293,0.510772913202372,0.619675258574158,0.75477343555544,0.0650222153929747,0.224070897177242,0.332354840377293,0.510772913202372,0.619675258574158,0.75477343555544,1,1
-14.55,12.394,1.15344,0.2,0.0723591157369919,0.181103827152722,0.356232128956621,0.478957089683364,0.601131009868602,0.709437385997445,0.0723591157369919,0.181103827152722,0.356232128956621,0.478957089683364,0.601131009868602,0.709437385997445,0.0723591157369919,0.181103827152722,0.356232128956621,0.478957089683364,0.601131009868602,0.709437385997445,1,1
-0.0299999999999994,24.934,1.14576,0.2,0.079290219146046,0.255812878647006,0.391492917893081,0.555931520558712,0.688945823226963,0.836080445400941,0.079290219146046,0.255812878647006,0.391492917893081,0.555931520558712,0.688945823226963,0.836080445400941,0.079290219146046,0.255812878647006,0.391492917893081,0.555931520558712,0.688945823226963,0.836080445400941,1,1
12.57,6.498,1.26672,0.2,0.0797177177300648,0.21530014598241,0.425049633620099,0.570719540446055,0.709096432037263,0.887782310675205,0.0797177177300648,0.21530014598241,0.425049633620099,0.570719540446055,0.709096432037263,0.887782310675205,0.0797177177300648,0.21530014598241,0.425049633620099,0.570719540446055,0.709096432037263,0.887782310675205,1,1
3.93,15.43,1.26928,0.2,0.0685269598753252,0.17732572362873,0.323585116186235,0.359871736651173,0.510257608693821,0.71941308020883,0.0685269598753252,0.17732572362873,0.323585116186235,0.359871736651173,0.510257608693821,0.71941308020883,0.0685269598753252,0.17732572362873,0.323585116186235,0.359871736651173,0.510257608693821,0.71941308020883,1,1
8.07,8.918,1.18608,0.2,0.0741784892446943,0.231165584027141,0.416611180941811,0.526867025750617,0.667013683744166,0.833163047364927,0.0741784892446943,0.231165584027141,0.416611180941811,0.526867025750617,0.667013683744166,0.833163047364927,0.0741784892446943,0.231165584027141,0.416611180941811,0.526867025750617,0.667013683744166,0.833163047364927,1,1
-10.29,3.022,1.3192,0.2,0.0761880149826067,0.222385359989613,0.382032052704103,0.586676518051432,0.665109820184429,0.804704258334072,0.0761880149826067,0.222385359989613,0.382032052704103,0.586676518051432,0.665109820184429,0.804704258334072,0.0761880149826067,0.222385359989613,0.382032052704103,0.586676518051432,0.665109820184429,0.804704258334072,1,1
-0.989999999999998,8.742,1.32304,0.2,0.0794453514386507,0.237422010424695,0.380340060273346,0.60999900470482,0.763238888488641,0.935762443016938,0.0794453514386507,0.237422010424695,0.380340060273346,0.60999900470482,0.763238888488641,0.935762443016938,0.0794453514386507,0.237422010424695,0.380340060273346,0.60999900470482,0.763238888488641,0.935762443016938,1,1
12.21,24.098,1.35696,0.2,0.0731432491114262,0.210262376390864,0.331202981960423,0.463077669512868,0.566618236452565,0.748622016245761,0.0731432491114262,0.210262376390864,0.331202981960423,0.463077669512868,0.566618236452565,0.748622016245761,0.0731432491114262,0.210262376390864,0.331202981960423,0.463077669512868,0.566618236452565,0.748622016245761,1,1
-0.0899999999999999,3.682,1.24048,0.2,0.0713467643506932,0.201644789569885,0.342186744557802,0.544665120138087,0.76354256908157,1,0.0713467643506932,0.201644789569885,0.342186744557802,0.544665120138087,0.76354256908157,1,0.0713467643506932,0.201644789569885,0.342186744557802,0.544665120138087,0.76354256908157,1,1,1
5.61,19.874,1.10032,0.2,0.0703798445414753,0.239631273919689,0.42926951091492,0.590392627973907,0.74514352877882,0.935198386658499,0.0703798445414753,0.239631273919689,0.42926951091492,0.590392627973907,0.74514352877882,0.935198386658499,0.0703798445414753,0.239631273919689,0.42926951091492,0.590392627973907,0.74514352877882,0.935198386658499,1,1
10.53,21.854,1.34032,0.2,0.0653227828549737,0.220889210575294,0.362508648873514,0.57107100296354,0.640489796649692,0.75623130037203,0.0653227828549737,0.220889210575294,0.362508648873514,0.57107100296354,0.640489796649692,0.75623130037203,0.0653227828549737,0.220889210575294,0.362508648873514,0.57107100296354,0.640489796649692,0.75623130037203,1,1
9.81,16.398,1.108,0.2,0.0741239693340855,0.21830351162364,0.298117282097603,0.413492277292889,0.561699268841287,0.845557892143351,0.0741239693340855,0.21830351162364,0.298117282097603,0.413492277292889,0.561699268841287,0.845557892143351,0.0741239693340855,0.21830351162364,0.298117282097603,0.413492277292889,0.561699268841287,0.845557892143351,1,1
6.27,9.05,1.19888,0.2,0.0710299734439891,0.203469328647884,0.367020134446293,0.463784622136676,0.647330146881314,0.850324560027594,0.0710299734439891,0.203469328647884,0.367020134446293,0.463784622136676,0.647330146881314,0.850324560027594,0.0710299734439891,0.203469328647884,0.367020134446293,0.463784622136676,0.647330146881314,0.850324560027594,1,1
-11.25,18.202,1.38384,0.2,0.0672102381618283,0.228477057982987,0.402912262739139,0.509383105476551,0.741620333663762,0.929353760623911,0.0672102381618283,0.228477057982987,0.402912262739139,0.509383105476551,0.741620333663762,0.929353760623911,0.0672102381618283,0.228477057982987,0.402912262739139,0.509383105476551,0.741620333663762,0.929353760623911,1,1
-11.61,7.202,1.21296,0.2,0.071633974013716,0.24962298644757,0.40628499507326,0.533790883019451,0.669688324834825,0.87017003686089,0.071633974013716,0.24962298644757,0.40628499507326,0.533790883019451,0.669688324834825,0.87017003686089,0.071633974013716,0.24962298644757,0.40628499507326,0.533790883019451,0.669688324834825,0.87017003686089,1,1
6.63,20.006,1.18992,0.2,0.0678749477526453,0.197448685510193,0.281754358756469,0.459055684304621,0.651216320442692,0.843478938953988,0.0678749477526453,0.197448685510193,0.281754358756469,0.459055684304621,0.651216320442692,0.843478938953988,0.0678749477526453,0.197448685510193,0.281754358756469,0.459055684304621,0.651216320442692,0.843478938953988,1,1
6.39,13.098,1.15664,0.2,0.0720696164311367,0.21692935954056,0.380761115156718,0.509419439199903,0.622227988220493,0.801440671964174,0.0720696164311367,0.21692935954056,0.380761115156718,0.509419439199903,0.622227988220493,0.801440671964174,0.0720696164311367,0.21692935954056,0.380761115156718,0.509419439199903,0.622227988220493,0.801440671964174,1,1
-10.53,16.75,1.38832,0.2,0.0686861447629549,0.17668902072133,0.320267078452402,0.495109642140413,0.601334008940439,0.789201453666627,0.0686861447629549,0.17668902072133,0.320267078452402,0.495109642140413,0.601334008940439,0.789201453666627,0.0686861447629549,0.17668902072133,0.320267078452402,0.495109642140413,0.601334008940439,0.789201453666627,1,1
-5.79,5.002,1.2648,0.2,0.0698555095952018,0.24597240325712,0.390576076233705,0.503828464731802,0.667231368834657,0.899338134437762,0.0698555095952018,0.24597240325712,0.390576076233705,0.503828464731802,0.667231368834657,0.899338134437762,0.0698555095952018,0.24597240325712,0.390576076233705,0.503828464731802,0.667231368834657,0.899338134437762,1,1
12.39,20.798,1.3096,0.2,0.0685886113608204,0.226708927792874,0.34686578693763,0.486949512035821,0.769068227972949,1,0.0685886113608204,0.226708927792874,0.34686578693763,0.486949512035821,0.769068227972949,1,0.0685886113608204,0.226708927792874,0.34686578693763,0.486949512035821,0.769068227972949,1,1,1
-2.73,15.562,1.32624,0.2,0.0711949822833765,0.243405553845382,0.425521798239922,0.617155067994808,0.827199761041967,1,0.0711949822833765,0.243405553845382,0.425521798239922,0.617155067994808,0.827199761041967,1,0.0711949822833765,0.243405553845382,0.425521798239922,0.617155067994808,0.827199761041967,1,1,1
-14.19,9.886,1.40432,0.2,0.0602227081096714,0.187394930749017,0.332457045806717,0.42280631594815,0.603408913229886,0.805521728006673,0.0602227081096714,0.187394930749017,0.332457045806717,0.42280631594815,0.603408913229886,0.805521728006673,0.0602227081096714,0.187394930749017,0.332457045806717,0.42280631594815,0.603408913229886,0.805521728006673,1,1
-1.47,15.958,1.348,0.2,0.0588529040528665,0.187658854784154,0.322351575088275,0.524598379645924,0.75027364710768,0.869462581255523,0.0588529040528665,0.187658854784154,0.322351575088275,0.524598379645924,0.75027364710768,0.869462581255523,0.0588529040528665,0.187658854784154,0.322351575088275,0.524598379645924,0.75027364710768,0.869462581255523,1,1
8.55,16.53,1.35888,0.2,0.0769676415406925,0.225904138472796,0.366502600773227,0.54812035991372,0.749435206936875,1,0.0769676415406925,0.225904138472796,0.366502600773227,0.54812035991372,0.749435206936875,1,0.0769676415406925,0.225904138472796,0.366502600773227,0.54812035991372,0.749435206936875,1,1,1
-6.99,9.006,1.20272,0.2,0.0686010094233866,0.188539271419667,0.326205860089962,0.479828780466775,0.594449330477836,0.70166315372606,0.0686010094233866,0.188539271419667,0.326205860089962,0.479828780466775,0.594449330477836,0.70166315372606,0.0686010094233866,0.188539271419667,0.326205860089962,0.479828780466775,0.594449330477836,0.70166315372606,1,1
8.91,12.878,1.4088,0.2,0.0689045215093065,0.172214048376865,0.39584193627701,0.575103423794938,0.666117686062996,0.90224369897652,0.0689045215093065,0.172214048376865,0.39584193627701,0.575103423794938,0.666117686062996,0.90224369897652,0.0689045215093065,0.172214048376865,0.39584193627701,0.575103423794938,0.666117686062996,0.90224369897652,1,1
-5.19,19.61,1.31216,0.2,0.0666521689401687,0.247917326122395,0.403918649023983,0.579559743626707,0.737204604824396,0.912547121711816,0.0666521689401687,0.247917326122395,0.403918649023983,0.579559743626707,0.737204604824396,0.912547121711816,0.0666521689401687,0.247917326122395,0.403918649023983,0.579559743626707,0.737204604824396,0.912547121711816,1,1
6.69,24.846,1.19568,0.2,0.0727395985594058,0.220558103293841,0.350419474753101,0.494572533013117,0.625547993513063,0.789043294485484,0.0727395985594058,0.220558103293841,0.350419474753101,0.494572533013117,0.625547993513063,0.789043294485484,0.0727395985594058,0.220558103293841,0.350419474753101,0.494572533013117,0.625547993513063,0.789043294485484,1,1
-14.85,6.454,1.25136,0.2,0.0656932030140443,0.26749236334472,0.441394330052304,0.606762345767774,0.808858976069304,0.987153889656282,0.0656932030140443,0.26749236334472,0.441394330052304,0.606762345767774,0.808858976069304,0.987153889656282,0.0656932030140443,0.26749236334472,0.441394330052304,0.606762345767774,0.808858976069304,0.987153889656282,1,1
-10.71,24.494,1.21488,0.2,0.0697049588063895,0.224725456299255,0.384084532314279,0.531128727198819,0.669760159844396,0.812927296339229,0.0697049588063895,0.224725456299255,0.384084532314279,0.531128727198819,0.669760159844396,0.812927296339229,0.0697049588063895,0.224725456299255,0.384084532314279,0.531128727198819,0.669760159844396,0.812927296339229,1,1
-3.69,10.326,1.38192,0.2,0.0696742782919327,0.204205862319244,0.349905197002989,0.466239431474675,0.675612702126111,0.913880462481707,0.0696742782919327,0.204205862319244,0.349905197002989,0.466239431474675,0.675612702126111,0.913880462481707,0.0696742782919327,0.204205862319244,0.349905197002989,0.466239431474675,0.675612702126111,0.913880462481707,1,1
-14.01,8.654,1.25712,0.2,0.0761682016736792,0.197766233011388,0.298066821343336,0.483788745542035,0.601950375563792,0.735667828876355,0.0761682016736792,0.197766233011388,0.298066821343336,0.483788745542035,0.601950375563792,0.735667828876355,0.0761682016736792,0.197766233011388,0.298066821343336,0.483788745542035,0.601950375563792,0.735667828876355,1,1
2.01,7.07,1.39984,0.2,0.0579536183884265,0.164441275128398,0.27691649433569,0.410185063355309,0.589877885695595,0.739948259670973,0.0579536183884265,0.164441275128398,0.27691649433569,0.410185063355309,0.589877885695595,0.739948259670973,0.0579536183884265,0.164441275128398,0.27691649433569,0.410185063355309,0.589877885695595,0.739948259670973,1,1
13.11,6.718,1.27504,0.2,0.0602612877792151,0.225690204132786,0.422120338402684,0.502038194471452,0.634398588119396,0.843332110479296,0.0602612877792151,0.225690204132786,0.422120338402684,0.502038194471452,0.634398588119396,0.843332110479296,0.0602612877792151,0.225690204132786,0.422120338402684,0.502038194471452,0.634398588119396,0.843332110479296,1,1
11.73,17.366,1.2264,0.2,0.0654991142971663,0.226219017076827,0.381436695171455,0.526830964761679,0.709772080519693,0.792448609649754,0.0654991142971663,0.226219017076827,0.381436695171455,0.526830964761679,0.709772080519693,0.792448609649754,0.0654991142971663,0.226219017076827,0.381436695171455,0.526830964761679,0.709772080519693,0.792448609649754,1,1
7.23,16.002,1.10928,0.2,0.0669268785565247,0.194639584954325,0.343507370068012,0.548210405529835,0.661219412391246,0.917570063680973,0.0669268785565247,0.194639584954325,0.343507370068012,0.548210405529835,0.661219412391246,0.917570063680973,0.0669268785565247,0.194639584954325,0.343507370068012,0.548210405529835,0.661219412391246,0.917570063680973,1,1
-8.73,18.422,1.4152,0.2,0.0649882847814097,0.212979395981554,0.343902828950518,0.473277447172382,0.614028215460044,0.788388316354706,0.0649882847814097,0.212979395981554,0.343902828950518,0.473277447172382,0.614028215460044,0.788388316354706,0.0649882847814097,0.212979395981554,0.343902828950518,0.473277447172382,0.614028215460044,0.788388316354706,1,1
10.47,14.77,1.10992,0.2,0.078566042020815,0.210174674060809,0.358694244423689,0.499249507675178,0.638148823101193,0.94668586113814,0.078566042020815,0.210174674060809,0.358694244423689,0.499249507675178,0.638148823101193,0.94668586113814,0.078566042020815,0.210174674060809,0.358694244423689,0.499249507675178,0.638148823101193,0.94668586113814,1,1
-2.49,3.638,1.22896,0.2,0.0673789364582629,0.218912128511536,0.357995642454515,0.566366405834784,0.750341616232308,0.973677609662541,0.0673789364582629,0.218912128511536,0.357995642454515,0.566366405834784,0.750341616232308,0.973677609662541,0.0673789364582629,0.218912128511536,0.357995642454515,0.566366405834784,0.750341616232308,0.973677609662541,1,1
-2.43,15.386,1.20592,0.2,0.0691909909691224,0.194542667184346,0.395146028368063,0.552239251247019,0.725211577174185,0.911334603765769,0.0691909909691224,0.194542667184346,0.395146028368063,0.552239251247019,0.725211577174185,0.911334603765769,0.0691909909691224,0.194542667184346,0.395146028368063,0.552239251247019,0.725211577174185,0.911334603765769,1,1
0.57,20.446,1.34608,0.2,0.0844319915029444,0.226119223362254,0.397099867258361,0.52382474126561,0.69672798170583,0.954963904589263,0.0844319915029444,0.226119223362254,0.397099867258361,0.52382474126561,0.69672798170583,0.954963904589263,0.0844319915029444,0.226119223362254,0.397099867258361,0.52382474126561,0.69672798170583,0.954963904589263,1,1
-13.95,13.186,1.1912,0.2,0.0659016466334137,0.223990666058009,0.417045296023072,0.556655123498365,0.673039765908637,0.940729379578834,0.0659016466334137,0.223990666058009,0.417045296023072,0.556655123498365,0.673039765908637,0.940729379578834,0.0659016466334137,0.223990666058009,0.417045296023072,0.556655123498365,0.673039765908637,0.940729379578834,1,1
-9.99,21.59,1.41648,0.2,0.0593650723910473,0.197539258938044,0.373120984332478,0.502425136541705,0.627093169068224,0.792563099237464,0.0593650723910473,0.197539258938044,0.373120984332478,0.502425136541705,0.627093169068224,0.792563099237464,0.0593650723910473,0.197539258938044,0.373120984332478,0.502425136541705,0.627093169068224,0.792563099237464,1,1
-9.69,5.178,1.1016,0.2,0.0649865455742179,0.23567390954905,0.30771486812745,0.430125330308241,0.588423173474683,0.874954180877397,0.0649865455742179,0.23567390954905,0.30771486812745,0.430125330308241,0.588423173474683,0.874954180877397,0.0649865455742179,0.23567390954905,0.30771486812745,0.430125330308241,0.588423173474683,0.874954180877397,1,1
13.05,22.734,1.12976,0.2,0.0778284230265525,0.242459739645235,0.414713110651357,0.533849751995801,0.674217990775769,0.885821737486592,0.0778284230265525,0.242459739645235,0.414713110651357,0.533849751995801,0.674217990775769,0.885821737486592,0.0778284230265525,0.242459739645235,0.414713110651357,0.533849751995801,0.674217990775769,0.885821737486592,1,1
-4.65,14.99,1.12336,0.2,0.0668227235202224,0.244534181557455,0.366780037585183,0.460487311394751,0.657398600360654,0.841402914126243,0.0668227235202224,0.244534181557455,0.366780037585183,0.460487311394751,0.657398600360654,0.841402914126243,0.0668227235202224,0.244534181557455,0.366780037585183,0.460487311394751,0.657398600360654,0.841402914126243,1,1
-7.35,12.834,1.17328,0.2,0.0728187709063405,0.23280549395134,0.476369421832782,0.629615654878664,0.735287722556178,0.894557580202205,0.0728187709063405,0.23280549395134,0.476369421832782,0.629615654878664,0.735287722556178,0.894557580202205,0.0728187709063405,0.23280549395134,0.476369421832782,0.629615654878664,0.735287722556178,0.894557580202205,1,1
-13.29,12.438,1.23856,0.2,0.0703304477284395,0.200840012132965,0.339075276539865,0.423211439538173,0.616234014750771,0.718281697555645,0.0703304477284395,0.200840012132965,0.339075276539865,0.423211439538173,0.616234014750771,0.718281697555645,0.0703304477284395,0.200840012132965,0.339075276539865,0.423211439538173,0.616234014750771,0.718281697555645,1,1
-1.59,13.978,1.10416,0.2,0.0612137805297757,0.213785336764057,0.338698790481205,0.438340725566316,0.559237025227834,0.806712531158902,0.0612137805297757,0.213785336764057,0.338698790481205,0.438340725566316,0.559237025227834,0.806712531158902,0.0612137805297757,0.213785336764057,0.338698790481205,0.438340725566316,0.559237025227834,0.806712531158902,1,1
-5.13,9.842,1.25584,0.2,0.0803402799232021,0.237924231976921,0.388046599851473,0.593281405653033,0.715221280741198,0.739933190044088,0.0803402799232021,0.237924231976921,0.388046599851473,0.593281405653033,0.715221280741198,0.739933190044088,0.0803402799232021,0.237924231976921,0.388046599851473,0.593281405653033,0.715221280741198,0.739933190044088,1,1
3.15,7.73,1.30064,0.2,0.0650668752312015,0.216006715126604,0.389131545775717,0.592219409754483,0.763534386024677,0.956458247557494,0.0650668752312015,0.216006715126604,0.389131545775717,0.592219409754483,0.763534386024677,0.956458247557494,0.0650668752312015,0.216006715126604,0.389131545775717,0.592219409754483,0.763534386024677,0.956458247557494,1,1
-4.23,12.57,1.31664,0.2,0.0633332327531474,0.230293198918454,0.414786114227547,0.520358156848156,0.698087162035035,0.869258342919853,0.0633332327531474,0.230293198918454,0.414786114227547,0.520358156848156,0.698087162035035,0.869258342919853,0.0633332327531474,0.230293198918454,0.414786114227547,0.520358156848156,0.698087162035035,0.869258342919853,1,1
-10.17,6.234,1.16688,0.2,0.0669588759981147,0.219618052275736,0.344093845594103,0.487357811810597,0.616891277386612,0.906273135907139,0.0669588759981147,0.219618052275736,0.344093845594103,0.487357811810597,0.616891277386612,0.906273135907139,0.0669588759981147,0.219618052275736,0.344093845594103,0.487357811810597,0.616891277386612,0.906273135907139,1,1
-14.13,18.818,1.19952,0.2,0.076544296173512,0.191049391106986,0.283554201811814,0.382917073429808,0.5098645360124,0.690231031325639,0.076544296173512,0.191049391106986,0.283554201811814,0.382917073429808,0.5098645360124,0.690231031325639,0.076544296173512,0.191049391106986,0.283554201811814,0.382917073429808,0.5098645360124,0.690231031325639,1,1
11.13,16.486,1.35568,0.2,0.0821240838462039,0.241389435282662,0.390518009587906,0.574393831447589,0.681324769944343,0.896296970371637,0.0821240838462039,0.241389435282662,0.390518009587906,0.574393831447589,0.681324769944343,0.896296970371637,0.0821240838462039,0.241389435282662,0.390518009587906,0.574393831447589,0.681324769944343,0.896296970371637,1,1
13.29,16.882,1.29808,0.2,0.0561124313910026,0.203031296158754,0.337974588313244,0.536052247435165,0.737595293826697,0.910411439832122,0.0561124313910026,0.203031296158754,0.337974588313244,0.536052247435165,0.737595293826697,0.910411439832122,0.0561124313910026,0.203031296158754,0.337974588313244,0.536052247435165,0.737595293826697,0.910411439832122,1,1
14.25,10.458,1.17776,0.2,0.0796074302244799,0.238686122419444,0.362761871246844,0.549380530976591,0.719756303088659,0.933770213589612,0.0796074302244799,0.238686122419444,0.362761871246844,0.549380530976591,0.719756303088659,0.933770213589612,0.0796074302244799,0.238686122419444,0.362761871246844,0.549380530976591,0.719756303088659,0.933770213589612,1,1
14.07,18.114,1.1752,0.2,0.0716787563793662,0.206185783520852,0.402567027325267,0.553058331612236,0.654952182065403,0.815725886798242,0.0716787563793662,0.206185783520852,0.402567027325267,0.553058331612236,0.654952182065403,0.815725886798242,0.0716787563793662,0.206185783520852,0.402567027325267,0.553058331612236,0.654952182065403,0.815725886798242,1,1
-4.89,14.242,1.34992,0.2,0.0742389065542852,0.209970493191562,0.323664520487799,0.43826994371463,0.525792254919943,0.643623883296022,0.0742389065542852,0.209970493191562,0.323664520487799,0.43826994371463,0.525792254919943,0.643623883296022,0.0742389065542852,0.209970493191562,0.323664520487799,0.43826994371463,0.525792254919943,0.643623883296022,1,1
8.37,11.69,1.3448,0.2,0.0670271567930878,0.208825331600613,0.400653491270591,0.59619457645272,0.750907560909873,0.956375618704663,0.0670271567930878,0.208825331600613,0.400653491270591,0.59619457645272,0.750907560909873,0.956375618704663,0.0670271567930878,0.208825331600613,0.400653491270591,0.59619457645272,0.750907560909873,0.956375618704663,1,1
14.91,18.906,1.41712,0.2,0.0746335467301908,0.203076500753178,0.394664702673682,0.545513720397431,0.779773454750368,0.897005223493614,0.0746335467301908,0.203076500753178,0.394664702673682,0.545513720397431,0.779773454750368,0.897005223493614,0.0746335467301908,0.203076500753178,0.394664702673682,0.545513720397431,0.779773454750368,0.897005223493614,1,1
5.67,4.782,1.14064,0.2,0.07174104278819,0.221096090372993,0.412960000816767,0.605349776177615,0.74171906334579,0.936029643312709,0.07174104278819,0.221096090372993,0.412960000816767,0.605349776177615,0.74171906334579,0.936029643312709,0.07174104278819,0.221096090372993,0.412960000816767,0.605349776177615,0.74171906334579,0.936029643312709,1,1
-7.17,5.882,1.18032,0.2,0.0687753977223371,0.229432533685016,0.397093699538456,0.511189398878381,0.681457647063111,0.816206080842536,0.0687753977223371,0.229432533685016,0.397093699538456,0.511189398878381,0.681457647063111,0.816206080842536,0.0687753977223371,0.229432533685016,0.397093699538456,0.511189398878381,0.681457647063111,0.816206080842536,1,1
-0.57,3.154,1.2584,0.2,0.0682346605964572,0.207335275706854,0.364913631066086,0.487039771490579,0.597565966156135,0.802185859407723,0.0682346605964572,0.207335275706854,0.364913631066086,0.487039771490579,0.597565966156135,0.802185859407723,0.0682346605964572,0.207335275706854,0.364913631066086,0.487039771490579,0.597565966156135,0.802185859407723,1,1
-10.11,22.822,1.13808,0.2,0.072522476132593,0.235436070735361,0.43235133243866,0.60775827679547,0.7363088232568,0.850283570744065,0.072522476132593,0.235436070735361,0.43235133243866,0.60775827679547,0.7363088232568,0.850283570744065,0.072522476132593,0.235436070735361,0.43235133243866,0.60775827679547,0.7363088232568,0.850283570744065,1,1
1.47,18.95,1.20336,0.2,0.0742844388113073,0.206896261730403,0.331046642819815,0.514676360584503,0.615463066818355,0.766994632567534,0.0742844388113073,0.206896261730403,0.331046642819815,0.514676360584503,0.615463066818355,0.766994632567534,0.0742844388113073,0.206896261730403,0.331046642819815,0.514676360584503,0.615463066818355,0.766994632567534,1,1
4.47,14.55,1.33776,0.2,0.0684622084976597,0.218500582175045,0.322761052683189,0.436824723657369,0.635570432390424,0.900585015438127,0.0684622084976597,0.218500582175045,0.322761052683189,0.436824723657369,0.635570432390424,0.900585015438127,0.0684622084976597,0.218500582175045,0.322761052683189,0.436824723657369,0.635570432390424,0.900585015438127,1,1
-9.87,12.526,1.39408,0.2,0.0653914572622132,0.207377800304581,0.381101980703223,0.518060589926435,0.758802612996426,0.896026050405659,0.0653914572622132,0.207377800304581,0.381101980703223,0.518060589926435,0.758802612996426,0.896026050405659,0.0653914572622132,0.207377800304581,0.381101980703223,0.518060589926435,0.758802612996426,0.896026050405659,1,1
3.63,14.33,1.28912,0.2,0.0671250379467156,0.202689511873156,0.366808816058891,0.541991253820875,0.683230334562015,0.922029776523774,0.0671250379467156,0.202689511873156,0.366808816058891,0.541991253820875,0.683230334562015,0.922029776523774,0.0671250379467156,0.202689511873156,0.366808816058891,0.541991253820875,0.683230334562015,0.922029776523774,1,1
1.29,8.698,1.29744,0.2,0.0662885972837414,0.202724128771156,0.365312242929051,0.509486764578315,0.644202412056623,0.846177571019926,0.0662885972837414,0.202724128771156,0.365312242929051,0.509486764578315,0.644202412056623,0.846177571019926,0.0662885972837414,0.202724128771156,0.365312242929051,0.509486764578315,0.644202412056623,0.846177571019926,1,1
6.15,8.566,1.23216,0.2,0.0682784642624427,0.209842294049962,0.354964539371048,0.49360147022829,0.700328607251416,1,0.0682784642624427,0.209842294049962,0.354964539371048,0.49360147022829,0.700328607251416,1,0.0682784642624427,0.209842294049962,0.354964539371048,0.49360147022829,0.700328607251416,1,1,1
-2.79,9.754,1.26288,0.2,0.0627691216026838,0.21137504884731,0.379868585341251,0.572227613001648,0.706248252158936,0.866037080012635,0.0627691216026838,0.21137504884731,0.379868585341251,0.572227613001648,0.706248252158936,0.866037080012635,0.0627691216026838,0.21137504884731,0.379868585341251,0.572227613001648,0.706248252158936,0.866037080012635,1,1
-0.870000000000001,4.518,1.28592,0.2,0.0702773371508944,0.237326437444231,0.413774968573511,0.543253991850899,0.719793912626266,0.901731849838184,0.0702773371508944,0.237326437444231,0.413774968573511,0.543253991850899,0.719793912626266,0.901731849838184,0.0702773371508944,0.237326437444231,0.413774968573511,0.543253991850899,0.719793912626266,0.901731849838184,1,1
-1.29,23.746,1.31792,0.2,0.0777488186093728,0.224377567478037,0.341999156728481,0.470254948054221,0.599642217440083,0.730713252201409,0.0777488186093728,0.224377567478037,0.341999156728481,0.470254948054221,0.599642217440083,0.730713252201409,0.0777488186093728,0.224377567478037,0.341999156728481,0.470254948054221,0.599642217440083,0.730713252201409,1,1
7.35,10.854,1.12592,0.2,0.0855240388123932,0.226565761178835,0.346121139835208,0.507781811411383,0.632446978153923,0.891895370921059,0.0855240388123932,0.226565761178835,0.346121139835208,0.507781811411383,0.632446978153923,0.891895370921059,0.0855240388123932,0.226565761178835,0.346121139835208,0.507781811411383,0.632446978153923,0.891895370921059,1,1
2.85,7.29,1.30256,0.2,0.0646591272612348,0.20395519970998,0.363960923957165,0.509143733830171,0.726179174477151,1,0.0646591272612348,0.20395519970998,0.363960923957165,0.509143733830171,0.726179174477151,1,0.0646591272612348,0.20395519970998,0.363960923957165,0.509143733830171,0.726179174477151,1,1,1
12.87,6.366,1.19632,0.2,0.0799071600641574,0.228828587335738,0.317228358766674,0.53260603315958,0.694298851706688,0.934954029948949,0.0799071600641574,0.228828587335738,0.317228358766674,0.53260603315958,0.694298851706688,0.934954029948949,0.0799071600641574,0.228828587335738,0.317228358766674,0.53260603315958,0.694298851706688,0.934954029948949,1,1
-6.39,19.346,1.29232,0.2,0.0608761152306198,0.233995029701687,0.371569116363813,0.521179380106288,0.635598990167113,0.86642884858022,0.0608761152306198,0.233995029701687,0.371569116363813,0.521179380106288,0.635598990167113,0.86642884858022,0.0608761152306198,0.233995029701687,0.371569116363813,0.521179380106288,0.635598990167113,0.86642884858022,1,1
-10.59,17.938,1.14128,0.2,0.0691564299029345,0.207083404255947,0.389550408811649,0.58886281572205,0.662855958828037,0.831012416599868,0.0691564299029345,0.207083404255947,0.389550408811649,0.58886281572205,0.662855958828037,0.831012416599868,0.0691564299029345,0.207083404255947,0.389550408811649,0.58886281572205,0.662855958828037,0.831012416599868,1,1
-9.27,3.198,1.26544,0.2,0.0725377993156647,0.23155720747374,0.413336947443073,0.644139872813921,0.813088259983607,1,0.0725377993156647,0.23155720747374,0.413336947443073,0.644139872813921,0.813088259983607,1,0.0725377993156647,0.23155720747374,0.413336947443073,0.644139872813921,0.813088259983607,1,1,1
-0.81,11.206,1.17264,0.2,0.0629845564903258,0.202293300665581,0.361798166171606,0.566607408755967,0.698965166785773,0.902591190865542,0.0629845564903258,0.202293300665581,0.361798166171606,0.566607408755967,0.698965166785773,0.902591190865542,0.0629845564903258,0.202293300665581,0.361798166171606,0.566607408755967,0.698965166785773,0.902591190865542,1,1
